10:56:54.581 [background-preinit] INFO  o.h.validator.internal.util.Version - HV000001: Hibernate Validator 8.0.2.Final
10:56:54.621 [restartedMain] INFO  ir.TicketingSpringSample - Starting TicketingSpringSample using Java 17.0.12 with PID 13192 (D:\JAVA\MFT learning\projects\Spring\ticketing_spring_sample\target\classes started by arbab in D:\JAVA\MFT learning\projects\Spring\ticketing_spring_sample)
10:56:54.622 [restartedMain] INFO  ir.TicketingSpringSample - The following 1 profile is active: "dev"
10:56:54.673 [restartedMain] INFO  o.s.b.d.restart.ChangeableUrls - The Class-Path manifest attribute in C:\Users\arbab\.m2\repository\com\oracle\database\jdbc\ojdbc11\21.9.0.0\ojdbc11-21.9.0.0.jar referenced one or more files that do not exist: file:/C:/Users/arbab/.m2/repository/com/oracle/database/jdbc/ojdbc11/21.9.0.0/oraclepki.jar
10:56:54.673 [restartedMain] INFO  o.s.b.d.e.DevToolsPropertyDefaultsPostProcessor - Devtools property defaults active! Set 'spring.devtools.add-properties' to 'false' to disable
10:56:54.674 [restartedMain] INFO  o.s.b.d.e.DevToolsPropertyDefaultsPostProcessor - For additional web related logging consider setting the 'logging.level.web' property to 'DEBUG'
10:56:55.517 [restartedMain] INFO  o.s.b.f.s.DefaultListableBeanFactory - Overriding bean definition for bean 'localeResolver' with a different definition: replacing [Root bean: class=null; scope=; abstract=false; lazyInit=null; autowireMode=3; dependencyCheck=0; autowireCandidate=true; primary=false; fallback=false; factoryBeanName=org.springframework.web.servlet.config.annotation.DelegatingWebMvcConfiguration; factoryMethodName=localeResolver; initMethodNames=null; destroyMethodNames=[(inferred)]; defined in class path resource [org/springframework/web/servlet/config/annotation/DelegatingWebMvcConfiguration.class]] with [Root bean: class=null; scope=; abstract=false; lazyInit=null; autowireMode=3; dependencyCheck=0; autowireCandidate=true; primary=false; fallback=false; factoryBeanName=webConfig; factoryMethodName=localeResolver; initMethodNames=null; destroyMethodNames=[(inferred)]; defined in class path resource [ir/config/WebConfig.class]]
10:56:55.523 [restartedMain] INFO  o.s.d.r.c.RepositoryConfigurationDelegate - Multiple Spring Data modules found, entering strict repository configuration mode
10:56:55.523 [restartedMain] INFO  o.s.d.r.c.RepositoryConfigurationDelegate - Bootstrapping Spring Data JPA repositories in DEFAULT mode.
10:56:55.660 [restartedMain] INFO  o.s.d.r.c.RepositoryConfigurationExtensionSupport - Spring Data JPA - Could not safely identify store assignment for repository candidate interface ir.repository.ImageRepository; If you want this repository to be a JPA repository, consider annotating your entities with one of these annotations: jakarta.persistence.Entity, jakarta.persistence.MappedSuperclass (preferred), or consider extending one of the following types with your repository: org.springframework.data.jpa.repository.JpaRepository
10:56:55.720 [restartedMain] INFO  o.s.d.r.c.RepositoryConfigurationDelegate - Finished Spring Data repository scanning in 189 ms. Found 12 JPA repository interfaces.
10:56:56.135 [restartedMain] INFO  o.s.d.r.c.RepositoryConfigurationDelegate - Multiple Spring Data modules found, entering strict repository configuration mode
10:56:56.135 [restartedMain] INFO  o.s.d.r.c.RepositoryConfigurationDelegate - Bootstrapping Spring Data MongoDB repositories in DEFAULT mode.
10:56:56.148 [restartedMain] INFO  o.s.d.r.c.RepositoryConfigurationExtensionSupport - Spring Data MongoDB - Could not safely identify store assignment for repository candidate interface ir.repository.AttachmentRepository; If you want this repository to be a MongoDB repository, consider annotating your entities with one of these annotations: org.springframework.data.mongodb.core.mapping.Document (preferred), or consider extending one of the following types with your repository: org.springframework.data.mongodb.repository.MongoRepository
10:56:56.149 [restartedMain] INFO  o.s.d.r.c.RepositoryConfigurationExtensionSupport - Spring Data MongoDB - Could not safely identify store assignment for repository candidate interface ir.repository.BuildingRepository; If you want this repository to be a MongoDB repository, consider annotating your entities with one of these annotations: org.springframework.data.mongodb.core.mapping.Document (preferred), or consider extending one of the following types with your repository: org.springframework.data.mongodb.repository.MongoRepository
10:56:56.149 [restartedMain] INFO  o.s.d.r.c.RepositoryConfigurationExtensionSupport - Spring Data MongoDB - Could not safely identify store assignment for repository candidate interface ir.repository.LowScoreTicketReportRepository; If you want this repository to be a MongoDB repository, consider annotating your entities with one of these annotations: org.springframework.data.mongodb.core.mapping.Document (preferred), or consider extending one of the following types with your repository: org.springframework.data.mongodb.repository.MongoRepository
10:56:56.150 [restartedMain] INFO  o.s.d.r.c.RepositoryConfigurationExtensionSupport - Spring Data MongoDB - Could not safely identify store assignment for repository candidate interface ir.repository.MessageRepository; If you want this repository to be a MongoDB repository, consider annotating your entities with one of these annotations: org.springframework.data.mongodb.core.mapping.Document (preferred), or consider extending one of the following types with your repository: org.springframework.data.mongodb.repository.MongoRepository
10:56:56.150 [restartedMain] INFO  o.s.d.r.c.RepositoryConfigurationExtensionSupport - Spring Data MongoDB - Could not safely identify store assignment for repository candidate interface ir.repository.NotificationRepository; If you want this repository to be a MongoDB repository, consider annotating your entities with one of these annotations: org.springframework.data.mongodb.core.mapping.Document (preferred), or consider extending one of the following types with your repository: org.springframework.data.mongodb.repository.MongoRepository
10:56:56.150 [restartedMain] INFO  o.s.d.r.c.RepositoryConfigurationExtensionSupport - Spring Data MongoDB - Could not safely identify store assignment for repository candidate interface ir.repository.OutboxRepository; If you want this repository to be a MongoDB repository, consider annotating your entities with one of these annotations: org.springframework.data.mongodb.core.mapping.Document (preferred), or consider extending one of the following types with your repository: org.springframework.data.mongodb.repository.MongoRepository
10:56:56.150 [restartedMain] INFO  o.s.d.r.c.RepositoryConfigurationExtensionSupport - Spring Data MongoDB - Could not safely identify store assignment for repository candidate interface ir.repository.PermissionRepository; If you want this repository to be a MongoDB repository, consider annotating your entities with one of these annotations: org.springframework.data.mongodb.core.mapping.Document (preferred), or consider extending one of the following types with your repository: org.springframework.data.mongodb.repository.MongoRepository
10:56:56.150 [restartedMain] INFO  o.s.d.r.c.RepositoryConfigurationExtensionSupport - Spring Data MongoDB - Could not safely identify store assignment for repository candidate interface ir.repository.ProfileRepository; If you want this repository to be a MongoDB repository, consider annotating your entities with one of these annotations: org.springframework.data.mongodb.core.mapping.Document (preferred), or consider extending one of the following types with your repository: org.springframework.data.mongodb.repository.MongoRepository
10:56:56.150 [restartedMain] INFO  o.s.d.r.c.RepositoryConfigurationExtensionSupport - Spring Data MongoDB - Could not safely identify store assignment for repository candidate interface ir.repository.RoleRepository; If you want this repository to be a MongoDB repository, consider annotating your entities with one of these annotations: org.springframework.data.mongodb.core.mapping.Document (preferred), or consider extending one of the following types with your repository: org.springframework.data.mongodb.repository.MongoRepository
10:56:56.151 [restartedMain] INFO  o.s.d.r.c.RepositoryConfigurationExtensionSupport - Spring Data MongoDB - Could not safely identify store assignment for repository candidate interface ir.repository.SectionRepository; If you want this repository to be a MongoDB repository, consider annotating your entities with one of these annotations: org.springframework.data.mongodb.core.mapping.Document (preferred), or consider extending one of the following types with your repository: org.springframework.data.mongodb.repository.MongoRepository
10:56:56.151 [restartedMain] INFO  o.s.d.r.c.RepositoryConfigurationExtensionSupport - Spring Data MongoDB - Could not safely identify store assignment for repository candidate interface ir.repository.TicketRepository; If you want this repository to be a MongoDB repository, consider annotating your entities with one of these annotations: org.springframework.data.mongodb.core.mapping.Document (preferred), or consider extending one of the following types with your repository: org.springframework.data.mongodb.repository.MongoRepository
10:56:56.151 [restartedMain] INFO  o.s.d.r.c.RepositoryConfigurationExtensionSupport - Spring Data MongoDB - Could not safely identify store assignment for repository candidate interface ir.repository.UserRepository; If you want this repository to be a MongoDB repository, consider annotating your entities with one of these annotations: org.springframework.data.mongodb.core.mapping.Document (preferred), or consider extending one of the following types with your repository: org.springframework.data.mongodb.repository.MongoRepository
10:56:56.157 [restartedMain] INFO  o.s.d.r.c.RepositoryConfigurationDelegate - Finished Spring Data repository scanning in 20 ms. Found 1 MongoDB repository interface.
10:56:56.166 [restartedMain] INFO  o.s.d.r.c.RepositoryConfigurationDelegate - Multiple Spring Data modules found, entering strict repository configuration mode
10:56:56.167 [restartedMain] INFO  o.s.d.r.c.RepositoryConfigurationDelegate - Bootstrapping Spring Data Redis repositories in DEFAULT mode.
10:56:56.179 [restartedMain] INFO  o.s.d.r.c.RepositoryConfigurationExtensionSupport - Spring Data Redis - Could not safely identify store assignment for repository candidate interface ir.repository.AttachmentRepository; If you want this repository to be a Redis repository, consider annotating your entities with one of these annotations: org.springframework.data.redis.core.RedisHash (preferred), or consider extending one of the following types with your repository: org.springframework.data.keyvalue.repository.KeyValueRepository
10:56:56.180 [restartedMain] INFO  o.s.d.r.c.RepositoryConfigurationExtensionSupport - Spring Data Redis - Could not safely identify store assignment for repository candidate interface ir.repository.BuildingRepository; If you want this repository to be a Redis repository, consider annotating your entities with one of these annotations: org.springframework.data.redis.core.RedisHash (preferred), or consider extending one of the following types with your repository: org.springframework.data.keyvalue.repository.KeyValueRepository
10:56:56.180 [restartedMain] INFO  o.s.d.r.c.RepositoryConfigurationExtensionSupport - Spring Data Redis - Could not safely identify store assignment for repository candidate interface ir.repository.ImageRepository; If you want this repository to be a Redis repository, consider annotating your entities with one of these annotations: org.springframework.data.redis.core.RedisHash (preferred), or consider extending one of the following types with your repository: org.springframework.data.keyvalue.repository.KeyValueRepository
10:56:56.180 [restartedMain] INFO  o.s.d.r.c.RepositoryConfigurationExtensionSupport - Spring Data Redis - Could not safely identify store assignment for repository candidate interface ir.repository.LowScoreTicketReportRepository; If you want this repository to be a Redis repository, consider annotating your entities with one of these annotations: org.springframework.data.redis.core.RedisHash (preferred), or consider extending one of the following types with your repository: org.springframework.data.keyvalue.repository.KeyValueRepository
10:56:56.180 [restartedMain] INFO  o.s.d.r.c.RepositoryConfigurationExtensionSupport - Spring Data Redis - Could not safely identify store assignment for repository candidate interface ir.repository.MessageRepository; If you want this repository to be a Redis repository, consider annotating your entities with one of these annotations: org.springframework.data.redis.core.RedisHash (preferred), or consider extending one of the following types with your repository: org.springframework.data.keyvalue.repository.KeyValueRepository
10:56:56.181 [restartedMain] INFO  o.s.d.r.c.RepositoryConfigurationExtensionSupport - Spring Data Redis - Could not safely identify store assignment for repository candidate interface ir.repository.NotificationRepository; If you want this repository to be a Redis repository, consider annotating your entities with one of these annotations: org.springframework.data.redis.core.RedisHash (preferred), or consider extending one of the following types with your repository: org.springframework.data.keyvalue.repository.KeyValueRepository
10:56:56.181 [restartedMain] INFO  o.s.d.r.c.RepositoryConfigurationExtensionSupport - Spring Data Redis - Could not safely identify store assignment for repository candidate interface ir.repository.OutboxRepository; If you want this repository to be a Redis repository, consider annotating your entities with one of these annotations: org.springframework.data.redis.core.RedisHash (preferred), or consider extending one of the following types with your repository: org.springframework.data.keyvalue.repository.KeyValueRepository
10:56:56.181 [restartedMain] INFO  o.s.d.r.c.RepositoryConfigurationExtensionSupport - Spring Data Redis - Could not safely identify store assignment for repository candidate interface ir.repository.PermissionRepository; If you want this repository to be a Redis repository, consider annotating your entities with one of these annotations: org.springframework.data.redis.core.RedisHash (preferred), or consider extending one of the following types with your repository: org.springframework.data.keyvalue.repository.KeyValueRepository
10:56:56.181 [restartedMain] INFO  o.s.d.r.c.RepositoryConfigurationExtensionSupport - Spring Data Redis - Could not safely identify store assignment for repository candidate interface ir.repository.ProfileRepository; If you want this repository to be a Redis repository, consider annotating your entities with one of these annotations: org.springframework.data.redis.core.RedisHash (preferred), or consider extending one of the following types with your repository: org.springframework.data.keyvalue.repository.KeyValueRepository
10:56:56.181 [restartedMain] INFO  o.s.d.r.c.RepositoryConfigurationExtensionSupport - Spring Data Redis - Could not safely identify store assignment for repository candidate interface ir.repository.RoleRepository; If you want this repository to be a Redis repository, consider annotating your entities with one of these annotations: org.springframework.data.redis.core.RedisHash (preferred), or consider extending one of the following types with your repository: org.springframework.data.keyvalue.repository.KeyValueRepository
10:56:56.181 [restartedMain] INFO  o.s.d.r.c.RepositoryConfigurationExtensionSupport - Spring Data Redis - Could not safely identify store assignment for repository candidate interface ir.repository.SectionRepository; If you want this repository to be a Redis repository, consider annotating your entities with one of these annotations: org.springframework.data.redis.core.RedisHash (preferred), or consider extending one of the following types with your repository: org.springframework.data.keyvalue.repository.KeyValueRepository
10:56:56.181 [restartedMain] INFO  o.s.d.r.c.RepositoryConfigurationExtensionSupport - Spring Data Redis - Could not safely identify store assignment for repository candidate interface ir.repository.TicketRepository; If you want this repository to be a Redis repository, consider annotating your entities with one of these annotations: org.springframework.data.redis.core.RedisHash (preferred), or consider extending one of the following types with your repository: org.springframework.data.keyvalue.repository.KeyValueRepository
10:56:56.181 [restartedMain] INFO  o.s.d.r.c.RepositoryConfigurationExtensionSupport - Spring Data Redis - Could not safely identify store assignment for repository candidate interface ir.repository.UserRepository; If you want this repository to be a Redis repository, consider annotating your entities with one of these annotations: org.springframework.data.redis.core.RedisHash (preferred), or consider extending one of the following types with your repository: org.springframework.data.keyvalue.repository.KeyValueRepository
10:56:56.181 [restartedMain] INFO  o.s.d.r.c.RepositoryConfigurationDelegate - Finished Spring Data repository scanning in 7 ms. Found 0 Redis repository interfaces.
10:56:56.438 [restartedMain] INFO  o.s.cloud.context.scope.GenericScope - BeanFactory id=42e78484-4cca-3390-b734-2aa1eb7372db
10:56:57.235 [restartedMain] INFO  o.s.b.w.e.tomcat.TomcatWebServer - Tomcat initialized with port 8443 (https)
10:56:57.244 [restartedMain] INFO  o.a.coyote.http11.Http11NioProtocol - Initializing ProtocolHandler ["https-jsse-nio-8443"]
10:56:57.246 [restartedMain] INFO  o.a.catalina.core.StandardService - Starting service [Tomcat]
10:56:57.246 [restartedMain] INFO  o.a.catalina.core.StandardEngine - Starting Servlet engine: [Apache Tomcat/10.1.36]
10:56:57.296 [restartedMain] INFO  o.a.c.c.C.[Tomcat].[localhost].[/] - Initializing Spring embedded WebApplicationContext
10:56:57.297 [restartedMain] INFO  o.s.b.w.s.c.ServletWebServerApplicationContext - Root WebApplicationContext: initialization completed in 2613 ms
10:56:57.806 [restartedMain] INFO  com.zaxxer.hikari.HikariDataSource - HikariPool-1 - Starting...
10:56:58.025 [restartedMain] INFO  com.zaxxer.hikari.pool.HikariPool - HikariPool-1 - Added connection oracle.jdbc.driver.T4CConnection@7f2409d9
10:56:58.028 [restartedMain] INFO  com.zaxxer.hikari.HikariDataSource - HikariPool-1 - Start completed.
10:56:58.040 [restartedMain] INFO  org.flywaydb.core.FlywayExecutor - Database: jdbc:oracle:thin:@localhost:1521:xe (Oracle 21.0)
10:56:58.304 [restartedMain] WARN  o.s.b.w.s.c.AnnotationConfigServletWebServerApplicationContext - Exception encountered during context initialization - cancelling refresh attempt: org.springframework.beans.factory.BeanCreationException: Error creating bean with name 'entityManagerFactory' defined in class path resource [org/springframework/boot/autoconfigure/orm/jpa/HibernateJpaConfiguration.class]: Failed to initialize dependency 'flywayInitializer' of LoadTimeWeaverAware bean 'entityManagerFactory': Error creating bean with name 'flywayInitializer' defined in class path resource [org/springframework/boot/autoconfigure/flyway/FlywayAutoConfiguration$FlywayConfiguration.class]: Validate failed: Migrations have failed validation
Detected failed migration to version 2 (create log table).
Please remove any half-completed changes then run repair to fix the schema history.
Need more flexibility with validation rules? Learn more: https://rd.gt/3AbJUZE
10:56:58.304 [restartedMain] INFO  com.zaxxer.hikari.HikariDataSource - HikariPool-1 - Shutdown initiated...
10:56:58.378 [restartedMain] INFO  com.zaxxer.hikari.HikariDataSource - HikariPool-1 - Shutdown completed.
10:56:58.381 [restartedMain] INFO  o.a.catalina.core.StandardService - Stopping service [Tomcat]
10:56:58.402 [restartedMain] INFO  o.s.b.a.l.ConditionEvaluationReportLogger - 

Error starting ApplicationContext. To display the condition evaluation report re-run your application with 'debug' enabled.
10:56:58.418 [restartedMain] ERROR o.s.boot.SpringApplication - Application run failed
org.springframework.beans.factory.BeanCreationException: Error creating bean with name 'entityManagerFactory' defined in class path resource [org/springframework/boot/autoconfigure/orm/jpa/HibernateJpaConfiguration.class]: Failed to initialize dependency 'flywayInitializer' of LoadTimeWeaverAware bean 'entityManagerFactory': Error creating bean with name 'flywayInitializer' defined in class path resource [org/springframework/boot/autoconfigure/flyway/FlywayAutoConfiguration$FlywayConfiguration.class]: Validate failed: Migrations have failed validation
Detected failed migration to version 2 (create log table).
Please remove any half-completed changes then run repair to fix the schema history.
Need more flexibility with validation rules? Learn more: https://rd.gt/3AbJUZE
	at org.springframework.beans.factory.support.AbstractBeanFactory.doGetBean(AbstractBeanFactory.java:328)
	at org.springframework.beans.factory.support.AbstractBeanFactory.getBean(AbstractBeanFactory.java:207)
	at org.springframework.context.support.AbstractApplicationContext.finishBeanFactoryInitialization(AbstractApplicationContext.java:970)
	at org.springframework.context.support.AbstractApplicationContext.refresh(AbstractApplicationContext.java:627)
	at org.springframework.boot.web.servlet.context.ServletWebServerApplicationContext.refresh(ServletWebServerApplicationContext.java:146)
	at org.springframework.boot.SpringApplication.refresh(SpringApplication.java:752)
	at org.springframework.boot.SpringApplication.refreshContext(SpringApplication.java:439)
	at org.springframework.boot.SpringApplication.run(SpringApplication.java:318)
	at org.springframework.boot.SpringApplication.run(SpringApplication.java:1361)
	at org.springframework.boot.SpringApplication.run(SpringApplication.java:1350)
	at ir.TicketingSpringSample.main(TicketingSpringSample.java:43)
	at java.base/jdk.internal.reflect.NativeMethodAccessorImpl.invoke0(Native Method)
	at java.base/jdk.internal.reflect.NativeMethodAccessorImpl.invoke(NativeMethodAccessorImpl.java:77)
	at java.base/jdk.internal.reflect.DelegatingMethodAccessorImpl.invoke(DelegatingMethodAccessorImpl.java:43)
	at java.base/java.lang.reflect.Method.invoke(Method.java:568)
	at org.springframework.boot.devtools.restart.RestartLauncher.run(RestartLauncher.java:50)
Caused by: org.springframework.beans.factory.BeanCreationException: Error creating bean with name 'flywayInitializer' defined in class path resource [org/springframework/boot/autoconfigure/flyway/FlywayAutoConfiguration$FlywayConfiguration.class]: Validate failed: Migrations have failed validation
Detected failed migration to version 2 (create log table).
Please remove any half-completed changes then run repair to fix the schema history.
Need more flexibility with validation rules? Learn more: https://rd.gt/3AbJUZE
	at org.springframework.beans.factory.support.AbstractAutowireCapableBeanFactory.initializeBean(AbstractAutowireCapableBeanFactory.java:1812)
	at org.springframework.beans.factory.support.AbstractAutowireCapableBeanFactory.doCreateBean(AbstractAutowireCapableBeanFactory.java:601)
	at org.springframework.beans.factory.support.AbstractAutowireCapableBeanFactory.createBean(AbstractAutowireCapableBeanFactory.java:523)
	at org.springframework.beans.factory.support.AbstractBeanFactory.lambda$doGetBean$0(AbstractBeanFactory.java:339)
	at org.springframework.beans.factory.support.DefaultSingletonBeanRegistry.getSingleton(DefaultSingletonBeanRegistry.java:346)
	at org.springframework.beans.factory.support.AbstractBeanFactory.doGetBean(AbstractBeanFactory.java:337)
	at org.springframework.beans.factory.support.AbstractBeanFactory.getBean(AbstractBeanFactory.java:202)
	at org.springframework.beans.factory.support.AbstractBeanFactory.doGetBean(AbstractBeanFactory.java:315)
	... 15 common frames omitted
Caused by: org.flywaydb.core.api.exception.FlywayValidateException: Validate failed: Migrations have failed validation
Detected failed migration to version 2 (create log table).
Please remove any half-completed changes then run repair to fix the schema history.
Need more flexibility with validation rules? Learn more: https://rd.gt/3AbJUZE
	at org.flywaydb.core.Flyway.lambda$migrate$1(Flyway.java:189)
	at org.flywaydb.core.FlywayExecutor.execute(FlywayExecutor.java:213)
	at org.flywaydb.core.Flyway.migrate(Flyway.java:176)
	at org.springframework.boot.autoconfigure.flyway.FlywayMigrationInitializer.afterPropertiesSet(FlywayMigrationInitializer.java:66)
	at org.springframework.beans.factory.support.AbstractAutowireCapableBeanFactory.invokeInitMethods(AbstractAutowireCapableBeanFactory.java:1859)
	at org.springframework.beans.factory.support.AbstractAutowireCapableBeanFactory.initializeBean(AbstractAutowireCapableBeanFactory.java:1808)
	... 22 common frames omitted
11:01:01.274 [background-preinit] INFO  o.h.validator.internal.util.Version - HV000001: Hibernate Validator 8.0.2.Final
11:01:01.309 [restartedMain] INFO  ir.TicketingSpringSample - Starting TicketingSpringSample using Java 17.0.12 with PID 17672 (D:\JAVA\MFT learning\projects\Spring\ticketing_spring_sample\target\classes started by arbab in D:\JAVA\MFT learning\projects\Spring\ticketing_spring_sample)
11:01:01.310 [restartedMain] INFO  ir.TicketingSpringSample - The following 1 profile is active: "dev"
11:01:01.355 [restartedMain] INFO  o.s.b.d.restart.ChangeableUrls - The Class-Path manifest attribute in C:\Users\arbab\.m2\repository\com\oracle\database\jdbc\ojdbc11\21.9.0.0\ojdbc11-21.9.0.0.jar referenced one or more files that do not exist: file:/C:/Users/arbab/.m2/repository/com/oracle/database/jdbc/ojdbc11/21.9.0.0/oraclepki.jar
11:01:01.355 [restartedMain] INFO  o.s.b.d.e.DevToolsPropertyDefaultsPostProcessor - Devtools property defaults active! Set 'spring.devtools.add-properties' to 'false' to disable
11:01:01.355 [restartedMain] INFO  o.s.b.d.e.DevToolsPropertyDefaultsPostProcessor - For additional web related logging consider setting the 'logging.level.web' property to 'DEBUG'
11:01:02.032 [restartedMain] INFO  o.s.b.f.s.DefaultListableBeanFactory - Overriding bean definition for bean 'localeResolver' with a different definition: replacing [Root bean: class=null; scope=; abstract=false; lazyInit=null; autowireMode=3; dependencyCheck=0; autowireCandidate=true; primary=false; fallback=false; factoryBeanName=org.springframework.web.servlet.config.annotation.DelegatingWebMvcConfiguration; factoryMethodName=localeResolver; initMethodNames=null; destroyMethodNames=[(inferred)]; defined in class path resource [org/springframework/web/servlet/config/annotation/DelegatingWebMvcConfiguration.class]] with [Root bean: class=null; scope=; abstract=false; lazyInit=null; autowireMode=3; dependencyCheck=0; autowireCandidate=true; primary=false; fallback=false; factoryBeanName=webConfig; factoryMethodName=localeResolver; initMethodNames=null; destroyMethodNames=[(inferred)]; defined in class path resource [ir/config/WebConfig.class]]
11:01:02.037 [restartedMain] INFO  o.s.d.r.c.RepositoryConfigurationDelegate - Multiple Spring Data modules found, entering strict repository configuration mode
11:01:02.037 [restartedMain] INFO  o.s.d.r.c.RepositoryConfigurationDelegate - Bootstrapping Spring Data JPA repositories in DEFAULT mode.
11:01:02.148 [restartedMain] INFO  o.s.d.r.c.RepositoryConfigurationExtensionSupport - Spring Data JPA - Could not safely identify store assignment for repository candidate interface ir.repository.ImageRepository; If you want this repository to be a JPA repository, consider annotating your entities with one of these annotations: jakarta.persistence.Entity, jakarta.persistence.MappedSuperclass (preferred), or consider extending one of the following types with your repository: org.springframework.data.jpa.repository.JpaRepository
11:01:02.201 [restartedMain] INFO  o.s.d.r.c.RepositoryConfigurationDelegate - Finished Spring Data repository scanning in 157 ms. Found 12 JPA repository interfaces.
11:01:02.555 [restartedMain] INFO  o.s.d.r.c.RepositoryConfigurationDelegate - Multiple Spring Data modules found, entering strict repository configuration mode
11:01:02.555 [restartedMain] INFO  o.s.d.r.c.RepositoryConfigurationDelegate - Bootstrapping Spring Data MongoDB repositories in DEFAULT mode.
11:01:02.568 [restartedMain] INFO  o.s.d.r.c.RepositoryConfigurationExtensionSupport - Spring Data MongoDB - Could not safely identify store assignment for repository candidate interface ir.repository.AttachmentRepository; If you want this repository to be a MongoDB repository, consider annotating your entities with one of these annotations: org.springframework.data.mongodb.core.mapping.Document (preferred), or consider extending one of the following types with your repository: org.springframework.data.mongodb.repository.MongoRepository
11:01:02.569 [restartedMain] INFO  o.s.d.r.c.RepositoryConfigurationExtensionSupport - Spring Data MongoDB - Could not safely identify store assignment for repository candidate interface ir.repository.BuildingRepository; If you want this repository to be a MongoDB repository, consider annotating your entities with one of these annotations: org.springframework.data.mongodb.core.mapping.Document (preferred), or consider extending one of the following types with your repository: org.springframework.data.mongodb.repository.MongoRepository
11:01:02.569 [restartedMain] INFO  o.s.d.r.c.RepositoryConfigurationExtensionSupport - Spring Data MongoDB - Could not safely identify store assignment for repository candidate interface ir.repository.LowScoreTicketReportRepository; If you want this repository to be a MongoDB repository, consider annotating your entities with one of these annotations: org.springframework.data.mongodb.core.mapping.Document (preferred), or consider extending one of the following types with your repository: org.springframework.data.mongodb.repository.MongoRepository
11:01:02.569 [restartedMain] INFO  o.s.d.r.c.RepositoryConfigurationExtensionSupport - Spring Data MongoDB - Could not safely identify store assignment for repository candidate interface ir.repository.MessageRepository; If you want this repository to be a MongoDB repository, consider annotating your entities with one of these annotations: org.springframework.data.mongodb.core.mapping.Document (preferred), or consider extending one of the following types with your repository: org.springframework.data.mongodb.repository.MongoRepository
11:01:02.569 [restartedMain] INFO  o.s.d.r.c.RepositoryConfigurationExtensionSupport - Spring Data MongoDB - Could not safely identify store assignment for repository candidate interface ir.repository.NotificationRepository; If you want this repository to be a MongoDB repository, consider annotating your entities with one of these annotations: org.springframework.data.mongodb.core.mapping.Document (preferred), or consider extending one of the following types with your repository: org.springframework.data.mongodb.repository.MongoRepository
11:01:02.570 [restartedMain] INFO  o.s.d.r.c.RepositoryConfigurationExtensionSupport - Spring Data MongoDB - Could not safely identify store assignment for repository candidate interface ir.repository.OutboxRepository; If you want this repository to be a MongoDB repository, consider annotating your entities with one of these annotations: org.springframework.data.mongodb.core.mapping.Document (preferred), or consider extending one of the following types with your repository: org.springframework.data.mongodb.repository.MongoRepository
11:01:02.570 [restartedMain] INFO  o.s.d.r.c.RepositoryConfigurationExtensionSupport - Spring Data MongoDB - Could not safely identify store assignment for repository candidate interface ir.repository.PermissionRepository; If you want this repository to be a MongoDB repository, consider annotating your entities with one of these annotations: org.springframework.data.mongodb.core.mapping.Document (preferred), or consider extending one of the following types with your repository: org.springframework.data.mongodb.repository.MongoRepository
11:01:02.570 [restartedMain] INFO  o.s.d.r.c.RepositoryConfigurationExtensionSupport - Spring Data MongoDB - Could not safely identify store assignment for repository candidate interface ir.repository.ProfileRepository; If you want this repository to be a MongoDB repository, consider annotating your entities with one of these annotations: org.springframework.data.mongodb.core.mapping.Document (preferred), or consider extending one of the following types with your repository: org.springframework.data.mongodb.repository.MongoRepository
11:01:02.570 [restartedMain] INFO  o.s.d.r.c.RepositoryConfigurationExtensionSupport - Spring Data MongoDB - Could not safely identify store assignment for repository candidate interface ir.repository.RoleRepository; If you want this repository to be a MongoDB repository, consider annotating your entities with one of these annotations: org.springframework.data.mongodb.core.mapping.Document (preferred), or consider extending one of the following types with your repository: org.springframework.data.mongodb.repository.MongoRepository
11:01:02.570 [restartedMain] INFO  o.s.d.r.c.RepositoryConfigurationExtensionSupport - Spring Data MongoDB - Could not safely identify store assignment for repository candidate interface ir.repository.SectionRepository; If you want this repository to be a MongoDB repository, consider annotating your entities with one of these annotations: org.springframework.data.mongodb.core.mapping.Document (preferred), or consider extending one of the following types with your repository: org.springframework.data.mongodb.repository.MongoRepository
11:01:02.570 [restartedMain] INFO  o.s.d.r.c.RepositoryConfigurationExtensionSupport - Spring Data MongoDB - Could not safely identify store assignment for repository candidate interface ir.repository.TicketRepository; If you want this repository to be a MongoDB repository, consider annotating your entities with one of these annotations: org.springframework.data.mongodb.core.mapping.Document (preferred), or consider extending one of the following types with your repository: org.springframework.data.mongodb.repository.MongoRepository
11:01:02.570 [restartedMain] INFO  o.s.d.r.c.RepositoryConfigurationExtensionSupport - Spring Data MongoDB - Could not safely identify store assignment for repository candidate interface ir.repository.UserRepository; If you want this repository to be a MongoDB repository, consider annotating your entities with one of these annotations: org.springframework.data.mongodb.core.mapping.Document (preferred), or consider extending one of the following types with your repository: org.springframework.data.mongodb.repository.MongoRepository
11:01:02.576 [restartedMain] INFO  o.s.d.r.c.RepositoryConfigurationDelegate - Finished Spring Data repository scanning in 19 ms. Found 1 MongoDB repository interface.
11:01:02.583 [restartedMain] INFO  o.s.d.r.c.RepositoryConfigurationDelegate - Multiple Spring Data modules found, entering strict repository configuration mode
11:01:02.584 [restartedMain] INFO  o.s.d.r.c.RepositoryConfigurationDelegate - Bootstrapping Spring Data Redis repositories in DEFAULT mode.
11:01:02.595 [restartedMain] INFO  o.s.d.r.c.RepositoryConfigurationExtensionSupport - Spring Data Redis - Could not safely identify store assignment for repository candidate interface ir.repository.AttachmentRepository; If you want this repository to be a Redis repository, consider annotating your entities with one of these annotations: org.springframework.data.redis.core.RedisHash (preferred), or consider extending one of the following types with your repository: org.springframework.data.keyvalue.repository.KeyValueRepository
11:01:02.595 [restartedMain] INFO  o.s.d.r.c.RepositoryConfigurationExtensionSupport - Spring Data Redis - Could not safely identify store assignment for repository candidate interface ir.repository.BuildingRepository; If you want this repository to be a Redis repository, consider annotating your entities with one of these annotations: org.springframework.data.redis.core.RedisHash (preferred), or consider extending one of the following types with your repository: org.springframework.data.keyvalue.repository.KeyValueRepository
11:01:02.595 [restartedMain] INFO  o.s.d.r.c.RepositoryConfigurationExtensionSupport - Spring Data Redis - Could not safely identify store assignment for repository candidate interface ir.repository.ImageRepository; If you want this repository to be a Redis repository, consider annotating your entities with one of these annotations: org.springframework.data.redis.core.RedisHash (preferred), or consider extending one of the following types with your repository: org.springframework.data.keyvalue.repository.KeyValueRepository
11:01:02.595 [restartedMain] INFO  o.s.d.r.c.RepositoryConfigurationExtensionSupport - Spring Data Redis - Could not safely identify store assignment for repository candidate interface ir.repository.LowScoreTicketReportRepository; If you want this repository to be a Redis repository, consider annotating your entities with one of these annotations: org.springframework.data.redis.core.RedisHash (preferred), or consider extending one of the following types with your repository: org.springframework.data.keyvalue.repository.KeyValueRepository
11:01:02.595 [restartedMain] INFO  o.s.d.r.c.RepositoryConfigurationExtensionSupport - Spring Data Redis - Could not safely identify store assignment for repository candidate interface ir.repository.MessageRepository; If you want this repository to be a Redis repository, consider annotating your entities with one of these annotations: org.springframework.data.redis.core.RedisHash (preferred), or consider extending one of the following types with your repository: org.springframework.data.keyvalue.repository.KeyValueRepository
11:01:02.596 [restartedMain] INFO  o.s.d.r.c.RepositoryConfigurationExtensionSupport - Spring Data Redis - Could not safely identify store assignment for repository candidate interface ir.repository.NotificationRepository; If you want this repository to be a Redis repository, consider annotating your entities with one of these annotations: org.springframework.data.redis.core.RedisHash (preferred), or consider extending one of the following types with your repository: org.springframework.data.keyvalue.repository.KeyValueRepository
11:01:02.596 [restartedMain] INFO  o.s.d.r.c.RepositoryConfigurationExtensionSupport - Spring Data Redis - Could not safely identify store assignment for repository candidate interface ir.repository.OutboxRepository; If you want this repository to be a Redis repository, consider annotating your entities with one of these annotations: org.springframework.data.redis.core.RedisHash (preferred), or consider extending one of the following types with your repository: org.springframework.data.keyvalue.repository.KeyValueRepository
11:01:02.596 [restartedMain] INFO  o.s.d.r.c.RepositoryConfigurationExtensionSupport - Spring Data Redis - Could not safely identify store assignment for repository candidate interface ir.repository.PermissionRepository; If you want this repository to be a Redis repository, consider annotating your entities with one of these annotations: org.springframework.data.redis.core.RedisHash (preferred), or consider extending one of the following types with your repository: org.springframework.data.keyvalue.repository.KeyValueRepository
11:01:02.596 [restartedMain] INFO  o.s.d.r.c.RepositoryConfigurationExtensionSupport - Spring Data Redis - Could not safely identify store assignment for repository candidate interface ir.repository.ProfileRepository; If you want this repository to be a Redis repository, consider annotating your entities with one of these annotations: org.springframework.data.redis.core.RedisHash (preferred), or consider extending one of the following types with your repository: org.springframework.data.keyvalue.repository.KeyValueRepository
11:01:02.596 [restartedMain] INFO  o.s.d.r.c.RepositoryConfigurationExtensionSupport - Spring Data Redis - Could not safely identify store assignment for repository candidate interface ir.repository.RoleRepository; If you want this repository to be a Redis repository, consider annotating your entities with one of these annotations: org.springframework.data.redis.core.RedisHash (preferred), or consider extending one of the following types with your repository: org.springframework.data.keyvalue.repository.KeyValueRepository
11:01:02.596 [restartedMain] INFO  o.s.d.r.c.RepositoryConfigurationExtensionSupport - Spring Data Redis - Could not safely identify store assignment for repository candidate interface ir.repository.SectionRepository; If you want this repository to be a Redis repository, consider annotating your entities with one of these annotations: org.springframework.data.redis.core.RedisHash (preferred), or consider extending one of the following types with your repository: org.springframework.data.keyvalue.repository.KeyValueRepository
11:01:02.596 [restartedMain] INFO  o.s.d.r.c.RepositoryConfigurationExtensionSupport - Spring Data Redis - Could not safely identify store assignment for repository candidate interface ir.repository.TicketRepository; If you want this repository to be a Redis repository, consider annotating your entities with one of these annotations: org.springframework.data.redis.core.RedisHash (preferred), or consider extending one of the following types with your repository: org.springframework.data.keyvalue.repository.KeyValueRepository
11:01:02.596 [restartedMain] INFO  o.s.d.r.c.RepositoryConfigurationExtensionSupport - Spring Data Redis - Could not safely identify store assignment for repository candidate interface ir.repository.UserRepository; If you want this repository to be a Redis repository, consider annotating your entities with one of these annotations: org.springframework.data.redis.core.RedisHash (preferred), or consider extending one of the following types with your repository: org.springframework.data.keyvalue.repository.KeyValueRepository
11:01:02.596 [restartedMain] INFO  o.s.d.r.c.RepositoryConfigurationDelegate - Finished Spring Data repository scanning in 6 ms. Found 0 Redis repository interfaces.
11:01:02.823 [restartedMain] INFO  o.s.cloud.context.scope.GenericScope - BeanFactory id=42e78484-4cca-3390-b734-2aa1eb7372db
11:01:03.529 [restartedMain] INFO  o.s.b.w.e.tomcat.TomcatWebServer - Tomcat initialized with port 8443 (https)
11:01:03.536 [restartedMain] INFO  o.a.coyote.http11.Http11NioProtocol - Initializing ProtocolHandler ["https-jsse-nio-8443"]
11:01:03.539 [restartedMain] INFO  o.a.catalina.core.StandardService - Starting service [Tomcat]
11:01:03.539 [restartedMain] INFO  o.a.catalina.core.StandardEngine - Starting Servlet engine: [Apache Tomcat/10.1.36]
11:01:03.585 [restartedMain] INFO  o.a.c.c.C.[Tomcat].[localhost].[/] - Initializing Spring embedded WebApplicationContext
11:01:03.585 [restartedMain] INFO  o.s.b.w.s.c.ServletWebServerApplicationContext - Root WebApplicationContext: initialization completed in 2220 ms
11:01:04.043 [restartedMain] INFO  com.zaxxer.hikari.HikariDataSource - HikariPool-1 - Starting...
11:01:04.245 [restartedMain] INFO  com.zaxxer.hikari.pool.HikariPool - HikariPool-1 - Added connection oracle.jdbc.driver.T4CConnection@45ff394f
11:01:04.246 [restartedMain] INFO  com.zaxxer.hikari.HikariDataSource - HikariPool-1 - Start completed.
11:01:04.260 [restartedMain] INFO  org.flywaydb.core.FlywayExecutor - Database: jdbc:oracle:thin:@localhost:1521:xe (Oracle 21.0)
11:01:04.407 [restartedMain] WARN  o.s.b.w.s.c.AnnotationConfigServletWebServerApplicationContext - Exception encountered during context initialization - cancelling refresh attempt: org.springframework.beans.factory.BeanCreationException: Error creating bean with name 'entityManagerFactory' defined in class path resource [org/springframework/boot/autoconfigure/orm/jpa/HibernateJpaConfiguration.class]: Failed to initialize dependency 'flywayInitializer' of LoadTimeWeaverAware bean 'entityManagerFactory': Error creating bean with name 'flywayInitializer' defined in class path resource [org/springframework/boot/autoconfigure/flyway/FlywayAutoConfiguration$FlywayConfiguration.class]: Validate failed: Migrations have failed validation
Detected failed migration to version 2 (create log table).
Please remove any half-completed changes then run repair to fix the schema history.
Need more flexibility with validation rules? Learn more: https://rd.gt/3AbJUZE
11:01:04.407 [restartedMain] INFO  com.zaxxer.hikari.HikariDataSource - HikariPool-1 - Shutdown initiated...
11:01:04.420 [restartedMain] INFO  com.zaxxer.hikari.HikariDataSource - HikariPool-1 - Shutdown completed.
11:01:04.424 [restartedMain] INFO  o.a.catalina.core.StandardService - Stopping service [Tomcat]
11:01:04.440 [restartedMain] INFO  o.s.b.a.l.ConditionEvaluationReportLogger - 

Error starting ApplicationContext. To display the condition evaluation report re-run your application with 'debug' enabled.
11:01:04.455 [restartedMain] ERROR o.s.boot.SpringApplication - Application run failed
org.springframework.beans.factory.BeanCreationException: Error creating bean with name 'entityManagerFactory' defined in class path resource [org/springframework/boot/autoconfigure/orm/jpa/HibernateJpaConfiguration.class]: Failed to initialize dependency 'flywayInitializer' of LoadTimeWeaverAware bean 'entityManagerFactory': Error creating bean with name 'flywayInitializer' defined in class path resource [org/springframework/boot/autoconfigure/flyway/FlywayAutoConfiguration$FlywayConfiguration.class]: Validate failed: Migrations have failed validation
Detected failed migration to version 2 (create log table).
Please remove any half-completed changes then run repair to fix the schema history.
Need more flexibility with validation rules? Learn more: https://rd.gt/3AbJUZE
	at org.springframework.beans.factory.support.AbstractBeanFactory.doGetBean(AbstractBeanFactory.java:328)
	at org.springframework.beans.factory.support.AbstractBeanFactory.getBean(AbstractBeanFactory.java:207)
	at org.springframework.context.support.AbstractApplicationContext.finishBeanFactoryInitialization(AbstractApplicationContext.java:970)
	at org.springframework.context.support.AbstractApplicationContext.refresh(AbstractApplicationContext.java:627)
	at org.springframework.boot.web.servlet.context.ServletWebServerApplicationContext.refresh(ServletWebServerApplicationContext.java:146)
	at org.springframework.boot.SpringApplication.refresh(SpringApplication.java:752)
	at org.springframework.boot.SpringApplication.refreshContext(SpringApplication.java:439)
	at org.springframework.boot.SpringApplication.run(SpringApplication.java:318)
	at org.springframework.boot.SpringApplication.run(SpringApplication.java:1361)
	at org.springframework.boot.SpringApplication.run(SpringApplication.java:1350)
	at ir.TicketingSpringSample.main(TicketingSpringSample.java:43)
	at java.base/jdk.internal.reflect.NativeMethodAccessorImpl.invoke0(Native Method)
	at java.base/jdk.internal.reflect.NativeMethodAccessorImpl.invoke(NativeMethodAccessorImpl.java:77)
	at java.base/jdk.internal.reflect.DelegatingMethodAccessorImpl.invoke(DelegatingMethodAccessorImpl.java:43)
	at java.base/java.lang.reflect.Method.invoke(Method.java:568)
	at org.springframework.boot.devtools.restart.RestartLauncher.run(RestartLauncher.java:50)
Caused by: org.springframework.beans.factory.BeanCreationException: Error creating bean with name 'flywayInitializer' defined in class path resource [org/springframework/boot/autoconfigure/flyway/FlywayAutoConfiguration$FlywayConfiguration.class]: Validate failed: Migrations have failed validation
Detected failed migration to version 2 (create log table).
Please remove any half-completed changes then run repair to fix the schema history.
Need more flexibility with validation rules? Learn more: https://rd.gt/3AbJUZE
	at org.springframework.beans.factory.support.AbstractAutowireCapableBeanFactory.initializeBean(AbstractAutowireCapableBeanFactory.java:1812)
	at org.springframework.beans.factory.support.AbstractAutowireCapableBeanFactory.doCreateBean(AbstractAutowireCapableBeanFactory.java:601)
	at org.springframework.beans.factory.support.AbstractAutowireCapableBeanFactory.createBean(AbstractAutowireCapableBeanFactory.java:523)
	at org.springframework.beans.factory.support.AbstractBeanFactory.lambda$doGetBean$0(AbstractBeanFactory.java:339)
	at org.springframework.beans.factory.support.DefaultSingletonBeanRegistry.getSingleton(DefaultSingletonBeanRegistry.java:346)
	at org.springframework.beans.factory.support.AbstractBeanFactory.doGetBean(AbstractBeanFactory.java:337)
	at org.springframework.beans.factory.support.AbstractBeanFactory.getBean(AbstractBeanFactory.java:202)
	at org.springframework.beans.factory.support.AbstractBeanFactory.doGetBean(AbstractBeanFactory.java:315)
	... 15 common frames omitted
Caused by: org.flywaydb.core.api.exception.FlywayValidateException: Validate failed: Migrations have failed validation
Detected failed migration to version 2 (create log table).
Please remove any half-completed changes then run repair to fix the schema history.
Need more flexibility with validation rules? Learn more: https://rd.gt/3AbJUZE
	at org.flywaydb.core.Flyway.lambda$migrate$1(Flyway.java:189)
	at org.flywaydb.core.FlywayExecutor.execute(FlywayExecutor.java:213)
	at org.flywaydb.core.Flyway.migrate(Flyway.java:176)
	at org.springframework.boot.autoconfigure.flyway.FlywayMigrationInitializer.afterPropertiesSet(FlywayMigrationInitializer.java:66)
	at org.springframework.beans.factory.support.AbstractAutowireCapableBeanFactory.invokeInitMethods(AbstractAutowireCapableBeanFactory.java:1859)
	at org.springframework.beans.factory.support.AbstractAutowireCapableBeanFactory.initializeBean(AbstractAutowireCapableBeanFactory.java:1808)
	... 22 common frames omitted
11:02:01.828 [background-preinit] INFO  o.h.validator.internal.util.Version - HV000001: Hibernate Validator 8.0.2.Final
11:02:01.864 [restartedMain] INFO  ir.TicketingSpringSample - Starting TicketingSpringSample using Java 17.0.12 with PID 4736 (D:\JAVA\MFT learning\projects\Spring\ticketing_spring_sample\target\classes started by arbab in D:\JAVA\MFT learning\projects\Spring\ticketing_spring_sample)
11:02:01.865 [restartedMain] INFO  ir.TicketingSpringSample - The following 1 profile is active: "dev"
11:02:01.912 [restartedMain] INFO  o.s.b.d.restart.ChangeableUrls - The Class-Path manifest attribute in C:\Users\arbab\.m2\repository\com\oracle\database\jdbc\ojdbc11\21.9.0.0\ojdbc11-21.9.0.0.jar referenced one or more files that do not exist: file:/C:/Users/arbab/.m2/repository/com/oracle/database/jdbc/ojdbc11/21.9.0.0/oraclepki.jar
11:02:01.912 [restartedMain] INFO  o.s.b.d.e.DevToolsPropertyDefaultsPostProcessor - Devtools property defaults active! Set 'spring.devtools.add-properties' to 'false' to disable
11:02:01.912 [restartedMain] INFO  o.s.b.d.e.DevToolsPropertyDefaultsPostProcessor - For additional web related logging consider setting the 'logging.level.web' property to 'DEBUG'
11:02:02.601 [restartedMain] INFO  o.s.b.f.s.DefaultListableBeanFactory - Overriding bean definition for bean 'localeResolver' with a different definition: replacing [Root bean: class=null; scope=; abstract=false; lazyInit=null; autowireMode=3; dependencyCheck=0; autowireCandidate=true; primary=false; fallback=false; factoryBeanName=org.springframework.web.servlet.config.annotation.DelegatingWebMvcConfiguration; factoryMethodName=localeResolver; initMethodNames=null; destroyMethodNames=[(inferred)]; defined in class path resource [org/springframework/web/servlet/config/annotation/DelegatingWebMvcConfiguration.class]] with [Root bean: class=null; scope=; abstract=false; lazyInit=null; autowireMode=3; dependencyCheck=0; autowireCandidate=true; primary=false; fallback=false; factoryBeanName=webConfig; factoryMethodName=localeResolver; initMethodNames=null; destroyMethodNames=[(inferred)]; defined in class path resource [ir/config/WebConfig.class]]
11:02:02.606 [restartedMain] INFO  o.s.d.r.c.RepositoryConfigurationDelegate - Multiple Spring Data modules found, entering strict repository configuration mode
11:02:02.606 [restartedMain] INFO  o.s.d.r.c.RepositoryConfigurationDelegate - Bootstrapping Spring Data JPA repositories in DEFAULT mode.
11:02:02.718 [restartedMain] INFO  o.s.d.r.c.RepositoryConfigurationExtensionSupport - Spring Data JPA - Could not safely identify store assignment for repository candidate interface ir.repository.ImageRepository; If you want this repository to be a JPA repository, consider annotating your entities with one of these annotations: jakarta.persistence.Entity, jakarta.persistence.MappedSuperclass (preferred), or consider extending one of the following types with your repository: org.springframework.data.jpa.repository.JpaRepository
11:02:02.778 [restartedMain] INFO  o.s.d.r.c.RepositoryConfigurationDelegate - Finished Spring Data repository scanning in 166 ms. Found 12 JPA repository interfaces.
11:02:03.140 [restartedMain] INFO  o.s.d.r.c.RepositoryConfigurationDelegate - Multiple Spring Data modules found, entering strict repository configuration mode
11:02:03.141 [restartedMain] INFO  o.s.d.r.c.RepositoryConfigurationDelegate - Bootstrapping Spring Data MongoDB repositories in DEFAULT mode.
11:02:03.153 [restartedMain] INFO  o.s.d.r.c.RepositoryConfigurationExtensionSupport - Spring Data MongoDB - Could not safely identify store assignment for repository candidate interface ir.repository.AttachmentRepository; If you want this repository to be a MongoDB repository, consider annotating your entities with one of these annotations: org.springframework.data.mongodb.core.mapping.Document (preferred), or consider extending one of the following types with your repository: org.springframework.data.mongodb.repository.MongoRepository
11:02:03.154 [restartedMain] INFO  o.s.d.r.c.RepositoryConfigurationExtensionSupport - Spring Data MongoDB - Could not safely identify store assignment for repository candidate interface ir.repository.BuildingRepository; If you want this repository to be a MongoDB repository, consider annotating your entities with one of these annotations: org.springframework.data.mongodb.core.mapping.Document (preferred), or consider extending one of the following types with your repository: org.springframework.data.mongodb.repository.MongoRepository
11:02:03.154 [restartedMain] INFO  o.s.d.r.c.RepositoryConfigurationExtensionSupport - Spring Data MongoDB - Could not safely identify store assignment for repository candidate interface ir.repository.LowScoreTicketReportRepository; If you want this repository to be a MongoDB repository, consider annotating your entities with one of these annotations: org.springframework.data.mongodb.core.mapping.Document (preferred), or consider extending one of the following types with your repository: org.springframework.data.mongodb.repository.MongoRepository
11:02:03.154 [restartedMain] INFO  o.s.d.r.c.RepositoryConfigurationExtensionSupport - Spring Data MongoDB - Could not safely identify store assignment for repository candidate interface ir.repository.MessageRepository; If you want this repository to be a MongoDB repository, consider annotating your entities with one of these annotations: org.springframework.data.mongodb.core.mapping.Document (preferred), or consider extending one of the following types with your repository: org.springframework.data.mongodb.repository.MongoRepository
11:02:03.154 [restartedMain] INFO  o.s.d.r.c.RepositoryConfigurationExtensionSupport - Spring Data MongoDB - Could not safely identify store assignment for repository candidate interface ir.repository.NotificationRepository; If you want this repository to be a MongoDB repository, consider annotating your entities with one of these annotations: org.springframework.data.mongodb.core.mapping.Document (preferred), or consider extending one of the following types with your repository: org.springframework.data.mongodb.repository.MongoRepository
11:02:03.154 [restartedMain] INFO  o.s.d.r.c.RepositoryConfigurationExtensionSupport - Spring Data MongoDB - Could not safely identify store assignment for repository candidate interface ir.repository.OutboxRepository; If you want this repository to be a MongoDB repository, consider annotating your entities with one of these annotations: org.springframework.data.mongodb.core.mapping.Document (preferred), or consider extending one of the following types with your repository: org.springframework.data.mongodb.repository.MongoRepository
11:02:03.155 [restartedMain] INFO  o.s.d.r.c.RepositoryConfigurationExtensionSupport - Spring Data MongoDB - Could not safely identify store assignment for repository candidate interface ir.repository.PermissionRepository; If you want this repository to be a MongoDB repository, consider annotating your entities with one of these annotations: org.springframework.data.mongodb.core.mapping.Document (preferred), or consider extending one of the following types with your repository: org.springframework.data.mongodb.repository.MongoRepository
11:02:03.155 [restartedMain] INFO  o.s.d.r.c.RepositoryConfigurationExtensionSupport - Spring Data MongoDB - Could not safely identify store assignment for repository candidate interface ir.repository.ProfileRepository; If you want this repository to be a MongoDB repository, consider annotating your entities with one of these annotations: org.springframework.data.mongodb.core.mapping.Document (preferred), or consider extending one of the following types with your repository: org.springframework.data.mongodb.repository.MongoRepository
11:02:03.155 [restartedMain] INFO  o.s.d.r.c.RepositoryConfigurationExtensionSupport - Spring Data MongoDB - Could not safely identify store assignment for repository candidate interface ir.repository.RoleRepository; If you want this repository to be a MongoDB repository, consider annotating your entities with one of these annotations: org.springframework.data.mongodb.core.mapping.Document (preferred), or consider extending one of the following types with your repository: org.springframework.data.mongodb.repository.MongoRepository
11:02:03.155 [restartedMain] INFO  o.s.d.r.c.RepositoryConfigurationExtensionSupport - Spring Data MongoDB - Could not safely identify store assignment for repository candidate interface ir.repository.SectionRepository; If you want this repository to be a MongoDB repository, consider annotating your entities with one of these annotations: org.springframework.data.mongodb.core.mapping.Document (preferred), or consider extending one of the following types with your repository: org.springframework.data.mongodb.repository.MongoRepository
11:02:03.155 [restartedMain] INFO  o.s.d.r.c.RepositoryConfigurationExtensionSupport - Spring Data MongoDB - Could not safely identify store assignment for repository candidate interface ir.repository.TicketRepository; If you want this repository to be a MongoDB repository, consider annotating your entities with one of these annotations: org.springframework.data.mongodb.core.mapping.Document (preferred), or consider extending one of the following types with your repository: org.springframework.data.mongodb.repository.MongoRepository
11:02:03.156 [restartedMain] INFO  o.s.d.r.c.RepositoryConfigurationExtensionSupport - Spring Data MongoDB - Could not safely identify store assignment for repository candidate interface ir.repository.UserRepository; If you want this repository to be a MongoDB repository, consider annotating your entities with one of these annotations: org.springframework.data.mongodb.core.mapping.Document (preferred), or consider extending one of the following types with your repository: org.springframework.data.mongodb.repository.MongoRepository
11:02:03.161 [restartedMain] INFO  o.s.d.r.c.RepositoryConfigurationDelegate - Finished Spring Data repository scanning in 19 ms. Found 1 MongoDB repository interface.
11:02:03.168 [restartedMain] INFO  o.s.d.r.c.RepositoryConfigurationDelegate - Multiple Spring Data modules found, entering strict repository configuration mode
11:02:03.169 [restartedMain] INFO  o.s.d.r.c.RepositoryConfigurationDelegate - Bootstrapping Spring Data Redis repositories in DEFAULT mode.
11:02:03.181 [restartedMain] INFO  o.s.d.r.c.RepositoryConfigurationExtensionSupport - Spring Data Redis - Could not safely identify store assignment for repository candidate interface ir.repository.AttachmentRepository; If you want this repository to be a Redis repository, consider annotating your entities with one of these annotations: org.springframework.data.redis.core.RedisHash (preferred), or consider extending one of the following types with your repository: org.springframework.data.keyvalue.repository.KeyValueRepository
11:02:03.181 [restartedMain] INFO  o.s.d.r.c.RepositoryConfigurationExtensionSupport - Spring Data Redis - Could not safely identify store assignment for repository candidate interface ir.repository.BuildingRepository; If you want this repository to be a Redis repository, consider annotating your entities with one of these annotations: org.springframework.data.redis.core.RedisHash (preferred), or consider extending one of the following types with your repository: org.springframework.data.keyvalue.repository.KeyValueRepository
11:02:03.181 [restartedMain] INFO  o.s.d.r.c.RepositoryConfigurationExtensionSupport - Spring Data Redis - Could not safely identify store assignment for repository candidate interface ir.repository.ImageRepository; If you want this repository to be a Redis repository, consider annotating your entities with one of these annotations: org.springframework.data.redis.core.RedisHash (preferred), or consider extending one of the following types with your repository: org.springframework.data.keyvalue.repository.KeyValueRepository
11:02:03.181 [restartedMain] INFO  o.s.d.r.c.RepositoryConfigurationExtensionSupport - Spring Data Redis - Could not safely identify store assignment for repository candidate interface ir.repository.LowScoreTicketReportRepository; If you want this repository to be a Redis repository, consider annotating your entities with one of these annotations: org.springframework.data.redis.core.RedisHash (preferred), or consider extending one of the following types with your repository: org.springframework.data.keyvalue.repository.KeyValueRepository
11:02:03.181 [restartedMain] INFO  o.s.d.r.c.RepositoryConfigurationExtensionSupport - Spring Data Redis - Could not safely identify store assignment for repository candidate interface ir.repository.MessageRepository; If you want this repository to be a Redis repository, consider annotating your entities with one of these annotations: org.springframework.data.redis.core.RedisHash (preferred), or consider extending one of the following types with your repository: org.springframework.data.keyvalue.repository.KeyValueRepository
11:02:03.181 [restartedMain] INFO  o.s.d.r.c.RepositoryConfigurationExtensionSupport - Spring Data Redis - Could not safely identify store assignment for repository candidate interface ir.repository.NotificationRepository; If you want this repository to be a Redis repository, consider annotating your entities with one of these annotations: org.springframework.data.redis.core.RedisHash (preferred), or consider extending one of the following types with your repository: org.springframework.data.keyvalue.repository.KeyValueRepository
11:02:03.181 [restartedMain] INFO  o.s.d.r.c.RepositoryConfigurationExtensionSupport - Spring Data Redis - Could not safely identify store assignment for repository candidate interface ir.repository.OutboxRepository; If you want this repository to be a Redis repository, consider annotating your entities with one of these annotations: org.springframework.data.redis.core.RedisHash (preferred), or consider extending one of the following types with your repository: org.springframework.data.keyvalue.repository.KeyValueRepository
11:02:03.182 [restartedMain] INFO  o.s.d.r.c.RepositoryConfigurationExtensionSupport - Spring Data Redis - Could not safely identify store assignment for repository candidate interface ir.repository.PermissionRepository; If you want this repository to be a Redis repository, consider annotating your entities with one of these annotations: org.springframework.data.redis.core.RedisHash (preferred), or consider extending one of the following types with your repository: org.springframework.data.keyvalue.repository.KeyValueRepository
11:02:03.182 [restartedMain] INFO  o.s.d.r.c.RepositoryConfigurationExtensionSupport - Spring Data Redis - Could not safely identify store assignment for repository candidate interface ir.repository.ProfileRepository; If you want this repository to be a Redis repository, consider annotating your entities with one of these annotations: org.springframework.data.redis.core.RedisHash (preferred), or consider extending one of the following types with your repository: org.springframework.data.keyvalue.repository.KeyValueRepository
11:02:03.182 [restartedMain] INFO  o.s.d.r.c.RepositoryConfigurationExtensionSupport - Spring Data Redis - Could not safely identify store assignment for repository candidate interface ir.repository.RoleRepository; If you want this repository to be a Redis repository, consider annotating your entities with one of these annotations: org.springframework.data.redis.core.RedisHash (preferred), or consider extending one of the following types with your repository: org.springframework.data.keyvalue.repository.KeyValueRepository
11:02:03.182 [restartedMain] INFO  o.s.d.r.c.RepositoryConfigurationExtensionSupport - Spring Data Redis - Could not safely identify store assignment for repository candidate interface ir.repository.SectionRepository; If you want this repository to be a Redis repository, consider annotating your entities with one of these annotations: org.springframework.data.redis.core.RedisHash (preferred), or consider extending one of the following types with your repository: org.springframework.data.keyvalue.repository.KeyValueRepository
11:02:03.182 [restartedMain] INFO  o.s.d.r.c.RepositoryConfigurationExtensionSupport - Spring Data Redis - Could not safely identify store assignment for repository candidate interface ir.repository.TicketRepository; If you want this repository to be a Redis repository, consider annotating your entities with one of these annotations: org.springframework.data.redis.core.RedisHash (preferred), or consider extending one of the following types with your repository: org.springframework.data.keyvalue.repository.KeyValueRepository
11:02:03.182 [restartedMain] INFO  o.s.d.r.c.RepositoryConfigurationExtensionSupport - Spring Data Redis - Could not safely identify store assignment for repository candidate interface ir.repository.UserRepository; If you want this repository to be a Redis repository, consider annotating your entities with one of these annotations: org.springframework.data.redis.core.RedisHash (preferred), or consider extending one of the following types with your repository: org.springframework.data.keyvalue.repository.KeyValueRepository
11:02:03.182 [restartedMain] INFO  o.s.d.r.c.RepositoryConfigurationDelegate - Finished Spring Data repository scanning in 6 ms. Found 0 Redis repository interfaces.
11:02:03.409 [restartedMain] INFO  o.s.cloud.context.scope.GenericScope - BeanFactory id=42e78484-4cca-3390-b734-2aa1eb7372db
11:02:04.129 [restartedMain] INFO  o.s.b.w.e.tomcat.TomcatWebServer - Tomcat initialized with port 8443 (https)
11:02:04.137 [restartedMain] INFO  o.a.coyote.http11.Http11NioProtocol - Initializing ProtocolHandler ["https-jsse-nio-8443"]
11:02:04.139 [restartedMain] INFO  o.a.catalina.core.StandardService - Starting service [Tomcat]
11:02:04.139 [restartedMain] INFO  o.a.catalina.core.StandardEngine - Starting Servlet engine: [Apache Tomcat/10.1.36]
11:02:04.188 [restartedMain] INFO  o.a.c.c.C.[Tomcat].[localhost].[/] - Initializing Spring embedded WebApplicationContext
11:02:04.188 [restartedMain] INFO  o.s.b.w.s.c.ServletWebServerApplicationContext - Root WebApplicationContext: initialization completed in 2263 ms
11:02:04.632 [restartedMain] INFO  com.zaxxer.hikari.HikariDataSource - HikariPool-1 - Starting...
11:02:04.831 [restartedMain] INFO  com.zaxxer.hikari.pool.HikariPool - HikariPool-1 - Added connection oracle.jdbc.driver.T4CConnection@1274bacb
11:02:04.832 [restartedMain] INFO  com.zaxxer.hikari.HikariDataSource - HikariPool-1 - Start completed.
11:02:04.846 [restartedMain] INFO  org.flywaydb.core.FlywayExecutor - Database: jdbc:oracle:thin:@localhost:1521:xe (Oracle 21.0)
11:02:04.970 [restartedMain] INFO  o.f.c.i.s.JdbcTableSchemaHistory - Schema history table "TICKETING_SPRING"."flyway_schema_history" does not exist yet
11:02:04.973 [restartedMain] INFO  o.f.core.internal.command.DbValidate - Successfully validated 2 migrations (execution time 00:00.013s)
11:02:05.589 [restartedMain] INFO  o.f.c.i.s.JdbcTableSchemaHistory - Creating Schema History table "TICKETING_SPRING"."flyway_schema_history" with baseline ...
11:02:05.757 [restartedMain] INFO  o.f.core.internal.command.DbBaseline - Successfully baselined schema with version: 1
11:02:05.790 [restartedMain] INFO  o.f.core.internal.command.DbMigrate - Current version of schema "TICKETING_SPRING": 1
11:02:05.796 [restartedMain] INFO  o.f.core.internal.command.DbMigrate - Migrating schema "TICKETING_SPRING" to version "2 - create log table"
11:02:05.812 [restartedMain] ERROR o.f.core.internal.command.DbMigrate - Migration of schema "TICKETING_SPRING" to version "2 - create log table" failed! Please restore backups and roll back database and code!
11:02:05.825 [restartedMain] WARN  o.s.b.w.s.c.AnnotationConfigServletWebServerApplicationContext - Exception encountered during context initialization - cancelling refresh attempt: org.springframework.beans.factory.BeanCreationException: Error creating bean with name 'entityManagerFactory' defined in class path resource [org/springframework/boot/autoconfigure/orm/jpa/HibernateJpaConfiguration.class]: Failed to initialize dependency 'flywayInitializer' of LoadTimeWeaverAware bean 'entityManagerFactory': Error creating bean with name 'flywayInitializer' defined in class path resource [org/springframework/boot/autoconfigure/flyway/FlywayAutoConfiguration$FlywayConfiguration.class]: Script V2__create_log_table.sql failed
--------------------------------------
SQL State  : 42000
Error Code : 904
Message    : ORA-00904: : invalid identifier
Location   : db/migration/oracle/V2__create_log_table.sql (D:\JAVA\MFT learning\projects\Spring\ticketing_spring_sample\target\classes\db\migration\oracle\V2__create_log_table.sql)
Line       : 1
Statement  : Run Flyway with -X option to see the actual statement causing the problem

11:02:05.825 [restartedMain] INFO  com.zaxxer.hikari.HikariDataSource - HikariPool-1 - Shutdown initiated...
11:02:05.833 [restartedMain] INFO  com.zaxxer.hikari.HikariDataSource - HikariPool-1 - Shutdown completed.
11:02:05.837 [restartedMain] INFO  o.a.catalina.core.StandardService - Stopping service [Tomcat]
11:02:05.854 [restartedMain] INFO  o.s.b.a.l.ConditionEvaluationReportLogger - 

Error starting ApplicationContext. To display the condition evaluation report re-run your application with 'debug' enabled.
11:02:05.867 [restartedMain] ERROR o.s.boot.SpringApplication - Application run failed
org.springframework.beans.factory.BeanCreationException: Error creating bean with name 'entityManagerFactory' defined in class path resource [org/springframework/boot/autoconfigure/orm/jpa/HibernateJpaConfiguration.class]: Failed to initialize dependency 'flywayInitializer' of LoadTimeWeaverAware bean 'entityManagerFactory': Error creating bean with name 'flywayInitializer' defined in class path resource [org/springframework/boot/autoconfigure/flyway/FlywayAutoConfiguration$FlywayConfiguration.class]: Script V2__create_log_table.sql failed
--------------------------------------
SQL State  : 42000
Error Code : 904
Message    : ORA-00904: : invalid identifier
Location   : db/migration/oracle/V2__create_log_table.sql (D:\JAVA\MFT learning\projects\Spring\ticketing_spring_sample\target\classes\db\migration\oracle\V2__create_log_table.sql)
Line       : 1
Statement  : Run Flyway with -X option to see the actual statement causing the problem

	at org.springframework.beans.factory.support.AbstractBeanFactory.doGetBean(AbstractBeanFactory.java:328)
	at org.springframework.beans.factory.support.AbstractBeanFactory.getBean(AbstractBeanFactory.java:207)
	at org.springframework.context.support.AbstractApplicationContext.finishBeanFactoryInitialization(AbstractApplicationContext.java:970)
	at org.springframework.context.support.AbstractApplicationContext.refresh(AbstractApplicationContext.java:627)
	at org.springframework.boot.web.servlet.context.ServletWebServerApplicationContext.refresh(ServletWebServerApplicationContext.java:146)
	at org.springframework.boot.SpringApplication.refresh(SpringApplication.java:752)
	at org.springframework.boot.SpringApplication.refreshContext(SpringApplication.java:439)
	at org.springframework.boot.SpringApplication.run(SpringApplication.java:318)
	at org.springframework.boot.SpringApplication.run(SpringApplication.java:1361)
	at org.springframework.boot.SpringApplication.run(SpringApplication.java:1350)
	at ir.TicketingSpringSample.main(TicketingSpringSample.java:43)
	at java.base/jdk.internal.reflect.NativeMethodAccessorImpl.invoke0(Native Method)
	at java.base/jdk.internal.reflect.NativeMethodAccessorImpl.invoke(NativeMethodAccessorImpl.java:77)
	at java.base/jdk.internal.reflect.DelegatingMethodAccessorImpl.invoke(DelegatingMethodAccessorImpl.java:43)
	at java.base/java.lang.reflect.Method.invoke(Method.java:568)
	at org.springframework.boot.devtools.restart.RestartLauncher.run(RestartLauncher.java:50)
Caused by: org.springframework.beans.factory.BeanCreationException: Error creating bean with name 'flywayInitializer' defined in class path resource [org/springframework/boot/autoconfigure/flyway/FlywayAutoConfiguration$FlywayConfiguration.class]: Script V2__create_log_table.sql failed
--------------------------------------
SQL State  : 42000
Error Code : 904
Message    : ORA-00904: : invalid identifier
Location   : db/migration/oracle/V2__create_log_table.sql (D:\JAVA\MFT learning\projects\Spring\ticketing_spring_sample\target\classes\db\migration\oracle\V2__create_log_table.sql)
Line       : 1
Statement  : Run Flyway with -X option to see the actual statement causing the problem

	at org.springframework.beans.factory.support.AbstractAutowireCapableBeanFactory.initializeBean(AbstractAutowireCapableBeanFactory.java:1812)
	at org.springframework.beans.factory.support.AbstractAutowireCapableBeanFactory.doCreateBean(AbstractAutowireCapableBeanFactory.java:601)
	at org.springframework.beans.factory.support.AbstractAutowireCapableBeanFactory.createBean(AbstractAutowireCapableBeanFactory.java:523)
	at org.springframework.beans.factory.support.AbstractBeanFactory.lambda$doGetBean$0(AbstractBeanFactory.java:339)
	at org.springframework.beans.factory.support.DefaultSingletonBeanRegistry.getSingleton(DefaultSingletonBeanRegistry.java:346)
	at org.springframework.beans.factory.support.AbstractBeanFactory.doGetBean(AbstractBeanFactory.java:337)
	at org.springframework.beans.factory.support.AbstractBeanFactory.getBean(AbstractBeanFactory.java:202)
	at org.springframework.beans.factory.support.AbstractBeanFactory.doGetBean(AbstractBeanFactory.java:315)
	... 15 common frames omitted
Caused by: org.flywaydb.core.internal.exception.FlywayMigrateException: Script V2__create_log_table.sql failed
--------------------------------------
SQL State  : 42000
Error Code : 904
Message    : ORA-00904: : invalid identifier
Location   : db/migration/oracle/V2__create_log_table.sql (D:\JAVA\MFT learning\projects\Spring\ticketing_spring_sample\target\classes\db\migration\oracle\V2__create_log_table.sql)
Line       : 1
Statement  : Run Flyway with -X option to see the actual statement causing the problem

	at org.flywaydb.core.internal.command.DbMigrate.doMigrateGroup(DbMigrate.java:399)
	at org.flywaydb.core.internal.command.DbMigrate.lambda$applyMigrations$1(DbMigrate.java:283)
	at org.flywaydb.core.internal.jdbc.TransactionalExecutionTemplate.execute(TransactionalExecutionTemplate.java:59)
	at org.flywaydb.core.internal.command.DbMigrate.applyMigrations(DbMigrate.java:282)
	at org.flywaydb.core.internal.command.DbMigrate.migrateGroup(DbMigrate.java:255)
	at org.flywaydb.core.internal.command.DbMigrate.lambda$migrateAll$0(DbMigrate.java:153)
	at org.flywaydb.core.internal.jdbc.TableLockingExecutionTemplate$1.call(TableLockingExecutionTemplate.java:40)
	at org.flywaydb.core.internal.jdbc.TransactionalExecutionTemplate.execute(TransactionalExecutionTemplate.java:59)
	at org.flywaydb.core.internal.jdbc.TableLockingExecutionTemplate.execute(TableLockingExecutionTemplate.java:35)
	at org.flywaydb.core.internal.database.base.Connection.lock(Connection.java:106)
	at org.flywaydb.core.internal.schemahistory.JdbcTableSchemaHistory.lock(JdbcTableSchemaHistory.java:149)
	at org.flywaydb.core.internal.command.DbMigrate.migrateAll(DbMigrate.java:153)
	at org.flywaydb.core.internal.command.DbMigrate.migrate(DbMigrate.java:104)
	at org.flywaydb.core.Flyway.lambda$migrate$1(Flyway.java:230)
	at org.flywaydb.core.FlywayExecutor.execute(FlywayExecutor.java:213)
	at org.flywaydb.core.Flyway.migrate(Flyway.java:176)
	at org.springframework.boot.autoconfigure.flyway.FlywayMigrationInitializer.afterPropertiesSet(FlywayMigrationInitializer.java:66)
	at org.springframework.beans.factory.support.AbstractAutowireCapableBeanFactory.invokeInitMethods(AbstractAutowireCapableBeanFactory.java:1859)
	at org.springframework.beans.factory.support.AbstractAutowireCapableBeanFactory.initializeBean(AbstractAutowireCapableBeanFactory.java:1808)
	... 22 common frames omitted
Caused by: org.flywaydb.core.internal.sqlscript.FlywaySqlScriptException: Script V2__create_log_table.sql failed
--------------------------------------
SQL State  : 42000
Error Code : 904
Message    : ORA-00904: : invalid identifier
Location   : db/migration/oracle/V2__create_log_table.sql (D:\JAVA\MFT learning\projects\Spring\ticketing_spring_sample\target\classes\db\migration\oracle\V2__create_log_table.sql)
Line       : 1
Statement  : Run Flyway with -X option to see the actual statement causing the problem

	at org.flywaydb.core.internal.sqlscript.DefaultSqlScriptExecutor.handleException(DefaultSqlScriptExecutor.java:256)
	at org.flywaydb.core.internal.sqlscript.DefaultSqlScriptExecutor.executeStatement(DefaultSqlScriptExecutor.java:217)
	at org.flywaydb.core.internal.sqlscript.DefaultSqlScriptExecutor.execute(DefaultSqlScriptExecutor.java:137)
	at org.flywaydb.core.internal.resolver.sql.SqlMigrationExecutor.executeOnce(SqlMigrationExecutor.java:75)
	at org.flywaydb.core.internal.resolver.sql.SqlMigrationExecutor.lambda$execute$0(SqlMigrationExecutor.java:66)
	at org.flywaydb.core.internal.database.DefaultExecutionStrategy.execute(DefaultExecutionStrategy.java:31)
	at org.flywaydb.core.internal.resolver.sql.SqlMigrationExecutor.execute(SqlMigrationExecutor.java:65)
	at org.flywaydb.core.internal.command.DbMigrate.doMigrateGroup(DbMigrate.java:391)
	... 40 common frames omitted
Caused by: java.sql.SQLSyntaxErrorException: ORA-00904: : invalid identifier

	at oracle.jdbc.driver.T4CTTIoer11.processError(T4CTTIoer11.java:629)
	at oracle.jdbc.driver.T4CTTIoer11.processError(T4CTTIoer11.java:563)
	at oracle.jdbc.driver.T4C8Oall.processError(T4C8Oall.java:1230)
	at oracle.jdbc.driver.T4CTTIfun.receive(T4CTTIfun.java:771)
	at oracle.jdbc.driver.T4CTTIfun.doRPC(T4CTTIfun.java:298)
	at oracle.jdbc.driver.T4C8Oall.doOALL(T4C8Oall.java:511)
	at oracle.jdbc.driver.T4CStatement.doOall8(T4CStatement.java:122)
	at oracle.jdbc.driver.T4CStatement.executeForRows(T4CStatement.java:1199)
	at oracle.jdbc.driver.OracleStatement.executeSQLStatement(OracleStatement.java:1819)
	at oracle.jdbc.driver.OracleStatement.doExecuteWithTimeout(OracleStatement.java:1471)
	at oracle.jdbc.driver.OracleStatement.executeInternal(OracleStatement.java:2504)
	at oracle.jdbc.driver.OracleStatement.execute(OracleStatement.java:2459)
	at oracle.jdbc.driver.OracleStatementWrapper.execute(OracleStatementWrapper.java:327)
	at com.zaxxer.hikari.pool.ProxyStatement.execute(ProxyStatement.java:94)
	at com.zaxxer.hikari.pool.HikariProxyStatement.execute(HikariProxyStatement.java)
	at org.flywaydb.core.internal.jdbc.JdbcTemplate.executeStatement(JdbcTemplate.java:210)
	at org.flywaydb.core.internal.sqlscript.ParsedSqlStatement.execute(ParsedSqlStatement.java:88)
	at org.flywaydb.core.internal.sqlscript.DefaultSqlScriptExecutor.executeStatement(DefaultSqlScriptExecutor.java:212)
	... 46 common frames omitted
Caused by: oracle.jdbc.OracleDatabaseException: ORA-00904: : invalid identifier

	at oracle.jdbc.driver.T4CTTIoer11.processError(T4CTTIoer11.java:636)
	... 63 common frames omitted
11:14:09.315 [background-preinit] INFO  o.h.validator.internal.util.Version - HV000001: Hibernate Validator 8.0.2.Final
11:14:09.349 [restartedMain] INFO  ir.TicketingSpringSample - Starting TicketingSpringSample using Java 17.0.12 with PID 12716 (D:\JAVA\MFT learning\projects\Spring\ticketing_spring_sample\target\classes started by arbab in D:\JAVA\MFT learning\projects\Spring\ticketing_spring_sample)
11:14:09.350 [restartedMain] INFO  ir.TicketingSpringSample - The following 1 profile is active: "dev"
11:14:09.396 [restartedMain] INFO  o.s.b.d.restart.ChangeableUrls - The Class-Path manifest attribute in C:\Users\arbab\.m2\repository\com\oracle\database\jdbc\ojdbc11\21.9.0.0\ojdbc11-21.9.0.0.jar referenced one or more files that do not exist: file:/C:/Users/arbab/.m2/repository/com/oracle/database/jdbc/ojdbc11/21.9.0.0/oraclepki.jar
11:14:09.396 [restartedMain] INFO  o.s.b.d.e.DevToolsPropertyDefaultsPostProcessor - Devtools property defaults active! Set 'spring.devtools.add-properties' to 'false' to disable
11:14:09.396 [restartedMain] INFO  o.s.b.d.e.DevToolsPropertyDefaultsPostProcessor - For additional web related logging consider setting the 'logging.level.web' property to 'DEBUG'
11:14:10.099 [restartedMain] INFO  o.s.b.f.s.DefaultListableBeanFactory - Overriding bean definition for bean 'localeResolver' with a different definition: replacing [Root bean: class=null; scope=; abstract=false; lazyInit=null; autowireMode=3; dependencyCheck=0; autowireCandidate=true; primary=false; fallback=false; factoryBeanName=org.springframework.web.servlet.config.annotation.DelegatingWebMvcConfiguration; factoryMethodName=localeResolver; initMethodNames=null; destroyMethodNames=[(inferred)]; defined in class path resource [org/springframework/web/servlet/config/annotation/DelegatingWebMvcConfiguration.class]] with [Root bean: class=null; scope=; abstract=false; lazyInit=null; autowireMode=3; dependencyCheck=0; autowireCandidate=true; primary=false; fallback=false; factoryBeanName=webConfig; factoryMethodName=localeResolver; initMethodNames=null; destroyMethodNames=[(inferred)]; defined in class path resource [ir/config/WebConfig.class]]
11:14:10.104 [restartedMain] INFO  o.s.d.r.c.RepositoryConfigurationDelegate - Multiple Spring Data modules found, entering strict repository configuration mode
11:14:10.104 [restartedMain] INFO  o.s.d.r.c.RepositoryConfigurationDelegate - Bootstrapping Spring Data JPA repositories in DEFAULT mode.
11:14:10.218 [restartedMain] INFO  o.s.d.r.c.RepositoryConfigurationExtensionSupport - Spring Data JPA - Could not safely identify store assignment for repository candidate interface ir.repository.ImageRepository; If you want this repository to be a JPA repository, consider annotating your entities with one of these annotations: jakarta.persistence.Entity, jakarta.persistence.MappedSuperclass (preferred), or consider extending one of the following types with your repository: org.springframework.data.jpa.repository.JpaRepository
11:14:10.273 [restartedMain] INFO  o.s.d.r.c.RepositoryConfigurationDelegate - Finished Spring Data repository scanning in 162 ms. Found 12 JPA repository interfaces.
11:14:10.630 [restartedMain] INFO  o.s.d.r.c.RepositoryConfigurationDelegate - Multiple Spring Data modules found, entering strict repository configuration mode
11:14:10.630 [restartedMain] INFO  o.s.d.r.c.RepositoryConfigurationDelegate - Bootstrapping Spring Data MongoDB repositories in DEFAULT mode.
11:14:10.643 [restartedMain] INFO  o.s.d.r.c.RepositoryConfigurationExtensionSupport - Spring Data MongoDB - Could not safely identify store assignment for repository candidate interface ir.repository.AttachmentRepository; If you want this repository to be a MongoDB repository, consider annotating your entities with one of these annotations: org.springframework.data.mongodb.core.mapping.Document (preferred), or consider extending one of the following types with your repository: org.springframework.data.mongodb.repository.MongoRepository
11:14:10.644 [restartedMain] INFO  o.s.d.r.c.RepositoryConfigurationExtensionSupport - Spring Data MongoDB - Could not safely identify store assignment for repository candidate interface ir.repository.BuildingRepository; If you want this repository to be a MongoDB repository, consider annotating your entities with one of these annotations: org.springframework.data.mongodb.core.mapping.Document (preferred), or consider extending one of the following types with your repository: org.springframework.data.mongodb.repository.MongoRepository
11:14:10.644 [restartedMain] INFO  o.s.d.r.c.RepositoryConfigurationExtensionSupport - Spring Data MongoDB - Could not safely identify store assignment for repository candidate interface ir.repository.LowScoreTicketReportRepository; If you want this repository to be a MongoDB repository, consider annotating your entities with one of these annotations: org.springframework.data.mongodb.core.mapping.Document (preferred), or consider extending one of the following types with your repository: org.springframework.data.mongodb.repository.MongoRepository
11:14:10.644 [restartedMain] INFO  o.s.d.r.c.RepositoryConfigurationExtensionSupport - Spring Data MongoDB - Could not safely identify store assignment for repository candidate interface ir.repository.MessageRepository; If you want this repository to be a MongoDB repository, consider annotating your entities with one of these annotations: org.springframework.data.mongodb.core.mapping.Document (preferred), or consider extending one of the following types with your repository: org.springframework.data.mongodb.repository.MongoRepository
11:14:10.644 [restartedMain] INFO  o.s.d.r.c.RepositoryConfigurationExtensionSupport - Spring Data MongoDB - Could not safely identify store assignment for repository candidate interface ir.repository.NotificationRepository; If you want this repository to be a MongoDB repository, consider annotating your entities with one of these annotations: org.springframework.data.mongodb.core.mapping.Document (preferred), or consider extending one of the following types with your repository: org.springframework.data.mongodb.repository.MongoRepository
11:14:10.644 [restartedMain] INFO  o.s.d.r.c.RepositoryConfigurationExtensionSupport - Spring Data MongoDB - Could not safely identify store assignment for repository candidate interface ir.repository.OutboxRepository; If you want this repository to be a MongoDB repository, consider annotating your entities with one of these annotations: org.springframework.data.mongodb.core.mapping.Document (preferred), or consider extending one of the following types with your repository: org.springframework.data.mongodb.repository.MongoRepository
11:14:10.645 [restartedMain] INFO  o.s.d.r.c.RepositoryConfigurationExtensionSupport - Spring Data MongoDB - Could not safely identify store assignment for repository candidate interface ir.repository.PermissionRepository; If you want this repository to be a MongoDB repository, consider annotating your entities with one of these annotations: org.springframework.data.mongodb.core.mapping.Document (preferred), or consider extending one of the following types with your repository: org.springframework.data.mongodb.repository.MongoRepository
11:14:10.645 [restartedMain] INFO  o.s.d.r.c.RepositoryConfigurationExtensionSupport - Spring Data MongoDB - Could not safely identify store assignment for repository candidate interface ir.repository.ProfileRepository; If you want this repository to be a MongoDB repository, consider annotating your entities with one of these annotations: org.springframework.data.mongodb.core.mapping.Document (preferred), or consider extending one of the following types with your repository: org.springframework.data.mongodb.repository.MongoRepository
11:14:10.645 [restartedMain] INFO  o.s.d.r.c.RepositoryConfigurationExtensionSupport - Spring Data MongoDB - Could not safely identify store assignment for repository candidate interface ir.repository.RoleRepository; If you want this repository to be a MongoDB repository, consider annotating your entities with one of these annotations: org.springframework.data.mongodb.core.mapping.Document (preferred), or consider extending one of the following types with your repository: org.springframework.data.mongodb.repository.MongoRepository
11:14:10.645 [restartedMain] INFO  o.s.d.r.c.RepositoryConfigurationExtensionSupport - Spring Data MongoDB - Could not safely identify store assignment for repository candidate interface ir.repository.SectionRepository; If you want this repository to be a MongoDB repository, consider annotating your entities with one of these annotations: org.springframework.data.mongodb.core.mapping.Document (preferred), or consider extending one of the following types with your repository: org.springframework.data.mongodb.repository.MongoRepository
11:14:10.645 [restartedMain] INFO  o.s.d.r.c.RepositoryConfigurationExtensionSupport - Spring Data MongoDB - Could not safely identify store assignment for repository candidate interface ir.repository.TicketRepository; If you want this repository to be a MongoDB repository, consider annotating your entities with one of these annotations: org.springframework.data.mongodb.core.mapping.Document (preferred), or consider extending one of the following types with your repository: org.springframework.data.mongodb.repository.MongoRepository
11:14:10.646 [restartedMain] INFO  o.s.d.r.c.RepositoryConfigurationExtensionSupport - Spring Data MongoDB - Could not safely identify store assignment for repository candidate interface ir.repository.UserRepository; If you want this repository to be a MongoDB repository, consider annotating your entities with one of these annotations: org.springframework.data.mongodb.core.mapping.Document (preferred), or consider extending one of the following types with your repository: org.springframework.data.mongodb.repository.MongoRepository
11:14:10.652 [restartedMain] INFO  o.s.d.r.c.RepositoryConfigurationDelegate - Finished Spring Data repository scanning in 20 ms. Found 1 MongoDB repository interface.
11:14:10.660 [restartedMain] INFO  o.s.d.r.c.RepositoryConfigurationDelegate - Multiple Spring Data modules found, entering strict repository configuration mode
11:14:10.660 [restartedMain] INFO  o.s.d.r.c.RepositoryConfigurationDelegate - Bootstrapping Spring Data Redis repositories in DEFAULT mode.
11:14:10.671 [restartedMain] INFO  o.s.d.r.c.RepositoryConfigurationExtensionSupport - Spring Data Redis - Could not safely identify store assignment for repository candidate interface ir.repository.AttachmentRepository; If you want this repository to be a Redis repository, consider annotating your entities with one of these annotations: org.springframework.data.redis.core.RedisHash (preferred), or consider extending one of the following types with your repository: org.springframework.data.keyvalue.repository.KeyValueRepository
11:14:10.672 [restartedMain] INFO  o.s.d.r.c.RepositoryConfigurationExtensionSupport - Spring Data Redis - Could not safely identify store assignment for repository candidate interface ir.repository.BuildingRepository; If you want this repository to be a Redis repository, consider annotating your entities with one of these annotations: org.springframework.data.redis.core.RedisHash (preferred), or consider extending one of the following types with your repository: org.springframework.data.keyvalue.repository.KeyValueRepository
11:14:10.672 [restartedMain] INFO  o.s.d.r.c.RepositoryConfigurationExtensionSupport - Spring Data Redis - Could not safely identify store assignment for repository candidate interface ir.repository.ImageRepository; If you want this repository to be a Redis repository, consider annotating your entities with one of these annotations: org.springframework.data.redis.core.RedisHash (preferred), or consider extending one of the following types with your repository: org.springframework.data.keyvalue.repository.KeyValueRepository
11:14:10.672 [restartedMain] INFO  o.s.d.r.c.RepositoryConfigurationExtensionSupport - Spring Data Redis - Could not safely identify store assignment for repository candidate interface ir.repository.LowScoreTicketReportRepository; If you want this repository to be a Redis repository, consider annotating your entities with one of these annotations: org.springframework.data.redis.core.RedisHash (preferred), or consider extending one of the following types with your repository: org.springframework.data.keyvalue.repository.KeyValueRepository
11:14:10.672 [restartedMain] INFO  o.s.d.r.c.RepositoryConfigurationExtensionSupport - Spring Data Redis - Could not safely identify store assignment for repository candidate interface ir.repository.MessageRepository; If you want this repository to be a Redis repository, consider annotating your entities with one of these annotations: org.springframework.data.redis.core.RedisHash (preferred), or consider extending one of the following types with your repository: org.springframework.data.keyvalue.repository.KeyValueRepository
11:14:10.672 [restartedMain] INFO  o.s.d.r.c.RepositoryConfigurationExtensionSupport - Spring Data Redis - Could not safely identify store assignment for repository candidate interface ir.repository.NotificationRepository; If you want this repository to be a Redis repository, consider annotating your entities with one of these annotations: org.springframework.data.redis.core.RedisHash (preferred), or consider extending one of the following types with your repository: org.springframework.data.keyvalue.repository.KeyValueRepository
11:14:10.672 [restartedMain] INFO  o.s.d.r.c.RepositoryConfigurationExtensionSupport - Spring Data Redis - Could not safely identify store assignment for repository candidate interface ir.repository.OutboxRepository; If you want this repository to be a Redis repository, consider annotating your entities with one of these annotations: org.springframework.data.redis.core.RedisHash (preferred), or consider extending one of the following types with your repository: org.springframework.data.keyvalue.repository.KeyValueRepository
11:14:10.672 [restartedMain] INFO  o.s.d.r.c.RepositoryConfigurationExtensionSupport - Spring Data Redis - Could not safely identify store assignment for repository candidate interface ir.repository.PermissionRepository; If you want this repository to be a Redis repository, consider annotating your entities with one of these annotations: org.springframework.data.redis.core.RedisHash (preferred), or consider extending one of the following types with your repository: org.springframework.data.keyvalue.repository.KeyValueRepository
11:14:10.673 [restartedMain] INFO  o.s.d.r.c.RepositoryConfigurationExtensionSupport - Spring Data Redis - Could not safely identify store assignment for repository candidate interface ir.repository.ProfileRepository; If you want this repository to be a Redis repository, consider annotating your entities with one of these annotations: org.springframework.data.redis.core.RedisHash (preferred), or consider extending one of the following types with your repository: org.springframework.data.keyvalue.repository.KeyValueRepository
11:14:10.673 [restartedMain] INFO  o.s.d.r.c.RepositoryConfigurationExtensionSupport - Spring Data Redis - Could not safely identify store assignment for repository candidate interface ir.repository.RoleRepository; If you want this repository to be a Redis repository, consider annotating your entities with one of these annotations: org.springframework.data.redis.core.RedisHash (preferred), or consider extending one of the following types with your repository: org.springframework.data.keyvalue.repository.KeyValueRepository
11:14:10.673 [restartedMain] INFO  o.s.d.r.c.RepositoryConfigurationExtensionSupport - Spring Data Redis - Could not safely identify store assignment for repository candidate interface ir.repository.SectionRepository; If you want this repository to be a Redis repository, consider annotating your entities with one of these annotations: org.springframework.data.redis.core.RedisHash (preferred), or consider extending one of the following types with your repository: org.springframework.data.keyvalue.repository.KeyValueRepository
11:14:10.673 [restartedMain] INFO  o.s.d.r.c.RepositoryConfigurationExtensionSupport - Spring Data Redis - Could not safely identify store assignment for repository candidate interface ir.repository.TicketRepository; If you want this repository to be a Redis repository, consider annotating your entities with one of these annotations: org.springframework.data.redis.core.RedisHash (preferred), or consider extending one of the following types with your repository: org.springframework.data.keyvalue.repository.KeyValueRepository
11:14:10.673 [restartedMain] INFO  o.s.d.r.c.RepositoryConfigurationExtensionSupport - Spring Data Redis - Could not safely identify store assignment for repository candidate interface ir.repository.UserRepository; If you want this repository to be a Redis repository, consider annotating your entities with one of these annotations: org.springframework.data.redis.core.RedisHash (preferred), or consider extending one of the following types with your repository: org.springframework.data.keyvalue.repository.KeyValueRepository
11:14:10.673 [restartedMain] INFO  o.s.d.r.c.RepositoryConfigurationDelegate - Finished Spring Data repository scanning in 6 ms. Found 0 Redis repository interfaces.
11:14:10.902 [restartedMain] INFO  o.s.cloud.context.scope.GenericScope - BeanFactory id=42e78484-4cca-3390-b734-2aa1eb7372db
11:14:11.614 [restartedMain] INFO  o.s.b.w.e.tomcat.TomcatWebServer - Tomcat initialized with port 8443 (https)
11:14:11.622 [restartedMain] INFO  o.a.coyote.http11.Http11NioProtocol - Initializing ProtocolHandler ["https-jsse-nio-8443"]
11:14:11.625 [restartedMain] INFO  o.a.catalina.core.StandardService - Starting service [Tomcat]
11:14:11.625 [restartedMain] INFO  o.a.catalina.core.StandardEngine - Starting Servlet engine: [Apache Tomcat/10.1.36]
11:14:11.671 [restartedMain] INFO  o.a.c.c.C.[Tomcat].[localhost].[/] - Initializing Spring embedded WebApplicationContext
11:14:11.671 [restartedMain] INFO  o.s.b.w.s.c.ServletWebServerApplicationContext - Root WebApplicationContext: initialization completed in 2265 ms
11:14:12.126 [restartedMain] INFO  com.zaxxer.hikari.HikariDataSource - HikariPool-1 - Starting...
11:14:12.317 [restartedMain] INFO  com.zaxxer.hikari.pool.HikariPool - HikariPool-1 - Added connection oracle.jdbc.driver.T4CConnection@175af3af
11:14:12.319 [restartedMain] INFO  com.zaxxer.hikari.HikariDataSource - HikariPool-1 - Start completed.
11:14:12.331 [restartedMain] INFO  org.flywaydb.core.FlywayExecutor - Database: jdbc:oracle:thin:@localhost:1521:xe (Oracle 21.0)
11:14:12.479 [restartedMain] WARN  o.s.b.w.s.c.AnnotationConfigServletWebServerApplicationContext - Exception encountered during context initialization - cancelling refresh attempt: org.springframework.beans.factory.BeanCreationException: Error creating bean with name 'entityManagerFactory' defined in class path resource [org/springframework/boot/autoconfigure/orm/jpa/HibernateJpaConfiguration.class]: Failed to initialize dependency 'flywayInitializer' of LoadTimeWeaverAware bean 'entityManagerFactory': Error creating bean with name 'flywayInitializer' defined in class path resource [org/springframework/boot/autoconfigure/flyway/FlywayAutoConfiguration$FlywayConfiguration.class]: Validate failed: Migrations have failed validation
Detected failed migration to version 2 (create log table).
Please remove any half-completed changes then run repair to fix the schema history.
Need more flexibility with validation rules? Learn more: https://rd.gt/3AbJUZE
11:14:12.480 [restartedMain] INFO  com.zaxxer.hikari.HikariDataSource - HikariPool-1 - Shutdown initiated...
11:14:12.501 [restartedMain] INFO  com.zaxxer.hikari.HikariDataSource - HikariPool-1 - Shutdown completed.
11:14:12.503 [restartedMain] INFO  o.a.catalina.core.StandardService - Stopping service [Tomcat]
11:14:12.520 [restartedMain] INFO  o.s.b.a.l.ConditionEvaluationReportLogger - 

Error starting ApplicationContext. To display the condition evaluation report re-run your application with 'debug' enabled.
11:14:12.533 [restartedMain] ERROR o.s.boot.SpringApplication - Application run failed
org.springframework.beans.factory.BeanCreationException: Error creating bean with name 'entityManagerFactory' defined in class path resource [org/springframework/boot/autoconfigure/orm/jpa/HibernateJpaConfiguration.class]: Failed to initialize dependency 'flywayInitializer' of LoadTimeWeaverAware bean 'entityManagerFactory': Error creating bean with name 'flywayInitializer' defined in class path resource [org/springframework/boot/autoconfigure/flyway/FlywayAutoConfiguration$FlywayConfiguration.class]: Validate failed: Migrations have failed validation
Detected failed migration to version 2 (create log table).
Please remove any half-completed changes then run repair to fix the schema history.
Need more flexibility with validation rules? Learn more: https://rd.gt/3AbJUZE
	at org.springframework.beans.factory.support.AbstractBeanFactory.doGetBean(AbstractBeanFactory.java:328)
	at org.springframework.beans.factory.support.AbstractBeanFactory.getBean(AbstractBeanFactory.java:207)
	at org.springframework.context.support.AbstractApplicationContext.finishBeanFactoryInitialization(AbstractApplicationContext.java:970)
	at org.springframework.context.support.AbstractApplicationContext.refresh(AbstractApplicationContext.java:627)
	at org.springframework.boot.web.servlet.context.ServletWebServerApplicationContext.refresh(ServletWebServerApplicationContext.java:146)
	at org.springframework.boot.SpringApplication.refresh(SpringApplication.java:752)
	at org.springframework.boot.SpringApplication.refreshContext(SpringApplication.java:439)
	at org.springframework.boot.SpringApplication.run(SpringApplication.java:318)
	at org.springframework.boot.SpringApplication.run(SpringApplication.java:1361)
	at org.springframework.boot.SpringApplication.run(SpringApplication.java:1350)
	at ir.TicketingSpringSample.main(TicketingSpringSample.java:43)
	at java.base/jdk.internal.reflect.NativeMethodAccessorImpl.invoke0(Native Method)
	at java.base/jdk.internal.reflect.NativeMethodAccessorImpl.invoke(NativeMethodAccessorImpl.java:77)
	at java.base/jdk.internal.reflect.DelegatingMethodAccessorImpl.invoke(DelegatingMethodAccessorImpl.java:43)
	at java.base/java.lang.reflect.Method.invoke(Method.java:568)
	at org.springframework.boot.devtools.restart.RestartLauncher.run(RestartLauncher.java:50)
Caused by: org.springframework.beans.factory.BeanCreationException: Error creating bean with name 'flywayInitializer' defined in class path resource [org/springframework/boot/autoconfigure/flyway/FlywayAutoConfiguration$FlywayConfiguration.class]: Validate failed: Migrations have failed validation
Detected failed migration to version 2 (create log table).
Please remove any half-completed changes then run repair to fix the schema history.
Need more flexibility with validation rules? Learn more: https://rd.gt/3AbJUZE
	at org.springframework.beans.factory.support.AbstractAutowireCapableBeanFactory.initializeBean(AbstractAutowireCapableBeanFactory.java:1812)
	at org.springframework.beans.factory.support.AbstractAutowireCapableBeanFactory.doCreateBean(AbstractAutowireCapableBeanFactory.java:601)
	at org.springframework.beans.factory.support.AbstractAutowireCapableBeanFactory.createBean(AbstractAutowireCapableBeanFactory.java:523)
	at org.springframework.beans.factory.support.AbstractBeanFactory.lambda$doGetBean$0(AbstractBeanFactory.java:339)
	at org.springframework.beans.factory.support.DefaultSingletonBeanRegistry.getSingleton(DefaultSingletonBeanRegistry.java:346)
	at org.springframework.beans.factory.support.AbstractBeanFactory.doGetBean(AbstractBeanFactory.java:337)
	at org.springframework.beans.factory.support.AbstractBeanFactory.getBean(AbstractBeanFactory.java:202)
	at org.springframework.beans.factory.support.AbstractBeanFactory.doGetBean(AbstractBeanFactory.java:315)
	... 15 common frames omitted
Caused by: org.flywaydb.core.api.exception.FlywayValidateException: Validate failed: Migrations have failed validation
Detected failed migration to version 2 (create log table).
Please remove any half-completed changes then run repair to fix the schema history.
Need more flexibility with validation rules? Learn more: https://rd.gt/3AbJUZE
	at org.flywaydb.core.Flyway.lambda$migrate$1(Flyway.java:189)
	at org.flywaydb.core.FlywayExecutor.execute(FlywayExecutor.java:213)
	at org.flywaydb.core.Flyway.migrate(Flyway.java:176)
	at org.springframework.boot.autoconfigure.flyway.FlywayMigrationInitializer.afterPropertiesSet(FlywayMigrationInitializer.java:66)
	at org.springframework.beans.factory.support.AbstractAutowireCapableBeanFactory.invokeInitMethods(AbstractAutowireCapableBeanFactory.java:1859)
	at org.springframework.beans.factory.support.AbstractAutowireCapableBeanFactory.initializeBean(AbstractAutowireCapableBeanFactory.java:1808)
	... 22 common frames omitted
11:16:00.304 [background-preinit] INFO  o.h.validator.internal.util.Version - HV000001: Hibernate Validator 8.0.2.Final
11:16:00.337 [restartedMain] INFO  ir.TicketingSpringSample - Starting TicketingSpringSample using Java 17.0.12 with PID 17980 (D:\JAVA\MFT learning\projects\Spring\ticketing_spring_sample\target\classes started by arbab in D:\JAVA\MFT learning\projects\Spring\ticketing_spring_sample)
11:16:00.338 [restartedMain] INFO  ir.TicketingSpringSample - The following 1 profile is active: "dev"
11:16:00.386 [restartedMain] INFO  o.s.b.d.restart.ChangeableUrls - The Class-Path manifest attribute in C:\Users\arbab\.m2\repository\com\oracle\database\jdbc\ojdbc11\21.9.0.0\ojdbc11-21.9.0.0.jar referenced one or more files that do not exist: file:/C:/Users/arbab/.m2/repository/com/oracle/database/jdbc/ojdbc11/21.9.0.0/oraclepki.jar
11:16:00.386 [restartedMain] INFO  o.s.b.d.e.DevToolsPropertyDefaultsPostProcessor - Devtools property defaults active! Set 'spring.devtools.add-properties' to 'false' to disable
11:16:00.386 [restartedMain] INFO  o.s.b.d.e.DevToolsPropertyDefaultsPostProcessor - For additional web related logging consider setting the 'logging.level.web' property to 'DEBUG'
11:16:01.070 [restartedMain] INFO  o.s.b.f.s.DefaultListableBeanFactory - Overriding bean definition for bean 'localeResolver' with a different definition: replacing [Root bean: class=null; scope=; abstract=false; lazyInit=null; autowireMode=3; dependencyCheck=0; autowireCandidate=true; primary=false; fallback=false; factoryBeanName=org.springframework.web.servlet.config.annotation.DelegatingWebMvcConfiguration; factoryMethodName=localeResolver; initMethodNames=null; destroyMethodNames=[(inferred)]; defined in class path resource [org/springframework/web/servlet/config/annotation/DelegatingWebMvcConfiguration.class]] with [Root bean: class=null; scope=; abstract=false; lazyInit=null; autowireMode=3; dependencyCheck=0; autowireCandidate=true; primary=false; fallback=false; factoryBeanName=webConfig; factoryMethodName=localeResolver; initMethodNames=null; destroyMethodNames=[(inferred)]; defined in class path resource [ir/config/WebConfig.class]]
11:16:01.076 [restartedMain] INFO  o.s.d.r.c.RepositoryConfigurationDelegate - Multiple Spring Data modules found, entering strict repository configuration mode
11:16:01.076 [restartedMain] INFO  o.s.d.r.c.RepositoryConfigurationDelegate - Bootstrapping Spring Data JPA repositories in DEFAULT mode.
11:16:01.189 [restartedMain] INFO  o.s.d.r.c.RepositoryConfigurationExtensionSupport - Spring Data JPA - Could not safely identify store assignment for repository candidate interface ir.repository.ImageRepository; If you want this repository to be a JPA repository, consider annotating your entities with one of these annotations: jakarta.persistence.Entity, jakarta.persistence.MappedSuperclass (preferred), or consider extending one of the following types with your repository: org.springframework.data.jpa.repository.JpaRepository
11:16:01.241 [restartedMain] INFO  o.s.d.r.c.RepositoryConfigurationDelegate - Finished Spring Data repository scanning in 159 ms. Found 12 JPA repository interfaces.
11:16:01.589 [restartedMain] INFO  o.s.d.r.c.RepositoryConfigurationDelegate - Multiple Spring Data modules found, entering strict repository configuration mode
11:16:01.590 [restartedMain] INFO  o.s.d.r.c.RepositoryConfigurationDelegate - Bootstrapping Spring Data MongoDB repositories in DEFAULT mode.
11:16:01.605 [restartedMain] INFO  o.s.d.r.c.RepositoryConfigurationExtensionSupport - Spring Data MongoDB - Could not safely identify store assignment for repository candidate interface ir.repository.AttachmentRepository; If you want this repository to be a MongoDB repository, consider annotating your entities with one of these annotations: org.springframework.data.mongodb.core.mapping.Document (preferred), or consider extending one of the following types with your repository: org.springframework.data.mongodb.repository.MongoRepository
11:16:01.605 [restartedMain] INFO  o.s.d.r.c.RepositoryConfigurationExtensionSupport - Spring Data MongoDB - Could not safely identify store assignment for repository candidate interface ir.repository.BuildingRepository; If you want this repository to be a MongoDB repository, consider annotating your entities with one of these annotations: org.springframework.data.mongodb.core.mapping.Document (preferred), or consider extending one of the following types with your repository: org.springframework.data.mongodb.repository.MongoRepository
11:16:01.606 [restartedMain] INFO  o.s.d.r.c.RepositoryConfigurationExtensionSupport - Spring Data MongoDB - Could not safely identify store assignment for repository candidate interface ir.repository.LowScoreTicketReportRepository; If you want this repository to be a MongoDB repository, consider annotating your entities with one of these annotations: org.springframework.data.mongodb.core.mapping.Document (preferred), or consider extending one of the following types with your repository: org.springframework.data.mongodb.repository.MongoRepository
11:16:01.606 [restartedMain] INFO  o.s.d.r.c.RepositoryConfigurationExtensionSupport - Spring Data MongoDB - Could not safely identify store assignment for repository candidate interface ir.repository.MessageRepository; If you want this repository to be a MongoDB repository, consider annotating your entities with one of these annotations: org.springframework.data.mongodb.core.mapping.Document (preferred), or consider extending one of the following types with your repository: org.springframework.data.mongodb.repository.MongoRepository
11:16:01.606 [restartedMain] INFO  o.s.d.r.c.RepositoryConfigurationExtensionSupport - Spring Data MongoDB - Could not safely identify store assignment for repository candidate interface ir.repository.NotificationRepository; If you want this repository to be a MongoDB repository, consider annotating your entities with one of these annotations: org.springframework.data.mongodb.core.mapping.Document (preferred), or consider extending one of the following types with your repository: org.springframework.data.mongodb.repository.MongoRepository
11:16:01.606 [restartedMain] INFO  o.s.d.r.c.RepositoryConfigurationExtensionSupport - Spring Data MongoDB - Could not safely identify store assignment for repository candidate interface ir.repository.OutboxRepository; If you want this repository to be a MongoDB repository, consider annotating your entities with one of these annotations: org.springframework.data.mongodb.core.mapping.Document (preferred), or consider extending one of the following types with your repository: org.springframework.data.mongodb.repository.MongoRepository
11:16:01.606 [restartedMain] INFO  o.s.d.r.c.RepositoryConfigurationExtensionSupport - Spring Data MongoDB - Could not safely identify store assignment for repository candidate interface ir.repository.PermissionRepository; If you want this repository to be a MongoDB repository, consider annotating your entities with one of these annotations: org.springframework.data.mongodb.core.mapping.Document (preferred), or consider extending one of the following types with your repository: org.springframework.data.mongodb.repository.MongoRepository
11:16:01.607 [restartedMain] INFO  o.s.d.r.c.RepositoryConfigurationExtensionSupport - Spring Data MongoDB - Could not safely identify store assignment for repository candidate interface ir.repository.ProfileRepository; If you want this repository to be a MongoDB repository, consider annotating your entities with one of these annotations: org.springframework.data.mongodb.core.mapping.Document (preferred), or consider extending one of the following types with your repository: org.springframework.data.mongodb.repository.MongoRepository
11:16:01.607 [restartedMain] INFO  o.s.d.r.c.RepositoryConfigurationExtensionSupport - Spring Data MongoDB - Could not safely identify store assignment for repository candidate interface ir.repository.RoleRepository; If you want this repository to be a MongoDB repository, consider annotating your entities with one of these annotations: org.springframework.data.mongodb.core.mapping.Document (preferred), or consider extending one of the following types with your repository: org.springframework.data.mongodb.repository.MongoRepository
11:16:01.607 [restartedMain] INFO  o.s.d.r.c.RepositoryConfigurationExtensionSupport - Spring Data MongoDB - Could not safely identify store assignment for repository candidate interface ir.repository.SectionRepository; If you want this repository to be a MongoDB repository, consider annotating your entities with one of these annotations: org.springframework.data.mongodb.core.mapping.Document (preferred), or consider extending one of the following types with your repository: org.springframework.data.mongodb.repository.MongoRepository
11:16:01.607 [restartedMain] INFO  o.s.d.r.c.RepositoryConfigurationExtensionSupport - Spring Data MongoDB - Could not safely identify store assignment for repository candidate interface ir.repository.TicketRepository; If you want this repository to be a MongoDB repository, consider annotating your entities with one of these annotations: org.springframework.data.mongodb.core.mapping.Document (preferred), or consider extending one of the following types with your repository: org.springframework.data.mongodb.repository.MongoRepository
11:16:01.607 [restartedMain] INFO  o.s.d.r.c.RepositoryConfigurationExtensionSupport - Spring Data MongoDB - Could not safely identify store assignment for repository candidate interface ir.repository.UserRepository; If you want this repository to be a MongoDB repository, consider annotating your entities with one of these annotations: org.springframework.data.mongodb.core.mapping.Document (preferred), or consider extending one of the following types with your repository: org.springframework.data.mongodb.repository.MongoRepository
11:16:01.613 [restartedMain] INFO  o.s.d.r.c.RepositoryConfigurationDelegate - Finished Spring Data repository scanning in 22 ms. Found 1 MongoDB repository interface.
11:16:01.620 [restartedMain] INFO  o.s.d.r.c.RepositoryConfigurationDelegate - Multiple Spring Data modules found, entering strict repository configuration mode
11:16:01.621 [restartedMain] INFO  o.s.d.r.c.RepositoryConfigurationDelegate - Bootstrapping Spring Data Redis repositories in DEFAULT mode.
11:16:01.633 [restartedMain] INFO  o.s.d.r.c.RepositoryConfigurationExtensionSupport - Spring Data Redis - Could not safely identify store assignment for repository candidate interface ir.repository.AttachmentRepository; If you want this repository to be a Redis repository, consider annotating your entities with one of these annotations: org.springframework.data.redis.core.RedisHash (preferred), or consider extending one of the following types with your repository: org.springframework.data.keyvalue.repository.KeyValueRepository
11:16:01.633 [restartedMain] INFO  o.s.d.r.c.RepositoryConfigurationExtensionSupport - Spring Data Redis - Could not safely identify store assignment for repository candidate interface ir.repository.BuildingRepository; If you want this repository to be a Redis repository, consider annotating your entities with one of these annotations: org.springframework.data.redis.core.RedisHash (preferred), or consider extending one of the following types with your repository: org.springframework.data.keyvalue.repository.KeyValueRepository
11:16:01.633 [restartedMain] INFO  o.s.d.r.c.RepositoryConfigurationExtensionSupport - Spring Data Redis - Could not safely identify store assignment for repository candidate interface ir.repository.ImageRepository; If you want this repository to be a Redis repository, consider annotating your entities with one of these annotations: org.springframework.data.redis.core.RedisHash (preferred), or consider extending one of the following types with your repository: org.springframework.data.keyvalue.repository.KeyValueRepository
11:16:01.634 [restartedMain] INFO  o.s.d.r.c.RepositoryConfigurationExtensionSupport - Spring Data Redis - Could not safely identify store assignment for repository candidate interface ir.repository.LowScoreTicketReportRepository; If you want this repository to be a Redis repository, consider annotating your entities with one of these annotations: org.springframework.data.redis.core.RedisHash (preferred), or consider extending one of the following types with your repository: org.springframework.data.keyvalue.repository.KeyValueRepository
11:16:01.634 [restartedMain] INFO  o.s.d.r.c.RepositoryConfigurationExtensionSupport - Spring Data Redis - Could not safely identify store assignment for repository candidate interface ir.repository.MessageRepository; If you want this repository to be a Redis repository, consider annotating your entities with one of these annotations: org.springframework.data.redis.core.RedisHash (preferred), or consider extending one of the following types with your repository: org.springframework.data.keyvalue.repository.KeyValueRepository
11:16:01.634 [restartedMain] INFO  o.s.d.r.c.RepositoryConfigurationExtensionSupport - Spring Data Redis - Could not safely identify store assignment for repository candidate interface ir.repository.NotificationRepository; If you want this repository to be a Redis repository, consider annotating your entities with one of these annotations: org.springframework.data.redis.core.RedisHash (preferred), or consider extending one of the following types with your repository: org.springframework.data.keyvalue.repository.KeyValueRepository
11:16:01.634 [restartedMain] INFO  o.s.d.r.c.RepositoryConfigurationExtensionSupport - Spring Data Redis - Could not safely identify store assignment for repository candidate interface ir.repository.OutboxRepository; If you want this repository to be a Redis repository, consider annotating your entities with one of these annotations: org.springframework.data.redis.core.RedisHash (preferred), or consider extending one of the following types with your repository: org.springframework.data.keyvalue.repository.KeyValueRepository
11:16:01.634 [restartedMain] INFO  o.s.d.r.c.RepositoryConfigurationExtensionSupport - Spring Data Redis - Could not safely identify store assignment for repository candidate interface ir.repository.PermissionRepository; If you want this repository to be a Redis repository, consider annotating your entities with one of these annotations: org.springframework.data.redis.core.RedisHash (preferred), or consider extending one of the following types with your repository: org.springframework.data.keyvalue.repository.KeyValueRepository
11:16:01.634 [restartedMain] INFO  o.s.d.r.c.RepositoryConfigurationExtensionSupport - Spring Data Redis - Could not safely identify store assignment for repository candidate interface ir.repository.ProfileRepository; If you want this repository to be a Redis repository, consider annotating your entities with one of these annotations: org.springframework.data.redis.core.RedisHash (preferred), or consider extending one of the following types with your repository: org.springframework.data.keyvalue.repository.KeyValueRepository
11:16:01.634 [restartedMain] INFO  o.s.d.r.c.RepositoryConfigurationExtensionSupport - Spring Data Redis - Could not safely identify store assignment for repository candidate interface ir.repository.RoleRepository; If you want this repository to be a Redis repository, consider annotating your entities with one of these annotations: org.springframework.data.redis.core.RedisHash (preferred), or consider extending one of the following types with your repository: org.springframework.data.keyvalue.repository.KeyValueRepository
11:16:01.634 [restartedMain] INFO  o.s.d.r.c.RepositoryConfigurationExtensionSupport - Spring Data Redis - Could not safely identify store assignment for repository candidate interface ir.repository.SectionRepository; If you want this repository to be a Redis repository, consider annotating your entities with one of these annotations: org.springframework.data.redis.core.RedisHash (preferred), or consider extending one of the following types with your repository: org.springframework.data.keyvalue.repository.KeyValueRepository
11:16:01.635 [restartedMain] INFO  o.s.d.r.c.RepositoryConfigurationExtensionSupport - Spring Data Redis - Could not safely identify store assignment for repository candidate interface ir.repository.TicketRepository; If you want this repository to be a Redis repository, consider annotating your entities with one of these annotations: org.springframework.data.redis.core.RedisHash (preferred), or consider extending one of the following types with your repository: org.springframework.data.keyvalue.repository.KeyValueRepository
11:16:01.635 [restartedMain] INFO  o.s.d.r.c.RepositoryConfigurationExtensionSupport - Spring Data Redis - Could not safely identify store assignment for repository candidate interface ir.repository.UserRepository; If you want this repository to be a Redis repository, consider annotating your entities with one of these annotations: org.springframework.data.redis.core.RedisHash (preferred), or consider extending one of the following types with your repository: org.springframework.data.keyvalue.repository.KeyValueRepository
11:16:01.635 [restartedMain] INFO  o.s.d.r.c.RepositoryConfigurationDelegate - Finished Spring Data repository scanning in 7 ms. Found 0 Redis repository interfaces.
11:16:01.863 [restartedMain] INFO  o.s.cloud.context.scope.GenericScope - BeanFactory id=42e78484-4cca-3390-b734-2aa1eb7372db
11:16:02.589 [restartedMain] INFO  o.s.b.w.e.tomcat.TomcatWebServer - Tomcat initialized with port 8443 (https)
11:16:02.596 [restartedMain] INFO  o.a.coyote.http11.Http11NioProtocol - Initializing ProtocolHandler ["https-jsse-nio-8443"]
11:16:02.599 [restartedMain] INFO  o.a.catalina.core.StandardService - Starting service [Tomcat]
11:16:02.599 [restartedMain] INFO  o.a.catalina.core.StandardEngine - Starting Servlet engine: [Apache Tomcat/10.1.36]
11:16:02.654 [restartedMain] INFO  o.a.c.c.C.[Tomcat].[localhost].[/] - Initializing Spring embedded WebApplicationContext
11:16:02.654 [restartedMain] INFO  o.s.b.w.s.c.ServletWebServerApplicationContext - Root WebApplicationContext: initialization completed in 2259 ms
11:16:03.089 [restartedMain] INFO  com.zaxxer.hikari.HikariDataSource - HikariPool-1 - Starting...
11:16:03.284 [restartedMain] INFO  com.zaxxer.hikari.pool.HikariPool - HikariPool-1 - Added connection oracle.jdbc.driver.T4CConnection@50a08986
11:16:03.286 [restartedMain] INFO  com.zaxxer.hikari.HikariDataSource - HikariPool-1 - Start completed.
11:16:03.299 [restartedMain] INFO  org.flywaydb.core.FlywayExecutor - Database: jdbc:oracle:thin:@localhost:1521:xe (Oracle 21.0)
11:16:03.420 [restartedMain] INFO  o.f.c.i.s.JdbcTableSchemaHistory - Schema history table "TICKETING_SPRING"."flyway_schema_history" does not exist yet
11:16:03.422 [restartedMain] INFO  o.f.core.internal.command.DbValidate - Successfully validated 2 migrations (execution time 00:00.014s)
11:16:03.454 [restartedMain] INFO  o.f.c.i.s.JdbcTableSchemaHistory - Creating Schema History table "TICKETING_SPRING"."flyway_schema_history" with baseline ...
11:16:03.504 [restartedMain] INFO  o.f.core.internal.command.DbBaseline - Successfully baselined schema with version: 1
11:16:03.536 [restartedMain] INFO  o.f.core.internal.command.DbMigrate - Current version of schema "TICKETING_SPRING": 1
11:16:03.541 [restartedMain] INFO  o.f.core.internal.command.DbMigrate - Migrating schema "TICKETING_SPRING" to version "2 - create log table"
11:16:03.553 [restartedMain] ERROR o.f.core.internal.command.DbMigrate - Migration of schema "TICKETING_SPRING" to version "2 - create log table" failed! Please restore backups and roll back database and code!
11:16:03.564 [restartedMain] WARN  o.s.b.w.s.c.AnnotationConfigServletWebServerApplicationContext - Exception encountered during context initialization - cancelling refresh attempt: org.springframework.beans.factory.BeanCreationException: Error creating bean with name 'entityManagerFactory' defined in class path resource [org/springframework/boot/autoconfigure/orm/jpa/HibernateJpaConfiguration.class]: Failed to initialize dependency 'flywayInitializer' of LoadTimeWeaverAware bean 'entityManagerFactory': Error creating bean with name 'flywayInitializer' defined in class path resource [org/springframework/boot/autoconfigure/flyway/FlywayAutoConfiguration$FlywayConfiguration.class]: Script V2__create_log_table.sql failed
--------------------------------------
SQL State  : 42000
Error Code : 904
Message    : ORA-00904: : invalid identifier
Location   : db/migration/oracle/V2__create_log_table.sql (D:\JAVA\MFT learning\projects\Spring\ticketing_spring_sample\target\classes\db\migration\oracle\V2__create_log_table.sql)
Line       : 1
Statement  : Run Flyway with -X option to see the actual statement causing the problem

11:16:03.564 [restartedMain] INFO  com.zaxxer.hikari.HikariDataSource - HikariPool-1 - Shutdown initiated...
11:16:03.633 [restartedMain] INFO  com.zaxxer.hikari.HikariDataSource - HikariPool-1 - Shutdown completed.
11:16:03.635 [restartedMain] INFO  o.a.catalina.core.StandardService - Stopping service [Tomcat]
11:16:03.652 [restartedMain] INFO  o.s.b.a.l.ConditionEvaluationReportLogger - 

Error starting ApplicationContext. To display the condition evaluation report re-run your application with 'debug' enabled.
11:16:03.666 [restartedMain] ERROR o.s.boot.SpringApplication - Application run failed
org.springframework.beans.factory.BeanCreationException: Error creating bean with name 'entityManagerFactory' defined in class path resource [org/springframework/boot/autoconfigure/orm/jpa/HibernateJpaConfiguration.class]: Failed to initialize dependency 'flywayInitializer' of LoadTimeWeaverAware bean 'entityManagerFactory': Error creating bean with name 'flywayInitializer' defined in class path resource [org/springframework/boot/autoconfigure/flyway/FlywayAutoConfiguration$FlywayConfiguration.class]: Script V2__create_log_table.sql failed
--------------------------------------
SQL State  : 42000
Error Code : 904
Message    : ORA-00904: : invalid identifier
Location   : db/migration/oracle/V2__create_log_table.sql (D:\JAVA\MFT learning\projects\Spring\ticketing_spring_sample\target\classes\db\migration\oracle\V2__create_log_table.sql)
Line       : 1
Statement  : Run Flyway with -X option to see the actual statement causing the problem

	at org.springframework.beans.factory.support.AbstractBeanFactory.doGetBean(AbstractBeanFactory.java:328)
	at org.springframework.beans.factory.support.AbstractBeanFactory.getBean(AbstractBeanFactory.java:207)
	at org.springframework.context.support.AbstractApplicationContext.finishBeanFactoryInitialization(AbstractApplicationContext.java:970)
	at org.springframework.context.support.AbstractApplicationContext.refresh(AbstractApplicationContext.java:627)
	at org.springframework.boot.web.servlet.context.ServletWebServerApplicationContext.refresh(ServletWebServerApplicationContext.java:146)
	at org.springframework.boot.SpringApplication.refresh(SpringApplication.java:752)
	at org.springframework.boot.SpringApplication.refreshContext(SpringApplication.java:439)
	at org.springframework.boot.SpringApplication.run(SpringApplication.java:318)
	at org.springframework.boot.SpringApplication.run(SpringApplication.java:1361)
	at org.springframework.boot.SpringApplication.run(SpringApplication.java:1350)
	at ir.TicketingSpringSample.main(TicketingSpringSample.java:43)
	at java.base/jdk.internal.reflect.NativeMethodAccessorImpl.invoke0(Native Method)
	at java.base/jdk.internal.reflect.NativeMethodAccessorImpl.invoke(NativeMethodAccessorImpl.java:77)
	at java.base/jdk.internal.reflect.DelegatingMethodAccessorImpl.invoke(DelegatingMethodAccessorImpl.java:43)
	at java.base/java.lang.reflect.Method.invoke(Method.java:568)
	at org.springframework.boot.devtools.restart.RestartLauncher.run(RestartLauncher.java:50)
Caused by: org.springframework.beans.factory.BeanCreationException: Error creating bean with name 'flywayInitializer' defined in class path resource [org/springframework/boot/autoconfigure/flyway/FlywayAutoConfiguration$FlywayConfiguration.class]: Script V2__create_log_table.sql failed
--------------------------------------
SQL State  : 42000
Error Code : 904
Message    : ORA-00904: : invalid identifier
Location   : db/migration/oracle/V2__create_log_table.sql (D:\JAVA\MFT learning\projects\Spring\ticketing_spring_sample\target\classes\db\migration\oracle\V2__create_log_table.sql)
Line       : 1
Statement  : Run Flyway with -X option to see the actual statement causing the problem

	at org.springframework.beans.factory.support.AbstractAutowireCapableBeanFactory.initializeBean(AbstractAutowireCapableBeanFactory.java:1812)
	at org.springframework.beans.factory.support.AbstractAutowireCapableBeanFactory.doCreateBean(AbstractAutowireCapableBeanFactory.java:601)
	at org.springframework.beans.factory.support.AbstractAutowireCapableBeanFactory.createBean(AbstractAutowireCapableBeanFactory.java:523)
	at org.springframework.beans.factory.support.AbstractBeanFactory.lambda$doGetBean$0(AbstractBeanFactory.java:339)
	at org.springframework.beans.factory.support.DefaultSingletonBeanRegistry.getSingleton(DefaultSingletonBeanRegistry.java:346)
	at org.springframework.beans.factory.support.AbstractBeanFactory.doGetBean(AbstractBeanFactory.java:337)
	at org.springframework.beans.factory.support.AbstractBeanFactory.getBean(AbstractBeanFactory.java:202)
	at org.springframework.beans.factory.support.AbstractBeanFactory.doGetBean(AbstractBeanFactory.java:315)
	... 15 common frames omitted
Caused by: org.flywaydb.core.internal.exception.FlywayMigrateException: Script V2__create_log_table.sql failed
--------------------------------------
SQL State  : 42000
Error Code : 904
Message    : ORA-00904: : invalid identifier
Location   : db/migration/oracle/V2__create_log_table.sql (D:\JAVA\MFT learning\projects\Spring\ticketing_spring_sample\target\classes\db\migration\oracle\V2__create_log_table.sql)
Line       : 1
Statement  : Run Flyway with -X option to see the actual statement causing the problem

	at org.flywaydb.core.internal.command.DbMigrate.doMigrateGroup(DbMigrate.java:399)
	at org.flywaydb.core.internal.command.DbMigrate.lambda$applyMigrations$1(DbMigrate.java:283)
	at org.flywaydb.core.internal.jdbc.TransactionalExecutionTemplate.execute(TransactionalExecutionTemplate.java:59)
	at org.flywaydb.core.internal.command.DbMigrate.applyMigrations(DbMigrate.java:282)
	at org.flywaydb.core.internal.command.DbMigrate.migrateGroup(DbMigrate.java:255)
	at org.flywaydb.core.internal.command.DbMigrate.lambda$migrateAll$0(DbMigrate.java:153)
	at org.flywaydb.core.internal.jdbc.TableLockingExecutionTemplate$1.call(TableLockingExecutionTemplate.java:40)
	at org.flywaydb.core.internal.jdbc.TransactionalExecutionTemplate.execute(TransactionalExecutionTemplate.java:59)
	at org.flywaydb.core.internal.jdbc.TableLockingExecutionTemplate.execute(TableLockingExecutionTemplate.java:35)
	at org.flywaydb.core.internal.database.base.Connection.lock(Connection.java:106)
	at org.flywaydb.core.internal.schemahistory.JdbcTableSchemaHistory.lock(JdbcTableSchemaHistory.java:149)
	at org.flywaydb.core.internal.command.DbMigrate.migrateAll(DbMigrate.java:153)
	at org.flywaydb.core.internal.command.DbMigrate.migrate(DbMigrate.java:104)
	at org.flywaydb.core.Flyway.lambda$migrate$1(Flyway.java:230)
	at org.flywaydb.core.FlywayExecutor.execute(FlywayExecutor.java:213)
	at org.flywaydb.core.Flyway.migrate(Flyway.java:176)
	at org.springframework.boot.autoconfigure.flyway.FlywayMigrationInitializer.afterPropertiesSet(FlywayMigrationInitializer.java:66)
	at org.springframework.beans.factory.support.AbstractAutowireCapableBeanFactory.invokeInitMethods(AbstractAutowireCapableBeanFactory.java:1859)
	at org.springframework.beans.factory.support.AbstractAutowireCapableBeanFactory.initializeBean(AbstractAutowireCapableBeanFactory.java:1808)
	... 22 common frames omitted
Caused by: org.flywaydb.core.internal.sqlscript.FlywaySqlScriptException: Script V2__create_log_table.sql failed
--------------------------------------
SQL State  : 42000
Error Code : 904
Message    : ORA-00904: : invalid identifier
Location   : db/migration/oracle/V2__create_log_table.sql (D:\JAVA\MFT learning\projects\Spring\ticketing_spring_sample\target\classes\db\migration\oracle\V2__create_log_table.sql)
Line       : 1
Statement  : Run Flyway with -X option to see the actual statement causing the problem

	at org.flywaydb.core.internal.sqlscript.DefaultSqlScriptExecutor.handleException(DefaultSqlScriptExecutor.java:256)
	at org.flywaydb.core.internal.sqlscript.DefaultSqlScriptExecutor.executeStatement(DefaultSqlScriptExecutor.java:217)
	at org.flywaydb.core.internal.sqlscript.DefaultSqlScriptExecutor.execute(DefaultSqlScriptExecutor.java:137)
	at org.flywaydb.core.internal.resolver.sql.SqlMigrationExecutor.executeOnce(SqlMigrationExecutor.java:75)
	at org.flywaydb.core.internal.resolver.sql.SqlMigrationExecutor.lambda$execute$0(SqlMigrationExecutor.java:66)
	at org.flywaydb.core.internal.database.DefaultExecutionStrategy.execute(DefaultExecutionStrategy.java:31)
	at org.flywaydb.core.internal.resolver.sql.SqlMigrationExecutor.execute(SqlMigrationExecutor.java:65)
	at org.flywaydb.core.internal.command.DbMigrate.doMigrateGroup(DbMigrate.java:391)
	... 40 common frames omitted
Caused by: java.sql.SQLSyntaxErrorException: ORA-00904: : invalid identifier

	at oracle.jdbc.driver.T4CTTIoer11.processError(T4CTTIoer11.java:629)
	at oracle.jdbc.driver.T4CTTIoer11.processError(T4CTTIoer11.java:563)
	at oracle.jdbc.driver.T4C8Oall.processError(T4C8Oall.java:1230)
	at oracle.jdbc.driver.T4CTTIfun.receive(T4CTTIfun.java:771)
	at oracle.jdbc.driver.T4CTTIfun.doRPC(T4CTTIfun.java:298)
	at oracle.jdbc.driver.T4C8Oall.doOALL(T4C8Oall.java:511)
	at oracle.jdbc.driver.T4CStatement.doOall8(T4CStatement.java:122)
	at oracle.jdbc.driver.T4CStatement.executeForRows(T4CStatement.java:1199)
	at oracle.jdbc.driver.OracleStatement.executeSQLStatement(OracleStatement.java:1819)
	at oracle.jdbc.driver.OracleStatement.doExecuteWithTimeout(OracleStatement.java:1471)
	at oracle.jdbc.driver.OracleStatement.executeInternal(OracleStatement.java:2504)
	at oracle.jdbc.driver.OracleStatement.execute(OracleStatement.java:2459)
	at oracle.jdbc.driver.OracleStatementWrapper.execute(OracleStatementWrapper.java:327)
	at com.zaxxer.hikari.pool.ProxyStatement.execute(ProxyStatement.java:94)
	at com.zaxxer.hikari.pool.HikariProxyStatement.execute(HikariProxyStatement.java)
	at org.flywaydb.core.internal.jdbc.JdbcTemplate.executeStatement(JdbcTemplate.java:210)
	at org.flywaydb.core.internal.sqlscript.ParsedSqlStatement.execute(ParsedSqlStatement.java:88)
	at org.flywaydb.core.internal.sqlscript.DefaultSqlScriptExecutor.executeStatement(DefaultSqlScriptExecutor.java:212)
	... 46 common frames omitted
Caused by: oracle.jdbc.OracleDatabaseException: ORA-00904: : invalid identifier

	at oracle.jdbc.driver.T4CTTIoer11.processError(T4CTTIoer11.java:636)
	... 63 common frames omitted
11:23:33.380 [background-preinit] INFO  o.h.validator.internal.util.Version - HV000001: Hibernate Validator 8.0.2.Final
11:23:33.417 [restartedMain] INFO  ir.TicketingSpringSample - Starting TicketingSpringSample using Java 17.0.12 with PID 1780 (D:\JAVA\MFT learning\projects\Spring\ticketing_spring_sample\target\classes started by arbab in D:\JAVA\MFT learning\projects\Spring\ticketing_spring_sample)
11:23:33.417 [restartedMain] INFO  ir.TicketingSpringSample - The following 1 profile is active: "dev"
11:23:33.464 [restartedMain] INFO  o.s.b.d.restart.ChangeableUrls - The Class-Path manifest attribute in C:\Users\arbab\.m2\repository\com\oracle\database\jdbc\ojdbc11\21.9.0.0\ojdbc11-21.9.0.0.jar referenced one or more files that do not exist: file:/C:/Users/arbab/.m2/repository/com/oracle/database/jdbc/ojdbc11/21.9.0.0/oraclepki.jar
11:23:33.464 [restartedMain] INFO  o.s.b.d.e.DevToolsPropertyDefaultsPostProcessor - Devtools property defaults active! Set 'spring.devtools.add-properties' to 'false' to disable
11:23:33.464 [restartedMain] INFO  o.s.b.d.e.DevToolsPropertyDefaultsPostProcessor - For additional web related logging consider setting the 'logging.level.web' property to 'DEBUG'
11:23:34.154 [restartedMain] INFO  o.s.b.f.s.DefaultListableBeanFactory - Overriding bean definition for bean 'localeResolver' with a different definition: replacing [Root bean: class=null; scope=; abstract=false; lazyInit=null; autowireMode=3; dependencyCheck=0; autowireCandidate=true; primary=false; fallback=false; factoryBeanName=org.springframework.web.servlet.config.annotation.DelegatingWebMvcConfiguration; factoryMethodName=localeResolver; initMethodNames=null; destroyMethodNames=[(inferred)]; defined in class path resource [org/springframework/web/servlet/config/annotation/DelegatingWebMvcConfiguration.class]] with [Root bean: class=null; scope=; abstract=false; lazyInit=null; autowireMode=3; dependencyCheck=0; autowireCandidate=true; primary=false; fallback=false; factoryBeanName=webConfig; factoryMethodName=localeResolver; initMethodNames=null; destroyMethodNames=[(inferred)]; defined in class path resource [ir/config/WebConfig.class]]
11:23:34.159 [restartedMain] INFO  o.s.d.r.c.RepositoryConfigurationDelegate - Multiple Spring Data modules found, entering strict repository configuration mode
11:23:34.159 [restartedMain] INFO  o.s.d.r.c.RepositoryConfigurationDelegate - Bootstrapping Spring Data JPA repositories in DEFAULT mode.
11:23:34.269 [restartedMain] INFO  o.s.d.r.c.RepositoryConfigurationExtensionSupport - Spring Data JPA - Could not safely identify store assignment for repository candidate interface ir.repository.ImageRepository; If you want this repository to be a JPA repository, consider annotating your entities with one of these annotations: jakarta.persistence.Entity, jakarta.persistence.MappedSuperclass (preferred), or consider extending one of the following types with your repository: org.springframework.data.jpa.repository.JpaRepository
11:23:34.323 [restartedMain] INFO  o.s.d.r.c.RepositoryConfigurationDelegate - Finished Spring Data repository scanning in 157 ms. Found 12 JPA repository interfaces.
11:23:34.696 [restartedMain] INFO  o.s.d.r.c.RepositoryConfigurationDelegate - Multiple Spring Data modules found, entering strict repository configuration mode
11:23:34.697 [restartedMain] INFO  o.s.d.r.c.RepositoryConfigurationDelegate - Bootstrapping Spring Data MongoDB repositories in DEFAULT mode.
11:23:34.710 [restartedMain] INFO  o.s.d.r.c.RepositoryConfigurationExtensionSupport - Spring Data MongoDB - Could not safely identify store assignment for repository candidate interface ir.repository.AttachmentRepository; If you want this repository to be a MongoDB repository, consider annotating your entities with one of these annotations: org.springframework.data.mongodb.core.mapping.Document (preferred), or consider extending one of the following types with your repository: org.springframework.data.mongodb.repository.MongoRepository
11:23:34.710 [restartedMain] INFO  o.s.d.r.c.RepositoryConfigurationExtensionSupport - Spring Data MongoDB - Could not safely identify store assignment for repository candidate interface ir.repository.BuildingRepository; If you want this repository to be a MongoDB repository, consider annotating your entities with one of these annotations: org.springframework.data.mongodb.core.mapping.Document (preferred), or consider extending one of the following types with your repository: org.springframework.data.mongodb.repository.MongoRepository
11:23:34.711 [restartedMain] INFO  o.s.d.r.c.RepositoryConfigurationExtensionSupport - Spring Data MongoDB - Could not safely identify store assignment for repository candidate interface ir.repository.LowScoreTicketReportRepository; If you want this repository to be a MongoDB repository, consider annotating your entities with one of these annotations: org.springframework.data.mongodb.core.mapping.Document (preferred), or consider extending one of the following types with your repository: org.springframework.data.mongodb.repository.MongoRepository
11:23:34.711 [restartedMain] INFO  o.s.d.r.c.RepositoryConfigurationExtensionSupport - Spring Data MongoDB - Could not safely identify store assignment for repository candidate interface ir.repository.MessageRepository; If you want this repository to be a MongoDB repository, consider annotating your entities with one of these annotations: org.springframework.data.mongodb.core.mapping.Document (preferred), or consider extending one of the following types with your repository: org.springframework.data.mongodb.repository.MongoRepository
11:23:34.711 [restartedMain] INFO  o.s.d.r.c.RepositoryConfigurationExtensionSupport - Spring Data MongoDB - Could not safely identify store assignment for repository candidate interface ir.repository.NotificationRepository; If you want this repository to be a MongoDB repository, consider annotating your entities with one of these annotations: org.springframework.data.mongodb.core.mapping.Document (preferred), or consider extending one of the following types with your repository: org.springframework.data.mongodb.repository.MongoRepository
11:23:34.711 [restartedMain] INFO  o.s.d.r.c.RepositoryConfigurationExtensionSupport - Spring Data MongoDB - Could not safely identify store assignment for repository candidate interface ir.repository.OutboxRepository; If you want this repository to be a MongoDB repository, consider annotating your entities with one of these annotations: org.springframework.data.mongodb.core.mapping.Document (preferred), or consider extending one of the following types with your repository: org.springframework.data.mongodb.repository.MongoRepository
11:23:34.711 [restartedMain] INFO  o.s.d.r.c.RepositoryConfigurationExtensionSupport - Spring Data MongoDB - Could not safely identify store assignment for repository candidate interface ir.repository.PermissionRepository; If you want this repository to be a MongoDB repository, consider annotating your entities with one of these annotations: org.springframework.data.mongodb.core.mapping.Document (preferred), or consider extending one of the following types with your repository: org.springframework.data.mongodb.repository.MongoRepository
11:23:34.711 [restartedMain] INFO  o.s.d.r.c.RepositoryConfigurationExtensionSupport - Spring Data MongoDB - Could not safely identify store assignment for repository candidate interface ir.repository.ProfileRepository; If you want this repository to be a MongoDB repository, consider annotating your entities with one of these annotations: org.springframework.data.mongodb.core.mapping.Document (preferred), or consider extending one of the following types with your repository: org.springframework.data.mongodb.repository.MongoRepository
11:23:34.711 [restartedMain] INFO  o.s.d.r.c.RepositoryConfigurationExtensionSupport - Spring Data MongoDB - Could not safely identify store assignment for repository candidate interface ir.repository.RoleRepository; If you want this repository to be a MongoDB repository, consider annotating your entities with one of these annotations: org.springframework.data.mongodb.core.mapping.Document (preferred), or consider extending one of the following types with your repository: org.springframework.data.mongodb.repository.MongoRepository
11:23:34.712 [restartedMain] INFO  o.s.d.r.c.RepositoryConfigurationExtensionSupport - Spring Data MongoDB - Could not safely identify store assignment for repository candidate interface ir.repository.SectionRepository; If you want this repository to be a MongoDB repository, consider annotating your entities with one of these annotations: org.springframework.data.mongodb.core.mapping.Document (preferred), or consider extending one of the following types with your repository: org.springframework.data.mongodb.repository.MongoRepository
11:23:34.712 [restartedMain] INFO  o.s.d.r.c.RepositoryConfigurationExtensionSupport - Spring Data MongoDB - Could not safely identify store assignment for repository candidate interface ir.repository.TicketRepository; If you want this repository to be a MongoDB repository, consider annotating your entities with one of these annotations: org.springframework.data.mongodb.core.mapping.Document (preferred), or consider extending one of the following types with your repository: org.springframework.data.mongodb.repository.MongoRepository
11:23:34.712 [restartedMain] INFO  o.s.d.r.c.RepositoryConfigurationExtensionSupport - Spring Data MongoDB - Could not safely identify store assignment for repository candidate interface ir.repository.UserRepository; If you want this repository to be a MongoDB repository, consider annotating your entities with one of these annotations: org.springframework.data.mongodb.core.mapping.Document (preferred), or consider extending one of the following types with your repository: org.springframework.data.mongodb.repository.MongoRepository
11:23:34.717 [restartedMain] INFO  o.s.d.r.c.RepositoryConfigurationDelegate - Finished Spring Data repository scanning in 19 ms. Found 1 MongoDB repository interface.
11:23:34.725 [restartedMain] INFO  o.s.d.r.c.RepositoryConfigurationDelegate - Multiple Spring Data modules found, entering strict repository configuration mode
11:23:34.726 [restartedMain] INFO  o.s.d.r.c.RepositoryConfigurationDelegate - Bootstrapping Spring Data Redis repositories in DEFAULT mode.
11:23:34.738 [restartedMain] INFO  o.s.d.r.c.RepositoryConfigurationExtensionSupport - Spring Data Redis - Could not safely identify store assignment for repository candidate interface ir.repository.AttachmentRepository; If you want this repository to be a Redis repository, consider annotating your entities with one of these annotations: org.springframework.data.redis.core.RedisHash (preferred), or consider extending one of the following types with your repository: org.springframework.data.keyvalue.repository.KeyValueRepository
11:23:34.738 [restartedMain] INFO  o.s.d.r.c.RepositoryConfigurationExtensionSupport - Spring Data Redis - Could not safely identify store assignment for repository candidate interface ir.repository.BuildingRepository; If you want this repository to be a Redis repository, consider annotating your entities with one of these annotations: org.springframework.data.redis.core.RedisHash (preferred), or consider extending one of the following types with your repository: org.springframework.data.keyvalue.repository.KeyValueRepository
11:23:34.738 [restartedMain] INFO  o.s.d.r.c.RepositoryConfigurationExtensionSupport - Spring Data Redis - Could not safely identify store assignment for repository candidate interface ir.repository.ImageRepository; If you want this repository to be a Redis repository, consider annotating your entities with one of these annotations: org.springframework.data.redis.core.RedisHash (preferred), or consider extending one of the following types with your repository: org.springframework.data.keyvalue.repository.KeyValueRepository
11:23:34.738 [restartedMain] INFO  o.s.d.r.c.RepositoryConfigurationExtensionSupport - Spring Data Redis - Could not safely identify store assignment for repository candidate interface ir.repository.LowScoreTicketReportRepository; If you want this repository to be a Redis repository, consider annotating your entities with one of these annotations: org.springframework.data.redis.core.RedisHash (preferred), or consider extending one of the following types with your repository: org.springframework.data.keyvalue.repository.KeyValueRepository
11:23:34.738 [restartedMain] INFO  o.s.d.r.c.RepositoryConfigurationExtensionSupport - Spring Data Redis - Could not safely identify store assignment for repository candidate interface ir.repository.MessageRepository; If you want this repository to be a Redis repository, consider annotating your entities with one of these annotations: org.springframework.data.redis.core.RedisHash (preferred), or consider extending one of the following types with your repository: org.springframework.data.keyvalue.repository.KeyValueRepository
11:23:34.738 [restartedMain] INFO  o.s.d.r.c.RepositoryConfigurationExtensionSupport - Spring Data Redis - Could not safely identify store assignment for repository candidate interface ir.repository.NotificationRepository; If you want this repository to be a Redis repository, consider annotating your entities with one of these annotations: org.springframework.data.redis.core.RedisHash (preferred), or consider extending one of the following types with your repository: org.springframework.data.keyvalue.repository.KeyValueRepository
11:23:34.739 [restartedMain] INFO  o.s.d.r.c.RepositoryConfigurationExtensionSupport - Spring Data Redis - Could not safely identify store assignment for repository candidate interface ir.repository.OutboxRepository; If you want this repository to be a Redis repository, consider annotating your entities with one of these annotations: org.springframework.data.redis.core.RedisHash (preferred), or consider extending one of the following types with your repository: org.springframework.data.keyvalue.repository.KeyValueRepository
11:23:34.739 [restartedMain] INFO  o.s.d.r.c.RepositoryConfigurationExtensionSupport - Spring Data Redis - Could not safely identify store assignment for repository candidate interface ir.repository.PermissionRepository; If you want this repository to be a Redis repository, consider annotating your entities with one of these annotations: org.springframework.data.redis.core.RedisHash (preferred), or consider extending one of the following types with your repository: org.springframework.data.keyvalue.repository.KeyValueRepository
11:23:34.739 [restartedMain] INFO  o.s.d.r.c.RepositoryConfigurationExtensionSupport - Spring Data Redis - Could not safely identify store assignment for repository candidate interface ir.repository.ProfileRepository; If you want this repository to be a Redis repository, consider annotating your entities with one of these annotations: org.springframework.data.redis.core.RedisHash (preferred), or consider extending one of the following types with your repository: org.springframework.data.keyvalue.repository.KeyValueRepository
11:23:34.739 [restartedMain] INFO  o.s.d.r.c.RepositoryConfigurationExtensionSupport - Spring Data Redis - Could not safely identify store assignment for repository candidate interface ir.repository.RoleRepository; If you want this repository to be a Redis repository, consider annotating your entities with one of these annotations: org.springframework.data.redis.core.RedisHash (preferred), or consider extending one of the following types with your repository: org.springframework.data.keyvalue.repository.KeyValueRepository
11:23:34.739 [restartedMain] INFO  o.s.d.r.c.RepositoryConfigurationExtensionSupport - Spring Data Redis - Could not safely identify store assignment for repository candidate interface ir.repository.SectionRepository; If you want this repository to be a Redis repository, consider annotating your entities with one of these annotations: org.springframework.data.redis.core.RedisHash (preferred), or consider extending one of the following types with your repository: org.springframework.data.keyvalue.repository.KeyValueRepository
11:23:34.739 [restartedMain] INFO  o.s.d.r.c.RepositoryConfigurationExtensionSupport - Spring Data Redis - Could not safely identify store assignment for repository candidate interface ir.repository.TicketRepository; If you want this repository to be a Redis repository, consider annotating your entities with one of these annotations: org.springframework.data.redis.core.RedisHash (preferred), or consider extending one of the following types with your repository: org.springframework.data.keyvalue.repository.KeyValueRepository
11:23:34.739 [restartedMain] INFO  o.s.d.r.c.RepositoryConfigurationExtensionSupport - Spring Data Redis - Could not safely identify store assignment for repository candidate interface ir.repository.UserRepository; If you want this repository to be a Redis repository, consider annotating your entities with one of these annotations: org.springframework.data.redis.core.RedisHash (preferred), or consider extending one of the following types with your repository: org.springframework.data.keyvalue.repository.KeyValueRepository
11:23:34.739 [restartedMain] INFO  o.s.d.r.c.RepositoryConfigurationDelegate - Finished Spring Data repository scanning in 6 ms. Found 0 Redis repository interfaces.
11:23:34.965 [restartedMain] INFO  o.s.cloud.context.scope.GenericScope - BeanFactory id=42e78484-4cca-3390-b734-2aa1eb7372db
11:23:35.663 [restartedMain] INFO  o.s.b.w.e.tomcat.TomcatWebServer - Tomcat initialized with port 8443 (https)
11:23:35.670 [restartedMain] INFO  o.a.coyote.http11.Http11NioProtocol - Initializing ProtocolHandler ["https-jsse-nio-8443"]
11:23:35.673 [restartedMain] INFO  o.a.catalina.core.StandardService - Starting service [Tomcat]
11:23:35.673 [restartedMain] INFO  o.a.catalina.core.StandardEngine - Starting Servlet engine: [Apache Tomcat/10.1.36]
11:23:35.718 [restartedMain] INFO  o.a.c.c.C.[Tomcat].[localhost].[/] - Initializing Spring embedded WebApplicationContext
11:23:35.719 [restartedMain] INFO  o.s.b.w.s.c.ServletWebServerApplicationContext - Root WebApplicationContext: initialization completed in 2238 ms
11:23:36.165 [restartedMain] INFO  com.zaxxer.hikari.HikariDataSource - HikariPool-1 - Starting...
11:23:36.351 [restartedMain] INFO  com.zaxxer.hikari.pool.HikariPool - HikariPool-1 - Added connection oracle.jdbc.driver.T4CConnection@796c405c
11:23:36.353 [restartedMain] INFO  com.zaxxer.hikari.HikariDataSource - HikariPool-1 - Start completed.
11:23:36.365 [restartedMain] INFO  org.flywaydb.core.FlywayExecutor - Database: jdbc:oracle:thin:@localhost:1521:xe (Oracle 21.0)
11:23:36.513 [restartedMain] WARN  o.s.b.w.s.c.AnnotationConfigServletWebServerApplicationContext - Exception encountered during context initialization - cancelling refresh attempt: org.springframework.beans.factory.BeanCreationException: Error creating bean with name 'entityManagerFactory' defined in class path resource [org/springframework/boot/autoconfigure/orm/jpa/HibernateJpaConfiguration.class]: Failed to initialize dependency 'flywayInitializer' of LoadTimeWeaverAware bean 'entityManagerFactory': Error creating bean with name 'flywayInitializer' defined in class path resource [org/springframework/boot/autoconfigure/flyway/FlywayAutoConfiguration$FlywayConfiguration.class]: Validate failed: Migrations have failed validation
Detected failed migration to version 2 (create log table).
Please remove any half-completed changes then run repair to fix the schema history.
Need more flexibility with validation rules? Learn more: https://rd.gt/3AbJUZE
11:23:36.513 [restartedMain] INFO  com.zaxxer.hikari.HikariDataSource - HikariPool-1 - Shutdown initiated...
11:23:36.542 [restartedMain] INFO  com.zaxxer.hikari.HikariDataSource - HikariPool-1 - Shutdown completed.
11:23:36.544 [restartedMain] INFO  o.a.catalina.core.StandardService - Stopping service [Tomcat]
11:23:36.560 [restartedMain] INFO  o.s.b.a.l.ConditionEvaluationReportLogger - 

Error starting ApplicationContext. To display the condition evaluation report re-run your application with 'debug' enabled.
11:23:36.576 [restartedMain] ERROR o.s.boot.SpringApplication - Application run failed
org.springframework.beans.factory.BeanCreationException: Error creating bean with name 'entityManagerFactory' defined in class path resource [org/springframework/boot/autoconfigure/orm/jpa/HibernateJpaConfiguration.class]: Failed to initialize dependency 'flywayInitializer' of LoadTimeWeaverAware bean 'entityManagerFactory': Error creating bean with name 'flywayInitializer' defined in class path resource [org/springframework/boot/autoconfigure/flyway/FlywayAutoConfiguration$FlywayConfiguration.class]: Validate failed: Migrations have failed validation
Detected failed migration to version 2 (create log table).
Please remove any half-completed changes then run repair to fix the schema history.
Need more flexibility with validation rules? Learn more: https://rd.gt/3AbJUZE
	at org.springframework.beans.factory.support.AbstractBeanFactory.doGetBean(AbstractBeanFactory.java:328)
	at org.springframework.beans.factory.support.AbstractBeanFactory.getBean(AbstractBeanFactory.java:207)
	at org.springframework.context.support.AbstractApplicationContext.finishBeanFactoryInitialization(AbstractApplicationContext.java:970)
	at org.springframework.context.support.AbstractApplicationContext.refresh(AbstractApplicationContext.java:627)
	at org.springframework.boot.web.servlet.context.ServletWebServerApplicationContext.refresh(ServletWebServerApplicationContext.java:146)
	at org.springframework.boot.SpringApplication.refresh(SpringApplication.java:752)
	at org.springframework.boot.SpringApplication.refreshContext(SpringApplication.java:439)
	at org.springframework.boot.SpringApplication.run(SpringApplication.java:318)
	at org.springframework.boot.SpringApplication.run(SpringApplication.java:1361)
	at org.springframework.boot.SpringApplication.run(SpringApplication.java:1350)
	at ir.TicketingSpringSample.main(TicketingSpringSample.java:43)
	at java.base/jdk.internal.reflect.NativeMethodAccessorImpl.invoke0(Native Method)
	at java.base/jdk.internal.reflect.NativeMethodAccessorImpl.invoke(NativeMethodAccessorImpl.java:77)
	at java.base/jdk.internal.reflect.DelegatingMethodAccessorImpl.invoke(DelegatingMethodAccessorImpl.java:43)
	at java.base/java.lang.reflect.Method.invoke(Method.java:568)
	at org.springframework.boot.devtools.restart.RestartLauncher.run(RestartLauncher.java:50)
Caused by: org.springframework.beans.factory.BeanCreationException: Error creating bean with name 'flywayInitializer' defined in class path resource [org/springframework/boot/autoconfigure/flyway/FlywayAutoConfiguration$FlywayConfiguration.class]: Validate failed: Migrations have failed validation
Detected failed migration to version 2 (create log table).
Please remove any half-completed changes then run repair to fix the schema history.
Need more flexibility with validation rules? Learn more: https://rd.gt/3AbJUZE
	at org.springframework.beans.factory.support.AbstractAutowireCapableBeanFactory.initializeBean(AbstractAutowireCapableBeanFactory.java:1812)
	at org.springframework.beans.factory.support.AbstractAutowireCapableBeanFactory.doCreateBean(AbstractAutowireCapableBeanFactory.java:601)
	at org.springframework.beans.factory.support.AbstractAutowireCapableBeanFactory.createBean(AbstractAutowireCapableBeanFactory.java:523)
	at org.springframework.beans.factory.support.AbstractBeanFactory.lambda$doGetBean$0(AbstractBeanFactory.java:339)
	at org.springframework.beans.factory.support.DefaultSingletonBeanRegistry.getSingleton(DefaultSingletonBeanRegistry.java:346)
	at org.springframework.beans.factory.support.AbstractBeanFactory.doGetBean(AbstractBeanFactory.java:337)
	at org.springframework.beans.factory.support.AbstractBeanFactory.getBean(AbstractBeanFactory.java:202)
	at org.springframework.beans.factory.support.AbstractBeanFactory.doGetBean(AbstractBeanFactory.java:315)
	... 15 common frames omitted
Caused by: org.flywaydb.core.api.exception.FlywayValidateException: Validate failed: Migrations have failed validation
Detected failed migration to version 2 (create log table).
Please remove any half-completed changes then run repair to fix the schema history.
Need more flexibility with validation rules? Learn more: https://rd.gt/3AbJUZE
	at org.flywaydb.core.Flyway.lambda$migrate$1(Flyway.java:189)
	at org.flywaydb.core.FlywayExecutor.execute(FlywayExecutor.java:213)
	at org.flywaydb.core.Flyway.migrate(Flyway.java:176)
	at org.springframework.boot.autoconfigure.flyway.FlywayMigrationInitializer.afterPropertiesSet(FlywayMigrationInitializer.java:66)
	at org.springframework.beans.factory.support.AbstractAutowireCapableBeanFactory.invokeInitMethods(AbstractAutowireCapableBeanFactory.java:1859)
	at org.springframework.beans.factory.support.AbstractAutowireCapableBeanFactory.initializeBean(AbstractAutowireCapableBeanFactory.java:1808)
	... 22 common frames omitted
11:24:42.754 [background-preinit] INFO  o.h.validator.internal.util.Version - HV000001: Hibernate Validator 8.0.2.Final
11:24:42.790 [restartedMain] INFO  ir.TicketingSpringSample - Starting TicketingSpringSample using Java 17.0.12 with PID 15676 (D:\JAVA\MFT learning\projects\Spring\ticketing_spring_sample\target\classes started by arbab in D:\JAVA\MFT learning\projects\Spring\ticketing_spring_sample)
11:24:42.790 [restartedMain] INFO  ir.TicketingSpringSample - The following 1 profile is active: "dev"
11:24:42.838 [restartedMain] INFO  o.s.b.d.restart.ChangeableUrls - The Class-Path manifest attribute in C:\Users\arbab\.m2\repository\com\oracle\database\jdbc\ojdbc11\21.9.0.0\ojdbc11-21.9.0.0.jar referenced one or more files that do not exist: file:/C:/Users/arbab/.m2/repository/com/oracle/database/jdbc/ojdbc11/21.9.0.0/oraclepki.jar
11:24:42.838 [restartedMain] INFO  o.s.b.d.e.DevToolsPropertyDefaultsPostProcessor - Devtools property defaults active! Set 'spring.devtools.add-properties' to 'false' to disable
11:24:42.838 [restartedMain] INFO  o.s.b.d.e.DevToolsPropertyDefaultsPostProcessor - For additional web related logging consider setting the 'logging.level.web' property to 'DEBUG'
11:24:43.522 [restartedMain] INFO  o.s.b.f.s.DefaultListableBeanFactory - Overriding bean definition for bean 'localeResolver' with a different definition: replacing [Root bean: class=null; scope=; abstract=false; lazyInit=null; autowireMode=3; dependencyCheck=0; autowireCandidate=true; primary=false; fallback=false; factoryBeanName=org.springframework.web.servlet.config.annotation.DelegatingWebMvcConfiguration; factoryMethodName=localeResolver; initMethodNames=null; destroyMethodNames=[(inferred)]; defined in class path resource [org/springframework/web/servlet/config/annotation/DelegatingWebMvcConfiguration.class]] with [Root bean: class=null; scope=; abstract=false; lazyInit=null; autowireMode=3; dependencyCheck=0; autowireCandidate=true; primary=false; fallback=false; factoryBeanName=webConfig; factoryMethodName=localeResolver; initMethodNames=null; destroyMethodNames=[(inferred)]; defined in class path resource [ir/config/WebConfig.class]]
11:24:43.527 [restartedMain] INFO  o.s.d.r.c.RepositoryConfigurationDelegate - Multiple Spring Data modules found, entering strict repository configuration mode
11:24:43.527 [restartedMain] INFO  o.s.d.r.c.RepositoryConfigurationDelegate - Bootstrapping Spring Data JPA repositories in DEFAULT mode.
11:24:43.646 [restartedMain] INFO  o.s.d.r.c.RepositoryConfigurationExtensionSupport - Spring Data JPA - Could not safely identify store assignment for repository candidate interface ir.repository.ImageRepository; If you want this repository to be a JPA repository, consider annotating your entities with one of these annotations: jakarta.persistence.Entity, jakarta.persistence.MappedSuperclass (preferred), or consider extending one of the following types with your repository: org.springframework.data.jpa.repository.JpaRepository
11:24:43.701 [restartedMain] INFO  o.s.d.r.c.RepositoryConfigurationDelegate - Finished Spring Data repository scanning in 167 ms. Found 12 JPA repository interfaces.
11:24:44.056 [restartedMain] INFO  o.s.d.r.c.RepositoryConfigurationDelegate - Multiple Spring Data modules found, entering strict repository configuration mode
11:24:44.056 [restartedMain] INFO  o.s.d.r.c.RepositoryConfigurationDelegate - Bootstrapping Spring Data MongoDB repositories in DEFAULT mode.
11:24:44.069 [restartedMain] INFO  o.s.d.r.c.RepositoryConfigurationExtensionSupport - Spring Data MongoDB - Could not safely identify store assignment for repository candidate interface ir.repository.AttachmentRepository; If you want this repository to be a MongoDB repository, consider annotating your entities with one of these annotations: org.springframework.data.mongodb.core.mapping.Document (preferred), or consider extending one of the following types with your repository: org.springframework.data.mongodb.repository.MongoRepository
11:24:44.070 [restartedMain] INFO  o.s.d.r.c.RepositoryConfigurationExtensionSupport - Spring Data MongoDB - Could not safely identify store assignment for repository candidate interface ir.repository.BuildingRepository; If you want this repository to be a MongoDB repository, consider annotating your entities with one of these annotations: org.springframework.data.mongodb.core.mapping.Document (preferred), or consider extending one of the following types with your repository: org.springframework.data.mongodb.repository.MongoRepository
11:24:44.070 [restartedMain] INFO  o.s.d.r.c.RepositoryConfigurationExtensionSupport - Spring Data MongoDB - Could not safely identify store assignment for repository candidate interface ir.repository.LowScoreTicketReportRepository; If you want this repository to be a MongoDB repository, consider annotating your entities with one of these annotations: org.springframework.data.mongodb.core.mapping.Document (preferred), or consider extending one of the following types with your repository: org.springframework.data.mongodb.repository.MongoRepository
11:24:44.070 [restartedMain] INFO  o.s.d.r.c.RepositoryConfigurationExtensionSupport - Spring Data MongoDB - Could not safely identify store assignment for repository candidate interface ir.repository.MessageRepository; If you want this repository to be a MongoDB repository, consider annotating your entities with one of these annotations: org.springframework.data.mongodb.core.mapping.Document (preferred), or consider extending one of the following types with your repository: org.springframework.data.mongodb.repository.MongoRepository
11:24:44.070 [restartedMain] INFO  o.s.d.r.c.RepositoryConfigurationExtensionSupport - Spring Data MongoDB - Could not safely identify store assignment for repository candidate interface ir.repository.NotificationRepository; If you want this repository to be a MongoDB repository, consider annotating your entities with one of these annotations: org.springframework.data.mongodb.core.mapping.Document (preferred), or consider extending one of the following types with your repository: org.springframework.data.mongodb.repository.MongoRepository
11:24:44.071 [restartedMain] INFO  o.s.d.r.c.RepositoryConfigurationExtensionSupport - Spring Data MongoDB - Could not safely identify store assignment for repository candidate interface ir.repository.OutboxRepository; If you want this repository to be a MongoDB repository, consider annotating your entities with one of these annotations: org.springframework.data.mongodb.core.mapping.Document (preferred), or consider extending one of the following types with your repository: org.springframework.data.mongodb.repository.MongoRepository
11:24:44.071 [restartedMain] INFO  o.s.d.r.c.RepositoryConfigurationExtensionSupport - Spring Data MongoDB - Could not safely identify store assignment for repository candidate interface ir.repository.PermissionRepository; If you want this repository to be a MongoDB repository, consider annotating your entities with one of these annotations: org.springframework.data.mongodb.core.mapping.Document (preferred), or consider extending one of the following types with your repository: org.springframework.data.mongodb.repository.MongoRepository
11:24:44.071 [restartedMain] INFO  o.s.d.r.c.RepositoryConfigurationExtensionSupport - Spring Data MongoDB - Could not safely identify store assignment for repository candidate interface ir.repository.ProfileRepository; If you want this repository to be a MongoDB repository, consider annotating your entities with one of these annotations: org.springframework.data.mongodb.core.mapping.Document (preferred), or consider extending one of the following types with your repository: org.springframework.data.mongodb.repository.MongoRepository
11:24:44.071 [restartedMain] INFO  o.s.d.r.c.RepositoryConfigurationExtensionSupport - Spring Data MongoDB - Could not safely identify store assignment for repository candidate interface ir.repository.RoleRepository; If you want this repository to be a MongoDB repository, consider annotating your entities with one of these annotations: org.springframework.data.mongodb.core.mapping.Document (preferred), or consider extending one of the following types with your repository: org.springframework.data.mongodb.repository.MongoRepository
11:24:44.071 [restartedMain] INFO  o.s.d.r.c.RepositoryConfigurationExtensionSupport - Spring Data MongoDB - Could not safely identify store assignment for repository candidate interface ir.repository.SectionRepository; If you want this repository to be a MongoDB repository, consider annotating your entities with one of these annotations: org.springframework.data.mongodb.core.mapping.Document (preferred), or consider extending one of the following types with your repository: org.springframework.data.mongodb.repository.MongoRepository
11:24:44.071 [restartedMain] INFO  o.s.d.r.c.RepositoryConfigurationExtensionSupport - Spring Data MongoDB - Could not safely identify store assignment for repository candidate interface ir.repository.TicketRepository; If you want this repository to be a MongoDB repository, consider annotating your entities with one of these annotations: org.springframework.data.mongodb.core.mapping.Document (preferred), or consider extending one of the following types with your repository: org.springframework.data.mongodb.repository.MongoRepository
11:24:44.072 [restartedMain] INFO  o.s.d.r.c.RepositoryConfigurationExtensionSupport - Spring Data MongoDB - Could not safely identify store assignment for repository candidate interface ir.repository.UserRepository; If you want this repository to be a MongoDB repository, consider annotating your entities with one of these annotations: org.springframework.data.mongodb.core.mapping.Document (preferred), or consider extending one of the following types with your repository: org.springframework.data.mongodb.repository.MongoRepository
11:24:44.077 [restartedMain] INFO  o.s.d.r.c.RepositoryConfigurationDelegate - Finished Spring Data repository scanning in 19 ms. Found 1 MongoDB repository interface.
11:24:44.085 [restartedMain] INFO  o.s.d.r.c.RepositoryConfigurationDelegate - Multiple Spring Data modules found, entering strict repository configuration mode
11:24:44.086 [restartedMain] INFO  o.s.d.r.c.RepositoryConfigurationDelegate - Bootstrapping Spring Data Redis repositories in DEFAULT mode.
11:24:44.097 [restartedMain] INFO  o.s.d.r.c.RepositoryConfigurationExtensionSupport - Spring Data Redis - Could not safely identify store assignment for repository candidate interface ir.repository.AttachmentRepository; If you want this repository to be a Redis repository, consider annotating your entities with one of these annotations: org.springframework.data.redis.core.RedisHash (preferred), or consider extending one of the following types with your repository: org.springframework.data.keyvalue.repository.KeyValueRepository
11:24:44.097 [restartedMain] INFO  o.s.d.r.c.RepositoryConfigurationExtensionSupport - Spring Data Redis - Could not safely identify store assignment for repository candidate interface ir.repository.BuildingRepository; If you want this repository to be a Redis repository, consider annotating your entities with one of these annotations: org.springframework.data.redis.core.RedisHash (preferred), or consider extending one of the following types with your repository: org.springframework.data.keyvalue.repository.KeyValueRepository
11:24:44.098 [restartedMain] INFO  o.s.d.r.c.RepositoryConfigurationExtensionSupport - Spring Data Redis - Could not safely identify store assignment for repository candidate interface ir.repository.ImageRepository; If you want this repository to be a Redis repository, consider annotating your entities with one of these annotations: org.springframework.data.redis.core.RedisHash (preferred), or consider extending one of the following types with your repository: org.springframework.data.keyvalue.repository.KeyValueRepository
11:24:44.098 [restartedMain] INFO  o.s.d.r.c.RepositoryConfigurationExtensionSupport - Spring Data Redis - Could not safely identify store assignment for repository candidate interface ir.repository.LowScoreTicketReportRepository; If you want this repository to be a Redis repository, consider annotating your entities with one of these annotations: org.springframework.data.redis.core.RedisHash (preferred), or consider extending one of the following types with your repository: org.springframework.data.keyvalue.repository.KeyValueRepository
11:24:44.098 [restartedMain] INFO  o.s.d.r.c.RepositoryConfigurationExtensionSupport - Spring Data Redis - Could not safely identify store assignment for repository candidate interface ir.repository.MessageRepository; If you want this repository to be a Redis repository, consider annotating your entities with one of these annotations: org.springframework.data.redis.core.RedisHash (preferred), or consider extending one of the following types with your repository: org.springframework.data.keyvalue.repository.KeyValueRepository
11:24:44.098 [restartedMain] INFO  o.s.d.r.c.RepositoryConfigurationExtensionSupport - Spring Data Redis - Could not safely identify store assignment for repository candidate interface ir.repository.NotificationRepository; If you want this repository to be a Redis repository, consider annotating your entities with one of these annotations: org.springframework.data.redis.core.RedisHash (preferred), or consider extending one of the following types with your repository: org.springframework.data.keyvalue.repository.KeyValueRepository
11:24:44.098 [restartedMain] INFO  o.s.d.r.c.RepositoryConfigurationExtensionSupport - Spring Data Redis - Could not safely identify store assignment for repository candidate interface ir.repository.OutboxRepository; If you want this repository to be a Redis repository, consider annotating your entities with one of these annotations: org.springframework.data.redis.core.RedisHash (preferred), or consider extending one of the following types with your repository: org.springframework.data.keyvalue.repository.KeyValueRepository
11:24:44.098 [restartedMain] INFO  o.s.d.r.c.RepositoryConfigurationExtensionSupport - Spring Data Redis - Could not safely identify store assignment for repository candidate interface ir.repository.PermissionRepository; If you want this repository to be a Redis repository, consider annotating your entities with one of these annotations: org.springframework.data.redis.core.RedisHash (preferred), or consider extending one of the following types with your repository: org.springframework.data.keyvalue.repository.KeyValueRepository
11:24:44.098 [restartedMain] INFO  o.s.d.r.c.RepositoryConfigurationExtensionSupport - Spring Data Redis - Could not safely identify store assignment for repository candidate interface ir.repository.ProfileRepository; If you want this repository to be a Redis repository, consider annotating your entities with one of these annotations: org.springframework.data.redis.core.RedisHash (preferred), or consider extending one of the following types with your repository: org.springframework.data.keyvalue.repository.KeyValueRepository
11:24:44.098 [restartedMain] INFO  o.s.d.r.c.RepositoryConfigurationExtensionSupport - Spring Data Redis - Could not safely identify store assignment for repository candidate interface ir.repository.RoleRepository; If you want this repository to be a Redis repository, consider annotating your entities with one of these annotations: org.springframework.data.redis.core.RedisHash (preferred), or consider extending one of the following types with your repository: org.springframework.data.keyvalue.repository.KeyValueRepository
11:24:44.099 [restartedMain] INFO  o.s.d.r.c.RepositoryConfigurationExtensionSupport - Spring Data Redis - Could not safely identify store assignment for repository candidate interface ir.repository.SectionRepository; If you want this repository to be a Redis repository, consider annotating your entities with one of these annotations: org.springframework.data.redis.core.RedisHash (preferred), or consider extending one of the following types with your repository: org.springframework.data.keyvalue.repository.KeyValueRepository
11:24:44.099 [restartedMain] INFO  o.s.d.r.c.RepositoryConfigurationExtensionSupport - Spring Data Redis - Could not safely identify store assignment for repository candidate interface ir.repository.TicketRepository; If you want this repository to be a Redis repository, consider annotating your entities with one of these annotations: org.springframework.data.redis.core.RedisHash (preferred), or consider extending one of the following types with your repository: org.springframework.data.keyvalue.repository.KeyValueRepository
11:24:44.099 [restartedMain] INFO  o.s.d.r.c.RepositoryConfigurationExtensionSupport - Spring Data Redis - Could not safely identify store assignment for repository candidate interface ir.repository.UserRepository; If you want this repository to be a Redis repository, consider annotating your entities with one of these annotations: org.springframework.data.redis.core.RedisHash (preferred), or consider extending one of the following types with your repository: org.springframework.data.keyvalue.repository.KeyValueRepository
11:24:44.099 [restartedMain] INFO  o.s.d.r.c.RepositoryConfigurationDelegate - Finished Spring Data repository scanning in 6 ms. Found 0 Redis repository interfaces.
11:24:44.327 [restartedMain] INFO  o.s.cloud.context.scope.GenericScope - BeanFactory id=42e78484-4cca-3390-b734-2aa1eb7372db
11:24:45.040 [restartedMain] INFO  o.s.b.w.e.tomcat.TomcatWebServer - Tomcat initialized with port 8443 (https)
11:24:45.048 [restartedMain] INFO  o.a.coyote.http11.Http11NioProtocol - Initializing ProtocolHandler ["https-jsse-nio-8443"]
11:24:45.051 [restartedMain] INFO  o.a.catalina.core.StandardService - Starting service [Tomcat]
11:24:45.051 [restartedMain] INFO  o.a.catalina.core.StandardEngine - Starting Servlet engine: [Apache Tomcat/10.1.36]
11:24:45.097 [restartedMain] INFO  o.a.c.c.C.[Tomcat].[localhost].[/] - Initializing Spring embedded WebApplicationContext
11:24:45.097 [restartedMain] INFO  o.s.b.w.s.c.ServletWebServerApplicationContext - Root WebApplicationContext: initialization completed in 2249 ms
11:24:45.542 [restartedMain] INFO  com.zaxxer.hikari.HikariDataSource - HikariPool-1 - Starting...
11:24:45.741 [restartedMain] INFO  com.zaxxer.hikari.pool.HikariPool - HikariPool-1 - Added connection oracle.jdbc.driver.T4CConnection@37d38199
11:24:45.742 [restartedMain] INFO  com.zaxxer.hikari.HikariDataSource - HikariPool-1 - Start completed.
11:24:45.756 [restartedMain] INFO  org.flywaydb.core.FlywayExecutor - Database: jdbc:oracle:thin:@localhost:1521:xe (Oracle 21.0)
11:24:45.878 [restartedMain] INFO  o.f.c.i.s.JdbcTableSchemaHistory - Schema history table "TICKETING_SPRING"."flyway_schema_history" does not exist yet
11:24:45.881 [restartedMain] INFO  o.f.core.internal.command.DbValidate - Successfully validated 2 migrations (execution time 00:00.015s)
11:24:45.914 [restartedMain] INFO  o.f.c.i.s.JdbcTableSchemaHistory - Creating Schema History table "TICKETING_SPRING"."flyway_schema_history" with baseline ...
11:24:45.964 [restartedMain] INFO  o.f.core.internal.command.DbBaseline - Successfully baselined schema with version: 1
11:24:45.994 [restartedMain] INFO  o.f.core.internal.command.DbMigrate - Current version of schema "TICKETING_SPRING": 1
11:24:45.999 [restartedMain] INFO  o.f.core.internal.command.DbMigrate - Migrating schema "TICKETING_SPRING" to version "2 - create log table"
11:24:46.016 [restartedMain] ERROR o.f.core.internal.command.DbMigrate - Migration of schema "TICKETING_SPRING" to version "2 - create log table" failed! Please restore backups and roll back database and code!
11:24:46.028 [restartedMain] WARN  o.s.b.w.s.c.AnnotationConfigServletWebServerApplicationContext - Exception encountered during context initialization - cancelling refresh attempt: org.springframework.beans.factory.BeanCreationException: Error creating bean with name 'entityManagerFactory' defined in class path resource [org/springframework/boot/autoconfigure/orm/jpa/HibernateJpaConfiguration.class]: Failed to initialize dependency 'flywayInitializer' of LoadTimeWeaverAware bean 'entityManagerFactory': Error creating bean with name 'flywayInitializer' defined in class path resource [org/springframework/boot/autoconfigure/flyway/FlywayAutoConfiguration$FlywayConfiguration.class]: Script V2__create_log_table.sql failed
--------------------------------------
SQL State  : 42000
Error Code : 904
Message    : ORA-00904: : invalid identifier
Location   : db/migration/oracle/V2__create_log_table.sql (D:\JAVA\MFT learning\projects\Spring\ticketing_spring_sample\target\classes\db\migration\oracle\V2__create_log_table.sql)
Line       : 2
Statement  : Run Flyway with -X option to see the actual statement causing the problem

11:24:46.028 [restartedMain] INFO  com.zaxxer.hikari.HikariDataSource - HikariPool-1 - Shutdown initiated...
11:24:46.092 [restartedMain] INFO  com.zaxxer.hikari.HikariDataSource - HikariPool-1 - Shutdown completed.
11:24:46.094 [restartedMain] INFO  o.a.catalina.core.StandardService - Stopping service [Tomcat]
11:24:46.111 [restartedMain] INFO  o.s.b.a.l.ConditionEvaluationReportLogger - 

Error starting ApplicationContext. To display the condition evaluation report re-run your application with 'debug' enabled.
11:24:46.125 [restartedMain] ERROR o.s.boot.SpringApplication - Application run failed
org.springframework.beans.factory.BeanCreationException: Error creating bean with name 'entityManagerFactory' defined in class path resource [org/springframework/boot/autoconfigure/orm/jpa/HibernateJpaConfiguration.class]: Failed to initialize dependency 'flywayInitializer' of LoadTimeWeaverAware bean 'entityManagerFactory': Error creating bean with name 'flywayInitializer' defined in class path resource [org/springframework/boot/autoconfigure/flyway/FlywayAutoConfiguration$FlywayConfiguration.class]: Script V2__create_log_table.sql failed
--------------------------------------
SQL State  : 42000
Error Code : 904
Message    : ORA-00904: : invalid identifier
Location   : db/migration/oracle/V2__create_log_table.sql (D:\JAVA\MFT learning\projects\Spring\ticketing_spring_sample\target\classes\db\migration\oracle\V2__create_log_table.sql)
Line       : 2
Statement  : Run Flyway with -X option to see the actual statement causing the problem

	at org.springframework.beans.factory.support.AbstractBeanFactory.doGetBean(AbstractBeanFactory.java:328)
	at org.springframework.beans.factory.support.AbstractBeanFactory.getBean(AbstractBeanFactory.java:207)
	at org.springframework.context.support.AbstractApplicationContext.finishBeanFactoryInitialization(AbstractApplicationContext.java:970)
	at org.springframework.context.support.AbstractApplicationContext.refresh(AbstractApplicationContext.java:627)
	at org.springframework.boot.web.servlet.context.ServletWebServerApplicationContext.refresh(ServletWebServerApplicationContext.java:146)
	at org.springframework.boot.SpringApplication.refresh(SpringApplication.java:752)
	at org.springframework.boot.SpringApplication.refreshContext(SpringApplication.java:439)
	at org.springframework.boot.SpringApplication.run(SpringApplication.java:318)
	at org.springframework.boot.SpringApplication.run(SpringApplication.java:1361)
	at org.springframework.boot.SpringApplication.run(SpringApplication.java:1350)
	at ir.TicketingSpringSample.main(TicketingSpringSample.java:43)
	at java.base/jdk.internal.reflect.NativeMethodAccessorImpl.invoke0(Native Method)
	at java.base/jdk.internal.reflect.NativeMethodAccessorImpl.invoke(NativeMethodAccessorImpl.java:77)
	at java.base/jdk.internal.reflect.DelegatingMethodAccessorImpl.invoke(DelegatingMethodAccessorImpl.java:43)
	at java.base/java.lang.reflect.Method.invoke(Method.java:568)
	at org.springframework.boot.devtools.restart.RestartLauncher.run(RestartLauncher.java:50)
Caused by: org.springframework.beans.factory.BeanCreationException: Error creating bean with name 'flywayInitializer' defined in class path resource [org/springframework/boot/autoconfigure/flyway/FlywayAutoConfiguration$FlywayConfiguration.class]: Script V2__create_log_table.sql failed
--------------------------------------
SQL State  : 42000
Error Code : 904
Message    : ORA-00904: : invalid identifier
Location   : db/migration/oracle/V2__create_log_table.sql (D:\JAVA\MFT learning\projects\Spring\ticketing_spring_sample\target\classes\db\migration\oracle\V2__create_log_table.sql)
Line       : 2
Statement  : Run Flyway with -X option to see the actual statement causing the problem

	at org.springframework.beans.factory.support.AbstractAutowireCapableBeanFactory.initializeBean(AbstractAutowireCapableBeanFactory.java:1812)
	at org.springframework.beans.factory.support.AbstractAutowireCapableBeanFactory.doCreateBean(AbstractAutowireCapableBeanFactory.java:601)
	at org.springframework.beans.factory.support.AbstractAutowireCapableBeanFactory.createBean(AbstractAutowireCapableBeanFactory.java:523)
	at org.springframework.beans.factory.support.AbstractBeanFactory.lambda$doGetBean$0(AbstractBeanFactory.java:339)
	at org.springframework.beans.factory.support.DefaultSingletonBeanRegistry.getSingleton(DefaultSingletonBeanRegistry.java:346)
	at org.springframework.beans.factory.support.AbstractBeanFactory.doGetBean(AbstractBeanFactory.java:337)
	at org.springframework.beans.factory.support.AbstractBeanFactory.getBean(AbstractBeanFactory.java:202)
	at org.springframework.beans.factory.support.AbstractBeanFactory.doGetBean(AbstractBeanFactory.java:315)
	... 15 common frames omitted
Caused by: org.flywaydb.core.internal.exception.FlywayMigrateException: Script V2__create_log_table.sql failed
--------------------------------------
SQL State  : 42000
Error Code : 904
Message    : ORA-00904: : invalid identifier
Location   : db/migration/oracle/V2__create_log_table.sql (D:\JAVA\MFT learning\projects\Spring\ticketing_spring_sample\target\classes\db\migration\oracle\V2__create_log_table.sql)
Line       : 2
Statement  : Run Flyway with -X option to see the actual statement causing the problem

	at org.flywaydb.core.internal.command.DbMigrate.doMigrateGroup(DbMigrate.java:399)
	at org.flywaydb.core.internal.command.DbMigrate.lambda$applyMigrations$1(DbMigrate.java:283)
	at org.flywaydb.core.internal.jdbc.TransactionalExecutionTemplate.execute(TransactionalExecutionTemplate.java:59)
	at org.flywaydb.core.internal.command.DbMigrate.applyMigrations(DbMigrate.java:282)
	at org.flywaydb.core.internal.command.DbMigrate.migrateGroup(DbMigrate.java:255)
	at org.flywaydb.core.internal.command.DbMigrate.lambda$migrateAll$0(DbMigrate.java:153)
	at org.flywaydb.core.internal.jdbc.TableLockingExecutionTemplate$1.call(TableLockingExecutionTemplate.java:40)
	at org.flywaydb.core.internal.jdbc.TransactionalExecutionTemplate.execute(TransactionalExecutionTemplate.java:59)
	at org.flywaydb.core.internal.jdbc.TableLockingExecutionTemplate.execute(TableLockingExecutionTemplate.java:35)
	at org.flywaydb.core.internal.database.base.Connection.lock(Connection.java:106)
	at org.flywaydb.core.internal.schemahistory.JdbcTableSchemaHistory.lock(JdbcTableSchemaHistory.java:149)
	at org.flywaydb.core.internal.command.DbMigrate.migrateAll(DbMigrate.java:153)
	at org.flywaydb.core.internal.command.DbMigrate.migrate(DbMigrate.java:104)
	at org.flywaydb.core.Flyway.lambda$migrate$1(Flyway.java:230)
	at org.flywaydb.core.FlywayExecutor.execute(FlywayExecutor.java:213)
	at org.flywaydb.core.Flyway.migrate(Flyway.java:176)
	at org.springframework.boot.autoconfigure.flyway.FlywayMigrationInitializer.afterPropertiesSet(FlywayMigrationInitializer.java:66)
	at org.springframework.beans.factory.support.AbstractAutowireCapableBeanFactory.invokeInitMethods(AbstractAutowireCapableBeanFactory.java:1859)
	at org.springframework.beans.factory.support.AbstractAutowireCapableBeanFactory.initializeBean(AbstractAutowireCapableBeanFactory.java:1808)
	... 22 common frames omitted
Caused by: org.flywaydb.core.internal.sqlscript.FlywaySqlScriptException: Script V2__create_log_table.sql failed
--------------------------------------
SQL State  : 42000
Error Code : 904
Message    : ORA-00904: : invalid identifier
Location   : db/migration/oracle/V2__create_log_table.sql (D:\JAVA\MFT learning\projects\Spring\ticketing_spring_sample\target\classes\db\migration\oracle\V2__create_log_table.sql)
Line       : 2
Statement  : Run Flyway with -X option to see the actual statement causing the problem

	at org.flywaydb.core.internal.sqlscript.DefaultSqlScriptExecutor.handleException(DefaultSqlScriptExecutor.java:256)
	at org.flywaydb.core.internal.sqlscript.DefaultSqlScriptExecutor.executeStatement(DefaultSqlScriptExecutor.java:217)
	at org.flywaydb.core.internal.sqlscript.DefaultSqlScriptExecutor.execute(DefaultSqlScriptExecutor.java:137)
	at org.flywaydb.core.internal.resolver.sql.SqlMigrationExecutor.executeOnce(SqlMigrationExecutor.java:75)
	at org.flywaydb.core.internal.resolver.sql.SqlMigrationExecutor.lambda$execute$0(SqlMigrationExecutor.java:66)
	at org.flywaydb.core.internal.database.DefaultExecutionStrategy.execute(DefaultExecutionStrategy.java:31)
	at org.flywaydb.core.internal.resolver.sql.SqlMigrationExecutor.execute(SqlMigrationExecutor.java:65)
	at org.flywaydb.core.internal.command.DbMigrate.doMigrateGroup(DbMigrate.java:391)
	... 40 common frames omitted
Caused by: java.sql.SQLSyntaxErrorException: ORA-00904: : invalid identifier

	at oracle.jdbc.driver.T4CTTIoer11.processError(T4CTTIoer11.java:629)
	at oracle.jdbc.driver.T4CTTIoer11.processError(T4CTTIoer11.java:563)
	at oracle.jdbc.driver.T4C8Oall.processError(T4C8Oall.java:1230)
	at oracle.jdbc.driver.T4CTTIfun.receive(T4CTTIfun.java:771)
	at oracle.jdbc.driver.T4CTTIfun.doRPC(T4CTTIfun.java:298)
	at oracle.jdbc.driver.T4C8Oall.doOALL(T4C8Oall.java:511)
	at oracle.jdbc.driver.T4CStatement.doOall8(T4CStatement.java:122)
	at oracle.jdbc.driver.T4CStatement.executeForRows(T4CStatement.java:1199)
	at oracle.jdbc.driver.OracleStatement.executeSQLStatement(OracleStatement.java:1819)
	at oracle.jdbc.driver.OracleStatement.doExecuteWithTimeout(OracleStatement.java:1471)
	at oracle.jdbc.driver.OracleStatement.executeInternal(OracleStatement.java:2504)
	at oracle.jdbc.driver.OracleStatement.execute(OracleStatement.java:2459)
	at oracle.jdbc.driver.OracleStatementWrapper.execute(OracleStatementWrapper.java:327)
	at com.zaxxer.hikari.pool.ProxyStatement.execute(ProxyStatement.java:94)
	at com.zaxxer.hikari.pool.HikariProxyStatement.execute(HikariProxyStatement.java)
	at org.flywaydb.core.internal.jdbc.JdbcTemplate.executeStatement(JdbcTemplate.java:210)
	at org.flywaydb.core.internal.sqlscript.ParsedSqlStatement.execute(ParsedSqlStatement.java:88)
	at org.flywaydb.core.internal.sqlscript.DefaultSqlScriptExecutor.executeStatement(DefaultSqlScriptExecutor.java:212)
	... 46 common frames omitted
Caused by: oracle.jdbc.OracleDatabaseException: ORA-00904: : invalid identifier

	at oracle.jdbc.driver.T4CTTIoer11.processError(T4CTTIoer11.java:636)
	... 63 common frames omitted
11:25:38.197 [background-preinit] INFO  o.h.validator.internal.util.Version - HV000001: Hibernate Validator 8.0.2.Final
11:25:38.233 [restartedMain] INFO  ir.TicketingSpringSample - Starting TicketingSpringSample using Java 17.0.12 with PID 9808 (D:\JAVA\MFT learning\projects\Spring\ticketing_spring_sample\target\classes started by arbab in D:\JAVA\MFT learning\projects\Spring\ticketing_spring_sample)
11:25:38.233 [restartedMain] INFO  ir.TicketingSpringSample - The following 1 profile is active: "dev"
11:25:38.278 [restartedMain] INFO  o.s.b.d.restart.ChangeableUrls - The Class-Path manifest attribute in C:\Users\arbab\.m2\repository\com\oracle\database\jdbc\ojdbc11\21.9.0.0\ojdbc11-21.9.0.0.jar referenced one or more files that do not exist: file:/C:/Users/arbab/.m2/repository/com/oracle/database/jdbc/ojdbc11/21.9.0.0/oraclepki.jar
11:25:38.278 [restartedMain] INFO  o.s.b.d.e.DevToolsPropertyDefaultsPostProcessor - Devtools property defaults active! Set 'spring.devtools.add-properties' to 'false' to disable
11:25:38.278 [restartedMain] INFO  o.s.b.d.e.DevToolsPropertyDefaultsPostProcessor - For additional web related logging consider setting the 'logging.level.web' property to 'DEBUG'
11:25:38.987 [restartedMain] INFO  o.s.b.f.s.DefaultListableBeanFactory - Overriding bean definition for bean 'localeResolver' with a different definition: replacing [Root bean: class=null; scope=; abstract=false; lazyInit=null; autowireMode=3; dependencyCheck=0; autowireCandidate=true; primary=false; fallback=false; factoryBeanName=org.springframework.web.servlet.config.annotation.DelegatingWebMvcConfiguration; factoryMethodName=localeResolver; initMethodNames=null; destroyMethodNames=[(inferred)]; defined in class path resource [org/springframework/web/servlet/config/annotation/DelegatingWebMvcConfiguration.class]] with [Root bean: class=null; scope=; abstract=false; lazyInit=null; autowireMode=3; dependencyCheck=0; autowireCandidate=true; primary=false; fallback=false; factoryBeanName=webConfig; factoryMethodName=localeResolver; initMethodNames=null; destroyMethodNames=[(inferred)]; defined in class path resource [ir/config/WebConfig.class]]
11:25:38.992 [restartedMain] INFO  o.s.d.r.c.RepositoryConfigurationDelegate - Multiple Spring Data modules found, entering strict repository configuration mode
11:25:38.992 [restartedMain] INFO  o.s.d.r.c.RepositoryConfigurationDelegate - Bootstrapping Spring Data JPA repositories in DEFAULT mode.
11:25:39.113 [restartedMain] INFO  o.s.d.r.c.RepositoryConfigurationExtensionSupport - Spring Data JPA - Could not safely identify store assignment for repository candidate interface ir.repository.ImageRepository; If you want this repository to be a JPA repository, consider annotating your entities with one of these annotations: jakarta.persistence.Entity, jakarta.persistence.MappedSuperclass (preferred), or consider extending one of the following types with your repository: org.springframework.data.jpa.repository.JpaRepository
11:25:39.167 [restartedMain] INFO  o.s.d.r.c.RepositoryConfigurationDelegate - Finished Spring Data repository scanning in 168 ms. Found 12 JPA repository interfaces.
11:25:39.525 [restartedMain] INFO  o.s.d.r.c.RepositoryConfigurationDelegate - Multiple Spring Data modules found, entering strict repository configuration mode
11:25:39.526 [restartedMain] INFO  o.s.d.r.c.RepositoryConfigurationDelegate - Bootstrapping Spring Data MongoDB repositories in DEFAULT mode.
11:25:39.539 [restartedMain] INFO  o.s.d.r.c.RepositoryConfigurationExtensionSupport - Spring Data MongoDB - Could not safely identify store assignment for repository candidate interface ir.repository.AttachmentRepository; If you want this repository to be a MongoDB repository, consider annotating your entities with one of these annotations: org.springframework.data.mongodb.core.mapping.Document (preferred), or consider extending one of the following types with your repository: org.springframework.data.mongodb.repository.MongoRepository
11:25:39.540 [restartedMain] INFO  o.s.d.r.c.RepositoryConfigurationExtensionSupport - Spring Data MongoDB - Could not safely identify store assignment for repository candidate interface ir.repository.BuildingRepository; If you want this repository to be a MongoDB repository, consider annotating your entities with one of these annotations: org.springframework.data.mongodb.core.mapping.Document (preferred), or consider extending one of the following types with your repository: org.springframework.data.mongodb.repository.MongoRepository
11:25:39.540 [restartedMain] INFO  o.s.d.r.c.RepositoryConfigurationExtensionSupport - Spring Data MongoDB - Could not safely identify store assignment for repository candidate interface ir.repository.LowScoreTicketReportRepository; If you want this repository to be a MongoDB repository, consider annotating your entities with one of these annotations: org.springframework.data.mongodb.core.mapping.Document (preferred), or consider extending one of the following types with your repository: org.springframework.data.mongodb.repository.MongoRepository
11:25:39.540 [restartedMain] INFO  o.s.d.r.c.RepositoryConfigurationExtensionSupport - Spring Data MongoDB - Could not safely identify store assignment for repository candidate interface ir.repository.MessageRepository; If you want this repository to be a MongoDB repository, consider annotating your entities with one of these annotations: org.springframework.data.mongodb.core.mapping.Document (preferred), or consider extending one of the following types with your repository: org.springframework.data.mongodb.repository.MongoRepository
11:25:39.540 [restartedMain] INFO  o.s.d.r.c.RepositoryConfigurationExtensionSupport - Spring Data MongoDB - Could not safely identify store assignment for repository candidate interface ir.repository.NotificationRepository; If you want this repository to be a MongoDB repository, consider annotating your entities with one of these annotations: org.springframework.data.mongodb.core.mapping.Document (preferred), or consider extending one of the following types with your repository: org.springframework.data.mongodb.repository.MongoRepository
11:25:39.541 [restartedMain] INFO  o.s.d.r.c.RepositoryConfigurationExtensionSupport - Spring Data MongoDB - Could not safely identify store assignment for repository candidate interface ir.repository.OutboxRepository; If you want this repository to be a MongoDB repository, consider annotating your entities with one of these annotations: org.springframework.data.mongodb.core.mapping.Document (preferred), or consider extending one of the following types with your repository: org.springframework.data.mongodb.repository.MongoRepository
11:25:39.541 [restartedMain] INFO  o.s.d.r.c.RepositoryConfigurationExtensionSupport - Spring Data MongoDB - Could not safely identify store assignment for repository candidate interface ir.repository.PermissionRepository; If you want this repository to be a MongoDB repository, consider annotating your entities with one of these annotations: org.springframework.data.mongodb.core.mapping.Document (preferred), or consider extending one of the following types with your repository: org.springframework.data.mongodb.repository.MongoRepository
11:25:39.541 [restartedMain] INFO  o.s.d.r.c.RepositoryConfigurationExtensionSupport - Spring Data MongoDB - Could not safely identify store assignment for repository candidate interface ir.repository.ProfileRepository; If you want this repository to be a MongoDB repository, consider annotating your entities with one of these annotations: org.springframework.data.mongodb.core.mapping.Document (preferred), or consider extending one of the following types with your repository: org.springframework.data.mongodb.repository.MongoRepository
11:25:39.541 [restartedMain] INFO  o.s.d.r.c.RepositoryConfigurationExtensionSupport - Spring Data MongoDB - Could not safely identify store assignment for repository candidate interface ir.repository.RoleRepository; If you want this repository to be a MongoDB repository, consider annotating your entities with one of these annotations: org.springframework.data.mongodb.core.mapping.Document (preferred), or consider extending one of the following types with your repository: org.springframework.data.mongodb.repository.MongoRepository
11:25:39.541 [restartedMain] INFO  o.s.d.r.c.RepositoryConfigurationExtensionSupport - Spring Data MongoDB - Could not safely identify store assignment for repository candidate interface ir.repository.SectionRepository; If you want this repository to be a MongoDB repository, consider annotating your entities with one of these annotations: org.springframework.data.mongodb.core.mapping.Document (preferred), or consider extending one of the following types with your repository: org.springframework.data.mongodb.repository.MongoRepository
11:25:39.542 [restartedMain] INFO  o.s.d.r.c.RepositoryConfigurationExtensionSupport - Spring Data MongoDB - Could not safely identify store assignment for repository candidate interface ir.repository.TicketRepository; If you want this repository to be a MongoDB repository, consider annotating your entities with one of these annotations: org.springframework.data.mongodb.core.mapping.Document (preferred), or consider extending one of the following types with your repository: org.springframework.data.mongodb.repository.MongoRepository
11:25:39.542 [restartedMain] INFO  o.s.d.r.c.RepositoryConfigurationExtensionSupport - Spring Data MongoDB - Could not safely identify store assignment for repository candidate interface ir.repository.UserRepository; If you want this repository to be a MongoDB repository, consider annotating your entities with one of these annotations: org.springframework.data.mongodb.core.mapping.Document (preferred), or consider extending one of the following types with your repository: org.springframework.data.mongodb.repository.MongoRepository
11:25:39.548 [restartedMain] INFO  o.s.d.r.c.RepositoryConfigurationDelegate - Finished Spring Data repository scanning in 21 ms. Found 1 MongoDB repository interface.
11:25:39.557 [restartedMain] INFO  o.s.d.r.c.RepositoryConfigurationDelegate - Multiple Spring Data modules found, entering strict repository configuration mode
11:25:39.558 [restartedMain] INFO  o.s.d.r.c.RepositoryConfigurationDelegate - Bootstrapping Spring Data Redis repositories in DEFAULT mode.
11:25:39.571 [restartedMain] INFO  o.s.d.r.c.RepositoryConfigurationExtensionSupport - Spring Data Redis - Could not safely identify store assignment for repository candidate interface ir.repository.AttachmentRepository; If you want this repository to be a Redis repository, consider annotating your entities with one of these annotations: org.springframework.data.redis.core.RedisHash (preferred), or consider extending one of the following types with your repository: org.springframework.data.keyvalue.repository.KeyValueRepository
11:25:39.571 [restartedMain] INFO  o.s.d.r.c.RepositoryConfigurationExtensionSupport - Spring Data Redis - Could not safely identify store assignment for repository candidate interface ir.repository.BuildingRepository; If you want this repository to be a Redis repository, consider annotating your entities with one of these annotations: org.springframework.data.redis.core.RedisHash (preferred), or consider extending one of the following types with your repository: org.springframework.data.keyvalue.repository.KeyValueRepository
11:25:39.571 [restartedMain] INFO  o.s.d.r.c.RepositoryConfigurationExtensionSupport - Spring Data Redis - Could not safely identify store assignment for repository candidate interface ir.repository.ImageRepository; If you want this repository to be a Redis repository, consider annotating your entities with one of these annotations: org.springframework.data.redis.core.RedisHash (preferred), or consider extending one of the following types with your repository: org.springframework.data.keyvalue.repository.KeyValueRepository
11:25:39.571 [restartedMain] INFO  o.s.d.r.c.RepositoryConfigurationExtensionSupport - Spring Data Redis - Could not safely identify store assignment for repository candidate interface ir.repository.LowScoreTicketReportRepository; If you want this repository to be a Redis repository, consider annotating your entities with one of these annotations: org.springframework.data.redis.core.RedisHash (preferred), or consider extending one of the following types with your repository: org.springframework.data.keyvalue.repository.KeyValueRepository
11:25:39.572 [restartedMain] INFO  o.s.d.r.c.RepositoryConfigurationExtensionSupport - Spring Data Redis - Could not safely identify store assignment for repository candidate interface ir.repository.MessageRepository; If you want this repository to be a Redis repository, consider annotating your entities with one of these annotations: org.springframework.data.redis.core.RedisHash (preferred), or consider extending one of the following types with your repository: org.springframework.data.keyvalue.repository.KeyValueRepository
11:25:39.572 [restartedMain] INFO  o.s.d.r.c.RepositoryConfigurationExtensionSupport - Spring Data Redis - Could not safely identify store assignment for repository candidate interface ir.repository.NotificationRepository; If you want this repository to be a Redis repository, consider annotating your entities with one of these annotations: org.springframework.data.redis.core.RedisHash (preferred), or consider extending one of the following types with your repository: org.springframework.data.keyvalue.repository.KeyValueRepository
11:25:39.572 [restartedMain] INFO  o.s.d.r.c.RepositoryConfigurationExtensionSupport - Spring Data Redis - Could not safely identify store assignment for repository candidate interface ir.repository.OutboxRepository; If you want this repository to be a Redis repository, consider annotating your entities with one of these annotations: org.springframework.data.redis.core.RedisHash (preferred), or consider extending one of the following types with your repository: org.springframework.data.keyvalue.repository.KeyValueRepository
11:25:39.572 [restartedMain] INFO  o.s.d.r.c.RepositoryConfigurationExtensionSupport - Spring Data Redis - Could not safely identify store assignment for repository candidate interface ir.repository.PermissionRepository; If you want this repository to be a Redis repository, consider annotating your entities with one of these annotations: org.springframework.data.redis.core.RedisHash (preferred), or consider extending one of the following types with your repository: org.springframework.data.keyvalue.repository.KeyValueRepository
11:25:39.572 [restartedMain] INFO  o.s.d.r.c.RepositoryConfigurationExtensionSupport - Spring Data Redis - Could not safely identify store assignment for repository candidate interface ir.repository.ProfileRepository; If you want this repository to be a Redis repository, consider annotating your entities with one of these annotations: org.springframework.data.redis.core.RedisHash (preferred), or consider extending one of the following types with your repository: org.springframework.data.keyvalue.repository.KeyValueRepository
11:25:39.572 [restartedMain] INFO  o.s.d.r.c.RepositoryConfigurationExtensionSupport - Spring Data Redis - Could not safely identify store assignment for repository candidate interface ir.repository.RoleRepository; If you want this repository to be a Redis repository, consider annotating your entities with one of these annotations: org.springframework.data.redis.core.RedisHash (preferred), or consider extending one of the following types with your repository: org.springframework.data.keyvalue.repository.KeyValueRepository
11:25:39.572 [restartedMain] INFO  o.s.d.r.c.RepositoryConfigurationExtensionSupport - Spring Data Redis - Could not safely identify store assignment for repository candidate interface ir.repository.SectionRepository; If you want this repository to be a Redis repository, consider annotating your entities with one of these annotations: org.springframework.data.redis.core.RedisHash (preferred), or consider extending one of the following types with your repository: org.springframework.data.keyvalue.repository.KeyValueRepository
11:25:39.572 [restartedMain] INFO  o.s.d.r.c.RepositoryConfigurationExtensionSupport - Spring Data Redis - Could not safely identify store assignment for repository candidate interface ir.repository.TicketRepository; If you want this repository to be a Redis repository, consider annotating your entities with one of these annotations: org.springframework.data.redis.core.RedisHash (preferred), or consider extending one of the following types with your repository: org.springframework.data.keyvalue.repository.KeyValueRepository
11:25:39.572 [restartedMain] INFO  o.s.d.r.c.RepositoryConfigurationExtensionSupport - Spring Data Redis - Could not safely identify store assignment for repository candidate interface ir.repository.UserRepository; If you want this repository to be a Redis repository, consider annotating your entities with one of these annotations: org.springframework.data.redis.core.RedisHash (preferred), or consider extending one of the following types with your repository: org.springframework.data.keyvalue.repository.KeyValueRepository
11:25:39.572 [restartedMain] INFO  o.s.d.r.c.RepositoryConfigurationDelegate - Finished Spring Data repository scanning in 7 ms. Found 0 Redis repository interfaces.
11:25:39.840 [restartedMain] INFO  o.s.cloud.context.scope.GenericScope - BeanFactory id=42e78484-4cca-3390-b734-2aa1eb7372db
11:25:40.551 [restartedMain] INFO  o.s.b.w.e.tomcat.TomcatWebServer - Tomcat initialized with port 8443 (https)
11:25:40.558 [restartedMain] INFO  o.a.coyote.http11.Http11NioProtocol - Initializing ProtocolHandler ["https-jsse-nio-8443"]
11:25:40.561 [restartedMain] INFO  o.a.catalina.core.StandardService - Starting service [Tomcat]
11:25:40.562 [restartedMain] INFO  o.a.catalina.core.StandardEngine - Starting Servlet engine: [Apache Tomcat/10.1.36]
11:25:40.607 [restartedMain] INFO  o.a.c.c.C.[Tomcat].[localhost].[/] - Initializing Spring embedded WebApplicationContext
11:25:40.607 [restartedMain] INFO  o.s.b.w.s.c.ServletWebServerApplicationContext - Root WebApplicationContext: initialization completed in 2320 ms
11:25:41.056 [restartedMain] INFO  com.zaxxer.hikari.HikariDataSource - HikariPool-1 - Starting...
11:25:41.243 [restartedMain] INFO  com.zaxxer.hikari.pool.HikariPool - HikariPool-1 - Added connection oracle.jdbc.driver.T4CConnection@29af4c98
11:25:41.245 [restartedMain] INFO  com.zaxxer.hikari.HikariDataSource - HikariPool-1 - Start completed.
11:25:41.257 [restartedMain] INFO  org.flywaydb.core.FlywayExecutor - Database: jdbc:oracle:thin:@localhost:1521:xe (Oracle 21.0)
11:25:41.411 [restartedMain] WARN  o.s.b.w.s.c.AnnotationConfigServletWebServerApplicationContext - Exception encountered during context initialization - cancelling refresh attempt: org.springframework.beans.factory.BeanCreationException: Error creating bean with name 'entityManagerFactory' defined in class path resource [org/springframework/boot/autoconfigure/orm/jpa/HibernateJpaConfiguration.class]: Failed to initialize dependency 'flywayInitializer' of LoadTimeWeaverAware bean 'entityManagerFactory': Error creating bean with name 'flywayInitializer' defined in class path resource [org/springframework/boot/autoconfigure/flyway/FlywayAutoConfiguration$FlywayConfiguration.class]: Validate failed: Migrations have failed validation
Detected failed migration to version 2 (create log table).
Please remove any half-completed changes then run repair to fix the schema history.
Need more flexibility with validation rules? Learn more: https://rd.gt/3AbJUZE
11:25:41.412 [restartedMain] INFO  com.zaxxer.hikari.HikariDataSource - HikariPool-1 - Shutdown initiated...
11:25:41.429 [restartedMain] INFO  com.zaxxer.hikari.HikariDataSource - HikariPool-1 - Shutdown completed.
11:25:41.431 [restartedMain] INFO  o.a.catalina.core.StandardService - Stopping service [Tomcat]
11:25:41.448 [restartedMain] INFO  o.s.b.a.l.ConditionEvaluationReportLogger - 

Error starting ApplicationContext. To display the condition evaluation report re-run your application with 'debug' enabled.
11:25:41.462 [restartedMain] ERROR o.s.boot.SpringApplication - Application run failed
org.springframework.beans.factory.BeanCreationException: Error creating bean with name 'entityManagerFactory' defined in class path resource [org/springframework/boot/autoconfigure/orm/jpa/HibernateJpaConfiguration.class]: Failed to initialize dependency 'flywayInitializer' of LoadTimeWeaverAware bean 'entityManagerFactory': Error creating bean with name 'flywayInitializer' defined in class path resource [org/springframework/boot/autoconfigure/flyway/FlywayAutoConfiguration$FlywayConfiguration.class]: Validate failed: Migrations have failed validation
Detected failed migration to version 2 (create log table).
Please remove any half-completed changes then run repair to fix the schema history.
Need more flexibility with validation rules? Learn more: https://rd.gt/3AbJUZE
	at org.springframework.beans.factory.support.AbstractBeanFactory.doGetBean(AbstractBeanFactory.java:328)
	at org.springframework.beans.factory.support.AbstractBeanFactory.getBean(AbstractBeanFactory.java:207)
	at org.springframework.context.support.AbstractApplicationContext.finishBeanFactoryInitialization(AbstractApplicationContext.java:970)
	at org.springframework.context.support.AbstractApplicationContext.refresh(AbstractApplicationContext.java:627)
	at org.springframework.boot.web.servlet.context.ServletWebServerApplicationContext.refresh(ServletWebServerApplicationContext.java:146)
	at org.springframework.boot.SpringApplication.refresh(SpringApplication.java:752)
	at org.springframework.boot.SpringApplication.refreshContext(SpringApplication.java:439)
	at org.springframework.boot.SpringApplication.run(SpringApplication.java:318)
	at org.springframework.boot.SpringApplication.run(SpringApplication.java:1361)
	at org.springframework.boot.SpringApplication.run(SpringApplication.java:1350)
	at ir.TicketingSpringSample.main(TicketingSpringSample.java:43)
	at java.base/jdk.internal.reflect.NativeMethodAccessorImpl.invoke0(Native Method)
	at java.base/jdk.internal.reflect.NativeMethodAccessorImpl.invoke(NativeMethodAccessorImpl.java:77)
	at java.base/jdk.internal.reflect.DelegatingMethodAccessorImpl.invoke(DelegatingMethodAccessorImpl.java:43)
	at java.base/java.lang.reflect.Method.invoke(Method.java:568)
	at org.springframework.boot.devtools.restart.RestartLauncher.run(RestartLauncher.java:50)
Caused by: org.springframework.beans.factory.BeanCreationException: Error creating bean with name 'flywayInitializer' defined in class path resource [org/springframework/boot/autoconfigure/flyway/FlywayAutoConfiguration$FlywayConfiguration.class]: Validate failed: Migrations have failed validation
Detected failed migration to version 2 (create log table).
Please remove any half-completed changes then run repair to fix the schema history.
Need more flexibility with validation rules? Learn more: https://rd.gt/3AbJUZE
	at org.springframework.beans.factory.support.AbstractAutowireCapableBeanFactory.initializeBean(AbstractAutowireCapableBeanFactory.java:1812)
	at org.springframework.beans.factory.support.AbstractAutowireCapableBeanFactory.doCreateBean(AbstractAutowireCapableBeanFactory.java:601)
	at org.springframework.beans.factory.support.AbstractAutowireCapableBeanFactory.createBean(AbstractAutowireCapableBeanFactory.java:523)
	at org.springframework.beans.factory.support.AbstractBeanFactory.lambda$doGetBean$0(AbstractBeanFactory.java:339)
	at org.springframework.beans.factory.support.DefaultSingletonBeanRegistry.getSingleton(DefaultSingletonBeanRegistry.java:346)
	at org.springframework.beans.factory.support.AbstractBeanFactory.doGetBean(AbstractBeanFactory.java:337)
	at org.springframework.beans.factory.support.AbstractBeanFactory.getBean(AbstractBeanFactory.java:202)
	at org.springframework.beans.factory.support.AbstractBeanFactory.doGetBean(AbstractBeanFactory.java:315)
	... 15 common frames omitted
Caused by: org.flywaydb.core.api.exception.FlywayValidateException: Validate failed: Migrations have failed validation
Detected failed migration to version 2 (create log table).
Please remove any half-completed changes then run repair to fix the schema history.
Need more flexibility with validation rules? Learn more: https://rd.gt/3AbJUZE
	at org.flywaydb.core.Flyway.lambda$migrate$1(Flyway.java:189)
	at org.flywaydb.core.FlywayExecutor.execute(FlywayExecutor.java:213)
	at org.flywaydb.core.Flyway.migrate(Flyway.java:176)
	at org.springframework.boot.autoconfigure.flyway.FlywayMigrationInitializer.afterPropertiesSet(FlywayMigrationInitializer.java:66)
	at org.springframework.beans.factory.support.AbstractAutowireCapableBeanFactory.invokeInitMethods(AbstractAutowireCapableBeanFactory.java:1859)
	at org.springframework.beans.factory.support.AbstractAutowireCapableBeanFactory.initializeBean(AbstractAutowireCapableBeanFactory.java:1808)
	... 22 common frames omitted
11:29:44.288 [background-preinit] INFO  o.h.validator.internal.util.Version - HV000001: Hibernate Validator 8.0.2.Final
11:29:44.324 [restartedMain] INFO  ir.TicketingSpringSample - Starting TicketingSpringSample using Java 17.0.12 with PID 5044 (D:\JAVA\MFT learning\projects\Spring\ticketing_spring_sample\target\classes started by arbab in D:\JAVA\MFT learning\projects\Spring\ticketing_spring_sample)
11:29:44.324 [restartedMain] INFO  ir.TicketingSpringSample - The following 1 profile is active: "dev"
11:29:44.371 [restartedMain] INFO  o.s.b.d.restart.ChangeableUrls - The Class-Path manifest attribute in C:\Users\arbab\.m2\repository\com\oracle\database\jdbc\ojdbc11\21.9.0.0\ojdbc11-21.9.0.0.jar referenced one or more files that do not exist: file:/C:/Users/arbab/.m2/repository/com/oracle/database/jdbc/ojdbc11/21.9.0.0/oraclepki.jar
11:29:44.371 [restartedMain] INFO  o.s.b.d.e.DevToolsPropertyDefaultsPostProcessor - Devtools property defaults active! Set 'spring.devtools.add-properties' to 'false' to disable
11:29:44.371 [restartedMain] INFO  o.s.b.d.e.DevToolsPropertyDefaultsPostProcessor - For additional web related logging consider setting the 'logging.level.web' property to 'DEBUG'
11:29:45.107 [restartedMain] INFO  o.s.b.f.s.DefaultListableBeanFactory - Overriding bean definition for bean 'localeResolver' with a different definition: replacing [Root bean: class=null; scope=; abstract=false; lazyInit=null; autowireMode=3; dependencyCheck=0; autowireCandidate=true; primary=false; fallback=false; factoryBeanName=org.springframework.web.servlet.config.annotation.DelegatingWebMvcConfiguration; factoryMethodName=localeResolver; initMethodNames=null; destroyMethodNames=[(inferred)]; defined in class path resource [org/springframework/web/servlet/config/annotation/DelegatingWebMvcConfiguration.class]] with [Root bean: class=null; scope=; abstract=false; lazyInit=null; autowireMode=3; dependencyCheck=0; autowireCandidate=true; primary=false; fallback=false; factoryBeanName=webConfig; factoryMethodName=localeResolver; initMethodNames=null; destroyMethodNames=[(inferred)]; defined in class path resource [ir/config/WebConfig.class]]
11:29:45.113 [restartedMain] INFO  o.s.d.r.c.RepositoryConfigurationDelegate - Multiple Spring Data modules found, entering strict repository configuration mode
11:29:45.113 [restartedMain] INFO  o.s.d.r.c.RepositoryConfigurationDelegate - Bootstrapping Spring Data JPA repositories in DEFAULT mode.
11:29:45.241 [restartedMain] INFO  o.s.d.r.c.RepositoryConfigurationExtensionSupport - Spring Data JPA - Could not safely identify store assignment for repository candidate interface ir.repository.ImageRepository; If you want this repository to be a JPA repository, consider annotating your entities with one of these annotations: jakarta.persistence.Entity, jakarta.persistence.MappedSuperclass (preferred), or consider extending one of the following types with your repository: org.springframework.data.jpa.repository.JpaRepository
11:29:45.307 [restartedMain] INFO  o.s.d.r.c.RepositoryConfigurationDelegate - Finished Spring Data repository scanning in 185 ms. Found 12 JPA repository interfaces.
11:29:45.666 [restartedMain] INFO  o.s.d.r.c.RepositoryConfigurationDelegate - Multiple Spring Data modules found, entering strict repository configuration mode
11:29:45.667 [restartedMain] INFO  o.s.d.r.c.RepositoryConfigurationDelegate - Bootstrapping Spring Data MongoDB repositories in DEFAULT mode.
11:29:45.680 [restartedMain] INFO  o.s.d.r.c.RepositoryConfigurationExtensionSupport - Spring Data MongoDB - Could not safely identify store assignment for repository candidate interface ir.repository.AttachmentRepository; If you want this repository to be a MongoDB repository, consider annotating your entities with one of these annotations: org.springframework.data.mongodb.core.mapping.Document (preferred), or consider extending one of the following types with your repository: org.springframework.data.mongodb.repository.MongoRepository
11:29:45.681 [restartedMain] INFO  o.s.d.r.c.RepositoryConfigurationExtensionSupport - Spring Data MongoDB - Could not safely identify store assignment for repository candidate interface ir.repository.BuildingRepository; If you want this repository to be a MongoDB repository, consider annotating your entities with one of these annotations: org.springframework.data.mongodb.core.mapping.Document (preferred), or consider extending one of the following types with your repository: org.springframework.data.mongodb.repository.MongoRepository
11:29:45.683 [restartedMain] INFO  o.s.d.r.c.RepositoryConfigurationExtensionSupport - Spring Data MongoDB - Could not safely identify store assignment for repository candidate interface ir.repository.LowScoreTicketReportRepository; If you want this repository to be a MongoDB repository, consider annotating your entities with one of these annotations: org.springframework.data.mongodb.core.mapping.Document (preferred), or consider extending one of the following types with your repository: org.springframework.data.mongodb.repository.MongoRepository
11:29:45.683 [restartedMain] INFO  o.s.d.r.c.RepositoryConfigurationExtensionSupport - Spring Data MongoDB - Could not safely identify store assignment for repository candidate interface ir.repository.MessageRepository; If you want this repository to be a MongoDB repository, consider annotating your entities with one of these annotations: org.springframework.data.mongodb.core.mapping.Document (preferred), or consider extending one of the following types with your repository: org.springframework.data.mongodb.repository.MongoRepository
11:29:45.683 [restartedMain] INFO  o.s.d.r.c.RepositoryConfigurationExtensionSupport - Spring Data MongoDB - Could not safely identify store assignment for repository candidate interface ir.repository.NotificationRepository; If you want this repository to be a MongoDB repository, consider annotating your entities with one of these annotations: org.springframework.data.mongodb.core.mapping.Document (preferred), or consider extending one of the following types with your repository: org.springframework.data.mongodb.repository.MongoRepository
11:29:45.683 [restartedMain] INFO  o.s.d.r.c.RepositoryConfigurationExtensionSupport - Spring Data MongoDB - Could not safely identify store assignment for repository candidate interface ir.repository.OutboxRepository; If you want this repository to be a MongoDB repository, consider annotating your entities with one of these annotations: org.springframework.data.mongodb.core.mapping.Document (preferred), or consider extending one of the following types with your repository: org.springframework.data.mongodb.repository.MongoRepository
11:29:45.684 [restartedMain] INFO  o.s.d.r.c.RepositoryConfigurationExtensionSupport - Spring Data MongoDB - Could not safely identify store assignment for repository candidate interface ir.repository.PermissionRepository; If you want this repository to be a MongoDB repository, consider annotating your entities with one of these annotations: org.springframework.data.mongodb.core.mapping.Document (preferred), or consider extending one of the following types with your repository: org.springframework.data.mongodb.repository.MongoRepository
11:29:45.684 [restartedMain] INFO  o.s.d.r.c.RepositoryConfigurationExtensionSupport - Spring Data MongoDB - Could not safely identify store assignment for repository candidate interface ir.repository.ProfileRepository; If you want this repository to be a MongoDB repository, consider annotating your entities with one of these annotations: org.springframework.data.mongodb.core.mapping.Document (preferred), or consider extending one of the following types with your repository: org.springframework.data.mongodb.repository.MongoRepository
11:29:45.684 [restartedMain] INFO  o.s.d.r.c.RepositoryConfigurationExtensionSupport - Spring Data MongoDB - Could not safely identify store assignment for repository candidate interface ir.repository.RoleRepository; If you want this repository to be a MongoDB repository, consider annotating your entities with one of these annotations: org.springframework.data.mongodb.core.mapping.Document (preferred), or consider extending one of the following types with your repository: org.springframework.data.mongodb.repository.MongoRepository
11:29:45.684 [restartedMain] INFO  o.s.d.r.c.RepositoryConfigurationExtensionSupport - Spring Data MongoDB - Could not safely identify store assignment for repository candidate interface ir.repository.SectionRepository; If you want this repository to be a MongoDB repository, consider annotating your entities with one of these annotations: org.springframework.data.mongodb.core.mapping.Document (preferred), or consider extending one of the following types with your repository: org.springframework.data.mongodb.repository.MongoRepository
11:29:45.684 [restartedMain] INFO  o.s.d.r.c.RepositoryConfigurationExtensionSupport - Spring Data MongoDB - Could not safely identify store assignment for repository candidate interface ir.repository.TicketRepository; If you want this repository to be a MongoDB repository, consider annotating your entities with one of these annotations: org.springframework.data.mongodb.core.mapping.Document (preferred), or consider extending one of the following types with your repository: org.springframework.data.mongodb.repository.MongoRepository
11:29:45.684 [restartedMain] INFO  o.s.d.r.c.RepositoryConfigurationExtensionSupport - Spring Data MongoDB - Could not safely identify store assignment for repository candidate interface ir.repository.UserRepository; If you want this repository to be a MongoDB repository, consider annotating your entities with one of these annotations: org.springframework.data.mongodb.core.mapping.Document (preferred), or consider extending one of the following types with your repository: org.springframework.data.mongodb.repository.MongoRepository
11:29:45.690 [restartedMain] INFO  o.s.d.r.c.RepositoryConfigurationDelegate - Finished Spring Data repository scanning in 22 ms. Found 1 MongoDB repository interface.
11:29:45.698 [restartedMain] INFO  o.s.d.r.c.RepositoryConfigurationDelegate - Multiple Spring Data modules found, entering strict repository configuration mode
11:29:45.699 [restartedMain] INFO  o.s.d.r.c.RepositoryConfigurationDelegate - Bootstrapping Spring Data Redis repositories in DEFAULT mode.
11:29:45.711 [restartedMain] INFO  o.s.d.r.c.RepositoryConfigurationExtensionSupport - Spring Data Redis - Could not safely identify store assignment for repository candidate interface ir.repository.AttachmentRepository; If you want this repository to be a Redis repository, consider annotating your entities with one of these annotations: org.springframework.data.redis.core.RedisHash (preferred), or consider extending one of the following types with your repository: org.springframework.data.keyvalue.repository.KeyValueRepository
11:29:45.711 [restartedMain] INFO  o.s.d.r.c.RepositoryConfigurationExtensionSupport - Spring Data Redis - Could not safely identify store assignment for repository candidate interface ir.repository.BuildingRepository; If you want this repository to be a Redis repository, consider annotating your entities with one of these annotations: org.springframework.data.redis.core.RedisHash (preferred), or consider extending one of the following types with your repository: org.springframework.data.keyvalue.repository.KeyValueRepository
11:29:45.711 [restartedMain] INFO  o.s.d.r.c.RepositoryConfigurationExtensionSupport - Spring Data Redis - Could not safely identify store assignment for repository candidate interface ir.repository.ImageRepository; If you want this repository to be a Redis repository, consider annotating your entities with one of these annotations: org.springframework.data.redis.core.RedisHash (preferred), or consider extending one of the following types with your repository: org.springframework.data.keyvalue.repository.KeyValueRepository
11:29:45.711 [restartedMain] INFO  o.s.d.r.c.RepositoryConfigurationExtensionSupport - Spring Data Redis - Could not safely identify store assignment for repository candidate interface ir.repository.LowScoreTicketReportRepository; If you want this repository to be a Redis repository, consider annotating your entities with one of these annotations: org.springframework.data.redis.core.RedisHash (preferred), or consider extending one of the following types with your repository: org.springframework.data.keyvalue.repository.KeyValueRepository
11:29:45.711 [restartedMain] INFO  o.s.d.r.c.RepositoryConfigurationExtensionSupport - Spring Data Redis - Could not safely identify store assignment for repository candidate interface ir.repository.MessageRepository; If you want this repository to be a Redis repository, consider annotating your entities with one of these annotations: org.springframework.data.redis.core.RedisHash (preferred), or consider extending one of the following types with your repository: org.springframework.data.keyvalue.repository.KeyValueRepository
11:29:45.711 [restartedMain] INFO  o.s.d.r.c.RepositoryConfigurationExtensionSupport - Spring Data Redis - Could not safely identify store assignment for repository candidate interface ir.repository.NotificationRepository; If you want this repository to be a Redis repository, consider annotating your entities with one of these annotations: org.springframework.data.redis.core.RedisHash (preferred), or consider extending one of the following types with your repository: org.springframework.data.keyvalue.repository.KeyValueRepository
11:29:45.711 [restartedMain] INFO  o.s.d.r.c.RepositoryConfigurationExtensionSupport - Spring Data Redis - Could not safely identify store assignment for repository candidate interface ir.repository.OutboxRepository; If you want this repository to be a Redis repository, consider annotating your entities with one of these annotations: org.springframework.data.redis.core.RedisHash (preferred), or consider extending one of the following types with your repository: org.springframework.data.keyvalue.repository.KeyValueRepository
11:29:45.712 [restartedMain] INFO  o.s.d.r.c.RepositoryConfigurationExtensionSupport - Spring Data Redis - Could not safely identify store assignment for repository candidate interface ir.repository.PermissionRepository; If you want this repository to be a Redis repository, consider annotating your entities with one of these annotations: org.springframework.data.redis.core.RedisHash (preferred), or consider extending one of the following types with your repository: org.springframework.data.keyvalue.repository.KeyValueRepository
11:29:45.712 [restartedMain] INFO  o.s.d.r.c.RepositoryConfigurationExtensionSupport - Spring Data Redis - Could not safely identify store assignment for repository candidate interface ir.repository.ProfileRepository; If you want this repository to be a Redis repository, consider annotating your entities with one of these annotations: org.springframework.data.redis.core.RedisHash (preferred), or consider extending one of the following types with your repository: org.springframework.data.keyvalue.repository.KeyValueRepository
11:29:45.712 [restartedMain] INFO  o.s.d.r.c.RepositoryConfigurationExtensionSupport - Spring Data Redis - Could not safely identify store assignment for repository candidate interface ir.repository.RoleRepository; If you want this repository to be a Redis repository, consider annotating your entities with one of these annotations: org.springframework.data.redis.core.RedisHash (preferred), or consider extending one of the following types with your repository: org.springframework.data.keyvalue.repository.KeyValueRepository
11:29:45.712 [restartedMain] INFO  o.s.d.r.c.RepositoryConfigurationExtensionSupport - Spring Data Redis - Could not safely identify store assignment for repository candidate interface ir.repository.SectionRepository; If you want this repository to be a Redis repository, consider annotating your entities with one of these annotations: org.springframework.data.redis.core.RedisHash (preferred), or consider extending one of the following types with your repository: org.springframework.data.keyvalue.repository.KeyValueRepository
11:29:45.712 [restartedMain] INFO  o.s.d.r.c.RepositoryConfigurationExtensionSupport - Spring Data Redis - Could not safely identify store assignment for repository candidate interface ir.repository.TicketRepository; If you want this repository to be a Redis repository, consider annotating your entities with one of these annotations: org.springframework.data.redis.core.RedisHash (preferred), or consider extending one of the following types with your repository: org.springframework.data.keyvalue.repository.KeyValueRepository
11:29:45.712 [restartedMain] INFO  o.s.d.r.c.RepositoryConfigurationExtensionSupport - Spring Data Redis - Could not safely identify store assignment for repository candidate interface ir.repository.UserRepository; If you want this repository to be a Redis repository, consider annotating your entities with one of these annotations: org.springframework.data.redis.core.RedisHash (preferred), or consider extending one of the following types with your repository: org.springframework.data.keyvalue.repository.KeyValueRepository
11:29:45.712 [restartedMain] INFO  o.s.d.r.c.RepositoryConfigurationDelegate - Finished Spring Data repository scanning in 6 ms. Found 0 Redis repository interfaces.
11:29:45.945 [restartedMain] INFO  o.s.cloud.context.scope.GenericScope - BeanFactory id=42e78484-4cca-3390-b734-2aa1eb7372db
11:29:46.648 [restartedMain] INFO  o.s.b.w.e.tomcat.TomcatWebServer - Tomcat initialized with port 8443 (https)
11:29:46.656 [restartedMain] INFO  o.a.coyote.http11.Http11NioProtocol - Initializing ProtocolHandler ["https-jsse-nio-8443"]
11:29:46.659 [restartedMain] INFO  o.a.catalina.core.StandardService - Starting service [Tomcat]
11:29:46.659 [restartedMain] INFO  o.a.catalina.core.StandardEngine - Starting Servlet engine: [Apache Tomcat/10.1.36]
11:29:46.707 [restartedMain] INFO  o.a.c.c.C.[Tomcat].[localhost].[/] - Initializing Spring embedded WebApplicationContext
11:29:46.707 [restartedMain] INFO  o.s.b.w.s.c.ServletWebServerApplicationContext - Root WebApplicationContext: initialization completed in 2326 ms
11:29:47.148 [restartedMain] INFO  com.zaxxer.hikari.HikariDataSource - HikariPool-1 - Starting...
11:29:47.332 [restartedMain] INFO  com.zaxxer.hikari.pool.HikariPool - HikariPool-1 - Added connection oracle.jdbc.driver.T4CConnection@72b4f997
11:29:47.334 [restartedMain] INFO  com.zaxxer.hikari.HikariDataSource - HikariPool-1 - Start completed.
11:29:47.346 [restartedMain] INFO  org.flywaydb.core.FlywayExecutor - Database: jdbc:oracle:thin:@localhost:1521:xe (Oracle 21.0)
11:29:47.470 [restartedMain] INFO  o.f.c.i.s.JdbcTableSchemaHistory - Schema history table "TICKETING_SPRING"."flyway_schema_history" does not exist yet
11:29:47.477 [restartedMain] INFO  o.f.core.internal.command.DbValidate - Successfully validated 2 migrations (execution time 00:00.016s)
11:29:47.506 [restartedMain] INFO  o.f.c.i.s.JdbcTableSchemaHistory - Creating Schema History table "TICKETING_SPRING"."flyway_schema_history" with baseline ...
11:29:47.563 [restartedMain] INFO  o.f.core.internal.command.DbBaseline - Successfully baselined schema with version: 1
11:29:47.590 [restartedMain] INFO  o.f.core.internal.command.DbMigrate - Current version of schema "TICKETING_SPRING": 1
11:29:47.596 [restartedMain] INFO  o.f.core.internal.command.DbMigrate - Migrating schema "TICKETING_SPRING" to version "2 - create log table"
11:29:47.609 [restartedMain] ERROR o.f.core.internal.command.DbMigrate - Migration of schema "TICKETING_SPRING" to version "2 - create log table" failed! Please restore backups and roll back database and code!
11:29:47.622 [restartedMain] WARN  o.s.b.w.s.c.AnnotationConfigServletWebServerApplicationContext - Exception encountered during context initialization - cancelling refresh attempt: org.springframework.beans.factory.BeanCreationException: Error creating bean with name 'entityManagerFactory' defined in class path resource [org/springframework/boot/autoconfigure/orm/jpa/HibernateJpaConfiguration.class]: Failed to initialize dependency 'flywayInitializer' of LoadTimeWeaverAware bean 'entityManagerFactory': Error creating bean with name 'flywayInitializer' defined in class path resource [org/springframework/boot/autoconfigure/flyway/FlywayAutoConfiguration$FlywayConfiguration.class]: Script V2__create_log_table.sql failed
--------------------------------------
SQL State  : 42000
Error Code : 904
Message    : ORA-00904: : invalid identifier
Location   : db/migration/oracle/V2__create_log_table.sql (D:\JAVA\MFT learning\projects\Spring\ticketing_spring_sample\target\classes\db\migration\oracle\V2__create_log_table.sql)
Line       : 2
Statement  : Run Flyway with -X option to see the actual statement causing the problem

11:29:47.622 [restartedMain] INFO  com.zaxxer.hikari.HikariDataSource - HikariPool-1 - Shutdown initiated...
11:29:47.650 [restartedMain] INFO  com.zaxxer.hikari.HikariDataSource - HikariPool-1 - Shutdown completed.
11:29:47.652 [restartedMain] INFO  o.a.catalina.core.StandardService - Stopping service [Tomcat]
11:29:47.671 [restartedMain] INFO  o.s.b.a.l.ConditionEvaluationReportLogger - 

Error starting ApplicationContext. To display the condition evaluation report re-run your application with 'debug' enabled.
11:29:47.686 [restartedMain] ERROR o.s.boot.SpringApplication - Application run failed
org.springframework.beans.factory.BeanCreationException: Error creating bean with name 'entityManagerFactory' defined in class path resource [org/springframework/boot/autoconfigure/orm/jpa/HibernateJpaConfiguration.class]: Failed to initialize dependency 'flywayInitializer' of LoadTimeWeaverAware bean 'entityManagerFactory': Error creating bean with name 'flywayInitializer' defined in class path resource [org/springframework/boot/autoconfigure/flyway/FlywayAutoConfiguration$FlywayConfiguration.class]: Script V2__create_log_table.sql failed
--------------------------------------
SQL State  : 42000
Error Code : 904
Message    : ORA-00904: : invalid identifier
Location   : db/migration/oracle/V2__create_log_table.sql (D:\JAVA\MFT learning\projects\Spring\ticketing_spring_sample\target\classes\db\migration\oracle\V2__create_log_table.sql)
Line       : 2
Statement  : Run Flyway with -X option to see the actual statement causing the problem

	at org.springframework.beans.factory.support.AbstractBeanFactory.doGetBean(AbstractBeanFactory.java:328)
	at org.springframework.beans.factory.support.AbstractBeanFactory.getBean(AbstractBeanFactory.java:207)
	at org.springframework.context.support.AbstractApplicationContext.finishBeanFactoryInitialization(AbstractApplicationContext.java:970)
	at org.springframework.context.support.AbstractApplicationContext.refresh(AbstractApplicationContext.java:627)
	at org.springframework.boot.web.servlet.context.ServletWebServerApplicationContext.refresh(ServletWebServerApplicationContext.java:146)
	at org.springframework.boot.SpringApplication.refresh(SpringApplication.java:752)
	at org.springframework.boot.SpringApplication.refreshContext(SpringApplication.java:439)
	at org.springframework.boot.SpringApplication.run(SpringApplication.java:318)
	at org.springframework.boot.SpringApplication.run(SpringApplication.java:1361)
	at org.springframework.boot.SpringApplication.run(SpringApplication.java:1350)
	at ir.TicketingSpringSample.main(TicketingSpringSample.java:43)
	at java.base/jdk.internal.reflect.NativeMethodAccessorImpl.invoke0(Native Method)
	at java.base/jdk.internal.reflect.NativeMethodAccessorImpl.invoke(NativeMethodAccessorImpl.java:77)
	at java.base/jdk.internal.reflect.DelegatingMethodAccessorImpl.invoke(DelegatingMethodAccessorImpl.java:43)
	at java.base/java.lang.reflect.Method.invoke(Method.java:568)
	at org.springframework.boot.devtools.restart.RestartLauncher.run(RestartLauncher.java:50)
Caused by: org.springframework.beans.factory.BeanCreationException: Error creating bean with name 'flywayInitializer' defined in class path resource [org/springframework/boot/autoconfigure/flyway/FlywayAutoConfiguration$FlywayConfiguration.class]: Script V2__create_log_table.sql failed
--------------------------------------
SQL State  : 42000
Error Code : 904
Message    : ORA-00904: : invalid identifier
Location   : db/migration/oracle/V2__create_log_table.sql (D:\JAVA\MFT learning\projects\Spring\ticketing_spring_sample\target\classes\db\migration\oracle\V2__create_log_table.sql)
Line       : 2
Statement  : Run Flyway with -X option to see the actual statement causing the problem

	at org.springframework.beans.factory.support.AbstractAutowireCapableBeanFactory.initializeBean(AbstractAutowireCapableBeanFactory.java:1812)
	at org.springframework.beans.factory.support.AbstractAutowireCapableBeanFactory.doCreateBean(AbstractAutowireCapableBeanFactory.java:601)
	at org.springframework.beans.factory.support.AbstractAutowireCapableBeanFactory.createBean(AbstractAutowireCapableBeanFactory.java:523)
	at org.springframework.beans.factory.support.AbstractBeanFactory.lambda$doGetBean$0(AbstractBeanFactory.java:339)
	at org.springframework.beans.factory.support.DefaultSingletonBeanRegistry.getSingleton(DefaultSingletonBeanRegistry.java:346)
	at org.springframework.beans.factory.support.AbstractBeanFactory.doGetBean(AbstractBeanFactory.java:337)
	at org.springframework.beans.factory.support.AbstractBeanFactory.getBean(AbstractBeanFactory.java:202)
	at org.springframework.beans.factory.support.AbstractBeanFactory.doGetBean(AbstractBeanFactory.java:315)
	... 15 common frames omitted
Caused by: org.flywaydb.core.internal.exception.FlywayMigrateException: Script V2__create_log_table.sql failed
--------------------------------------
SQL State  : 42000
Error Code : 904
Message    : ORA-00904: : invalid identifier
Location   : db/migration/oracle/V2__create_log_table.sql (D:\JAVA\MFT learning\projects\Spring\ticketing_spring_sample\target\classes\db\migration\oracle\V2__create_log_table.sql)
Line       : 2
Statement  : Run Flyway with -X option to see the actual statement causing the problem

	at org.flywaydb.core.internal.command.DbMigrate.doMigrateGroup(DbMigrate.java:399)
	at org.flywaydb.core.internal.command.DbMigrate.lambda$applyMigrations$1(DbMigrate.java:283)
	at org.flywaydb.core.internal.jdbc.TransactionalExecutionTemplate.execute(TransactionalExecutionTemplate.java:59)
	at org.flywaydb.core.internal.command.DbMigrate.applyMigrations(DbMigrate.java:282)
	at org.flywaydb.core.internal.command.DbMigrate.migrateGroup(DbMigrate.java:255)
	at org.flywaydb.core.internal.command.DbMigrate.lambda$migrateAll$0(DbMigrate.java:153)
	at org.flywaydb.core.internal.jdbc.TableLockingExecutionTemplate$1.call(TableLockingExecutionTemplate.java:40)
	at org.flywaydb.core.internal.jdbc.TransactionalExecutionTemplate.execute(TransactionalExecutionTemplate.java:59)
	at org.flywaydb.core.internal.jdbc.TableLockingExecutionTemplate.execute(TableLockingExecutionTemplate.java:35)
	at org.flywaydb.core.internal.database.base.Connection.lock(Connection.java:106)
	at org.flywaydb.core.internal.schemahistory.JdbcTableSchemaHistory.lock(JdbcTableSchemaHistory.java:149)
	at org.flywaydb.core.internal.command.DbMigrate.migrateAll(DbMigrate.java:153)
	at org.flywaydb.core.internal.command.DbMigrate.migrate(DbMigrate.java:104)
	at org.flywaydb.core.Flyway.lambda$migrate$1(Flyway.java:230)
	at org.flywaydb.core.FlywayExecutor.execute(FlywayExecutor.java:213)
	at org.flywaydb.core.Flyway.migrate(Flyway.java:176)
	at org.springframework.boot.autoconfigure.flyway.FlywayMigrationInitializer.afterPropertiesSet(FlywayMigrationInitializer.java:66)
	at org.springframework.beans.factory.support.AbstractAutowireCapableBeanFactory.invokeInitMethods(AbstractAutowireCapableBeanFactory.java:1859)
	at org.springframework.beans.factory.support.AbstractAutowireCapableBeanFactory.initializeBean(AbstractAutowireCapableBeanFactory.java:1808)
	... 22 common frames omitted
Caused by: org.flywaydb.core.internal.sqlscript.FlywaySqlScriptException: Script V2__create_log_table.sql failed
--------------------------------------
SQL State  : 42000
Error Code : 904
Message    : ORA-00904: : invalid identifier
Location   : db/migration/oracle/V2__create_log_table.sql (D:\JAVA\MFT learning\projects\Spring\ticketing_spring_sample\target\classes\db\migration\oracle\V2__create_log_table.sql)
Line       : 2
Statement  : Run Flyway with -X option to see the actual statement causing the problem

	at org.flywaydb.core.internal.sqlscript.DefaultSqlScriptExecutor.handleException(DefaultSqlScriptExecutor.java:256)
	at org.flywaydb.core.internal.sqlscript.DefaultSqlScriptExecutor.executeStatement(DefaultSqlScriptExecutor.java:217)
	at org.flywaydb.core.internal.sqlscript.DefaultSqlScriptExecutor.execute(DefaultSqlScriptExecutor.java:137)
	at org.flywaydb.core.internal.resolver.sql.SqlMigrationExecutor.executeOnce(SqlMigrationExecutor.java:75)
	at org.flywaydb.core.internal.resolver.sql.SqlMigrationExecutor.lambda$execute$0(SqlMigrationExecutor.java:66)
	at org.flywaydb.core.internal.database.DefaultExecutionStrategy.execute(DefaultExecutionStrategy.java:31)
	at org.flywaydb.core.internal.resolver.sql.SqlMigrationExecutor.execute(SqlMigrationExecutor.java:65)
	at org.flywaydb.core.internal.command.DbMigrate.doMigrateGroup(DbMigrate.java:391)
	... 40 common frames omitted
Caused by: java.sql.SQLSyntaxErrorException: ORA-00904: : invalid identifier

	at oracle.jdbc.driver.T4CTTIoer11.processError(T4CTTIoer11.java:629)
	at oracle.jdbc.driver.T4CTTIoer11.processError(T4CTTIoer11.java:563)
	at oracle.jdbc.driver.T4C8Oall.processError(T4C8Oall.java:1230)
	at oracle.jdbc.driver.T4CTTIfun.receive(T4CTTIfun.java:771)
	at oracle.jdbc.driver.T4CTTIfun.doRPC(T4CTTIfun.java:298)
	at oracle.jdbc.driver.T4C8Oall.doOALL(T4C8Oall.java:511)
	at oracle.jdbc.driver.T4CStatement.doOall8(T4CStatement.java:122)
	at oracle.jdbc.driver.T4CStatement.executeForRows(T4CStatement.java:1199)
	at oracle.jdbc.driver.OracleStatement.executeSQLStatement(OracleStatement.java:1819)
	at oracle.jdbc.driver.OracleStatement.doExecuteWithTimeout(OracleStatement.java:1471)
	at oracle.jdbc.driver.OracleStatement.executeInternal(OracleStatement.java:2504)
	at oracle.jdbc.driver.OracleStatement.execute(OracleStatement.java:2459)
	at oracle.jdbc.driver.OracleStatementWrapper.execute(OracleStatementWrapper.java:327)
	at com.zaxxer.hikari.pool.ProxyStatement.execute(ProxyStatement.java:94)
	at com.zaxxer.hikari.pool.HikariProxyStatement.execute(HikariProxyStatement.java)
	at org.flywaydb.core.internal.jdbc.JdbcTemplate.executeStatement(JdbcTemplate.java:210)
	at org.flywaydb.core.internal.sqlscript.ParsedSqlStatement.execute(ParsedSqlStatement.java:88)
	at org.flywaydb.core.internal.sqlscript.DefaultSqlScriptExecutor.executeStatement(DefaultSqlScriptExecutor.java:212)
	... 46 common frames omitted
Caused by: oracle.jdbc.OracleDatabaseException: ORA-00904: : invalid identifier

	at oracle.jdbc.driver.T4CTTIoer11.processError(T4CTTIoer11.java:636)
	... 63 common frames omitted
11:30:30.506 [background-preinit] INFO  o.h.validator.internal.util.Version - HV000001: Hibernate Validator 8.0.2.Final
11:30:30.542 [restartedMain] INFO  ir.TicketingSpringSample - Starting TicketingSpringSample using Java 17.0.12 with PID 12940 (D:\JAVA\MFT learning\projects\Spring\ticketing_spring_sample\target\classes started by arbab in D:\JAVA\MFT learning\projects\Spring\ticketing_spring_sample)
11:30:30.543 [restartedMain] INFO  ir.TicketingSpringSample - The following 1 profile is active: "dev"
11:30:30.586 [restartedMain] INFO  o.s.b.d.restart.ChangeableUrls - The Class-Path manifest attribute in C:\Users\arbab\.m2\repository\com\oracle\database\jdbc\ojdbc11\21.9.0.0\ojdbc11-21.9.0.0.jar referenced one or more files that do not exist: file:/C:/Users/arbab/.m2/repository/com/oracle/database/jdbc/ojdbc11/21.9.0.0/oraclepki.jar
11:30:30.586 [restartedMain] INFO  o.s.b.d.e.DevToolsPropertyDefaultsPostProcessor - Devtools property defaults active! Set 'spring.devtools.add-properties' to 'false' to disable
11:30:30.586 [restartedMain] INFO  o.s.b.d.e.DevToolsPropertyDefaultsPostProcessor - For additional web related logging consider setting the 'logging.level.web' property to 'DEBUG'
11:30:31.271 [restartedMain] INFO  o.s.b.f.s.DefaultListableBeanFactory - Overriding bean definition for bean 'localeResolver' with a different definition: replacing [Root bean: class=null; scope=; abstract=false; lazyInit=null; autowireMode=3; dependencyCheck=0; autowireCandidate=true; primary=false; fallback=false; factoryBeanName=org.springframework.web.servlet.config.annotation.DelegatingWebMvcConfiguration; factoryMethodName=localeResolver; initMethodNames=null; destroyMethodNames=[(inferred)]; defined in class path resource [org/springframework/web/servlet/config/annotation/DelegatingWebMvcConfiguration.class]] with [Root bean: class=null; scope=; abstract=false; lazyInit=null; autowireMode=3; dependencyCheck=0; autowireCandidate=true; primary=false; fallback=false; factoryBeanName=webConfig; factoryMethodName=localeResolver; initMethodNames=null; destroyMethodNames=[(inferred)]; defined in class path resource [ir/config/WebConfig.class]]
11:30:31.276 [restartedMain] INFO  o.s.d.r.c.RepositoryConfigurationDelegate - Multiple Spring Data modules found, entering strict repository configuration mode
11:30:31.276 [restartedMain] INFO  o.s.d.r.c.RepositoryConfigurationDelegate - Bootstrapping Spring Data JPA repositories in DEFAULT mode.
11:30:31.385 [restartedMain] INFO  o.s.d.r.c.RepositoryConfigurationExtensionSupport - Spring Data JPA - Could not safely identify store assignment for repository candidate interface ir.repository.ImageRepository; If you want this repository to be a JPA repository, consider annotating your entities with one of these annotations: jakarta.persistence.Entity, jakarta.persistence.MappedSuperclass (preferred), or consider extending one of the following types with your repository: org.springframework.data.jpa.repository.JpaRepository
11:30:31.440 [restartedMain] INFO  o.s.d.r.c.RepositoryConfigurationDelegate - Finished Spring Data repository scanning in 158 ms. Found 12 JPA repository interfaces.
11:30:31.801 [restartedMain] INFO  o.s.d.r.c.RepositoryConfigurationDelegate - Multiple Spring Data modules found, entering strict repository configuration mode
11:30:31.801 [restartedMain] INFO  o.s.d.r.c.RepositoryConfigurationDelegate - Bootstrapping Spring Data MongoDB repositories in DEFAULT mode.
11:30:31.814 [restartedMain] INFO  o.s.d.r.c.RepositoryConfigurationExtensionSupport - Spring Data MongoDB - Could not safely identify store assignment for repository candidate interface ir.repository.AttachmentRepository; If you want this repository to be a MongoDB repository, consider annotating your entities with one of these annotations: org.springframework.data.mongodb.core.mapping.Document (preferred), or consider extending one of the following types with your repository: org.springframework.data.mongodb.repository.MongoRepository
11:30:31.814 [restartedMain] INFO  o.s.d.r.c.RepositoryConfigurationExtensionSupport - Spring Data MongoDB - Could not safely identify store assignment for repository candidate interface ir.repository.BuildingRepository; If you want this repository to be a MongoDB repository, consider annotating your entities with one of these annotations: org.springframework.data.mongodb.core.mapping.Document (preferred), or consider extending one of the following types with your repository: org.springframework.data.mongodb.repository.MongoRepository
11:30:31.817 [restartedMain] INFO  o.s.d.r.c.RepositoryConfigurationExtensionSupport - Spring Data MongoDB - Could not safely identify store assignment for repository candidate interface ir.repository.LowScoreTicketReportRepository; If you want this repository to be a MongoDB repository, consider annotating your entities with one of these annotations: org.springframework.data.mongodb.core.mapping.Document (preferred), or consider extending one of the following types with your repository: org.springframework.data.mongodb.repository.MongoRepository
11:30:31.817 [restartedMain] INFO  o.s.d.r.c.RepositoryConfigurationExtensionSupport - Spring Data MongoDB - Could not safely identify store assignment for repository candidate interface ir.repository.MessageRepository; If you want this repository to be a MongoDB repository, consider annotating your entities with one of these annotations: org.springframework.data.mongodb.core.mapping.Document (preferred), or consider extending one of the following types with your repository: org.springframework.data.mongodb.repository.MongoRepository
11:30:31.817 [restartedMain] INFO  o.s.d.r.c.RepositoryConfigurationExtensionSupport - Spring Data MongoDB - Could not safely identify store assignment for repository candidate interface ir.repository.NotificationRepository; If you want this repository to be a MongoDB repository, consider annotating your entities with one of these annotations: org.springframework.data.mongodb.core.mapping.Document (preferred), or consider extending one of the following types with your repository: org.springframework.data.mongodb.repository.MongoRepository
11:30:31.818 [restartedMain] INFO  o.s.d.r.c.RepositoryConfigurationExtensionSupport - Spring Data MongoDB - Could not safely identify store assignment for repository candidate interface ir.repository.OutboxRepository; If you want this repository to be a MongoDB repository, consider annotating your entities with one of these annotations: org.springframework.data.mongodb.core.mapping.Document (preferred), or consider extending one of the following types with your repository: org.springframework.data.mongodb.repository.MongoRepository
11:30:31.818 [restartedMain] INFO  o.s.d.r.c.RepositoryConfigurationExtensionSupport - Spring Data MongoDB - Could not safely identify store assignment for repository candidate interface ir.repository.PermissionRepository; If you want this repository to be a MongoDB repository, consider annotating your entities with one of these annotations: org.springframework.data.mongodb.core.mapping.Document (preferred), or consider extending one of the following types with your repository: org.springframework.data.mongodb.repository.MongoRepository
11:30:31.818 [restartedMain] INFO  o.s.d.r.c.RepositoryConfigurationExtensionSupport - Spring Data MongoDB - Could not safely identify store assignment for repository candidate interface ir.repository.ProfileRepository; If you want this repository to be a MongoDB repository, consider annotating your entities with one of these annotations: org.springframework.data.mongodb.core.mapping.Document (preferred), or consider extending one of the following types with your repository: org.springframework.data.mongodb.repository.MongoRepository
11:30:31.818 [restartedMain] INFO  o.s.d.r.c.RepositoryConfigurationExtensionSupport - Spring Data MongoDB - Could not safely identify store assignment for repository candidate interface ir.repository.RoleRepository; If you want this repository to be a MongoDB repository, consider annotating your entities with one of these annotations: org.springframework.data.mongodb.core.mapping.Document (preferred), or consider extending one of the following types with your repository: org.springframework.data.mongodb.repository.MongoRepository
11:30:31.818 [restartedMain] INFO  o.s.d.r.c.RepositoryConfigurationExtensionSupport - Spring Data MongoDB - Could not safely identify store assignment for repository candidate interface ir.repository.SectionRepository; If you want this repository to be a MongoDB repository, consider annotating your entities with one of these annotations: org.springframework.data.mongodb.core.mapping.Document (preferred), or consider extending one of the following types with your repository: org.springframework.data.mongodb.repository.MongoRepository
11:30:31.818 [restartedMain] INFO  o.s.d.r.c.RepositoryConfigurationExtensionSupport - Spring Data MongoDB - Could not safely identify store assignment for repository candidate interface ir.repository.TicketRepository; If you want this repository to be a MongoDB repository, consider annotating your entities with one of these annotations: org.springframework.data.mongodb.core.mapping.Document (preferred), or consider extending one of the following types with your repository: org.springframework.data.mongodb.repository.MongoRepository
11:30:31.819 [restartedMain] INFO  o.s.d.r.c.RepositoryConfigurationExtensionSupport - Spring Data MongoDB - Could not safely identify store assignment for repository candidate interface ir.repository.UserRepository; If you want this repository to be a MongoDB repository, consider annotating your entities with one of these annotations: org.springframework.data.mongodb.core.mapping.Document (preferred), or consider extending one of the following types with your repository: org.springframework.data.mongodb.repository.MongoRepository
11:30:31.824 [restartedMain] INFO  o.s.d.r.c.RepositoryConfigurationDelegate - Finished Spring Data repository scanning in 22 ms. Found 1 MongoDB repository interface.
11:30:31.832 [restartedMain] INFO  o.s.d.r.c.RepositoryConfigurationDelegate - Multiple Spring Data modules found, entering strict repository configuration mode
11:30:31.833 [restartedMain] INFO  o.s.d.r.c.RepositoryConfigurationDelegate - Bootstrapping Spring Data Redis repositories in DEFAULT mode.
11:30:31.845 [restartedMain] INFO  o.s.d.r.c.RepositoryConfigurationExtensionSupport - Spring Data Redis - Could not safely identify store assignment for repository candidate interface ir.repository.AttachmentRepository; If you want this repository to be a Redis repository, consider annotating your entities with one of these annotations: org.springframework.data.redis.core.RedisHash (preferred), or consider extending one of the following types with your repository: org.springframework.data.keyvalue.repository.KeyValueRepository
11:30:31.845 [restartedMain] INFO  o.s.d.r.c.RepositoryConfigurationExtensionSupport - Spring Data Redis - Could not safely identify store assignment for repository candidate interface ir.repository.BuildingRepository; If you want this repository to be a Redis repository, consider annotating your entities with one of these annotations: org.springframework.data.redis.core.RedisHash (preferred), or consider extending one of the following types with your repository: org.springframework.data.keyvalue.repository.KeyValueRepository
11:30:31.845 [restartedMain] INFO  o.s.d.r.c.RepositoryConfigurationExtensionSupport - Spring Data Redis - Could not safely identify store assignment for repository candidate interface ir.repository.ImageRepository; If you want this repository to be a Redis repository, consider annotating your entities with one of these annotations: org.springframework.data.redis.core.RedisHash (preferred), or consider extending one of the following types with your repository: org.springframework.data.keyvalue.repository.KeyValueRepository
11:30:31.845 [restartedMain] INFO  o.s.d.r.c.RepositoryConfigurationExtensionSupport - Spring Data Redis - Could not safely identify store assignment for repository candidate interface ir.repository.LowScoreTicketReportRepository; If you want this repository to be a Redis repository, consider annotating your entities with one of these annotations: org.springframework.data.redis.core.RedisHash (preferred), or consider extending one of the following types with your repository: org.springframework.data.keyvalue.repository.KeyValueRepository
11:30:31.846 [restartedMain] INFO  o.s.d.r.c.RepositoryConfigurationExtensionSupport - Spring Data Redis - Could not safely identify store assignment for repository candidate interface ir.repository.MessageRepository; If you want this repository to be a Redis repository, consider annotating your entities with one of these annotations: org.springframework.data.redis.core.RedisHash (preferred), or consider extending one of the following types with your repository: org.springframework.data.keyvalue.repository.KeyValueRepository
11:30:31.846 [restartedMain] INFO  o.s.d.r.c.RepositoryConfigurationExtensionSupport - Spring Data Redis - Could not safely identify store assignment for repository candidate interface ir.repository.NotificationRepository; If you want this repository to be a Redis repository, consider annotating your entities with one of these annotations: org.springframework.data.redis.core.RedisHash (preferred), or consider extending one of the following types with your repository: org.springframework.data.keyvalue.repository.KeyValueRepository
11:30:31.846 [restartedMain] INFO  o.s.d.r.c.RepositoryConfigurationExtensionSupport - Spring Data Redis - Could not safely identify store assignment for repository candidate interface ir.repository.OutboxRepository; If you want this repository to be a Redis repository, consider annotating your entities with one of these annotations: org.springframework.data.redis.core.RedisHash (preferred), or consider extending one of the following types with your repository: org.springframework.data.keyvalue.repository.KeyValueRepository
11:30:31.846 [restartedMain] INFO  o.s.d.r.c.RepositoryConfigurationExtensionSupport - Spring Data Redis - Could not safely identify store assignment for repository candidate interface ir.repository.PermissionRepository; If you want this repository to be a Redis repository, consider annotating your entities with one of these annotations: org.springframework.data.redis.core.RedisHash (preferred), or consider extending one of the following types with your repository: org.springframework.data.keyvalue.repository.KeyValueRepository
11:30:31.846 [restartedMain] INFO  o.s.d.r.c.RepositoryConfigurationExtensionSupport - Spring Data Redis - Could not safely identify store assignment for repository candidate interface ir.repository.ProfileRepository; If you want this repository to be a Redis repository, consider annotating your entities with one of these annotations: org.springframework.data.redis.core.RedisHash (preferred), or consider extending one of the following types with your repository: org.springframework.data.keyvalue.repository.KeyValueRepository
11:30:31.846 [restartedMain] INFO  o.s.d.r.c.RepositoryConfigurationExtensionSupport - Spring Data Redis - Could not safely identify store assignment for repository candidate interface ir.repository.RoleRepository; If you want this repository to be a Redis repository, consider annotating your entities with one of these annotations: org.springframework.data.redis.core.RedisHash (preferred), or consider extending one of the following types with your repository: org.springframework.data.keyvalue.repository.KeyValueRepository
11:30:31.847 [restartedMain] INFO  o.s.d.r.c.RepositoryConfigurationExtensionSupport - Spring Data Redis - Could not safely identify store assignment for repository candidate interface ir.repository.SectionRepository; If you want this repository to be a Redis repository, consider annotating your entities with one of these annotations: org.springframework.data.redis.core.RedisHash (preferred), or consider extending one of the following types with your repository: org.springframework.data.keyvalue.repository.KeyValueRepository
11:30:31.847 [restartedMain] INFO  o.s.d.r.c.RepositoryConfigurationExtensionSupport - Spring Data Redis - Could not safely identify store assignment for repository candidate interface ir.repository.TicketRepository; If you want this repository to be a Redis repository, consider annotating your entities with one of these annotations: org.springframework.data.redis.core.RedisHash (preferred), or consider extending one of the following types with your repository: org.springframework.data.keyvalue.repository.KeyValueRepository
11:30:31.847 [restartedMain] INFO  o.s.d.r.c.RepositoryConfigurationExtensionSupport - Spring Data Redis - Could not safely identify store assignment for repository candidate interface ir.repository.UserRepository; If you want this repository to be a Redis repository, consider annotating your entities with one of these annotations: org.springframework.data.redis.core.RedisHash (preferred), or consider extending one of the following types with your repository: org.springframework.data.keyvalue.repository.KeyValueRepository
11:30:31.847 [restartedMain] INFO  o.s.d.r.c.RepositoryConfigurationDelegate - Finished Spring Data repository scanning in 7 ms. Found 0 Redis repository interfaces.
11:30:32.074 [restartedMain] INFO  o.s.cloud.context.scope.GenericScope - BeanFactory id=42e78484-4cca-3390-b734-2aa1eb7372db
11:30:32.791 [restartedMain] INFO  o.s.b.w.e.tomcat.TomcatWebServer - Tomcat initialized with port 8443 (https)
11:30:32.798 [restartedMain] INFO  o.a.coyote.http11.Http11NioProtocol - Initializing ProtocolHandler ["https-jsse-nio-8443"]
11:30:32.801 [restartedMain] INFO  o.a.catalina.core.StandardService - Starting service [Tomcat]
11:30:32.801 [restartedMain] INFO  o.a.catalina.core.StandardEngine - Starting Servlet engine: [Apache Tomcat/10.1.36]
11:30:32.847 [restartedMain] INFO  o.a.c.c.C.[Tomcat].[localhost].[/] - Initializing Spring embedded WebApplicationContext
11:30:32.848 [restartedMain] INFO  o.s.b.w.s.c.ServletWebServerApplicationContext - Root WebApplicationContext: initialization completed in 2252 ms
11:30:33.307 [restartedMain] INFO  com.zaxxer.hikari.HikariDataSource - HikariPool-1 - Starting...
11:30:33.522 [restartedMain] INFO  com.zaxxer.hikari.pool.HikariPool - HikariPool-1 - Added connection oracle.jdbc.driver.T4CConnection@29af4c98
11:30:33.523 [restartedMain] INFO  com.zaxxer.hikari.HikariDataSource - HikariPool-1 - Start completed.
11:30:33.536 [restartedMain] INFO  org.flywaydb.core.FlywayExecutor - Database: jdbc:oracle:thin:@localhost:1521:xe (Oracle 21.0)
11:30:33.689 [restartedMain] WARN  o.s.b.w.s.c.AnnotationConfigServletWebServerApplicationContext - Exception encountered during context initialization - cancelling refresh attempt: org.springframework.beans.factory.BeanCreationException: Error creating bean with name 'entityManagerFactory' defined in class path resource [org/springframework/boot/autoconfigure/orm/jpa/HibernateJpaConfiguration.class]: Failed to initialize dependency 'flywayInitializer' of LoadTimeWeaverAware bean 'entityManagerFactory': Error creating bean with name 'flywayInitializer' defined in class path resource [org/springframework/boot/autoconfigure/flyway/FlywayAutoConfiguration$FlywayConfiguration.class]: Validate failed: Migrations have failed validation
Detected failed migration to version 2 (create log table).
Please remove any half-completed changes then run repair to fix the schema history.
Need more flexibility with validation rules? Learn more: https://rd.gt/3AbJUZE
11:30:33.690 [restartedMain] INFO  com.zaxxer.hikari.HikariDataSource - HikariPool-1 - Shutdown initiated...
11:30:33.715 [restartedMain] INFO  com.zaxxer.hikari.HikariDataSource - HikariPool-1 - Shutdown completed.
11:30:33.717 [restartedMain] INFO  o.a.catalina.core.StandardService - Stopping service [Tomcat]
11:30:33.735 [restartedMain] INFO  o.s.b.a.l.ConditionEvaluationReportLogger - 

Error starting ApplicationContext. To display the condition evaluation report re-run your application with 'debug' enabled.
11:30:33.751 [restartedMain] ERROR o.s.boot.SpringApplication - Application run failed
org.springframework.beans.factory.BeanCreationException: Error creating bean with name 'entityManagerFactory' defined in class path resource [org/springframework/boot/autoconfigure/orm/jpa/HibernateJpaConfiguration.class]: Failed to initialize dependency 'flywayInitializer' of LoadTimeWeaverAware bean 'entityManagerFactory': Error creating bean with name 'flywayInitializer' defined in class path resource [org/springframework/boot/autoconfigure/flyway/FlywayAutoConfiguration$FlywayConfiguration.class]: Validate failed: Migrations have failed validation
Detected failed migration to version 2 (create log table).
Please remove any half-completed changes then run repair to fix the schema history.
Need more flexibility with validation rules? Learn more: https://rd.gt/3AbJUZE
	at org.springframework.beans.factory.support.AbstractBeanFactory.doGetBean(AbstractBeanFactory.java:328)
	at org.springframework.beans.factory.support.AbstractBeanFactory.getBean(AbstractBeanFactory.java:207)
	at org.springframework.context.support.AbstractApplicationContext.finishBeanFactoryInitialization(AbstractApplicationContext.java:970)
	at org.springframework.context.support.AbstractApplicationContext.refresh(AbstractApplicationContext.java:627)
	at org.springframework.boot.web.servlet.context.ServletWebServerApplicationContext.refresh(ServletWebServerApplicationContext.java:146)
	at org.springframework.boot.SpringApplication.refresh(SpringApplication.java:752)
	at org.springframework.boot.SpringApplication.refreshContext(SpringApplication.java:439)
	at org.springframework.boot.SpringApplication.run(SpringApplication.java:318)
	at org.springframework.boot.SpringApplication.run(SpringApplication.java:1361)
	at org.springframework.boot.SpringApplication.run(SpringApplication.java:1350)
	at ir.TicketingSpringSample.main(TicketingSpringSample.java:43)
	at java.base/jdk.internal.reflect.NativeMethodAccessorImpl.invoke0(Native Method)
	at java.base/jdk.internal.reflect.NativeMethodAccessorImpl.invoke(NativeMethodAccessorImpl.java:77)
	at java.base/jdk.internal.reflect.DelegatingMethodAccessorImpl.invoke(DelegatingMethodAccessorImpl.java:43)
	at java.base/java.lang.reflect.Method.invoke(Method.java:568)
	at org.springframework.boot.devtools.restart.RestartLauncher.run(RestartLauncher.java:50)
Caused by: org.springframework.beans.factory.BeanCreationException: Error creating bean with name 'flywayInitializer' defined in class path resource [org/springframework/boot/autoconfigure/flyway/FlywayAutoConfiguration$FlywayConfiguration.class]: Validate failed: Migrations have failed validation
Detected failed migration to version 2 (create log table).
Please remove any half-completed changes then run repair to fix the schema history.
Need more flexibility with validation rules? Learn more: https://rd.gt/3AbJUZE
	at org.springframework.beans.factory.support.AbstractAutowireCapableBeanFactory.initializeBean(AbstractAutowireCapableBeanFactory.java:1812)
	at org.springframework.beans.factory.support.AbstractAutowireCapableBeanFactory.doCreateBean(AbstractAutowireCapableBeanFactory.java:601)
	at org.springframework.beans.factory.support.AbstractAutowireCapableBeanFactory.createBean(AbstractAutowireCapableBeanFactory.java:523)
	at org.springframework.beans.factory.support.AbstractBeanFactory.lambda$doGetBean$0(AbstractBeanFactory.java:339)
	at org.springframework.beans.factory.support.DefaultSingletonBeanRegistry.getSingleton(DefaultSingletonBeanRegistry.java:346)
	at org.springframework.beans.factory.support.AbstractBeanFactory.doGetBean(AbstractBeanFactory.java:337)
	at org.springframework.beans.factory.support.AbstractBeanFactory.getBean(AbstractBeanFactory.java:202)
	at org.springframework.beans.factory.support.AbstractBeanFactory.doGetBean(AbstractBeanFactory.java:315)
	... 15 common frames omitted
Caused by: org.flywaydb.core.api.exception.FlywayValidateException: Validate failed: Migrations have failed validation
Detected failed migration to version 2 (create log table).
Please remove any half-completed changes then run repair to fix the schema history.
Need more flexibility with validation rules? Learn more: https://rd.gt/3AbJUZE
	at org.flywaydb.core.Flyway.lambda$migrate$1(Flyway.java:189)
	at org.flywaydb.core.FlywayExecutor.execute(FlywayExecutor.java:213)
	at org.flywaydb.core.Flyway.migrate(Flyway.java:176)
	at org.springframework.boot.autoconfigure.flyway.FlywayMigrationInitializer.afterPropertiesSet(FlywayMigrationInitializer.java:66)
	at org.springframework.beans.factory.support.AbstractAutowireCapableBeanFactory.invokeInitMethods(AbstractAutowireCapableBeanFactory.java:1859)
	at org.springframework.beans.factory.support.AbstractAutowireCapableBeanFactory.initializeBean(AbstractAutowireCapableBeanFactory.java:1808)
	... 22 common frames omitted
11:32:54.997 [background-preinit] INFO  o.h.validator.internal.util.Version - HV000001: Hibernate Validator 8.0.2.Final
11:32:55.036 [restartedMain] INFO  ir.TicketingSpringSample - Starting TicketingSpringSample using Java 17.0.12 with PID 9804 (D:\JAVA\MFT learning\projects\Spring\ticketing_spring_sample\target\classes started by arbab in D:\JAVA\MFT learning\projects\Spring\ticketing_spring_sample)
11:32:55.036 [restartedMain] INFO  ir.TicketingSpringSample - The following 1 profile is active: "dev"
11:32:55.082 [restartedMain] INFO  o.s.b.d.restart.ChangeableUrls - The Class-Path manifest attribute in C:\Users\arbab\.m2\repository\com\oracle\database\jdbc\ojdbc11\21.9.0.0\ojdbc11-21.9.0.0.jar referenced one or more files that do not exist: file:/C:/Users/arbab/.m2/repository/com/oracle/database/jdbc/ojdbc11/21.9.0.0/oraclepki.jar
11:32:55.082 [restartedMain] INFO  o.s.b.d.e.DevToolsPropertyDefaultsPostProcessor - Devtools property defaults active! Set 'spring.devtools.add-properties' to 'false' to disable
11:32:55.082 [restartedMain] INFO  o.s.b.d.e.DevToolsPropertyDefaultsPostProcessor - For additional web related logging consider setting the 'logging.level.web' property to 'DEBUG'
11:32:55.801 [restartedMain] INFO  o.s.b.f.s.DefaultListableBeanFactory - Overriding bean definition for bean 'localeResolver' with a different definition: replacing [Root bean: class=null; scope=; abstract=false; lazyInit=null; autowireMode=3; dependencyCheck=0; autowireCandidate=true; primary=false; fallback=false; factoryBeanName=org.springframework.web.servlet.config.annotation.DelegatingWebMvcConfiguration; factoryMethodName=localeResolver; initMethodNames=null; destroyMethodNames=[(inferred)]; defined in class path resource [org/springframework/web/servlet/config/annotation/DelegatingWebMvcConfiguration.class]] with [Root bean: class=null; scope=; abstract=false; lazyInit=null; autowireMode=3; dependencyCheck=0; autowireCandidate=true; primary=false; fallback=false; factoryBeanName=webConfig; factoryMethodName=localeResolver; initMethodNames=null; destroyMethodNames=[(inferred)]; defined in class path resource [ir/config/WebConfig.class]]
11:32:55.807 [restartedMain] INFO  o.s.d.r.c.RepositoryConfigurationDelegate - Multiple Spring Data modules found, entering strict repository configuration mode
11:32:55.808 [restartedMain] INFO  o.s.d.r.c.RepositoryConfigurationDelegate - Bootstrapping Spring Data JPA repositories in DEFAULT mode.
11:32:55.920 [restartedMain] INFO  o.s.d.r.c.RepositoryConfigurationExtensionSupport - Spring Data JPA - Could not safely identify store assignment for repository candidate interface ir.repository.ImageRepository; If you want this repository to be a JPA repository, consider annotating your entities with one of these annotations: jakarta.persistence.Entity, jakarta.persistence.MappedSuperclass (preferred), or consider extending one of the following types with your repository: org.springframework.data.jpa.repository.JpaRepository
11:32:55.972 [restartedMain] INFO  o.s.d.r.c.RepositoryConfigurationDelegate - Finished Spring Data repository scanning in 158 ms. Found 12 JPA repository interfaces.
11:32:56.336 [restartedMain] INFO  o.s.d.r.c.RepositoryConfigurationDelegate - Multiple Spring Data modules found, entering strict repository configuration mode
11:32:56.336 [restartedMain] INFO  o.s.d.r.c.RepositoryConfigurationDelegate - Bootstrapping Spring Data MongoDB repositories in DEFAULT mode.
11:32:56.349 [restartedMain] INFO  o.s.d.r.c.RepositoryConfigurationExtensionSupport - Spring Data MongoDB - Could not safely identify store assignment for repository candidate interface ir.repository.AttachmentRepository; If you want this repository to be a MongoDB repository, consider annotating your entities with one of these annotations: org.springframework.data.mongodb.core.mapping.Document (preferred), or consider extending one of the following types with your repository: org.springframework.data.mongodb.repository.MongoRepository
11:32:56.349 [restartedMain] INFO  o.s.d.r.c.RepositoryConfigurationExtensionSupport - Spring Data MongoDB - Could not safely identify store assignment for repository candidate interface ir.repository.BuildingRepository; If you want this repository to be a MongoDB repository, consider annotating your entities with one of these annotations: org.springframework.data.mongodb.core.mapping.Document (preferred), or consider extending one of the following types with your repository: org.springframework.data.mongodb.repository.MongoRepository
11:32:56.352 [restartedMain] INFO  o.s.d.r.c.RepositoryConfigurationExtensionSupport - Spring Data MongoDB - Could not safely identify store assignment for repository candidate interface ir.repository.LowScoreTicketReportRepository; If you want this repository to be a MongoDB repository, consider annotating your entities with one of these annotations: org.springframework.data.mongodb.core.mapping.Document (preferred), or consider extending one of the following types with your repository: org.springframework.data.mongodb.repository.MongoRepository
11:32:56.352 [restartedMain] INFO  o.s.d.r.c.RepositoryConfigurationExtensionSupport - Spring Data MongoDB - Could not safely identify store assignment for repository candidate interface ir.repository.MessageRepository; If you want this repository to be a MongoDB repository, consider annotating your entities with one of these annotations: org.springframework.data.mongodb.core.mapping.Document (preferred), or consider extending one of the following types with your repository: org.springframework.data.mongodb.repository.MongoRepository
11:32:56.352 [restartedMain] INFO  o.s.d.r.c.RepositoryConfigurationExtensionSupport - Spring Data MongoDB - Could not safely identify store assignment for repository candidate interface ir.repository.NotificationRepository; If you want this repository to be a MongoDB repository, consider annotating your entities with one of these annotations: org.springframework.data.mongodb.core.mapping.Document (preferred), or consider extending one of the following types with your repository: org.springframework.data.mongodb.repository.MongoRepository
11:32:56.354 [restartedMain] INFO  o.s.d.r.c.RepositoryConfigurationExtensionSupport - Spring Data MongoDB - Could not safely identify store assignment for repository candidate interface ir.repository.OutboxRepository; If you want this repository to be a MongoDB repository, consider annotating your entities with one of these annotations: org.springframework.data.mongodb.core.mapping.Document (preferred), or consider extending one of the following types with your repository: org.springframework.data.mongodb.repository.MongoRepository
11:32:56.354 [restartedMain] INFO  o.s.d.r.c.RepositoryConfigurationExtensionSupport - Spring Data MongoDB - Could not safely identify store assignment for repository candidate interface ir.repository.PermissionRepository; If you want this repository to be a MongoDB repository, consider annotating your entities with one of these annotations: org.springframework.data.mongodb.core.mapping.Document (preferred), or consider extending one of the following types with your repository: org.springframework.data.mongodb.repository.MongoRepository
11:32:56.354 [restartedMain] INFO  o.s.d.r.c.RepositoryConfigurationExtensionSupport - Spring Data MongoDB - Could not safely identify store assignment for repository candidate interface ir.repository.ProfileRepository; If you want this repository to be a MongoDB repository, consider annotating your entities with one of these annotations: org.springframework.data.mongodb.core.mapping.Document (preferred), or consider extending one of the following types with your repository: org.springframework.data.mongodb.repository.MongoRepository
11:32:56.354 [restartedMain] INFO  o.s.d.r.c.RepositoryConfigurationExtensionSupport - Spring Data MongoDB - Could not safely identify store assignment for repository candidate interface ir.repository.RoleRepository; If you want this repository to be a MongoDB repository, consider annotating your entities with one of these annotations: org.springframework.data.mongodb.core.mapping.Document (preferred), or consider extending one of the following types with your repository: org.springframework.data.mongodb.repository.MongoRepository
11:32:56.354 [restartedMain] INFO  o.s.d.r.c.RepositoryConfigurationExtensionSupport - Spring Data MongoDB - Could not safely identify store assignment for repository candidate interface ir.repository.SectionRepository; If you want this repository to be a MongoDB repository, consider annotating your entities with one of these annotations: org.springframework.data.mongodb.core.mapping.Document (preferred), or consider extending one of the following types with your repository: org.springframework.data.mongodb.repository.MongoRepository
11:32:56.354 [restartedMain] INFO  o.s.d.r.c.RepositoryConfigurationExtensionSupport - Spring Data MongoDB - Could not safely identify store assignment for repository candidate interface ir.repository.TicketRepository; If you want this repository to be a MongoDB repository, consider annotating your entities with one of these annotations: org.springframework.data.mongodb.core.mapping.Document (preferred), or consider extending one of the following types with your repository: org.springframework.data.mongodb.repository.MongoRepository
11:32:56.354 [restartedMain] INFO  o.s.d.r.c.RepositoryConfigurationExtensionSupport - Spring Data MongoDB - Could not safely identify store assignment for repository candidate interface ir.repository.UserRepository; If you want this repository to be a MongoDB repository, consider annotating your entities with one of these annotations: org.springframework.data.mongodb.core.mapping.Document (preferred), or consider extending one of the following types with your repository: org.springframework.data.mongodb.repository.MongoRepository
11:32:56.359 [restartedMain] INFO  o.s.d.r.c.RepositoryConfigurationDelegate - Finished Spring Data repository scanning in 22 ms. Found 1 MongoDB repository interface.
11:32:56.367 [restartedMain] INFO  o.s.d.r.c.RepositoryConfigurationDelegate - Multiple Spring Data modules found, entering strict repository configuration mode
11:32:56.367 [restartedMain] INFO  o.s.d.r.c.RepositoryConfigurationDelegate - Bootstrapping Spring Data Redis repositories in DEFAULT mode.
11:32:56.379 [restartedMain] INFO  o.s.d.r.c.RepositoryConfigurationExtensionSupport - Spring Data Redis - Could not safely identify store assignment for repository candidate interface ir.repository.AttachmentRepository; If you want this repository to be a Redis repository, consider annotating your entities with one of these annotations: org.springframework.data.redis.core.RedisHash (preferred), or consider extending one of the following types with your repository: org.springframework.data.keyvalue.repository.KeyValueRepository
11:32:56.379 [restartedMain] INFO  o.s.d.r.c.RepositoryConfigurationExtensionSupport - Spring Data Redis - Could not safely identify store assignment for repository candidate interface ir.repository.BuildingRepository; If you want this repository to be a Redis repository, consider annotating your entities with one of these annotations: org.springframework.data.redis.core.RedisHash (preferred), or consider extending one of the following types with your repository: org.springframework.data.keyvalue.repository.KeyValueRepository
11:32:56.379 [restartedMain] INFO  o.s.d.r.c.RepositoryConfigurationExtensionSupport - Spring Data Redis - Could not safely identify store assignment for repository candidate interface ir.repository.ImageRepository; If you want this repository to be a Redis repository, consider annotating your entities with one of these annotations: org.springframework.data.redis.core.RedisHash (preferred), or consider extending one of the following types with your repository: org.springframework.data.keyvalue.repository.KeyValueRepository
11:32:56.379 [restartedMain] INFO  o.s.d.r.c.RepositoryConfigurationExtensionSupport - Spring Data Redis - Could not safely identify store assignment for repository candidate interface ir.repository.LowScoreTicketReportRepository; If you want this repository to be a Redis repository, consider annotating your entities with one of these annotations: org.springframework.data.redis.core.RedisHash (preferred), or consider extending one of the following types with your repository: org.springframework.data.keyvalue.repository.KeyValueRepository
11:32:56.379 [restartedMain] INFO  o.s.d.r.c.RepositoryConfigurationExtensionSupport - Spring Data Redis - Could not safely identify store assignment for repository candidate interface ir.repository.MessageRepository; If you want this repository to be a Redis repository, consider annotating your entities with one of these annotations: org.springframework.data.redis.core.RedisHash (preferred), or consider extending one of the following types with your repository: org.springframework.data.keyvalue.repository.KeyValueRepository
11:32:56.380 [restartedMain] INFO  o.s.d.r.c.RepositoryConfigurationExtensionSupport - Spring Data Redis - Could not safely identify store assignment for repository candidate interface ir.repository.NotificationRepository; If you want this repository to be a Redis repository, consider annotating your entities with one of these annotations: org.springframework.data.redis.core.RedisHash (preferred), or consider extending one of the following types with your repository: org.springframework.data.keyvalue.repository.KeyValueRepository
11:32:56.380 [restartedMain] INFO  o.s.d.r.c.RepositoryConfigurationExtensionSupport - Spring Data Redis - Could not safely identify store assignment for repository candidate interface ir.repository.OutboxRepository; If you want this repository to be a Redis repository, consider annotating your entities with one of these annotations: org.springframework.data.redis.core.RedisHash (preferred), or consider extending one of the following types with your repository: org.springframework.data.keyvalue.repository.KeyValueRepository
11:32:56.380 [restartedMain] INFO  o.s.d.r.c.RepositoryConfigurationExtensionSupport - Spring Data Redis - Could not safely identify store assignment for repository candidate interface ir.repository.PermissionRepository; If you want this repository to be a Redis repository, consider annotating your entities with one of these annotations: org.springframework.data.redis.core.RedisHash (preferred), or consider extending one of the following types with your repository: org.springframework.data.keyvalue.repository.KeyValueRepository
11:32:56.380 [restartedMain] INFO  o.s.d.r.c.RepositoryConfigurationExtensionSupport - Spring Data Redis - Could not safely identify store assignment for repository candidate interface ir.repository.ProfileRepository; If you want this repository to be a Redis repository, consider annotating your entities with one of these annotations: org.springframework.data.redis.core.RedisHash (preferred), or consider extending one of the following types with your repository: org.springframework.data.keyvalue.repository.KeyValueRepository
11:32:56.380 [restartedMain] INFO  o.s.d.r.c.RepositoryConfigurationExtensionSupport - Spring Data Redis - Could not safely identify store assignment for repository candidate interface ir.repository.RoleRepository; If you want this repository to be a Redis repository, consider annotating your entities with one of these annotations: org.springframework.data.redis.core.RedisHash (preferred), or consider extending one of the following types with your repository: org.springframework.data.keyvalue.repository.KeyValueRepository
11:32:56.380 [restartedMain] INFO  o.s.d.r.c.RepositoryConfigurationExtensionSupport - Spring Data Redis - Could not safely identify store assignment for repository candidate interface ir.repository.SectionRepository; If you want this repository to be a Redis repository, consider annotating your entities with one of these annotations: org.springframework.data.redis.core.RedisHash (preferred), or consider extending one of the following types with your repository: org.springframework.data.keyvalue.repository.KeyValueRepository
11:32:56.380 [restartedMain] INFO  o.s.d.r.c.RepositoryConfigurationExtensionSupport - Spring Data Redis - Could not safely identify store assignment for repository candidate interface ir.repository.TicketRepository; If you want this repository to be a Redis repository, consider annotating your entities with one of these annotations: org.springframework.data.redis.core.RedisHash (preferred), or consider extending one of the following types with your repository: org.springframework.data.keyvalue.repository.KeyValueRepository
11:32:56.380 [restartedMain] INFO  o.s.d.r.c.RepositoryConfigurationExtensionSupport - Spring Data Redis - Could not safely identify store assignment for repository candidate interface ir.repository.UserRepository; If you want this repository to be a Redis repository, consider annotating your entities with one of these annotations: org.springframework.data.redis.core.RedisHash (preferred), or consider extending one of the following types with your repository: org.springframework.data.keyvalue.repository.KeyValueRepository
11:32:56.380 [restartedMain] INFO  o.s.d.r.c.RepositoryConfigurationDelegate - Finished Spring Data repository scanning in 7 ms. Found 0 Redis repository interfaces.
11:32:56.610 [restartedMain] INFO  o.s.cloud.context.scope.GenericScope - BeanFactory id=42e78484-4cca-3390-b734-2aa1eb7372db
11:32:57.321 [restartedMain] INFO  o.s.b.w.e.tomcat.TomcatWebServer - Tomcat initialized with port 8443 (https)
11:32:57.328 [restartedMain] INFO  o.a.coyote.http11.Http11NioProtocol - Initializing ProtocolHandler ["https-jsse-nio-8443"]
11:32:57.331 [restartedMain] INFO  o.a.catalina.core.StandardService - Starting service [Tomcat]
11:32:57.331 [restartedMain] INFO  o.a.catalina.core.StandardEngine - Starting Servlet engine: [Apache Tomcat/10.1.36]
11:32:57.377 [restartedMain] INFO  o.a.c.c.C.[Tomcat].[localhost].[/] - Initializing Spring embedded WebApplicationContext
11:32:57.377 [restartedMain] INFO  o.s.b.w.s.c.ServletWebServerApplicationContext - Root WebApplicationContext: initialization completed in 2286 ms
11:32:57.821 [restartedMain] INFO  com.zaxxer.hikari.HikariDataSource - HikariPool-1 - Starting...
11:32:58.019 [restartedMain] INFO  com.zaxxer.hikari.pool.HikariPool - HikariPool-1 - Added connection oracle.jdbc.driver.T4CConnection@53819671
11:32:58.021 [restartedMain] INFO  com.zaxxer.hikari.HikariDataSource - HikariPool-1 - Start completed.
11:32:58.034 [restartedMain] INFO  org.flywaydb.core.FlywayExecutor - Database: jdbc:oracle:thin:@localhost:1521:xe (Oracle 21.0)
11:32:58.163 [restartedMain] INFO  o.f.c.i.s.JdbcTableSchemaHistory - Schema history table "TICKETING_SPRING"."flyway_schema_history" does not exist yet
11:32:58.165 [restartedMain] INFO  o.f.core.internal.command.DbValidate - Successfully validated 2 migrations (execution time 00:00.015s)
11:32:58.195 [restartedMain] INFO  o.f.c.i.s.JdbcTableSchemaHistory - Creating Schema History table "TICKETING_SPRING"."flyway_schema_history" with baseline ...
11:32:58.236 [restartedMain] INFO  o.f.core.internal.command.DbBaseline - Successfully baselined schema with version: 1
11:32:58.267 [restartedMain] INFO  o.f.core.internal.command.DbMigrate - Current version of schema "TICKETING_SPRING": 1
11:32:58.274 [restartedMain] INFO  o.f.core.internal.command.DbMigrate - Migrating schema "TICKETING_SPRING" to version "2 - create log table"
11:32:58.289 [restartedMain] ERROR o.f.core.internal.command.DbMigrate - Migration of schema "TICKETING_SPRING" to version "2 - create log table" failed! Please restore backups and roll back database and code!
11:32:58.299 [restartedMain] WARN  o.s.b.w.s.c.AnnotationConfigServletWebServerApplicationContext - Exception encountered during context initialization - cancelling refresh attempt: org.springframework.beans.factory.BeanCreationException: Error creating bean with name 'entityManagerFactory' defined in class path resource [org/springframework/boot/autoconfigure/orm/jpa/HibernateJpaConfiguration.class]: Failed to initialize dependency 'flywayInitializer' of LoadTimeWeaverAware bean 'entityManagerFactory': Error creating bean with name 'flywayInitializer' defined in class path resource [org/springframework/boot/autoconfigure/flyway/FlywayAutoConfiguration$FlywayConfiguration.class]: Script V2__create_log_table.sql failed
--------------------------------------
SQL State  : 42000
Error Code : 904
Message    : ORA-00904: : invalid identifier
Location   : db/migration/oracle/V2__create_log_table.sql (D:\JAVA\MFT learning\projects\Spring\ticketing_spring_sample\target\classes\db\migration\oracle\V2__create_log_table.sql)
Line       : 1
Statement  : Run Flyway with -X option to see the actual statement causing the problem

11:32:58.299 [restartedMain] INFO  com.zaxxer.hikari.HikariDataSource - HikariPool-1 - Shutdown initiated...
11:32:58.371 [restartedMain] INFO  com.zaxxer.hikari.HikariDataSource - HikariPool-1 - Shutdown completed.
11:32:58.374 [restartedMain] INFO  o.a.catalina.core.StandardService - Stopping service [Tomcat]
11:32:58.392 [restartedMain] INFO  o.s.b.a.l.ConditionEvaluationReportLogger - 

Error starting ApplicationContext. To display the condition evaluation report re-run your application with 'debug' enabled.
11:32:58.406 [restartedMain] ERROR o.s.boot.SpringApplication - Application run failed
org.springframework.beans.factory.BeanCreationException: Error creating bean with name 'entityManagerFactory' defined in class path resource [org/springframework/boot/autoconfigure/orm/jpa/HibernateJpaConfiguration.class]: Failed to initialize dependency 'flywayInitializer' of LoadTimeWeaverAware bean 'entityManagerFactory': Error creating bean with name 'flywayInitializer' defined in class path resource [org/springframework/boot/autoconfigure/flyway/FlywayAutoConfiguration$FlywayConfiguration.class]: Script V2__create_log_table.sql failed
--------------------------------------
SQL State  : 42000
Error Code : 904
Message    : ORA-00904: : invalid identifier
Location   : db/migration/oracle/V2__create_log_table.sql (D:\JAVA\MFT learning\projects\Spring\ticketing_spring_sample\target\classes\db\migration\oracle\V2__create_log_table.sql)
Line       : 1
Statement  : Run Flyway with -X option to see the actual statement causing the problem

	at org.springframework.beans.factory.support.AbstractBeanFactory.doGetBean(AbstractBeanFactory.java:328)
	at org.springframework.beans.factory.support.AbstractBeanFactory.getBean(AbstractBeanFactory.java:207)
	at org.springframework.context.support.AbstractApplicationContext.finishBeanFactoryInitialization(AbstractApplicationContext.java:970)
	at org.springframework.context.support.AbstractApplicationContext.refresh(AbstractApplicationContext.java:627)
	at org.springframework.boot.web.servlet.context.ServletWebServerApplicationContext.refresh(ServletWebServerApplicationContext.java:146)
	at org.springframework.boot.SpringApplication.refresh(SpringApplication.java:752)
	at org.springframework.boot.SpringApplication.refreshContext(SpringApplication.java:439)
	at org.springframework.boot.SpringApplication.run(SpringApplication.java:318)
	at org.springframework.boot.SpringApplication.run(SpringApplication.java:1361)
	at org.springframework.boot.SpringApplication.run(SpringApplication.java:1350)
	at ir.TicketingSpringSample.main(TicketingSpringSample.java:43)
	at java.base/jdk.internal.reflect.NativeMethodAccessorImpl.invoke0(Native Method)
	at java.base/jdk.internal.reflect.NativeMethodAccessorImpl.invoke(NativeMethodAccessorImpl.java:77)
	at java.base/jdk.internal.reflect.DelegatingMethodAccessorImpl.invoke(DelegatingMethodAccessorImpl.java:43)
	at java.base/java.lang.reflect.Method.invoke(Method.java:568)
	at org.springframework.boot.devtools.restart.RestartLauncher.run(RestartLauncher.java:50)
Caused by: org.springframework.beans.factory.BeanCreationException: Error creating bean with name 'flywayInitializer' defined in class path resource [org/springframework/boot/autoconfigure/flyway/FlywayAutoConfiguration$FlywayConfiguration.class]: Script V2__create_log_table.sql failed
--------------------------------------
SQL State  : 42000
Error Code : 904
Message    : ORA-00904: : invalid identifier
Location   : db/migration/oracle/V2__create_log_table.sql (D:\JAVA\MFT learning\projects\Spring\ticketing_spring_sample\target\classes\db\migration\oracle\V2__create_log_table.sql)
Line       : 1
Statement  : Run Flyway with -X option to see the actual statement causing the problem

	at org.springframework.beans.factory.support.AbstractAutowireCapableBeanFactory.initializeBean(AbstractAutowireCapableBeanFactory.java:1812)
	at org.springframework.beans.factory.support.AbstractAutowireCapableBeanFactory.doCreateBean(AbstractAutowireCapableBeanFactory.java:601)
	at org.springframework.beans.factory.support.AbstractAutowireCapableBeanFactory.createBean(AbstractAutowireCapableBeanFactory.java:523)
	at org.springframework.beans.factory.support.AbstractBeanFactory.lambda$doGetBean$0(AbstractBeanFactory.java:339)
	at org.springframework.beans.factory.support.DefaultSingletonBeanRegistry.getSingleton(DefaultSingletonBeanRegistry.java:346)
	at org.springframework.beans.factory.support.AbstractBeanFactory.doGetBean(AbstractBeanFactory.java:337)
	at org.springframework.beans.factory.support.AbstractBeanFactory.getBean(AbstractBeanFactory.java:202)
	at org.springframework.beans.factory.support.AbstractBeanFactory.doGetBean(AbstractBeanFactory.java:315)
	... 15 common frames omitted
Caused by: org.flywaydb.core.internal.exception.FlywayMigrateException: Script V2__create_log_table.sql failed
--------------------------------------
SQL State  : 42000
Error Code : 904
Message    : ORA-00904: : invalid identifier
Location   : db/migration/oracle/V2__create_log_table.sql (D:\JAVA\MFT learning\projects\Spring\ticketing_spring_sample\target\classes\db\migration\oracle\V2__create_log_table.sql)
Line       : 1
Statement  : Run Flyway with -X option to see the actual statement causing the problem

	at org.flywaydb.core.internal.command.DbMigrate.doMigrateGroup(DbMigrate.java:399)
	at org.flywaydb.core.internal.command.DbMigrate.lambda$applyMigrations$1(DbMigrate.java:283)
	at org.flywaydb.core.internal.jdbc.TransactionalExecutionTemplate.execute(TransactionalExecutionTemplate.java:59)
	at org.flywaydb.core.internal.command.DbMigrate.applyMigrations(DbMigrate.java:282)
	at org.flywaydb.core.internal.command.DbMigrate.migrateGroup(DbMigrate.java:255)
	at org.flywaydb.core.internal.command.DbMigrate.lambda$migrateAll$0(DbMigrate.java:153)
	at org.flywaydb.core.internal.jdbc.TableLockingExecutionTemplate$1.call(TableLockingExecutionTemplate.java:40)
	at org.flywaydb.core.internal.jdbc.TransactionalExecutionTemplate.execute(TransactionalExecutionTemplate.java:59)
	at org.flywaydb.core.internal.jdbc.TableLockingExecutionTemplate.execute(TableLockingExecutionTemplate.java:35)
	at org.flywaydb.core.internal.database.base.Connection.lock(Connection.java:106)
	at org.flywaydb.core.internal.schemahistory.JdbcTableSchemaHistory.lock(JdbcTableSchemaHistory.java:149)
	at org.flywaydb.core.internal.command.DbMigrate.migrateAll(DbMigrate.java:153)
	at org.flywaydb.core.internal.command.DbMigrate.migrate(DbMigrate.java:104)
	at org.flywaydb.core.Flyway.lambda$migrate$1(Flyway.java:230)
	at org.flywaydb.core.FlywayExecutor.execute(FlywayExecutor.java:213)
	at org.flywaydb.core.Flyway.migrate(Flyway.java:176)
	at org.springframework.boot.autoconfigure.flyway.FlywayMigrationInitializer.afterPropertiesSet(FlywayMigrationInitializer.java:66)
	at org.springframework.beans.factory.support.AbstractAutowireCapableBeanFactory.invokeInitMethods(AbstractAutowireCapableBeanFactory.java:1859)
	at org.springframework.beans.factory.support.AbstractAutowireCapableBeanFactory.initializeBean(AbstractAutowireCapableBeanFactory.java:1808)
	... 22 common frames omitted
Caused by: org.flywaydb.core.internal.sqlscript.FlywaySqlScriptException: Script V2__create_log_table.sql failed
--------------------------------------
SQL State  : 42000
Error Code : 904
Message    : ORA-00904: : invalid identifier
Location   : db/migration/oracle/V2__create_log_table.sql (D:\JAVA\MFT learning\projects\Spring\ticketing_spring_sample\target\classes\db\migration\oracle\V2__create_log_table.sql)
Line       : 1
Statement  : Run Flyway with -X option to see the actual statement causing the problem

	at org.flywaydb.core.internal.sqlscript.DefaultSqlScriptExecutor.handleException(DefaultSqlScriptExecutor.java:256)
	at org.flywaydb.core.internal.sqlscript.DefaultSqlScriptExecutor.executeStatement(DefaultSqlScriptExecutor.java:217)
	at org.flywaydb.core.internal.sqlscript.DefaultSqlScriptExecutor.execute(DefaultSqlScriptExecutor.java:137)
	at org.flywaydb.core.internal.resolver.sql.SqlMigrationExecutor.executeOnce(SqlMigrationExecutor.java:75)
	at org.flywaydb.core.internal.resolver.sql.SqlMigrationExecutor.lambda$execute$0(SqlMigrationExecutor.java:66)
	at org.flywaydb.core.internal.database.DefaultExecutionStrategy.execute(DefaultExecutionStrategy.java:31)
	at org.flywaydb.core.internal.resolver.sql.SqlMigrationExecutor.execute(SqlMigrationExecutor.java:65)
	at org.flywaydb.core.internal.command.DbMigrate.doMigrateGroup(DbMigrate.java:391)
	... 40 common frames omitted
Caused by: java.sql.SQLSyntaxErrorException: ORA-00904: : invalid identifier

	at oracle.jdbc.driver.T4CTTIoer11.processError(T4CTTIoer11.java:629)
	at oracle.jdbc.driver.T4CTTIoer11.processError(T4CTTIoer11.java:563)
	at oracle.jdbc.driver.T4C8Oall.processError(T4C8Oall.java:1230)
	at oracle.jdbc.driver.T4CTTIfun.receive(T4CTTIfun.java:771)
	at oracle.jdbc.driver.T4CTTIfun.doRPC(T4CTTIfun.java:298)
	at oracle.jdbc.driver.T4C8Oall.doOALL(T4C8Oall.java:511)
	at oracle.jdbc.driver.T4CStatement.doOall8(T4CStatement.java:122)
	at oracle.jdbc.driver.T4CStatement.executeForRows(T4CStatement.java:1199)
	at oracle.jdbc.driver.OracleStatement.executeSQLStatement(OracleStatement.java:1819)
	at oracle.jdbc.driver.OracleStatement.doExecuteWithTimeout(OracleStatement.java:1471)
	at oracle.jdbc.driver.OracleStatement.executeInternal(OracleStatement.java:2504)
	at oracle.jdbc.driver.OracleStatement.execute(OracleStatement.java:2459)
	at oracle.jdbc.driver.OracleStatementWrapper.execute(OracleStatementWrapper.java:327)
	at com.zaxxer.hikari.pool.ProxyStatement.execute(ProxyStatement.java:94)
	at com.zaxxer.hikari.pool.HikariProxyStatement.execute(HikariProxyStatement.java)
	at org.flywaydb.core.internal.jdbc.JdbcTemplate.executeStatement(JdbcTemplate.java:210)
	at org.flywaydb.core.internal.sqlscript.ParsedSqlStatement.execute(ParsedSqlStatement.java:88)
	at org.flywaydb.core.internal.sqlscript.DefaultSqlScriptExecutor.executeStatement(DefaultSqlScriptExecutor.java:212)
	... 46 common frames omitted
Caused by: oracle.jdbc.OracleDatabaseException: ORA-00904: : invalid identifier

	at oracle.jdbc.driver.T4CTTIoer11.processError(T4CTTIoer11.java:636)
	... 63 common frames omitted
12:10:14.384 [background-preinit] INFO  o.h.validator.internal.util.Version - HV000001: Hibernate Validator 8.0.2.Final
12:10:14.420 [restartedMain] INFO  ir.TicketingSpringSample - Starting TicketingSpringSample using Java 17.0.12 with PID 12560 (D:\JAVA\MFT learning\projects\Spring\ticketing_spring_sample\target\classes started by arbab in D:\JAVA\MFT learning\projects\Spring\ticketing_spring_sample)
12:10:14.420 [restartedMain] INFO  ir.TicketingSpringSample - The following 1 profile is active: "dev"
12:10:14.467 [restartedMain] INFO  o.s.b.d.restart.ChangeableUrls - The Class-Path manifest attribute in C:\Users\arbab\.m2\repository\com\oracle\database\jdbc\ojdbc11\21.9.0.0\ojdbc11-21.9.0.0.jar referenced one or more files that do not exist: file:/C:/Users/arbab/.m2/repository/com/oracle/database/jdbc/ojdbc11/21.9.0.0/oraclepki.jar
12:10:14.467 [restartedMain] INFO  o.s.b.d.e.DevToolsPropertyDefaultsPostProcessor - Devtools property defaults active! Set 'spring.devtools.add-properties' to 'false' to disable
12:10:14.467 [restartedMain] INFO  o.s.b.d.e.DevToolsPropertyDefaultsPostProcessor - For additional web related logging consider setting the 'logging.level.web' property to 'DEBUG'
12:10:15.161 [restartedMain] INFO  o.s.b.f.s.DefaultListableBeanFactory - Overriding bean definition for bean 'localeResolver' with a different definition: replacing [Root bean: class=null; scope=; abstract=false; lazyInit=null; autowireMode=3; dependencyCheck=0; autowireCandidate=true; primary=false; fallback=false; factoryBeanName=org.springframework.web.servlet.config.annotation.DelegatingWebMvcConfiguration; factoryMethodName=localeResolver; initMethodNames=null; destroyMethodNames=[(inferred)]; defined in class path resource [org/springframework/web/servlet/config/annotation/DelegatingWebMvcConfiguration.class]] with [Root bean: class=null; scope=; abstract=false; lazyInit=null; autowireMode=3; dependencyCheck=0; autowireCandidate=true; primary=false; fallback=false; factoryBeanName=webConfig; factoryMethodName=localeResolver; initMethodNames=null; destroyMethodNames=[(inferred)]; defined in class path resource [ir/config/WebConfig.class]]
12:10:15.166 [restartedMain] INFO  o.s.d.r.c.RepositoryConfigurationDelegate - Multiple Spring Data modules found, entering strict repository configuration mode
12:10:15.167 [restartedMain] INFO  o.s.d.r.c.RepositoryConfigurationDelegate - Bootstrapping Spring Data JPA repositories in DEFAULT mode.
12:10:15.279 [restartedMain] INFO  o.s.d.r.c.RepositoryConfigurationExtensionSupport - Spring Data JPA - Could not safely identify store assignment for repository candidate interface ir.repository.ImageRepository; If you want this repository to be a JPA repository, consider annotating your entities with one of these annotations: jakarta.persistence.Entity, jakarta.persistence.MappedSuperclass (preferred), or consider extending one of the following types with your repository: org.springframework.data.jpa.repository.JpaRepository
12:10:15.339 [restartedMain] INFO  o.s.d.r.c.RepositoryConfigurationDelegate - Finished Spring Data repository scanning in 167 ms. Found 12 JPA repository interfaces.
12:10:15.693 [restartedMain] INFO  o.s.d.r.c.RepositoryConfigurationDelegate - Multiple Spring Data modules found, entering strict repository configuration mode
12:10:15.693 [restartedMain] INFO  o.s.d.r.c.RepositoryConfigurationDelegate - Bootstrapping Spring Data MongoDB repositories in DEFAULT mode.
12:10:15.706 [restartedMain] INFO  o.s.d.r.c.RepositoryConfigurationExtensionSupport - Spring Data MongoDB - Could not safely identify store assignment for repository candidate interface ir.repository.AttachmentRepository; If you want this repository to be a MongoDB repository, consider annotating your entities with one of these annotations: org.springframework.data.mongodb.core.mapping.Document (preferred), or consider extending one of the following types with your repository: org.springframework.data.mongodb.repository.MongoRepository
12:10:15.706 [restartedMain] INFO  o.s.d.r.c.RepositoryConfigurationExtensionSupport - Spring Data MongoDB - Could not safely identify store assignment for repository candidate interface ir.repository.BuildingRepository; If you want this repository to be a MongoDB repository, consider annotating your entities with one of these annotations: org.springframework.data.mongodb.core.mapping.Document (preferred), or consider extending one of the following types with your repository: org.springframework.data.mongodb.repository.MongoRepository
12:10:15.707 [restartedMain] INFO  o.s.d.r.c.RepositoryConfigurationExtensionSupport - Spring Data MongoDB - Could not safely identify store assignment for repository candidate interface ir.repository.LowScoreTicketReportRepository; If you want this repository to be a MongoDB repository, consider annotating your entities with one of these annotations: org.springframework.data.mongodb.core.mapping.Document (preferred), or consider extending one of the following types with your repository: org.springframework.data.mongodb.repository.MongoRepository
12:10:15.707 [restartedMain] INFO  o.s.d.r.c.RepositoryConfigurationExtensionSupport - Spring Data MongoDB - Could not safely identify store assignment for repository candidate interface ir.repository.MessageRepository; If you want this repository to be a MongoDB repository, consider annotating your entities with one of these annotations: org.springframework.data.mongodb.core.mapping.Document (preferred), or consider extending one of the following types with your repository: org.springframework.data.mongodb.repository.MongoRepository
12:10:15.707 [restartedMain] INFO  o.s.d.r.c.RepositoryConfigurationExtensionSupport - Spring Data MongoDB - Could not safely identify store assignment for repository candidate interface ir.repository.NotificationRepository; If you want this repository to be a MongoDB repository, consider annotating your entities with one of these annotations: org.springframework.data.mongodb.core.mapping.Document (preferred), or consider extending one of the following types with your repository: org.springframework.data.mongodb.repository.MongoRepository
12:10:15.707 [restartedMain] INFO  o.s.d.r.c.RepositoryConfigurationExtensionSupport - Spring Data MongoDB - Could not safely identify store assignment for repository candidate interface ir.repository.OutboxRepository; If you want this repository to be a MongoDB repository, consider annotating your entities with one of these annotations: org.springframework.data.mongodb.core.mapping.Document (preferred), or consider extending one of the following types with your repository: org.springframework.data.mongodb.repository.MongoRepository
12:10:15.708 [restartedMain] INFO  o.s.d.r.c.RepositoryConfigurationExtensionSupport - Spring Data MongoDB - Could not safely identify store assignment for repository candidate interface ir.repository.PermissionRepository; If you want this repository to be a MongoDB repository, consider annotating your entities with one of these annotations: org.springframework.data.mongodb.core.mapping.Document (preferred), or consider extending one of the following types with your repository: org.springframework.data.mongodb.repository.MongoRepository
12:10:15.708 [restartedMain] INFO  o.s.d.r.c.RepositoryConfigurationExtensionSupport - Spring Data MongoDB - Could not safely identify store assignment for repository candidate interface ir.repository.ProfileRepository; If you want this repository to be a MongoDB repository, consider annotating your entities with one of these annotations: org.springframework.data.mongodb.core.mapping.Document (preferred), or consider extending one of the following types with your repository: org.springframework.data.mongodb.repository.MongoRepository
12:10:15.708 [restartedMain] INFO  o.s.d.r.c.RepositoryConfigurationExtensionSupport - Spring Data MongoDB - Could not safely identify store assignment for repository candidate interface ir.repository.RoleRepository; If you want this repository to be a MongoDB repository, consider annotating your entities with one of these annotations: org.springframework.data.mongodb.core.mapping.Document (preferred), or consider extending one of the following types with your repository: org.springframework.data.mongodb.repository.MongoRepository
12:10:15.708 [restartedMain] INFO  o.s.d.r.c.RepositoryConfigurationExtensionSupport - Spring Data MongoDB - Could not safely identify store assignment for repository candidate interface ir.repository.SectionRepository; If you want this repository to be a MongoDB repository, consider annotating your entities with one of these annotations: org.springframework.data.mongodb.core.mapping.Document (preferred), or consider extending one of the following types with your repository: org.springframework.data.mongodb.repository.MongoRepository
12:10:15.709 [restartedMain] INFO  o.s.d.r.c.RepositoryConfigurationExtensionSupport - Spring Data MongoDB - Could not safely identify store assignment for repository candidate interface ir.repository.TicketRepository; If you want this repository to be a MongoDB repository, consider annotating your entities with one of these annotations: org.springframework.data.mongodb.core.mapping.Document (preferred), or consider extending one of the following types with your repository: org.springframework.data.mongodb.repository.MongoRepository
12:10:15.709 [restartedMain] INFO  o.s.d.r.c.RepositoryConfigurationExtensionSupport - Spring Data MongoDB - Could not safely identify store assignment for repository candidate interface ir.repository.UserRepository; If you want this repository to be a MongoDB repository, consider annotating your entities with one of these annotations: org.springframework.data.mongodb.core.mapping.Document (preferred), or consider extending one of the following types with your repository: org.springframework.data.mongodb.repository.MongoRepository
12:10:15.714 [restartedMain] INFO  o.s.d.r.c.RepositoryConfigurationDelegate - Finished Spring Data repository scanning in 19 ms. Found 1 MongoDB repository interface.
12:10:15.722 [restartedMain] INFO  o.s.d.r.c.RepositoryConfigurationDelegate - Multiple Spring Data modules found, entering strict repository configuration mode
12:10:15.723 [restartedMain] INFO  o.s.d.r.c.RepositoryConfigurationDelegate - Bootstrapping Spring Data Redis repositories in DEFAULT mode.
12:10:15.736 [restartedMain] INFO  o.s.d.r.c.RepositoryConfigurationExtensionSupport - Spring Data Redis - Could not safely identify store assignment for repository candidate interface ir.repository.AttachmentRepository; If you want this repository to be a Redis repository, consider annotating your entities with one of these annotations: org.springframework.data.redis.core.RedisHash (preferred), or consider extending one of the following types with your repository: org.springframework.data.keyvalue.repository.KeyValueRepository
12:10:15.737 [restartedMain] INFO  o.s.d.r.c.RepositoryConfigurationExtensionSupport - Spring Data Redis - Could not safely identify store assignment for repository candidate interface ir.repository.BuildingRepository; If you want this repository to be a Redis repository, consider annotating your entities with one of these annotations: org.springframework.data.redis.core.RedisHash (preferred), or consider extending one of the following types with your repository: org.springframework.data.keyvalue.repository.KeyValueRepository
12:10:15.737 [restartedMain] INFO  o.s.d.r.c.RepositoryConfigurationExtensionSupport - Spring Data Redis - Could not safely identify store assignment for repository candidate interface ir.repository.ImageRepository; If you want this repository to be a Redis repository, consider annotating your entities with one of these annotations: org.springframework.data.redis.core.RedisHash (preferred), or consider extending one of the following types with your repository: org.springframework.data.keyvalue.repository.KeyValueRepository
12:10:15.737 [restartedMain] INFO  o.s.d.r.c.RepositoryConfigurationExtensionSupport - Spring Data Redis - Could not safely identify store assignment for repository candidate interface ir.repository.LowScoreTicketReportRepository; If you want this repository to be a Redis repository, consider annotating your entities with one of these annotations: org.springframework.data.redis.core.RedisHash (preferred), or consider extending one of the following types with your repository: org.springframework.data.keyvalue.repository.KeyValueRepository
12:10:15.737 [restartedMain] INFO  o.s.d.r.c.RepositoryConfigurationExtensionSupport - Spring Data Redis - Could not safely identify store assignment for repository candidate interface ir.repository.MessageRepository; If you want this repository to be a Redis repository, consider annotating your entities with one of these annotations: org.springframework.data.redis.core.RedisHash (preferred), or consider extending one of the following types with your repository: org.springframework.data.keyvalue.repository.KeyValueRepository
12:10:15.737 [restartedMain] INFO  o.s.d.r.c.RepositoryConfigurationExtensionSupport - Spring Data Redis - Could not safely identify store assignment for repository candidate interface ir.repository.NotificationRepository; If you want this repository to be a Redis repository, consider annotating your entities with one of these annotations: org.springframework.data.redis.core.RedisHash (preferred), or consider extending one of the following types with your repository: org.springframework.data.keyvalue.repository.KeyValueRepository
12:10:15.737 [restartedMain] INFO  o.s.d.r.c.RepositoryConfigurationExtensionSupport - Spring Data Redis - Could not safely identify store assignment for repository candidate interface ir.repository.OutboxRepository; If you want this repository to be a Redis repository, consider annotating your entities with one of these annotations: org.springframework.data.redis.core.RedisHash (preferred), or consider extending one of the following types with your repository: org.springframework.data.keyvalue.repository.KeyValueRepository
12:10:15.738 [restartedMain] INFO  o.s.d.r.c.RepositoryConfigurationExtensionSupport - Spring Data Redis - Could not safely identify store assignment for repository candidate interface ir.repository.PermissionRepository; If you want this repository to be a Redis repository, consider annotating your entities with one of these annotations: org.springframework.data.redis.core.RedisHash (preferred), or consider extending one of the following types with your repository: org.springframework.data.keyvalue.repository.KeyValueRepository
12:10:15.738 [restartedMain] INFO  o.s.d.r.c.RepositoryConfigurationExtensionSupport - Spring Data Redis - Could not safely identify store assignment for repository candidate interface ir.repository.ProfileRepository; If you want this repository to be a Redis repository, consider annotating your entities with one of these annotations: org.springframework.data.redis.core.RedisHash (preferred), or consider extending one of the following types with your repository: org.springframework.data.keyvalue.repository.KeyValueRepository
12:10:15.738 [restartedMain] INFO  o.s.d.r.c.RepositoryConfigurationExtensionSupport - Spring Data Redis - Could not safely identify store assignment for repository candidate interface ir.repository.RoleRepository; If you want this repository to be a Redis repository, consider annotating your entities with one of these annotations: org.springframework.data.redis.core.RedisHash (preferred), or consider extending one of the following types with your repository: org.springframework.data.keyvalue.repository.KeyValueRepository
12:10:15.738 [restartedMain] INFO  o.s.d.r.c.RepositoryConfigurationExtensionSupport - Spring Data Redis - Could not safely identify store assignment for repository candidate interface ir.repository.SectionRepository; If you want this repository to be a Redis repository, consider annotating your entities with one of these annotations: org.springframework.data.redis.core.RedisHash (preferred), or consider extending one of the following types with your repository: org.springframework.data.keyvalue.repository.KeyValueRepository
12:10:15.738 [restartedMain] INFO  o.s.d.r.c.RepositoryConfigurationExtensionSupport - Spring Data Redis - Could not safely identify store assignment for repository candidate interface ir.repository.TicketRepository; If you want this repository to be a Redis repository, consider annotating your entities with one of these annotations: org.springframework.data.redis.core.RedisHash (preferred), or consider extending one of the following types with your repository: org.springframework.data.keyvalue.repository.KeyValueRepository
12:10:15.738 [restartedMain] INFO  o.s.d.r.c.RepositoryConfigurationExtensionSupport - Spring Data Redis - Could not safely identify store assignment for repository candidate interface ir.repository.UserRepository; If you want this repository to be a Redis repository, consider annotating your entities with one of these annotations: org.springframework.data.redis.core.RedisHash (preferred), or consider extending one of the following types with your repository: org.springframework.data.keyvalue.repository.KeyValueRepository
12:10:15.738 [restartedMain] INFO  o.s.d.r.c.RepositoryConfigurationDelegate - Finished Spring Data repository scanning in 6 ms. Found 0 Redis repository interfaces.
12:10:15.970 [restartedMain] INFO  o.s.cloud.context.scope.GenericScope - BeanFactory id=42e78484-4cca-3390-b734-2aa1eb7372db
12:10:16.689 [restartedMain] INFO  o.s.b.w.e.tomcat.TomcatWebServer - Tomcat initialized with port 8443 (https)
12:10:16.696 [restartedMain] INFO  o.a.coyote.http11.Http11NioProtocol - Initializing ProtocolHandler ["https-jsse-nio-8443"]
12:10:16.699 [restartedMain] INFO  o.a.catalina.core.StandardService - Starting service [Tomcat]
12:10:16.699 [restartedMain] INFO  o.a.catalina.core.StandardEngine - Starting Servlet engine: [Apache Tomcat/10.1.36]
12:10:16.748 [restartedMain] INFO  o.a.c.c.C.[Tomcat].[localhost].[/] - Initializing Spring embedded WebApplicationContext
12:10:16.749 [restartedMain] INFO  o.s.b.w.s.c.ServletWebServerApplicationContext - Root WebApplicationContext: initialization completed in 2272 ms
12:10:17.194 [restartedMain] INFO  com.zaxxer.hikari.HikariDataSource - HikariPool-1 - Starting...
12:10:17.383 [restartedMain] INFO  com.zaxxer.hikari.pool.HikariPool - HikariPool-1 - Added connection oracle.jdbc.driver.T4CConnection@58dfab85
12:10:17.384 [restartedMain] INFO  com.zaxxer.hikari.HikariDataSource - HikariPool-1 - Start completed.
12:10:17.399 [restartedMain] INFO  org.flywaydb.core.FlywayExecutor - Database: jdbc:oracle:thin:@localhost:1521:xe (Oracle 21.0)
12:10:17.524 [restartedMain] INFO  o.f.c.i.s.JdbcTableSchemaHistory - Schema history table "TICKETING_SPRING"."flyway_schema_history" does not exist yet
12:10:17.530 [restartedMain] INFO  o.f.core.internal.command.DbValidate - Successfully validated 2 migrations (execution time 00:00.018s)
12:10:17.560 [restartedMain] INFO  o.f.c.i.s.JdbcTableSchemaHistory - Creating Schema History table "TICKETING_SPRING"."flyway_schema_history" with baseline ...
12:10:17.619 [restartedMain] INFO  o.f.core.internal.command.DbBaseline - Successfully baselined schema with version: 1
12:10:17.650 [restartedMain] INFO  o.f.core.internal.command.DbMigrate - Current version of schema "TICKETING_SPRING": 1
12:10:17.657 [restartedMain] INFO  o.f.core.internal.command.DbMigrate - Migrating schema "TICKETING_SPRING" to version "2 - create log table"
12:10:17.679 [restartedMain] ERROR o.f.core.internal.command.DbMigrate - Migration of schema "TICKETING_SPRING" to version "2 - create log table" failed! Please restore backups and roll back database and code!
12:10:17.689 [restartedMain] WARN  o.s.b.w.s.c.AnnotationConfigServletWebServerApplicationContext - Exception encountered during context initialization - cancelling refresh attempt: org.springframework.beans.factory.BeanCreationException: Error creating bean with name 'entityManagerFactory' defined in class path resource [org/springframework/boot/autoconfigure/orm/jpa/HibernateJpaConfiguration.class]: Failed to initialize dependency 'flywayInitializer' of LoadTimeWeaverAware bean 'entityManagerFactory': Error creating bean with name 'flywayInitializer' defined in class path resource [org/springframework/boot/autoconfigure/flyway/FlywayAutoConfiguration$FlywayConfiguration.class]: Script V2__create_log_table.sql failed
--------------------------------------
SQL State  : 42000
Error Code : 955
Message    : ORA-00955: name is already used by an existing object
Location   : db/migration/oracle/V2__create_log_table.sql (D:\JAVA\MFT learning\projects\Spring\ticketing_spring_sample\target\classes\db\migration\oracle\V2__create_log_table.sql)
Line       : 12
Statement  : Run Flyway with -X option to see the actual statement causing the problem

12:10:17.689 [restartedMain] INFO  com.zaxxer.hikari.HikariDataSource - HikariPool-1 - Shutdown initiated...
12:10:17.724 [restartedMain] INFO  com.zaxxer.hikari.HikariDataSource - HikariPool-1 - Shutdown completed.
12:10:17.726 [restartedMain] INFO  o.a.catalina.core.StandardService - Stopping service [Tomcat]
12:10:17.742 [restartedMain] INFO  o.s.b.a.l.ConditionEvaluationReportLogger - 

Error starting ApplicationContext. To display the condition evaluation report re-run your application with 'debug' enabled.
12:10:17.757 [restartedMain] ERROR o.s.boot.SpringApplication - Application run failed
org.springframework.beans.factory.BeanCreationException: Error creating bean with name 'entityManagerFactory' defined in class path resource [org/springframework/boot/autoconfigure/orm/jpa/HibernateJpaConfiguration.class]: Failed to initialize dependency 'flywayInitializer' of LoadTimeWeaverAware bean 'entityManagerFactory': Error creating bean with name 'flywayInitializer' defined in class path resource [org/springframework/boot/autoconfigure/flyway/FlywayAutoConfiguration$FlywayConfiguration.class]: Script V2__create_log_table.sql failed
--------------------------------------
SQL State  : 42000
Error Code : 955
Message    : ORA-00955: name is already used by an existing object
Location   : db/migration/oracle/V2__create_log_table.sql (D:\JAVA\MFT learning\projects\Spring\ticketing_spring_sample\target\classes\db\migration\oracle\V2__create_log_table.sql)
Line       : 12
Statement  : Run Flyway with -X option to see the actual statement causing the problem

	at org.springframework.beans.factory.support.AbstractBeanFactory.doGetBean(AbstractBeanFactory.java:328)
	at org.springframework.beans.factory.support.AbstractBeanFactory.getBean(AbstractBeanFactory.java:207)
	at org.springframework.context.support.AbstractApplicationContext.finishBeanFactoryInitialization(AbstractApplicationContext.java:970)
	at org.springframework.context.support.AbstractApplicationContext.refresh(AbstractApplicationContext.java:627)
	at org.springframework.boot.web.servlet.context.ServletWebServerApplicationContext.refresh(ServletWebServerApplicationContext.java:146)
	at org.springframework.boot.SpringApplication.refresh(SpringApplication.java:752)
	at org.springframework.boot.SpringApplication.refreshContext(SpringApplication.java:439)
	at org.springframework.boot.SpringApplication.run(SpringApplication.java:318)
	at org.springframework.boot.SpringApplication.run(SpringApplication.java:1361)
	at org.springframework.boot.SpringApplication.run(SpringApplication.java:1350)
	at ir.TicketingSpringSample.main(TicketingSpringSample.java:43)
	at java.base/jdk.internal.reflect.NativeMethodAccessorImpl.invoke0(Native Method)
	at java.base/jdk.internal.reflect.NativeMethodAccessorImpl.invoke(NativeMethodAccessorImpl.java:77)
	at java.base/jdk.internal.reflect.DelegatingMethodAccessorImpl.invoke(DelegatingMethodAccessorImpl.java:43)
	at java.base/java.lang.reflect.Method.invoke(Method.java:568)
	at org.springframework.boot.devtools.restart.RestartLauncher.run(RestartLauncher.java:50)
Caused by: org.springframework.beans.factory.BeanCreationException: Error creating bean with name 'flywayInitializer' defined in class path resource [org/springframework/boot/autoconfigure/flyway/FlywayAutoConfiguration$FlywayConfiguration.class]: Script V2__create_log_table.sql failed
--------------------------------------
SQL State  : 42000
Error Code : 955
Message    : ORA-00955: name is already used by an existing object
Location   : db/migration/oracle/V2__create_log_table.sql (D:\JAVA\MFT learning\projects\Spring\ticketing_spring_sample\target\classes\db\migration\oracle\V2__create_log_table.sql)
Line       : 12
Statement  : Run Flyway with -X option to see the actual statement causing the problem

	at org.springframework.beans.factory.support.AbstractAutowireCapableBeanFactory.initializeBean(AbstractAutowireCapableBeanFactory.java:1812)
	at org.springframework.beans.factory.support.AbstractAutowireCapableBeanFactory.doCreateBean(AbstractAutowireCapableBeanFactory.java:601)
	at org.springframework.beans.factory.support.AbstractAutowireCapableBeanFactory.createBean(AbstractAutowireCapableBeanFactory.java:523)
	at org.springframework.beans.factory.support.AbstractBeanFactory.lambda$doGetBean$0(AbstractBeanFactory.java:339)
	at org.springframework.beans.factory.support.DefaultSingletonBeanRegistry.getSingleton(DefaultSingletonBeanRegistry.java:346)
	at org.springframework.beans.factory.support.AbstractBeanFactory.doGetBean(AbstractBeanFactory.java:337)
	at org.springframework.beans.factory.support.AbstractBeanFactory.getBean(AbstractBeanFactory.java:202)
	at org.springframework.beans.factory.support.AbstractBeanFactory.doGetBean(AbstractBeanFactory.java:315)
	... 15 common frames omitted
Caused by: org.flywaydb.core.internal.exception.FlywayMigrateException: Script V2__create_log_table.sql failed
--------------------------------------
SQL State  : 42000
Error Code : 955
Message    : ORA-00955: name is already used by an existing object
Location   : db/migration/oracle/V2__create_log_table.sql (D:\JAVA\MFT learning\projects\Spring\ticketing_spring_sample\target\classes\db\migration\oracle\V2__create_log_table.sql)
Line       : 12
Statement  : Run Flyway with -X option to see the actual statement causing the problem

	at org.flywaydb.core.internal.command.DbMigrate.doMigrateGroup(DbMigrate.java:399)
	at org.flywaydb.core.internal.command.DbMigrate.lambda$applyMigrations$1(DbMigrate.java:283)
	at org.flywaydb.core.internal.jdbc.TransactionalExecutionTemplate.execute(TransactionalExecutionTemplate.java:59)
	at org.flywaydb.core.internal.command.DbMigrate.applyMigrations(DbMigrate.java:282)
	at org.flywaydb.core.internal.command.DbMigrate.migrateGroup(DbMigrate.java:255)
	at org.flywaydb.core.internal.command.DbMigrate.lambda$migrateAll$0(DbMigrate.java:153)
	at org.flywaydb.core.internal.jdbc.TableLockingExecutionTemplate$1.call(TableLockingExecutionTemplate.java:40)
	at org.flywaydb.core.internal.jdbc.TransactionalExecutionTemplate.execute(TransactionalExecutionTemplate.java:59)
	at org.flywaydb.core.internal.jdbc.TableLockingExecutionTemplate.execute(TableLockingExecutionTemplate.java:35)
	at org.flywaydb.core.internal.database.base.Connection.lock(Connection.java:106)
	at org.flywaydb.core.internal.schemahistory.JdbcTableSchemaHistory.lock(JdbcTableSchemaHistory.java:149)
	at org.flywaydb.core.internal.command.DbMigrate.migrateAll(DbMigrate.java:153)
	at org.flywaydb.core.internal.command.DbMigrate.migrate(DbMigrate.java:104)
	at org.flywaydb.core.Flyway.lambda$migrate$1(Flyway.java:230)
	at org.flywaydb.core.FlywayExecutor.execute(FlywayExecutor.java:213)
	at org.flywaydb.core.Flyway.migrate(Flyway.java:176)
	at org.springframework.boot.autoconfigure.flyway.FlywayMigrationInitializer.afterPropertiesSet(FlywayMigrationInitializer.java:66)
	at org.springframework.beans.factory.support.AbstractAutowireCapableBeanFactory.invokeInitMethods(AbstractAutowireCapableBeanFactory.java:1859)
	at org.springframework.beans.factory.support.AbstractAutowireCapableBeanFactory.initializeBean(AbstractAutowireCapableBeanFactory.java:1808)
	... 22 common frames omitted
Caused by: org.flywaydb.core.internal.sqlscript.FlywaySqlScriptException: Script V2__create_log_table.sql failed
--------------------------------------
SQL State  : 42000
Error Code : 955
Message    : ORA-00955: name is already used by an existing object
Location   : db/migration/oracle/V2__create_log_table.sql (D:\JAVA\MFT learning\projects\Spring\ticketing_spring_sample\target\classes\db\migration\oracle\V2__create_log_table.sql)
Line       : 12
Statement  : Run Flyway with -X option to see the actual statement causing the problem

	at org.flywaydb.core.internal.sqlscript.DefaultSqlScriptExecutor.handleException(DefaultSqlScriptExecutor.java:256)
	at org.flywaydb.core.internal.sqlscript.DefaultSqlScriptExecutor.executeStatement(DefaultSqlScriptExecutor.java:217)
	at org.flywaydb.core.internal.sqlscript.DefaultSqlScriptExecutor.execute(DefaultSqlScriptExecutor.java:137)
	at org.flywaydb.core.internal.resolver.sql.SqlMigrationExecutor.executeOnce(SqlMigrationExecutor.java:75)
	at org.flywaydb.core.internal.resolver.sql.SqlMigrationExecutor.lambda$execute$0(SqlMigrationExecutor.java:66)
	at org.flywaydb.core.internal.database.DefaultExecutionStrategy.execute(DefaultExecutionStrategy.java:31)
	at org.flywaydb.core.internal.resolver.sql.SqlMigrationExecutor.execute(SqlMigrationExecutor.java:65)
	at org.flywaydb.core.internal.command.DbMigrate.doMigrateGroup(DbMigrate.java:391)
	... 40 common frames omitted
Caused by: java.sql.SQLSyntaxErrorException: ORA-00955: name is already used by an existing object

	at oracle.jdbc.driver.T4CTTIoer11.processError(T4CTTIoer11.java:629)
	at oracle.jdbc.driver.T4CTTIoer11.processError(T4CTTIoer11.java:563)
	at oracle.jdbc.driver.T4C8Oall.processError(T4C8Oall.java:1230)
	at oracle.jdbc.driver.T4CTTIfun.receive(T4CTTIfun.java:771)
	at oracle.jdbc.driver.T4CTTIfun.doRPC(T4CTTIfun.java:298)
	at oracle.jdbc.driver.T4C8Oall.doOALL(T4C8Oall.java:511)
	at oracle.jdbc.driver.T4CStatement.doOall8(T4CStatement.java:122)
	at oracle.jdbc.driver.T4CStatement.executeForRows(T4CStatement.java:1199)
	at oracle.jdbc.driver.OracleStatement.executeSQLStatement(OracleStatement.java:1819)
	at oracle.jdbc.driver.OracleStatement.doExecuteWithTimeout(OracleStatement.java:1471)
	at oracle.jdbc.driver.OracleStatement.executeInternal(OracleStatement.java:2504)
	at oracle.jdbc.driver.OracleStatement.execute(OracleStatement.java:2459)
	at oracle.jdbc.driver.OracleStatementWrapper.execute(OracleStatementWrapper.java:327)
	at com.zaxxer.hikari.pool.ProxyStatement.execute(ProxyStatement.java:94)
	at com.zaxxer.hikari.pool.HikariProxyStatement.execute(HikariProxyStatement.java)
	at org.flywaydb.core.internal.jdbc.JdbcTemplate.executeStatement(JdbcTemplate.java:210)
	at org.flywaydb.core.internal.sqlscript.ParsedSqlStatement.execute(ParsedSqlStatement.java:88)
	at org.flywaydb.core.internal.sqlscript.DefaultSqlScriptExecutor.executeStatement(DefaultSqlScriptExecutor.java:212)
	... 46 common frames omitted
Caused by: oracle.jdbc.OracleDatabaseException: ORA-00955: name is already used by an existing object

	at oracle.jdbc.driver.T4CTTIoer11.processError(T4CTTIoer11.java:636)
	... 63 common frames omitted
12:12:13.738 [background-preinit] INFO  o.h.validator.internal.util.Version - HV000001: Hibernate Validator 8.0.2.Final
12:12:13.774 [restartedMain] INFO  ir.TicketingSpringSample - Starting TicketingSpringSample using Java 17.0.12 with PID 2380 (D:\JAVA\MFT learning\projects\Spring\ticketing_spring_sample\target\classes started by arbab in D:\JAVA\MFT learning\projects\Spring\ticketing_spring_sample)
12:12:13.774 [restartedMain] INFO  ir.TicketingSpringSample - The following 1 profile is active: "dev"
12:12:13.818 [restartedMain] INFO  o.s.b.d.restart.ChangeableUrls - The Class-Path manifest attribute in C:\Users\arbab\.m2\repository\com\oracle\database\jdbc\ojdbc11\21.9.0.0\ojdbc11-21.9.0.0.jar referenced one or more files that do not exist: file:/C:/Users/arbab/.m2/repository/com/oracle/database/jdbc/ojdbc11/21.9.0.0/oraclepki.jar
12:12:13.819 [restartedMain] INFO  o.s.b.d.e.DevToolsPropertyDefaultsPostProcessor - Devtools property defaults active! Set 'spring.devtools.add-properties' to 'false' to disable
12:12:13.819 [restartedMain] INFO  o.s.b.d.e.DevToolsPropertyDefaultsPostProcessor - For additional web related logging consider setting the 'logging.level.web' property to 'DEBUG'
12:12:14.494 [restartedMain] INFO  o.s.b.f.s.DefaultListableBeanFactory - Overriding bean definition for bean 'localeResolver' with a different definition: replacing [Root bean: class=null; scope=; abstract=false; lazyInit=null; autowireMode=3; dependencyCheck=0; autowireCandidate=true; primary=false; fallback=false; factoryBeanName=org.springframework.web.servlet.config.annotation.DelegatingWebMvcConfiguration; factoryMethodName=localeResolver; initMethodNames=null; destroyMethodNames=[(inferred)]; defined in class path resource [org/springframework/web/servlet/config/annotation/DelegatingWebMvcConfiguration.class]] with [Root bean: class=null; scope=; abstract=false; lazyInit=null; autowireMode=3; dependencyCheck=0; autowireCandidate=true; primary=false; fallback=false; factoryBeanName=webConfig; factoryMethodName=localeResolver; initMethodNames=null; destroyMethodNames=[(inferred)]; defined in class path resource [ir/config/WebConfig.class]]
12:12:14.499 [restartedMain] INFO  o.s.d.r.c.RepositoryConfigurationDelegate - Multiple Spring Data modules found, entering strict repository configuration mode
12:12:14.500 [restartedMain] INFO  o.s.d.r.c.RepositoryConfigurationDelegate - Bootstrapping Spring Data JPA repositories in DEFAULT mode.
12:12:14.614 [restartedMain] INFO  o.s.d.r.c.RepositoryConfigurationExtensionSupport - Spring Data JPA - Could not safely identify store assignment for repository candidate interface ir.repository.ImageRepository; If you want this repository to be a JPA repository, consider annotating your entities with one of these annotations: jakarta.persistence.Entity, jakarta.persistence.MappedSuperclass (preferred), or consider extending one of the following types with your repository: org.springframework.data.jpa.repository.JpaRepository
12:12:14.674 [restartedMain] INFO  o.s.d.r.c.RepositoryConfigurationDelegate - Finished Spring Data repository scanning in 168 ms. Found 12 JPA repository interfaces.
12:12:15.060 [restartedMain] INFO  o.s.d.r.c.RepositoryConfigurationDelegate - Multiple Spring Data modules found, entering strict repository configuration mode
12:12:15.060 [restartedMain] INFO  o.s.d.r.c.RepositoryConfigurationDelegate - Bootstrapping Spring Data MongoDB repositories in DEFAULT mode.
12:12:15.074 [restartedMain] INFO  o.s.d.r.c.RepositoryConfigurationExtensionSupport - Spring Data MongoDB - Could not safely identify store assignment for repository candidate interface ir.repository.AttachmentRepository; If you want this repository to be a MongoDB repository, consider annotating your entities with one of these annotations: org.springframework.data.mongodb.core.mapping.Document (preferred), or consider extending one of the following types with your repository: org.springframework.data.mongodb.repository.MongoRepository
12:12:15.074 [restartedMain] INFO  o.s.d.r.c.RepositoryConfigurationExtensionSupport - Spring Data MongoDB - Could not safely identify store assignment for repository candidate interface ir.repository.BuildingRepository; If you want this repository to be a MongoDB repository, consider annotating your entities with one of these annotations: org.springframework.data.mongodb.core.mapping.Document (preferred), or consider extending one of the following types with your repository: org.springframework.data.mongodb.repository.MongoRepository
12:12:15.077 [restartedMain] INFO  o.s.d.r.c.RepositoryConfigurationExtensionSupport - Spring Data MongoDB - Could not safely identify store assignment for repository candidate interface ir.repository.LowScoreTicketReportRepository; If you want this repository to be a MongoDB repository, consider annotating your entities with one of these annotations: org.springframework.data.mongodb.core.mapping.Document (preferred), or consider extending one of the following types with your repository: org.springframework.data.mongodb.repository.MongoRepository
12:12:15.077 [restartedMain] INFO  o.s.d.r.c.RepositoryConfigurationExtensionSupport - Spring Data MongoDB - Could not safely identify store assignment for repository candidate interface ir.repository.MessageRepository; If you want this repository to be a MongoDB repository, consider annotating your entities with one of these annotations: org.springframework.data.mongodb.core.mapping.Document (preferred), or consider extending one of the following types with your repository: org.springframework.data.mongodb.repository.MongoRepository
12:12:15.077 [restartedMain] INFO  o.s.d.r.c.RepositoryConfigurationExtensionSupport - Spring Data MongoDB - Could not safely identify store assignment for repository candidate interface ir.repository.NotificationRepository; If you want this repository to be a MongoDB repository, consider annotating your entities with one of these annotations: org.springframework.data.mongodb.core.mapping.Document (preferred), or consider extending one of the following types with your repository: org.springframework.data.mongodb.repository.MongoRepository
12:12:15.077 [restartedMain] INFO  o.s.d.r.c.RepositoryConfigurationExtensionSupport - Spring Data MongoDB - Could not safely identify store assignment for repository candidate interface ir.repository.OutboxRepository; If you want this repository to be a MongoDB repository, consider annotating your entities with one of these annotations: org.springframework.data.mongodb.core.mapping.Document (preferred), or consider extending one of the following types with your repository: org.springframework.data.mongodb.repository.MongoRepository
12:12:15.077 [restartedMain] INFO  o.s.d.r.c.RepositoryConfigurationExtensionSupport - Spring Data MongoDB - Could not safely identify store assignment for repository candidate interface ir.repository.PermissionRepository; If you want this repository to be a MongoDB repository, consider annotating your entities with one of these annotations: org.springframework.data.mongodb.core.mapping.Document (preferred), or consider extending one of the following types with your repository: org.springframework.data.mongodb.repository.MongoRepository
12:12:15.077 [restartedMain] INFO  o.s.d.r.c.RepositoryConfigurationExtensionSupport - Spring Data MongoDB - Could not safely identify store assignment for repository candidate interface ir.repository.ProfileRepository; If you want this repository to be a MongoDB repository, consider annotating your entities with one of these annotations: org.springframework.data.mongodb.core.mapping.Document (preferred), or consider extending one of the following types with your repository: org.springframework.data.mongodb.repository.MongoRepository
12:12:15.077 [restartedMain] INFO  o.s.d.r.c.RepositoryConfigurationExtensionSupport - Spring Data MongoDB - Could not safely identify store assignment for repository candidate interface ir.repository.RoleRepository; If you want this repository to be a MongoDB repository, consider annotating your entities with one of these annotations: org.springframework.data.mongodb.core.mapping.Document (preferred), or consider extending one of the following types with your repository: org.springframework.data.mongodb.repository.MongoRepository
12:12:15.078 [restartedMain] INFO  o.s.d.r.c.RepositoryConfigurationExtensionSupport - Spring Data MongoDB - Could not safely identify store assignment for repository candidate interface ir.repository.SectionRepository; If you want this repository to be a MongoDB repository, consider annotating your entities with one of these annotations: org.springframework.data.mongodb.core.mapping.Document (preferred), or consider extending one of the following types with your repository: org.springframework.data.mongodb.repository.MongoRepository
12:12:15.078 [restartedMain] INFO  o.s.d.r.c.RepositoryConfigurationExtensionSupport - Spring Data MongoDB - Could not safely identify store assignment for repository candidate interface ir.repository.TicketRepository; If you want this repository to be a MongoDB repository, consider annotating your entities with one of these annotations: org.springframework.data.mongodb.core.mapping.Document (preferred), or consider extending one of the following types with your repository: org.springframework.data.mongodb.repository.MongoRepository
12:12:15.078 [restartedMain] INFO  o.s.d.r.c.RepositoryConfigurationExtensionSupport - Spring Data MongoDB - Could not safely identify store assignment for repository candidate interface ir.repository.UserRepository; If you want this repository to be a MongoDB repository, consider annotating your entities with one of these annotations: org.springframework.data.mongodb.core.mapping.Document (preferred), or consider extending one of the following types with your repository: org.springframework.data.mongodb.repository.MongoRepository
12:12:15.084 [restartedMain] INFO  o.s.d.r.c.RepositoryConfigurationDelegate - Finished Spring Data repository scanning in 22 ms. Found 1 MongoDB repository interface.
12:12:15.092 [restartedMain] INFO  o.s.d.r.c.RepositoryConfigurationDelegate - Multiple Spring Data modules found, entering strict repository configuration mode
12:12:15.093 [restartedMain] INFO  o.s.d.r.c.RepositoryConfigurationDelegate - Bootstrapping Spring Data Redis repositories in DEFAULT mode.
12:12:15.105 [restartedMain] INFO  o.s.d.r.c.RepositoryConfigurationExtensionSupport - Spring Data Redis - Could not safely identify store assignment for repository candidate interface ir.repository.AttachmentRepository; If you want this repository to be a Redis repository, consider annotating your entities with one of these annotations: org.springframework.data.redis.core.RedisHash (preferred), or consider extending one of the following types with your repository: org.springframework.data.keyvalue.repository.KeyValueRepository
12:12:15.105 [restartedMain] INFO  o.s.d.r.c.RepositoryConfigurationExtensionSupport - Spring Data Redis - Could not safely identify store assignment for repository candidate interface ir.repository.BuildingRepository; If you want this repository to be a Redis repository, consider annotating your entities with one of these annotations: org.springframework.data.redis.core.RedisHash (preferred), or consider extending one of the following types with your repository: org.springframework.data.keyvalue.repository.KeyValueRepository
12:12:15.105 [restartedMain] INFO  o.s.d.r.c.RepositoryConfigurationExtensionSupport - Spring Data Redis - Could not safely identify store assignment for repository candidate interface ir.repository.ImageRepository; If you want this repository to be a Redis repository, consider annotating your entities with one of these annotations: org.springframework.data.redis.core.RedisHash (preferred), or consider extending one of the following types with your repository: org.springframework.data.keyvalue.repository.KeyValueRepository
12:12:15.105 [restartedMain] INFO  o.s.d.r.c.RepositoryConfigurationExtensionSupport - Spring Data Redis - Could not safely identify store assignment for repository candidate interface ir.repository.LowScoreTicketReportRepository; If you want this repository to be a Redis repository, consider annotating your entities with one of these annotations: org.springframework.data.redis.core.RedisHash (preferred), or consider extending one of the following types with your repository: org.springframework.data.keyvalue.repository.KeyValueRepository
12:12:15.105 [restartedMain] INFO  o.s.d.r.c.RepositoryConfigurationExtensionSupport - Spring Data Redis - Could not safely identify store assignment for repository candidate interface ir.repository.MessageRepository; If you want this repository to be a Redis repository, consider annotating your entities with one of these annotations: org.springframework.data.redis.core.RedisHash (preferred), or consider extending one of the following types with your repository: org.springframework.data.keyvalue.repository.KeyValueRepository
12:12:15.105 [restartedMain] INFO  o.s.d.r.c.RepositoryConfigurationExtensionSupport - Spring Data Redis - Could not safely identify store assignment for repository candidate interface ir.repository.NotificationRepository; If you want this repository to be a Redis repository, consider annotating your entities with one of these annotations: org.springframework.data.redis.core.RedisHash (preferred), or consider extending one of the following types with your repository: org.springframework.data.keyvalue.repository.KeyValueRepository
12:12:15.106 [restartedMain] INFO  o.s.d.r.c.RepositoryConfigurationExtensionSupport - Spring Data Redis - Could not safely identify store assignment for repository candidate interface ir.repository.OutboxRepository; If you want this repository to be a Redis repository, consider annotating your entities with one of these annotations: org.springframework.data.redis.core.RedisHash (preferred), or consider extending one of the following types with your repository: org.springframework.data.keyvalue.repository.KeyValueRepository
12:12:15.106 [restartedMain] INFO  o.s.d.r.c.RepositoryConfigurationExtensionSupport - Spring Data Redis - Could not safely identify store assignment for repository candidate interface ir.repository.PermissionRepository; If you want this repository to be a Redis repository, consider annotating your entities with one of these annotations: org.springframework.data.redis.core.RedisHash (preferred), or consider extending one of the following types with your repository: org.springframework.data.keyvalue.repository.KeyValueRepository
12:12:15.106 [restartedMain] INFO  o.s.d.r.c.RepositoryConfigurationExtensionSupport - Spring Data Redis - Could not safely identify store assignment for repository candidate interface ir.repository.ProfileRepository; If you want this repository to be a Redis repository, consider annotating your entities with one of these annotations: org.springframework.data.redis.core.RedisHash (preferred), or consider extending one of the following types with your repository: org.springframework.data.keyvalue.repository.KeyValueRepository
12:12:15.106 [restartedMain] INFO  o.s.d.r.c.RepositoryConfigurationExtensionSupport - Spring Data Redis - Could not safely identify store assignment for repository candidate interface ir.repository.RoleRepository; If you want this repository to be a Redis repository, consider annotating your entities with one of these annotations: org.springframework.data.redis.core.RedisHash (preferred), or consider extending one of the following types with your repository: org.springframework.data.keyvalue.repository.KeyValueRepository
12:12:15.106 [restartedMain] INFO  o.s.d.r.c.RepositoryConfigurationExtensionSupport - Spring Data Redis - Could not safely identify store assignment for repository candidate interface ir.repository.SectionRepository; If you want this repository to be a Redis repository, consider annotating your entities with one of these annotations: org.springframework.data.redis.core.RedisHash (preferred), or consider extending one of the following types with your repository: org.springframework.data.keyvalue.repository.KeyValueRepository
12:12:15.106 [restartedMain] INFO  o.s.d.r.c.RepositoryConfigurationExtensionSupport - Spring Data Redis - Could not safely identify store assignment for repository candidate interface ir.repository.TicketRepository; If you want this repository to be a Redis repository, consider annotating your entities with one of these annotations: org.springframework.data.redis.core.RedisHash (preferred), or consider extending one of the following types with your repository: org.springframework.data.keyvalue.repository.KeyValueRepository
12:12:15.106 [restartedMain] INFO  o.s.d.r.c.RepositoryConfigurationExtensionSupport - Spring Data Redis - Could not safely identify store assignment for repository candidate interface ir.repository.UserRepository; If you want this repository to be a Redis repository, consider annotating your entities with one of these annotations: org.springframework.data.redis.core.RedisHash (preferred), or consider extending one of the following types with your repository: org.springframework.data.keyvalue.repository.KeyValueRepository
12:12:15.106 [restartedMain] INFO  o.s.d.r.c.RepositoryConfigurationDelegate - Finished Spring Data repository scanning in 6 ms. Found 0 Redis repository interfaces.
12:12:15.343 [restartedMain] INFO  o.s.cloud.context.scope.GenericScope - BeanFactory id=42e78484-4cca-3390-b734-2aa1eb7372db
12:12:16.081 [restartedMain] INFO  o.s.b.w.e.tomcat.TomcatWebServer - Tomcat initialized with port 8443 (https)
12:12:16.089 [restartedMain] INFO  o.a.coyote.http11.Http11NioProtocol - Initializing ProtocolHandler ["https-jsse-nio-8443"]
12:12:16.092 [restartedMain] INFO  o.a.catalina.core.StandardService - Starting service [Tomcat]
12:12:16.092 [restartedMain] INFO  o.a.catalina.core.StandardEngine - Starting Servlet engine: [Apache Tomcat/10.1.36]
12:12:16.140 [restartedMain] INFO  o.a.c.c.C.[Tomcat].[localhost].[/] - Initializing Spring embedded WebApplicationContext
12:12:16.140 [restartedMain] INFO  o.s.b.w.s.c.ServletWebServerApplicationContext - Root WebApplicationContext: initialization completed in 2313 ms
12:12:16.590 [restartedMain] INFO  com.zaxxer.hikari.HikariDataSource - HikariPool-1 - Starting...
12:12:16.790 [restartedMain] INFO  com.zaxxer.hikari.pool.HikariPool - HikariPool-1 - Added connection oracle.jdbc.driver.T4CConnection@45ff394f
12:12:16.792 [restartedMain] INFO  com.zaxxer.hikari.HikariDataSource - HikariPool-1 - Start completed.
12:12:16.805 [restartedMain] INFO  org.flywaydb.core.FlywayExecutor - Database: jdbc:oracle:thin:@localhost:1521:xe (Oracle 21.0)
12:12:16.956 [restartedMain] WARN  o.s.b.w.s.c.AnnotationConfigServletWebServerApplicationContext - Exception encountered during context initialization - cancelling refresh attempt: org.springframework.beans.factory.BeanCreationException: Error creating bean with name 'entityManagerFactory' defined in class path resource [org/springframework/boot/autoconfigure/orm/jpa/HibernateJpaConfiguration.class]: Failed to initialize dependency 'flywayInitializer' of LoadTimeWeaverAware bean 'entityManagerFactory': Error creating bean with name 'flywayInitializer' defined in class path resource [org/springframework/boot/autoconfigure/flyway/FlywayAutoConfiguration$FlywayConfiguration.class]: Validate failed: Migrations have failed validation
Detected failed migration to version 2 (create log table).
Please remove any half-completed changes then run repair to fix the schema history.
Need more flexibility with validation rules? Learn more: https://rd.gt/3AbJUZE
12:12:16.956 [restartedMain] INFO  com.zaxxer.hikari.HikariDataSource - HikariPool-1 - Shutdown initiated...
12:12:16.987 [restartedMain] INFO  com.zaxxer.hikari.HikariDataSource - HikariPool-1 - Shutdown completed.
12:12:16.989 [restartedMain] INFO  o.a.catalina.core.StandardService - Stopping service [Tomcat]
12:12:17.006 [restartedMain] INFO  o.s.b.a.l.ConditionEvaluationReportLogger - 

Error starting ApplicationContext. To display the condition evaluation report re-run your application with 'debug' enabled.
12:12:17.022 [restartedMain] ERROR o.s.boot.SpringApplication - Application run failed
org.springframework.beans.factory.BeanCreationException: Error creating bean with name 'entityManagerFactory' defined in class path resource [org/springframework/boot/autoconfigure/orm/jpa/HibernateJpaConfiguration.class]: Failed to initialize dependency 'flywayInitializer' of LoadTimeWeaverAware bean 'entityManagerFactory': Error creating bean with name 'flywayInitializer' defined in class path resource [org/springframework/boot/autoconfigure/flyway/FlywayAutoConfiguration$FlywayConfiguration.class]: Validate failed: Migrations have failed validation
Detected failed migration to version 2 (create log table).
Please remove any half-completed changes then run repair to fix the schema history.
Need more flexibility with validation rules? Learn more: https://rd.gt/3AbJUZE
	at org.springframework.beans.factory.support.AbstractBeanFactory.doGetBean(AbstractBeanFactory.java:328)
	at org.springframework.beans.factory.support.AbstractBeanFactory.getBean(AbstractBeanFactory.java:207)
	at org.springframework.context.support.AbstractApplicationContext.finishBeanFactoryInitialization(AbstractApplicationContext.java:970)
	at org.springframework.context.support.AbstractApplicationContext.refresh(AbstractApplicationContext.java:627)
	at org.springframework.boot.web.servlet.context.ServletWebServerApplicationContext.refresh(ServletWebServerApplicationContext.java:146)
	at org.springframework.boot.SpringApplication.refresh(SpringApplication.java:752)
	at org.springframework.boot.SpringApplication.refreshContext(SpringApplication.java:439)
	at org.springframework.boot.SpringApplication.run(SpringApplication.java:318)
	at org.springframework.boot.SpringApplication.run(SpringApplication.java:1361)
	at org.springframework.boot.SpringApplication.run(SpringApplication.java:1350)
	at ir.TicketingSpringSample.main(TicketingSpringSample.java:43)
	at java.base/jdk.internal.reflect.NativeMethodAccessorImpl.invoke0(Native Method)
	at java.base/jdk.internal.reflect.NativeMethodAccessorImpl.invoke(NativeMethodAccessorImpl.java:77)
	at java.base/jdk.internal.reflect.DelegatingMethodAccessorImpl.invoke(DelegatingMethodAccessorImpl.java:43)
	at java.base/java.lang.reflect.Method.invoke(Method.java:568)
	at org.springframework.boot.devtools.restart.RestartLauncher.run(RestartLauncher.java:50)
Caused by: org.springframework.beans.factory.BeanCreationException: Error creating bean with name 'flywayInitializer' defined in class path resource [org/springframework/boot/autoconfigure/flyway/FlywayAutoConfiguration$FlywayConfiguration.class]: Validate failed: Migrations have failed validation
Detected failed migration to version 2 (create log table).
Please remove any half-completed changes then run repair to fix the schema history.
Need more flexibility with validation rules? Learn more: https://rd.gt/3AbJUZE
	at org.springframework.beans.factory.support.AbstractAutowireCapableBeanFactory.initializeBean(AbstractAutowireCapableBeanFactory.java:1812)
	at org.springframework.beans.factory.support.AbstractAutowireCapableBeanFactory.doCreateBean(AbstractAutowireCapableBeanFactory.java:601)
	at org.springframework.beans.factory.support.AbstractAutowireCapableBeanFactory.createBean(AbstractAutowireCapableBeanFactory.java:523)
	at org.springframework.beans.factory.support.AbstractBeanFactory.lambda$doGetBean$0(AbstractBeanFactory.java:339)
	at org.springframework.beans.factory.support.DefaultSingletonBeanRegistry.getSingleton(DefaultSingletonBeanRegistry.java:346)
	at org.springframework.beans.factory.support.AbstractBeanFactory.doGetBean(AbstractBeanFactory.java:337)
	at org.springframework.beans.factory.support.AbstractBeanFactory.getBean(AbstractBeanFactory.java:202)
	at org.springframework.beans.factory.support.AbstractBeanFactory.doGetBean(AbstractBeanFactory.java:315)
	... 15 common frames omitted
Caused by: org.flywaydb.core.api.exception.FlywayValidateException: Validate failed: Migrations have failed validation
Detected failed migration to version 2 (create log table).
Please remove any half-completed changes then run repair to fix the schema history.
Need more flexibility with validation rules? Learn more: https://rd.gt/3AbJUZE
	at org.flywaydb.core.Flyway.lambda$migrate$1(Flyway.java:189)
	at org.flywaydb.core.FlywayExecutor.execute(FlywayExecutor.java:213)
	at org.flywaydb.core.Flyway.migrate(Flyway.java:176)
	at org.springframework.boot.autoconfigure.flyway.FlywayMigrationInitializer.afterPropertiesSet(FlywayMigrationInitializer.java:66)
	at org.springframework.beans.factory.support.AbstractAutowireCapableBeanFactory.invokeInitMethods(AbstractAutowireCapableBeanFactory.java:1859)
	at org.springframework.beans.factory.support.AbstractAutowireCapableBeanFactory.initializeBean(AbstractAutowireCapableBeanFactory.java:1808)
	... 22 common frames omitted
12:13:24.755 [background-preinit] INFO  o.h.validator.internal.util.Version - HV000001: Hibernate Validator 8.0.2.Final
12:13:24.792 [restartedMain] INFO  ir.TicketingSpringSample - Starting TicketingSpringSample using Java 17.0.12 with PID 18332 (D:\JAVA\MFT learning\projects\Spring\ticketing_spring_sample\target\classes started by arbab in D:\JAVA\MFT learning\projects\Spring\ticketing_spring_sample)
12:13:24.792 [restartedMain] INFO  ir.TicketingSpringSample - The following 1 profile is active: "dev"
12:13:24.849 [restartedMain] INFO  o.s.b.d.restart.ChangeableUrls - The Class-Path manifest attribute in C:\Users\arbab\.m2\repository\com\oracle\database\jdbc\ojdbc11\21.9.0.0\ojdbc11-21.9.0.0.jar referenced one or more files that do not exist: file:/C:/Users/arbab/.m2/repository/com/oracle/database/jdbc/ojdbc11/21.9.0.0/oraclepki.jar
12:13:24.849 [restartedMain] INFO  o.s.b.d.e.DevToolsPropertyDefaultsPostProcessor - Devtools property defaults active! Set 'spring.devtools.add-properties' to 'false' to disable
12:13:24.849 [restartedMain] INFO  o.s.b.d.e.DevToolsPropertyDefaultsPostProcessor - For additional web related logging consider setting the 'logging.level.web' property to 'DEBUG'
12:13:25.538 [restartedMain] INFO  o.s.b.f.s.DefaultListableBeanFactory - Overriding bean definition for bean 'localeResolver' with a different definition: replacing [Root bean: class=null; scope=; abstract=false; lazyInit=null; autowireMode=3; dependencyCheck=0; autowireCandidate=true; primary=false; fallback=false; factoryBeanName=org.springframework.web.servlet.config.annotation.DelegatingWebMvcConfiguration; factoryMethodName=localeResolver; initMethodNames=null; destroyMethodNames=[(inferred)]; defined in class path resource [org/springframework/web/servlet/config/annotation/DelegatingWebMvcConfiguration.class]] with [Root bean: class=null; scope=; abstract=false; lazyInit=null; autowireMode=3; dependencyCheck=0; autowireCandidate=true; primary=false; fallback=false; factoryBeanName=webConfig; factoryMethodName=localeResolver; initMethodNames=null; destroyMethodNames=[(inferred)]; defined in class path resource [ir/config/WebConfig.class]]
12:13:25.543 [restartedMain] INFO  o.s.d.r.c.RepositoryConfigurationDelegate - Multiple Spring Data modules found, entering strict repository configuration mode
12:13:25.544 [restartedMain] INFO  o.s.d.r.c.RepositoryConfigurationDelegate - Bootstrapping Spring Data JPA repositories in DEFAULT mode.
12:13:25.654 [restartedMain] INFO  o.s.d.r.c.RepositoryConfigurationExtensionSupport - Spring Data JPA - Could not safely identify store assignment for repository candidate interface ir.repository.ImageRepository; If you want this repository to be a JPA repository, consider annotating your entities with one of these annotations: jakarta.persistence.Entity, jakarta.persistence.MappedSuperclass (preferred), or consider extending one of the following types with your repository: org.springframework.data.jpa.repository.JpaRepository
12:13:25.709 [restartedMain] INFO  o.s.d.r.c.RepositoryConfigurationDelegate - Finished Spring Data repository scanning in 158 ms. Found 12 JPA repository interfaces.
12:13:26.067 [restartedMain] INFO  o.s.d.r.c.RepositoryConfigurationDelegate - Multiple Spring Data modules found, entering strict repository configuration mode
12:13:26.067 [restartedMain] INFO  o.s.d.r.c.RepositoryConfigurationDelegate - Bootstrapping Spring Data MongoDB repositories in DEFAULT mode.
12:13:26.080 [restartedMain] INFO  o.s.d.r.c.RepositoryConfigurationExtensionSupport - Spring Data MongoDB - Could not safely identify store assignment for repository candidate interface ir.repository.AttachmentRepository; If you want this repository to be a MongoDB repository, consider annotating your entities with one of these annotations: org.springframework.data.mongodb.core.mapping.Document (preferred), or consider extending one of the following types with your repository: org.springframework.data.mongodb.repository.MongoRepository
12:13:26.081 [restartedMain] INFO  o.s.d.r.c.RepositoryConfigurationExtensionSupport - Spring Data MongoDB - Could not safely identify store assignment for repository candidate interface ir.repository.BuildingRepository; If you want this repository to be a MongoDB repository, consider annotating your entities with one of these annotations: org.springframework.data.mongodb.core.mapping.Document (preferred), or consider extending one of the following types with your repository: org.springframework.data.mongodb.repository.MongoRepository
12:13:26.081 [restartedMain] INFO  o.s.d.r.c.RepositoryConfigurationExtensionSupport - Spring Data MongoDB - Could not safely identify store assignment for repository candidate interface ir.repository.LowScoreTicketReportRepository; If you want this repository to be a MongoDB repository, consider annotating your entities with one of these annotations: org.springframework.data.mongodb.core.mapping.Document (preferred), or consider extending one of the following types with your repository: org.springframework.data.mongodb.repository.MongoRepository
12:13:26.081 [restartedMain] INFO  o.s.d.r.c.RepositoryConfigurationExtensionSupport - Spring Data MongoDB - Could not safely identify store assignment for repository candidate interface ir.repository.MessageRepository; If you want this repository to be a MongoDB repository, consider annotating your entities with one of these annotations: org.springframework.data.mongodb.core.mapping.Document (preferred), or consider extending one of the following types with your repository: org.springframework.data.mongodb.repository.MongoRepository
12:13:26.081 [restartedMain] INFO  o.s.d.r.c.RepositoryConfigurationExtensionSupport - Spring Data MongoDB - Could not safely identify store assignment for repository candidate interface ir.repository.NotificationRepository; If you want this repository to be a MongoDB repository, consider annotating your entities with one of these annotations: org.springframework.data.mongodb.core.mapping.Document (preferred), or consider extending one of the following types with your repository: org.springframework.data.mongodb.repository.MongoRepository
12:13:26.082 [restartedMain] INFO  o.s.d.r.c.RepositoryConfigurationExtensionSupport - Spring Data MongoDB - Could not safely identify store assignment for repository candidate interface ir.repository.OutboxRepository; If you want this repository to be a MongoDB repository, consider annotating your entities with one of these annotations: org.springframework.data.mongodb.core.mapping.Document (preferred), or consider extending one of the following types with your repository: org.springframework.data.mongodb.repository.MongoRepository
12:13:26.082 [restartedMain] INFO  o.s.d.r.c.RepositoryConfigurationExtensionSupport - Spring Data MongoDB - Could not safely identify store assignment for repository candidate interface ir.repository.PermissionRepository; If you want this repository to be a MongoDB repository, consider annotating your entities with one of these annotations: org.springframework.data.mongodb.core.mapping.Document (preferred), or consider extending one of the following types with your repository: org.springframework.data.mongodb.repository.MongoRepository
12:13:26.082 [restartedMain] INFO  o.s.d.r.c.RepositoryConfigurationExtensionSupport - Spring Data MongoDB - Could not safely identify store assignment for repository candidate interface ir.repository.ProfileRepository; If you want this repository to be a MongoDB repository, consider annotating your entities with one of these annotations: org.springframework.data.mongodb.core.mapping.Document (preferred), or consider extending one of the following types with your repository: org.springframework.data.mongodb.repository.MongoRepository
12:13:26.082 [restartedMain] INFO  o.s.d.r.c.RepositoryConfigurationExtensionSupport - Spring Data MongoDB - Could not safely identify store assignment for repository candidate interface ir.repository.RoleRepository; If you want this repository to be a MongoDB repository, consider annotating your entities with one of these annotations: org.springframework.data.mongodb.core.mapping.Document (preferred), or consider extending one of the following types with your repository: org.springframework.data.mongodb.repository.MongoRepository
12:13:26.082 [restartedMain] INFO  o.s.d.r.c.RepositoryConfigurationExtensionSupport - Spring Data MongoDB - Could not safely identify store assignment for repository candidate interface ir.repository.SectionRepository; If you want this repository to be a MongoDB repository, consider annotating your entities with one of these annotations: org.springframework.data.mongodb.core.mapping.Document (preferred), or consider extending one of the following types with your repository: org.springframework.data.mongodb.repository.MongoRepository
12:13:26.082 [restartedMain] INFO  o.s.d.r.c.RepositoryConfigurationExtensionSupport - Spring Data MongoDB - Could not safely identify store assignment for repository candidate interface ir.repository.TicketRepository; If you want this repository to be a MongoDB repository, consider annotating your entities with one of these annotations: org.springframework.data.mongodb.core.mapping.Document (preferred), or consider extending one of the following types with your repository: org.springframework.data.mongodb.repository.MongoRepository
12:13:26.083 [restartedMain] INFO  o.s.d.r.c.RepositoryConfigurationExtensionSupport - Spring Data MongoDB - Could not safely identify store assignment for repository candidate interface ir.repository.UserRepository; If you want this repository to be a MongoDB repository, consider annotating your entities with one of these annotations: org.springframework.data.mongodb.core.mapping.Document (preferred), or consider extending one of the following types with your repository: org.springframework.data.mongodb.repository.MongoRepository
12:13:26.088 [restartedMain] INFO  o.s.d.r.c.RepositoryConfigurationDelegate - Finished Spring Data repository scanning in 19 ms. Found 1 MongoDB repository interface.
12:13:26.097 [restartedMain] INFO  o.s.d.r.c.RepositoryConfigurationDelegate - Multiple Spring Data modules found, entering strict repository configuration mode
12:13:26.098 [restartedMain] INFO  o.s.d.r.c.RepositoryConfigurationDelegate - Bootstrapping Spring Data Redis repositories in DEFAULT mode.
12:13:26.110 [restartedMain] INFO  o.s.d.r.c.RepositoryConfigurationExtensionSupport - Spring Data Redis - Could not safely identify store assignment for repository candidate interface ir.repository.AttachmentRepository; If you want this repository to be a Redis repository, consider annotating your entities with one of these annotations: org.springframework.data.redis.core.RedisHash (preferred), or consider extending one of the following types with your repository: org.springframework.data.keyvalue.repository.KeyValueRepository
12:13:26.110 [restartedMain] INFO  o.s.d.r.c.RepositoryConfigurationExtensionSupport - Spring Data Redis - Could not safely identify store assignment for repository candidate interface ir.repository.BuildingRepository; If you want this repository to be a Redis repository, consider annotating your entities with one of these annotations: org.springframework.data.redis.core.RedisHash (preferred), or consider extending one of the following types with your repository: org.springframework.data.keyvalue.repository.KeyValueRepository
12:13:26.111 [restartedMain] INFO  o.s.d.r.c.RepositoryConfigurationExtensionSupport - Spring Data Redis - Could not safely identify store assignment for repository candidate interface ir.repository.ImageRepository; If you want this repository to be a Redis repository, consider annotating your entities with one of these annotations: org.springframework.data.redis.core.RedisHash (preferred), or consider extending one of the following types with your repository: org.springframework.data.keyvalue.repository.KeyValueRepository
12:13:26.111 [restartedMain] INFO  o.s.d.r.c.RepositoryConfigurationExtensionSupport - Spring Data Redis - Could not safely identify store assignment for repository candidate interface ir.repository.LowScoreTicketReportRepository; If you want this repository to be a Redis repository, consider annotating your entities with one of these annotations: org.springframework.data.redis.core.RedisHash (preferred), or consider extending one of the following types with your repository: org.springframework.data.keyvalue.repository.KeyValueRepository
12:13:26.111 [restartedMain] INFO  o.s.d.r.c.RepositoryConfigurationExtensionSupport - Spring Data Redis - Could not safely identify store assignment for repository candidate interface ir.repository.MessageRepository; If you want this repository to be a Redis repository, consider annotating your entities with one of these annotations: org.springframework.data.redis.core.RedisHash (preferred), or consider extending one of the following types with your repository: org.springframework.data.keyvalue.repository.KeyValueRepository
12:13:26.111 [restartedMain] INFO  o.s.d.r.c.RepositoryConfigurationExtensionSupport - Spring Data Redis - Could not safely identify store assignment for repository candidate interface ir.repository.NotificationRepository; If you want this repository to be a Redis repository, consider annotating your entities with one of these annotations: org.springframework.data.redis.core.RedisHash (preferred), or consider extending one of the following types with your repository: org.springframework.data.keyvalue.repository.KeyValueRepository
12:13:26.111 [restartedMain] INFO  o.s.d.r.c.RepositoryConfigurationExtensionSupport - Spring Data Redis - Could not safely identify store assignment for repository candidate interface ir.repository.OutboxRepository; If you want this repository to be a Redis repository, consider annotating your entities with one of these annotations: org.springframework.data.redis.core.RedisHash (preferred), or consider extending one of the following types with your repository: org.springframework.data.keyvalue.repository.KeyValueRepository
12:13:26.111 [restartedMain] INFO  o.s.d.r.c.RepositoryConfigurationExtensionSupport - Spring Data Redis - Could not safely identify store assignment for repository candidate interface ir.repository.PermissionRepository; If you want this repository to be a Redis repository, consider annotating your entities with one of these annotations: org.springframework.data.redis.core.RedisHash (preferred), or consider extending one of the following types with your repository: org.springframework.data.keyvalue.repository.KeyValueRepository
12:13:26.111 [restartedMain] INFO  o.s.d.r.c.RepositoryConfigurationExtensionSupport - Spring Data Redis - Could not safely identify store assignment for repository candidate interface ir.repository.ProfileRepository; If you want this repository to be a Redis repository, consider annotating your entities with one of these annotations: org.springframework.data.redis.core.RedisHash (preferred), or consider extending one of the following types with your repository: org.springframework.data.keyvalue.repository.KeyValueRepository
12:13:26.112 [restartedMain] INFO  o.s.d.r.c.RepositoryConfigurationExtensionSupport - Spring Data Redis - Could not safely identify store assignment for repository candidate interface ir.repository.RoleRepository; If you want this repository to be a Redis repository, consider annotating your entities with one of these annotations: org.springframework.data.redis.core.RedisHash (preferred), or consider extending one of the following types with your repository: org.springframework.data.keyvalue.repository.KeyValueRepository
12:13:26.112 [restartedMain] INFO  o.s.d.r.c.RepositoryConfigurationExtensionSupport - Spring Data Redis - Could not safely identify store assignment for repository candidate interface ir.repository.SectionRepository; If you want this repository to be a Redis repository, consider annotating your entities with one of these annotations: org.springframework.data.redis.core.RedisHash (preferred), or consider extending one of the following types with your repository: org.springframework.data.keyvalue.repository.KeyValueRepository
12:13:26.112 [restartedMain] INFO  o.s.d.r.c.RepositoryConfigurationExtensionSupport - Spring Data Redis - Could not safely identify store assignment for repository candidate interface ir.repository.TicketRepository; If you want this repository to be a Redis repository, consider annotating your entities with one of these annotations: org.springframework.data.redis.core.RedisHash (preferred), or consider extending one of the following types with your repository: org.springframework.data.keyvalue.repository.KeyValueRepository
12:13:26.112 [restartedMain] INFO  o.s.d.r.c.RepositoryConfigurationExtensionSupport - Spring Data Redis - Could not safely identify store assignment for repository candidate interface ir.repository.UserRepository; If you want this repository to be a Redis repository, consider annotating your entities with one of these annotations: org.springframework.data.redis.core.RedisHash (preferred), or consider extending one of the following types with your repository: org.springframework.data.keyvalue.repository.KeyValueRepository
12:13:26.112 [restartedMain] INFO  o.s.d.r.c.RepositoryConfigurationDelegate - Finished Spring Data repository scanning in 7 ms. Found 0 Redis repository interfaces.
12:13:26.341 [restartedMain] INFO  o.s.cloud.context.scope.GenericScope - BeanFactory id=42e78484-4cca-3390-b734-2aa1eb7372db
12:13:27.039 [restartedMain] INFO  o.s.b.w.e.tomcat.TomcatWebServer - Tomcat initialized with port 8443 (https)
12:13:27.046 [restartedMain] INFO  o.a.coyote.http11.Http11NioProtocol - Initializing ProtocolHandler ["https-jsse-nio-8443"]
12:13:27.049 [restartedMain] INFO  o.a.catalina.core.StandardService - Starting service [Tomcat]
12:13:27.049 [restartedMain] INFO  o.a.catalina.core.StandardEngine - Starting Servlet engine: [Apache Tomcat/10.1.36]
12:13:27.098 [restartedMain] INFO  o.a.c.c.C.[Tomcat].[localhost].[/] - Initializing Spring embedded WebApplicationContext
12:13:27.098 [restartedMain] INFO  o.s.b.w.s.c.ServletWebServerApplicationContext - Root WebApplicationContext: initialization completed in 2236 ms
12:13:27.551 [restartedMain] INFO  com.zaxxer.hikari.HikariDataSource - HikariPool-1 - Starting...
12:13:27.741 [restartedMain] INFO  com.zaxxer.hikari.pool.HikariPool - HikariPool-1 - Added connection oracle.jdbc.driver.T4CConnection@64f4b243
12:13:27.743 [restartedMain] INFO  com.zaxxer.hikari.HikariDataSource - HikariPool-1 - Start completed.
12:13:27.755 [restartedMain] INFO  org.flywaydb.core.FlywayExecutor - Database: jdbc:oracle:thin:@localhost:1521:xe (Oracle 21.0)
12:13:27.885 [restartedMain] INFO  o.f.c.i.s.JdbcTableSchemaHistory - Schema history table "TICKETING_SPRING"."flyway_schema_history" does not exist yet
12:13:27.887 [restartedMain] INFO  o.f.core.internal.command.DbValidate - Successfully validated 2 migrations (execution time 00:00.016s)
12:13:27.919 [restartedMain] INFO  o.f.c.i.s.JdbcTableSchemaHistory - Creating Schema History table "TICKETING_SPRING"."flyway_schema_history" with baseline ...
12:13:27.982 [restartedMain] INFO  o.f.core.internal.command.DbBaseline - Successfully baselined schema with version: 1
12:13:28.014 [restartedMain] INFO  o.f.core.internal.command.DbMigrate - Current version of schema "TICKETING_SPRING": 1
12:13:28.019 [restartedMain] INFO  o.f.core.internal.command.DbMigrate - Migrating schema "TICKETING_SPRING" to version "2 - create log table"
12:13:28.047 [restartedMain] INFO  o.f.core.internal.command.DbMigrate - Successfully applied 1 migration to schema "TICKETING_SPRING", now at version v2 (execution time 00:00.011s)
12:13:28.162 [restartedMain] INFO  o.h.jpa.internal.util.LogHelper - HHH000204: Processing PersistenceUnitInfo [name: default]
12:13:28.263 [restartedMain] INFO  org.hibernate.Version - HHH000412: Hibernate ORM core version 6.6.8.Final
12:13:28.297 [restartedMain] INFO  o.h.c.i.RegionFactoryInitiator - HHH000026: Second-level cache disabled
12:13:28.547 [restartedMain] INFO  o.s.o.j.p.SpringPersistenceUnitInfo - No LoadTimeWeaver setup: ignoring JPA class transformer
12:13:28.598 [restartedMain] WARN  org.hibernate.orm.deprecation - HHH90000025: OracleDialect does not need to be specified explicitly using 'hibernate.dialect' (remove the property setting and it will be selected by default)
12:13:28.614 [restartedMain] INFO  o.hibernate.orm.connections.pooling - HHH10001005: Database info:
	Database JDBC URL [Connecting through datasource 'HikariDataSource (HikariPool-1)']
	Database driver: undefined/unknown
	Database version: 21.0
	Autocommit mode: undefined/unknown
	Isolation level: undefined/unknown
	Minimum pool size: undefined/unknown
	Maximum pool size: undefined/unknown
12:13:29.551 [restartedMain] INFO  o.h.e.t.j.p.i.JtaPlatformInitiator - HHH000489: No JTA platform available (set 'hibernate.transaction.jta.platform' to enable JTA platform integration)
12:13:30.464 [restartedMain] DEBUG org.hibernate.SQL - 
    alter table attachment_tbl 
       modify file_type smallint
12:13:30.504 [restartedMain] DEBUG org.hibernate.SQL - 
    alter table ticket_tbl 
       modify status smallint
12:13:33.724 [restartedMain] INFO  o.s.o.j.LocalContainerEntityManagerFactoryBean - Initialized JPA EntityManagerFactory for persistence unit 'default'
12:13:34.232 [restartedMain] INFO  o.s.d.j.r.query.QueryEnhancerFactory - Hibernate is in classpath; If applicable, HQL parser will be used.
12:13:35.949 [restartedMain] TRACE o.s.c.a.AnnotationCacheOperationSource - Adding cacheable method 'update' with operations: [Builder[public ir.model.entity.Section ir.service.impl.SectionServiceImpl.update(java.lang.Long,ir.model.entity.Section)] caches=[sections, sectionsPageable, sectionsFilter] | key='' | keyGenerator='' | cacheManager='' | cacheResolver='' | condition='',true,false]
12:13:35.953 [restartedMain] TRACE o.s.c.a.AnnotationCacheOperationSource - Adding cacheable method 'save' with operations: [Builder[public ir.model.entity.Section ir.service.impl.SectionServiceImpl.save(ir.model.entity.Section)] caches=[sections, sectionsPageable, sectionsFilter] | key='' | keyGenerator='' | cacheManager='' | cacheResolver='' | condition='',true,false]
12:13:35.954 [restartedMain] TRACE o.s.c.a.AnnotationCacheOperationSource - Adding cacheable method 'findAll' with operations: [Builder[public org.springframework.data.domain.Page ir.service.impl.SectionServiceImpl.findAll(org.springframework.data.domain.Pageable)] caches=[sectionsPageable] | key='' | keyGenerator='' | cacheManager='' | cacheResolver='' | condition='' | unless='' | sync='false']
12:13:35.954 [restartedMain] TRACE o.s.c.a.AnnotationCacheOperationSource - Adding cacheable method 'findAll' with operations: [Builder[public java.util.List ir.service.impl.SectionServiceImpl.findAll()] caches=[sections] | key='' | keyGenerator='' | cacheManager='' | cacheResolver='' | condition='' | unless='' | sync='false']
12:13:35.954 [restartedMain] TRACE o.s.c.a.AnnotationCacheOperationSource - Adding cacheable method 'saveAll' with operations: [Builder[public java.util.List ir.service.impl.SectionServiceImpl.saveAll(java.util.List)] caches=[sections, sectionsPageable, sectionsFilter] | key='' | keyGenerator='' | cacheManager='' | cacheResolver='' | condition='',true,false]
12:13:35.954 [restartedMain] TRACE o.s.c.a.AnnotationCacheOperationSource - Adding cacheable method 'deleteById' with operations: [Builder[public void ir.service.impl.SectionServiceImpl.deleteById(java.lang.Long)] caches=[sections, sectionsPageable, sectionsFilter] | key='' | keyGenerator='' | cacheManager='' | cacheResolver='' | condition='',true,false]
12:13:35.955 [restartedMain] TRACE o.s.c.a.AnnotationCacheOperationSource - Adding cacheable method 'findAllForFilter' with operations: [Builder[public java.util.List ir.service.impl.SectionServiceImpl.findAllForFilter()] caches=[sectionsFilter] | key='' | keyGenerator='' | cacheManager='' | cacheResolver='' | condition='' | unless='' | sync='false']
12:13:36.216 [restartedMain] INFO  org.mongodb.driver.client - MongoClient with metadata {"driver": {"name": "mongo-java-driver|sync|spring-boot", "version": "5.2.1"}, "os": {"type": "Windows", "name": "Windows 10", "architecture": "amd64", "version": "10.0"}, "platform": "Java/Oracle Corporation/17.0.12+8-LTS-286"} created with settings MongoClientSettings{readPreference=primary, writeConcern=WriteConcern{w=null, wTimeout=null ms, journal=null}, retryWrites=true, retryReads=true, readConcern=ReadConcern{level=null}, credential=null, transportSettings=null, commandListeners=[io.micrometer.core.instrument.binder.mongodb.MongoMetricsCommandListener@297935db], codecRegistry=ProvidersCodecRegistry{codecProviders=[ValueCodecProvider{}, BsonValueCodecProvider{}, DBRefCodecProvider{}, DBObjectCodecProvider{}, DocumentCodecProvider{}, CollectionCodecProvider{}, IterableCodecProvider{}, MapCodecProvider{}, GeoJsonCodecProvider{}, GridFSFileCodecProvider{}, Jsr310CodecProvider{}, JsonObjectCodecProvider{}, BsonCodecProvider{}, EnumCodecProvider{}, com.mongodb.client.model.mql.ExpressionCodecProvider@5b9ba0f6, com.mongodb.Jep395RecordCodecProvider@6afe1544, com.mongodb.KotlinCodecProvider@1b33392]}, loggerSettings=LoggerSettings{maxDocumentLength=1000}, clusterSettings={hosts=[localhost:27017], srvServiceName=mongodb, mode=SINGLE, requiredClusterType=UNKNOWN, requiredReplicaSetName='null', serverSelector='null', clusterListeners='[]', serverSelectionTimeout='30000 ms', localThreshold='15 ms'}, socketSettings=SocketSettings{connectTimeoutMS=10000, readTimeoutMS=0, receiveBufferSize=0, proxySettings=ProxySettings{host=null, port=null, username=null, password=null}}, heartbeatSocketSettings=SocketSettings{connectTimeoutMS=10000, readTimeoutMS=10000, receiveBufferSize=0, proxySettings=ProxySettings{host=null, port=null, username=null, password=null}}, connectionPoolSettings=ConnectionPoolSettings{maxSize=100, minSize=0, maxWaitTimeMS=120000, maxConnectionLifeTimeMS=0, maxConnectionIdleTimeMS=0, maintenanceInitialDelayMS=0, maintenanceFrequencyMS=60000, connectionPoolListeners=[io.micrometer.core.instrument.binder.mongodb.MongoMetricsConnectionPoolListener@642b73d7], maxConnecting=2}, serverSettings=ServerSettings{heartbeatFrequencyMS=10000, minHeartbeatFrequencyMS=500, serverMonitoringMode=AUTO, serverListeners='[]', serverMonitorListeners='[]'}, sslSettings=SslSettings{enabled=false, invalidHostNameAllowed=false, context=null}, applicationName='null', compressorList=[], uuidRepresentation=JAVA_LEGACY, serverApi=null, autoEncryptionSettings=null, dnsClient=null, inetAddressResolver=null, contextProvider=null, timeoutMS=null}
12:13:36.235 [cluster-ClusterId{value='69d8b838b050a7241d677d52', description='null'}-localhost:27017] INFO  org.mongodb.driver.cluster - Monitor thread successfully connected to server with description ServerDescription{address=localhost:27017, type=STANDALONE, cryptd=false, state=CONNECTED, ok=true, minWireVersion=0, maxWireVersion=27, maxDocumentSize=16777216, logicalSessionTimeoutMinutes=30, roundTripTimeNanos=24804800, minRoundTripTimeNanos=0}
12:13:36.382 [restartedMain] INFO  o.s.b.d.a.OptionalLiveReloadServer - LiveReload server is running on port 35729
12:13:36.756 [restartedMain] WARN  o.s.b.a.o.j.JpaBaseConfiguration$JpaWebConfiguration - spring.jpa.open-in-view is enabled by default. Therefore, database queries may be performed during view rendering. Explicitly configure spring.jpa.open-in-view to disable this warning
12:13:37.635 [restartedMain] INFO  o.s.s.c.a.a.c.InitializeAuthenticationProviderBeanManagerConfigurer$InitializeAuthenticationProviderManagerConfigurer - Global AuthenticationManager configured with AuthenticationProvider bean with name authenticationProvider
12:13:37.636 [restartedMain] WARN  o.s.s.c.a.a.c.InitializeUserDetailsBeanManagerConfigurer$InitializeUserDetailsManagerConfigurer - Global AuthenticationManager configured with an AuthenticationProvider bean. UserDetailsService beans will not be used by Spring Security for automatically configuring username/password login. Consider removing the AuthenticationProvider bean. Alternatively, consider using the UserDetailsService in a manually instantiated DaoAuthenticationProvider. If the current configuration is intentional, to turn off this warning, increase the logging level of 'org.springframework.security.config.annotation.authentication.configuration.InitializeUserDetailsBeanManagerConfigurer' to ERROR
12:13:38.359 [restartedMain] INFO  o.s.b.a.e.web.EndpointLinksResolver - Exposing 3 endpoints beneath base path '/actuator'
12:13:38.578 [restartedMain] INFO  o.s.s.w.a.c.ChannelProcessingFilter - Validated configuration attributes
12:13:38.582 [restartedMain] DEBUG o.s.s.web.DefaultSecurityFilterChain - Will secure any request with filters: DisableEncodeUrlFilter, ChannelProcessingFilter, WebAsyncManagerIntegrationFilter, SecurityContextHolderFilter, HeaderWriterFilter, CorsFilter, CsrfFilter, LogoutFilter, UsernamePasswordAuthenticationFilter, ConcurrentSessionFilter, RequestCacheAwareFilter, SecurityContextHolderAwareRequestFilter, AnonymousAuthenticationFilter, SessionManagementFilter, ExceptionTranslationFilter, AuthorizationFilter
12:13:39.414 [restartedMain] INFO  o.s.b.a.h.H2ConsoleAutoConfiguration - H2 console available at '/h2-console'. Database available at 'jdbc:oracle:thin:@localhost:1521:xe'
12:13:39.810 [restartedMain] INFO  o.a.coyote.http11.Http11NioProtocol - Starting ProtocolHandler ["https-jsse-nio-8443"]
12:13:39.897 [restartedMain] INFO  o.a.t.u.net.NioEndpoint.certificate - Connector [https-jsse-nio-8443], TLS virtual host [_default_], certificate type [UNDEFINED] configured from keystore [C:\Users\arbab\.keystore] using alias [ticketingkey] with trust store [null]
12:13:39.908 [restartedMain] INFO  o.s.b.w.e.tomcat.TomcatWebServer - Tomcat started on port 8443 (https) with context path '/'
12:13:40.101 [restartedMain] INFO  o.a.k.c.consumer.ConsumerConfig - ConsumerConfig values: 
	allow.auto.create.topics = true
	auto.commit.interval.ms = 5000
	auto.include.jmx.reporter = true
	auto.offset.reset = earliest
	bootstrap.servers = [100.99.137.56:9092]
	check.crcs = true
	client.dns.lookup = use_all_dns_ips
	client.id = consumer-building-service-updater-1
	client.rack = 
	connections.max.idle.ms = 540000
	default.api.timeout.ms = 60000
	enable.auto.commit = false
	enable.metrics.push = true
	exclude.internal.topics = true
	fetch.max.bytes = 52428800
	fetch.max.wait.ms = 500
	fetch.min.bytes = 1
	group.id = building-service-updater
	group.instance.id = null
	group.protocol = classic
	group.remote.assignor = null
	heartbeat.interval.ms = 3000
	interceptor.classes = []
	internal.leave.group.on.close = true
	internal.throw.on.fetch.stable.offset.unsupported = false
	isolation.level = read_uncommitted
	key.deserializer = class org.apache.kafka.common.serialization.StringDeserializer
	max.partition.fetch.bytes = 1048576
	max.poll.interval.ms = 300000
	max.poll.records = 500
	metadata.max.age.ms = 300000
	metadata.recovery.strategy = none
	metric.reporters = []
	metrics.num.samples = 2
	metrics.recording.level = INFO
	metrics.sample.window.ms = 30000
	partition.assignment.strategy = [class org.apache.kafka.clients.consumer.RangeAssignor, class org.apache.kafka.clients.consumer.CooperativeStickyAssignor]
	receive.buffer.bytes = 65536
	reconnect.backoff.max.ms = 1000
	reconnect.backoff.ms = 50
	request.timeout.ms = 30000
	retry.backoff.max.ms = 1000
	retry.backoff.ms = 100
	sasl.client.callback.handler.class = null
	sasl.jaas.config = null
	sasl.kerberos.kinit.cmd = /usr/bin/kinit
	sasl.kerberos.min.time.before.relogin = 60000
	sasl.kerberos.service.name = null
	sasl.kerberos.ticket.renew.jitter = 0.05
	sasl.kerberos.ticket.renew.window.factor = 0.8
	sasl.login.callback.handler.class = null
	sasl.login.class = null
	sasl.login.connect.timeout.ms = null
	sasl.login.read.timeout.ms = null
	sasl.login.refresh.buffer.seconds = 300
	sasl.login.refresh.min.period.seconds = 60
	sasl.login.refresh.window.factor = 0.8
	sasl.login.refresh.window.jitter = 0.05
	sasl.login.retry.backoff.max.ms = 10000
	sasl.login.retry.backoff.ms = 100
	sasl.mechanism = GSSAPI
	sasl.oauthbearer.clock.skew.seconds = 30
	sasl.oauthbearer.expected.audience = null
	sasl.oauthbearer.expected.issuer = null
	sasl.oauthbearer.jwks.endpoint.refresh.ms = 3600000
	sasl.oauthbearer.jwks.endpoint.retry.backoff.max.ms = 10000
	sasl.oauthbearer.jwks.endpoint.retry.backoff.ms = 100
	sasl.oauthbearer.jwks.endpoint.url = null
	sasl.oauthbearer.scope.claim.name = scope
	sasl.oauthbearer.sub.claim.name = sub
	sasl.oauthbearer.token.endpoint.url = null
	security.protocol = PLAINTEXT
	security.providers = null
	send.buffer.bytes = 131072
	session.timeout.ms = 45000
	socket.connection.setup.timeout.max.ms = 30000
	socket.connection.setup.timeout.ms = 10000
	ssl.cipher.suites = null
	ssl.enabled.protocols = [TLSv1.2, TLSv1.3]
	ssl.endpoint.identification.algorithm = https
	ssl.engine.factory.class = null
	ssl.key.password = null
	ssl.keymanager.algorithm = SunX509
	ssl.keystore.certificate.chain = null
	ssl.keystore.key = null
	ssl.keystore.location = null
	ssl.keystore.password = null
	ssl.keystore.type = JKS
	ssl.protocol = TLSv1.3
	ssl.provider = null
	ssl.secure.random.implementation = null
	ssl.trustmanager.algorithm = PKIX
	ssl.truststore.certificates = null
	ssl.truststore.location = null
	ssl.truststore.password = null
	ssl.truststore.type = JKS
	value.deserializer = class org.apache.kafka.common.serialization.StringDeserializer

12:13:40.148 [restartedMain] INFO  o.a.k.c.t.i.KafkaMetricsCollector - initializing Kafka metrics collector
12:13:40.214 [restartedMain] INFO  o.a.kafka.common.utils.AppInfoParser - Kafka version: 3.8.1
12:13:40.214 [restartedMain] INFO  o.a.kafka.common.utils.AppInfoParser - Kafka commitId: 70d6ff42debf7e17
12:13:40.214 [restartedMain] INFO  o.a.kafka.common.utils.AppInfoParser - Kafka startTimeMs: 1775810620213
12:13:40.226 [restartedMain] INFO  o.a.k.c.c.i.LegacyKafkaConsumer - [Consumer clientId=consumer-building-service-updater-1, groupId=building-service-updater] Subscribed to topic(s): address-created-topic
12:13:40.249 [restartedMain] INFO  ir.TicketingSpringSample - Started TicketingSpringSample in 16.033 seconds (process running for 16.798)
12:13:40.261 [scheduling-1] DEBUG o.h.e.t.internal.TransactionImpl - On TransactionImpl creation, JpaCompliance#isJpaTransactionComplianceEnabled == false
12:13:40.261 [scheduling-1] DEBUG o.h.e.t.internal.TransactionImpl - begin
12:13:40.262 [restartedMain] TRACE o.s.c.interceptor.CacheInterceptor - Computed cache key 'SimpleKey []' for operation Builder[public java.util.List ir.service.impl.SectionServiceImpl.findAll()] caches=[sections] | key='' | keyGenerator='' | cacheManager='' | cacheResolver='' | condition='' | unless='' | sync='false'
12:13:40.262 [restartedMain] TRACE o.s.c.interceptor.CacheInterceptor - No cache entry for key 'SimpleKey []' in cache(s) [sections]
12:13:40.265 [restartedMain] DEBUG o.s.jdbc.datasource.DataSourceUtils - Setting JDBC Connection [HikariProxyConnection@2069720630 wrapping oracle.jdbc.driver.T4CConnection@9a3820e] read-only
12:13:40.266 [restartedMain] DEBUG o.h.e.t.internal.TransactionImpl - On TransactionImpl creation, JpaCompliance#isJpaTransactionComplianceEnabled == false
12:13:40.266 [restartedMain] DEBUG o.h.e.t.internal.TransactionImpl - begin
12:13:40.313 [restartedMain] DEBUG org.hibernate.SQL - 
    /* <criteria> */ select
        s1_0.id,
        s1_0.building_id,
        s1_0.deleted,
        s1_0.parent_section_id,
        s1_0.title 
    from
        section_table s1_0 
    where
        (
            s1_0.deleted = 0
        )
12:13:40.313 [scheduling-1] DEBUG org.hibernate.SQL - 
    /* <criteria> */ select
        oe1_0.id,
        oe1_0.aggregate_id,
        oe1_0.aggregate_type,
        oe1_0.created_at,
        oe1_0.deleted,
        oe1_0.event_type,
        oe1_0.payload,
        oe1_0.published 
    from
        outbox_tbl oe1_0 
    where
        (
            oe1_0.deleted = 0
        ) 
        and oe1_0.published=0 
    order by
        oe1_0.created_at
12:13:40.339 [restartedMain] TRACE org.hibernate.orm.jdbc.extract - extracted value (1:BIGINT) -> [1]
12:13:40.341 [restartedMain] TRACE org.hibernate.orm.jdbc.extract - extracted value (2:BIGINT) -> [null]
12:13:40.344 [scheduling-1] DEBUG o.h.e.t.internal.TransactionImpl - committing
12:13:40.351 [restartedMain] TRACE org.hibernate.orm.jdbc.extract - extracted value (4:BIGINT) -> [null]
12:13:40.352 [restartedMain] TRACE org.hibernate.orm.jdbc.extract - extracted value (3:BOOLEAN) -> [false]
12:13:40.352 [restartedMain] TRACE org.hibernate.orm.jdbc.extract - extracted value (5:VARCHAR) -> [MAIN SECTION]
12:13:40.354 [scheduling-1] DEBUG o.s.jdbc.datasource.DataSourceUtils - Fetching JDBC Connection from DataSource
12:13:40.358 [restartedMain] TRACE org.hibernate.orm.jdbc.extract - extracted value (1:BIGINT) -> [2]
12:13:40.358 [restartedMain] TRACE org.hibernate.orm.jdbc.extract - extracted value (2:BIGINT) -> [null]
12:13:40.359 [restartedMain] TRACE org.hibernate.orm.jdbc.extract - extracted value (4:BIGINT) -> [1]
12:13:40.359 [restartedMain] TRACE org.hibernate.orm.jdbc.extract - extracted value (3:BOOLEAN) -> [false]
12:13:40.359 [restartedMain] TRACE org.hibernate.orm.jdbc.extract - extracted value (5:VARCHAR) -> [TRANSPORT]
12:13:40.359 [restartedMain] TRACE org.hibernate.orm.jdbc.extract - extracted value (1:BIGINT) -> [3]
12:13:40.359 [restartedMain] TRACE org.hibernate.orm.jdbc.extract - extracted value (2:BIGINT) -> [null]
12:13:40.359 [restartedMain] TRACE org.hibernate.orm.jdbc.extract - extracted value (4:BIGINT) -> [2]
12:13:40.359 [restartedMain] TRACE org.hibernate.orm.jdbc.extract - extracted value (3:BOOLEAN) -> [false]
12:13:40.359 [restartedMain] TRACE org.hibernate.orm.jdbc.extract - extracted value (5:VARCHAR) -> [BUS]
12:13:40.360 [restartedMain] TRACE org.hibernate.orm.jdbc.extract - extracted value (1:BIGINT) -> [4]
12:13:40.360 [restartedMain] TRACE org.hibernate.orm.jdbc.extract - extracted value (2:BIGINT) -> [null]
12:13:40.360 [restartedMain] TRACE org.hibernate.orm.jdbc.extract - extracted value (4:BIGINT) -> [2]
12:13:40.360 [restartedMain] TRACE org.hibernate.orm.jdbc.extract - extracted value (3:BOOLEAN) -> [false]
12:13:40.360 [restartedMain] TRACE org.hibernate.orm.jdbc.extract - extracted value (5:VARCHAR) -> [TRAIN]
12:13:40.360 [restartedMain] TRACE org.hibernate.orm.jdbc.extract - extracted value (1:BIGINT) -> [5]
12:13:40.360 [restartedMain] TRACE org.hibernate.orm.jdbc.extract - extracted value (2:BIGINT) -> [null]
12:13:40.360 [restartedMain] TRACE org.hibernate.orm.jdbc.extract - extracted value (4:BIGINT) -> [1]
12:13:40.360 [restartedMain] TRACE org.hibernate.orm.jdbc.extract - extracted value (3:BOOLEAN) -> [false]
12:13:40.361 [restartedMain] TRACE org.hibernate.orm.jdbc.extract - extracted value (5:VARCHAR) -> [HSE]
12:13:40.365 [restartedMain] DEBUG org.hibernate.SQL - 
    select
        csl1_0.parent_section_id,
        csl1_0.id,
        csl1_0.building_id,
        csl1_0.deleted,
        csl1_0.title 
    from
        section_table csl1_0 
    where
        csl1_0.parent_section_id=? 
        and (
            csl1_0.deleted = 0
        )
12:13:40.366 [restartedMain] TRACE org.hibernate.orm.jdbc.bind - binding parameter (1:BIGINT) <- [5]
12:13:40.367 [scheduling-1] DEBUG o.s.j.d.DataSourceTransactionManager - Creating new transaction with name [null]: PROPAGATION_REQUIRES_NEW,ISOLATION_DEFAULT
12:13:40.368 [scheduling-1] DEBUG o.s.j.d.DataSourceTransactionManager - Acquired Connection [HikariProxyConnection@725760773 wrapping oracle.jdbc.driver.T4CConnection@64f4b243] for JDBC transaction
12:13:40.368 [scheduling-1] DEBUG o.s.j.d.DataSourceTransactionManager - Switching JDBC Connection [HikariProxyConnection@725760773 wrapping oracle.jdbc.driver.T4CConnection@64f4b243] to manual commit
12:13:40.370 [restartedMain] DEBUG org.hibernate.SQL - 
    select
        csl1_0.parent_section_id,
        csl1_0.id,
        csl1_0.building_id,
        csl1_0.deleted,
        csl1_0.title 
    from
        section_table csl1_0 
    where
        csl1_0.parent_section_id=? 
        and (
            csl1_0.deleted = 0
        )
12:13:40.370 [restartedMain] TRACE org.hibernate.orm.jdbc.bind - binding parameter (1:BIGINT) <- [4]
12:13:40.371 [restartedMain] DEBUG org.hibernate.SQL - 
    select
        csl1_0.parent_section_id,
        csl1_0.id,
        csl1_0.building_id,
        csl1_0.deleted,
        csl1_0.title 
    from
        section_table csl1_0 
    where
        csl1_0.parent_section_id=? 
        and (
            csl1_0.deleted = 0
        )
12:13:40.371 [restartedMain] TRACE org.hibernate.orm.jdbc.bind - binding parameter (1:BIGINT) <- [3]
12:13:40.372 [restartedMain] DEBUG org.hibernate.SQL - 
    select
        csl1_0.parent_section_id,
        csl1_0.id,
        csl1_0.building_id,
        csl1_0.deleted,
        csl1_0.title 
    from
        section_table csl1_0 
    where
        csl1_0.parent_section_id=? 
        and (
            csl1_0.deleted = 0
        )
12:13:40.372 [scheduling-1] DEBUG o.s.jdbc.core.JdbcTemplate - Executing prepared SQL update
12:13:40.372 [restartedMain] TRACE org.hibernate.orm.jdbc.bind - binding parameter (1:BIGINT) <- [2]
12:13:40.373 [scheduling-1] DEBUG o.s.jdbc.core.JdbcTemplate - Executing prepared SQL statement [MERGE INTO shedlock USING (SELECT 1 FROM dual) ON (name = ?) WHEN MATCHED THEN UPDATE SET lock_until = SYS_EXTRACT_UTC(SYSTIMESTAMP) + ?, locked_at = SYS_EXTRACT_UTC(SYSTIMESTAMP), locked_by = ? WHERE name = ? AND lock_until <= SYS_EXTRACT_UTC(SYSTIMESTAMP) WHEN NOT MATCHED THEN INSERT(name, lock_until, locked_at, locked_by) VALUES(?, SYS_EXTRACT_UTC(SYSTIMESTAMP) + ?, SYS_EXTRACT_UTC(SYSTIMESTAMP), ?)]
12:13:40.373 [restartedMain] TRACE org.hibernate.orm.jdbc.extract - extracted value (1:BIGINT) -> [2]
12:13:40.373 [restartedMain] TRACE org.hibernate.orm.jdbc.extract - extracted value (2:BIGINT) -> [3]
12:13:40.374 [restartedMain] TRACE org.hibernate.orm.jdbc.extract - extracted value (1:BIGINT) -> [2]
12:13:40.374 [restartedMain] TRACE org.hibernate.orm.jdbc.extract - extracted value (2:BIGINT) -> [4]
12:13:40.374 [restartedMain] DEBUG org.hibernate.SQL - 
    select
        csl1_0.parent_section_id,
        csl1_0.id,
        csl1_0.building_id,
        csl1_0.deleted,
        csl1_0.title 
    from
        section_table csl1_0 
    where
        csl1_0.parent_section_id=? 
        and (
            csl1_0.deleted = 0
        )
12:13:40.375 [restartedMain] TRACE org.hibernate.orm.jdbc.bind - binding parameter (1:BIGINT) <- [1]
12:13:40.375 [restartedMain] TRACE org.hibernate.orm.jdbc.extract - extracted value (1:BIGINT) -> [1]
12:13:40.376 [restartedMain] TRACE org.hibernate.orm.jdbc.extract - extracted value (2:BIGINT) -> [2]
12:13:40.376 [restartedMain] TRACE org.hibernate.orm.jdbc.extract - extracted value (1:BIGINT) -> [1]
12:13:40.376 [restartedMain] TRACE org.hibernate.orm.jdbc.extract - extracted value (2:BIGINT) -> [5]
12:13:40.376 [restartedMain] DEBUG o.h.e.t.internal.TransactionImpl - committing
12:13:40.377 [restartedMain] DEBUG o.s.jdbc.datasource.DataSourceUtils - Resetting read-only flag of JDBC Connection [HikariProxyConnection@2069720630 wrapping oracle.jdbc.driver.T4CConnection@9a3820e]
12:13:40.379 [restartedMain] TRACE o.s.c.interceptor.CacheInterceptor - Creating cache entry for key 'SimpleKey []' in cache(s) [sections]
12:13:40.380 [restartedMain] TRACE o.s.c.interceptor.CacheInterceptor - Computed cache key 'Page request [number: 0, size 50, sort: UNSORTED]' for operation Builder[public org.springframework.data.domain.Page ir.service.impl.SectionServiceImpl.findAll(org.springframework.data.domain.Pageable)] caches=[sectionsPageable] | key='' | keyGenerator='' | cacheManager='' | cacheResolver='' | condition='' | unless='' | sync='false'
12:13:40.380 [restartedMain] TRACE o.s.c.interceptor.CacheInterceptor - No cache entry for key 'Page request [number: 0, size 50, sort: UNSORTED]' in cache(s) [sectionsPageable]
12:13:40.380 [restartedMain] DEBUG o.s.jdbc.datasource.DataSourceUtils - Setting JDBC Connection [HikariProxyConnection@519118621 wrapping oracle.jdbc.driver.T4CConnection@9a3820e] read-only
12:13:40.380 [restartedMain] DEBUG o.h.e.t.internal.TransactionImpl - On TransactionImpl creation, JpaCompliance#isJpaTransactionComplianceEnabled == false
12:13:40.380 [restartedMain] DEBUG o.h.e.t.internal.TransactionImpl - begin
12:13:40.382 [restartedMain] DEBUG org.hibernate.SQL - 
    /* <criteria> */ select
        s1_0.id,
        s1_0.building_id,
        s1_0.deleted,
        s1_0.parent_section_id,
        s1_0.title 
    from
        section_table s1_0 
    where
        (
            s1_0.deleted = 0
        ) 
    offset
        ? rows 
    fetch
        first ? rows only
12:13:40.383 [restartedMain] TRACE org.hibernate.orm.jdbc.bind - binding parameter (1:INTEGER) <- [0]
12:13:40.383 [restartedMain] TRACE org.hibernate.orm.jdbc.bind - binding parameter (2:INTEGER) <- [50]
12:13:40.381 [scheduling-1] DEBUG o.s.t.support.TransactionTemplate - Initiating transaction rollback on application exception
org.springframework.jdbc.BadSqlGrammarException: PreparedStatementCallback; bad SQL grammar [MERGE INTO shedlock USING (SELECT 1 FROM dual) ON (name = ?) WHEN MATCHED THEN UPDATE SET lock_until = SYS_EXTRACT_UTC(SYSTIMESTAMP) + ?, locked_at = SYS_EXTRACT_UTC(SYSTIMESTAMP), locked_by = ? WHERE name = ? AND lock_until <= SYS_EXTRACT_UTC(SYSTIMESTAMP) WHEN NOT MATCHED THEN INSERT(name, lock_until, locked_at, locked_by) VALUES(?, SYS_EXTRACT_UTC(SYSTIMESTAMP) + ?, SYS_EXTRACT_UTC(SYSTIMESTAMP), ?)]
	at org.springframework.jdbc.support.SQLExceptionSubclassTranslator.doTranslate(SQLExceptionSubclassTranslator.java:103)
	at org.springframework.jdbc.support.AbstractFallbackSQLExceptionTranslator.translate(AbstractFallbackSQLExceptionTranslator.java:107)
	at org.springframework.jdbc.core.JdbcTemplate.translateException(JdbcTemplate.java:1556)
	at org.springframework.jdbc.core.JdbcTemplate.execute(JdbcTemplate.java:677)
	at org.springframework.jdbc.core.JdbcTemplate.update(JdbcTemplate.java:972)
	at org.springframework.jdbc.core.JdbcTemplate.update(JdbcTemplate.java:993)
	at org.springframework.jdbc.core.namedparam.NamedParameterJdbcTemplate.update(NamedParameterJdbcTemplate.java:337)
	at org.springframework.jdbc.core.namedparam.NamedParameterJdbcTemplate.update(NamedParameterJdbcTemplate.java:342)
	at net.javacrumbs.shedlock.provider.jdbctemplate.JdbcTemplateStorageAccessor.lambda$execute$0(JdbcTemplateStorageAccessor.java:121)
	at org.springframework.transaction.support.TransactionTemplate.execute(TransactionTemplate.java:140)
	at net.javacrumbs.shedlock.provider.jdbctemplate.JdbcTemplateStorageAccessor.execute(JdbcTemplateStorageAccessor.java:121)
	at net.javacrumbs.shedlock.provider.jdbctemplate.JdbcTemplateStorageAccessor.insertRecord(JdbcTemplateStorageAccessor.java:64)
	at net.javacrumbs.shedlock.support.StorageBasedLockProvider.doLock(StorageBasedLockProvider.java:72)
	at net.javacrumbs.shedlock.support.StorageBasedLockProvider.lock(StorageBasedLockProvider.java:55)
	at java.base/jdk.internal.reflect.NativeMethodAccessorImpl.invoke0(Native Method)
	at java.base/jdk.internal.reflect.NativeMethodAccessorImpl.invoke(NativeMethodAccessorImpl.java:77)
	at java.base/jdk.internal.reflect.DelegatingMethodAccessorImpl.invoke(DelegatingMethodAccessorImpl.java:43)
	at java.base/java.lang.reflect.Method.invoke(Method.java:568)
	at org.springframework.aop.support.AopUtils.invokeJoinpointUsingReflection(AopUtils.java:359)
	at org.springframework.aop.framework.JdkDynamicAopProxy.invoke(JdkDynamicAopProxy.java:216)
	at jdk.proxy3/jdk.proxy3.$Proxy126.lock(Unknown Source)
	at net.javacrumbs.shedlock.core.DefaultLockingTaskExecutor.executeWithLock(DefaultLockingTaskExecutor.java:63)
	at net.javacrumbs.shedlock.spring.aop.MethodProxyScheduledLockAdvisor$LockingInterceptor.invoke(MethodProxyScheduledLockAdvisor.java:79)
	at org.springframework.aop.framework.ReflectiveMethodInvocation.proceed(ReflectiveMethodInvocation.java:184)
	at org.springframework.aop.framework.CglibAopProxy$DynamicAdvisedInterceptor.intercept(CglibAopProxy.java:727)
	at ir.service.impl.TicketSchedulerService$$SpringCGLIB$$0.autoCloseOldTickets(<generated>)
	at java.base/jdk.internal.reflect.NativeMethodAccessorImpl.invoke0(Native Method)
	at java.base/jdk.internal.reflect.NativeMethodAccessorImpl.invoke(NativeMethodAccessorImpl.java:77)
	at java.base/jdk.internal.reflect.DelegatingMethodAccessorImpl.invoke(DelegatingMethodAccessorImpl.java:43)
	at java.base/java.lang.reflect.Method.invoke(Method.java:568)
	at org.springframework.scheduling.support.ScheduledMethodRunnable.runInternal(ScheduledMethodRunnable.java:130)
	at org.springframework.scheduling.support.ScheduledMethodRunnable.lambda$run$2(ScheduledMethodRunnable.java:124)
	at io.micrometer.observation.Observation.observe(Observation.java:498)
	at org.springframework.scheduling.support.ScheduledMethodRunnable.run(ScheduledMethodRunnable.java:124)
	at org.springframework.scheduling.config.Task$OutcomeTrackingRunnable.run(Task.java:85)
	at org.springframework.scheduling.support.DelegatingErrorHandlingRunnable.run(DelegatingErrorHandlingRunnable.java:54)
	at java.base/java.util.concurrent.Executors$RunnableAdapter.call(Executors.java:539)
	at java.base/java.util.concurrent.FutureTask.runAndReset(FutureTask.java:305)
	at java.base/java.util.concurrent.ScheduledThreadPoolExecutor$ScheduledFutureTask.run(ScheduledThreadPoolExecutor.java:305)
	at java.base/java.util.concurrent.ThreadPoolExecutor.runWorker(ThreadPoolExecutor.java:1136)
	at java.base/java.util.concurrent.ThreadPoolExecutor$Worker.run(ThreadPoolExecutor.java:635)
	at java.base/java.lang.Thread.run(Thread.java:842)
Caused by: java.sql.SQLSyntaxErrorException: ORA-00942: table or view does not exist

	at oracle.jdbc.driver.T4CTTIoer11.processError(T4CTTIoer11.java:629)
	at oracle.jdbc.driver.T4CTTIoer11.processError(T4CTTIoer11.java:563)
	at oracle.jdbc.driver.T4C8Oall.processError(T4C8Oall.java:1230)
	at oracle.jdbc.driver.T4CTTIfun.receive(T4CTTIfun.java:771)
	at oracle.jdbc.driver.T4CTTIfun.doRPC(T4CTTIfun.java:298)
	at oracle.jdbc.driver.T4C8Oall.doOALL(T4C8Oall.java:511)
	at oracle.jdbc.driver.T4CPreparedStatement.doOall8(T4CPreparedStatement.java:162)
	at oracle.jdbc.driver.T4CPreparedStatement.executeForRows(T4CPreparedStatement.java:1240)
	at oracle.jdbc.driver.OracleStatement.executeSQLStatement(OracleStatement.java:1819)
	at oracle.jdbc.driver.OracleStatement.doExecuteWithTimeout(OracleStatement.java:1471)
	at oracle.jdbc.driver.OraclePreparedStatement.executeInternal(OraclePreparedStatement.java:3760)
	at oracle.jdbc.driver.OraclePreparedStatement.executeLargeUpdate(OraclePreparedStatement.java:4061)
	at oracle.jdbc.driver.OraclePreparedStatement.executeUpdate(OraclePreparedStatement.java:4036)
	at oracle.jdbc.driver.OraclePreparedStatementWrapper.executeUpdate(OraclePreparedStatementWrapper.java:995)
	at com.zaxxer.hikari.pool.ProxyPreparedStatement.executeUpdate(ProxyPreparedStatement.java:61)
	at com.zaxxer.hikari.pool.HikariProxyPreparedStatement.executeUpdate(HikariProxyPreparedStatement.java)
	at org.springframework.jdbc.core.JdbcTemplate.lambda$update$2(JdbcTemplate.java:977)
	at org.springframework.jdbc.core.JdbcTemplate.execute(JdbcTemplate.java:658)
	... 38 common frames omitted
Caused by: oracle.jdbc.OracleDatabaseException: ORA-00942: table or view does not exist

	at oracle.jdbc.driver.T4CTTIoer11.processError(T4CTTIoer11.java:636)
	... 55 common frames omitted
12:13:40.384 [scheduling-1] DEBUG o.s.j.d.DataSourceTransactionManager - Initiating transaction rollback
12:13:40.384 [scheduling-1] DEBUG o.s.j.d.DataSourceTransactionManager - Rolling back JDBC transaction on Connection [HikariProxyConnection@725760773 wrapping oracle.jdbc.driver.T4CConnection@64f4b243]
12:13:40.385 [scheduling-1] DEBUG o.s.j.d.DataSourceTransactionManager - Releasing JDBC Connection [HikariProxyConnection@725760773 wrapping oracle.jdbc.driver.T4CConnection@64f4b243] after transaction
12:13:40.385 [scheduling-1] ERROR n.j.s.p.j.JdbcTemplateStorageAccessor - Unexpected exception
org.springframework.jdbc.BadSqlGrammarException: PreparedStatementCallback; bad SQL grammar [MERGE INTO shedlock USING (SELECT 1 FROM dual) ON (name = ?) WHEN MATCHED THEN UPDATE SET lock_until = SYS_EXTRACT_UTC(SYSTIMESTAMP) + ?, locked_at = SYS_EXTRACT_UTC(SYSTIMESTAMP), locked_by = ? WHERE name = ? AND lock_until <= SYS_EXTRACT_UTC(SYSTIMESTAMP) WHEN NOT MATCHED THEN INSERT(name, lock_until, locked_at, locked_by) VALUES(?, SYS_EXTRACT_UTC(SYSTIMESTAMP) + ?, SYS_EXTRACT_UTC(SYSTIMESTAMP), ?)]
	at org.springframework.jdbc.support.SQLExceptionSubclassTranslator.doTranslate(SQLExceptionSubclassTranslator.java:103)
	at org.springframework.jdbc.support.AbstractFallbackSQLExceptionTranslator.translate(AbstractFallbackSQLExceptionTranslator.java:107)
	at org.springframework.jdbc.core.JdbcTemplate.translateException(JdbcTemplate.java:1556)
	at org.springframework.jdbc.core.JdbcTemplate.execute(JdbcTemplate.java:677)
	at org.springframework.jdbc.core.JdbcTemplate.update(JdbcTemplate.java:972)
	at org.springframework.jdbc.core.JdbcTemplate.update(JdbcTemplate.java:993)
	at org.springframework.jdbc.core.namedparam.NamedParameterJdbcTemplate.update(NamedParameterJdbcTemplate.java:337)
	at org.springframework.jdbc.core.namedparam.NamedParameterJdbcTemplate.update(NamedParameterJdbcTemplate.java:342)
	at net.javacrumbs.shedlock.provider.jdbctemplate.JdbcTemplateStorageAccessor.lambda$execute$0(JdbcTemplateStorageAccessor.java:121)
	at org.springframework.transaction.support.TransactionTemplate.execute(TransactionTemplate.java:140)
	at net.javacrumbs.shedlock.provider.jdbctemplate.JdbcTemplateStorageAccessor.execute(JdbcTemplateStorageAccessor.java:121)
	at net.javacrumbs.shedlock.provider.jdbctemplate.JdbcTemplateStorageAccessor.insertRecord(JdbcTemplateStorageAccessor.java:64)
	at net.javacrumbs.shedlock.support.StorageBasedLockProvider.doLock(StorageBasedLockProvider.java:72)
	at net.javacrumbs.shedlock.support.StorageBasedLockProvider.lock(StorageBasedLockProvider.java:55)
	at java.base/jdk.internal.reflect.NativeMethodAccessorImpl.invoke0(Native Method)
	at java.base/jdk.internal.reflect.NativeMethodAccessorImpl.invoke(NativeMethodAccessorImpl.java:77)
	at java.base/jdk.internal.reflect.DelegatingMethodAccessorImpl.invoke(DelegatingMethodAccessorImpl.java:43)
	at java.base/java.lang.reflect.Method.invoke(Method.java:568)
	at org.springframework.aop.support.AopUtils.invokeJoinpointUsingReflection(AopUtils.java:359)
	at org.springframework.aop.framework.JdkDynamicAopProxy.invoke(JdkDynamicAopProxy.java:216)
	at jdk.proxy3/jdk.proxy3.$Proxy126.lock(Unknown Source)
	at net.javacrumbs.shedlock.core.DefaultLockingTaskExecutor.executeWithLock(DefaultLockingTaskExecutor.java:63)
	at net.javacrumbs.shedlock.spring.aop.MethodProxyScheduledLockAdvisor$LockingInterceptor.invoke(MethodProxyScheduledLockAdvisor.java:79)
	at org.springframework.aop.framework.ReflectiveMethodInvocation.proceed(ReflectiveMethodInvocation.java:184)
	at org.springframework.aop.framework.CglibAopProxy$DynamicAdvisedInterceptor.intercept(CglibAopProxy.java:727)
	at ir.service.impl.TicketSchedulerService$$SpringCGLIB$$0.autoCloseOldTickets(<generated>)
	at java.base/jdk.internal.reflect.NativeMethodAccessorImpl.invoke0(Native Method)
	at java.base/jdk.internal.reflect.NativeMethodAccessorImpl.invoke(NativeMethodAccessorImpl.java:77)
	at java.base/jdk.internal.reflect.DelegatingMethodAccessorImpl.invoke(DelegatingMethodAccessorImpl.java:43)
	at java.base/java.lang.reflect.Method.invoke(Method.java:568)
	at org.springframework.scheduling.support.ScheduledMethodRunnable.runInternal(ScheduledMethodRunnable.java:130)
	at org.springframework.scheduling.support.ScheduledMethodRunnable.lambda$run$2(ScheduledMethodRunnable.java:124)
	at io.micrometer.observation.Observation.observe(Observation.java:498)
	at org.springframework.scheduling.support.ScheduledMethodRunnable.run(ScheduledMethodRunnable.java:124)
	at org.springframework.scheduling.config.Task$OutcomeTrackingRunnable.run(Task.java:85)
	at org.springframework.scheduling.support.DelegatingErrorHandlingRunnable.run(DelegatingErrorHandlingRunnable.java:54)
	at java.base/java.util.concurrent.Executors$RunnableAdapter.call(Executors.java:539)
	at java.base/java.util.concurrent.FutureTask.runAndReset(FutureTask.java:305)
	at java.base/java.util.concurrent.ScheduledThreadPoolExecutor$ScheduledFutureTask.run(ScheduledThreadPoolExecutor.java:305)
	at java.base/java.util.concurrent.ThreadPoolExecutor.runWorker(ThreadPoolExecutor.java:1136)
	at java.base/java.util.concurrent.ThreadPoolExecutor$Worker.run(ThreadPoolExecutor.java:635)
	at java.base/java.lang.Thread.run(Thread.java:842)
Caused by: java.sql.SQLSyntaxErrorException: ORA-00942: table or view does not exist

	at oracle.jdbc.driver.T4CTTIoer11.processError(T4CTTIoer11.java:629)
	at oracle.jdbc.driver.T4CTTIoer11.processError(T4CTTIoer11.java:563)
	at oracle.jdbc.driver.T4C8Oall.processError(T4C8Oall.java:1230)
	at oracle.jdbc.driver.T4CTTIfun.receive(T4CTTIfun.java:771)
	at oracle.jdbc.driver.T4CTTIfun.doRPC(T4CTTIfun.java:298)
	at oracle.jdbc.driver.T4C8Oall.doOALL(T4C8Oall.java:511)
	at oracle.jdbc.driver.T4CPreparedStatement.doOall8(T4CPreparedStatement.java:162)
	at oracle.jdbc.driver.T4CPreparedStatement.executeForRows(T4CPreparedStatement.java:1240)
	at oracle.jdbc.driver.OracleStatement.executeSQLStatement(OracleStatement.java:1819)
	at oracle.jdbc.driver.OracleStatement.doExecuteWithTimeout(OracleStatement.java:1471)
	at oracle.jdbc.driver.OraclePreparedStatement.executeInternal(OraclePreparedStatement.java:3760)
	at oracle.jdbc.driver.OraclePreparedStatement.executeLargeUpdate(OraclePreparedStatement.java:4061)
	at oracle.jdbc.driver.OraclePreparedStatement.executeUpdate(OraclePreparedStatement.java:4036)
	at oracle.jdbc.driver.OraclePreparedStatementWrapper.executeUpdate(OraclePreparedStatementWrapper.java:995)
	at com.zaxxer.hikari.pool.ProxyPreparedStatement.executeUpdate(ProxyPreparedStatement.java:61)
	at com.zaxxer.hikari.pool.HikariProxyPreparedStatement.executeUpdate(HikariProxyPreparedStatement.java)
	at org.springframework.jdbc.core.JdbcTemplate.lambda$update$2(JdbcTemplate.java:977)
	at org.springframework.jdbc.core.JdbcTemplate.execute(JdbcTemplate.java:658)
	... 38 common frames omitted
Caused by: oracle.jdbc.OracleDatabaseException: ORA-00942: table or view does not exist

	at oracle.jdbc.driver.T4CTTIoer11.processError(T4CTTIoer11.java:636)
	... 55 common frames omitted
12:13:40.386 [scheduling-1] DEBUG o.s.j.d.DataSourceTransactionManager - Creating new transaction with name [null]: PROPAGATION_REQUIRES_NEW,ISOLATION_DEFAULT
12:13:40.386 [scheduling-1] DEBUG o.s.j.d.DataSourceTransactionManager - Acquired Connection [HikariProxyConnection@1408210796 wrapping oracle.jdbc.driver.T4CConnection@64f4b243] for JDBC transaction
12:13:40.386 [scheduling-1] DEBUG o.s.j.d.DataSourceTransactionManager - Switching JDBC Connection [HikariProxyConnection@1408210796 wrapping oracle.jdbc.driver.T4CConnection@64f4b243] to manual commit
12:13:40.386 [scheduling-1] DEBUG o.s.jdbc.core.JdbcTemplate - Executing prepared SQL update
12:13:40.386 [scheduling-1] DEBUG o.s.jdbc.core.JdbcTemplate - Executing prepared SQL statement [UPDATE shedlock SET lock_until = SYS_EXTRACT_UTC(SYSTIMESTAMP) + ?, locked_at = SYS_EXTRACT_UTC(SYSTIMESTAMP), locked_by = ? WHERE name = ? AND lock_until <= SYS_EXTRACT_UTC(SYSTIMESTAMP)]
12:13:40.387 [scheduling-1] DEBUG o.s.t.support.TransactionTemplate - Initiating transaction rollback on application exception
org.springframework.jdbc.BadSqlGrammarException: PreparedStatementCallback; bad SQL grammar [UPDATE shedlock SET lock_until = SYS_EXTRACT_UTC(SYSTIMESTAMP) + ?, locked_at = SYS_EXTRACT_UTC(SYSTIMESTAMP), locked_by = ? WHERE name = ? AND lock_until <= SYS_EXTRACT_UTC(SYSTIMESTAMP)]
	at org.springframework.jdbc.support.SQLExceptionSubclassTranslator.doTranslate(SQLExceptionSubclassTranslator.java:103)
	at org.springframework.jdbc.support.AbstractFallbackSQLExceptionTranslator.translate(AbstractFallbackSQLExceptionTranslator.java:107)
	at org.springframework.jdbc.core.JdbcTemplate.translateException(JdbcTemplate.java:1556)
	at org.springframework.jdbc.core.JdbcTemplate.execute(JdbcTemplate.java:677)
	at org.springframework.jdbc.core.JdbcTemplate.update(JdbcTemplate.java:972)
	at org.springframework.jdbc.core.JdbcTemplate.update(JdbcTemplate.java:993)
	at org.springframework.jdbc.core.namedparam.NamedParameterJdbcTemplate.update(NamedParameterJdbcTemplate.java:337)
	at org.springframework.jdbc.core.namedparam.NamedParameterJdbcTemplate.update(NamedParameterJdbcTemplate.java:342)
	at net.javacrumbs.shedlock.provider.jdbctemplate.JdbcTemplateStorageAccessor.lambda$execute$0(JdbcTemplateStorageAccessor.java:121)
	at org.springframework.transaction.support.TransactionTemplate.execute(TransactionTemplate.java:140)
	at net.javacrumbs.shedlock.provider.jdbctemplate.JdbcTemplateStorageAccessor.execute(JdbcTemplateStorageAccessor.java:121)
	at net.javacrumbs.shedlock.provider.jdbctemplate.JdbcTemplateStorageAccessor.updateRecord(JdbcTemplateStorageAccessor.java:81)
	at net.javacrumbs.shedlock.support.StorageBasedLockProvider.doLock(StorageBasedLockProvider.java:85)
	at net.javacrumbs.shedlock.support.StorageBasedLockProvider.lock(StorageBasedLockProvider.java:55)
	at java.base/jdk.internal.reflect.NativeMethodAccessorImpl.invoke0(Native Method)
	at java.base/jdk.internal.reflect.NativeMethodAccessorImpl.invoke(NativeMethodAccessorImpl.java:77)
	at java.base/jdk.internal.reflect.DelegatingMethodAccessorImpl.invoke(DelegatingMethodAccessorImpl.java:43)
	at java.base/java.lang.reflect.Method.invoke(Method.java:568)
	at org.springframework.aop.support.AopUtils.invokeJoinpointUsingReflection(AopUtils.java:359)
	at org.springframework.aop.framework.JdkDynamicAopProxy.invoke(JdkDynamicAopProxy.java:216)
	at jdk.proxy3/jdk.proxy3.$Proxy126.lock(Unknown Source)
	at net.javacrumbs.shedlock.core.DefaultLockingTaskExecutor.executeWithLock(DefaultLockingTaskExecutor.java:63)
	at net.javacrumbs.shedlock.spring.aop.MethodProxyScheduledLockAdvisor$LockingInterceptor.invoke(MethodProxyScheduledLockAdvisor.java:79)
	at org.springframework.aop.framework.ReflectiveMethodInvocation.proceed(ReflectiveMethodInvocation.java:184)
	at org.springframework.aop.framework.CglibAopProxy$DynamicAdvisedInterceptor.intercept(CglibAopProxy.java:727)
	at ir.service.impl.TicketSchedulerService$$SpringCGLIB$$0.autoCloseOldTickets(<generated>)
	at java.base/jdk.internal.reflect.NativeMethodAccessorImpl.invoke0(Native Method)
	at java.base/jdk.internal.reflect.NativeMethodAccessorImpl.invoke(NativeMethodAccessorImpl.java:77)
	at java.base/jdk.internal.reflect.DelegatingMethodAccessorImpl.invoke(DelegatingMethodAccessorImpl.java:43)
	at java.base/java.lang.reflect.Method.invoke(Method.java:568)
	at org.springframework.scheduling.support.ScheduledMethodRunnable.runInternal(ScheduledMethodRunnable.java:130)
	at org.springframework.scheduling.support.ScheduledMethodRunnable.lambda$run$2(ScheduledMethodRunnable.java:124)
	at io.micrometer.observation.Observation.observe(Observation.java:498)
	at org.springframework.scheduling.support.ScheduledMethodRunnable.run(ScheduledMethodRunnable.java:124)
	at org.springframework.scheduling.config.Task$OutcomeTrackingRunnable.run(Task.java:85)
	at org.springframework.scheduling.support.DelegatingErrorHandlingRunnable.run(DelegatingErrorHandlingRunnable.java:54)
	at java.base/java.util.concurrent.Executors$RunnableAdapter.call(Executors.java:539)
	at java.base/java.util.concurrent.FutureTask.runAndReset(FutureTask.java:305)
	at java.base/java.util.concurrent.ScheduledThreadPoolExecutor$ScheduledFutureTask.run(ScheduledThreadPoolExecutor.java:305)
	at java.base/java.util.concurrent.ThreadPoolExecutor.runWorker(ThreadPoolExecutor.java:1136)
	at java.base/java.util.concurrent.ThreadPoolExecutor$Worker.run(ThreadPoolExecutor.java:635)
	at java.base/java.lang.Thread.run(Thread.java:842)
Caused by: java.sql.SQLSyntaxErrorException: ORA-00942: table or view does not exist

	at oracle.jdbc.driver.T4CTTIoer11.processError(T4CTTIoer11.java:629)
	at oracle.jdbc.driver.T4CTTIoer11.processError(T4CTTIoer11.java:563)
	at oracle.jdbc.driver.T4C8Oall.processError(T4C8Oall.java:1230)
	at oracle.jdbc.driver.T4CTTIfun.receive(T4CTTIfun.java:771)
	at oracle.jdbc.driver.T4CTTIfun.doRPC(T4CTTIfun.java:298)
	at oracle.jdbc.driver.T4C8Oall.doOALL(T4C8Oall.java:511)
	at oracle.jdbc.driver.T4CPreparedStatement.doOall8(T4CPreparedStatement.java:162)
	at oracle.jdbc.driver.T4CPreparedStatement.executeForRows(T4CPreparedStatement.java:1240)
	at oracle.jdbc.driver.OracleStatement.executeSQLStatement(OracleStatement.java:1819)
	at oracle.jdbc.driver.OracleStatement.doExecuteWithTimeout(OracleStatement.java:1471)
	at oracle.jdbc.driver.OraclePreparedStatement.executeInternal(OraclePreparedStatement.java:3760)
	at oracle.jdbc.driver.OraclePreparedStatement.executeLargeUpdate(OraclePreparedStatement.java:4061)
	at oracle.jdbc.driver.OraclePreparedStatement.executeUpdate(OraclePreparedStatement.java:4036)
	at oracle.jdbc.driver.OraclePreparedStatementWrapper.executeUpdate(OraclePreparedStatementWrapper.java:995)
	at com.zaxxer.hikari.pool.ProxyPreparedStatement.executeUpdate(ProxyPreparedStatement.java:61)
	at com.zaxxer.hikari.pool.HikariProxyPreparedStatement.executeUpdate(HikariProxyPreparedStatement.java)
	at org.springframework.jdbc.core.JdbcTemplate.lambda$update$2(JdbcTemplate.java:977)
	at org.springframework.jdbc.core.JdbcTemplate.execute(JdbcTemplate.java:658)
	... 38 common frames omitted
Caused by: oracle.jdbc.OracleDatabaseException: ORA-00942: table or view does not exist

	at oracle.jdbc.driver.T4CTTIoer11.processError(T4CTTIoer11.java:636)
	... 55 common frames omitted
12:13:40.388 [scheduling-1] DEBUG o.s.j.d.DataSourceTransactionManager - Initiating transaction rollback
12:13:40.388 [scheduling-1] DEBUG o.s.j.d.DataSourceTransactionManager - Rolling back JDBC transaction on Connection [HikariProxyConnection@1408210796 wrapping oracle.jdbc.driver.T4CConnection@64f4b243]
12:13:40.389 [scheduling-1] DEBUG o.s.j.d.DataSourceTransactionManager - Releasing JDBC Connection [HikariProxyConnection@1408210796 wrapping oracle.jdbc.driver.T4CConnection@64f4b243] after transaction
12:13:40.389 [restartedMain] TRACE org.hibernate.orm.jdbc.extract - extracted value (1:BIGINT) -> [1]
12:13:40.389 [restartedMain] TRACE org.hibernate.orm.jdbc.extract - extracted value (2:BIGINT) -> [null]
12:13:40.389 [restartedMain] TRACE org.hibernate.orm.jdbc.extract - extracted value (4:BIGINT) -> [null]
12:13:40.389 [restartedMain] TRACE org.hibernate.orm.jdbc.extract - extracted value (3:BOOLEAN) -> [false]
12:13:40.389 [restartedMain] TRACE org.hibernate.orm.jdbc.extract - extracted value (5:VARCHAR) -> [MAIN SECTION]
12:13:40.389 [restartedMain] TRACE org.hibernate.orm.jdbc.extract - extracted value (1:BIGINT) -> [2]
12:13:40.389 [scheduling-1] ERROR o.s.s.s.TaskUtils$LoggingErrorHandler - Unexpected error occurred in scheduled task
org.springframework.jdbc.BadSqlGrammarException: PreparedStatementCallback; bad SQL grammar [UPDATE shedlock SET lock_until = SYS_EXTRACT_UTC(SYSTIMESTAMP) + ?, locked_at = SYS_EXTRACT_UTC(SYSTIMESTAMP), locked_by = ? WHERE name = ? AND lock_until <= SYS_EXTRACT_UTC(SYSTIMESTAMP)]
	at org.springframework.jdbc.support.SQLExceptionSubclassTranslator.doTranslate(SQLExceptionSubclassTranslator.java:103)
	at org.springframework.jdbc.support.AbstractFallbackSQLExceptionTranslator.translate(AbstractFallbackSQLExceptionTranslator.java:107)
	at org.springframework.jdbc.core.JdbcTemplate.translateException(JdbcTemplate.java:1556)
	at org.springframework.jdbc.core.JdbcTemplate.execute(JdbcTemplate.java:677)
	at org.springframework.jdbc.core.JdbcTemplate.update(JdbcTemplate.java:972)
	at org.springframework.jdbc.core.JdbcTemplate.update(JdbcTemplate.java:993)
	at org.springframework.jdbc.core.namedparam.NamedParameterJdbcTemplate.update(NamedParameterJdbcTemplate.java:337)
	at org.springframework.jdbc.core.namedparam.NamedParameterJdbcTemplate.update(NamedParameterJdbcTemplate.java:342)
	at net.javacrumbs.shedlock.provider.jdbctemplate.JdbcTemplateStorageAccessor.lambda$execute$0(JdbcTemplateStorageAccessor.java:121)
	at org.springframework.transaction.support.TransactionTemplate.execute(TransactionTemplate.java:140)
	at net.javacrumbs.shedlock.provider.jdbctemplate.JdbcTemplateStorageAccessor.execute(JdbcTemplateStorageAccessor.java:121)
	at net.javacrumbs.shedlock.provider.jdbctemplate.JdbcTemplateStorageAccessor.updateRecord(JdbcTemplateStorageAccessor.java:81)
	at net.javacrumbs.shedlock.support.StorageBasedLockProvider.doLock(StorageBasedLockProvider.java:85)
	at net.javacrumbs.shedlock.support.StorageBasedLockProvider.lock(StorageBasedLockProvider.java:55)
	at java.base/jdk.internal.reflect.NativeMethodAccessorImpl.invoke0(Native Method)
	at java.base/jdk.internal.reflect.NativeMethodAccessorImpl.invoke(NativeMethodAccessorImpl.java:77)
	at java.base/jdk.internal.reflect.DelegatingMethodAccessorImpl.invoke(DelegatingMethodAccessorImpl.java:43)
	at java.base/java.lang.reflect.Method.invoke(Method.java:568)
	at org.springframework.aop.support.AopUtils.invokeJoinpointUsingReflection(AopUtils.java:359)
	at org.springframework.aop.framework.JdkDynamicAopProxy.invoke(JdkDynamicAopProxy.java:216)
	at jdk.proxy3/jdk.proxy3.$Proxy126.lock(Unknown Source)
	at net.javacrumbs.shedlock.core.DefaultLockingTaskExecutor.executeWithLock(DefaultLockingTaskExecutor.java:63)
	at net.javacrumbs.shedlock.spring.aop.MethodProxyScheduledLockAdvisor$LockingInterceptor.invoke(MethodProxyScheduledLockAdvisor.java:79)
	at org.springframework.aop.framework.ReflectiveMethodInvocation.proceed(ReflectiveMethodInvocation.java:184)
	at org.springframework.aop.framework.CglibAopProxy$DynamicAdvisedInterceptor.intercept(CglibAopProxy.java:727)
	at ir.service.impl.TicketSchedulerService$$SpringCGLIB$$0.autoCloseOldTickets(<generated>)
	at java.base/jdk.internal.reflect.NativeMethodAccessorImpl.invoke0(Native Method)
	at java.base/jdk.internal.reflect.NativeMethodAccessorImpl.invoke(NativeMethodAccessorImpl.java:77)
	at java.base/jdk.internal.reflect.DelegatingMethodAccessorImpl.invoke(DelegatingMethodAccessorImpl.java:43)
	at java.base/java.lang.reflect.Method.invoke(Method.java:568)
	at org.springframework.scheduling.support.ScheduledMethodRunnable.runInternal(ScheduledMethodRunnable.java:130)
	at org.springframework.scheduling.support.ScheduledMethodRunnable.lambda$run$2(ScheduledMethodRunnable.java:124)
	at io.micrometer.observation.Observation.observe(Observation.java:498)
	at org.springframework.scheduling.support.ScheduledMethodRunnable.run(ScheduledMethodRunnable.java:124)
	at org.springframework.scheduling.config.Task$OutcomeTrackingRunnable.run(Task.java:85)
	at org.springframework.scheduling.support.DelegatingErrorHandlingRunnable.run(DelegatingErrorHandlingRunnable.java:54)
	at java.base/java.util.concurrent.Executors$RunnableAdapter.call(Executors.java:539)
	at java.base/java.util.concurrent.FutureTask.runAndReset(FutureTask.java:305)
	at java.base/java.util.concurrent.ScheduledThreadPoolExecutor$ScheduledFutureTask.run(ScheduledThreadPoolExecutor.java:305)
	at java.base/java.util.concurrent.ThreadPoolExecutor.runWorker(ThreadPoolExecutor.java:1136)
	at java.base/java.util.concurrent.ThreadPoolExecutor$Worker.run(ThreadPoolExecutor.java:635)
	at java.base/java.lang.Thread.run(Thread.java:842)
Caused by: java.sql.SQLSyntaxErrorException: ORA-00942: table or view does not exist

	at oracle.jdbc.driver.T4CTTIoer11.processError(T4CTTIoer11.java:629)
	at oracle.jdbc.driver.T4CTTIoer11.processError(T4CTTIoer11.java:563)
	at oracle.jdbc.driver.T4C8Oall.processError(T4C8Oall.java:1230)
	at oracle.jdbc.driver.T4CTTIfun.receive(T4CTTIfun.java:771)
	at oracle.jdbc.driver.T4CTTIfun.doRPC(T4CTTIfun.java:298)
	at oracle.jdbc.driver.T4C8Oall.doOALL(T4C8Oall.java:511)
	at oracle.jdbc.driver.T4CPreparedStatement.doOall8(T4CPreparedStatement.java:162)
	at oracle.jdbc.driver.T4CPreparedStatement.executeForRows(T4CPreparedStatement.java:1240)
	at oracle.jdbc.driver.OracleStatement.executeSQLStatement(OracleStatement.java:1819)
	at oracle.jdbc.driver.OracleStatement.doExecuteWithTimeout(OracleStatement.java:1471)
	at oracle.jdbc.driver.OraclePreparedStatement.executeInternal(OraclePreparedStatement.java:3760)
	at oracle.jdbc.driver.OraclePreparedStatement.executeLargeUpdate(OraclePreparedStatement.java:4061)
	at oracle.jdbc.driver.OraclePreparedStatement.executeUpdate(OraclePreparedStatement.java:4036)
	at oracle.jdbc.driver.OraclePreparedStatementWrapper.executeUpdate(OraclePreparedStatementWrapper.java:995)
	at com.zaxxer.hikari.pool.ProxyPreparedStatement.executeUpdate(ProxyPreparedStatement.java:61)
	at com.zaxxer.hikari.pool.HikariProxyPreparedStatement.executeUpdate(HikariProxyPreparedStatement.java)
	at org.springframework.jdbc.core.JdbcTemplate.lambda$update$2(JdbcTemplate.java:977)
	at org.springframework.jdbc.core.JdbcTemplate.execute(JdbcTemplate.java:658)
	... 38 common frames omitted
Caused by: oracle.jdbc.OracleDatabaseException: ORA-00942: table or view does not exist

	at oracle.jdbc.driver.T4CTTIoer11.processError(T4CTTIoer11.java:636)
	... 55 common frames omitted
12:13:40.389 [restartedMain] TRACE org.hibernate.orm.jdbc.extract - extracted value (2:BIGINT) -> [null]
12:13:40.390 [restartedMain] TRACE org.hibernate.orm.jdbc.extract - extracted value (4:BIGINT) -> [1]
12:13:40.390 [restartedMain] TRACE org.hibernate.orm.jdbc.extract - extracted value (3:BOOLEAN) -> [false]
12:13:40.390 [restartedMain] TRACE org.hibernate.orm.jdbc.extract - extracted value (5:VARCHAR) -> [TRANSPORT]
12:13:40.390 [restartedMain] TRACE org.hibernate.orm.jdbc.extract - extracted value (1:BIGINT) -> [3]
12:13:40.390 [restartedMain] TRACE org.hibernate.orm.jdbc.extract - extracted value (2:BIGINT) -> [null]
12:13:40.390 [restartedMain] TRACE org.hibernate.orm.jdbc.extract - extracted value (4:BIGINT) -> [2]
12:13:40.390 [restartedMain] TRACE org.hibernate.orm.jdbc.extract - extracted value (3:BOOLEAN) -> [false]
12:13:40.390 [restartedMain] TRACE org.hibernate.orm.jdbc.extract - extracted value (5:VARCHAR) -> [BUS]
12:13:40.391 [restartedMain] TRACE org.hibernate.orm.jdbc.extract - extracted value (1:BIGINT) -> [4]
12:13:40.391 [restartedMain] TRACE org.hibernate.orm.jdbc.extract - extracted value (2:BIGINT) -> [null]
12:13:40.391 [restartedMain] TRACE org.hibernate.orm.jdbc.extract - extracted value (4:BIGINT) -> [2]
12:13:40.391 [restartedMain] TRACE org.hibernate.orm.jdbc.extract - extracted value (3:BOOLEAN) -> [false]
12:13:40.391 [restartedMain] TRACE org.hibernate.orm.jdbc.extract - extracted value (5:VARCHAR) -> [TRAIN]
12:13:40.391 [restartedMain] TRACE org.hibernate.orm.jdbc.extract - extracted value (1:BIGINT) -> [5]
12:13:40.391 [restartedMain] TRACE org.hibernate.orm.jdbc.extract - extracted value (2:BIGINT) -> [null]
12:13:40.391 [restartedMain] TRACE org.hibernate.orm.jdbc.extract - extracted value (4:BIGINT) -> [1]
12:13:40.391 [restartedMain] TRACE org.hibernate.orm.jdbc.extract - extracted value (3:BOOLEAN) -> [false]
12:13:40.391 [restartedMain] TRACE org.hibernate.orm.jdbc.extract - extracted value (5:VARCHAR) -> [HSE]
12:13:40.392 [restartedMain] DEBUG org.hibernate.SQL - 
    select
        csl1_0.parent_section_id,
        csl1_0.id,
        csl1_0.building_id,
        csl1_0.deleted,
        csl1_0.title 
    from
        section_table csl1_0 
    where
        csl1_0.parent_section_id=? 
        and (
            csl1_0.deleted = 0
        )
12:13:40.392 [restartedMain] TRACE org.hibernate.orm.jdbc.bind - binding parameter (1:BIGINT) <- [5]
12:13:40.393 [restartedMain] DEBUG org.hibernate.SQL - 
    select
        csl1_0.parent_section_id,
        csl1_0.id,
        csl1_0.building_id,
        csl1_0.deleted,
        csl1_0.title 
    from
        section_table csl1_0 
    where
        csl1_0.parent_section_id=? 
        and (
            csl1_0.deleted = 0
        )
12:13:40.393 [restartedMain] TRACE org.hibernate.orm.jdbc.bind - binding parameter (1:BIGINT) <- [4]
12:13:40.394 [restartedMain] DEBUG org.hibernate.SQL - 
    select
        csl1_0.parent_section_id,
        csl1_0.id,
        csl1_0.building_id,
        csl1_0.deleted,
        csl1_0.title 
    from
        section_table csl1_0 
    where
        csl1_0.parent_section_id=? 
        and (
            csl1_0.deleted = 0
        )
12:13:40.394 [restartedMain] TRACE org.hibernate.orm.jdbc.bind - binding parameter (1:BIGINT) <- [3]
12:13:40.395 [restartedMain] DEBUG org.hibernate.SQL - 
    select
        csl1_0.parent_section_id,
        csl1_0.id,
        csl1_0.building_id,
        csl1_0.deleted,
        csl1_0.title 
    from
        section_table csl1_0 
    where
        csl1_0.parent_section_id=? 
        and (
            csl1_0.deleted = 0
        )
12:13:40.395 [restartedMain] TRACE org.hibernate.orm.jdbc.bind - binding parameter (1:BIGINT) <- [2]
12:13:40.395 [restartedMain] TRACE org.hibernate.orm.jdbc.extract - extracted value (1:BIGINT) -> [2]
12:13:40.396 [restartedMain] TRACE org.hibernate.orm.jdbc.extract - extracted value (2:BIGINT) -> [3]
12:13:40.396 [restartedMain] TRACE org.hibernate.orm.jdbc.extract - extracted value (1:BIGINT) -> [2]
12:13:40.396 [restartedMain] TRACE org.hibernate.orm.jdbc.extract - extracted value (2:BIGINT) -> [4]
12:13:40.396 [restartedMain] DEBUG org.hibernate.SQL - 
    select
        csl1_0.parent_section_id,
        csl1_0.id,
        csl1_0.building_id,
        csl1_0.deleted,
        csl1_0.title 
    from
        section_table csl1_0 
    where
        csl1_0.parent_section_id=? 
        and (
            csl1_0.deleted = 0
        )
12:13:40.396 [restartedMain] TRACE org.hibernate.orm.jdbc.bind - binding parameter (1:BIGINT) <- [1]
12:13:40.397 [restartedMain] TRACE org.hibernate.orm.jdbc.extract - extracted value (1:BIGINT) -> [1]
12:13:40.397 [restartedMain] TRACE org.hibernate.orm.jdbc.extract - extracted value (2:BIGINT) -> [2]
12:13:40.397 [restartedMain] TRACE org.hibernate.orm.jdbc.extract - extracted value (1:BIGINT) -> [1]
12:13:40.397 [restartedMain] TRACE org.hibernate.orm.jdbc.extract - extracted value (2:BIGINT) -> [5]
12:13:40.400 [restartedMain] DEBUG o.h.e.t.internal.TransactionImpl - committing
12:13:40.401 [restartedMain] DEBUG o.s.jdbc.datasource.DataSourceUtils - Resetting read-only flag of JDBC Connection [HikariProxyConnection@519118621 wrapping oracle.jdbc.driver.T4CConnection@9a3820e]
12:13:40.401 [restartedMain] TRACE o.s.c.interceptor.CacheInterceptor - Creating cache entry for key 'Page request [number: 0, size 50, sort: UNSORTED]' in cache(s) [sectionsPageable]
12:13:40.401 [restartedMain] TRACE o.s.c.interceptor.CacheInterceptor - Computed cache key 'SimpleKey []' for operation Builder[public java.util.List ir.service.impl.SectionServiceImpl.findAllForFilter()] caches=[sectionsFilter] | key='' | keyGenerator='' | cacheManager='' | cacheResolver='' | condition='' | unless='' | sync='false'
12:13:40.401 [restartedMain] TRACE o.s.c.interceptor.CacheInterceptor - No cache entry for key 'SimpleKey []' in cache(s) [sectionsFilter]
12:13:40.401 [restartedMain] DEBUG o.s.jdbc.datasource.DataSourceUtils - Setting JDBC Connection [HikariProxyConnection@1572840892 wrapping oracle.jdbc.driver.T4CConnection@9a3820e] read-only
12:13:40.401 [restartedMain] DEBUG o.h.e.t.internal.TransactionImpl - On TransactionImpl creation, JpaCompliance#isJpaTransactionComplianceEnabled == false
12:13:40.401 [restartedMain] DEBUG o.h.e.t.internal.TransactionImpl - begin
12:13:40.407 [restartedMain] DEBUG org.hibernate.SQL - 
    /* SELECT
        new  ir.dto.SectionFilterDto(s.id, s.title) 
    FROM
        sectionEntity s 
    where
        s.deleted = false */ select
            s1_0.id,
            s1_0.title 
        from
            section_table s1_0 
        where
            (
                s1_0.deleted = 0
            ) 
            and s1_0.deleted=0
12:13:40.410 [restartedMain] TRACE org.hibernate.orm.jdbc.extract - extracted value (1:BIGINT) -> [1]
12:13:40.410 [restartedMain] TRACE org.hibernate.orm.jdbc.extract - extracted value (2:VARCHAR) -> [MAIN SECTION]
12:13:40.410 [restartedMain] TRACE org.hibernate.orm.jdbc.extract - extracted value (1:BIGINT) -> [2]
12:13:40.410 [restartedMain] TRACE org.hibernate.orm.jdbc.extract - extracted value (2:VARCHAR) -> [TRANSPORT]
12:13:40.410 [restartedMain] TRACE org.hibernate.orm.jdbc.extract - extracted value (1:BIGINT) -> [3]
12:13:40.410 [restartedMain] TRACE org.hibernate.orm.jdbc.extract - extracted value (2:VARCHAR) -> [BUS]
12:13:40.410 [restartedMain] TRACE org.hibernate.orm.jdbc.extract - extracted value (1:BIGINT) -> [4]
12:13:40.410 [restartedMain] TRACE org.hibernate.orm.jdbc.extract - extracted value (2:VARCHAR) -> [TRAIN]
12:13:40.410 [restartedMain] TRACE org.hibernate.orm.jdbc.extract - extracted value (1:BIGINT) -> [5]
12:13:40.410 [restartedMain] TRACE org.hibernate.orm.jdbc.extract - extracted value (2:VARCHAR) -> [HSE]
12:13:40.411 [restartedMain] DEBUG o.h.e.t.internal.TransactionImpl - committing
12:13:40.412 [restartedMain] DEBUG o.s.jdbc.datasource.DataSourceUtils - Resetting read-only flag of JDBC Connection [HikariProxyConnection@1572840892 wrapping oracle.jdbc.driver.T4CConnection@9a3820e]
12:13:40.412 [restartedMain] TRACE o.s.c.interceptor.CacheInterceptor - Creating cache entry for key 'SimpleKey []' in cache(s) [sectionsFilter]
12:13:40.412 [restartedMain] INFO  ir.config.SectionCacheWarmup - **************************************************************  cache sections  ***************************************************************
12:13:40.413 [restartedMain] INFO  ir.TicketingSpringSample - **************************************************************Spring Boot Application Started
12:13:40.674 [RMI TCP Connection(2)-169.254.83.107] INFO  o.a.c.c.C.[Tomcat].[localhost].[/] - Initializing Spring DispatcherServlet 'dispatcherServlet'
12:13:40.674 [RMI TCP Connection(2)-169.254.83.107] INFO  o.s.web.servlet.DispatcherServlet - Initializing Servlet 'dispatcherServlet'
12:13:40.676 [RMI TCP Connection(2)-169.254.83.107] INFO  o.s.web.servlet.DispatcherServlet - Completed initialization in 2 ms
12:13:40.725 [RMI TCP Connection(3)-169.254.83.107] DEBUG o.s.jdbc.datasource.DataSourceUtils - Fetching JDBC Connection from DataSource
12:13:40.726 [RMI TCP Connection(3)-169.254.83.107] DEBUG o.s.jdbc.datasource.DataSourceUtils - Fetching JDBC Connection from DataSource
12:13:42.349 [scheduling-1] DEBUG o.h.e.t.internal.TransactionImpl - On TransactionImpl creation, JpaCompliance#isJpaTransactionComplianceEnabled == false
12:13:42.349 [scheduling-1] DEBUG o.h.e.t.internal.TransactionImpl - begin
12:13:42.352 [scheduling-1] DEBUG org.hibernate.SQL - 
    /* <criteria> */ select
        oe1_0.id,
        oe1_0.aggregate_id,
        oe1_0.aggregate_type,
        oe1_0.created_at,
        oe1_0.deleted,
        oe1_0.event_type,
        oe1_0.payload,
        oe1_0.published 
    from
        outbox_tbl oe1_0 
    where
        (
            oe1_0.deleted = 0
        ) 
        and oe1_0.published=0 
    order by
        oe1_0.created_at
12:13:42.354 [scheduling-1] DEBUG o.h.e.t.internal.TransactionImpl - committing
12:13:44.370 [scheduling-1] DEBUG o.h.e.t.internal.TransactionImpl - On TransactionImpl creation, JpaCompliance#isJpaTransactionComplianceEnabled == false
12:13:44.370 [scheduling-1] DEBUG o.h.e.t.internal.TransactionImpl - begin
12:13:44.372 [scheduling-1] DEBUG org.hibernate.SQL - 
    /* <criteria> */ select
        oe1_0.id,
        oe1_0.aggregate_id,
        oe1_0.aggregate_type,
        oe1_0.created_at,
        oe1_0.deleted,
        oe1_0.event_type,
        oe1_0.payload,
        oe1_0.published 
    from
        outbox_tbl oe1_0 
    where
        (
            oe1_0.deleted = 0
        ) 
        and oe1_0.published=0 
    order by
        oe1_0.created_at
12:13:44.373 [scheduling-1] DEBUG o.h.e.t.internal.TransactionImpl - committing
12:13:46.375 [scheduling-1] DEBUG o.h.e.t.internal.TransactionImpl - On TransactionImpl creation, JpaCompliance#isJpaTransactionComplianceEnabled == false
12:13:46.375 [scheduling-1] DEBUG o.h.e.t.internal.TransactionImpl - begin
12:13:46.378 [scheduling-1] DEBUG org.hibernate.SQL - 
    /* <criteria> */ select
        oe1_0.id,
        oe1_0.aggregate_id,
        oe1_0.aggregate_type,
        oe1_0.created_at,
        oe1_0.deleted,
        oe1_0.event_type,
        oe1_0.payload,
        oe1_0.published 
    from
        outbox_tbl oe1_0 
    where
        (
            oe1_0.deleted = 0
        ) 
        and oe1_0.published=0 
    order by
        oe1_0.created_at
12:13:46.379 [scheduling-1] DEBUG o.h.e.t.internal.TransactionImpl - committing
12:13:48.381 [scheduling-1] DEBUG o.h.e.t.internal.TransactionImpl - On TransactionImpl creation, JpaCompliance#isJpaTransactionComplianceEnabled == false
12:13:48.381 [scheduling-1] DEBUG o.h.e.t.internal.TransactionImpl - begin
12:13:48.382 [scheduling-1] DEBUG org.hibernate.SQL - 
    /* <criteria> */ select
        oe1_0.id,
        oe1_0.aggregate_id,
        oe1_0.aggregate_type,
        oe1_0.created_at,
        oe1_0.deleted,
        oe1_0.event_type,
        oe1_0.payload,
        oe1_0.published 
    from
        outbox_tbl oe1_0 
    where
        (
            oe1_0.deleted = 0
        ) 
        and oe1_0.published=0 
    order by
        oe1_0.created_at
12:13:48.383 [scheduling-1] DEBUG o.h.e.t.internal.TransactionImpl - committing
12:13:48.460 [org.springframework.kafka.KafkaListenerEndpointContainer#0-0-C-1] INFO  o.apache.kafka.clients.NetworkClient - [Consumer clientId=consumer-building-service-updater-1, groupId=building-service-updater] Disconnecting from node -1 due to socket connection setup timeout. The timeout value is 8193 ms.
12:13:48.461 [org.springframework.kafka.KafkaListenerEndpointContainer#0-0-C-1] WARN  o.apache.kafka.clients.NetworkClient - [Consumer clientId=consumer-building-service-updater-1, groupId=building-service-updater] Bootstrap broker 100.99.137.56:9092 (id: -1 rack: null) disconnected
12:13:50.390 [scheduling-1] DEBUG o.h.e.t.internal.TransactionImpl - On TransactionImpl creation, JpaCompliance#isJpaTransactionComplianceEnabled == false
12:13:50.390 [scheduling-1] DEBUG o.h.e.t.internal.TransactionImpl - begin
12:13:50.392 [scheduling-1] DEBUG org.hibernate.SQL - 
    /* <criteria> */ select
        oe1_0.id,
        oe1_0.aggregate_id,
        oe1_0.aggregate_type,
        oe1_0.created_at,
        oe1_0.deleted,
        oe1_0.event_type,
        oe1_0.payload,
        oe1_0.published 
    from
        outbox_tbl oe1_0 
    where
        (
            oe1_0.deleted = 0
        ) 
        and oe1_0.published=0 
    order by
        oe1_0.created_at
12:13:50.393 [scheduling-1] DEBUG o.h.e.t.internal.TransactionImpl - committing
12:13:52.409 [scheduling-1] DEBUG o.h.e.t.internal.TransactionImpl - On TransactionImpl creation, JpaCompliance#isJpaTransactionComplianceEnabled == false
12:13:52.409 [scheduling-1] DEBUG o.h.e.t.internal.TransactionImpl - begin
12:13:52.411 [scheduling-1] DEBUG org.hibernate.SQL - 
    /* <criteria> */ select
        oe1_0.id,
        oe1_0.aggregate_id,
        oe1_0.aggregate_type,
        oe1_0.created_at,
        oe1_0.deleted,
        oe1_0.event_type,
        oe1_0.payload,
        oe1_0.published 
    from
        outbox_tbl oe1_0 
    where
        (
            oe1_0.deleted = 0
        ) 
        and oe1_0.published=0 
    order by
        oe1_0.created_at
12:13:52.412 [scheduling-1] DEBUG o.h.e.t.internal.TransactionImpl - committing
12:13:54.416 [scheduling-1] DEBUG o.h.e.t.internal.TransactionImpl - On TransactionImpl creation, JpaCompliance#isJpaTransactionComplianceEnabled == false
12:13:54.416 [scheduling-1] DEBUG o.h.e.t.internal.TransactionImpl - begin
12:13:54.418 [scheduling-1] DEBUG org.hibernate.SQL - 
    /* <criteria> */ select
        oe1_0.id,
        oe1_0.aggregate_id,
        oe1_0.aggregate_type,
        oe1_0.created_at,
        oe1_0.deleted,
        oe1_0.event_type,
        oe1_0.payload,
        oe1_0.published 
    from
        outbox_tbl oe1_0 
    where
        (
            oe1_0.deleted = 0
        ) 
        and oe1_0.published=0 
    order by
        oe1_0.created_at
12:13:54.419 [scheduling-1] DEBUG o.h.e.t.internal.TransactionImpl - committing
12:13:56.422 [scheduling-1] DEBUG o.h.e.t.internal.TransactionImpl - On TransactionImpl creation, JpaCompliance#isJpaTransactionComplianceEnabled == false
12:13:56.422 [scheduling-1] DEBUG o.h.e.t.internal.TransactionImpl - begin
12:13:56.423 [scheduling-1] DEBUG org.hibernate.SQL - 
    /* <criteria> */ select
        oe1_0.id,
        oe1_0.aggregate_id,
        oe1_0.aggregate_type,
        oe1_0.created_at,
        oe1_0.deleted,
        oe1_0.event_type,
        oe1_0.payload,
        oe1_0.published 
    from
        outbox_tbl oe1_0 
    where
        (
            oe1_0.deleted = 0
        ) 
        and oe1_0.published=0 
    order by
        oe1_0.created_at
12:13:56.424 [scheduling-1] DEBUG o.h.e.t.internal.TransactionImpl - committing
12:13:58.427 [scheduling-1] DEBUG o.h.e.t.internal.TransactionImpl - On TransactionImpl creation, JpaCompliance#isJpaTransactionComplianceEnabled == false
12:13:58.427 [scheduling-1] DEBUG o.h.e.t.internal.TransactionImpl - begin
12:13:58.429 [scheduling-1] DEBUG org.hibernate.SQL - 
    /* <criteria> */ select
        oe1_0.id,
        oe1_0.aggregate_id,
        oe1_0.aggregate_type,
        oe1_0.created_at,
        oe1_0.deleted,
        oe1_0.event_type,
        oe1_0.payload,
        oe1_0.published 
    from
        outbox_tbl oe1_0 
    where
        (
            oe1_0.deleted = 0
        ) 
        and oe1_0.published=0 
    order by
        oe1_0.created_at
12:13:58.429 [scheduling-1] DEBUG o.h.e.t.internal.TransactionImpl - committing
12:14:00.431 [scheduling-1] DEBUG o.h.e.t.internal.TransactionImpl - On TransactionImpl creation, JpaCompliance#isJpaTransactionComplianceEnabled == false
12:14:00.431 [scheduling-1] DEBUG o.h.e.t.internal.TransactionImpl - begin
12:14:00.432 [scheduling-1] DEBUG org.hibernate.SQL - 
    /* <criteria> */ select
        oe1_0.id,
        oe1_0.aggregate_id,
        oe1_0.aggregate_type,
        oe1_0.created_at,
        oe1_0.deleted,
        oe1_0.event_type,
        oe1_0.payload,
        oe1_0.published 
    from
        outbox_tbl oe1_0 
    where
        (
            oe1_0.deleted = 0
        ) 
        and oe1_0.published=0 
    order by
        oe1_0.created_at
12:14:00.433 [scheduling-1] DEBUG o.h.e.t.internal.TransactionImpl - committing
12:14:01.857 [RMI TCP Connection(3)-169.254.83.107] WARN  o.s.b.a.mail.MailHealthIndicator - Mail health check failed
org.eclipse.angus.mail.util.MailConnectException: Couldn't connect to host, port: smtp.zoho.com, 587; timeout -1
	at org.eclipse.angus.mail.smtp.SMTPTransport.openServer(SMTPTransport.java:2243)
	at org.eclipse.angus.mail.smtp.SMTPTransport.protocolConnect(SMTPTransport.java:729)
	at jakarta.mail.Service.connect(Service.java:345)
	at org.springframework.mail.javamail.JavaMailSenderImpl.connectTransport(JavaMailSenderImpl.java:480)
	at org.springframework.mail.javamail.JavaMailSenderImpl.testConnection(JavaMailSenderImpl.java:360)
	at org.springframework.boot.actuate.mail.MailHealthIndicator.doHealthCheck(MailHealthIndicator.java:52)
	at org.springframework.boot.actuate.health.AbstractHealthIndicator.health(AbstractHealthIndicator.java:82)
	at org.springframework.boot.actuate.health.HealthIndicator.getHealth(HealthIndicator.java:37)
	at org.springframework.boot.actuate.health.HealthEndpoint.getHealth(HealthEndpoint.java:82)
	at org.springframework.boot.actuate.health.HealthEndpoint.getHealth(HealthEndpoint.java:41)
	at org.springframework.boot.actuate.health.HealthEndpointSupport.getLoggedHealth(HealthEndpointSupport.java:172)
	at org.springframework.boot.actuate.health.HealthEndpointSupport.getContribution(HealthEndpointSupport.java:145)
	at org.springframework.boot.actuate.health.HealthEndpointSupport.getAggregateContribution(HealthEndpointSupport.java:156)
	at org.springframework.boot.actuate.health.HealthEndpointSupport.getContribution(HealthEndpointSupport.java:141)
	at org.springframework.boot.actuate.health.HealthEndpointSupport.getHealth(HealthEndpointSupport.java:110)
	at org.springframework.boot.actuate.health.HealthEndpointSupport.getHealth(HealthEndpointSupport.java:81)
	at org.springframework.boot.actuate.health.HealthEndpoint.health(HealthEndpoint.java:76)
	at org.springframework.boot.actuate.health.HealthEndpoint.health(HealthEndpoint.java:66)
	at java.base/jdk.internal.reflect.NativeMethodAccessorImpl.invoke0(Native Method)
	at java.base/jdk.internal.reflect.NativeMethodAccessorImpl.invoke(NativeMethodAccessorImpl.java:77)
	at java.base/jdk.internal.reflect.DelegatingMethodAccessorImpl.invoke(DelegatingMethodAccessorImpl.java:43)
	at java.base/java.lang.reflect.Method.invoke(Method.java:568)
	at org.springframework.util.ReflectionUtils.invokeMethod(ReflectionUtils.java:281)
	at org.springframework.boot.actuate.endpoint.invoke.reflect.ReflectiveOperationInvoker.invoke(ReflectiveOperationInvoker.java:74)
	at org.springframework.boot.actuate.endpoint.annotation.AbstractDiscoveredOperation.invoke(AbstractDiscoveredOperation.java:60)
	at org.springframework.boot.actuate.endpoint.jmx.EndpointMBean.invoke(EndpointMBean.java:124)
	at org.springframework.boot.actuate.endpoint.jmx.EndpointMBean.invoke(EndpointMBean.java:97)
	at java.management/com.sun.jmx.interceptor.DefaultMBeanServerInterceptor.invoke(DefaultMBeanServerInterceptor.java:814)
	at java.management/com.sun.jmx.mbeanserver.JmxMBeanServer.invoke(JmxMBeanServer.java:802)
	at java.management.rmi/javax.management.remote.rmi.RMIConnectionImpl.doOperation(RMIConnectionImpl.java:1472)
	at java.management.rmi/javax.management.remote.rmi.RMIConnectionImpl$PrivilegedOperation.run(RMIConnectionImpl.java:1310)
	at java.management.rmi/javax.management.remote.rmi.RMIConnectionImpl.doPrivilegedOperation(RMIConnectionImpl.java:1405)
	at java.management.rmi/javax.management.remote.rmi.RMIConnectionImpl.invoke(RMIConnectionImpl.java:829)
	at java.base/jdk.internal.reflect.GeneratedMethodAccessor60.invoke(Unknown Source)
	at java.base/jdk.internal.reflect.DelegatingMethodAccessorImpl.invoke(DelegatingMethodAccessorImpl.java:43)
	at java.base/java.lang.reflect.Method.invoke(Method.java:568)
	at java.rmi/sun.rmi.server.UnicastServerRef.dispatch(UnicastServerRef.java:360)
	at java.rmi/sun.rmi.transport.Transport$1.run(Transport.java:200)
	at java.rmi/sun.rmi.transport.Transport$1.run(Transport.java:197)
	at java.base/java.security.AccessController.doPrivileged(AccessController.java:712)
	at java.rmi/sun.rmi.transport.Transport.serviceCall(Transport.java:196)
	at java.rmi/sun.rmi.transport.tcp.TCPTransport.handleMessages(TCPTransport.java:587)
	at java.rmi/sun.rmi.transport.tcp.TCPTransport$ConnectionHandler.run0(TCPTransport.java:828)
	at java.rmi/sun.rmi.transport.tcp.TCPTransport$ConnectionHandler.lambda$run$0(TCPTransport.java:705)
	at java.base/java.security.AccessController.doPrivileged(AccessController.java:399)
	at java.rmi/sun.rmi.transport.tcp.TCPTransport$ConnectionHandler.run(TCPTransport.java:704)
	at java.base/java.util.concurrent.ThreadPoolExecutor.runWorker(ThreadPoolExecutor.java:1136)
	at java.base/java.util.concurrent.ThreadPoolExecutor$Worker.run(ThreadPoolExecutor.java:635)
	at java.base/java.lang.Thread.run(Thread.java:842)
Caused by: java.net.ConnectException: Connection timed out: connect
	at java.base/sun.nio.ch.Net.connect0(Native Method)
	at java.base/sun.nio.ch.Net.connect(Net.java:579)
	at java.base/sun.nio.ch.Net.connect(Net.java:568)
	at java.base/sun.nio.ch.NioSocketImpl.connect(NioSocketImpl.java:593)
	at java.base/java.net.SocksSocketImpl.connect(SocksSocketImpl.java:327)
	at java.base/java.net.Socket.connect(Socket.java:633)
	at java.base/java.net.Socket.connect(Socket.java:583)
	at org.eclipse.angus.mail.util.SocketFetcher.createSocket(SocketFetcher.java:368)
	at org.eclipse.angus.mail.util.SocketFetcher.getSocket(SocketFetcher.java:243)
	at org.eclipse.angus.mail.smtp.SMTPTransport.openServer(SMTPTransport.java:2193)
	... 48 common frames omitted
12:14:01.858 [RMI TCP Connection(3)-169.254.83.107] WARN  o.s.b.a.health.HealthEndpointSupport - Health contributor org.springframework.boot.actuate.mail.MailHealthIndicator (mail) took 21132ms to respond
12:14:02.285 [boundedElastic-1] WARN  o.s.b.a.d.r.RedisReactiveHealthIndicator - Redis health check failed
org.springframework.data.redis.RedisConnectionFailureException: Unable to connect to Redis
	at org.springframework.data.redis.connection.lettuce.LettuceConnectionFactory$ExceptionTranslatingConnectionProvider.translateException(LettuceConnectionFactory.java:1858)
	at org.springframework.data.redis.connection.lettuce.LettuceConnectionFactory$ExceptionTranslatingConnectionProvider.getConnection(LettuceConnectionFactory.java:1789)
	at org.springframework.data.redis.connection.lettuce.LettuceConnectionFactory$SharedConnection.getNativeConnection(LettuceConnectionFactory.java:1586)
	at org.springframework.data.redis.connection.lettuce.LettuceConnectionFactory$SharedConnection.lambda$getConnection$0(LettuceConnectionFactory.java:1566)
	at org.springframework.data.redis.connection.lettuce.LettuceConnectionFactory.doInLock(LettuceConnectionFactory.java:1527)
	at org.springframework.data.redis.connection.lettuce.LettuceConnectionFactory$SharedConnection.getConnection(LettuceConnectionFactory.java:1563)
	at org.springframework.data.redis.connection.lettuce.LettuceConnectionFactory.getSharedReactiveConnection(LettuceConnectionFactory.java:1274)
	at org.springframework.data.redis.connection.lettuce.LettuceConnectionFactory.getReactiveConnection(LettuceConnectionFactory.java:1149)
	at org.springframework.data.redis.connection.lettuce.LettuceConnectionFactory.getReactiveConnection(LettuceConnectionFactory.java:120)
	at reactor.core.publisher.MonoSupplier.call(MonoSupplier.java:67)
	at reactor.core.publisher.FluxSubscribeOnCallable$CallableSubscribeOnSubscription.run(FluxSubscribeOnCallable.java:228)
	at reactor.core.scheduler.SchedulerTask.call(SchedulerTask.java:68)
	at reactor.core.scheduler.SchedulerTask.call(SchedulerTask.java:28)
	at java.base/java.util.concurrent.FutureTask.run(FutureTask.java:264)
	at java.base/java.util.concurrent.ScheduledThreadPoolExecutor$ScheduledFutureTask.run(ScheduledThreadPoolExecutor.java:304)
	at java.base/java.util.concurrent.ThreadPoolExecutor.runWorker(ThreadPoolExecutor.java:1136)
	at java.base/java.util.concurrent.ThreadPoolExecutor$Worker.run(ThreadPoolExecutor.java:635)
	at java.base/java.lang.Thread.run(Thread.java:842)
Caused by: io.lettuce.core.RedisConnectionException: Unable to connect to localhost/<unresolved>:6379
	at io.lettuce.core.RedisConnectionException.create(RedisConnectionException.java:63)
	at io.lettuce.core.RedisConnectionException.create(RedisConnectionException.java:41)
	at io.lettuce.core.AbstractRedisClient.getConnection(AbstractRedisClient.java:354)
	at io.lettuce.core.RedisClient.connect(RedisClient.java:219)
	at org.springframework.data.redis.connection.lettuce.StandaloneConnectionProvider.lambda$getConnection$1(StandaloneConnectionProvider.java:112)
	at java.base/java.util.Optional.orElseGet(Optional.java:364)
	at org.springframework.data.redis.connection.lettuce.StandaloneConnectionProvider.getConnection(StandaloneConnectionProvider.java:112)
	at org.springframework.data.redis.connection.lettuce.LettuceConnectionFactory$ExceptionTranslatingConnectionProvider.getConnection(LettuceConnectionFactory.java:1787)
	... 16 common frames omitted
Caused by: io.netty.channel.AbstractChannel$AnnotatedConnectException: Connection refused: no further information: localhost/127.0.0.1:6379
Caused by: java.net.ConnectException: Connection refused: no further information
	at java.base/sun.nio.ch.Net.pollConnect(Native Method)
	at java.base/sun.nio.ch.Net.pollConnectNow(Net.java:672)
	at java.base/sun.nio.ch.SocketChannelImpl.finishConnect(SocketChannelImpl.java:946)
	at io.netty.channel.socket.nio.NioSocketChannel.doFinishConnect(NioSocketChannel.java:336)
	at io.netty.channel.nio.AbstractNioChannel$AbstractNioUnsafe.finishConnect(AbstractNioChannel.java:339)
	at io.netty.channel.nio.NioEventLoop.processSelectedKey(NioEventLoop.java:784)
	at io.netty.channel.nio.NioEventLoop.processSelectedKeysOptimized(NioEventLoop.java:732)
	at io.netty.channel.nio.NioEventLoop.processSelectedKeys(NioEventLoop.java:658)
	at io.netty.channel.nio.NioEventLoop.run(NioEventLoop.java:562)
	at io.netty.util.concurrent.SingleThreadEventExecutor$4.run(SingleThreadEventExecutor.java:998)
	at io.netty.util.internal.ThreadExecutorMap$2.run(ThreadExecutorMap.java:74)
	at io.netty.util.concurrent.FastThreadLocalRunnable.run(FastThreadLocalRunnable.java:30)
	at java.base/java.lang.Thread.run(Thread.java:842)
12:14:02.435 [scheduling-1] DEBUG o.h.e.t.internal.TransactionImpl - On TransactionImpl creation, JpaCompliance#isJpaTransactionComplianceEnabled == false
12:14:02.435 [scheduling-1] DEBUG o.h.e.t.internal.TransactionImpl - begin
12:14:02.436 [scheduling-1] DEBUG org.hibernate.SQL - 
    /* <criteria> */ select
        oe1_0.id,
        oe1_0.aggregate_id,
        oe1_0.aggregate_type,
        oe1_0.created_at,
        oe1_0.deleted,
        oe1_0.event_type,
        oe1_0.payload,
        oe1_0.published 
    from
        outbox_tbl oe1_0 
    where
        (
            oe1_0.deleted = 0
        ) 
        and oe1_0.published=0 
    order by
        oe1_0.created_at
12:14:02.438 [scheduling-1] DEBUG o.h.e.t.internal.TransactionImpl - committing
12:14:04.439 [scheduling-1] DEBUG o.h.e.t.internal.TransactionImpl - On TransactionImpl creation, JpaCompliance#isJpaTransactionComplianceEnabled == false
12:14:04.439 [scheduling-1] DEBUG o.h.e.t.internal.TransactionImpl - begin
12:14:04.441 [scheduling-1] DEBUG org.hibernate.SQL - 
    /* <criteria> */ select
        oe1_0.id,
        oe1_0.aggregate_id,
        oe1_0.aggregate_type,
        oe1_0.created_at,
        oe1_0.deleted,
        oe1_0.event_type,
        oe1_0.payload,
        oe1_0.published 
    from
        outbox_tbl oe1_0 
    where
        (
            oe1_0.deleted = 0
        ) 
        and oe1_0.published=0 
    order by
        oe1_0.created_at
12:14:04.442 [scheduling-1] DEBUG o.h.e.t.internal.TransactionImpl - committing
12:14:05.701 [org.springframework.kafka.KafkaListenerEndpointContainer#0-0-C-1] INFO  o.apache.kafka.clients.NetworkClient - [Consumer clientId=consumer-building-service-updater-1, groupId=building-service-updater] Disconnecting from node -1 due to socket connection setup timeout. The timeout value is 17121 ms.
12:14:05.701 [org.springframework.kafka.KafkaListenerEndpointContainer#0-0-C-1] WARN  o.apache.kafka.clients.NetworkClient - [Consumer clientId=consumer-building-service-updater-1, groupId=building-service-updater] Bootstrap broker 100.99.137.56:9092 (id: -1 rack: null) disconnected
12:14:06.443 [scheduling-1] DEBUG o.h.e.t.internal.TransactionImpl - On TransactionImpl creation, JpaCompliance#isJpaTransactionComplianceEnabled == false
12:14:06.443 [scheduling-1] DEBUG o.h.e.t.internal.TransactionImpl - begin
12:14:06.445 [scheduling-1] DEBUG org.hibernate.SQL - 
    /* <criteria> */ select
        oe1_0.id,
        oe1_0.aggregate_id,
        oe1_0.aggregate_type,
        oe1_0.created_at,
        oe1_0.deleted,
        oe1_0.event_type,
        oe1_0.payload,
        oe1_0.published 
    from
        outbox_tbl oe1_0 
    where
        (
            oe1_0.deleted = 0
        ) 
        and oe1_0.published=0 
    order by
        oe1_0.created_at
12:14:06.446 [scheduling-1] DEBUG o.h.e.t.internal.TransactionImpl - committing
12:14:08.448 [scheduling-1] DEBUG o.h.e.t.internal.TransactionImpl - On TransactionImpl creation, JpaCompliance#isJpaTransactionComplianceEnabled == false
12:14:08.448 [scheduling-1] DEBUG o.h.e.t.internal.TransactionImpl - begin
12:14:08.449 [scheduling-1] DEBUG org.hibernate.SQL - 
    /* <criteria> */ select
        oe1_0.id,
        oe1_0.aggregate_id,
        oe1_0.aggregate_type,
        oe1_0.created_at,
        oe1_0.deleted,
        oe1_0.event_type,
        oe1_0.payload,
        oe1_0.published 
    from
        outbox_tbl oe1_0 
    where
        (
            oe1_0.deleted = 0
        ) 
        and oe1_0.published=0 
    order by
        oe1_0.created_at
12:14:08.450 [scheduling-1] DEBUG o.h.e.t.internal.TransactionImpl - committing
12:14:10.452 [scheduling-1] DEBUG o.h.e.t.internal.TransactionImpl - On TransactionImpl creation, JpaCompliance#isJpaTransactionComplianceEnabled == false
12:14:10.452 [scheduling-1] DEBUG o.h.e.t.internal.TransactionImpl - begin
12:14:10.454 [scheduling-1] DEBUG org.hibernate.SQL - 
    /* <criteria> */ select
        oe1_0.id,
        oe1_0.aggregate_id,
        oe1_0.aggregate_type,
        oe1_0.created_at,
        oe1_0.deleted,
        oe1_0.event_type,
        oe1_0.payload,
        oe1_0.published 
    from
        outbox_tbl oe1_0 
    where
        (
            oe1_0.deleted = 0
        ) 
        and oe1_0.published=0 
    order by
        oe1_0.created_at
12:14:10.455 [scheduling-1] DEBUG o.h.e.t.internal.TransactionImpl - committing
12:14:12.457 [scheduling-1] DEBUG o.h.e.t.internal.TransactionImpl - On TransactionImpl creation, JpaCompliance#isJpaTransactionComplianceEnabled == false
12:14:12.457 [scheduling-1] DEBUG o.h.e.t.internal.TransactionImpl - begin
12:14:12.459 [scheduling-1] DEBUG org.hibernate.SQL - 
    /* <criteria> */ select
        oe1_0.id,
        oe1_0.aggregate_id,
        oe1_0.aggregate_type,
        oe1_0.created_at,
        oe1_0.deleted,
        oe1_0.event_type,
        oe1_0.payload,
        oe1_0.published 
    from
        outbox_tbl oe1_0 
    where
        (
            oe1_0.deleted = 0
        ) 
        and oe1_0.published=0 
    order by
        oe1_0.created_at
12:14:12.459 [scheduling-1] DEBUG o.h.e.t.internal.TransactionImpl - committing
12:14:14.460 [scheduling-1] DEBUG o.h.e.t.internal.TransactionImpl - On TransactionImpl creation, JpaCompliance#isJpaTransactionComplianceEnabled == false
12:14:14.460 [scheduling-1] DEBUG o.h.e.t.internal.TransactionImpl - begin
12:14:14.462 [scheduling-1] DEBUG org.hibernate.SQL - 
    /* <criteria> */ select
        oe1_0.id,
        oe1_0.aggregate_id,
        oe1_0.aggregate_type,
        oe1_0.created_at,
        oe1_0.deleted,
        oe1_0.event_type,
        oe1_0.payload,
        oe1_0.published 
    from
        outbox_tbl oe1_0 
    where
        (
            oe1_0.deleted = 0
        ) 
        and oe1_0.published=0 
    order by
        oe1_0.created_at
12:14:14.463 [scheduling-1] DEBUG o.h.e.t.internal.TransactionImpl - committing
12:14:16.478 [scheduling-1] DEBUG o.h.e.t.internal.TransactionImpl - On TransactionImpl creation, JpaCompliance#isJpaTransactionComplianceEnabled == false
12:14:16.478 [scheduling-1] DEBUG o.h.e.t.internal.TransactionImpl - begin
12:14:16.479 [scheduling-1] DEBUG org.hibernate.SQL - 
    /* <criteria> */ select
        oe1_0.id,
        oe1_0.aggregate_id,
        oe1_0.aggregate_type,
        oe1_0.created_at,
        oe1_0.deleted,
        oe1_0.event_type,
        oe1_0.payload,
        oe1_0.published 
    from
        outbox_tbl oe1_0 
    where
        (
            oe1_0.deleted = 0
        ) 
        and oe1_0.published=0 
    order by
        oe1_0.created_at
12:14:16.480 [scheduling-1] DEBUG o.h.e.t.internal.TransactionImpl - committing
12:14:18.491 [scheduling-1] DEBUG o.h.e.t.internal.TransactionImpl - On TransactionImpl creation, JpaCompliance#isJpaTransactionComplianceEnabled == false
12:14:18.491 [scheduling-1] DEBUG o.h.e.t.internal.TransactionImpl - begin
12:14:18.493 [scheduling-1] DEBUG org.hibernate.SQL - 
    /* <criteria> */ select
        oe1_0.id,
        oe1_0.aggregate_id,
        oe1_0.aggregate_type,
        oe1_0.created_at,
        oe1_0.deleted,
        oe1_0.event_type,
        oe1_0.payload,
        oe1_0.published 
    from
        outbox_tbl oe1_0 
    where
        (
            oe1_0.deleted = 0
        ) 
        and oe1_0.published=0 
    order by
        oe1_0.created_at
12:14:18.494 [scheduling-1] DEBUG o.h.e.t.internal.TransactionImpl - committing
12:14:20.497 [scheduling-1] DEBUG o.h.e.t.internal.TransactionImpl - On TransactionImpl creation, JpaCompliance#isJpaTransactionComplianceEnabled == false
12:14:20.497 [scheduling-1] DEBUG o.h.e.t.internal.TransactionImpl - begin
12:14:20.498 [scheduling-1] DEBUG org.hibernate.SQL - 
    /* <criteria> */ select
        oe1_0.id,
        oe1_0.aggregate_id,
        oe1_0.aggregate_type,
        oe1_0.created_at,
        oe1_0.deleted,
        oe1_0.event_type,
        oe1_0.payload,
        oe1_0.published 
    from
        outbox_tbl oe1_0 
    where
        (
            oe1_0.deleted = 0
        ) 
        and oe1_0.published=0 
    order by
        oe1_0.created_at
12:14:20.500 [scheduling-1] DEBUG o.h.e.t.internal.TransactionImpl - committing
12:14:22.501 [scheduling-1] DEBUG o.h.e.t.internal.TransactionImpl - On TransactionImpl creation, JpaCompliance#isJpaTransactionComplianceEnabled == false
12:14:22.501 [scheduling-1] DEBUG o.h.e.t.internal.TransactionImpl - begin
12:14:22.503 [scheduling-1] DEBUG org.hibernate.SQL - 
    /* <criteria> */ select
        oe1_0.id,
        oe1_0.aggregate_id,
        oe1_0.aggregate_type,
        oe1_0.created_at,
        oe1_0.deleted,
        oe1_0.event_type,
        oe1_0.payload,
        oe1_0.published 
    from
        outbox_tbl oe1_0 
    where
        (
            oe1_0.deleted = 0
        ) 
        and oe1_0.published=0 
    order by
        oe1_0.created_at
12:14:22.504 [scheduling-1] DEBUG o.h.e.t.internal.TransactionImpl - committing
12:14:24.506 [scheduling-1] DEBUG o.h.e.t.internal.TransactionImpl - On TransactionImpl creation, JpaCompliance#isJpaTransactionComplianceEnabled == false
12:14:24.506 [scheduling-1] DEBUG o.h.e.t.internal.TransactionImpl - begin
12:14:24.509 [scheduling-1] DEBUG org.hibernate.SQL - 
    /* <criteria> */ select
        oe1_0.id,
        oe1_0.aggregate_id,
        oe1_0.aggregate_type,
        oe1_0.created_at,
        oe1_0.deleted,
        oe1_0.event_type,
        oe1_0.payload,
        oe1_0.published 
    from
        outbox_tbl oe1_0 
    where
        (
            oe1_0.deleted = 0
        ) 
        and oe1_0.published=0 
    order by
        oe1_0.created_at
12:14:24.510 [scheduling-1] DEBUG o.h.e.t.internal.TransactionImpl - committing
12:14:26.513 [scheduling-1] DEBUG o.h.e.t.internal.TransactionImpl - On TransactionImpl creation, JpaCompliance#isJpaTransactionComplianceEnabled == false
12:14:26.513 [scheduling-1] DEBUG o.h.e.t.internal.TransactionImpl - begin
12:14:26.515 [scheduling-1] DEBUG org.hibernate.SQL - 
    /* <criteria> */ select
        oe1_0.id,
        oe1_0.aggregate_id,
        oe1_0.aggregate_type,
        oe1_0.created_at,
        oe1_0.deleted,
        oe1_0.event_type,
        oe1_0.payload,
        oe1_0.published 
    from
        outbox_tbl oe1_0 
    where
        (
            oe1_0.deleted = 0
        ) 
        and oe1_0.published=0 
    order by
        oe1_0.created_at
12:14:26.516 [scheduling-1] DEBUG o.h.e.t.internal.TransactionImpl - committing
12:14:26.874 [org.springframework.kafka.KafkaListenerEndpointContainer#0-0-C-1] INFO  o.apache.kafka.clients.NetworkClient - [Consumer clientId=consumer-building-service-updater-1, groupId=building-service-updater] Node -1 disconnected.
12:14:26.874 [org.springframework.kafka.KafkaListenerEndpointContainer#0-0-C-1] WARN  o.apache.kafka.clients.NetworkClient - [Consumer clientId=consumer-building-service-updater-1, groupId=building-service-updater] Connection to node -1 (/100.99.137.56:9092) could not be established. Node may not be available.
12:14:26.874 [org.springframework.kafka.KafkaListenerEndpointContainer#0-0-C-1] WARN  o.apache.kafka.clients.NetworkClient - [Consumer clientId=consumer-building-service-updater-1, groupId=building-service-updater] Bootstrap broker 100.99.137.56:9092 (id: -1 rack: null) disconnected
12:14:27.603 [https-jsse-nio-8443-exec-1] DEBUG o.s.security.web.FilterChainProxy - Securing GET /login
12:14:27.608 [https-jsse-nio-8443-exec-1] DEBUG o.s.s.w.a.c.ChannelProcessingFilter - Request: filter invocation [GET /login]; ConfigAttributes: [REQUIRES_SECURE_CHANNEL]
12:14:27.615 [https-jsse-nio-8443-exec-1] DEBUG o.s.s.w.a.AnonymousAuthenticationFilter - Set SecurityContextHolder to anonymous SecurityContext
12:14:27.617 [https-jsse-nio-8443-exec-1] DEBUG o.s.security.web.FilterChainProxy - Secured GET /login
12:14:27.952 [https-jsse-nio-8443-exec-4] DEBUG o.s.security.web.FilterChainProxy - Securing GET /css/reset.css
12:14:27.952 [https-jsse-nio-8443-exec-4] DEBUG o.s.s.w.a.c.ChannelProcessingFilter - Request: filter invocation [GET /css/reset.css]; ConfigAttributes: [REQUIRES_SECURE_CHANNEL]
12:14:27.953 [https-jsse-nio-8443-exec-4] DEBUG o.s.s.w.a.AnonymousAuthenticationFilter - Set SecurityContextHolder to anonymous SecurityContext
12:14:27.954 [https-jsse-nio-8443-exec-4] DEBUG o.s.security.web.FilterChainProxy - Secured GET /css/reset.css
12:14:27.975 [https-jsse-nio-8443-exec-4] DEBUG o.s.security.web.FilterChainProxy - Securing GET /css/styles.css
12:14:27.975 [https-jsse-nio-8443-exec-4] DEBUG o.s.s.w.a.c.ChannelProcessingFilter - Request: filter invocation [GET /css/styles.css]; ConfigAttributes: [REQUIRES_SECURE_CHANNEL]
12:14:27.976 [https-jsse-nio-8443-exec-4] DEBUG o.s.s.w.a.AnonymousAuthenticationFilter - Set SecurityContextHolder to anonymous SecurityContext
12:14:27.976 [https-jsse-nio-8443-exec-4] DEBUG o.s.security.web.FilterChainProxy - Secured GET /css/styles.css
12:14:27.992 [https-jsse-nio-8443-exec-2] DEBUG o.s.security.web.FilterChainProxy - Securing GET /css/fontawesome.css
12:14:27.992 [https-jsse-nio-8443-exec-2] DEBUG o.s.s.w.a.c.ChannelProcessingFilter - Request: filter invocation [GET /css/fontawesome.css]; ConfigAttributes: [REQUIRES_SECURE_CHANNEL]
12:14:27.992 [https-jsse-nio-8443-exec-4] DEBUG o.s.security.web.FilterChainProxy - Securing GET /css/fonts.min.css
12:14:27.992 [https-jsse-nio-8443-exec-4] DEBUG o.s.s.w.a.c.ChannelProcessingFilter - Request: filter invocation [GET /css/fonts.min.css]; ConfigAttributes: [REQUIRES_SECURE_CHANNEL]
12:14:27.993 [https-jsse-nio-8443-exec-2] DEBUG o.s.s.w.a.AnonymousAuthenticationFilter - Set SecurityContextHolder to anonymous SecurityContext
12:14:27.993 [https-jsse-nio-8443-exec-4] DEBUG o.s.s.w.a.AnonymousAuthenticationFilter - Set SecurityContextHolder to anonymous SecurityContext
12:14:27.993 [https-jsse-nio-8443-exec-2] DEBUG o.s.security.web.FilterChainProxy - Secured GET /css/fontawesome.css
12:14:27.993 [https-jsse-nio-8443-exec-4] DEBUG o.s.security.web.FilterChainProxy - Secured GET /css/fonts.min.css
12:14:28.000 [https-jsse-nio-8443-exec-1] DEBUG o.s.security.web.FilterChainProxy - Securing GET /css/toast.css
12:14:28.000 [https-jsse-nio-8443-exec-1] DEBUG o.s.s.w.a.c.ChannelProcessingFilter - Request: filter invocation [GET /css/toast.css]; ConfigAttributes: [REQUIRES_SECURE_CHANNEL]
12:14:28.000 [https-jsse-nio-8443-exec-1] DEBUG o.s.s.w.a.AnonymousAuthenticationFilter - Set SecurityContextHolder to anonymous SecurityContext
12:14:28.001 [https-jsse-nio-8443-exec-1] DEBUG o.s.security.web.FilterChainProxy - Secured GET /css/toast.css
12:14:28.003 [https-jsse-nio-8443-exec-8] DEBUG o.s.security.web.FilterChainProxy - Securing GET /css/bootstrap.min.css
12:14:28.004 [https-jsse-nio-8443-exec-8] DEBUG o.s.s.w.a.c.ChannelProcessingFilter - Request: filter invocation [GET /css/bootstrap.min.css]; ConfigAttributes: [REQUIRES_SECURE_CHANNEL]
12:14:28.004 [https-jsse-nio-8443-exec-8] DEBUG o.s.s.w.a.AnonymousAuthenticationFilter - Set SecurityContextHolder to anonymous SecurityContext
12:14:28.004 [https-jsse-nio-8443-exec-8] DEBUG o.s.security.web.FilterChainProxy - Secured GET /css/bootstrap.min.css
12:14:28.007 [https-jsse-nio-8443-exec-9] DEBUG o.s.security.web.FilterChainProxy - Securing GET /js/bootstrap.bundle.min.js
12:14:28.008 [https-jsse-nio-8443-exec-9] DEBUG o.s.s.w.a.c.ChannelProcessingFilter - Request: filter invocation [GET /js/bootstrap.bundle.min.js]; ConfigAttributes: [REQUIRES_SECURE_CHANNEL]
12:14:28.009 [https-jsse-nio-8443-exec-10] DEBUG o.s.security.web.FilterChainProxy - Securing GET /js/fontawesome.js
12:14:28.009 [https-jsse-nio-8443-exec-4] DEBUG o.s.security.web.FilterChainProxy - Securing GET /js/toast.js
12:14:28.009 [https-jsse-nio-8443-exec-9] DEBUG o.s.s.w.a.AnonymousAuthenticationFilter - Set SecurityContextHolder to anonymous SecurityContext
12:14:28.009 [https-jsse-nio-8443-exec-10] DEBUG o.s.s.w.a.c.ChannelProcessingFilter - Request: filter invocation [GET /js/fontawesome.js]; ConfigAttributes: [REQUIRES_SECURE_CHANNEL]
12:14:28.009 [https-jsse-nio-8443-exec-4] DEBUG o.s.s.w.a.c.ChannelProcessingFilter - Request: filter invocation [GET /js/toast.js]; ConfigAttributes: [REQUIRES_SECURE_CHANNEL]
12:14:28.009 [https-jsse-nio-8443-exec-4] DEBUG o.s.s.w.a.AnonymousAuthenticationFilter - Set SecurityContextHolder to anonymous SecurityContext
12:14:28.009 [https-jsse-nio-8443-exec-9] DEBUG o.s.security.web.FilterChainProxy - Secured GET /js/bootstrap.bundle.min.js
12:14:28.009 [https-jsse-nio-8443-exec-10] DEBUG o.s.s.w.a.AnonymousAuthenticationFilter - Set SecurityContextHolder to anonymous SecurityContext
12:14:28.009 [https-jsse-nio-8443-exec-4] DEBUG o.s.security.web.FilterChainProxy - Secured GET /js/toast.js
12:14:28.009 [https-jsse-nio-8443-exec-10] DEBUG o.s.security.web.FilterChainProxy - Secured GET /js/fontawesome.js
12:14:28.017 [https-jsse-nio-8443-exec-1] DEBUG o.s.security.web.FilterChainProxy - Securing GET /js/script.js
12:14:28.017 [https-jsse-nio-8443-exec-1] DEBUG o.s.s.w.a.c.ChannelProcessingFilter - Request: filter invocation [GET /js/script.js]; ConfigAttributes: [REQUIRES_SECURE_CHANNEL]
12:14:28.017 [https-jsse-nio-8443-exec-1] DEBUG o.s.s.w.a.AnonymousAuthenticationFilter - Set SecurityContextHolder to anonymous SecurityContext
12:14:28.018 [https-jsse-nio-8443-exec-1] DEBUG o.s.security.web.FilterChainProxy - Secured GET /js/script.js
12:14:28.035 [https-jsse-nio-8443-exec-4] DEBUG o.s.security.web.FilterChainProxy - Securing GET /js/profiles-register.js
12:14:28.035 [https-jsse-nio-8443-exec-4] DEBUG o.s.s.w.a.c.ChannelProcessingFilter - Request: filter invocation [GET /js/profiles-register.js]; ConfigAttributes: [REQUIRES_SECURE_CHANNEL]
12:14:28.035 [https-jsse-nio-8443-exec-4] DEBUG o.s.s.w.a.AnonymousAuthenticationFilter - Set SecurityContextHolder to anonymous SecurityContext
12:14:28.036 [https-jsse-nio-8443-exec-4] DEBUG o.s.security.web.FilterChainProxy - Secured GET /js/profiles-register.js
12:14:28.523 [scheduling-1] DEBUG o.h.e.t.internal.TransactionImpl - On TransactionImpl creation, JpaCompliance#isJpaTransactionComplianceEnabled == false
12:14:28.523 [scheduling-1] DEBUG o.h.e.t.internal.TransactionImpl - begin
12:14:28.524 [scheduling-1] DEBUG org.hibernate.SQL - 
    /* <criteria> */ select
        oe1_0.id,
        oe1_0.aggregate_id,
        oe1_0.aggregate_type,
        oe1_0.created_at,
        oe1_0.deleted,
        oe1_0.event_type,
        oe1_0.payload,
        oe1_0.published 
    from
        outbox_tbl oe1_0 
    where
        (
            oe1_0.deleted = 0
        ) 
        and oe1_0.published=0 
    order by
        oe1_0.created_at
12:14:28.526 [scheduling-1] DEBUG o.h.e.t.internal.TransactionImpl - committing
12:14:28.731 [https-jsse-nio-8443-exec-3] DEBUG o.s.security.web.FilterChainProxy - Securing GET /icons/mftlogo.png
12:14:28.731 [https-jsse-nio-8443-exec-3] DEBUG o.s.s.w.a.c.ChannelProcessingFilter - Request: filter invocation [GET /icons/mftlogo.png]; ConfigAttributes: [REQUIRES_SECURE_CHANNEL]
12:14:28.732 [https-jsse-nio-8443-exec-3] DEBUG o.s.s.w.a.AnonymousAuthenticationFilter - Set SecurityContextHolder to anonymous SecurityContext
12:14:28.734 [https-jsse-nio-8443-exec-3] DEBUG o.s.security.web.FilterChainProxy - Secured GET /icons/mftlogo.png
12:14:30.540 [scheduling-1] DEBUG o.h.e.t.internal.TransactionImpl - On TransactionImpl creation, JpaCompliance#isJpaTransactionComplianceEnabled == false
12:14:30.540 [scheduling-1] DEBUG o.h.e.t.internal.TransactionImpl - begin
12:14:30.542 [scheduling-1] DEBUG org.hibernate.SQL - 
    /* <criteria> */ select
        oe1_0.id,
        oe1_0.aggregate_id,
        oe1_0.aggregate_type,
        oe1_0.created_at,
        oe1_0.deleted,
        oe1_0.event_type,
        oe1_0.payload,
        oe1_0.published 
    from
        outbox_tbl oe1_0 
    where
        (
            oe1_0.deleted = 0
        ) 
        and oe1_0.published=0 
    order by
        oe1_0.created_at
12:14:30.543 [scheduling-1] DEBUG o.h.e.t.internal.TransactionImpl - committing
12:14:32.020 [https-jsse-nio-8443-exec-7] DEBUG o.s.security.web.FilterChainProxy - Securing POST /login
12:14:32.020 [https-jsse-nio-8443-exec-7] DEBUG o.s.s.w.a.c.ChannelProcessingFilter - Request: filter invocation [POST /login]; ConfigAttributes: [REQUIRES_SECURE_CHANNEL]
12:14:32.361 [https-jsse-nio-8443-exec-7] DEBUG org.hibernate.SQL - 
    /* <criteria> */ select
        u1_0.username,
        u1_0.account_non_expired,
        u1_0.account_non_locked,
        u1_0.credentials_expiry_date,
        u1_0.credentials_non_expired,
        u1_0.deleted,
        u1_0.enabled,
        u1_0.password 
    from
        user_tbl u1_0 
    where
        (
            u1_0.deleted = 0
        ) 
        and u1_0.username=?
12:14:32.362 [https-jsse-nio-8443-exec-7] TRACE org.hibernate.orm.jdbc.bind - binding parameter (1:VARCHAR) <- [ali]
12:14:32.368 [https-jsse-nio-8443-exec-7] TRACE org.hibernate.orm.jdbc.extract - extracted value (1:VARCHAR) -> [ali]
12:14:32.369 [https-jsse-nio-8443-exec-7] TRACE org.hibernate.orm.jdbc.extract - extracted value (2:BOOLEAN) -> [true]
12:14:32.369 [https-jsse-nio-8443-exec-7] TRACE org.hibernate.orm.jdbc.extract - extracted value (3:BOOLEAN) -> [true]
12:14:32.369 [https-jsse-nio-8443-exec-7] TRACE org.hibernate.orm.jdbc.extract - extracted value (4:TIMESTAMP) -> [2026-08-03T18:03:44.737555]
12:14:32.369 [https-jsse-nio-8443-exec-7] TRACE org.hibernate.orm.jdbc.extract - extracted value (5:BOOLEAN) -> [true]
12:14:32.369 [https-jsse-nio-8443-exec-7] TRACE org.hibernate.orm.jdbc.extract - extracted value (6:BOOLEAN) -> [false]
12:14:32.369 [https-jsse-nio-8443-exec-7] TRACE org.hibernate.orm.jdbc.extract - extracted value (7:BOOLEAN) -> [true]
12:14:32.369 [https-jsse-nio-8443-exec-7] TRACE org.hibernate.orm.jdbc.extract - extracted value (8:VARCHAR) -> [$2a$12$zWjkkNI6AJKAxh71k9FGeekl8NyE861fVAn0dtmHT4Ve90RbP/.qO]
12:14:32.370 [https-jsse-nio-8443-exec-7] DEBUG org.hibernate.SQL - 
    select
        rs1_0.username,
        rs1_1.name,
        rs1_1.deleted,
        ps1_0.role_name,
        ps1_1.id,
        ps1_1.deleted,
        ps1_1.permission 
    from
        user_role_tbl rs1_0 
    join
        role_tbl rs1_1 
            on rs1_1.name=rs1_0.role_name 
    left join
        (role_permission_tbl ps1_0 
    join
        permission_tbl ps1_1 
            on ps1_1.id=ps1_0.permission) 
        on rs1_1.name=ps1_0.role_name 
        and ( ps1_1.deleted = 0) 
    where
        rs1_0.username=? 
        and (
            rs1_1.deleted = 0
        )
12:14:32.370 [https-jsse-nio-8443-exec-7] TRACE org.hibernate.orm.jdbc.bind - binding parameter (1:VARCHAR) <- [ali]
12:14:32.379 [https-jsse-nio-8443-exec-7] TRACE org.hibernate.orm.jdbc.extract - extracted value (1:VARCHAR) -> [ali]
12:14:32.379 [https-jsse-nio-8443-exec-7] TRACE org.hibernate.orm.jdbc.extract - extracted value (2:VARCHAR) -> [ROLE_ADMIN]
12:14:32.379 [https-jsse-nio-8443-exec-7] TRACE org.hibernate.orm.jdbc.extract - extracted value (4:VARCHAR) -> [ROLE_ADMIN]
12:14:32.379 [https-jsse-nio-8443-exec-7] TRACE org.hibernate.orm.jdbc.extract - extracted value (5:BIGINT) -> [1]
12:14:32.380 [https-jsse-nio-8443-exec-7] TRACE org.hibernate.orm.jdbc.extract - extracted value (6:BOOLEAN) -> [false]
12:14:32.380 [https-jsse-nio-8443-exec-7] TRACE org.hibernate.orm.jdbc.extract - extracted value (7:VARCHAR) -> [TICKET_CREATE]
12:14:32.380 [https-jsse-nio-8443-exec-7] TRACE org.hibernate.orm.jdbc.extract - extracted value (3:BOOLEAN) -> [false]
12:14:32.380 [https-jsse-nio-8443-exec-7] TRACE org.hibernate.orm.jdbc.extract - extracted value (1:VARCHAR) -> [ali]
12:14:32.380 [https-jsse-nio-8443-exec-7] TRACE org.hibernate.orm.jdbc.extract - extracted value (2:VARCHAR) -> [ROLE_ADMIN]
12:14:32.380 [https-jsse-nio-8443-exec-7] TRACE org.hibernate.orm.jdbc.extract - extracted value (5:BIGINT) -> [2]
12:14:32.380 [https-jsse-nio-8443-exec-7] TRACE org.hibernate.orm.jdbc.extract - extracted value (6:BOOLEAN) -> [false]
12:14:32.380 [https-jsse-nio-8443-exec-7] TRACE org.hibernate.orm.jdbc.extract - extracted value (7:VARCHAR) -> [TICKET_EDIT]
12:14:32.380 [https-jsse-nio-8443-exec-7] TRACE org.hibernate.orm.jdbc.extract - extracted value (1:VARCHAR) -> [ali]
12:14:32.380 [https-jsse-nio-8443-exec-7] TRACE org.hibernate.orm.jdbc.extract - extracted value (2:VARCHAR) -> [ROLE_ADMIN]
12:14:32.380 [https-jsse-nio-8443-exec-7] TRACE org.hibernate.orm.jdbc.extract - extracted value (5:BIGINT) -> [3]
12:14:32.380 [https-jsse-nio-8443-exec-7] TRACE org.hibernate.orm.jdbc.extract - extracted value (6:BOOLEAN) -> [false]
12:14:32.380 [https-jsse-nio-8443-exec-7] TRACE org.hibernate.orm.jdbc.extract - extracted value (7:VARCHAR) -> [TICKET_DELETE]
12:14:32.380 [https-jsse-nio-8443-exec-7] TRACE org.hibernate.orm.jdbc.extract - extracted value (1:VARCHAR) -> [ali]
12:14:32.380 [https-jsse-nio-8443-exec-7] TRACE org.hibernate.orm.jdbc.extract - extracted value (2:VARCHAR) -> [ROLE_ADMIN]
12:14:32.380 [https-jsse-nio-8443-exec-7] TRACE org.hibernate.orm.jdbc.extract - extracted value (5:BIGINT) -> [4]
12:14:32.380 [https-jsse-nio-8443-exec-7] TRACE org.hibernate.orm.jdbc.extract - extracted value (6:BOOLEAN) -> [false]
12:14:32.380 [https-jsse-nio-8443-exec-7] TRACE org.hibernate.orm.jdbc.extract - extracted value (7:VARCHAR) -> [REPORT_VIEW]
12:14:32.380 [https-jsse-nio-8443-exec-7] TRACE org.hibernate.orm.jdbc.extract - extracted value (1:VARCHAR) -> [ali]
12:14:32.380 [https-jsse-nio-8443-exec-7] TRACE org.hibernate.orm.jdbc.extract - extracted value (2:VARCHAR) -> [ROLE_ADMIN]
12:14:32.380 [https-jsse-nio-8443-exec-7] TRACE org.hibernate.orm.jdbc.extract - extracted value (5:BIGINT) -> [5]
12:14:32.380 [https-jsse-nio-8443-exec-7] TRACE org.hibernate.orm.jdbc.extract - extracted value (6:BOOLEAN) -> [false]
12:14:32.380 [https-jsse-nio-8443-exec-7] TRACE org.hibernate.orm.jdbc.extract - extracted value (7:VARCHAR) -> [TICKET_CHECK_SCORE]
12:14:32.380 [https-jsse-nio-8443-exec-7] TRACE org.hibernate.orm.jdbc.extract - extracted value (1:VARCHAR) -> [ali]
12:14:32.380 [https-jsse-nio-8443-exec-7] TRACE org.hibernate.orm.jdbc.extract - extracted value (2:VARCHAR) -> [ROLE_ADMIN]
12:14:32.380 [https-jsse-nio-8443-exec-7] TRACE org.hibernate.orm.jdbc.extract - extracted value (5:BIGINT) -> [6]
12:14:32.381 [https-jsse-nio-8443-exec-7] TRACE org.hibernate.orm.jdbc.extract - extracted value (6:BOOLEAN) -> [false]
12:14:32.381 [https-jsse-nio-8443-exec-7] TRACE org.hibernate.orm.jdbc.extract - extracted value (7:VARCHAR) -> [TICKET_CHECK_CLOSE]
12:14:32.381 [https-jsse-nio-8443-exec-7] TRACE org.hibernate.orm.jdbc.extract - extracted value (1:VARCHAR) -> [ali]
12:14:32.381 [https-jsse-nio-8443-exec-7] TRACE org.hibernate.orm.jdbc.extract - extracted value (2:VARCHAR) -> [ROLE_ADMIN]
12:14:32.381 [https-jsse-nio-8443-exec-7] TRACE org.hibernate.orm.jdbc.extract - extracted value (5:BIGINT) -> [7]
12:14:32.381 [https-jsse-nio-8443-exec-7] TRACE org.hibernate.orm.jdbc.extract - extracted value (6:BOOLEAN) -> [false]
12:14:32.381 [https-jsse-nio-8443-exec-7] TRACE org.hibernate.orm.jdbc.extract - extracted value (7:VARCHAR) -> [BUILDING_CREATE]
12:14:32.381 [https-jsse-nio-8443-exec-7] TRACE org.hibernate.orm.jdbc.extract - extracted value (1:VARCHAR) -> [ali]
12:14:32.381 [https-jsse-nio-8443-exec-7] TRACE org.hibernate.orm.jdbc.extract - extracted value (2:VARCHAR) -> [ROLE_ADMIN]
12:14:32.381 [https-jsse-nio-8443-exec-7] TRACE org.hibernate.orm.jdbc.extract - extracted value (5:BIGINT) -> [8]
12:14:32.381 [https-jsse-nio-8443-exec-7] TRACE org.hibernate.orm.jdbc.extract - extracted value (6:BOOLEAN) -> [false]
12:14:32.381 [https-jsse-nio-8443-exec-7] TRACE org.hibernate.orm.jdbc.extract - extracted value (7:VARCHAR) -> [BUILDING_EDIT]
12:14:32.381 [https-jsse-nio-8443-exec-7] TRACE org.hibernate.orm.jdbc.extract - extracted value (1:VARCHAR) -> [ali]
12:14:32.381 [https-jsse-nio-8443-exec-7] TRACE org.hibernate.orm.jdbc.extract - extracted value (2:VARCHAR) -> [ROLE_ADMIN]
12:14:32.381 [https-jsse-nio-8443-exec-7] TRACE org.hibernate.orm.jdbc.extract - extracted value (5:BIGINT) -> [9]
12:14:32.381 [https-jsse-nio-8443-exec-7] TRACE org.hibernate.orm.jdbc.extract - extracted value (6:BOOLEAN) -> [false]
12:14:32.381 [https-jsse-nio-8443-exec-7] TRACE org.hibernate.orm.jdbc.extract - extracted value (7:VARCHAR) -> [BUILDING_DELETE]
12:14:32.552 [scheduling-1] DEBUG o.h.e.t.internal.TransactionImpl - On TransactionImpl creation, JpaCompliance#isJpaTransactionComplianceEnabled == false
12:14:32.552 [scheduling-1] DEBUG o.h.e.t.internal.TransactionImpl - begin
12:14:32.552 [scheduling-1] DEBUG org.hibernate.SQL - 
    /* <criteria> */ select
        oe1_0.id,
        oe1_0.aggregate_id,
        oe1_0.aggregate_type,
        oe1_0.created_at,
        oe1_0.deleted,
        oe1_0.event_type,
        oe1_0.payload,
        oe1_0.published 
    from
        outbox_tbl oe1_0 
    where
        (
            oe1_0.deleted = 0
        ) 
        and oe1_0.published=0 
    order by
        oe1_0.created_at
12:14:32.553 [scheduling-1] DEBUG o.h.e.t.internal.TransactionImpl - committing
12:14:32.674 [https-jsse-nio-8443-exec-7] DEBUG o.s.s.a.d.DaoAuthenticationProvider - Authenticated user
12:14:32.712 [https-jsse-nio-8443-exec-7] DEBUG o.s.s.c.session.SessionRegistryImpl - Registering session 2E7350A5681BDEE62C628C9AFEEF39A1, for principal ir.model.entity.CustomUserDetails@435dd609
12:14:32.713 [https-jsse-nio-8443-exec-7] DEBUG o.s.s.w.c.HttpSessionSecurityContextRepository - Stored SecurityContextImpl [Authentication=UsernamePasswordAuthenticationToken [Principal=ir.model.entity.CustomUserDetails@435dd609, Credentials=[PROTECTED], Authenticated=true, Details=WebAuthenticationDetails [RemoteIpAddress=0:0:0:0:0:0:0:1, SessionId=null], Granted Authorities=[TICKET_EDIT, BUILDING_DELETE, TICKET_CHECK_SCORE, BUILDING_EDIT, TICKET_CHECK_CLOSE, BUILDING_CREATE, REPORT_VIEW, ROLE_ADMIN, TICKET_CREATE, TICKET_DELETE]]] to HttpSession [org.apache.catalina.session.StandardSessionFacade@8749a0c]
12:14:32.713 [https-jsse-nio-8443-exec-7] DEBUG o.s.s.w.a.UsernamePasswordAuthenticationFilter - Set SecurityContextHolder to UsernamePasswordAuthenticationToken [Principal=ir.model.entity.CustomUserDetails@435dd609, Credentials=[PROTECTED], Authenticated=true, Details=WebAuthenticationDetails [RemoteIpAddress=0:0:0:0:0:0:0:1, SessionId=null], Granted Authorities=[TICKET_EDIT, BUILDING_DELETE, TICKET_CHECK_SCORE, BUILDING_EDIT, TICKET_CHECK_CLOSE, BUILDING_CREATE, REPORT_VIEW, ROLE_ADMIN, TICKET_CREATE, TICKET_DELETE]]
12:14:32.713 [https-jsse-nio-8443-exec-7] DEBUG o.s.s.web.DefaultRedirectStrategy - Redirecting to /home
12:14:32.717 [https-jsse-nio-8443-exec-5] DEBUG o.s.security.web.FilterChainProxy - Securing GET /home
12:14:32.717 [https-jsse-nio-8443-exec-5] DEBUG o.s.s.w.a.c.ChannelProcessingFilter - Request: filter invocation [GET /home]; ConfigAttributes: [REQUIRES_SECURE_CHANNEL]
12:14:32.718 [https-jsse-nio-8443-exec-5] DEBUG o.s.security.web.FilterChainProxy - Secured GET /home
12:14:32.729 [https-jsse-nio-8443-exec-5] DEBUG o.s.s.w.c.HttpSessionSecurityContextRepository - Retrieved SecurityContextImpl [Authentication=UsernamePasswordAuthenticationToken [Principal=ir.model.entity.CustomUserDetails@435dd609, Credentials=[PROTECTED], Authenticated=true, Details=WebAuthenticationDetails [RemoteIpAddress=0:0:0:0:0:0:0:1, SessionId=null], Granted Authorities=[TICKET_EDIT, BUILDING_DELETE, TICKET_CHECK_SCORE, BUILDING_EDIT, TICKET_CHECK_CLOSE, BUILDING_CREATE, REPORT_VIEW, ROLE_ADMIN, TICKET_CREATE, TICKET_DELETE]]]
12:14:32.730 [https-jsse-nio-8443-exec-5] DEBUG o.s.jdbc.datasource.DataSourceUtils - Setting JDBC Connection [HikariProxyConnection@1478032412 wrapping oracle.jdbc.driver.T4CConnection@64f4b243] read-only
12:14:32.730 [https-jsse-nio-8443-exec-5] DEBUG o.h.e.t.internal.TransactionImpl - On TransactionImpl creation, JpaCompliance#isJpaTransactionComplianceEnabled == false
12:14:32.730 [https-jsse-nio-8443-exec-5] DEBUG o.h.e.t.internal.TransactionImpl - begin
12:14:32.734 [https-jsse-nio-8443-exec-5] DEBUG org.hibernate.SQL - 
    select
        u1_0.username,
        u1_0.account_non_expired,
        u1_0.account_non_locked,
        u1_0.credentials_expiry_date,
        u1_0.credentials_non_expired,
        u1_0.deleted,
        u1_0.enabled,
        u1_0.password,
        rs1_0.username,
        rs1_1.name,
        rs1_1.deleted,
        ps1_0.role_name,
        ps1_1.id,
        ps1_1.deleted,
        ps1_1.permission 
    from
        user_tbl u1_0 
    left join
        (user_role_tbl rs1_0 
    join
        role_tbl rs1_1 
            on rs1_1.name=rs1_0.role_name) 
        on u1_0.username=rs1_0.username 
        and ( rs1_1.deleted = 0) 
    left join
        (role_permission_tbl ps1_0 
    join
        permission_tbl ps1_1 
            on ps1_1.id=ps1_0.permission) 
        on rs1_1.name=ps1_0.role_name 
        and ( ps1_1.deleted = 0) 
    where
        u1_0.username=? 
        and (
            u1_0.deleted = 0
        )
12:14:32.734 [https-jsse-nio-8443-exec-5] TRACE org.hibernate.orm.jdbc.bind - binding parameter (1:VARCHAR) <- [ali]
12:14:32.745 [https-jsse-nio-8443-exec-5] TRACE org.hibernate.orm.jdbc.extract - extracted value (9:VARCHAR) -> [ali]
12:14:32.745 [https-jsse-nio-8443-exec-5] TRACE org.hibernate.orm.jdbc.extract - extracted value (10:VARCHAR) -> [ROLE_ADMIN]
12:14:32.745 [https-jsse-nio-8443-exec-5] TRACE org.hibernate.orm.jdbc.extract - extracted value (12:VARCHAR) -> [ROLE_ADMIN]
12:14:32.745 [https-jsse-nio-8443-exec-5] TRACE org.hibernate.orm.jdbc.extract - extracted value (13:BIGINT) -> [1]
12:14:32.745 [https-jsse-nio-8443-exec-5] TRACE org.hibernate.orm.jdbc.extract - extracted value (14:BOOLEAN) -> [false]
12:14:32.745 [https-jsse-nio-8443-exec-5] TRACE org.hibernate.orm.jdbc.extract - extracted value (15:VARCHAR) -> [TICKET_CREATE]
12:14:32.746 [https-jsse-nio-8443-exec-5] TRACE org.hibernate.orm.jdbc.extract - extracted value (11:BOOLEAN) -> [false]
12:14:32.746 [https-jsse-nio-8443-exec-5] TRACE org.hibernate.orm.jdbc.extract - extracted value (2:BOOLEAN) -> [true]
12:14:32.746 [https-jsse-nio-8443-exec-5] TRACE org.hibernate.orm.jdbc.extract - extracted value (3:BOOLEAN) -> [true]
12:14:32.746 [https-jsse-nio-8443-exec-5] TRACE org.hibernate.orm.jdbc.extract - extracted value (4:TIMESTAMP) -> [2026-08-03T18:03:44.737555]
12:14:32.746 [https-jsse-nio-8443-exec-5] TRACE org.hibernate.orm.jdbc.extract - extracted value (5:BOOLEAN) -> [true]
12:14:32.746 [https-jsse-nio-8443-exec-5] TRACE org.hibernate.orm.jdbc.extract - extracted value (6:BOOLEAN) -> [false]
12:14:32.746 [https-jsse-nio-8443-exec-5] TRACE org.hibernate.orm.jdbc.extract - extracted value (7:BOOLEAN) -> [true]
12:14:32.746 [https-jsse-nio-8443-exec-5] TRACE org.hibernate.orm.jdbc.extract - extracted value (8:VARCHAR) -> [$2a$12$zWjkkNI6AJKAxh71k9FGeekl8NyE861fVAn0dtmHT4Ve90RbP/.qO]
12:14:32.746 [https-jsse-nio-8443-exec-5] TRACE org.hibernate.orm.jdbc.extract - extracted value (10:VARCHAR) -> [ROLE_ADMIN]
12:14:32.746 [https-jsse-nio-8443-exec-5] TRACE org.hibernate.orm.jdbc.extract - extracted value (13:BIGINT) -> [2]
12:14:32.746 [https-jsse-nio-8443-exec-5] TRACE org.hibernate.orm.jdbc.extract - extracted value (14:BOOLEAN) -> [false]
12:14:32.746 [https-jsse-nio-8443-exec-5] TRACE org.hibernate.orm.jdbc.extract - extracted value (15:VARCHAR) -> [TICKET_EDIT]
12:14:32.746 [https-jsse-nio-8443-exec-5] TRACE org.hibernate.orm.jdbc.extract - extracted value (10:VARCHAR) -> [ROLE_ADMIN]
12:14:32.746 [https-jsse-nio-8443-exec-5] TRACE org.hibernate.orm.jdbc.extract - extracted value (13:BIGINT) -> [3]
12:14:32.746 [https-jsse-nio-8443-exec-5] TRACE org.hibernate.orm.jdbc.extract - extracted value (14:BOOLEAN) -> [false]
12:14:32.746 [https-jsse-nio-8443-exec-5] TRACE org.hibernate.orm.jdbc.extract - extracted value (15:VARCHAR) -> [TICKET_DELETE]
12:14:32.746 [https-jsse-nio-8443-exec-5] TRACE org.hibernate.orm.jdbc.extract - extracted value (10:VARCHAR) -> [ROLE_ADMIN]
12:14:32.746 [https-jsse-nio-8443-exec-5] TRACE org.hibernate.orm.jdbc.extract - extracted value (13:BIGINT) -> [4]
12:14:32.746 [https-jsse-nio-8443-exec-5] TRACE org.hibernate.orm.jdbc.extract - extracted value (14:BOOLEAN) -> [false]
12:14:32.746 [https-jsse-nio-8443-exec-5] TRACE org.hibernate.orm.jdbc.extract - extracted value (15:VARCHAR) -> [REPORT_VIEW]
12:14:32.746 [https-jsse-nio-8443-exec-5] TRACE org.hibernate.orm.jdbc.extract - extracted value (10:VARCHAR) -> [ROLE_ADMIN]
12:14:32.746 [https-jsse-nio-8443-exec-5] TRACE org.hibernate.orm.jdbc.extract - extracted value (13:BIGINT) -> [5]
12:14:32.746 [https-jsse-nio-8443-exec-5] TRACE org.hibernate.orm.jdbc.extract - extracted value (14:BOOLEAN) -> [false]
12:14:32.746 [https-jsse-nio-8443-exec-5] TRACE org.hibernate.orm.jdbc.extract - extracted value (15:VARCHAR) -> [TICKET_CHECK_SCORE]
12:14:32.746 [https-jsse-nio-8443-exec-5] TRACE org.hibernate.orm.jdbc.extract - extracted value (10:VARCHAR) -> [ROLE_ADMIN]
12:14:32.746 [https-jsse-nio-8443-exec-5] TRACE org.hibernate.orm.jdbc.extract - extracted value (13:BIGINT) -> [6]
12:14:32.747 [https-jsse-nio-8443-exec-5] TRACE org.hibernate.orm.jdbc.extract - extracted value (14:BOOLEAN) -> [false]
12:14:32.747 [https-jsse-nio-8443-exec-5] TRACE org.hibernate.orm.jdbc.extract - extracted value (15:VARCHAR) -> [TICKET_CHECK_CLOSE]
12:14:32.747 [https-jsse-nio-8443-exec-5] TRACE org.hibernate.orm.jdbc.extract - extracted value (10:VARCHAR) -> [ROLE_ADMIN]
12:14:32.747 [https-jsse-nio-8443-exec-5] TRACE org.hibernate.orm.jdbc.extract - extracted value (13:BIGINT) -> [7]
12:14:32.747 [https-jsse-nio-8443-exec-5] TRACE org.hibernate.orm.jdbc.extract - extracted value (14:BOOLEAN) -> [false]
12:14:32.747 [https-jsse-nio-8443-exec-5] TRACE org.hibernate.orm.jdbc.extract - extracted value (15:VARCHAR) -> [BUILDING_CREATE]
12:14:32.747 [https-jsse-nio-8443-exec-5] TRACE org.hibernate.orm.jdbc.extract - extracted value (10:VARCHAR) -> [ROLE_ADMIN]
12:14:32.747 [https-jsse-nio-8443-exec-5] TRACE org.hibernate.orm.jdbc.extract - extracted value (13:BIGINT) -> [8]
12:14:32.747 [https-jsse-nio-8443-exec-5] TRACE org.hibernate.orm.jdbc.extract - extracted value (14:BOOLEAN) -> [false]
12:14:32.747 [https-jsse-nio-8443-exec-5] TRACE org.hibernate.orm.jdbc.extract - extracted value (15:VARCHAR) -> [BUILDING_EDIT]
12:14:32.747 [https-jsse-nio-8443-exec-5] TRACE org.hibernate.orm.jdbc.extract - extracted value (10:VARCHAR) -> [ROLE_ADMIN]
12:14:32.747 [https-jsse-nio-8443-exec-5] TRACE org.hibernate.orm.jdbc.extract - extracted value (13:BIGINT) -> [9]
12:14:32.747 [https-jsse-nio-8443-exec-5] TRACE org.hibernate.orm.jdbc.extract - extracted value (14:BOOLEAN) -> [false]
12:14:32.747 [https-jsse-nio-8443-exec-5] TRACE org.hibernate.orm.jdbc.extract - extracted value (15:VARCHAR) -> [BUILDING_DELETE]
12:14:32.747 [https-jsse-nio-8443-exec-5] DEBUG o.h.e.t.internal.TransactionImpl - committing
12:14:32.748 [https-jsse-nio-8443-exec-5] DEBUG o.s.jdbc.datasource.DataSourceUtils - Resetting read-only flag of JDBC Connection [HikariProxyConnection@1478032412 wrapping oracle.jdbc.driver.T4CConnection@64f4b243]
12:14:32.751 [https-jsse-nio-8443-exec-5] DEBUG org.hibernate.SQL - 
    /* <criteria> */ select
        n1_0.id,
        n1_0.created_at,
        n1_0.is_read,
        n1_0.link,
        n1_0.message,
        n1_0.title,
        n1_0.username 
    from
        notification_table n1_0 
    where
        n1_0.username=? 
        and n1_0.is_read=0 
    order by
        n1_0.created_at desc 
    fetch
        first ? rows only
12:14:32.751 [https-jsse-nio-8443-exec-5] TRACE org.hibernate.orm.jdbc.bind - binding parameter (1:VARCHAR) <- [ali]
12:14:32.751 [https-jsse-nio-8443-exec-5] TRACE org.hibernate.orm.jdbc.bind - binding parameter (2:INTEGER) <- [5]
12:14:32.761 [https-jsse-nio-8443-exec-5] DEBUG org.hibernate.SQL - 
    /* <criteria> */ select
        count(n1_0.id) 
    from
        notification_table n1_0 
    where
        n1_0.username=? 
        and n1_0.is_read=0
12:14:32.761 [https-jsse-nio-8443-exec-5] TRACE org.hibernate.orm.jdbc.bind - binding parameter (1:VARCHAR) <- [ali]
12:14:32.765 [https-jsse-nio-8443-exec-5] TRACE org.hibernate.orm.jdbc.extract - extracted value (1:BIGINT) -> [0]
12:14:32.767 [https-jsse-nio-8443-exec-5] DEBUG org.hibernate.SQL - 
    /* <criteria> */ select
        count(t1_0.id) 
    from
        ticket_tbl t1_0 
    where
        (
            t1_0.deleted = 0
        ) 
        and t1_0.status=?
12:14:32.767 [https-jsse-nio-8443-exec-5] TRACE org.hibernate.orm.jdbc.bind - binding parameter (1:TINYINT) <- [NotSeen]
12:14:32.772 [https-jsse-nio-8443-exec-5] TRACE org.hibernate.orm.jdbc.extract - extracted value (1:BIGINT) -> [0]
12:14:32.775 [https-jsse-nio-8443-exec-5] INFO  i.c.exception.ResponseAspect - Web Controller: addNotifications
12:14:32.775 [https-jsse-nio-8443-exec-5] INFO  i.c.exception.ResponseAspect - Web Controller: home
12:14:32.853 [https-jsse-nio-8443-exec-6] DEBUG o.s.security.web.FilterChainProxy - Securing GET /css/reset.css
12:14:32.853 [https-jsse-nio-8443-exec-8] DEBUG o.s.security.web.FilterChainProxy - Securing GET /css/bootstrap.min.css
12:14:32.854 [https-jsse-nio-8443-exec-2] DEBUG o.s.security.web.FilterChainProxy - Securing GET /css/fontawesome.css
12:14:32.854 [https-jsse-nio-8443-exec-8] DEBUG o.s.s.w.a.c.ChannelProcessingFilter - Request: filter invocation [GET /css/bootstrap.min.css]; ConfigAttributes: [REQUIRES_SECURE_CHANNEL]
12:14:32.854 [https-jsse-nio-8443-exec-6] DEBUG o.s.s.w.a.c.ChannelProcessingFilter - Request: filter invocation [GET /css/reset.css]; ConfigAttributes: [REQUIRES_SECURE_CHANNEL]
12:14:32.854 [https-jsse-nio-8443-exec-1] DEBUG o.s.security.web.FilterChainProxy - Securing GET /css/fonts.min.css
12:14:32.854 [https-jsse-nio-8443-exec-2] DEBUG o.s.s.w.a.c.ChannelProcessingFilter - Request: filter invocation [GET /css/fontawesome.css]; ConfigAttributes: [REQUIRES_SECURE_CHANNEL]
12:14:32.854 [https-jsse-nio-8443-exec-1] DEBUG o.s.s.w.a.c.ChannelProcessingFilter - Request: filter invocation [GET /css/fonts.min.css]; ConfigAttributes: [REQUIRES_SECURE_CHANNEL]
12:14:32.854 [https-jsse-nio-8443-exec-4] DEBUG o.s.security.web.FilterChainProxy - Securing GET /css/toast.css
12:14:32.854 [https-jsse-nio-8443-exec-4] DEBUG o.s.s.w.a.c.ChannelProcessingFilter - Request: filter invocation [GET /css/toast.css]; ConfigAttributes: [REQUIRES_SECURE_CHANNEL]
12:14:32.854 [https-jsse-nio-8443-exec-2] DEBUG o.s.security.web.FilterChainProxy - Secured GET /css/fontawesome.css
12:14:32.854 [https-jsse-nio-8443-exec-6] DEBUG o.s.security.web.FilterChainProxy - Secured GET /css/reset.css
12:14:32.854 [https-jsse-nio-8443-exec-8] DEBUG o.s.security.web.FilterChainProxy - Secured GET /css/bootstrap.min.css
12:14:32.854 [https-jsse-nio-8443-exec-1] DEBUG o.s.security.web.FilterChainProxy - Secured GET /css/fonts.min.css
12:14:32.854 [https-jsse-nio-8443-exec-4] DEBUG o.s.security.web.FilterChainProxy - Secured GET /css/toast.css
12:14:32.854 [https-jsse-nio-8443-exec-9] DEBUG o.s.security.web.FilterChainProxy - Securing GET /css/styles.css
12:14:32.854 [https-jsse-nio-8443-exec-9] DEBUG o.s.s.w.a.c.ChannelProcessingFilter - Request: filter invocation [GET /css/styles.css]; ConfigAttributes: [REQUIRES_SECURE_CHANNEL]
12:14:32.855 [https-jsse-nio-8443-exec-9] DEBUG o.s.security.web.FilterChainProxy - Secured GET /css/styles.css
12:14:32.855 [https-jsse-nio-8443-exec-6] DEBUG o.s.s.w.c.HttpSessionSecurityContextRepository - Retrieved SecurityContextImpl [Authentication=UsernamePasswordAuthenticationToken [Principal=ir.model.entity.CustomUserDetails@435dd609, Credentials=[PROTECTED], Authenticated=true, Details=WebAuthenticationDetails [RemoteIpAddress=0:0:0:0:0:0:0:1, SessionId=null], Granted Authorities=[TICKET_EDIT, BUILDING_DELETE, TICKET_CHECK_SCORE, BUILDING_EDIT, TICKET_CHECK_CLOSE, BUILDING_CREATE, REPORT_VIEW, ROLE_ADMIN, TICKET_CREATE, TICKET_DELETE]]]
12:14:32.855 [https-jsse-nio-8443-exec-4] DEBUG o.s.s.w.c.HttpSessionSecurityContextRepository - Retrieved SecurityContextImpl [Authentication=UsernamePasswordAuthenticationToken [Principal=ir.model.entity.CustomUserDetails@435dd609, Credentials=[PROTECTED], Authenticated=true, Details=WebAuthenticationDetails [RemoteIpAddress=0:0:0:0:0:0:0:1, SessionId=null], Granted Authorities=[TICKET_EDIT, BUILDING_DELETE, TICKET_CHECK_SCORE, BUILDING_EDIT, TICKET_CHECK_CLOSE, BUILDING_CREATE, REPORT_VIEW, ROLE_ADMIN, TICKET_CREATE, TICKET_DELETE]]]
12:14:32.856 [https-jsse-nio-8443-exec-1] DEBUG o.s.s.w.c.HttpSessionSecurityContextRepository - Retrieved SecurityContextImpl [Authentication=UsernamePasswordAuthenticationToken [Principal=ir.model.entity.CustomUserDetails@435dd609, Credentials=[PROTECTED], Authenticated=true, Details=WebAuthenticationDetails [RemoteIpAddress=0:0:0:0:0:0:0:1, SessionId=null], Granted Authorities=[TICKET_EDIT, BUILDING_DELETE, TICKET_CHECK_SCORE, BUILDING_EDIT, TICKET_CHECK_CLOSE, BUILDING_CREATE, REPORT_VIEW, ROLE_ADMIN, TICKET_CREATE, TICKET_DELETE]]]
12:14:32.857 [https-jsse-nio-8443-exec-9] DEBUG o.s.s.w.c.HttpSessionSecurityContextRepository - Retrieved SecurityContextImpl [Authentication=UsernamePasswordAuthenticationToken [Principal=ir.model.entity.CustomUserDetails@435dd609, Credentials=[PROTECTED], Authenticated=true, Details=WebAuthenticationDetails [RemoteIpAddress=0:0:0:0:0:0:0:1, SessionId=null], Granted Authorities=[TICKET_EDIT, BUILDING_DELETE, TICKET_CHECK_SCORE, BUILDING_EDIT, TICKET_CHECK_CLOSE, BUILDING_CREATE, REPORT_VIEW, ROLE_ADMIN, TICKET_CREATE, TICKET_DELETE]]]
12:14:32.859 [https-jsse-nio-8443-exec-10] DEBUG o.s.security.web.FilterChainProxy - Securing GET /icons/mftlogo.png
12:14:32.859 [https-jsse-nio-8443-exec-3] DEBUG o.s.security.web.FilterChainProxy - Securing GET /js/bootstrap.bundle.min.js
12:14:32.859 [https-jsse-nio-8443-exec-7] DEBUG o.s.security.web.FilterChainProxy - Securing GET /js/fontawesome.js
12:14:32.859 [https-jsse-nio-8443-exec-10] DEBUG o.s.s.w.a.c.ChannelProcessingFilter - Request: filter invocation [GET /icons/mftlogo.png]; ConfigAttributes: [REQUIRES_SECURE_CHANNEL]
12:14:32.859 [https-jsse-nio-8443-exec-3] DEBUG o.s.s.w.a.c.ChannelProcessingFilter - Request: filter invocation [GET /js/bootstrap.bundle.min.js]; ConfigAttributes: [REQUIRES_SECURE_CHANNEL]
12:14:32.859 [https-jsse-nio-8443-exec-5] DEBUG o.s.security.web.FilterChainProxy - Securing GET /js/toast.js
12:14:32.859 [https-jsse-nio-8443-exec-7] DEBUG o.s.s.w.a.c.ChannelProcessingFilter - Request: filter invocation [GET /js/fontawesome.js]; ConfigAttributes: [REQUIRES_SECURE_CHANNEL]
12:14:32.859 [https-jsse-nio-8443-exec-5] DEBUG o.s.s.w.a.c.ChannelProcessingFilter - Request: filter invocation [GET /js/toast.js]; ConfigAttributes: [REQUIRES_SECURE_CHANNEL]
12:14:32.859 [https-jsse-nio-8443-exec-7] DEBUG o.s.security.web.FilterChainProxy - Secured GET /js/fontawesome.js
12:14:32.859 [https-jsse-nio-8443-exec-3] DEBUG o.s.security.web.FilterChainProxy - Secured GET /js/bootstrap.bundle.min.js
12:14:32.859 [https-jsse-nio-8443-exec-5] DEBUG o.s.security.web.FilterChainProxy - Secured GET /js/toast.js
12:14:32.860 [https-jsse-nio-8443-exec-10] DEBUG o.s.security.web.FilterChainProxy - Secured GET /icons/mftlogo.png
12:14:32.861 [https-jsse-nio-8443-exec-5] DEBUG o.s.s.w.c.HttpSessionSecurityContextRepository - Retrieved SecurityContextImpl [Authentication=UsernamePasswordAuthenticationToken [Principal=ir.model.entity.CustomUserDetails@435dd609, Credentials=[PROTECTED], Authenticated=true, Details=WebAuthenticationDetails [RemoteIpAddress=0:0:0:0:0:0:0:1, SessionId=null], Granted Authorities=[TICKET_EDIT, BUILDING_DELETE, TICKET_CHECK_SCORE, BUILDING_EDIT, TICKET_CHECK_CLOSE, BUILDING_CREATE, REPORT_VIEW, ROLE_ADMIN, TICKET_CREATE, TICKET_DELETE]]]
12:14:32.863 [https-jsse-nio-8443-exec-10] DEBUG o.s.s.w.c.HttpSessionSecurityContextRepository - Retrieved SecurityContextImpl [Authentication=UsernamePasswordAuthenticationToken [Principal=ir.model.entity.CustomUserDetails@435dd609, Credentials=[PROTECTED], Authenticated=true, Details=WebAuthenticationDetails [RemoteIpAddress=0:0:0:0:0:0:0:1, SessionId=null], Granted Authorities=[TICKET_EDIT, BUILDING_DELETE, TICKET_CHECK_SCORE, BUILDING_EDIT, TICKET_CHECK_CLOSE, BUILDING_CREATE, REPORT_VIEW, ROLE_ADMIN, TICKET_CREATE, TICKET_DELETE]]]
12:14:32.864 [https-jsse-nio-8443-exec-6] DEBUG o.s.security.web.FilterChainProxy - Securing GET /js/script.js
12:14:32.864 [https-jsse-nio-8443-exec-6] DEBUG o.s.s.w.a.c.ChannelProcessingFilter - Request: filter invocation [GET /js/script.js]; ConfigAttributes: [REQUIRES_SECURE_CHANNEL]
12:14:32.865 [https-jsse-nio-8443-exec-6] DEBUG o.s.security.web.FilterChainProxy - Secured GET /js/script.js
12:14:32.865 [https-jsse-nio-8443-exec-4] DEBUG o.s.security.web.FilterChainProxy - Securing GET /js/permissions-api.js
12:14:32.865 [https-jsse-nio-8443-exec-4] DEBUG o.s.s.w.a.c.ChannelProcessingFilter - Request: filter invocation [GET /js/permissions-api.js]; ConfigAttributes: [REQUIRES_SECURE_CHANNEL]
12:14:32.866 [https-jsse-nio-8443-exec-4] DEBUG o.s.security.web.FilterChainProxy - Secured GET /js/permissions-api.js
12:14:32.866 [https-jsse-nio-8443-exec-3] DEBUG o.s.s.w.c.HttpSessionSecurityContextRepository - Retrieved SecurityContextImpl [Authentication=UsernamePasswordAuthenticationToken [Principal=ir.model.entity.CustomUserDetails@435dd609, Credentials=[PROTECTED], Authenticated=true, Details=WebAuthenticationDetails [RemoteIpAddress=0:0:0:0:0:0:0:1, SessionId=null], Granted Authorities=[TICKET_EDIT, BUILDING_DELETE, TICKET_CHECK_SCORE, BUILDING_EDIT, TICKET_CHECK_CLOSE, BUILDING_CREATE, REPORT_VIEW, ROLE_ADMIN, TICKET_CREATE, TICKET_DELETE]]]
12:14:32.867 [https-jsse-nio-8443-exec-6] DEBUG o.s.s.w.c.HttpSessionSecurityContextRepository - Retrieved SecurityContextImpl [Authentication=UsernamePasswordAuthenticationToken [Principal=ir.model.entity.CustomUserDetails@435dd609, Credentials=[PROTECTED], Authenticated=true, Details=WebAuthenticationDetails [RemoteIpAddress=0:0:0:0:0:0:0:1, SessionId=null], Granted Authorities=[TICKET_EDIT, BUILDING_DELETE, TICKET_CHECK_SCORE, BUILDING_EDIT, TICKET_CHECK_CLOSE, BUILDING_CREATE, REPORT_VIEW, ROLE_ADMIN, TICKET_CREATE, TICKET_DELETE]]]
12:14:32.871 [https-jsse-nio-8443-exec-8] DEBUG o.s.s.w.c.HttpSessionSecurityContextRepository - Retrieved SecurityContextImpl [Authentication=UsernamePasswordAuthenticationToken [Principal=ir.model.entity.CustomUserDetails@435dd609, Credentials=[PROTECTED], Authenticated=true, Details=WebAuthenticationDetails [RemoteIpAddress=0:0:0:0:0:0:0:1, SessionId=null], Granted Authorities=[TICKET_EDIT, BUILDING_DELETE, TICKET_CHECK_SCORE, BUILDING_EDIT, TICKET_CHECK_CLOSE, BUILDING_CREATE, REPORT_VIEW, ROLE_ADMIN, TICKET_CREATE, TICKET_DELETE]]]
12:14:32.881 [https-jsse-nio-8443-exec-2] DEBUG o.s.s.w.c.HttpSessionSecurityContextRepository - Retrieved SecurityContextImpl [Authentication=UsernamePasswordAuthenticationToken [Principal=ir.model.entity.CustomUserDetails@435dd609, Credentials=[PROTECTED], Authenticated=true, Details=WebAuthenticationDetails [RemoteIpAddress=0:0:0:0:0:0:0:1, SessionId=null], Granted Authorities=[TICKET_EDIT, BUILDING_DELETE, TICKET_CHECK_SCORE, BUILDING_EDIT, TICKET_CHECK_CLOSE, BUILDING_CREATE, REPORT_VIEW, ROLE_ADMIN, TICKET_CREATE, TICKET_DELETE]]]
12:14:32.890 [https-jsse-nio-8443-exec-4] DEBUG o.s.s.w.c.HttpSessionSecurityContextRepository - Retrieved SecurityContextImpl [Authentication=UsernamePasswordAuthenticationToken [Principal=ir.model.entity.CustomUserDetails@435dd609, Credentials=[PROTECTED], Authenticated=true, Details=WebAuthenticationDetails [RemoteIpAddress=0:0:0:0:0:0:0:1, SessionId=null], Granted Authorities=[TICKET_EDIT, BUILDING_DELETE, TICKET_CHECK_SCORE, BUILDING_EDIT, TICKET_CHECK_CLOSE, BUILDING_CREATE, REPORT_VIEW, ROLE_ADMIN, TICKET_CREATE, TICKET_DELETE]]]
12:14:32.925 [https-jsse-nio-8443-exec-9] DEBUG o.s.security.web.FilterChainProxy - Securing GET /webfonts/fa-brands-400.woff2
12:14:32.925 [https-jsse-nio-8443-exec-1] DEBUG o.s.security.web.FilterChainProxy - Securing GET /webfonts/fa-solid-900.woff2
12:14:32.925 [https-jsse-nio-8443-exec-9] DEBUG o.s.s.w.a.c.ChannelProcessingFilter - Request: filter invocation [GET /webfonts/fa-brands-400.woff2]; ConfigAttributes: [REQUIRES_SECURE_CHANNEL]
12:14:32.926 [https-jsse-nio-8443-exec-1] DEBUG o.s.s.w.a.c.ChannelProcessingFilter - Request: filter invocation [GET /webfonts/fa-solid-900.woff2]; ConfigAttributes: [REQUIRES_SECURE_CHANNEL]
12:14:32.927 [https-jsse-nio-8443-exec-1] DEBUG o.s.s.w.c.HttpSessionSecurityContextRepository - Retrieved SecurityContextImpl [Authentication=UsernamePasswordAuthenticationToken [Principal=ir.model.entity.CustomUserDetails@435dd609, Credentials=[PROTECTED], Authenticated=true, Details=WebAuthenticationDetails [RemoteIpAddress=0:0:0:0:0:0:0:1, SessionId=null], Granted Authorities=[TICKET_EDIT, BUILDING_DELETE, TICKET_CHECK_SCORE, BUILDING_EDIT, TICKET_CHECK_CLOSE, BUILDING_CREATE, REPORT_VIEW, ROLE_ADMIN, TICKET_CREATE, TICKET_DELETE]]]
12:14:32.927 [https-jsse-nio-8443-exec-9] DEBUG o.s.s.w.c.HttpSessionSecurityContextRepository - Retrieved SecurityContextImpl [Authentication=UsernamePasswordAuthenticationToken [Principal=ir.model.entity.CustomUserDetails@435dd609, Credentials=[PROTECTED], Authenticated=true, Details=WebAuthenticationDetails [RemoteIpAddress=0:0:0:0:0:0:0:1, SessionId=null], Granted Authorities=[TICKET_EDIT, BUILDING_DELETE, TICKET_CHECK_SCORE, BUILDING_EDIT, TICKET_CHECK_CLOSE, BUILDING_CREATE, REPORT_VIEW, ROLE_ADMIN, TICKET_CREATE, TICKET_DELETE]]]
12:14:32.927 [https-jsse-nio-8443-exec-1] DEBUG o.s.security.web.FilterChainProxy - Secured GET /webfonts/fa-solid-900.woff2
12:14:32.927 [https-jsse-nio-8443-exec-9] DEBUG o.s.security.web.FilterChainProxy - Secured GET /webfonts/fa-brands-400.woff2
12:14:33.375 [https-jsse-nio-8443-exec-7] DEBUG o.s.s.w.c.HttpSessionSecurityContextRepository - Retrieved SecurityContextImpl [Authentication=UsernamePasswordAuthenticationToken [Principal=ir.model.entity.CustomUserDetails@435dd609, Credentials=[PROTECTED], Authenticated=true, Details=WebAuthenticationDetails [RemoteIpAddress=0:0:0:0:0:0:0:1, SessionId=null], Granted Authorities=[TICKET_EDIT, BUILDING_DELETE, TICKET_CHECK_SCORE, BUILDING_EDIT, TICKET_CHECK_CLOSE, BUILDING_CREATE, REPORT_VIEW, ROLE_ADMIN, TICKET_CREATE, TICKET_DELETE]]]
12:14:34.344 [https-jsse-nio-8443-exec-5] DEBUG o.s.security.web.FilterChainProxy - Securing GET /roles
12:14:34.344 [https-jsse-nio-8443-exec-5] DEBUG o.s.s.w.a.c.ChannelProcessingFilter - Request: filter invocation [GET /roles]; ConfigAttributes: [REQUIRES_SECURE_CHANNEL]
12:14:34.345 [https-jsse-nio-8443-exec-5] DEBUG o.s.s.w.c.HttpSessionSecurityContextRepository - Retrieved SecurityContextImpl [Authentication=UsernamePasswordAuthenticationToken [Principal=ir.model.entity.CustomUserDetails@435dd609, Credentials=[PROTECTED], Authenticated=true, Details=WebAuthenticationDetails [RemoteIpAddress=0:0:0:0:0:0:0:1, SessionId=null], Granted Authorities=[TICKET_EDIT, BUILDING_DELETE, TICKET_CHECK_SCORE, BUILDING_EDIT, TICKET_CHECK_CLOSE, BUILDING_CREATE, REPORT_VIEW, ROLE_ADMIN, TICKET_CREATE, TICKET_DELETE]]]
12:14:34.345 [https-jsse-nio-8443-exec-5] DEBUG o.s.security.web.FilterChainProxy - Secured GET /roles
12:14:34.348 [https-jsse-nio-8443-exec-5] DEBUG o.s.jdbc.datasource.DataSourceUtils - Setting JDBC Connection [HikariProxyConnection@1930379919 wrapping oracle.jdbc.driver.T4CConnection@64f4b243] read-only
12:14:34.348 [https-jsse-nio-8443-exec-5] DEBUG o.h.e.t.internal.TransactionImpl - On TransactionImpl creation, JpaCompliance#isJpaTransactionComplianceEnabled == false
12:14:34.348 [https-jsse-nio-8443-exec-5] DEBUG o.h.e.t.internal.TransactionImpl - begin
12:14:34.348 [https-jsse-nio-8443-exec-5] DEBUG org.hibernate.SQL - 
    select
        u1_0.username,
        u1_0.account_non_expired,
        u1_0.account_non_locked,
        u1_0.credentials_expiry_date,
        u1_0.credentials_non_expired,
        u1_0.deleted,
        u1_0.enabled,
        u1_0.password,
        rs1_0.username,
        rs1_1.name,
        rs1_1.deleted,
        ps1_0.role_name,
        ps1_1.id,
        ps1_1.deleted,
        ps1_1.permission 
    from
        user_tbl u1_0 
    left join
        (user_role_tbl rs1_0 
    join
        role_tbl rs1_1 
            on rs1_1.name=rs1_0.role_name) 
        on u1_0.username=rs1_0.username 
        and ( rs1_1.deleted = 0) 
    left join
        (role_permission_tbl ps1_0 
    join
        permission_tbl ps1_1 
            on ps1_1.id=ps1_0.permission) 
        on rs1_1.name=ps1_0.role_name 
        and ( ps1_1.deleted = 0) 
    where
        u1_0.username=? 
        and (
            u1_0.deleted = 0
        )
12:14:34.349 [https-jsse-nio-8443-exec-5] TRACE org.hibernate.orm.jdbc.bind - binding parameter (1:VARCHAR) <- [ali]
12:14:34.350 [https-jsse-nio-8443-exec-5] TRACE org.hibernate.orm.jdbc.extract - extracted value (9:VARCHAR) -> [ali]
12:14:34.350 [https-jsse-nio-8443-exec-5] TRACE org.hibernate.orm.jdbc.extract - extracted value (10:VARCHAR) -> [ROLE_ADMIN]
12:14:34.350 [https-jsse-nio-8443-exec-5] TRACE org.hibernate.orm.jdbc.extract - extracted value (12:VARCHAR) -> [ROLE_ADMIN]
12:14:34.350 [https-jsse-nio-8443-exec-5] TRACE org.hibernate.orm.jdbc.extract - extracted value (13:BIGINT) -> [1]
12:14:34.350 [https-jsse-nio-8443-exec-5] TRACE org.hibernate.orm.jdbc.extract - extracted value (14:BOOLEAN) -> [false]
12:14:34.350 [https-jsse-nio-8443-exec-5] TRACE org.hibernate.orm.jdbc.extract - extracted value (15:VARCHAR) -> [TICKET_CREATE]
12:14:34.350 [https-jsse-nio-8443-exec-5] TRACE org.hibernate.orm.jdbc.extract - extracted value (11:BOOLEAN) -> [false]
12:14:34.350 [https-jsse-nio-8443-exec-5] TRACE org.hibernate.orm.jdbc.extract - extracted value (2:BOOLEAN) -> [true]
12:14:34.350 [https-jsse-nio-8443-exec-5] TRACE org.hibernate.orm.jdbc.extract - extracted value (3:BOOLEAN) -> [true]
12:14:34.350 [https-jsse-nio-8443-exec-5] TRACE org.hibernate.orm.jdbc.extract - extracted value (4:TIMESTAMP) -> [2026-08-03T18:03:44.737555]
12:14:34.350 [https-jsse-nio-8443-exec-5] TRACE org.hibernate.orm.jdbc.extract - extracted value (5:BOOLEAN) -> [true]
12:14:34.350 [https-jsse-nio-8443-exec-5] TRACE org.hibernate.orm.jdbc.extract - extracted value (6:BOOLEAN) -> [false]
12:14:34.350 [https-jsse-nio-8443-exec-5] TRACE org.hibernate.orm.jdbc.extract - extracted value (7:BOOLEAN) -> [true]
12:14:34.350 [https-jsse-nio-8443-exec-5] TRACE org.hibernate.orm.jdbc.extract - extracted value (8:VARCHAR) -> [$2a$12$zWjkkNI6AJKAxh71k9FGeekl8NyE861fVAn0dtmHT4Ve90RbP/.qO]
12:14:34.351 [https-jsse-nio-8443-exec-5] TRACE org.hibernate.orm.jdbc.extract - extracted value (10:VARCHAR) -> [ROLE_ADMIN]
12:14:34.351 [https-jsse-nio-8443-exec-5] TRACE org.hibernate.orm.jdbc.extract - extracted value (13:BIGINT) -> [2]
12:14:34.351 [https-jsse-nio-8443-exec-5] TRACE org.hibernate.orm.jdbc.extract - extracted value (14:BOOLEAN) -> [false]
12:14:34.351 [https-jsse-nio-8443-exec-5] TRACE org.hibernate.orm.jdbc.extract - extracted value (15:VARCHAR) -> [TICKET_EDIT]
12:14:34.351 [https-jsse-nio-8443-exec-5] TRACE org.hibernate.orm.jdbc.extract - extracted value (10:VARCHAR) -> [ROLE_ADMIN]
12:14:34.351 [https-jsse-nio-8443-exec-5] TRACE org.hibernate.orm.jdbc.extract - extracted value (13:BIGINT) -> [3]
12:14:34.351 [https-jsse-nio-8443-exec-5] TRACE org.hibernate.orm.jdbc.extract - extracted value (14:BOOLEAN) -> [false]
12:14:34.351 [https-jsse-nio-8443-exec-5] TRACE org.hibernate.orm.jdbc.extract - extracted value (15:VARCHAR) -> [TICKET_DELETE]
12:14:34.351 [https-jsse-nio-8443-exec-5] TRACE org.hibernate.orm.jdbc.extract - extracted value (10:VARCHAR) -> [ROLE_ADMIN]
12:14:34.351 [https-jsse-nio-8443-exec-5] TRACE org.hibernate.orm.jdbc.extract - extracted value (13:BIGINT) -> [4]
12:14:34.351 [https-jsse-nio-8443-exec-5] TRACE org.hibernate.orm.jdbc.extract - extracted value (14:BOOLEAN) -> [false]
12:14:34.351 [https-jsse-nio-8443-exec-5] TRACE org.hibernate.orm.jdbc.extract - extracted value (15:VARCHAR) -> [REPORT_VIEW]
12:14:34.351 [https-jsse-nio-8443-exec-5] TRACE org.hibernate.orm.jdbc.extract - extracted value (10:VARCHAR) -> [ROLE_ADMIN]
12:14:34.351 [https-jsse-nio-8443-exec-5] TRACE org.hibernate.orm.jdbc.extract - extracted value (13:BIGINT) -> [5]
12:14:34.351 [https-jsse-nio-8443-exec-5] TRACE org.hibernate.orm.jdbc.extract - extracted value (14:BOOLEAN) -> [false]
12:14:34.351 [https-jsse-nio-8443-exec-5] TRACE org.hibernate.orm.jdbc.extract - extracted value (15:VARCHAR) -> [TICKET_CHECK_SCORE]
12:14:34.351 [https-jsse-nio-8443-exec-5] TRACE org.hibernate.orm.jdbc.extract - extracted value (10:VARCHAR) -> [ROLE_ADMIN]
12:14:34.351 [https-jsse-nio-8443-exec-5] TRACE org.hibernate.orm.jdbc.extract - extracted value (13:BIGINT) -> [6]
12:14:34.351 [https-jsse-nio-8443-exec-5] TRACE org.hibernate.orm.jdbc.extract - extracted value (14:BOOLEAN) -> [false]
12:14:34.351 [https-jsse-nio-8443-exec-5] TRACE org.hibernate.orm.jdbc.extract - extracted value (15:VARCHAR) -> [TICKET_CHECK_CLOSE]
12:14:34.351 [https-jsse-nio-8443-exec-5] TRACE org.hibernate.orm.jdbc.extract - extracted value (10:VARCHAR) -> [ROLE_ADMIN]
12:14:34.351 [https-jsse-nio-8443-exec-5] TRACE org.hibernate.orm.jdbc.extract - extracted value (13:BIGINT) -> [7]
12:14:34.351 [https-jsse-nio-8443-exec-5] TRACE org.hibernate.orm.jdbc.extract - extracted value (14:BOOLEAN) -> [false]
12:14:34.351 [https-jsse-nio-8443-exec-5] TRACE org.hibernate.orm.jdbc.extract - extracted value (15:VARCHAR) -> [BUILDING_CREATE]
12:14:34.351 [https-jsse-nio-8443-exec-5] TRACE org.hibernate.orm.jdbc.extract - extracted value (10:VARCHAR) -> [ROLE_ADMIN]
12:14:34.351 [https-jsse-nio-8443-exec-5] TRACE org.hibernate.orm.jdbc.extract - extracted value (13:BIGINT) -> [8]
12:14:34.351 [https-jsse-nio-8443-exec-5] TRACE org.hibernate.orm.jdbc.extract - extracted value (14:BOOLEAN) -> [false]
12:14:34.351 [https-jsse-nio-8443-exec-5] TRACE org.hibernate.orm.jdbc.extract - extracted value (15:VARCHAR) -> [BUILDING_EDIT]
12:14:34.351 [https-jsse-nio-8443-exec-5] TRACE org.hibernate.orm.jdbc.extract - extracted value (10:VARCHAR) -> [ROLE_ADMIN]
12:14:34.352 [https-jsse-nio-8443-exec-5] TRACE org.hibernate.orm.jdbc.extract - extracted value (13:BIGINT) -> [9]
12:14:34.352 [https-jsse-nio-8443-exec-5] TRACE org.hibernate.orm.jdbc.extract - extracted value (14:BOOLEAN) -> [false]
12:14:34.352 [https-jsse-nio-8443-exec-5] TRACE org.hibernate.orm.jdbc.extract - extracted value (15:VARCHAR) -> [BUILDING_DELETE]
12:14:34.352 [https-jsse-nio-8443-exec-5] DEBUG o.h.e.t.internal.TransactionImpl - committing
12:14:34.352 [https-jsse-nio-8443-exec-5] DEBUG o.s.jdbc.datasource.DataSourceUtils - Resetting read-only flag of JDBC Connection [HikariProxyConnection@1930379919 wrapping oracle.jdbc.driver.T4CConnection@64f4b243]
12:14:34.353 [https-jsse-nio-8443-exec-5] DEBUG org.hibernate.SQL - 
    /* <criteria> */ select
        n1_0.id,
        n1_0.created_at,
        n1_0.is_read,
        n1_0.link,
        n1_0.message,
        n1_0.title,
        n1_0.username 
    from
        notification_table n1_0 
    where
        n1_0.username=? 
        and n1_0.is_read=0 
    order by
        n1_0.created_at desc 
    fetch
        first ? rows only
12:14:34.353 [https-jsse-nio-8443-exec-5] TRACE org.hibernate.orm.jdbc.bind - binding parameter (1:VARCHAR) <- [ali]
12:14:34.353 [https-jsse-nio-8443-exec-5] TRACE org.hibernate.orm.jdbc.bind - binding parameter (2:INTEGER) <- [5]
12:14:34.355 [https-jsse-nio-8443-exec-5] DEBUG org.hibernate.SQL - 
    /* <criteria> */ select
        count(n1_0.id) 
    from
        notification_table n1_0 
    where
        n1_0.username=? 
        and n1_0.is_read=0
12:14:34.355 [https-jsse-nio-8443-exec-5] TRACE org.hibernate.orm.jdbc.bind - binding parameter (1:VARCHAR) <- [ali]
12:14:34.356 [https-jsse-nio-8443-exec-5] TRACE org.hibernate.orm.jdbc.extract - extracted value (1:BIGINT) -> [0]
12:14:34.357 [https-jsse-nio-8443-exec-5] DEBUG org.hibernate.SQL - 
    /* <criteria> */ select
        count(t1_0.id) 
    from
        ticket_tbl t1_0 
    where
        (
            t1_0.deleted = 0
        ) 
        and t1_0.status=?
12:14:34.357 [https-jsse-nio-8443-exec-5] TRACE org.hibernate.orm.jdbc.bind - binding parameter (1:TINYINT) <- [NotSeen]
12:14:34.357 [https-jsse-nio-8443-exec-5] TRACE org.hibernate.orm.jdbc.extract - extracted value (1:BIGINT) -> [0]
12:14:34.358 [https-jsse-nio-8443-exec-5] INFO  i.c.exception.ResponseAspect - Web Controller: addNotifications
12:14:34.362 [https-jsse-nio-8443-exec-5] DEBUG o.s.s.a.m.AuthorizationManagerBeforeMethodInterceptor - Authorizing method invocation ReflectiveMethodInvocation: public java.lang.String ir.controller.web.RoleController.rolesList(int,int,java.lang.Boolean,org.springframework.ui.Model); target is of class [ir.controller.web.RoleController]
12:14:34.365 [https-jsse-nio-8443-exec-5] DEBUG o.s.s.a.m.AuthorizationManagerBeforeMethodInterceptor - Authorized method invocation ReflectiveMethodInvocation: public java.lang.String ir.controller.web.RoleController.rolesList(int,int,java.lang.Boolean,org.springframework.ui.Model); target is of class [ir.controller.web.RoleController]
12:14:34.366 [https-jsse-nio-8443-exec-5] DEBUG o.s.jdbc.datasource.DataSourceUtils - Setting JDBC Connection [HikariProxyConnection@1930379919 wrapping oracle.jdbc.driver.T4CConnection@64f4b243] read-only
12:14:34.366 [https-jsse-nio-8443-exec-5] DEBUG o.h.e.t.internal.TransactionImpl - begin
12:14:34.367 [https-jsse-nio-8443-exec-5] DEBUG org.hibernate.SQL - 
    /* <criteria> */ select
        r1_0.name,
        r1_0.deleted 
    from
        role_tbl r1_0 
    where
        (
            r1_0.deleted = 0
        ) 
    order by
        r1_0.name 
    offset
        ? rows 
    fetch
        first ? rows only
12:14:34.367 [https-jsse-nio-8443-exec-5] TRACE org.hibernate.orm.jdbc.bind - binding parameter (1:INTEGER) <- [0]
12:14:34.367 [https-jsse-nio-8443-exec-5] TRACE org.hibernate.orm.jdbc.bind - binding parameter (2:INTEGER) <- [10]
12:14:34.369 [https-jsse-nio-8443-exec-5] TRACE org.hibernate.orm.jdbc.extract - extracted value (1:VARCHAR) -> [ROLE_ADMIN]
12:14:34.370 [https-jsse-nio-8443-exec-5] TRACE org.hibernate.orm.jdbc.extract - extracted value (1:VARCHAR) -> [ROLE_CUSTOMER]
12:14:34.370 [https-jsse-nio-8443-exec-5] TRACE org.hibernate.orm.jdbc.extract - extracted value (2:BOOLEAN) -> [false]
12:14:34.370 [https-jsse-nio-8443-exec-5] TRACE org.hibernate.orm.jdbc.extract - extracted value (1:VARCHAR) -> [ROLE_MANAGER]
12:14:34.370 [https-jsse-nio-8443-exec-5] TRACE org.hibernate.orm.jdbc.extract - extracted value (2:BOOLEAN) -> [false]
12:14:34.370 [https-jsse-nio-8443-exec-5] DEBUG org.hibernate.SQL - 
    select
        ps1_0.role_name,
        ps1_1.id,
        ps1_1.deleted,
        ps1_1.permission 
    from
        role_permission_tbl ps1_0 
    join
        permission_tbl ps1_1 
            on ps1_1.id=ps1_0.permission 
    where
        ps1_0.role_name=? 
        and (
            ps1_1.deleted = 0
        )
12:14:34.370 [https-jsse-nio-8443-exec-5] TRACE org.hibernate.orm.jdbc.bind - binding parameter (1:VARCHAR) <- [ROLE_MANAGER]
12:14:34.375 [https-jsse-nio-8443-exec-5] TRACE org.hibernate.orm.jdbc.extract - extracted value (1:VARCHAR) -> [ROLE_MANAGER]
12:14:34.375 [https-jsse-nio-8443-exec-5] TRACE org.hibernate.orm.jdbc.extract - extracted value (2:BIGINT) -> [2]
12:14:34.375 [https-jsse-nio-8443-exec-5] TRACE org.hibernate.orm.jdbc.extract - extracted value (1:VARCHAR) -> [ROLE_MANAGER]
12:14:34.375 [https-jsse-nio-8443-exec-5] TRACE org.hibernate.orm.jdbc.extract - extracted value (2:BIGINT) -> [7]
12:14:34.375 [https-jsse-nio-8443-exec-5] TRACE org.hibernate.orm.jdbc.extract - extracted value (1:VARCHAR) -> [ROLE_MANAGER]
12:14:34.375 [https-jsse-nio-8443-exec-5] TRACE org.hibernate.orm.jdbc.extract - extracted value (2:BIGINT) -> [8]
12:14:34.375 [https-jsse-nio-8443-exec-5] TRACE org.hibernate.orm.jdbc.extract - extracted value (1:VARCHAR) -> [ROLE_MANAGER]
12:14:34.375 [https-jsse-nio-8443-exec-5] TRACE org.hibernate.orm.jdbc.extract - extracted value (2:BIGINT) -> [9]
12:14:34.376 [https-jsse-nio-8443-exec-5] DEBUG org.hibernate.SQL - 
    select
        ps1_0.role_name,
        ps1_1.id,
        ps1_1.deleted,
        ps1_1.permission 
    from
        role_permission_tbl ps1_0 
    join
        permission_tbl ps1_1 
            on ps1_1.id=ps1_0.permission 
    where
        ps1_0.role_name=? 
        and (
            ps1_1.deleted = 0
        )
12:14:34.376 [https-jsse-nio-8443-exec-5] TRACE org.hibernate.orm.jdbc.bind - binding parameter (1:VARCHAR) <- [ROLE_CUSTOMER]
12:14:34.377 [https-jsse-nio-8443-exec-5] TRACE org.hibernate.orm.jdbc.extract - extracted value (1:VARCHAR) -> [ROLE_CUSTOMER]
12:14:34.377 [https-jsse-nio-8443-exec-5] TRACE org.hibernate.orm.jdbc.extract - extracted value (2:BIGINT) -> [1]
12:14:34.377 [https-jsse-nio-8443-exec-5] DEBUG o.h.e.t.internal.TransactionImpl - committing
12:14:34.378 [https-jsse-nio-8443-exec-5] DEBUG o.s.jdbc.datasource.DataSourceUtils - Resetting read-only flag of JDBC Connection [HikariProxyConnection@1930379919 wrapping oracle.jdbc.driver.T4CConnection@64f4b243]
12:14:34.378 [https-jsse-nio-8443-exec-5] INFO  i.c.exception.ResponseAspect - Web Controller: rolesList
12:14:34.458 [https-jsse-nio-8443-exec-10] DEBUG o.s.security.web.FilterChainProxy - Securing GET /css/reset.css
12:14:34.458 [https-jsse-nio-8443-exec-8] DEBUG o.s.security.web.FilterChainProxy - Securing GET /css/fonts.min.css
12:14:34.458 [https-jsse-nio-8443-exec-3] DEBUG o.s.security.web.FilterChainProxy - Securing GET /css/bootstrap.min.css
12:14:34.458 [https-jsse-nio-8443-exec-6] DEBUG o.s.security.web.FilterChainProxy - Securing GET /css/fontawesome.css
12:14:34.458 [https-jsse-nio-8443-exec-10] DEBUG o.s.s.w.a.c.ChannelProcessingFilter - Request: filter invocation [GET /css/reset.css]; ConfigAttributes: [REQUIRES_SECURE_CHANNEL]
12:14:34.458 [https-jsse-nio-8443-exec-8] DEBUG o.s.s.w.a.c.ChannelProcessingFilter - Request: filter invocation [GET /css/fonts.min.css]; ConfigAttributes: [REQUIRES_SECURE_CHANNEL]
12:14:34.458 [https-jsse-nio-8443-exec-3] DEBUG o.s.s.w.a.c.ChannelProcessingFilter - Request: filter invocation [GET /css/bootstrap.min.css]; ConfigAttributes: [REQUIRES_SECURE_CHANNEL]
12:14:34.458 [https-jsse-nio-8443-exec-6] DEBUG o.s.s.w.a.c.ChannelProcessingFilter - Request: filter invocation [GET /css/fontawesome.css]; ConfigAttributes: [REQUIRES_SECURE_CHANNEL]
12:14:34.458 [https-jsse-nio-8443-exec-2] DEBUG o.s.security.web.FilterChainProxy - Securing GET /css/toast.css
12:14:34.458 [https-jsse-nio-8443-exec-2] DEBUG o.s.s.w.a.c.ChannelProcessingFilter - Request: filter invocation [GET /css/toast.css]; ConfigAttributes: [REQUIRES_SECURE_CHANNEL]
12:14:34.458 [https-jsse-nio-8443-exec-10] DEBUG o.s.security.web.FilterChainProxy - Secured GET /css/reset.css
12:14:34.458 [https-jsse-nio-8443-exec-8] DEBUG o.s.security.web.FilterChainProxy - Secured GET /css/fonts.min.css
12:14:34.458 [https-jsse-nio-8443-exec-6] DEBUG o.s.security.web.FilterChainProxy - Secured GET /css/fontawesome.css
12:14:34.458 [https-jsse-nio-8443-exec-3] DEBUG o.s.security.web.FilterChainProxy - Secured GET /css/bootstrap.min.css
12:14:34.458 [https-jsse-nio-8443-exec-4] DEBUG o.s.security.web.FilterChainProxy - Securing GET /css/styles.css
12:14:34.459 [https-jsse-nio-8443-exec-4] DEBUG o.s.s.w.a.c.ChannelProcessingFilter - Request: filter invocation [GET /css/styles.css]; ConfigAttributes: [REQUIRES_SECURE_CHANNEL]
12:14:34.459 [https-jsse-nio-8443-exec-2] DEBUG o.s.security.web.FilterChainProxy - Secured GET /css/toast.css
12:14:34.459 [https-jsse-nio-8443-exec-4] DEBUG o.s.security.web.FilterChainProxy - Secured GET /css/styles.css
12:14:34.460 [https-jsse-nio-8443-exec-2] DEBUG o.s.s.w.c.HttpSessionSecurityContextRepository - Retrieved SecurityContextImpl [Authentication=UsernamePasswordAuthenticationToken [Principal=ir.model.entity.CustomUserDetails@435dd609, Credentials=[PROTECTED], Authenticated=true, Details=WebAuthenticationDetails [RemoteIpAddress=0:0:0:0:0:0:0:1, SessionId=null], Granted Authorities=[TICKET_EDIT, BUILDING_DELETE, TICKET_CHECK_SCORE, BUILDING_EDIT, TICKET_CHECK_CLOSE, BUILDING_CREATE, REPORT_VIEW, ROLE_ADMIN, TICKET_CREATE, TICKET_DELETE]]]
12:14:34.460 [https-jsse-nio-8443-exec-10] DEBUG o.s.s.w.c.HttpSessionSecurityContextRepository - Retrieved SecurityContextImpl [Authentication=UsernamePasswordAuthenticationToken [Principal=ir.model.entity.CustomUserDetails@435dd609, Credentials=[PROTECTED], Authenticated=true, Details=WebAuthenticationDetails [RemoteIpAddress=0:0:0:0:0:0:0:1, SessionId=null], Granted Authorities=[TICKET_EDIT, BUILDING_DELETE, TICKET_CHECK_SCORE, BUILDING_EDIT, TICKET_CHECK_CLOSE, BUILDING_CREATE, REPORT_VIEW, ROLE_ADMIN, TICKET_CREATE, TICKET_DELETE]]]
12:14:34.460 [https-jsse-nio-8443-exec-8] DEBUG o.s.s.w.c.HttpSessionSecurityContextRepository - Retrieved SecurityContextImpl [Authentication=UsernamePasswordAuthenticationToken [Principal=ir.model.entity.CustomUserDetails@435dd609, Credentials=[PROTECTED], Authenticated=true, Details=WebAuthenticationDetails [RemoteIpAddress=0:0:0:0:0:0:0:1, SessionId=null], Granted Authorities=[TICKET_EDIT, BUILDING_DELETE, TICKET_CHECK_SCORE, BUILDING_EDIT, TICKET_CHECK_CLOSE, BUILDING_CREATE, REPORT_VIEW, ROLE_ADMIN, TICKET_CREATE, TICKET_DELETE]]]
12:14:34.461 [https-jsse-nio-8443-exec-4] DEBUG o.s.s.w.c.HttpSessionSecurityContextRepository - Retrieved SecurityContextImpl [Authentication=UsernamePasswordAuthenticationToken [Principal=ir.model.entity.CustomUserDetails@435dd609, Credentials=[PROTECTED], Authenticated=true, Details=WebAuthenticationDetails [RemoteIpAddress=0:0:0:0:0:0:0:1, SessionId=null], Granted Authorities=[TICKET_EDIT, BUILDING_DELETE, TICKET_CHECK_SCORE, BUILDING_EDIT, TICKET_CHECK_CLOSE, BUILDING_CREATE, REPORT_VIEW, ROLE_ADMIN, TICKET_CREATE, TICKET_DELETE]]]
12:14:34.464 [https-jsse-nio-8443-exec-9] DEBUG o.s.security.web.FilterChainProxy - Securing GET /icons/mftlogo.png
12:14:34.464 [https-jsse-nio-8443-exec-1] DEBUG o.s.security.web.FilterChainProxy - Securing GET /js/bootstrap.bundle.min.js
12:14:34.464 [https-jsse-nio-8443-exec-5] DEBUG o.s.security.web.FilterChainProxy - Securing GET /js/toast.js
12:14:34.464 [https-jsse-nio-8443-exec-7] DEBUG o.s.security.web.FilterChainProxy - Securing GET /js/fontawesome.js
12:14:34.464 [https-jsse-nio-8443-exec-9] DEBUG o.s.s.w.a.c.ChannelProcessingFilter - Request: filter invocation [GET /icons/mftlogo.png]; ConfigAttributes: [REQUIRES_SECURE_CHANNEL]
12:14:34.464 [https-jsse-nio-8443-exec-1] DEBUG o.s.s.w.a.c.ChannelProcessingFilter - Request: filter invocation [GET /js/bootstrap.bundle.min.js]; ConfigAttributes: [REQUIRES_SECURE_CHANNEL]
12:14:34.464 [https-jsse-nio-8443-exec-5] DEBUG o.s.s.w.a.c.ChannelProcessingFilter - Request: filter invocation [GET /js/toast.js]; ConfigAttributes: [REQUIRES_SECURE_CHANNEL]
12:14:34.464 [https-jsse-nio-8443-exec-7] DEBUG o.s.s.w.a.c.ChannelProcessingFilter - Request: filter invocation [GET /js/fontawesome.js]; ConfigAttributes: [REQUIRES_SECURE_CHANNEL]
12:14:34.464 [https-jsse-nio-8443-exec-1] DEBUG o.s.security.web.FilterChainProxy - Secured GET /js/bootstrap.bundle.min.js
12:14:34.465 [https-jsse-nio-8443-exec-5] DEBUG o.s.security.web.FilterChainProxy - Secured GET /js/toast.js
12:14:34.465 [https-jsse-nio-8443-exec-9] DEBUG o.s.security.web.FilterChainProxy - Secured GET /icons/mftlogo.png
12:14:34.465 [https-jsse-nio-8443-exec-7] DEBUG o.s.security.web.FilterChainProxy - Secured GET /js/fontawesome.js
12:14:34.466 [https-jsse-nio-8443-exec-5] DEBUG o.s.s.w.c.HttpSessionSecurityContextRepository - Retrieved SecurityContextImpl [Authentication=UsernamePasswordAuthenticationToken [Principal=ir.model.entity.CustomUserDetails@435dd609, Credentials=[PROTECTED], Authenticated=true, Details=WebAuthenticationDetails [RemoteIpAddress=0:0:0:0:0:0:0:1, SessionId=null], Granted Authorities=[TICKET_EDIT, BUILDING_DELETE, TICKET_CHECK_SCORE, BUILDING_EDIT, TICKET_CHECK_CLOSE, BUILDING_CREATE, REPORT_VIEW, ROLE_ADMIN, TICKET_CREATE, TICKET_DELETE]]]
12:14:34.468 [https-jsse-nio-8443-exec-9] DEBUG o.s.s.w.c.HttpSessionSecurityContextRepository - Retrieved SecurityContextImpl [Authentication=UsernamePasswordAuthenticationToken [Principal=ir.model.entity.CustomUserDetails@435dd609, Credentials=[PROTECTED], Authenticated=true, Details=WebAuthenticationDetails [RemoteIpAddress=0:0:0:0:0:0:0:1, SessionId=null], Granted Authorities=[TICKET_EDIT, BUILDING_DELETE, TICKET_CHECK_SCORE, BUILDING_EDIT, TICKET_CHECK_CLOSE, BUILDING_CREATE, REPORT_VIEW, ROLE_ADMIN, TICKET_CREATE, TICKET_DELETE]]]
12:14:34.468 [https-jsse-nio-8443-exec-8] DEBUG o.s.security.web.FilterChainProxy - Securing GET /js/script.js
12:14:34.468 [https-jsse-nio-8443-exec-8] DEBUG o.s.s.w.a.c.ChannelProcessingFilter - Request: filter invocation [GET /js/script.js]; ConfigAttributes: [REQUIRES_SECURE_CHANNEL]
12:14:34.469 [https-jsse-nio-8443-exec-8] DEBUG o.s.security.web.FilterChainProxy - Secured GET /js/script.js
12:14:34.469 [https-jsse-nio-8443-exec-9] DEBUG o.s.security.web.FilterChainProxy - Securing GET /js/roles-api.js
12:14:34.469 [https-jsse-nio-8443-exec-9] DEBUG o.s.s.w.a.c.ChannelProcessingFilter - Request: filter invocation [GET /js/roles-api.js]; ConfigAttributes: [REQUIRES_SECURE_CHANNEL]
12:14:34.470 [https-jsse-nio-8443-exec-9] DEBUG o.s.security.web.FilterChainProxy - Secured GET /js/roles-api.js
12:14:34.470 [https-jsse-nio-8443-exec-8] DEBUG o.s.s.w.c.HttpSessionSecurityContextRepository - Retrieved SecurityContextImpl [Authentication=UsernamePasswordAuthenticationToken [Principal=ir.model.entity.CustomUserDetails@435dd609, Credentials=[PROTECTED], Authenticated=true, Details=WebAuthenticationDetails [RemoteIpAddress=0:0:0:0:0:0:0:1, SessionId=null], Granted Authorities=[TICKET_EDIT, BUILDING_DELETE, TICKET_CHECK_SCORE, BUILDING_EDIT, TICKET_CHECK_CLOSE, BUILDING_CREATE, REPORT_VIEW, ROLE_ADMIN, TICKET_CREATE, TICKET_DELETE]]]
12:14:34.471 [https-jsse-nio-8443-exec-1] DEBUG o.s.s.w.c.HttpSessionSecurityContextRepository - Retrieved SecurityContextImpl [Authentication=UsernamePasswordAuthenticationToken [Principal=ir.model.entity.CustomUserDetails@435dd609, Credentials=[PROTECTED], Authenticated=true, Details=WebAuthenticationDetails [RemoteIpAddress=0:0:0:0:0:0:0:1, SessionId=null], Granted Authorities=[TICKET_EDIT, BUILDING_DELETE, TICKET_CHECK_SCORE, BUILDING_EDIT, TICKET_CHECK_CLOSE, BUILDING_CREATE, REPORT_VIEW, ROLE_ADMIN, TICKET_CREATE, TICKET_DELETE]]]
12:14:34.474 [https-jsse-nio-8443-exec-3] DEBUG o.s.s.w.c.HttpSessionSecurityContextRepository - Retrieved SecurityContextImpl [Authentication=UsernamePasswordAuthenticationToken [Principal=ir.model.entity.CustomUserDetails@435dd609, Credentials=[PROTECTED], Authenticated=true, Details=WebAuthenticationDetails [RemoteIpAddress=0:0:0:0:0:0:0:1, SessionId=null], Granted Authorities=[TICKET_EDIT, BUILDING_DELETE, TICKET_CHECK_SCORE, BUILDING_EDIT, TICKET_CHECK_CLOSE, BUILDING_CREATE, REPORT_VIEW, ROLE_ADMIN, TICKET_CREATE, TICKET_DELETE]]]
12:14:34.484 [https-jsse-nio-8443-exec-6] DEBUG o.s.s.w.c.HttpSessionSecurityContextRepository - Retrieved SecurityContextImpl [Authentication=UsernamePasswordAuthenticationToken [Principal=ir.model.entity.CustomUserDetails@435dd609, Credentials=[PROTECTED], Authenticated=true, Details=WebAuthenticationDetails [RemoteIpAddress=0:0:0:0:0:0:0:1, SessionId=null], Granted Authorities=[TICKET_EDIT, BUILDING_DELETE, TICKET_CHECK_SCORE, BUILDING_EDIT, TICKET_CHECK_CLOSE, BUILDING_CREATE, REPORT_VIEW, ROLE_ADMIN, TICKET_CREATE, TICKET_DELETE]]]
12:14:34.492 [https-jsse-nio-8443-exec-9] DEBUG o.s.s.w.c.HttpSessionSecurityContextRepository - Retrieved SecurityContextImpl [Authentication=UsernamePasswordAuthenticationToken [Principal=ir.model.entity.CustomUserDetails@435dd609, Credentials=[PROTECTED], Authenticated=true, Details=WebAuthenticationDetails [RemoteIpAddress=0:0:0:0:0:0:0:1, SessionId=null], Granted Authorities=[TICKET_EDIT, BUILDING_DELETE, TICKET_CHECK_SCORE, BUILDING_EDIT, TICKET_CHECK_CLOSE, BUILDING_CREATE, REPORT_VIEW, ROLE_ADMIN, TICKET_CREATE, TICKET_DELETE]]]
12:14:34.516 [https-jsse-nio-8443-exec-10] DEBUG o.s.security.web.FilterChainProxy - Securing GET /webfonts/fa-solid-900.woff2
12:14:34.516 [https-jsse-nio-8443-exec-2] DEBUG o.s.security.web.FilterChainProxy - Securing GET /webfonts/fa-brands-400.woff2
12:14:34.516 [https-jsse-nio-8443-exec-10] DEBUG o.s.s.w.a.c.ChannelProcessingFilter - Request: filter invocation [GET /webfonts/fa-solid-900.woff2]; ConfigAttributes: [REQUIRES_SECURE_CHANNEL]
12:14:34.516 [https-jsse-nio-8443-exec-2] DEBUG o.s.s.w.a.c.ChannelProcessingFilter - Request: filter invocation [GET /webfonts/fa-brands-400.woff2]; ConfigAttributes: [REQUIRES_SECURE_CHANNEL]
12:14:34.516 [https-jsse-nio-8443-exec-2] DEBUG o.s.s.w.c.HttpSessionSecurityContextRepository - Retrieved SecurityContextImpl [Authentication=UsernamePasswordAuthenticationToken [Principal=ir.model.entity.CustomUserDetails@435dd609, Credentials=[PROTECTED], Authenticated=true, Details=WebAuthenticationDetails [RemoteIpAddress=0:0:0:0:0:0:0:1, SessionId=null], Granted Authorities=[TICKET_EDIT, BUILDING_DELETE, TICKET_CHECK_SCORE, BUILDING_EDIT, TICKET_CHECK_CLOSE, BUILDING_CREATE, REPORT_VIEW, ROLE_ADMIN, TICKET_CREATE, TICKET_DELETE]]]
12:14:34.516 [https-jsse-nio-8443-exec-10] DEBUG o.s.s.w.c.HttpSessionSecurityContextRepository - Retrieved SecurityContextImpl [Authentication=UsernamePasswordAuthenticationToken [Principal=ir.model.entity.CustomUserDetails@435dd609, Credentials=[PROTECTED], Authenticated=true, Details=WebAuthenticationDetails [RemoteIpAddress=0:0:0:0:0:0:0:1, SessionId=null], Granted Authorities=[TICKET_EDIT, BUILDING_DELETE, TICKET_CHECK_SCORE, BUILDING_EDIT, TICKET_CHECK_CLOSE, BUILDING_CREATE, REPORT_VIEW, ROLE_ADMIN, TICKET_CREATE, TICKET_DELETE]]]
12:14:34.516 [https-jsse-nio-8443-exec-2] DEBUG o.s.security.web.FilterChainProxy - Secured GET /webfonts/fa-brands-400.woff2
12:14:34.516 [https-jsse-nio-8443-exec-10] DEBUG o.s.security.web.FilterChainProxy - Secured GET /webfonts/fa-solid-900.woff2
12:14:34.566 [scheduling-1] DEBUG o.h.e.t.internal.TransactionImpl - On TransactionImpl creation, JpaCompliance#isJpaTransactionComplianceEnabled == false
12:14:34.566 [scheduling-1] DEBUG o.h.e.t.internal.TransactionImpl - begin
12:14:34.567 [scheduling-1] DEBUG org.hibernate.SQL - 
    /* <criteria> */ select
        oe1_0.id,
        oe1_0.aggregate_id,
        oe1_0.aggregate_type,
        oe1_0.created_at,
        oe1_0.deleted,
        oe1_0.event_type,
        oe1_0.payload,
        oe1_0.published 
    from
        outbox_tbl oe1_0 
    where
        (
            oe1_0.deleted = 0
        ) 
        and oe1_0.published=0 
    order by
        oe1_0.created_at
12:14:34.568 [scheduling-1] DEBUG o.h.e.t.internal.TransactionImpl - committing
12:14:34.986 [https-jsse-nio-8443-exec-7] DEBUG o.s.s.w.c.HttpSessionSecurityContextRepository - Retrieved SecurityContextImpl [Authentication=UsernamePasswordAuthenticationToken [Principal=ir.model.entity.CustomUserDetails@435dd609, Credentials=[PROTECTED], Authenticated=true, Details=WebAuthenticationDetails [RemoteIpAddress=0:0:0:0:0:0:0:1, SessionId=null], Granted Authorities=[TICKET_EDIT, BUILDING_DELETE, TICKET_CHECK_SCORE, BUILDING_EDIT, TICKET_CHECK_CLOSE, BUILDING_CREATE, REPORT_VIEW, ROLE_ADMIN, TICKET_CREATE, TICKET_DELETE]]]
12:14:35.074 [https-jsse-nio-8443-exec-4] DEBUG o.s.security.web.FilterChainProxy - Securing GET /roles?page=0&size=10&fragment=true
12:14:35.074 [https-jsse-nio-8443-exec-4] DEBUG o.s.s.w.a.c.ChannelProcessingFilter - Request: filter invocation [GET /roles?page=0&size=10&fragment=true]; ConfigAttributes: [REQUIRES_SECURE_CHANNEL]
12:14:35.076 [https-jsse-nio-8443-exec-4] DEBUG o.s.s.w.c.HttpSessionSecurityContextRepository - Retrieved SecurityContextImpl [Authentication=UsernamePasswordAuthenticationToken [Principal=ir.model.entity.CustomUserDetails@435dd609, Credentials=[PROTECTED], Authenticated=true, Details=WebAuthenticationDetails [RemoteIpAddress=0:0:0:0:0:0:0:1, SessionId=null], Granted Authorities=[TICKET_EDIT, BUILDING_DELETE, TICKET_CHECK_SCORE, BUILDING_EDIT, TICKET_CHECK_CLOSE, BUILDING_CREATE, REPORT_VIEW, ROLE_ADMIN, TICKET_CREATE, TICKET_DELETE]]]
12:14:35.076 [https-jsse-nio-8443-exec-4] DEBUG o.s.security.web.FilterChainProxy - Secured GET /roles?page=0&size=10&fragment=true
12:14:35.077 [https-jsse-nio-8443-exec-4] DEBUG o.s.jdbc.datasource.DataSourceUtils - Setting JDBC Connection [HikariProxyConnection@427147566 wrapping oracle.jdbc.driver.T4CConnection@64f4b243] read-only
12:14:35.077 [https-jsse-nio-8443-exec-4] DEBUG o.h.e.t.internal.TransactionImpl - On TransactionImpl creation, JpaCompliance#isJpaTransactionComplianceEnabled == false
12:14:35.077 [https-jsse-nio-8443-exec-4] DEBUG o.h.e.t.internal.TransactionImpl - begin
12:14:35.077 [https-jsse-nio-8443-exec-4] DEBUG org.hibernate.SQL - 
    select
        u1_0.username,
        u1_0.account_non_expired,
        u1_0.account_non_locked,
        u1_0.credentials_expiry_date,
        u1_0.credentials_non_expired,
        u1_0.deleted,
        u1_0.enabled,
        u1_0.password,
        rs1_0.username,
        rs1_1.name,
        rs1_1.deleted,
        ps1_0.role_name,
        ps1_1.id,
        ps1_1.deleted,
        ps1_1.permission 
    from
        user_tbl u1_0 
    left join
        (user_role_tbl rs1_0 
    join
        role_tbl rs1_1 
            on rs1_1.name=rs1_0.role_name) 
        on u1_0.username=rs1_0.username 
        and ( rs1_1.deleted = 0) 
    left join
        (role_permission_tbl ps1_0 
    join
        permission_tbl ps1_1 
            on ps1_1.id=ps1_0.permission) 
        on rs1_1.name=ps1_0.role_name 
        and ( ps1_1.deleted = 0) 
    where
        u1_0.username=? 
        and (
            u1_0.deleted = 0
        )
12:14:35.077 [https-jsse-nio-8443-exec-4] TRACE org.hibernate.orm.jdbc.bind - binding parameter (1:VARCHAR) <- [ali]
12:14:35.079 [https-jsse-nio-8443-exec-4] TRACE org.hibernate.orm.jdbc.extract - extracted value (9:VARCHAR) -> [ali]
12:14:35.079 [https-jsse-nio-8443-exec-4] TRACE org.hibernate.orm.jdbc.extract - extracted value (10:VARCHAR) -> [ROLE_ADMIN]
12:14:35.079 [https-jsse-nio-8443-exec-4] TRACE org.hibernate.orm.jdbc.extract - extracted value (12:VARCHAR) -> [ROLE_ADMIN]
12:14:35.079 [https-jsse-nio-8443-exec-4] TRACE org.hibernate.orm.jdbc.extract - extracted value (13:BIGINT) -> [1]
12:14:35.079 [https-jsse-nio-8443-exec-4] TRACE org.hibernate.orm.jdbc.extract - extracted value (14:BOOLEAN) -> [false]
12:14:35.079 [https-jsse-nio-8443-exec-4] TRACE org.hibernate.orm.jdbc.extract - extracted value (15:VARCHAR) -> [TICKET_CREATE]
12:14:35.079 [https-jsse-nio-8443-exec-4] TRACE org.hibernate.orm.jdbc.extract - extracted value (11:BOOLEAN) -> [false]
12:14:35.079 [https-jsse-nio-8443-exec-4] TRACE org.hibernate.orm.jdbc.extract - extracted value (2:BOOLEAN) -> [true]
12:14:35.079 [https-jsse-nio-8443-exec-4] TRACE org.hibernate.orm.jdbc.extract - extracted value (3:BOOLEAN) -> [true]
12:14:35.079 [https-jsse-nio-8443-exec-4] TRACE org.hibernate.orm.jdbc.extract - extracted value (4:TIMESTAMP) -> [2026-08-03T18:03:44.737555]
12:14:35.079 [https-jsse-nio-8443-exec-4] TRACE org.hibernate.orm.jdbc.extract - extracted value (5:BOOLEAN) -> [true]
12:14:35.079 [https-jsse-nio-8443-exec-4] TRACE org.hibernate.orm.jdbc.extract - extracted value (6:BOOLEAN) -> [false]
12:14:35.079 [https-jsse-nio-8443-exec-4] TRACE org.hibernate.orm.jdbc.extract - extracted value (7:BOOLEAN) -> [true]
12:14:35.079 [https-jsse-nio-8443-exec-4] TRACE org.hibernate.orm.jdbc.extract - extracted value (8:VARCHAR) -> [$2a$12$zWjkkNI6AJKAxh71k9FGeekl8NyE861fVAn0dtmHT4Ve90RbP/.qO]
12:14:35.079 [https-jsse-nio-8443-exec-4] TRACE org.hibernate.orm.jdbc.extract - extracted value (10:VARCHAR) -> [ROLE_ADMIN]
12:14:35.079 [https-jsse-nio-8443-exec-4] TRACE org.hibernate.orm.jdbc.extract - extracted value (13:BIGINT) -> [2]
12:14:35.079 [https-jsse-nio-8443-exec-4] TRACE org.hibernate.orm.jdbc.extract - extracted value (14:BOOLEAN) -> [false]
12:14:35.079 [https-jsse-nio-8443-exec-4] TRACE org.hibernate.orm.jdbc.extract - extracted value (15:VARCHAR) -> [TICKET_EDIT]
12:14:35.080 [https-jsse-nio-8443-exec-4] TRACE org.hibernate.orm.jdbc.extract - extracted value (10:VARCHAR) -> [ROLE_ADMIN]
12:14:35.080 [https-jsse-nio-8443-exec-4] TRACE org.hibernate.orm.jdbc.extract - extracted value (13:BIGINT) -> [3]
12:14:35.080 [https-jsse-nio-8443-exec-4] TRACE org.hibernate.orm.jdbc.extract - extracted value (14:BOOLEAN) -> [false]
12:14:35.080 [https-jsse-nio-8443-exec-4] TRACE org.hibernate.orm.jdbc.extract - extracted value (15:VARCHAR) -> [TICKET_DELETE]
12:14:35.080 [https-jsse-nio-8443-exec-4] TRACE org.hibernate.orm.jdbc.extract - extracted value (10:VARCHAR) -> [ROLE_ADMIN]
12:14:35.080 [https-jsse-nio-8443-exec-4] TRACE org.hibernate.orm.jdbc.extract - extracted value (13:BIGINT) -> [4]
12:14:35.080 [https-jsse-nio-8443-exec-4] TRACE org.hibernate.orm.jdbc.extract - extracted value (14:BOOLEAN) -> [false]
12:14:35.080 [https-jsse-nio-8443-exec-4] TRACE org.hibernate.orm.jdbc.extract - extracted value (15:VARCHAR) -> [REPORT_VIEW]
12:14:35.080 [https-jsse-nio-8443-exec-4] TRACE org.hibernate.orm.jdbc.extract - extracted value (10:VARCHAR) -> [ROLE_ADMIN]
12:14:35.080 [https-jsse-nio-8443-exec-4] TRACE org.hibernate.orm.jdbc.extract - extracted value (13:BIGINT) -> [5]
12:14:35.080 [https-jsse-nio-8443-exec-4] TRACE org.hibernate.orm.jdbc.extract - extracted value (14:BOOLEAN) -> [false]
12:14:35.080 [https-jsse-nio-8443-exec-4] TRACE org.hibernate.orm.jdbc.extract - extracted value (15:VARCHAR) -> [TICKET_CHECK_SCORE]
12:14:35.080 [https-jsse-nio-8443-exec-4] TRACE org.hibernate.orm.jdbc.extract - extracted value (10:VARCHAR) -> [ROLE_ADMIN]
12:14:35.080 [https-jsse-nio-8443-exec-4] TRACE org.hibernate.orm.jdbc.extract - extracted value (13:BIGINT) -> [6]
12:14:35.080 [https-jsse-nio-8443-exec-4] TRACE org.hibernate.orm.jdbc.extract - extracted value (14:BOOLEAN) -> [false]
12:14:35.081 [https-jsse-nio-8443-exec-4] TRACE org.hibernate.orm.jdbc.extract - extracted value (15:VARCHAR) -> [TICKET_CHECK_CLOSE]
12:14:35.081 [https-jsse-nio-8443-exec-4] TRACE org.hibernate.orm.jdbc.extract - extracted value (10:VARCHAR) -> [ROLE_ADMIN]
12:14:35.081 [https-jsse-nio-8443-exec-4] TRACE org.hibernate.orm.jdbc.extract - extracted value (13:BIGINT) -> [7]
12:14:35.081 [https-jsse-nio-8443-exec-4] TRACE org.hibernate.orm.jdbc.extract - extracted value (14:BOOLEAN) -> [false]
12:14:35.081 [https-jsse-nio-8443-exec-4] TRACE org.hibernate.orm.jdbc.extract - extracted value (15:VARCHAR) -> [BUILDING_CREATE]
12:14:35.081 [https-jsse-nio-8443-exec-4] TRACE org.hibernate.orm.jdbc.extract - extracted value (10:VARCHAR) -> [ROLE_ADMIN]
12:14:35.081 [https-jsse-nio-8443-exec-4] TRACE org.hibernate.orm.jdbc.extract - extracted value (13:BIGINT) -> [8]
12:14:35.081 [https-jsse-nio-8443-exec-4] TRACE org.hibernate.orm.jdbc.extract - extracted value (14:BOOLEAN) -> [false]
12:14:35.081 [https-jsse-nio-8443-exec-4] TRACE org.hibernate.orm.jdbc.extract - extracted value (15:VARCHAR) -> [BUILDING_EDIT]
12:14:35.081 [https-jsse-nio-8443-exec-4] TRACE org.hibernate.orm.jdbc.extract - extracted value (10:VARCHAR) -> [ROLE_ADMIN]
12:14:35.081 [https-jsse-nio-8443-exec-4] TRACE org.hibernate.orm.jdbc.extract - extracted value (13:BIGINT) -> [9]
12:14:35.081 [https-jsse-nio-8443-exec-4] TRACE org.hibernate.orm.jdbc.extract - extracted value (14:BOOLEAN) -> [false]
12:14:35.081 [https-jsse-nio-8443-exec-4] TRACE org.hibernate.orm.jdbc.extract - extracted value (15:VARCHAR) -> [BUILDING_DELETE]
12:14:35.081 [https-jsse-nio-8443-exec-4] DEBUG o.h.e.t.internal.TransactionImpl - committing
12:14:35.082 [https-jsse-nio-8443-exec-4] DEBUG o.s.jdbc.datasource.DataSourceUtils - Resetting read-only flag of JDBC Connection [HikariProxyConnection@427147566 wrapping oracle.jdbc.driver.T4CConnection@64f4b243]
12:14:35.083 [https-jsse-nio-8443-exec-4] DEBUG org.hibernate.SQL - 
    /* <criteria> */ select
        n1_0.id,
        n1_0.created_at,
        n1_0.is_read,
        n1_0.link,
        n1_0.message,
        n1_0.title,
        n1_0.username 
    from
        notification_table n1_0 
    where
        n1_0.username=? 
        and n1_0.is_read=0 
    order by
        n1_0.created_at desc 
    fetch
        first ? rows only
12:14:35.083 [https-jsse-nio-8443-exec-4] TRACE org.hibernate.orm.jdbc.bind - binding parameter (1:VARCHAR) <- [ali]
12:14:35.084 [https-jsse-nio-8443-exec-4] TRACE org.hibernate.orm.jdbc.bind - binding parameter (2:INTEGER) <- [5]
12:14:35.085 [https-jsse-nio-8443-exec-4] DEBUG org.hibernate.SQL - 
    /* <criteria> */ select
        count(n1_0.id) 
    from
        notification_table n1_0 
    where
        n1_0.username=? 
        and n1_0.is_read=0
12:14:35.085 [https-jsse-nio-8443-exec-4] TRACE org.hibernate.orm.jdbc.bind - binding parameter (1:VARCHAR) <- [ali]
12:14:35.086 [https-jsse-nio-8443-exec-4] TRACE org.hibernate.orm.jdbc.extract - extracted value (1:BIGINT) -> [0]
12:14:35.087 [https-jsse-nio-8443-exec-4] DEBUG org.hibernate.SQL - 
    /* <criteria> */ select
        count(t1_0.id) 
    from
        ticket_tbl t1_0 
    where
        (
            t1_0.deleted = 0
        ) 
        and t1_0.status=?
12:14:35.087 [https-jsse-nio-8443-exec-4] TRACE org.hibernate.orm.jdbc.bind - binding parameter (1:TINYINT) <- [NotSeen]
12:14:35.088 [https-jsse-nio-8443-exec-4] TRACE org.hibernate.orm.jdbc.extract - extracted value (1:BIGINT) -> [0]
12:14:35.088 [https-jsse-nio-8443-exec-4] INFO  i.c.exception.ResponseAspect - Web Controller: addNotifications
12:14:35.088 [https-jsse-nio-8443-exec-4] DEBUG o.s.s.a.m.AuthorizationManagerBeforeMethodInterceptor - Authorizing method invocation ReflectiveMethodInvocation: public java.lang.String ir.controller.web.RoleController.rolesList(int,int,java.lang.Boolean,org.springframework.ui.Model); target is of class [ir.controller.web.RoleController]
12:14:35.088 [https-jsse-nio-8443-exec-4] DEBUG o.s.s.a.m.AuthorizationManagerBeforeMethodInterceptor - Authorized method invocation ReflectiveMethodInvocation: public java.lang.String ir.controller.web.RoleController.rolesList(int,int,java.lang.Boolean,org.springframework.ui.Model); target is of class [ir.controller.web.RoleController]
12:14:35.089 [https-jsse-nio-8443-exec-4] DEBUG o.s.jdbc.datasource.DataSourceUtils - Setting JDBC Connection [HikariProxyConnection@427147566 wrapping oracle.jdbc.driver.T4CConnection@64f4b243] read-only
12:14:35.089 [https-jsse-nio-8443-exec-4] DEBUG o.h.e.t.internal.TransactionImpl - begin
12:14:35.089 [https-jsse-nio-8443-exec-4] DEBUG org.hibernate.SQL - 
    /* <criteria> */ select
        r1_0.name,
        r1_0.deleted 
    from
        role_tbl r1_0 
    where
        (
            r1_0.deleted = 0
        ) 
    order by
        r1_0.name 
    offset
        ? rows 
    fetch
        first ? rows only
12:14:35.089 [https-jsse-nio-8443-exec-4] TRACE org.hibernate.orm.jdbc.bind - binding parameter (1:INTEGER) <- [0]
12:14:35.089 [https-jsse-nio-8443-exec-4] TRACE org.hibernate.orm.jdbc.bind - binding parameter (2:INTEGER) <- [10]
12:14:35.090 [https-jsse-nio-8443-exec-4] TRACE org.hibernate.orm.jdbc.extract - extracted value (1:VARCHAR) -> [ROLE_ADMIN]
12:14:35.090 [https-jsse-nio-8443-exec-4] TRACE org.hibernate.orm.jdbc.extract - extracted value (1:VARCHAR) -> [ROLE_CUSTOMER]
12:14:35.090 [https-jsse-nio-8443-exec-4] TRACE org.hibernate.orm.jdbc.extract - extracted value (2:BOOLEAN) -> [false]
12:14:35.091 [https-jsse-nio-8443-exec-4] TRACE org.hibernate.orm.jdbc.extract - extracted value (1:VARCHAR) -> [ROLE_MANAGER]
12:14:35.091 [https-jsse-nio-8443-exec-4] TRACE org.hibernate.orm.jdbc.extract - extracted value (2:BOOLEAN) -> [false]
12:14:35.091 [https-jsse-nio-8443-exec-4] DEBUG org.hibernate.SQL - 
    select
        ps1_0.role_name,
        ps1_1.id,
        ps1_1.deleted,
        ps1_1.permission 
    from
        role_permission_tbl ps1_0 
    join
        permission_tbl ps1_1 
            on ps1_1.id=ps1_0.permission 
    where
        ps1_0.role_name=? 
        and (
            ps1_1.deleted = 0
        )
12:14:35.091 [https-jsse-nio-8443-exec-4] TRACE org.hibernate.orm.jdbc.bind - binding parameter (1:VARCHAR) <- [ROLE_MANAGER]
12:14:35.092 [https-jsse-nio-8443-exec-4] TRACE org.hibernate.orm.jdbc.extract - extracted value (1:VARCHAR) -> [ROLE_MANAGER]
12:14:35.092 [https-jsse-nio-8443-exec-4] TRACE org.hibernate.orm.jdbc.extract - extracted value (2:BIGINT) -> [2]
12:14:35.092 [https-jsse-nio-8443-exec-4] TRACE org.hibernate.orm.jdbc.extract - extracted value (1:VARCHAR) -> [ROLE_MANAGER]
12:14:35.092 [https-jsse-nio-8443-exec-4] TRACE org.hibernate.orm.jdbc.extract - extracted value (2:BIGINT) -> [7]
12:14:35.092 [https-jsse-nio-8443-exec-4] TRACE org.hibernate.orm.jdbc.extract - extracted value (1:VARCHAR) -> [ROLE_MANAGER]
12:14:35.092 [https-jsse-nio-8443-exec-4] TRACE org.hibernate.orm.jdbc.extract - extracted value (2:BIGINT) -> [8]
12:14:35.092 [https-jsse-nio-8443-exec-4] TRACE org.hibernate.orm.jdbc.extract - extracted value (1:VARCHAR) -> [ROLE_MANAGER]
12:14:35.092 [https-jsse-nio-8443-exec-4] TRACE org.hibernate.orm.jdbc.extract - extracted value (2:BIGINT) -> [9]
12:14:35.092 [https-jsse-nio-8443-exec-4] DEBUG org.hibernate.SQL - 
    select
        ps1_0.role_name,
        ps1_1.id,
        ps1_1.deleted,
        ps1_1.permission 
    from
        role_permission_tbl ps1_0 
    join
        permission_tbl ps1_1 
            on ps1_1.id=ps1_0.permission 
    where
        ps1_0.role_name=? 
        and (
            ps1_1.deleted = 0
        )
12:14:35.092 [https-jsse-nio-8443-exec-4] TRACE org.hibernate.orm.jdbc.bind - binding parameter (1:VARCHAR) <- [ROLE_CUSTOMER]
12:14:35.093 [https-jsse-nio-8443-exec-4] TRACE org.hibernate.orm.jdbc.extract - extracted value (1:VARCHAR) -> [ROLE_CUSTOMER]
12:14:35.093 [https-jsse-nio-8443-exec-4] TRACE org.hibernate.orm.jdbc.extract - extracted value (2:BIGINT) -> [1]
12:14:35.093 [https-jsse-nio-8443-exec-4] DEBUG o.h.e.t.internal.TransactionImpl - committing
12:14:35.093 [https-jsse-nio-8443-exec-4] DEBUG o.s.jdbc.datasource.DataSourceUtils - Resetting read-only flag of JDBC Connection [HikariProxyConnection@427147566 wrapping oracle.jdbc.driver.T4CConnection@64f4b243]
12:14:35.093 [https-jsse-nio-8443-exec-4] INFO  i.c.exception.ResponseAspect - Web Controller: rolesList
12:14:35.735 [https-jsse-nio-8443-exec-5] DEBUG o.s.security.web.FilterChainProxy - Securing GET /profiles
12:14:35.735 [https-jsse-nio-8443-exec-5] DEBUG o.s.s.w.a.c.ChannelProcessingFilter - Request: filter invocation [GET /profiles]; ConfigAttributes: [REQUIRES_SECURE_CHANNEL]
12:14:35.735 [https-jsse-nio-8443-exec-5] DEBUG o.s.s.w.c.HttpSessionSecurityContextRepository - Retrieved SecurityContextImpl [Authentication=UsernamePasswordAuthenticationToken [Principal=ir.model.entity.CustomUserDetails@435dd609, Credentials=[PROTECTED], Authenticated=true, Details=WebAuthenticationDetails [RemoteIpAddress=0:0:0:0:0:0:0:1, SessionId=null], Granted Authorities=[TICKET_EDIT, BUILDING_DELETE, TICKET_CHECK_SCORE, BUILDING_EDIT, TICKET_CHECK_CLOSE, BUILDING_CREATE, REPORT_VIEW, ROLE_ADMIN, TICKET_CREATE, TICKET_DELETE]]]
12:14:35.736 [https-jsse-nio-8443-exec-5] DEBUG o.s.security.web.FilterChainProxy - Secured GET /profiles
12:14:35.738 [https-jsse-nio-8443-exec-5] DEBUG o.s.jdbc.datasource.DataSourceUtils - Setting JDBC Connection [HikariProxyConnection@834520420 wrapping oracle.jdbc.driver.T4CConnection@64f4b243] read-only
12:14:35.738 [https-jsse-nio-8443-exec-5] DEBUG o.h.e.t.internal.TransactionImpl - On TransactionImpl creation, JpaCompliance#isJpaTransactionComplianceEnabled == false
12:14:35.738 [https-jsse-nio-8443-exec-5] DEBUG o.h.e.t.internal.TransactionImpl - begin
12:14:35.738 [https-jsse-nio-8443-exec-5] DEBUG org.hibernate.SQL - 
    select
        u1_0.username,
        u1_0.account_non_expired,
        u1_0.account_non_locked,
        u1_0.credentials_expiry_date,
        u1_0.credentials_non_expired,
        u1_0.deleted,
        u1_0.enabled,
        u1_0.password,
        rs1_0.username,
        rs1_1.name,
        rs1_1.deleted,
        ps1_0.role_name,
        ps1_1.id,
        ps1_1.deleted,
        ps1_1.permission 
    from
        user_tbl u1_0 
    left join
        (user_role_tbl rs1_0 
    join
        role_tbl rs1_1 
            on rs1_1.name=rs1_0.role_name) 
        on u1_0.username=rs1_0.username 
        and ( rs1_1.deleted = 0) 
    left join
        (role_permission_tbl ps1_0 
    join
        permission_tbl ps1_1 
            on ps1_1.id=ps1_0.permission) 
        on rs1_1.name=ps1_0.role_name 
        and ( ps1_1.deleted = 0) 
    where
        u1_0.username=? 
        and (
            u1_0.deleted = 0
        )
12:14:35.739 [https-jsse-nio-8443-exec-5] TRACE org.hibernate.orm.jdbc.bind - binding parameter (1:VARCHAR) <- [ali]
12:14:35.740 [https-jsse-nio-8443-exec-5] TRACE org.hibernate.orm.jdbc.extract - extracted value (9:VARCHAR) -> [ali]
12:14:35.740 [https-jsse-nio-8443-exec-5] TRACE org.hibernate.orm.jdbc.extract - extracted value (10:VARCHAR) -> [ROLE_ADMIN]
12:14:35.740 [https-jsse-nio-8443-exec-5] TRACE org.hibernate.orm.jdbc.extract - extracted value (12:VARCHAR) -> [ROLE_ADMIN]
12:14:35.740 [https-jsse-nio-8443-exec-5] TRACE org.hibernate.orm.jdbc.extract - extracted value (13:BIGINT) -> [1]
12:14:35.740 [https-jsse-nio-8443-exec-5] TRACE org.hibernate.orm.jdbc.extract - extracted value (14:BOOLEAN) -> [false]
12:14:35.740 [https-jsse-nio-8443-exec-5] TRACE org.hibernate.orm.jdbc.extract - extracted value (15:VARCHAR) -> [TICKET_CREATE]
12:14:35.740 [https-jsse-nio-8443-exec-5] TRACE org.hibernate.orm.jdbc.extract - extracted value (11:BOOLEAN) -> [false]
12:14:35.740 [https-jsse-nio-8443-exec-5] TRACE org.hibernate.orm.jdbc.extract - extracted value (2:BOOLEAN) -> [true]
12:14:35.740 [https-jsse-nio-8443-exec-5] TRACE org.hibernate.orm.jdbc.extract - extracted value (3:BOOLEAN) -> [true]
12:14:35.740 [https-jsse-nio-8443-exec-5] TRACE org.hibernate.orm.jdbc.extract - extracted value (4:TIMESTAMP) -> [2026-08-03T18:03:44.737555]
12:14:35.740 [https-jsse-nio-8443-exec-5] TRACE org.hibernate.orm.jdbc.extract - extracted value (5:BOOLEAN) -> [true]
12:14:35.740 [https-jsse-nio-8443-exec-5] TRACE org.hibernate.orm.jdbc.extract - extracted value (6:BOOLEAN) -> [false]
12:14:35.740 [https-jsse-nio-8443-exec-5] TRACE org.hibernate.orm.jdbc.extract - extracted value (7:BOOLEAN) -> [true]
12:14:35.740 [https-jsse-nio-8443-exec-5] TRACE org.hibernate.orm.jdbc.extract - extracted value (8:VARCHAR) -> [$2a$12$zWjkkNI6AJKAxh71k9FGeekl8NyE861fVAn0dtmHT4Ve90RbP/.qO]
12:14:35.740 [https-jsse-nio-8443-exec-5] TRACE org.hibernate.orm.jdbc.extract - extracted value (10:VARCHAR) -> [ROLE_ADMIN]
12:14:35.741 [https-jsse-nio-8443-exec-5] TRACE org.hibernate.orm.jdbc.extract - extracted value (13:BIGINT) -> [2]
12:14:35.741 [https-jsse-nio-8443-exec-5] TRACE org.hibernate.orm.jdbc.extract - extracted value (14:BOOLEAN) -> [false]
12:14:35.741 [https-jsse-nio-8443-exec-5] TRACE org.hibernate.orm.jdbc.extract - extracted value (15:VARCHAR) -> [TICKET_EDIT]
12:14:35.741 [https-jsse-nio-8443-exec-5] TRACE org.hibernate.orm.jdbc.extract - extracted value (10:VARCHAR) -> [ROLE_ADMIN]
12:14:35.741 [https-jsse-nio-8443-exec-5] TRACE org.hibernate.orm.jdbc.extract - extracted value (13:BIGINT) -> [3]
12:14:35.741 [https-jsse-nio-8443-exec-5] TRACE org.hibernate.orm.jdbc.extract - extracted value (14:BOOLEAN) -> [false]
12:14:35.741 [https-jsse-nio-8443-exec-5] TRACE org.hibernate.orm.jdbc.extract - extracted value (15:VARCHAR) -> [TICKET_DELETE]
12:14:35.741 [https-jsse-nio-8443-exec-5] TRACE org.hibernate.orm.jdbc.extract - extracted value (10:VARCHAR) -> [ROLE_ADMIN]
12:14:35.741 [https-jsse-nio-8443-exec-5] TRACE org.hibernate.orm.jdbc.extract - extracted value (13:BIGINT) -> [4]
12:14:35.741 [https-jsse-nio-8443-exec-5] TRACE org.hibernate.orm.jdbc.extract - extracted value (14:BOOLEAN) -> [false]
12:14:35.741 [https-jsse-nio-8443-exec-5] TRACE org.hibernate.orm.jdbc.extract - extracted value (15:VARCHAR) -> [REPORT_VIEW]
12:14:35.741 [https-jsse-nio-8443-exec-5] TRACE org.hibernate.orm.jdbc.extract - extracted value (10:VARCHAR) -> [ROLE_ADMIN]
12:14:35.741 [https-jsse-nio-8443-exec-5] TRACE org.hibernate.orm.jdbc.extract - extracted value (13:BIGINT) -> [5]
12:14:35.741 [https-jsse-nio-8443-exec-5] TRACE org.hibernate.orm.jdbc.extract - extracted value (14:BOOLEAN) -> [false]
12:14:35.741 [https-jsse-nio-8443-exec-5] TRACE org.hibernate.orm.jdbc.extract - extracted value (15:VARCHAR) -> [TICKET_CHECK_SCORE]
12:14:35.741 [https-jsse-nio-8443-exec-5] TRACE org.hibernate.orm.jdbc.extract - extracted value (10:VARCHAR) -> [ROLE_ADMIN]
12:14:35.741 [https-jsse-nio-8443-exec-5] TRACE org.hibernate.orm.jdbc.extract - extracted value (13:BIGINT) -> [6]
12:14:35.741 [https-jsse-nio-8443-exec-5] TRACE org.hibernate.orm.jdbc.extract - extracted value (14:BOOLEAN) -> [false]
12:14:35.741 [https-jsse-nio-8443-exec-5] TRACE org.hibernate.orm.jdbc.extract - extracted value (15:VARCHAR) -> [TICKET_CHECK_CLOSE]
12:14:35.742 [https-jsse-nio-8443-exec-5] TRACE org.hibernate.orm.jdbc.extract - extracted value (10:VARCHAR) -> [ROLE_ADMIN]
12:14:35.742 [https-jsse-nio-8443-exec-5] TRACE org.hibernate.orm.jdbc.extract - extracted value (13:BIGINT) -> [7]
12:14:35.742 [https-jsse-nio-8443-exec-5] TRACE org.hibernate.orm.jdbc.extract - extracted value (14:BOOLEAN) -> [false]
12:14:35.742 [https-jsse-nio-8443-exec-5] TRACE org.hibernate.orm.jdbc.extract - extracted value (15:VARCHAR) -> [BUILDING_CREATE]
12:14:35.742 [https-jsse-nio-8443-exec-5] TRACE org.hibernate.orm.jdbc.extract - extracted value (10:VARCHAR) -> [ROLE_ADMIN]
12:14:35.742 [https-jsse-nio-8443-exec-5] TRACE org.hibernate.orm.jdbc.extract - extracted value (13:BIGINT) -> [8]
12:14:35.742 [https-jsse-nio-8443-exec-5] TRACE org.hibernate.orm.jdbc.extract - extracted value (14:BOOLEAN) -> [false]
12:14:35.742 [https-jsse-nio-8443-exec-5] TRACE org.hibernate.orm.jdbc.extract - extracted value (15:VARCHAR) -> [BUILDING_EDIT]
12:14:35.742 [https-jsse-nio-8443-exec-5] TRACE org.hibernate.orm.jdbc.extract - extracted value (10:VARCHAR) -> [ROLE_ADMIN]
12:14:35.742 [https-jsse-nio-8443-exec-5] TRACE org.hibernate.orm.jdbc.extract - extracted value (13:BIGINT) -> [9]
12:14:35.742 [https-jsse-nio-8443-exec-5] TRACE org.hibernate.orm.jdbc.extract - extracted value (14:BOOLEAN) -> [false]
12:14:35.742 [https-jsse-nio-8443-exec-5] TRACE org.hibernate.orm.jdbc.extract - extracted value (15:VARCHAR) -> [BUILDING_DELETE]
12:14:35.742 [https-jsse-nio-8443-exec-5] DEBUG o.h.e.t.internal.TransactionImpl - committing
12:14:35.743 [https-jsse-nio-8443-exec-5] DEBUG o.s.jdbc.datasource.DataSourceUtils - Resetting read-only flag of JDBC Connection [HikariProxyConnection@834520420 wrapping oracle.jdbc.driver.T4CConnection@64f4b243]
12:14:35.744 [https-jsse-nio-8443-exec-5] DEBUG org.hibernate.SQL - 
    /* <criteria> */ select
        n1_0.id,
        n1_0.created_at,
        n1_0.is_read,
        n1_0.link,
        n1_0.message,
        n1_0.title,
        n1_0.username 
    from
        notification_table n1_0 
    where
        n1_0.username=? 
        and n1_0.is_read=0 
    order by
        n1_0.created_at desc 
    fetch
        first ? rows only
12:14:35.744 [https-jsse-nio-8443-exec-5] TRACE org.hibernate.orm.jdbc.bind - binding parameter (1:VARCHAR) <- [ali]
12:14:35.744 [https-jsse-nio-8443-exec-5] TRACE org.hibernate.orm.jdbc.bind - binding parameter (2:INTEGER) <- [5]
12:14:35.747 [https-jsse-nio-8443-exec-5] DEBUG org.hibernate.SQL - 
    /* <criteria> */ select
        count(n1_0.id) 
    from
        notification_table n1_0 
    where
        n1_0.username=? 
        and n1_0.is_read=0
12:14:35.747 [https-jsse-nio-8443-exec-5] TRACE org.hibernate.orm.jdbc.bind - binding parameter (1:VARCHAR) <- [ali]
12:14:35.747 [https-jsse-nio-8443-exec-5] TRACE org.hibernate.orm.jdbc.extract - extracted value (1:BIGINT) -> [0]
12:14:35.747 [https-jsse-nio-8443-exec-5] DEBUG org.hibernate.SQL - 
    /* <criteria> */ select
        count(t1_0.id) 
    from
        ticket_tbl t1_0 
    where
        (
            t1_0.deleted = 0
        ) 
        and t1_0.status=?
12:14:35.747 [https-jsse-nio-8443-exec-5] TRACE org.hibernate.orm.jdbc.bind - binding parameter (1:TINYINT) <- [NotSeen]
12:14:35.747 [https-jsse-nio-8443-exec-5] TRACE org.hibernate.orm.jdbc.extract - extracted value (1:BIGINT) -> [0]
12:14:35.749 [https-jsse-nio-8443-exec-5] INFO  i.c.exception.ResponseAspect - Web Controller: addNotifications
12:14:35.750 [https-jsse-nio-8443-exec-5] DEBUG o.s.jdbc.datasource.DataSourceUtils - Setting JDBC Connection [HikariProxyConnection@834520420 wrapping oracle.jdbc.driver.T4CConnection@64f4b243] read-only
12:14:35.750 [https-jsse-nio-8443-exec-5] DEBUG o.h.e.t.internal.TransactionImpl - begin
12:14:35.750 [https-jsse-nio-8443-exec-5] DEBUG org.hibernate.SQL - 
    /* <criteria> */ select
        p1_0.id,
        p1_0.deleted,
        p1_0.email,
        p1_0.first_name,
        p1_0.last_name,
        p1_0.phone,
        p1_0.attachment_id,
        p1_0.username 
    from
        profile_tbl p1_0 
    where
        (
            p1_0.deleted = 0
        ) 
    order by
        p1_0.first_name 
    offset
        ? rows 
    fetch
        first ? rows only
12:14:35.751 [https-jsse-nio-8443-exec-5] TRACE org.hibernate.orm.jdbc.bind - binding parameter (1:INTEGER) <- [0]
12:14:35.751 [https-jsse-nio-8443-exec-5] TRACE org.hibernate.orm.jdbc.bind - binding parameter (2:INTEGER) <- [10]
12:14:35.757 [https-jsse-nio-8443-exec-5] TRACE org.hibernate.orm.jdbc.extract - extracted value (1:BIGINT) -> [1]
12:14:35.758 [https-jsse-nio-8443-exec-5] TRACE org.hibernate.orm.jdbc.extract - extracted value (7:BIGINT) -> [21]
12:14:35.760 [https-jsse-nio-8443-exec-5] TRACE org.hibernate.orm.jdbc.extract - extracted value (8:VARCHAR) -> [hasan]
12:14:35.760 [https-jsse-nio-8443-exec-5] TRACE org.hibernate.orm.jdbc.extract - extracted value (2:BOOLEAN) -> [false]
12:14:35.761 [https-jsse-nio-8443-exec-5] TRACE org.hibernate.orm.jdbc.extract - extracted value (3:VARCHAR) -> [hasan@yahoo.com]
12:14:35.761 [https-jsse-nio-8443-exec-5] TRACE org.hibernate.orm.jdbc.extract - extracted value (4:VARCHAR) -> [hasan]
12:14:35.761 [https-jsse-nio-8443-exec-5] TRACE org.hibernate.orm.jdbc.extract - extracted value (5:VARCHAR) -> [mansouri]
12:14:35.761 [https-jsse-nio-8443-exec-5] TRACE org.hibernate.orm.jdbc.extract - extracted value (6:VARCHAR) -> [09153635211]
12:14:35.762 [https-jsse-nio-8443-exec-5] DEBUG o.h.e.t.internal.TransactionImpl - committing
12:14:35.763 [https-jsse-nio-8443-exec-5] DEBUG o.s.jdbc.datasource.DataSourceUtils - Resetting read-only flag of JDBC Connection [HikariProxyConnection@834520420 wrapping oracle.jdbc.driver.T4CConnection@64f4b243]
12:14:35.763 [https-jsse-nio-8443-exec-5] INFO  i.c.exception.ResponseAspect - Web Controller: profilesList
12:14:35.801 [https-jsse-nio-8443-exec-5] DEBUG org.hibernate.SQL - 
    select
        u1_0.username,
        u1_0.account_non_expired,
        u1_0.account_non_locked,
        u1_0.credentials_expiry_date,
        u1_0.credentials_non_expired,
        u1_0.deleted,
        u1_0.enabled,
        u1_0.password,
        rs1_0.username,
        rs1_1.name,
        rs1_1.deleted,
        ps1_0.role_name,
        ps1_1.id,
        ps1_1.deleted,
        ps1_1.permission 
    from
        user_tbl u1_0 
    left join
        (user_role_tbl rs1_0 
    join
        role_tbl rs1_1 
            on rs1_1.name=rs1_0.role_name) 
        on u1_0.username=rs1_0.username 
        and ( rs1_1.deleted = 0) 
    left join
        (role_permission_tbl ps1_0 
    join
        permission_tbl ps1_1 
            on ps1_1.id=ps1_0.permission) 
        on rs1_1.name=ps1_0.role_name 
        and ( ps1_1.deleted = 0) 
    where
        u1_0.username=? 
        and (
            u1_0.deleted = 0
        )
12:14:35.801 [https-jsse-nio-8443-exec-5] TRACE org.hibernate.orm.jdbc.bind - binding parameter (1:VARCHAR) <- [hasan]
12:14:35.803 [https-jsse-nio-8443-exec-5] TRACE org.hibernate.orm.jdbc.extract - extracted value (9:VARCHAR) -> [hasan]
12:14:35.803 [https-jsse-nio-8443-exec-5] TRACE org.hibernate.orm.jdbc.extract - extracted value (10:VARCHAR) -> [ROLE_CUSTOMER]
12:14:35.803 [https-jsse-nio-8443-exec-5] TRACE org.hibernate.orm.jdbc.extract - extracted value (12:VARCHAR) -> [ROLE_CUSTOMER]
12:14:35.803 [https-jsse-nio-8443-exec-5] TRACE org.hibernate.orm.jdbc.extract - extracted value (13:BIGINT) -> [1]
12:14:35.803 [https-jsse-nio-8443-exec-5] TRACE org.hibernate.orm.jdbc.extract - extracted value (11:BOOLEAN) -> [false]
12:14:35.803 [https-jsse-nio-8443-exec-5] TRACE org.hibernate.orm.jdbc.extract - extracted value (2:BOOLEAN) -> [true]
12:14:35.803 [https-jsse-nio-8443-exec-5] TRACE org.hibernate.orm.jdbc.extract - extracted value (3:BOOLEAN) -> [true]
12:14:35.803 [https-jsse-nio-8443-exec-5] TRACE org.hibernate.orm.jdbc.extract - extracted value (4:TIMESTAMP) -> [2026-08-03T22:36:24.281543]
12:14:35.803 [https-jsse-nio-8443-exec-5] TRACE org.hibernate.orm.jdbc.extract - extracted value (5:BOOLEAN) -> [true]
12:14:35.803 [https-jsse-nio-8443-exec-5] TRACE org.hibernate.orm.jdbc.extract - extracted value (6:BOOLEAN) -> [false]
12:14:35.803 [https-jsse-nio-8443-exec-5] TRACE org.hibernate.orm.jdbc.extract - extracted value (7:BOOLEAN) -> [true]
12:14:35.803 [https-jsse-nio-8443-exec-5] TRACE org.hibernate.orm.jdbc.extract - extracted value (8:VARCHAR) -> [$2a$12$On9gnEeusVWqrhY7gH8BH.4Fs/LopJPYgCbl5qlVI723TmxHkXSx.]
12:14:35.829 [https-jsse-nio-8443-exec-8] DEBUG o.s.security.web.FilterChainProxy - Securing GET /css/reset.css
12:14:35.829 [https-jsse-nio-8443-exec-1] DEBUG o.s.security.web.FilterChainProxy - Securing GET /css/bootstrap.min.css
12:14:35.829 [https-jsse-nio-8443-exec-1] DEBUG o.s.s.w.a.c.ChannelProcessingFilter - Request: filter invocation [GET /css/bootstrap.min.css]; ConfigAttributes: [REQUIRES_SECURE_CHANNEL]
12:14:35.829 [https-jsse-nio-8443-exec-8] DEBUG o.s.s.w.a.c.ChannelProcessingFilter - Request: filter invocation [GET /css/reset.css]; ConfigAttributes: [REQUIRES_SECURE_CHANNEL]
12:14:35.829 [https-jsse-nio-8443-exec-3] DEBUG o.s.security.web.FilterChainProxy - Securing GET /css/fontawesome.css
12:14:35.829 [https-jsse-nio-8443-exec-6] DEBUG o.s.security.web.FilterChainProxy - Securing GET /css/fonts.min.css
12:14:35.829 [https-jsse-nio-8443-exec-9] DEBUG o.s.security.web.FilterChainProxy - Securing GET /css/toast.css
12:14:35.829 [https-jsse-nio-8443-exec-3] DEBUG o.s.s.w.a.c.ChannelProcessingFilter - Request: filter invocation [GET /css/fontawesome.css]; ConfigAttributes: [REQUIRES_SECURE_CHANNEL]
12:14:35.829 [https-jsse-nio-8443-exec-1] DEBUG o.s.security.web.FilterChainProxy - Secured GET /css/bootstrap.min.css
12:14:35.829 [https-jsse-nio-8443-exec-8] DEBUG o.s.security.web.FilterChainProxy - Secured GET /css/reset.css
12:14:35.830 [https-jsse-nio-8443-exec-6] DEBUG o.s.s.w.a.c.ChannelProcessingFilter - Request: filter invocation [GET /css/fonts.min.css]; ConfigAttributes: [REQUIRES_SECURE_CHANNEL]
12:14:35.830 [https-jsse-nio-8443-exec-9] DEBUG o.s.s.w.a.c.ChannelProcessingFilter - Request: filter invocation [GET /css/toast.css]; ConfigAttributes: [REQUIRES_SECURE_CHANNEL]
12:14:35.830 [https-jsse-nio-8443-exec-3] DEBUG o.s.security.web.FilterChainProxy - Secured GET /css/fontawesome.css
12:14:35.830 [https-jsse-nio-8443-exec-9] DEBUG o.s.security.web.FilterChainProxy - Secured GET /css/toast.css
12:14:35.830 [https-jsse-nio-8443-exec-6] DEBUG o.s.security.web.FilterChainProxy - Secured GET /css/fonts.min.css
12:14:35.831 [https-jsse-nio-8443-exec-8] DEBUG o.s.s.w.c.HttpSessionSecurityContextRepository - Retrieved SecurityContextImpl [Authentication=UsernamePasswordAuthenticationToken [Principal=ir.model.entity.CustomUserDetails@435dd609, Credentials=[PROTECTED], Authenticated=true, Details=WebAuthenticationDetails [RemoteIpAddress=0:0:0:0:0:0:0:1, SessionId=null], Granted Authorities=[TICKET_EDIT, BUILDING_DELETE, TICKET_CHECK_SCORE, BUILDING_EDIT, TICKET_CHECK_CLOSE, BUILDING_CREATE, REPORT_VIEW, ROLE_ADMIN, TICKET_CREATE, TICKET_DELETE]]]
12:14:35.831 [https-jsse-nio-8443-exec-9] DEBUG o.s.s.w.c.HttpSessionSecurityContextRepository - Retrieved SecurityContextImpl [Authentication=UsernamePasswordAuthenticationToken [Principal=ir.model.entity.CustomUserDetails@435dd609, Credentials=[PROTECTED], Authenticated=true, Details=WebAuthenticationDetails [RemoteIpAddress=0:0:0:0:0:0:0:1, SessionId=null], Granted Authorities=[TICKET_EDIT, BUILDING_DELETE, TICKET_CHECK_SCORE, BUILDING_EDIT, TICKET_CHECK_CLOSE, BUILDING_CREATE, REPORT_VIEW, ROLE_ADMIN, TICKET_CREATE, TICKET_DELETE]]]
12:14:35.832 [https-jsse-nio-8443-exec-6] DEBUG o.s.s.w.c.HttpSessionSecurityContextRepository - Retrieved SecurityContextImpl [Authentication=UsernamePasswordAuthenticationToken [Principal=ir.model.entity.CustomUserDetails@435dd609, Credentials=[PROTECTED], Authenticated=true, Details=WebAuthenticationDetails [RemoteIpAddress=0:0:0:0:0:0:0:1, SessionId=null], Granted Authorities=[TICKET_EDIT, BUILDING_DELETE, TICKET_CHECK_SCORE, BUILDING_EDIT, TICKET_CHECK_CLOSE, BUILDING_CREATE, REPORT_VIEW, ROLE_ADMIN, TICKET_CREATE, TICKET_DELETE]]]
12:14:35.833 [https-jsse-nio-8443-exec-2] DEBUG o.s.security.web.FilterChainProxy - Securing GET /css/styles.css
12:14:35.833 [https-jsse-nio-8443-exec-2] DEBUG o.s.s.w.a.c.ChannelProcessingFilter - Request: filter invocation [GET /css/styles.css]; ConfigAttributes: [REQUIRES_SECURE_CHANNEL]
12:14:35.833 [https-jsse-nio-8443-exec-2] DEBUG o.s.security.web.FilterChainProxy - Secured GET /css/styles.css
12:14:35.834 [https-jsse-nio-8443-exec-10] DEBUG o.s.security.web.FilterChainProxy - Securing GET /icons/mftlogo.png
12:14:35.835 [https-jsse-nio-8443-exec-7] DEBUG o.s.security.web.FilterChainProxy - Securing GET /profiles/1/picture
12:14:35.835 [https-jsse-nio-8443-exec-10] DEBUG o.s.s.w.a.c.ChannelProcessingFilter - Request: filter invocation [GET /icons/mftlogo.png]; ConfigAttributes: [REQUIRES_SECURE_CHANNEL]
12:14:35.835 [https-jsse-nio-8443-exec-7] DEBUG o.s.s.w.a.c.ChannelProcessingFilter - Request: filter invocation [GET /profiles/1/picture]; ConfigAttributes: [REQUIRES_SECURE_CHANNEL]
12:14:35.835 [https-jsse-nio-8443-exec-7] DEBUG o.s.s.w.c.HttpSessionSecurityContextRepository - Retrieved SecurityContextImpl [Authentication=UsernamePasswordAuthenticationToken [Principal=ir.model.entity.CustomUserDetails@435dd609, Credentials=[PROTECTED], Authenticated=true, Details=WebAuthenticationDetails [RemoteIpAddress=0:0:0:0:0:0:0:1, SessionId=null], Granted Authorities=[TICKET_EDIT, BUILDING_DELETE, TICKET_CHECK_SCORE, BUILDING_EDIT, TICKET_CHECK_CLOSE, BUILDING_CREATE, REPORT_VIEW, ROLE_ADMIN, TICKET_CREATE, TICKET_DELETE]]]
12:14:35.835 [https-jsse-nio-8443-exec-10] DEBUG o.s.security.web.FilterChainProxy - Secured GET /icons/mftlogo.png
12:14:35.836 [https-jsse-nio-8443-exec-7] DEBUG o.s.security.web.FilterChainProxy - Secured GET /profiles/1/picture
12:14:35.836 [https-jsse-nio-8443-exec-2] DEBUG o.s.s.w.c.HttpSessionSecurityContextRepository - Retrieved SecurityContextImpl [Authentication=UsernamePasswordAuthenticationToken [Principal=ir.model.entity.CustomUserDetails@435dd609, Credentials=[PROTECTED], Authenticated=true, Details=WebAuthenticationDetails [RemoteIpAddress=0:0:0:0:0:0:0:1, SessionId=null], Granted Authorities=[TICKET_EDIT, BUILDING_DELETE, TICKET_CHECK_SCORE, BUILDING_EDIT, TICKET_CHECK_CLOSE, BUILDING_CREATE, REPORT_VIEW, ROLE_ADMIN, TICKET_CREATE, TICKET_DELETE]]]
12:14:35.837 [https-jsse-nio-8443-exec-7] DEBUG o.s.jdbc.datasource.DataSourceUtils - Setting JDBC Connection [HikariProxyConnection@73077798 wrapping oracle.jdbc.driver.T4CConnection@9a3820e] read-only
12:14:35.837 [https-jsse-nio-8443-exec-7] DEBUG o.h.e.t.internal.TransactionImpl - On TransactionImpl creation, JpaCompliance#isJpaTransactionComplianceEnabled == false
12:14:35.837 [https-jsse-nio-8443-exec-7] DEBUG o.h.e.t.internal.TransactionImpl - begin
12:14:35.838 [https-jsse-nio-8443-exec-4] DEBUG o.s.security.web.FilterChainProxy - Securing GET /icons/no-image.png
12:14:35.838 [https-jsse-nio-8443-exec-7] DEBUG org.hibernate.SQL - 
    select
        u1_0.username,
        u1_0.account_non_expired,
        u1_0.account_non_locked,
        u1_0.credentials_expiry_date,
        u1_0.credentials_non_expired,
        u1_0.deleted,
        u1_0.enabled,
        u1_0.password,
        rs1_0.username,
        rs1_1.name,
        rs1_1.deleted,
        ps1_0.role_name,
        ps1_1.id,
        ps1_1.deleted,
        ps1_1.permission 
    from
        user_tbl u1_0 
    left join
        (user_role_tbl rs1_0 
    join
        role_tbl rs1_1 
            on rs1_1.name=rs1_0.role_name) 
        on u1_0.username=rs1_0.username 
        and ( rs1_1.deleted = 0) 
    left join
        (role_permission_tbl ps1_0 
    join
        permission_tbl ps1_1 
            on ps1_1.id=ps1_0.permission) 
        on rs1_1.name=ps1_0.role_name 
        and ( ps1_1.deleted = 0) 
    where
        u1_0.username=? 
        and (
            u1_0.deleted = 0
        )
12:14:35.838 [https-jsse-nio-8443-exec-4] DEBUG o.s.s.w.a.c.ChannelProcessingFilter - Request: filter invocation [GET /icons/no-image.png]; ConfigAttributes: [REQUIRES_SECURE_CHANNEL]
12:14:35.838 [https-jsse-nio-8443-exec-7] TRACE org.hibernate.orm.jdbc.bind - binding parameter (1:VARCHAR) <- [ali]
12:14:35.839 [https-jsse-nio-8443-exec-10] DEBUG o.s.s.w.c.HttpSessionSecurityContextRepository - Retrieved SecurityContextImpl [Authentication=UsernamePasswordAuthenticationToken [Principal=ir.model.entity.CustomUserDetails@435dd609, Credentials=[PROTECTED], Authenticated=true, Details=WebAuthenticationDetails [RemoteIpAddress=0:0:0:0:0:0:0:1, SessionId=null], Granted Authorities=[TICKET_EDIT, BUILDING_DELETE, TICKET_CHECK_SCORE, BUILDING_EDIT, TICKET_CHECK_CLOSE, BUILDING_CREATE, REPORT_VIEW, ROLE_ADMIN, TICKET_CREATE, TICKET_DELETE]]]
12:14:35.839 [https-jsse-nio-8443-exec-4] DEBUG o.s.security.web.FilterChainProxy - Secured GET /icons/no-image.png
12:14:35.840 [https-jsse-nio-8443-exec-7] TRACE org.hibernate.orm.jdbc.extract - extracted value (9:VARCHAR) -> [ali]
12:14:35.840 [https-jsse-nio-8443-exec-7] TRACE org.hibernate.orm.jdbc.extract - extracted value (10:VARCHAR) -> [ROLE_ADMIN]
12:14:35.840 [https-jsse-nio-8443-exec-7] TRACE org.hibernate.orm.jdbc.extract - extracted value (12:VARCHAR) -> [ROLE_ADMIN]
12:14:35.840 [https-jsse-nio-8443-exec-7] TRACE org.hibernate.orm.jdbc.extract - extracted value (13:BIGINT) -> [1]
12:14:35.840 [https-jsse-nio-8443-exec-7] TRACE org.hibernate.orm.jdbc.extract - extracted value (14:BOOLEAN) -> [false]
12:14:35.840 [https-jsse-nio-8443-exec-7] TRACE org.hibernate.orm.jdbc.extract - extracted value (15:VARCHAR) -> [TICKET_CREATE]
12:14:35.840 [https-jsse-nio-8443-exec-7] TRACE org.hibernate.orm.jdbc.extract - extracted value (11:BOOLEAN) -> [false]
12:14:35.840 [https-jsse-nio-8443-exec-7] TRACE org.hibernate.orm.jdbc.extract - extracted value (2:BOOLEAN) -> [true]
12:14:35.840 [https-jsse-nio-8443-exec-7] TRACE org.hibernate.orm.jdbc.extract - extracted value (3:BOOLEAN) -> [true]
12:14:35.840 [https-jsse-nio-8443-exec-7] TRACE org.hibernate.orm.jdbc.extract - extracted value (4:TIMESTAMP) -> [2026-08-03T18:03:44.737555]
12:14:35.840 [https-jsse-nio-8443-exec-7] TRACE org.hibernate.orm.jdbc.extract - extracted value (5:BOOLEAN) -> [true]
12:14:35.840 [https-jsse-nio-8443-exec-7] TRACE org.hibernate.orm.jdbc.extract - extracted value (6:BOOLEAN) -> [false]
12:14:35.840 [https-jsse-nio-8443-exec-7] TRACE org.hibernate.orm.jdbc.extract - extracted value (7:BOOLEAN) -> [true]
12:14:35.840 [https-jsse-nio-8443-exec-7] TRACE org.hibernate.orm.jdbc.extract - extracted value (8:VARCHAR) -> [$2a$12$zWjkkNI6AJKAxh71k9FGeekl8NyE861fVAn0dtmHT4Ve90RbP/.qO]
12:14:35.840 [https-jsse-nio-8443-exec-9] DEBUG o.s.security.web.FilterChainProxy - Securing GET /js/bootstrap.bundle.min.js
12:14:35.840 [https-jsse-nio-8443-exec-8] DEBUG o.s.security.web.FilterChainProxy - Securing GET /js/fontawesome.js
12:14:35.840 [https-jsse-nio-8443-exec-7] TRACE org.hibernate.orm.jdbc.extract - extracted value (10:VARCHAR) -> [ROLE_ADMIN]
12:14:35.841 [https-jsse-nio-8443-exec-7] TRACE org.hibernate.orm.jdbc.extract - extracted value (13:BIGINT) -> [2]
12:14:35.841 [https-jsse-nio-8443-exec-8] DEBUG o.s.s.w.a.c.ChannelProcessingFilter - Request: filter invocation [GET /js/fontawesome.js]; ConfigAttributes: [REQUIRES_SECURE_CHANNEL]
12:14:35.841 [https-jsse-nio-8443-exec-9] DEBUG o.s.s.w.a.c.ChannelProcessingFilter - Request: filter invocation [GET /js/bootstrap.bundle.min.js]; ConfigAttributes: [REQUIRES_SECURE_CHANNEL]
12:14:35.841 [https-jsse-nio-8443-exec-7] TRACE org.hibernate.orm.jdbc.extract - extracted value (14:BOOLEAN) -> [false]
12:14:35.841 [https-jsse-nio-8443-exec-7] TRACE org.hibernate.orm.jdbc.extract - extracted value (15:VARCHAR) -> [TICKET_EDIT]
12:14:35.841 [https-jsse-nio-8443-exec-7] TRACE org.hibernate.orm.jdbc.extract - extracted value (10:VARCHAR) -> [ROLE_ADMIN]
12:14:35.841 [https-jsse-nio-8443-exec-7] TRACE org.hibernate.orm.jdbc.extract - extracted value (13:BIGINT) -> [3]
12:14:35.841 [https-jsse-nio-8443-exec-7] TRACE org.hibernate.orm.jdbc.extract - extracted value (14:BOOLEAN) -> [false]
12:14:35.841 [https-jsse-nio-8443-exec-7] TRACE org.hibernate.orm.jdbc.extract - extracted value (15:VARCHAR) -> [TICKET_DELETE]
12:14:35.841 [https-jsse-nio-8443-exec-9] DEBUG o.s.security.web.FilterChainProxy - Secured GET /js/bootstrap.bundle.min.js
12:14:35.841 [https-jsse-nio-8443-exec-8] DEBUG o.s.security.web.FilterChainProxy - Secured GET /js/fontawesome.js
12:14:35.841 [https-jsse-nio-8443-exec-7] TRACE org.hibernate.orm.jdbc.extract - extracted value (10:VARCHAR) -> [ROLE_ADMIN]
12:14:35.841 [https-jsse-nio-8443-exec-7] TRACE org.hibernate.orm.jdbc.extract - extracted value (13:BIGINT) -> [4]
12:14:35.841 [https-jsse-nio-8443-exec-7] TRACE org.hibernate.orm.jdbc.extract - extracted value (14:BOOLEAN) -> [false]
12:14:35.841 [https-jsse-nio-8443-exec-7] TRACE org.hibernate.orm.jdbc.extract - extracted value (15:VARCHAR) -> [REPORT_VIEW]
12:14:35.841 [https-jsse-nio-8443-exec-7] TRACE org.hibernate.orm.jdbc.extract - extracted value (10:VARCHAR) -> [ROLE_ADMIN]
12:14:35.841 [https-jsse-nio-8443-exec-7] TRACE org.hibernate.orm.jdbc.extract - extracted value (13:BIGINT) -> [5]
12:14:35.841 [https-jsse-nio-8443-exec-7] TRACE org.hibernate.orm.jdbc.extract - extracted value (14:BOOLEAN) -> [false]
12:14:35.841 [https-jsse-nio-8443-exec-7] TRACE org.hibernate.orm.jdbc.extract - extracted value (15:VARCHAR) -> [TICKET_CHECK_SCORE]
12:14:35.842 [https-jsse-nio-8443-exec-7] TRACE org.hibernate.orm.jdbc.extract - extracted value (10:VARCHAR) -> [ROLE_ADMIN]
12:14:35.842 [https-jsse-nio-8443-exec-7] TRACE org.hibernate.orm.jdbc.extract - extracted value (13:BIGINT) -> [6]
12:14:35.842 [https-jsse-nio-8443-exec-7] TRACE org.hibernate.orm.jdbc.extract - extracted value (14:BOOLEAN) -> [false]
12:14:35.842 [https-jsse-nio-8443-exec-7] TRACE org.hibernate.orm.jdbc.extract - extracted value (15:VARCHAR) -> [TICKET_CHECK_CLOSE]
12:14:35.842 [https-jsse-nio-8443-exec-7] TRACE org.hibernate.orm.jdbc.extract - extracted value (10:VARCHAR) -> [ROLE_ADMIN]
12:14:35.842 [https-jsse-nio-8443-exec-4] DEBUG o.s.s.w.c.HttpSessionSecurityContextRepository - Retrieved SecurityContextImpl [Authentication=UsernamePasswordAuthenticationToken [Principal=ir.model.entity.CustomUserDetails@435dd609, Credentials=[PROTECTED], Authenticated=true, Details=WebAuthenticationDetails [RemoteIpAddress=0:0:0:0:0:0:0:1, SessionId=null], Granted Authorities=[TICKET_EDIT, BUILDING_DELETE, TICKET_CHECK_SCORE, BUILDING_EDIT, TICKET_CHECK_CLOSE, BUILDING_CREATE, REPORT_VIEW, ROLE_ADMIN, TICKET_CREATE, TICKET_DELETE]]]
12:14:35.842 [https-jsse-nio-8443-exec-7] TRACE org.hibernate.orm.jdbc.extract - extracted value (13:BIGINT) -> [7]
12:14:35.842 [https-jsse-nio-8443-exec-7] TRACE org.hibernate.orm.jdbc.extract - extracted value (14:BOOLEAN) -> [false]
12:14:35.842 [https-jsse-nio-8443-exec-7] TRACE org.hibernate.orm.jdbc.extract - extracted value (15:VARCHAR) -> [BUILDING_CREATE]
12:14:35.842 [https-jsse-nio-8443-exec-7] TRACE org.hibernate.orm.jdbc.extract - extracted value (10:VARCHAR) -> [ROLE_ADMIN]
12:14:35.842 [https-jsse-nio-8443-exec-7] TRACE org.hibernate.orm.jdbc.extract - extracted value (13:BIGINT) -> [8]
12:14:35.842 [https-jsse-nio-8443-exec-7] TRACE org.hibernate.orm.jdbc.extract - extracted value (14:BOOLEAN) -> [false]
12:14:35.842 [https-jsse-nio-8443-exec-7] TRACE org.hibernate.orm.jdbc.extract - extracted value (15:VARCHAR) -> [BUILDING_EDIT]
12:14:35.842 [https-jsse-nio-8443-exec-7] TRACE org.hibernate.orm.jdbc.extract - extracted value (10:VARCHAR) -> [ROLE_ADMIN]
12:14:35.842 [https-jsse-nio-8443-exec-7] TRACE org.hibernate.orm.jdbc.extract - extracted value (13:BIGINT) -> [9]
12:14:35.842 [https-jsse-nio-8443-exec-7] TRACE org.hibernate.orm.jdbc.extract - extracted value (14:BOOLEAN) -> [false]
12:14:35.842 [https-jsse-nio-8443-exec-7] TRACE org.hibernate.orm.jdbc.extract - extracted value (15:VARCHAR) -> [BUILDING_DELETE]
12:14:35.843 [https-jsse-nio-8443-exec-7] DEBUG o.h.e.t.internal.TransactionImpl - committing
12:14:35.843 [https-jsse-nio-8443-exec-7] DEBUG o.s.jdbc.datasource.DataSourceUtils - Resetting read-only flag of JDBC Connection [HikariProxyConnection@73077798 wrapping oracle.jdbc.driver.T4CConnection@9a3820e]
12:14:35.843 [https-jsse-nio-8443-exec-6] DEBUG o.s.security.web.FilterChainProxy - Securing GET /js/toast.js
12:14:35.844 [https-jsse-nio-8443-exec-6] DEBUG o.s.s.w.a.c.ChannelProcessingFilter - Request: filter invocation [GET /js/toast.js]; ConfigAttributes: [REQUIRES_SECURE_CHANNEL]
12:14:35.844 [https-jsse-nio-8443-exec-7] DEBUG org.hibernate.SQL - 
    /* <criteria> */ select
        n1_0.id,
        n1_0.created_at,
        n1_0.is_read,
        n1_0.link,
        n1_0.message,
        n1_0.title,
        n1_0.username 
    from
        notification_table n1_0 
    where
        n1_0.username=? 
        and n1_0.is_read=0 
    order by
        n1_0.created_at desc 
    fetch
        first ? rows only
12:14:35.844 [https-jsse-nio-8443-exec-6] DEBUG o.s.security.web.FilterChainProxy - Secured GET /js/toast.js
12:14:35.844 [https-jsse-nio-8443-exec-7] TRACE org.hibernate.orm.jdbc.bind - binding parameter (1:VARCHAR) <- [ali]
12:14:35.844 [https-jsse-nio-8443-exec-7] TRACE org.hibernate.orm.jdbc.bind - binding parameter (2:INTEGER) <- [5]
12:14:35.845 [https-jsse-nio-8443-exec-1] DEBUG o.s.s.w.c.HttpSessionSecurityContextRepository - Retrieved SecurityContextImpl [Authentication=UsernamePasswordAuthenticationToken [Principal=ir.model.entity.CustomUserDetails@435dd609, Credentials=[PROTECTED], Authenticated=true, Details=WebAuthenticationDetails [RemoteIpAddress=0:0:0:0:0:0:0:1, SessionId=null], Granted Authorities=[TICKET_EDIT, BUILDING_DELETE, TICKET_CHECK_SCORE, BUILDING_EDIT, TICKET_CHECK_CLOSE, BUILDING_CREATE, REPORT_VIEW, ROLE_ADMIN, TICKET_CREATE, TICKET_DELETE]]]
12:14:35.846 [https-jsse-nio-8443-exec-6] DEBUG o.s.s.w.c.HttpSessionSecurityContextRepository - Retrieved SecurityContextImpl [Authentication=UsernamePasswordAuthenticationToken [Principal=ir.model.entity.CustomUserDetails@435dd609, Credentials=[PROTECTED], Authenticated=true, Details=WebAuthenticationDetails [RemoteIpAddress=0:0:0:0:0:0:0:1, SessionId=null], Granted Authorities=[TICKET_EDIT, BUILDING_DELETE, TICKET_CHECK_SCORE, BUILDING_EDIT, TICKET_CHECK_CLOSE, BUILDING_CREATE, REPORT_VIEW, ROLE_ADMIN, TICKET_CREATE, TICKET_DELETE]]]
12:14:35.846 [https-jsse-nio-8443-exec-7] DEBUG org.hibernate.SQL - 
    /* <criteria> */ select
        count(n1_0.id) 
    from
        notification_table n1_0 
    where
        n1_0.username=? 
        and n1_0.is_read=0
12:14:35.847 [https-jsse-nio-8443-exec-7] TRACE org.hibernate.orm.jdbc.bind - binding parameter (1:VARCHAR) <- [ali]
12:14:35.847 [https-jsse-nio-8443-exec-2] DEBUG o.s.security.web.FilterChainProxy - Securing GET /js/script.js
12:14:35.848 [https-jsse-nio-8443-exec-2] DEBUG o.s.s.w.a.c.ChannelProcessingFilter - Request: filter invocation [GET /js/script.js]; ConfigAttributes: [REQUIRES_SECURE_CHANNEL]
12:14:35.848 [https-jsse-nio-8443-exec-7] TRACE org.hibernate.orm.jdbc.extract - extracted value (1:BIGINT) -> [0]
12:14:35.848 [https-jsse-nio-8443-exec-5] DEBUG o.s.security.web.FilterChainProxy - Securing GET /js/profiles-api.js
12:14:35.848 [https-jsse-nio-8443-exec-5] DEBUG o.s.s.w.a.c.ChannelProcessingFilter - Request: filter invocation [GET /js/profiles-api.js]; ConfigAttributes: [REQUIRES_SECURE_CHANNEL]
12:14:35.848 [https-jsse-nio-8443-exec-9] DEBUG o.s.s.w.c.HttpSessionSecurityContextRepository - Retrieved SecurityContextImpl [Authentication=UsernamePasswordAuthenticationToken [Principal=ir.model.entity.CustomUserDetails@435dd609, Credentials=[PROTECTED], Authenticated=true, Details=WebAuthenticationDetails [RemoteIpAddress=0:0:0:0:0:0:0:1, SessionId=null], Granted Authorities=[TICKET_EDIT, BUILDING_DELETE, TICKET_CHECK_SCORE, BUILDING_EDIT, TICKET_CHECK_CLOSE, BUILDING_CREATE, REPORT_VIEW, ROLE_ADMIN, TICKET_CREATE, TICKET_DELETE]]]
12:14:35.848 [https-jsse-nio-8443-exec-2] DEBUG o.s.security.web.FilterChainProxy - Secured GET /js/script.js
12:14:35.848 [https-jsse-nio-8443-exec-5] DEBUG o.s.security.web.FilterChainProxy - Secured GET /js/profiles-api.js
12:14:35.849 [https-jsse-nio-8443-exec-7] DEBUG org.hibernate.SQL - 
    /* <criteria> */ select
        count(t1_0.id) 
    from
        ticket_tbl t1_0 
    where
        (
            t1_0.deleted = 0
        ) 
        and t1_0.status=?
12:14:35.849 [https-jsse-nio-8443-exec-7] TRACE org.hibernate.orm.jdbc.bind - binding parameter (1:TINYINT) <- [NotSeen]
12:14:35.850 [https-jsse-nio-8443-exec-2] DEBUG o.s.s.w.c.HttpSessionSecurityContextRepository - Retrieved SecurityContextImpl [Authentication=UsernamePasswordAuthenticationToken [Principal=ir.model.entity.CustomUserDetails@435dd609, Credentials=[PROTECTED], Authenticated=true, Details=WebAuthenticationDetails [RemoteIpAddress=0:0:0:0:0:0:0:1, SessionId=null], Granted Authorities=[TICKET_EDIT, BUILDING_DELETE, TICKET_CHECK_SCORE, BUILDING_EDIT, TICKET_CHECK_CLOSE, BUILDING_CREATE, REPORT_VIEW, ROLE_ADMIN, TICKET_CREATE, TICKET_DELETE]]]
12:14:35.850 [https-jsse-nio-8443-exec-7] TRACE org.hibernate.orm.jdbc.extract - extracted value (1:BIGINT) -> [0]
12:14:35.850 [https-jsse-nio-8443-exec-7] INFO  i.c.exception.ResponseAspect - Web Controller: addNotifications
12:14:35.851 [https-jsse-nio-8443-exec-7] DEBUG o.s.jdbc.datasource.DataSourceUtils - Setting JDBC Connection [HikariProxyConnection@73077798 wrapping oracle.jdbc.driver.T4CConnection@9a3820e] read-only
12:14:35.851 [https-jsse-nio-8443-exec-7] DEBUG o.h.e.t.internal.TransactionImpl - begin
12:14:35.851 [https-jsse-nio-8443-exec-7] DEBUG org.hibernate.SQL - 
    select
        p1_0.id,
        p1_0.deleted,
        p1_0.email,
        p1_0.first_name,
        p1_0.last_name,
        p1_0.phone,
        p1_0.attachment_id,
        p1_0.username 
    from
        profile_tbl p1_0 
    where
        p1_0.id=? 
        and (
            p1_0.deleted = 0
        )
12:14:35.851 [https-jsse-nio-8443-exec-7] TRACE org.hibernate.orm.jdbc.bind - binding parameter (1:BIGINT) <- [1]
12:14:35.859 [https-jsse-nio-8443-exec-7] TRACE org.hibernate.orm.jdbc.extract - extracted value (7:BIGINT) -> [21]
12:14:35.859 [https-jsse-nio-8443-exec-7] TRACE org.hibernate.orm.jdbc.extract - extracted value (8:VARCHAR) -> [hasan]
12:14:35.859 [https-jsse-nio-8443-exec-7] TRACE org.hibernate.orm.jdbc.extract - extracted value (2:BOOLEAN) -> [false]
12:14:35.860 [https-jsse-nio-8443-exec-7] TRACE org.hibernate.orm.jdbc.extract - extracted value (3:VARCHAR) -> [hasan@yahoo.com]
12:14:35.860 [https-jsse-nio-8443-exec-7] TRACE org.hibernate.orm.jdbc.extract - extracted value (4:VARCHAR) -> [hasan]
12:14:35.860 [https-jsse-nio-8443-exec-7] TRACE org.hibernate.orm.jdbc.extract - extracted value (5:VARCHAR) -> [mansouri]
12:14:35.860 [https-jsse-nio-8443-exec-7] TRACE org.hibernate.orm.jdbc.extract - extracted value (6:VARCHAR) -> [09153635211]
12:14:35.860 [https-jsse-nio-8443-exec-7] DEBUG o.h.e.t.internal.TransactionImpl - committing
12:14:35.860 [https-jsse-nio-8443-exec-7] DEBUG o.s.jdbc.datasource.DataSourceUtils - Resetting read-only flag of JDBC Connection [HikariProxyConnection@73077798 wrapping oracle.jdbc.driver.T4CConnection@9a3820e]
12:14:35.861 [https-jsse-nio-8443-exec-7] DEBUG org.hibernate.SQL - 
    select
        a1_0.id,
        a1_0.attach_time,
        a1_0.deleted,
        a1_0.description,
        a1_0.extracted_text,
        a1_0.file_name,
        a1_0.file_size,
        a1_0.file_type,
        a1_0.message_id,
        a1_0.mongo_file_id 
    from
        attachment_tbl a1_0 
    where
        a1_0.id=? 
        and (
            a1_0.deleted = 0
        )
12:14:35.862 [https-jsse-nio-8443-exec-7] TRACE org.hibernate.orm.jdbc.bind - binding parameter (1:BIGINT) <- [21]
12:14:35.865 [https-jsse-nio-8443-exec-3] DEBUG o.s.s.w.c.HttpSessionSecurityContextRepository - Retrieved SecurityContextImpl [Authentication=UsernamePasswordAuthenticationToken [Principal=ir.model.entity.CustomUserDetails@435dd609, Credentials=[PROTECTED], Authenticated=true, Details=WebAuthenticationDetails [RemoteIpAddress=0:0:0:0:0:0:0:1, SessionId=null], Granted Authorities=[TICKET_EDIT, BUILDING_DELETE, TICKET_CHECK_SCORE, BUILDING_EDIT, TICKET_CHECK_CLOSE, BUILDING_CREATE, REPORT_VIEW, ROLE_ADMIN, TICKET_CREATE, TICKET_DELETE]]]
12:14:35.869 [https-jsse-nio-8443-exec-7] TRACE org.hibernate.orm.jdbc.extract - extracted value (9:BIGINT) -> [null]
12:14:35.869 [https-jsse-nio-8443-exec-7] TRACE org.hibernate.orm.jdbc.extract - extracted value (1:BIGINT) -> [21]
12:14:35.869 [https-jsse-nio-8443-exec-7] TRACE org.hibernate.orm.jdbc.extract - extracted value (2:TIMESTAMP) -> [2026-02-04T02:10:39.268514]
12:14:35.869 [https-jsse-nio-8443-exec-7] TRACE org.hibernate.orm.jdbc.extract - extracted value (3:BOOLEAN) -> [false]
12:14:35.869 [https-jsse-nio-8443-exec-7] TRACE org.hibernate.orm.jdbc.extract - extracted value (4:VARCHAR) -> [null]
12:14:35.869 [https-jsse-nio-8443-exec-7] TRACE org.hibernate.orm.jdbc.extract - extracted value (5:VARCHAR) -> [null]
12:14:35.869 [https-jsse-nio-8443-exec-7] TRACE org.hibernate.orm.jdbc.extract - extracted value (6:VARCHAR) -> [545ty.jpg]
12:14:35.869 [https-jsse-nio-8443-exec-7] TRACE org.hibernate.orm.jdbc.extract - extracted value (7:BIGINT) -> [65295]
12:14:35.869 [https-jsse-nio-8443-exec-7] TRACE org.hibernate.orm.jdbc.extract - extracted value (8:TINYINT) -> [JPG]
12:14:35.869 [https-jsse-nio-8443-exec-7] TRACE org.hibernate.orm.jdbc.extract - extracted value (10:VARCHAR) -> [69827967e166353eec688be6]
12:14:35.877 [https-jsse-nio-8443-exec-5] DEBUG o.s.s.w.c.HttpSessionSecurityContextRepository - Retrieved SecurityContextImpl [Authentication=UsernamePasswordAuthenticationToken [Principal=ir.model.entity.CustomUserDetails@435dd609, Credentials=[PROTECTED], Authenticated=true, Details=WebAuthenticationDetails [RemoteIpAddress=0:0:0:0:0:0:0:1, SessionId=null], Granted Authorities=[TICKET_EDIT, BUILDING_DELETE, TICKET_CHECK_SCORE, BUILDING_EDIT, TICKET_CHECK_CLOSE, BUILDING_CREATE, REPORT_VIEW, ROLE_ADMIN, TICKET_CREATE, TICKET_DELETE]]]
12:14:35.896 [https-jsse-nio-8443-exec-10] DEBUG o.s.security.web.FilterChainProxy - Securing GET /webfonts/fa-solid-900.woff2
12:14:35.896 [https-jsse-nio-8443-exec-4] DEBUG o.s.security.web.FilterChainProxy - Securing GET /webfonts/fa-brands-400.woff2
12:14:35.896 [https-jsse-nio-8443-exec-4] DEBUG o.s.s.w.a.c.ChannelProcessingFilter - Request: filter invocation [GET /webfonts/fa-brands-400.woff2]; ConfigAttributes: [REQUIRES_SECURE_CHANNEL]
12:14:35.896 [https-jsse-nio-8443-exec-10] DEBUG o.s.s.w.a.c.ChannelProcessingFilter - Request: filter invocation [GET /webfonts/fa-solid-900.woff2]; ConfigAttributes: [REQUIRES_SECURE_CHANNEL]
12:14:35.897 [https-jsse-nio-8443-exec-4] DEBUG o.s.s.w.c.HttpSessionSecurityContextRepository - Retrieved SecurityContextImpl [Authentication=UsernamePasswordAuthenticationToken [Principal=ir.model.entity.CustomUserDetails@435dd609, Credentials=[PROTECTED], Authenticated=true, Details=WebAuthenticationDetails [RemoteIpAddress=0:0:0:0:0:0:0:1, SessionId=null], Granted Authorities=[TICKET_EDIT, BUILDING_DELETE, TICKET_CHECK_SCORE, BUILDING_EDIT, TICKET_CHECK_CLOSE, BUILDING_CREATE, REPORT_VIEW, ROLE_ADMIN, TICKET_CREATE, TICKET_DELETE]]]
12:14:35.897 [https-jsse-nio-8443-exec-10] DEBUG o.s.s.w.c.HttpSessionSecurityContextRepository - Retrieved SecurityContextImpl [Authentication=UsernamePasswordAuthenticationToken [Principal=ir.model.entity.CustomUserDetails@435dd609, Credentials=[PROTECTED], Authenticated=true, Details=WebAuthenticationDetails [RemoteIpAddress=0:0:0:0:0:0:0:1, SessionId=null], Granted Authorities=[TICKET_EDIT, BUILDING_DELETE, TICKET_CHECK_SCORE, BUILDING_EDIT, TICKET_CHECK_CLOSE, BUILDING_CREATE, REPORT_VIEW, ROLE_ADMIN, TICKET_CREATE, TICKET_DELETE]]]
12:14:35.897 [https-jsse-nio-8443-exec-10] DEBUG o.s.security.web.FilterChainProxy - Secured GET /webfonts/fa-solid-900.woff2
12:14:35.897 [https-jsse-nio-8443-exec-4] DEBUG o.s.security.web.FilterChainProxy - Secured GET /webfonts/fa-brands-400.woff2
12:14:35.924 [https-jsse-nio-8443-exec-7] INFO  i.c.exception.ResponseAspect - Web Controller: getProfilePicture
12:14:36.371 [https-jsse-nio-8443-exec-8] DEBUG o.s.s.w.c.HttpSessionSecurityContextRepository - Retrieved SecurityContextImpl [Authentication=UsernamePasswordAuthenticationToken [Principal=ir.model.entity.CustomUserDetails@435dd609, Credentials=[PROTECTED], Authenticated=true, Details=WebAuthenticationDetails [RemoteIpAddress=0:0:0:0:0:0:0:1, SessionId=null], Granted Authorities=[TICKET_EDIT, BUILDING_DELETE, TICKET_CHECK_SCORE, BUILDING_EDIT, TICKET_CHECK_CLOSE, BUILDING_CREATE, REPORT_VIEW, ROLE_ADMIN, TICKET_CREATE, TICKET_DELETE]]]
12:14:36.442 [https-jsse-nio-8443-exec-1] DEBUG o.s.security.web.FilterChainProxy - Securing GET /profiles?page=0&size=10&sortBy=firstName&fragment=true
12:14:36.442 [https-jsse-nio-8443-exec-1] DEBUG o.s.s.w.a.c.ChannelProcessingFilter - Request: filter invocation [GET /profiles?page=0&size=10&sortBy=firstName&fragment=true]; ConfigAttributes: [REQUIRES_SECURE_CHANNEL]
12:14:36.443 [https-jsse-nio-8443-exec-1] DEBUG o.s.s.w.c.HttpSessionSecurityContextRepository - Retrieved SecurityContextImpl [Authentication=UsernamePasswordAuthenticationToken [Principal=ir.model.entity.CustomUserDetails@435dd609, Credentials=[PROTECTED], Authenticated=true, Details=WebAuthenticationDetails [RemoteIpAddress=0:0:0:0:0:0:0:1, SessionId=null], Granted Authorities=[TICKET_EDIT, BUILDING_DELETE, TICKET_CHECK_SCORE, BUILDING_EDIT, TICKET_CHECK_CLOSE, BUILDING_CREATE, REPORT_VIEW, ROLE_ADMIN, TICKET_CREATE, TICKET_DELETE]]]
12:14:36.443 [https-jsse-nio-8443-exec-1] DEBUG o.s.security.web.FilterChainProxy - Secured GET /profiles?page=0&size=10&sortBy=firstName&fragment=true
12:14:36.445 [https-jsse-nio-8443-exec-1] DEBUG o.s.jdbc.datasource.DataSourceUtils - Setting JDBC Connection [HikariProxyConnection@279064708 wrapping oracle.jdbc.driver.T4CConnection@64f4b243] read-only
12:14:36.445 [https-jsse-nio-8443-exec-1] DEBUG o.h.e.t.internal.TransactionImpl - On TransactionImpl creation, JpaCompliance#isJpaTransactionComplianceEnabled == false
12:14:36.445 [https-jsse-nio-8443-exec-1] DEBUG o.h.e.t.internal.TransactionImpl - begin
12:14:36.446 [https-jsse-nio-8443-exec-1] DEBUG org.hibernate.SQL - 
    select
        u1_0.username,
        u1_0.account_non_expired,
        u1_0.account_non_locked,
        u1_0.credentials_expiry_date,
        u1_0.credentials_non_expired,
        u1_0.deleted,
        u1_0.enabled,
        u1_0.password,
        rs1_0.username,
        rs1_1.name,
        rs1_1.deleted,
        ps1_0.role_name,
        ps1_1.id,
        ps1_1.deleted,
        ps1_1.permission 
    from
        user_tbl u1_0 
    left join
        (user_role_tbl rs1_0 
    join
        role_tbl rs1_1 
            on rs1_1.name=rs1_0.role_name) 
        on u1_0.username=rs1_0.username 
        and ( rs1_1.deleted = 0) 
    left join
        (role_permission_tbl ps1_0 
    join
        permission_tbl ps1_1 
            on ps1_1.id=ps1_0.permission) 
        on rs1_1.name=ps1_0.role_name 
        and ( ps1_1.deleted = 0) 
    where
        u1_0.username=? 
        and (
            u1_0.deleted = 0
        )
12:14:36.446 [https-jsse-nio-8443-exec-1] TRACE org.hibernate.orm.jdbc.bind - binding parameter (1:VARCHAR) <- [ali]
12:14:36.447 [https-jsse-nio-8443-exec-1] TRACE org.hibernate.orm.jdbc.extract - extracted value (9:VARCHAR) -> [ali]
12:14:36.447 [https-jsse-nio-8443-exec-1] TRACE org.hibernate.orm.jdbc.extract - extracted value (10:VARCHAR) -> [ROLE_ADMIN]
12:14:36.447 [https-jsse-nio-8443-exec-1] TRACE org.hibernate.orm.jdbc.extract - extracted value (12:VARCHAR) -> [ROLE_ADMIN]
12:14:36.447 [https-jsse-nio-8443-exec-1] TRACE org.hibernate.orm.jdbc.extract - extracted value (13:BIGINT) -> [1]
12:14:36.448 [https-jsse-nio-8443-exec-1] TRACE org.hibernate.orm.jdbc.extract - extracted value (14:BOOLEAN) -> [false]
12:14:36.448 [https-jsse-nio-8443-exec-1] TRACE org.hibernate.orm.jdbc.extract - extracted value (15:VARCHAR) -> [TICKET_CREATE]
12:14:36.448 [https-jsse-nio-8443-exec-1] TRACE org.hibernate.orm.jdbc.extract - extracted value (11:BOOLEAN) -> [false]
12:14:36.448 [https-jsse-nio-8443-exec-1] TRACE org.hibernate.orm.jdbc.extract - extracted value (2:BOOLEAN) -> [true]
12:14:36.448 [https-jsse-nio-8443-exec-1] TRACE org.hibernate.orm.jdbc.extract - extracted value (3:BOOLEAN) -> [true]
12:14:36.448 [https-jsse-nio-8443-exec-1] TRACE org.hibernate.orm.jdbc.extract - extracted value (4:TIMESTAMP) -> [2026-08-03T18:03:44.737555]
12:14:36.448 [https-jsse-nio-8443-exec-1] TRACE org.hibernate.orm.jdbc.extract - extracted value (5:BOOLEAN) -> [true]
12:14:36.448 [https-jsse-nio-8443-exec-1] TRACE org.hibernate.orm.jdbc.extract - extracted value (6:BOOLEAN) -> [false]
12:14:36.448 [https-jsse-nio-8443-exec-1] TRACE org.hibernate.orm.jdbc.extract - extracted value (7:BOOLEAN) -> [true]
12:14:36.448 [https-jsse-nio-8443-exec-1] TRACE org.hibernate.orm.jdbc.extract - extracted value (8:VARCHAR) -> [$2a$12$zWjkkNI6AJKAxh71k9FGeekl8NyE861fVAn0dtmHT4Ve90RbP/.qO]
12:14:36.448 [https-jsse-nio-8443-exec-1] TRACE org.hibernate.orm.jdbc.extract - extracted value (10:VARCHAR) -> [ROLE_ADMIN]
12:14:36.448 [https-jsse-nio-8443-exec-1] TRACE org.hibernate.orm.jdbc.extract - extracted value (13:BIGINT) -> [2]
12:14:36.448 [https-jsse-nio-8443-exec-1] TRACE org.hibernate.orm.jdbc.extract - extracted value (14:BOOLEAN) -> [false]
12:14:36.448 [https-jsse-nio-8443-exec-1] TRACE org.hibernate.orm.jdbc.extract - extracted value (15:VARCHAR) -> [TICKET_EDIT]
12:14:36.448 [https-jsse-nio-8443-exec-1] TRACE org.hibernate.orm.jdbc.extract - extracted value (10:VARCHAR) -> [ROLE_ADMIN]
12:14:36.448 [https-jsse-nio-8443-exec-1] TRACE org.hibernate.orm.jdbc.extract - extracted value (13:BIGINT) -> [3]
12:14:36.448 [https-jsse-nio-8443-exec-1] TRACE org.hibernate.orm.jdbc.extract - extracted value (14:BOOLEAN) -> [false]
12:14:36.449 [https-jsse-nio-8443-exec-1] TRACE org.hibernate.orm.jdbc.extract - extracted value (15:VARCHAR) -> [TICKET_DELETE]
12:14:36.449 [https-jsse-nio-8443-exec-1] TRACE org.hibernate.orm.jdbc.extract - extracted value (10:VARCHAR) -> [ROLE_ADMIN]
12:14:36.449 [https-jsse-nio-8443-exec-1] TRACE org.hibernate.orm.jdbc.extract - extracted value (13:BIGINT) -> [4]
12:14:36.449 [https-jsse-nio-8443-exec-1] TRACE org.hibernate.orm.jdbc.extract - extracted value (14:BOOLEAN) -> [false]
12:14:36.449 [https-jsse-nio-8443-exec-1] TRACE org.hibernate.orm.jdbc.extract - extracted value (15:VARCHAR) -> [REPORT_VIEW]
12:14:36.449 [https-jsse-nio-8443-exec-1] TRACE org.hibernate.orm.jdbc.extract - extracted value (10:VARCHAR) -> [ROLE_ADMIN]
12:14:36.449 [https-jsse-nio-8443-exec-1] TRACE org.hibernate.orm.jdbc.extract - extracted value (13:BIGINT) -> [5]
12:14:36.449 [https-jsse-nio-8443-exec-1] TRACE org.hibernate.orm.jdbc.extract - extracted value (14:BOOLEAN) -> [false]
12:14:36.449 [https-jsse-nio-8443-exec-1] TRACE org.hibernate.orm.jdbc.extract - extracted value (15:VARCHAR) -> [TICKET_CHECK_SCORE]
12:14:36.449 [https-jsse-nio-8443-exec-1] TRACE org.hibernate.orm.jdbc.extract - extracted value (10:VARCHAR) -> [ROLE_ADMIN]
12:14:36.449 [https-jsse-nio-8443-exec-1] TRACE org.hibernate.orm.jdbc.extract - extracted value (13:BIGINT) -> [6]
12:14:36.449 [https-jsse-nio-8443-exec-1] TRACE org.hibernate.orm.jdbc.extract - extracted value (14:BOOLEAN) -> [false]
12:14:36.449 [https-jsse-nio-8443-exec-1] TRACE org.hibernate.orm.jdbc.extract - extracted value (15:VARCHAR) -> [TICKET_CHECK_CLOSE]
12:14:36.449 [https-jsse-nio-8443-exec-1] TRACE org.hibernate.orm.jdbc.extract - extracted value (10:VARCHAR) -> [ROLE_ADMIN]
12:14:36.449 [https-jsse-nio-8443-exec-1] TRACE org.hibernate.orm.jdbc.extract - extracted value (13:BIGINT) -> [7]
12:14:36.449 [https-jsse-nio-8443-exec-1] TRACE org.hibernate.orm.jdbc.extract - extracted value (14:BOOLEAN) -> [false]
12:14:36.449 [https-jsse-nio-8443-exec-1] TRACE org.hibernate.orm.jdbc.extract - extracted value (15:VARCHAR) -> [BUILDING_CREATE]
12:14:36.449 [https-jsse-nio-8443-exec-1] TRACE org.hibernate.orm.jdbc.extract - extracted value (10:VARCHAR) -> [ROLE_ADMIN]
12:14:36.449 [https-jsse-nio-8443-exec-1] TRACE org.hibernate.orm.jdbc.extract - extracted value (13:BIGINT) -> [8]
12:14:36.449 [https-jsse-nio-8443-exec-1] TRACE org.hibernate.orm.jdbc.extract - extracted value (14:BOOLEAN) -> [false]
12:14:36.449 [https-jsse-nio-8443-exec-1] TRACE org.hibernate.orm.jdbc.extract - extracted value (15:VARCHAR) -> [BUILDING_EDIT]
12:14:36.449 [https-jsse-nio-8443-exec-1] TRACE org.hibernate.orm.jdbc.extract - extracted value (10:VARCHAR) -> [ROLE_ADMIN]
12:14:36.449 [https-jsse-nio-8443-exec-1] TRACE org.hibernate.orm.jdbc.extract - extracted value (13:BIGINT) -> [9]
12:14:36.449 [https-jsse-nio-8443-exec-1] TRACE org.hibernate.orm.jdbc.extract - extracted value (14:BOOLEAN) -> [false]
12:14:36.450 [https-jsse-nio-8443-exec-1] TRACE org.hibernate.orm.jdbc.extract - extracted value (15:VARCHAR) -> [BUILDING_DELETE]
12:14:36.450 [https-jsse-nio-8443-exec-1] DEBUG o.h.e.t.internal.TransactionImpl - committing
12:14:36.450 [https-jsse-nio-8443-exec-1] DEBUG o.s.jdbc.datasource.DataSourceUtils - Resetting read-only flag of JDBC Connection [HikariProxyConnection@279064708 wrapping oracle.jdbc.driver.T4CConnection@64f4b243]
12:14:36.451 [https-jsse-nio-8443-exec-1] DEBUG org.hibernate.SQL - 
    /* <criteria> */ select
        n1_0.id,
        n1_0.created_at,
        n1_0.is_read,
        n1_0.link,
        n1_0.message,
        n1_0.title,
        n1_0.username 
    from
        notification_table n1_0 
    where
        n1_0.username=? 
        and n1_0.is_read=0 
    order by
        n1_0.created_at desc 
    fetch
        first ? rows only
12:14:36.451 [https-jsse-nio-8443-exec-1] TRACE org.hibernate.orm.jdbc.bind - binding parameter (1:VARCHAR) <- [ali]
12:14:36.451 [https-jsse-nio-8443-exec-1] TRACE org.hibernate.orm.jdbc.bind - binding parameter (2:INTEGER) <- [5]
12:14:36.453 [https-jsse-nio-8443-exec-1] DEBUG org.hibernate.SQL - 
    /* <criteria> */ select
        count(n1_0.id) 
    from
        notification_table n1_0 
    where
        n1_0.username=? 
        and n1_0.is_read=0
12:14:36.453 [https-jsse-nio-8443-exec-1] TRACE org.hibernate.orm.jdbc.bind - binding parameter (1:VARCHAR) <- [ali]
12:14:36.453 [https-jsse-nio-8443-exec-1] TRACE org.hibernate.orm.jdbc.extract - extracted value (1:BIGINT) -> [0]
12:14:36.454 [https-jsse-nio-8443-exec-1] DEBUG org.hibernate.SQL - 
    /* <criteria> */ select
        count(t1_0.id) 
    from
        ticket_tbl t1_0 
    where
        (
            t1_0.deleted = 0
        ) 
        and t1_0.status=?
12:14:36.455 [https-jsse-nio-8443-exec-1] TRACE org.hibernate.orm.jdbc.bind - binding parameter (1:TINYINT) <- [NotSeen]
12:14:36.455 [https-jsse-nio-8443-exec-1] TRACE org.hibernate.orm.jdbc.extract - extracted value (1:BIGINT) -> [0]
12:14:36.456 [https-jsse-nio-8443-exec-1] INFO  i.c.exception.ResponseAspect - Web Controller: addNotifications
12:14:36.456 [https-jsse-nio-8443-exec-1] DEBUG o.s.jdbc.datasource.DataSourceUtils - Setting JDBC Connection [HikariProxyConnection@279064708 wrapping oracle.jdbc.driver.T4CConnection@64f4b243] read-only
12:14:36.456 [https-jsse-nio-8443-exec-1] DEBUG o.h.e.t.internal.TransactionImpl - begin
12:14:36.457 [https-jsse-nio-8443-exec-1] DEBUG org.hibernate.SQL - 
    /* <criteria> */ select
        p1_0.id,
        p1_0.deleted,
        p1_0.email,
        p1_0.first_name,
        p1_0.last_name,
        p1_0.phone,
        p1_0.attachment_id,
        p1_0.username 
    from
        profile_tbl p1_0 
    where
        (
            p1_0.deleted = 0
        ) 
    order by
        p1_0.first_name 
    offset
        ? rows 
    fetch
        first ? rows only
12:14:36.457 [https-jsse-nio-8443-exec-1] TRACE org.hibernate.orm.jdbc.bind - binding parameter (1:INTEGER) <- [0]
12:14:36.457 [https-jsse-nio-8443-exec-1] TRACE org.hibernate.orm.jdbc.bind - binding parameter (2:INTEGER) <- [10]
12:14:36.458 [https-jsse-nio-8443-exec-1] TRACE org.hibernate.orm.jdbc.extract - extracted value (1:BIGINT) -> [1]
12:14:36.458 [https-jsse-nio-8443-exec-1] TRACE org.hibernate.orm.jdbc.extract - extracted value (7:BIGINT) -> [21]
12:14:36.458 [https-jsse-nio-8443-exec-1] TRACE org.hibernate.orm.jdbc.extract - extracted value (8:VARCHAR) -> [hasan]
12:14:36.458 [https-jsse-nio-8443-exec-1] TRACE org.hibernate.orm.jdbc.extract - extracted value (2:BOOLEAN) -> [false]
12:14:36.458 [https-jsse-nio-8443-exec-1] TRACE org.hibernate.orm.jdbc.extract - extracted value (3:VARCHAR) -> [hasan@yahoo.com]
12:14:36.458 [https-jsse-nio-8443-exec-1] TRACE org.hibernate.orm.jdbc.extract - extracted value (4:VARCHAR) -> [hasan]
12:14:36.458 [https-jsse-nio-8443-exec-1] TRACE org.hibernate.orm.jdbc.extract - extracted value (5:VARCHAR) -> [mansouri]
12:14:36.458 [https-jsse-nio-8443-exec-1] TRACE org.hibernate.orm.jdbc.extract - extracted value (6:VARCHAR) -> [09153635211]
12:14:36.459 [https-jsse-nio-8443-exec-1] DEBUG o.h.e.t.internal.TransactionImpl - committing
12:14:36.459 [https-jsse-nio-8443-exec-1] DEBUG o.s.jdbc.datasource.DataSourceUtils - Resetting read-only flag of JDBC Connection [HikariProxyConnection@279064708 wrapping oracle.jdbc.driver.T4CConnection@64f4b243]
12:14:36.459 [https-jsse-nio-8443-exec-1] INFO  i.c.exception.ResponseAspect - Web Controller: profilesList
12:14:36.464 [https-jsse-nio-8443-exec-1] DEBUG org.hibernate.SQL - 
    select
        u1_0.username,
        u1_0.account_non_expired,
        u1_0.account_non_locked,
        u1_0.credentials_expiry_date,
        u1_0.credentials_non_expired,
        u1_0.deleted,
        u1_0.enabled,
        u1_0.password,
        rs1_0.username,
        rs1_1.name,
        rs1_1.deleted,
        ps1_0.role_name,
        ps1_1.id,
        ps1_1.deleted,
        ps1_1.permission 
    from
        user_tbl u1_0 
    left join
        (user_role_tbl rs1_0 
    join
        role_tbl rs1_1 
            on rs1_1.name=rs1_0.role_name) 
        on u1_0.username=rs1_0.username 
        and ( rs1_1.deleted = 0) 
    left join
        (role_permission_tbl ps1_0 
    join
        permission_tbl ps1_1 
            on ps1_1.id=ps1_0.permission) 
        on rs1_1.name=ps1_0.role_name 
        and ( ps1_1.deleted = 0) 
    where
        u1_0.username=? 
        and (
            u1_0.deleted = 0
        )
12:14:36.464 [https-jsse-nio-8443-exec-1] TRACE org.hibernate.orm.jdbc.bind - binding parameter (1:VARCHAR) <- [hasan]
12:14:36.465 [https-jsse-nio-8443-exec-1] TRACE org.hibernate.orm.jdbc.extract - extracted value (9:VARCHAR) -> [hasan]
12:14:36.465 [https-jsse-nio-8443-exec-1] TRACE org.hibernate.orm.jdbc.extract - extracted value (10:VARCHAR) -> [ROLE_CUSTOMER]
12:14:36.465 [https-jsse-nio-8443-exec-1] TRACE org.hibernate.orm.jdbc.extract - extracted value (12:VARCHAR) -> [ROLE_CUSTOMER]
12:14:36.465 [https-jsse-nio-8443-exec-1] TRACE org.hibernate.orm.jdbc.extract - extracted value (13:BIGINT) -> [1]
12:14:36.465 [https-jsse-nio-8443-exec-1] TRACE org.hibernate.orm.jdbc.extract - extracted value (11:BOOLEAN) -> [false]
12:14:36.465 [https-jsse-nio-8443-exec-1] TRACE org.hibernate.orm.jdbc.extract - extracted value (2:BOOLEAN) -> [true]
12:14:36.465 [https-jsse-nio-8443-exec-1] TRACE org.hibernate.orm.jdbc.extract - extracted value (3:BOOLEAN) -> [true]
12:14:36.465 [https-jsse-nio-8443-exec-1] TRACE org.hibernate.orm.jdbc.extract - extracted value (4:TIMESTAMP) -> [2026-08-03T22:36:24.281543]
12:14:36.465 [https-jsse-nio-8443-exec-1] TRACE org.hibernate.orm.jdbc.extract - extracted value (5:BOOLEAN) -> [true]
12:14:36.465 [https-jsse-nio-8443-exec-1] TRACE org.hibernate.orm.jdbc.extract - extracted value (6:BOOLEAN) -> [false]
12:14:36.465 [https-jsse-nio-8443-exec-1] TRACE org.hibernate.orm.jdbc.extract - extracted value (7:BOOLEAN) -> [true]
12:14:36.465 [https-jsse-nio-8443-exec-1] TRACE org.hibernate.orm.jdbc.extract - extracted value (8:VARCHAR) -> [$2a$12$On9gnEeusVWqrhY7gH8BH.4Fs/LopJPYgCbl5qlVI723TmxHkXSx.]
12:14:36.470 [https-jsse-nio-8443-exec-6] DEBUG o.s.security.web.FilterChainProxy - Securing GET /profiles/1/picture
12:14:36.470 [https-jsse-nio-8443-exec-6] DEBUG o.s.s.w.a.c.ChannelProcessingFilter - Request: filter invocation [GET /profiles/1/picture]; ConfigAttributes: [REQUIRES_SECURE_CHANNEL]
12:14:36.470 [https-jsse-nio-8443-exec-6] DEBUG o.s.s.w.c.HttpSessionSecurityContextRepository - Retrieved SecurityContextImpl [Authentication=UsernamePasswordAuthenticationToken [Principal=ir.model.entity.CustomUserDetails@435dd609, Credentials=[PROTECTED], Authenticated=true, Details=WebAuthenticationDetails [RemoteIpAddress=0:0:0:0:0:0:0:1, SessionId=null], Granted Authorities=[TICKET_EDIT, BUILDING_DELETE, TICKET_CHECK_SCORE, BUILDING_EDIT, TICKET_CHECK_CLOSE, BUILDING_CREATE, REPORT_VIEW, ROLE_ADMIN, TICKET_CREATE, TICKET_DELETE]]]
12:14:36.471 [https-jsse-nio-8443-exec-6] DEBUG o.s.security.web.FilterChainProxy - Secured GET /profiles/1/picture
12:14:36.471 [https-jsse-nio-8443-exec-6] DEBUG o.s.jdbc.datasource.DataSourceUtils - Setting JDBC Connection [HikariProxyConnection@206897430 wrapping oracle.jdbc.driver.T4CConnection@64f4b243] read-only
12:14:36.471 [https-jsse-nio-8443-exec-6] DEBUG o.h.e.t.internal.TransactionImpl - On TransactionImpl creation, JpaCompliance#isJpaTransactionComplianceEnabled == false
12:14:36.471 [https-jsse-nio-8443-exec-6] DEBUG o.h.e.t.internal.TransactionImpl - begin
12:14:36.472 [https-jsse-nio-8443-exec-6] DEBUG org.hibernate.SQL - 
    select
        u1_0.username,
        u1_0.account_non_expired,
        u1_0.account_non_locked,
        u1_0.credentials_expiry_date,
        u1_0.credentials_non_expired,
        u1_0.deleted,
        u1_0.enabled,
        u1_0.password,
        rs1_0.username,
        rs1_1.name,
        rs1_1.deleted,
        ps1_0.role_name,
        ps1_1.id,
        ps1_1.deleted,
        ps1_1.permission 
    from
        user_tbl u1_0 
    left join
        (user_role_tbl rs1_0 
    join
        role_tbl rs1_1 
            on rs1_1.name=rs1_0.role_name) 
        on u1_0.username=rs1_0.username 
        and ( rs1_1.deleted = 0) 
    left join
        (role_permission_tbl ps1_0 
    join
        permission_tbl ps1_1 
            on ps1_1.id=ps1_0.permission) 
        on rs1_1.name=ps1_0.role_name 
        and ( ps1_1.deleted = 0) 
    where
        u1_0.username=? 
        and (
            u1_0.deleted = 0
        )
12:14:36.472 [https-jsse-nio-8443-exec-6] TRACE org.hibernate.orm.jdbc.bind - binding parameter (1:VARCHAR) <- [ali]
12:14:36.473 [https-jsse-nio-8443-exec-6] TRACE org.hibernate.orm.jdbc.extract - extracted value (9:VARCHAR) -> [ali]
12:14:36.473 [https-jsse-nio-8443-exec-6] TRACE org.hibernate.orm.jdbc.extract - extracted value (10:VARCHAR) -> [ROLE_ADMIN]
12:14:36.473 [https-jsse-nio-8443-exec-6] TRACE org.hibernate.orm.jdbc.extract - extracted value (12:VARCHAR) -> [ROLE_ADMIN]
12:14:36.473 [https-jsse-nio-8443-exec-6] TRACE org.hibernate.orm.jdbc.extract - extracted value (13:BIGINT) -> [1]
12:14:36.473 [https-jsse-nio-8443-exec-6] TRACE org.hibernate.orm.jdbc.extract - extracted value (14:BOOLEAN) -> [false]
12:14:36.473 [https-jsse-nio-8443-exec-6] TRACE org.hibernate.orm.jdbc.extract - extracted value (15:VARCHAR) -> [TICKET_CREATE]
12:14:36.473 [https-jsse-nio-8443-exec-6] TRACE org.hibernate.orm.jdbc.extract - extracted value (11:BOOLEAN) -> [false]
12:14:36.473 [https-jsse-nio-8443-exec-6] TRACE org.hibernate.orm.jdbc.extract - extracted value (2:BOOLEAN) -> [true]
12:14:36.473 [https-jsse-nio-8443-exec-6] TRACE org.hibernate.orm.jdbc.extract - extracted value (3:BOOLEAN) -> [true]
12:14:36.473 [https-jsse-nio-8443-exec-6] TRACE org.hibernate.orm.jdbc.extract - extracted value (4:TIMESTAMP) -> [2026-08-03T18:03:44.737555]
12:14:36.473 [https-jsse-nio-8443-exec-6] TRACE org.hibernate.orm.jdbc.extract - extracted value (5:BOOLEAN) -> [true]
12:14:36.473 [https-jsse-nio-8443-exec-6] TRACE org.hibernate.orm.jdbc.extract - extracted value (6:BOOLEAN) -> [false]
12:14:36.473 [https-jsse-nio-8443-exec-6] TRACE org.hibernate.orm.jdbc.extract - extracted value (7:BOOLEAN) -> [true]
12:14:36.473 [https-jsse-nio-8443-exec-6] TRACE org.hibernate.orm.jdbc.extract - extracted value (8:VARCHAR) -> [$2a$12$zWjkkNI6AJKAxh71k9FGeekl8NyE861fVAn0dtmHT4Ve90RbP/.qO]
12:14:36.473 [https-jsse-nio-8443-exec-6] TRACE org.hibernate.orm.jdbc.extract - extracted value (10:VARCHAR) -> [ROLE_ADMIN]
12:14:36.473 [https-jsse-nio-8443-exec-6] TRACE org.hibernate.orm.jdbc.extract - extracted value (13:BIGINT) -> [2]
12:14:36.473 [https-jsse-nio-8443-exec-6] TRACE org.hibernate.orm.jdbc.extract - extracted value (14:BOOLEAN) -> [false]
12:14:36.473 [https-jsse-nio-8443-exec-6] TRACE org.hibernate.orm.jdbc.extract - extracted value (15:VARCHAR) -> [TICKET_EDIT]
12:14:36.473 [https-jsse-nio-8443-exec-6] TRACE org.hibernate.orm.jdbc.extract - extracted value (10:VARCHAR) -> [ROLE_ADMIN]
12:14:36.473 [https-jsse-nio-8443-exec-6] TRACE org.hibernate.orm.jdbc.extract - extracted value (13:BIGINT) -> [3]
12:14:36.473 [https-jsse-nio-8443-exec-6] TRACE org.hibernate.orm.jdbc.extract - extracted value (14:BOOLEAN) -> [false]
12:14:36.473 [https-jsse-nio-8443-exec-6] TRACE org.hibernate.orm.jdbc.extract - extracted value (15:VARCHAR) -> [TICKET_DELETE]
12:14:36.473 [https-jsse-nio-8443-exec-6] TRACE org.hibernate.orm.jdbc.extract - extracted value (10:VARCHAR) -> [ROLE_ADMIN]
12:14:36.473 [https-jsse-nio-8443-exec-6] TRACE org.hibernate.orm.jdbc.extract - extracted value (13:BIGINT) -> [4]
12:14:36.473 [https-jsse-nio-8443-exec-6] TRACE org.hibernate.orm.jdbc.extract - extracted value (14:BOOLEAN) -> [false]
12:14:36.473 [https-jsse-nio-8443-exec-6] TRACE org.hibernate.orm.jdbc.extract - extracted value (15:VARCHAR) -> [REPORT_VIEW]
12:14:36.474 [https-jsse-nio-8443-exec-6] TRACE org.hibernate.orm.jdbc.extract - extracted value (10:VARCHAR) -> [ROLE_ADMIN]
12:14:36.474 [https-jsse-nio-8443-exec-6] TRACE org.hibernate.orm.jdbc.extract - extracted value (13:BIGINT) -> [5]
12:14:36.474 [https-jsse-nio-8443-exec-6] TRACE org.hibernate.orm.jdbc.extract - extracted value (14:BOOLEAN) -> [false]
12:14:36.474 [https-jsse-nio-8443-exec-6] TRACE org.hibernate.orm.jdbc.extract - extracted value (15:VARCHAR) -> [TICKET_CHECK_SCORE]
12:14:36.474 [https-jsse-nio-8443-exec-6] TRACE org.hibernate.orm.jdbc.extract - extracted value (10:VARCHAR) -> [ROLE_ADMIN]
12:14:36.474 [https-jsse-nio-8443-exec-6] TRACE org.hibernate.orm.jdbc.extract - extracted value (13:BIGINT) -> [6]
12:14:36.474 [https-jsse-nio-8443-exec-6] TRACE org.hibernate.orm.jdbc.extract - extracted value (14:BOOLEAN) -> [false]
12:14:36.474 [https-jsse-nio-8443-exec-6] TRACE org.hibernate.orm.jdbc.extract - extracted value (15:VARCHAR) -> [TICKET_CHECK_CLOSE]
12:14:36.474 [https-jsse-nio-8443-exec-6] TRACE org.hibernate.orm.jdbc.extract - extracted value (10:VARCHAR) -> [ROLE_ADMIN]
12:14:36.474 [https-jsse-nio-8443-exec-6] TRACE org.hibernate.orm.jdbc.extract - extracted value (13:BIGINT) -> [7]
12:14:36.474 [https-jsse-nio-8443-exec-6] TRACE org.hibernate.orm.jdbc.extract - extracted value (14:BOOLEAN) -> [false]
12:14:36.474 [https-jsse-nio-8443-exec-6] TRACE org.hibernate.orm.jdbc.extract - extracted value (15:VARCHAR) -> [BUILDING_CREATE]
12:14:36.474 [https-jsse-nio-8443-exec-6] TRACE org.hibernate.orm.jdbc.extract - extracted value (10:VARCHAR) -> [ROLE_ADMIN]
12:14:36.474 [https-jsse-nio-8443-exec-6] TRACE org.hibernate.orm.jdbc.extract - extracted value (13:BIGINT) -> [8]
12:14:36.474 [https-jsse-nio-8443-exec-6] TRACE org.hibernate.orm.jdbc.extract - extracted value (14:BOOLEAN) -> [false]
12:14:36.474 [https-jsse-nio-8443-exec-6] TRACE org.hibernate.orm.jdbc.extract - extracted value (15:VARCHAR) -> [BUILDING_EDIT]
12:14:36.474 [https-jsse-nio-8443-exec-6] TRACE org.hibernate.orm.jdbc.extract - extracted value (10:VARCHAR) -> [ROLE_ADMIN]
12:14:36.474 [https-jsse-nio-8443-exec-6] TRACE org.hibernate.orm.jdbc.extract - extracted value (13:BIGINT) -> [9]
12:14:36.474 [https-jsse-nio-8443-exec-6] TRACE org.hibernate.orm.jdbc.extract - extracted value (14:BOOLEAN) -> [false]
12:14:36.474 [https-jsse-nio-8443-exec-6] TRACE org.hibernate.orm.jdbc.extract - extracted value (15:VARCHAR) -> [BUILDING_DELETE]
12:14:36.474 [https-jsse-nio-8443-exec-6] DEBUG o.h.e.t.internal.TransactionImpl - committing
12:14:36.475 [https-jsse-nio-8443-exec-6] DEBUG o.s.jdbc.datasource.DataSourceUtils - Resetting read-only flag of JDBC Connection [HikariProxyConnection@206897430 wrapping oracle.jdbc.driver.T4CConnection@64f4b243]
12:14:36.475 [https-jsse-nio-8443-exec-6] DEBUG org.hibernate.SQL - 
    /* <criteria> */ select
        n1_0.id,
        n1_0.created_at,
        n1_0.is_read,
        n1_0.link,
        n1_0.message,
        n1_0.title,
        n1_0.username 
    from
        notification_table n1_0 
    where
        n1_0.username=? 
        and n1_0.is_read=0 
    order by
        n1_0.created_at desc 
    fetch
        first ? rows only
12:14:36.475 [https-jsse-nio-8443-exec-6] TRACE org.hibernate.orm.jdbc.bind - binding parameter (1:VARCHAR) <- [ali]
12:14:36.475 [https-jsse-nio-8443-exec-6] TRACE org.hibernate.orm.jdbc.bind - binding parameter (2:INTEGER) <- [5]
12:14:36.477 [https-jsse-nio-8443-exec-6] DEBUG org.hibernate.SQL - 
    /* <criteria> */ select
        count(n1_0.id) 
    from
        notification_table n1_0 
    where
        n1_0.username=? 
        and n1_0.is_read=0
12:14:36.477 [https-jsse-nio-8443-exec-6] TRACE org.hibernate.orm.jdbc.bind - binding parameter (1:VARCHAR) <- [ali]
12:14:36.477 [https-jsse-nio-8443-exec-6] TRACE org.hibernate.orm.jdbc.extract - extracted value (1:BIGINT) -> [0]
12:14:36.478 [https-jsse-nio-8443-exec-6] DEBUG org.hibernate.SQL - 
    /* <criteria> */ select
        count(t1_0.id) 
    from
        ticket_tbl t1_0 
    where
        (
            t1_0.deleted = 0
        ) 
        and t1_0.status=?
12:14:36.478 [https-jsse-nio-8443-exec-6] TRACE org.hibernate.orm.jdbc.bind - binding parameter (1:TINYINT) <- [NotSeen]
12:14:36.478 [https-jsse-nio-8443-exec-6] TRACE org.hibernate.orm.jdbc.extract - extracted value (1:BIGINT) -> [0]
12:14:36.478 [https-jsse-nio-8443-exec-6] INFO  i.c.exception.ResponseAspect - Web Controller: addNotifications
12:14:36.478 [https-jsse-nio-8443-exec-6] DEBUG o.s.jdbc.datasource.DataSourceUtils - Setting JDBC Connection [HikariProxyConnection@206897430 wrapping oracle.jdbc.driver.T4CConnection@64f4b243] read-only
12:14:36.478 [https-jsse-nio-8443-exec-6] DEBUG o.h.e.t.internal.TransactionImpl - begin
12:14:36.479 [https-jsse-nio-8443-exec-6] DEBUG org.hibernate.SQL - 
    select
        p1_0.id,
        p1_0.deleted,
        p1_0.email,
        p1_0.first_name,
        p1_0.last_name,
        p1_0.phone,
        p1_0.attachment_id,
        p1_0.username 
    from
        profile_tbl p1_0 
    where
        p1_0.id=? 
        and (
            p1_0.deleted = 0
        )
12:14:36.479 [https-jsse-nio-8443-exec-6] TRACE org.hibernate.orm.jdbc.bind - binding parameter (1:BIGINT) <- [1]
12:14:36.479 [https-jsse-nio-8443-exec-6] TRACE org.hibernate.orm.jdbc.extract - extracted value (7:BIGINT) -> [21]
12:14:36.479 [https-jsse-nio-8443-exec-6] TRACE org.hibernate.orm.jdbc.extract - extracted value (8:VARCHAR) -> [hasan]
12:14:36.479 [https-jsse-nio-8443-exec-6] TRACE org.hibernate.orm.jdbc.extract - extracted value (2:BOOLEAN) -> [false]
12:14:36.479 [https-jsse-nio-8443-exec-6] TRACE org.hibernate.orm.jdbc.extract - extracted value (3:VARCHAR) -> [hasan@yahoo.com]
12:14:36.479 [https-jsse-nio-8443-exec-6] TRACE org.hibernate.orm.jdbc.extract - extracted value (4:VARCHAR) -> [hasan]
12:14:36.479 [https-jsse-nio-8443-exec-6] TRACE org.hibernate.orm.jdbc.extract - extracted value (5:VARCHAR) -> [mansouri]
12:14:36.479 [https-jsse-nio-8443-exec-6] TRACE org.hibernate.orm.jdbc.extract - extracted value (6:VARCHAR) -> [09153635211]
12:14:36.479 [https-jsse-nio-8443-exec-6] DEBUG o.h.e.t.internal.TransactionImpl - committing
12:14:36.480 [https-jsse-nio-8443-exec-6] DEBUG o.s.jdbc.datasource.DataSourceUtils - Resetting read-only flag of JDBC Connection [HikariProxyConnection@206897430 wrapping oracle.jdbc.driver.T4CConnection@64f4b243]
12:14:36.480 [https-jsse-nio-8443-exec-6] DEBUG org.hibernate.SQL - 
    select
        a1_0.id,
        a1_0.attach_time,
        a1_0.deleted,
        a1_0.description,
        a1_0.extracted_text,
        a1_0.file_name,
        a1_0.file_size,
        a1_0.file_type,
        a1_0.message_id,
        a1_0.mongo_file_id 
    from
        attachment_tbl a1_0 
    where
        a1_0.id=? 
        and (
            a1_0.deleted = 0
        )
12:14:36.480 [https-jsse-nio-8443-exec-6] TRACE org.hibernate.orm.jdbc.bind - binding parameter (1:BIGINT) <- [21]
12:14:36.480 [https-jsse-nio-8443-exec-6] TRACE org.hibernate.orm.jdbc.extract - extracted value (9:BIGINT) -> [null]
12:14:36.480 [https-jsse-nio-8443-exec-6] TRACE org.hibernate.orm.jdbc.extract - extracted value (1:BIGINT) -> [21]
12:14:36.480 [https-jsse-nio-8443-exec-6] TRACE org.hibernate.orm.jdbc.extract - extracted value (2:TIMESTAMP) -> [2026-02-04T02:10:39.268514]
12:14:36.480 [https-jsse-nio-8443-exec-6] TRACE org.hibernate.orm.jdbc.extract - extracted value (3:BOOLEAN) -> [false]
12:14:36.481 [https-jsse-nio-8443-exec-6] TRACE org.hibernate.orm.jdbc.extract - extracted value (4:VARCHAR) -> [null]
12:14:36.481 [https-jsse-nio-8443-exec-6] TRACE org.hibernate.orm.jdbc.extract - extracted value (5:VARCHAR) -> [null]
12:14:36.481 [https-jsse-nio-8443-exec-6] TRACE org.hibernate.orm.jdbc.extract - extracted value (6:VARCHAR) -> [545ty.jpg]
12:14:36.481 [https-jsse-nio-8443-exec-6] TRACE org.hibernate.orm.jdbc.extract - extracted value (7:BIGINT) -> [65295]
12:14:36.481 [https-jsse-nio-8443-exec-6] TRACE org.hibernate.orm.jdbc.extract - extracted value (8:TINYINT) -> [JPG]
12:14:36.481 [https-jsse-nio-8443-exec-6] TRACE org.hibernate.orm.jdbc.extract - extracted value (10:VARCHAR) -> [69827967e166353eec688be6]
12:14:36.482 [https-jsse-nio-8443-exec-6] INFO  i.c.exception.ResponseAspect - Web Controller: getProfilePicture
12:14:36.570 [scheduling-1] DEBUG o.h.e.t.internal.TransactionImpl - On TransactionImpl creation, JpaCompliance#isJpaTransactionComplianceEnabled == false
12:14:36.570 [scheduling-1] DEBUG o.h.e.t.internal.TransactionImpl - begin
12:14:36.571 [scheduling-1] DEBUG org.hibernate.SQL - 
    /* <criteria> */ select
        oe1_0.id,
        oe1_0.aggregate_id,
        oe1_0.aggregate_type,
        oe1_0.created_at,
        oe1_0.deleted,
        oe1_0.event_type,
        oe1_0.payload,
        oe1_0.published 
    from
        outbox_tbl oe1_0 
    where
        (
            oe1_0.deleted = 0
        ) 
        and oe1_0.published=0 
    order by
        oe1_0.created_at
12:14:36.572 [scheduling-1] DEBUG o.h.e.t.internal.TransactionImpl - committing
12:14:38.384 [https-jsse-nio-8443-exec-9] DEBUG o.s.security.web.FilterChainProxy - Securing GET /tickets
12:14:38.384 [https-jsse-nio-8443-exec-9] DEBUG o.s.s.w.a.c.ChannelProcessingFilter - Request: filter invocation [GET /tickets]; ConfigAttributes: [REQUIRES_SECURE_CHANNEL]
12:14:38.384 [https-jsse-nio-8443-exec-9] DEBUG o.s.s.w.c.HttpSessionSecurityContextRepository - Retrieved SecurityContextImpl [Authentication=UsernamePasswordAuthenticationToken [Principal=ir.model.entity.CustomUserDetails@435dd609, Credentials=[PROTECTED], Authenticated=true, Details=WebAuthenticationDetails [RemoteIpAddress=0:0:0:0:0:0:0:1, SessionId=null], Granted Authorities=[TICKET_EDIT, BUILDING_DELETE, TICKET_CHECK_SCORE, BUILDING_EDIT, TICKET_CHECK_CLOSE, BUILDING_CREATE, REPORT_VIEW, ROLE_ADMIN, TICKET_CREATE, TICKET_DELETE]]]
12:14:38.385 [https-jsse-nio-8443-exec-9] DEBUG o.s.security.web.FilterChainProxy - Secured GET /tickets
12:14:38.386 [https-jsse-nio-8443-exec-9] DEBUG o.s.jdbc.datasource.DataSourceUtils - Setting JDBC Connection [HikariProxyConnection@396308079 wrapping oracle.jdbc.driver.T4CConnection@64f4b243] read-only
12:14:38.387 [https-jsse-nio-8443-exec-9] DEBUG o.h.e.t.internal.TransactionImpl - On TransactionImpl creation, JpaCompliance#isJpaTransactionComplianceEnabled == false
12:14:38.387 [https-jsse-nio-8443-exec-9] DEBUG o.h.e.t.internal.TransactionImpl - begin
12:14:38.388 [https-jsse-nio-8443-exec-9] DEBUG org.hibernate.SQL - 
    select
        u1_0.username,
        u1_0.account_non_expired,
        u1_0.account_non_locked,
        u1_0.credentials_expiry_date,
        u1_0.credentials_non_expired,
        u1_0.deleted,
        u1_0.enabled,
        u1_0.password,
        rs1_0.username,
        rs1_1.name,
        rs1_1.deleted,
        ps1_0.role_name,
        ps1_1.id,
        ps1_1.deleted,
        ps1_1.permission 
    from
        user_tbl u1_0 
    left join
        (user_role_tbl rs1_0 
    join
        role_tbl rs1_1 
            on rs1_1.name=rs1_0.role_name) 
        on u1_0.username=rs1_0.username 
        and ( rs1_1.deleted = 0) 
    left join
        (role_permission_tbl ps1_0 
    join
        permission_tbl ps1_1 
            on ps1_1.id=ps1_0.permission) 
        on rs1_1.name=ps1_0.role_name 
        and ( ps1_1.deleted = 0) 
    where
        u1_0.username=? 
        and (
            u1_0.deleted = 0
        )
12:14:38.388 [https-jsse-nio-8443-exec-9] TRACE org.hibernate.orm.jdbc.bind - binding parameter (1:VARCHAR) <- [ali]
12:14:38.388 [https-jsse-nio-8443-exec-9] TRACE org.hibernate.orm.jdbc.extract - extracted value (9:VARCHAR) -> [ali]
12:14:38.389 [https-jsse-nio-8443-exec-9] TRACE org.hibernate.orm.jdbc.extract - extracted value (10:VARCHAR) -> [ROLE_ADMIN]
12:14:38.389 [https-jsse-nio-8443-exec-9] TRACE org.hibernate.orm.jdbc.extract - extracted value (12:VARCHAR) -> [ROLE_ADMIN]
12:14:38.389 [https-jsse-nio-8443-exec-9] TRACE org.hibernate.orm.jdbc.extract - extracted value (13:BIGINT) -> [1]
12:14:38.389 [https-jsse-nio-8443-exec-9] TRACE org.hibernate.orm.jdbc.extract - extracted value (14:BOOLEAN) -> [false]
12:14:38.389 [https-jsse-nio-8443-exec-9] TRACE org.hibernate.orm.jdbc.extract - extracted value (15:VARCHAR) -> [TICKET_CREATE]
12:14:38.389 [https-jsse-nio-8443-exec-9] TRACE org.hibernate.orm.jdbc.extract - extracted value (11:BOOLEAN) -> [false]
12:14:38.389 [https-jsse-nio-8443-exec-9] TRACE org.hibernate.orm.jdbc.extract - extracted value (2:BOOLEAN) -> [true]
12:14:38.389 [https-jsse-nio-8443-exec-9] TRACE org.hibernate.orm.jdbc.extract - extracted value (3:BOOLEAN) -> [true]
12:14:38.389 [https-jsse-nio-8443-exec-9] TRACE org.hibernate.orm.jdbc.extract - extracted value (4:TIMESTAMP) -> [2026-08-03T18:03:44.737555]
12:14:38.390 [https-jsse-nio-8443-exec-9] TRACE org.hibernate.orm.jdbc.extract - extracted value (5:BOOLEAN) -> [true]
12:14:38.390 [https-jsse-nio-8443-exec-9] TRACE org.hibernate.orm.jdbc.extract - extracted value (6:BOOLEAN) -> [false]
12:14:38.390 [https-jsse-nio-8443-exec-9] TRACE org.hibernate.orm.jdbc.extract - extracted value (7:BOOLEAN) -> [true]
12:14:38.390 [https-jsse-nio-8443-exec-9] TRACE org.hibernate.orm.jdbc.extract - extracted value (8:VARCHAR) -> [$2a$12$zWjkkNI6AJKAxh71k9FGeekl8NyE861fVAn0dtmHT4Ve90RbP/.qO]
12:14:38.390 [https-jsse-nio-8443-exec-9] TRACE org.hibernate.orm.jdbc.extract - extracted value (10:VARCHAR) -> [ROLE_ADMIN]
12:14:38.390 [https-jsse-nio-8443-exec-9] TRACE org.hibernate.orm.jdbc.extract - extracted value (13:BIGINT) -> [2]
12:14:38.390 [https-jsse-nio-8443-exec-9] TRACE org.hibernate.orm.jdbc.extract - extracted value (14:BOOLEAN) -> [false]
12:14:38.390 [https-jsse-nio-8443-exec-9] TRACE org.hibernate.orm.jdbc.extract - extracted value (15:VARCHAR) -> [TICKET_EDIT]
12:14:38.390 [https-jsse-nio-8443-exec-9] TRACE org.hibernate.orm.jdbc.extract - extracted value (10:VARCHAR) -> [ROLE_ADMIN]
12:14:38.390 [https-jsse-nio-8443-exec-9] TRACE org.hibernate.orm.jdbc.extract - extracted value (13:BIGINT) -> [3]
12:14:38.391 [https-jsse-nio-8443-exec-9] TRACE org.hibernate.orm.jdbc.extract - extracted value (14:BOOLEAN) -> [false]
12:14:38.391 [https-jsse-nio-8443-exec-9] TRACE org.hibernate.orm.jdbc.extract - extracted value (15:VARCHAR) -> [TICKET_DELETE]
12:14:38.391 [https-jsse-nio-8443-exec-9] TRACE org.hibernate.orm.jdbc.extract - extracted value (10:VARCHAR) -> [ROLE_ADMIN]
12:14:38.391 [https-jsse-nio-8443-exec-9] TRACE org.hibernate.orm.jdbc.extract - extracted value (13:BIGINT) -> [4]
12:14:38.391 [https-jsse-nio-8443-exec-9] TRACE org.hibernate.orm.jdbc.extract - extracted value (14:BOOLEAN) -> [false]
12:14:38.391 [https-jsse-nio-8443-exec-9] TRACE org.hibernate.orm.jdbc.extract - extracted value (15:VARCHAR) -> [REPORT_VIEW]
12:14:38.391 [https-jsse-nio-8443-exec-9] TRACE org.hibernate.orm.jdbc.extract - extracted value (10:VARCHAR) -> [ROLE_ADMIN]
12:14:38.391 [https-jsse-nio-8443-exec-9] TRACE org.hibernate.orm.jdbc.extract - extracted value (13:BIGINT) -> [5]
12:14:38.391 [https-jsse-nio-8443-exec-9] TRACE org.hibernate.orm.jdbc.extract - extracted value (14:BOOLEAN) -> [false]
12:14:38.391 [https-jsse-nio-8443-exec-9] TRACE org.hibernate.orm.jdbc.extract - extracted value (15:VARCHAR) -> [TICKET_CHECK_SCORE]
12:14:38.391 [https-jsse-nio-8443-exec-9] TRACE org.hibernate.orm.jdbc.extract - extracted value (10:VARCHAR) -> [ROLE_ADMIN]
12:14:38.391 [https-jsse-nio-8443-exec-9] TRACE org.hibernate.orm.jdbc.extract - extracted value (13:BIGINT) -> [6]
12:14:38.391 [https-jsse-nio-8443-exec-9] TRACE org.hibernate.orm.jdbc.extract - extracted value (14:BOOLEAN) -> [false]
12:14:38.391 [https-jsse-nio-8443-exec-9] TRACE org.hibernate.orm.jdbc.extract - extracted value (15:VARCHAR) -> [TICKET_CHECK_CLOSE]
12:14:38.391 [https-jsse-nio-8443-exec-9] TRACE org.hibernate.orm.jdbc.extract - extracted value (10:VARCHAR) -> [ROLE_ADMIN]
12:14:38.391 [https-jsse-nio-8443-exec-9] TRACE org.hibernate.orm.jdbc.extract - extracted value (13:BIGINT) -> [7]
12:14:38.391 [https-jsse-nio-8443-exec-9] TRACE org.hibernate.orm.jdbc.extract - extracted value (14:BOOLEAN) -> [false]
12:14:38.391 [https-jsse-nio-8443-exec-9] TRACE org.hibernate.orm.jdbc.extract - extracted value (15:VARCHAR) -> [BUILDING_CREATE]
12:14:38.391 [https-jsse-nio-8443-exec-9] TRACE org.hibernate.orm.jdbc.extract - extracted value (10:VARCHAR) -> [ROLE_ADMIN]
12:14:38.391 [https-jsse-nio-8443-exec-9] TRACE org.hibernate.orm.jdbc.extract - extracted value (13:BIGINT) -> [8]
12:14:38.392 [https-jsse-nio-8443-exec-9] TRACE org.hibernate.orm.jdbc.extract - extracted value (14:BOOLEAN) -> [false]
12:14:38.392 [https-jsse-nio-8443-exec-9] TRACE org.hibernate.orm.jdbc.extract - extracted value (15:VARCHAR) -> [BUILDING_EDIT]
12:14:38.392 [https-jsse-nio-8443-exec-9] TRACE org.hibernate.orm.jdbc.extract - extracted value (10:VARCHAR) -> [ROLE_ADMIN]
12:14:38.392 [https-jsse-nio-8443-exec-9] TRACE org.hibernate.orm.jdbc.extract - extracted value (13:BIGINT) -> [9]
12:14:38.392 [https-jsse-nio-8443-exec-9] TRACE org.hibernate.orm.jdbc.extract - extracted value (14:BOOLEAN) -> [false]
12:14:38.392 [https-jsse-nio-8443-exec-9] TRACE org.hibernate.orm.jdbc.extract - extracted value (15:VARCHAR) -> [BUILDING_DELETE]
12:14:38.392 [https-jsse-nio-8443-exec-9] DEBUG o.h.e.t.internal.TransactionImpl - committing
12:14:38.393 [https-jsse-nio-8443-exec-9] DEBUG o.s.jdbc.datasource.DataSourceUtils - Resetting read-only flag of JDBC Connection [HikariProxyConnection@396308079 wrapping oracle.jdbc.driver.T4CConnection@64f4b243]
12:14:38.394 [https-jsse-nio-8443-exec-9] DEBUG org.hibernate.SQL - 
    /* <criteria> */ select
        n1_0.id,
        n1_0.created_at,
        n1_0.is_read,
        n1_0.link,
        n1_0.message,
        n1_0.title,
        n1_0.username 
    from
        notification_table n1_0 
    where
        n1_0.username=? 
        and n1_0.is_read=0 
    order by
        n1_0.created_at desc 
    fetch
        first ? rows only
12:14:38.394 [https-jsse-nio-8443-exec-9] TRACE org.hibernate.orm.jdbc.bind - binding parameter (1:VARCHAR) <- [ali]
12:14:38.394 [https-jsse-nio-8443-exec-9] TRACE org.hibernate.orm.jdbc.bind - binding parameter (2:INTEGER) <- [5]
12:14:38.396 [https-jsse-nio-8443-exec-9] DEBUG org.hibernate.SQL - 
    /* <criteria> */ select
        count(n1_0.id) 
    from
        notification_table n1_0 
    where
        n1_0.username=? 
        and n1_0.is_read=0
12:14:38.396 [https-jsse-nio-8443-exec-9] TRACE org.hibernate.orm.jdbc.bind - binding parameter (1:VARCHAR) <- [ali]
12:14:38.397 [https-jsse-nio-8443-exec-9] TRACE org.hibernate.orm.jdbc.extract - extracted value (1:BIGINT) -> [0]
12:14:38.397 [https-jsse-nio-8443-exec-9] DEBUG org.hibernate.SQL - 
    /* <criteria> */ select
        count(t1_0.id) 
    from
        ticket_tbl t1_0 
    where
        (
            t1_0.deleted = 0
        ) 
        and t1_0.status=?
12:14:38.397 [https-jsse-nio-8443-exec-9] TRACE org.hibernate.orm.jdbc.bind - binding parameter (1:TINYINT) <- [NotSeen]
12:14:38.398 [https-jsse-nio-8443-exec-9] TRACE org.hibernate.orm.jdbc.extract - extracted value (1:BIGINT) -> [0]
12:14:38.398 [https-jsse-nio-8443-exec-9] INFO  i.c.exception.ResponseAspect - Web Controller: addNotifications
12:14:38.401 [https-jsse-nio-8443-exec-9] DEBUG org.hibernate.SQL - 
    /* <criteria> */ select
        t1_0.id,
        t1_0.customer,
        t1_0.date_time,
        t1_0.deleted,
        t1_0.score,
        t1_0.section_id,
        t1_0.status,
        t1_0.title 
    from
        ticket_tbl t1_0 
    where
        (
            t1_0.deleted = 0
        ) 
    order by
        t1_0.date_time,
        t1_0.date_time 
    fetch
        first ? rows only
12:14:38.401 [https-jsse-nio-8443-exec-9] TRACE org.hibernate.orm.jdbc.bind - binding parameter (1:INTEGER) <- [10]
12:14:38.403 [https-jsse-nio-8443-exec-9] TRACE org.hibernate.orm.jdbc.extract - extracted value (1:BIGINT) -> [1]
12:14:38.404 [https-jsse-nio-8443-exec-9] TRACE org.hibernate.orm.jdbc.extract - extracted value (2:VARCHAR) -> [hasan]
12:14:38.404 [https-jsse-nio-8443-exec-9] DEBUG org.hibernate.SQL - 
    select
        u1_0.username,
        u1_0.account_non_expired,
        u1_0.account_non_locked,
        u1_0.credentials_expiry_date,
        u1_0.credentials_non_expired,
        u1_0.deleted,
        u1_0.enabled,
        u1_0.password,
        rs1_0.username,
        rs1_1.name,
        rs1_1.deleted,
        ps1_0.role_name,
        ps1_1.id,
        ps1_1.deleted,
        ps1_1.permission 
    from
        user_tbl u1_0 
    left join
        (user_role_tbl rs1_0 
    join
        role_tbl rs1_1 
            on rs1_1.name=rs1_0.role_name) 
        on u1_0.username=rs1_0.username 
        and ( rs1_1.deleted = 0) 
    left join
        (role_permission_tbl ps1_0 
    join
        permission_tbl ps1_1 
            on ps1_1.id=ps1_0.permission) 
        on rs1_1.name=ps1_0.role_name 
        and ( ps1_1.deleted = 0) 
    where
        u1_0.username=? 
        and (
            u1_0.deleted = 0
        )
12:14:38.404 [https-jsse-nio-8443-exec-9] TRACE org.hibernate.orm.jdbc.bind - binding parameter (1:VARCHAR) <- [hasan]
12:14:38.405 [https-jsse-nio-8443-exec-9] TRACE org.hibernate.orm.jdbc.extract - extracted value (9:VARCHAR) -> [hasan]
12:14:38.405 [https-jsse-nio-8443-exec-9] TRACE org.hibernate.orm.jdbc.extract - extracted value (10:VARCHAR) -> [ROLE_CUSTOMER]
12:14:38.405 [https-jsse-nio-8443-exec-9] TRACE org.hibernate.orm.jdbc.extract - extracted value (12:VARCHAR) -> [ROLE_CUSTOMER]
12:14:38.405 [https-jsse-nio-8443-exec-9] TRACE org.hibernate.orm.jdbc.extract - extracted value (13:BIGINT) -> [1]
12:14:38.406 [https-jsse-nio-8443-exec-9] TRACE org.hibernate.orm.jdbc.extract - extracted value (11:BOOLEAN) -> [false]
12:14:38.406 [https-jsse-nio-8443-exec-9] TRACE org.hibernate.orm.jdbc.extract - extracted value (2:BOOLEAN) -> [true]
12:14:38.406 [https-jsse-nio-8443-exec-9] TRACE org.hibernate.orm.jdbc.extract - extracted value (3:BOOLEAN) -> [true]
12:14:38.406 [https-jsse-nio-8443-exec-9] TRACE org.hibernate.orm.jdbc.extract - extracted value (4:TIMESTAMP) -> [2026-08-03T22:36:24.281543]
12:14:38.406 [https-jsse-nio-8443-exec-9] TRACE org.hibernate.orm.jdbc.extract - extracted value (5:BOOLEAN) -> [true]
12:14:38.406 [https-jsse-nio-8443-exec-9] TRACE org.hibernate.orm.jdbc.extract - extracted value (6:BOOLEAN) -> [false]
12:14:38.406 [https-jsse-nio-8443-exec-9] TRACE org.hibernate.orm.jdbc.extract - extracted value (7:BOOLEAN) -> [true]
12:14:38.406 [https-jsse-nio-8443-exec-9] TRACE org.hibernate.orm.jdbc.extract - extracted value (8:VARCHAR) -> [$2a$12$On9gnEeusVWqrhY7gH8BH.4Fs/LopJPYgCbl5qlVI723TmxHkXSx.]
12:14:38.407 [https-jsse-nio-8443-exec-9] TRACE org.hibernate.orm.jdbc.extract - extracted value (6:BIGINT) -> [2]
12:14:38.407 [https-jsse-nio-8443-exec-9] DEBUG org.hibernate.SQL - 
    select
        s1_0.id,
        s1_0.building_id,
        s1_0.deleted,
        ps1_0.id,
        ps1_0.building_id,
        ps1_0.deleted,
        ps1_0.parent_section_id,
        ps1_0.title,
        s1_0.title,
        csl1_0.parent_section_id,
        csl1_0.id,
        csl1_0.building_id,
        csl1_0.deleted,
        csl1_0.title 
    from
        section_table s1_0 
    left join
        section_table ps1_0 
            on ps1_0.id=s1_0.parent_section_id 
            and (ps1_0.deleted = 0) 
    left join
        section_table csl1_0 
            on s1_0.id=csl1_0.parent_section_id 
            and (csl1_0.deleted = 0) 
    where
        s1_0.id=? 
        and (
            s1_0.deleted = 0
        )
12:14:38.407 [https-jsse-nio-8443-exec-9] TRACE org.hibernate.orm.jdbc.bind - binding parameter (1:BIGINT) <- [2]
12:14:38.414 [https-jsse-nio-8443-exec-9] TRACE org.hibernate.orm.jdbc.extract - extracted value (10:BIGINT) -> [2]
12:14:38.414 [https-jsse-nio-8443-exec-9] TRACE org.hibernate.orm.jdbc.extract - extracted value (11:BIGINT) -> [3]
12:14:38.414 [https-jsse-nio-8443-exec-9] TRACE org.hibernate.orm.jdbc.extract - extracted value (4:BIGINT) -> [1]
12:14:38.414 [https-jsse-nio-8443-exec-9] TRACE org.hibernate.orm.jdbc.extract - extracted value (2:BIGINT) -> [null]
12:14:38.414 [https-jsse-nio-8443-exec-9] TRACE org.hibernate.orm.jdbc.extract - extracted value (12:BIGINT) -> [null]
12:14:38.415 [https-jsse-nio-8443-exec-9] TRACE org.hibernate.orm.jdbc.extract - extracted value (5:BIGINT) -> [null]
12:14:38.415 [https-jsse-nio-8443-exec-9] TRACE org.hibernate.orm.jdbc.extract - extracted value (7:BIGINT) -> [null]
12:14:38.415 [https-jsse-nio-8443-exec-9] TRACE org.hibernate.orm.jdbc.extract - extracted value (13:BOOLEAN) -> [false]
12:14:38.415 [https-jsse-nio-8443-exec-9] TRACE org.hibernate.orm.jdbc.extract - extracted value (14:VARCHAR) -> [BUS]
12:14:38.415 [https-jsse-nio-8443-exec-9] TRACE org.hibernate.orm.jdbc.extract - extracted value (6:BOOLEAN) -> [false]
12:14:38.415 [https-jsse-nio-8443-exec-9] TRACE org.hibernate.orm.jdbc.extract - extracted value (8:VARCHAR) -> [MAIN SECTION]
12:14:38.415 [https-jsse-nio-8443-exec-9] TRACE org.hibernate.orm.jdbc.extract - extracted value (3:BOOLEAN) -> [false]
12:14:38.415 [https-jsse-nio-8443-exec-9] TRACE org.hibernate.orm.jdbc.extract - extracted value (9:VARCHAR) -> [TRANSPORT]
12:14:38.415 [https-jsse-nio-8443-exec-9] TRACE org.hibernate.orm.jdbc.extract - extracted value (11:BIGINT) -> [4]
12:14:38.415 [https-jsse-nio-8443-exec-9] TRACE org.hibernate.orm.jdbc.extract - extracted value (12:BIGINT) -> [null]
12:14:38.415 [https-jsse-nio-8443-exec-9] TRACE org.hibernate.orm.jdbc.extract - extracted value (13:BOOLEAN) -> [false]
12:14:38.415 [https-jsse-nio-8443-exec-9] TRACE org.hibernate.orm.jdbc.extract - extracted value (14:VARCHAR) -> [TRAIN]
12:14:38.415 [https-jsse-nio-8443-exec-9] TRACE org.hibernate.orm.jdbc.extract - extracted value (3:TIMESTAMP) -> [2026-01-20T22:39:36.568]
12:14:38.415 [https-jsse-nio-8443-exec-9] TRACE org.hibernate.orm.jdbc.extract - extracted value (4:BOOLEAN) -> [false]
12:14:38.415 [https-jsse-nio-8443-exec-9] TRACE org.hibernate.orm.jdbc.extract - extracted value (5:INTEGER) -> [null]
12:14:38.415 [https-jsse-nio-8443-exec-9] TRACE org.hibernate.orm.jdbc.extract - extracted value (7:TINYINT) -> [Closed]
12:14:38.415 [https-jsse-nio-8443-exec-9] TRACE org.hibernate.orm.jdbc.extract - extracted value (8:VARCHAR) -> [test 1]
12:14:38.415 [https-jsse-nio-8443-exec-9] DEBUG org.hibernate.SQL - 
    select
        csl1_0.parent_section_id,
        csl1_0.id,
        csl1_0.building_id,
        csl1_0.deleted,
        csl1_0.title 
    from
        section_table csl1_0 
    where
        csl1_0.parent_section_id=? 
        and (
            csl1_0.deleted = 0
        )
12:14:38.416 [https-jsse-nio-8443-exec-9] TRACE org.hibernate.orm.jdbc.bind - binding parameter (1:BIGINT) <- [4]
12:14:38.416 [https-jsse-nio-8443-exec-9] DEBUG org.hibernate.SQL - 
    select
        csl1_0.parent_section_id,
        csl1_0.id,
        csl1_0.building_id,
        csl1_0.deleted,
        csl1_0.title 
    from
        section_table csl1_0 
    where
        csl1_0.parent_section_id=? 
        and (
            csl1_0.deleted = 0
        )
12:14:38.416 [https-jsse-nio-8443-exec-9] TRACE org.hibernate.orm.jdbc.bind - binding parameter (1:BIGINT) <- [1]
12:14:38.417 [https-jsse-nio-8443-exec-9] TRACE org.hibernate.orm.jdbc.extract - extracted value (1:BIGINT) -> [1]
12:14:38.417 [https-jsse-nio-8443-exec-9] TRACE org.hibernate.orm.jdbc.extract - extracted value (2:BIGINT) -> [2]
12:14:38.417 [https-jsse-nio-8443-exec-9] TRACE org.hibernate.orm.jdbc.extract - extracted value (1:BIGINT) -> [1]
12:14:38.417 [https-jsse-nio-8443-exec-9] TRACE org.hibernate.orm.jdbc.extract - extracted value (2:BIGINT) -> [5]
12:14:38.417 [https-jsse-nio-8443-exec-9] TRACE org.hibernate.orm.jdbc.extract - extracted value (3:BIGINT) -> [null]
12:14:38.418 [https-jsse-nio-8443-exec-9] TRACE org.hibernate.orm.jdbc.extract - extracted value (4:BOOLEAN) -> [false]
12:14:38.418 [https-jsse-nio-8443-exec-9] TRACE org.hibernate.orm.jdbc.extract - extracted value (5:VARCHAR) -> [HSE]
12:14:38.418 [https-jsse-nio-8443-exec-9] DEBUG org.hibernate.SQL - 
    select
        csl1_0.parent_section_id,
        csl1_0.id,
        csl1_0.building_id,
        csl1_0.deleted,
        csl1_0.title 
    from
        section_table csl1_0 
    where
        csl1_0.parent_section_id=? 
        and (
            csl1_0.deleted = 0
        )
12:14:38.418 [https-jsse-nio-8443-exec-9] TRACE org.hibernate.orm.jdbc.bind - binding parameter (1:BIGINT) <- [5]
12:14:38.419 [https-jsse-nio-8443-exec-9] DEBUG org.hibernate.SQL - 
    select
        csl1_0.parent_section_id,
        csl1_0.id,
        csl1_0.building_id,
        csl1_0.deleted,
        csl1_0.title 
    from
        section_table csl1_0 
    where
        csl1_0.parent_section_id=? 
        and (
            csl1_0.deleted = 0
        )
12:14:38.419 [https-jsse-nio-8443-exec-9] TRACE org.hibernate.orm.jdbc.bind - binding parameter (1:BIGINT) <- [3]
12:14:38.421 [https-jsse-nio-8443-exec-9] TRACE o.s.c.interceptor.CacheInterceptor - Computed cache key 'SimpleKey []' for operation Builder[public java.util.List ir.service.impl.SectionServiceImpl.findAllForFilter()] caches=[sectionsFilter] | key='' | keyGenerator='' | cacheManager='' | cacheResolver='' | condition='' | unless='' | sync='false'
12:14:38.422 [https-jsse-nio-8443-exec-9] TRACE o.s.c.interceptor.CacheInterceptor - Cache entry for key 'SimpleKey []' found in cache(s) [sectionsFilter]
12:14:38.422 [https-jsse-nio-8443-exec-9] INFO  i.c.exception.ResponseAspect - Web Controller: showAllTickets
12:14:38.495 [https-jsse-nio-8443-exec-2] DEBUG o.s.security.web.FilterChainProxy - Securing GET /css/reset.css
12:14:38.495 [https-jsse-nio-8443-exec-3] DEBUG o.s.security.web.FilterChainProxy - Securing GET /css/bootstrap.min.css
12:14:38.495 [https-jsse-nio-8443-exec-2] DEBUG o.s.s.w.a.c.ChannelProcessingFilter - Request: filter invocation [GET /css/reset.css]; ConfigAttributes: [REQUIRES_SECURE_CHANNEL]
12:14:38.495 [https-jsse-nio-8443-exec-3] DEBUG o.s.s.w.a.c.ChannelProcessingFilter - Request: filter invocation [GET /css/bootstrap.min.css]; ConfigAttributes: [REQUIRES_SECURE_CHANNEL]
12:14:38.495 [https-jsse-nio-8443-exec-4] DEBUG o.s.security.web.FilterChainProxy - Securing GET /css/fonts.min.css
12:14:38.495 [https-jsse-nio-8443-exec-5] DEBUG o.s.security.web.FilterChainProxy - Securing GET /css/fontawesome.css
12:14:38.495 [https-jsse-nio-8443-exec-4] DEBUG o.s.s.w.a.c.ChannelProcessingFilter - Request: filter invocation [GET /css/fonts.min.css]; ConfigAttributes: [REQUIRES_SECURE_CHANNEL]
12:14:38.495 [https-jsse-nio-8443-exec-5] DEBUG o.s.s.w.a.c.ChannelProcessingFilter - Request: filter invocation [GET /css/fontawesome.css]; ConfigAttributes: [REQUIRES_SECURE_CHANNEL]
12:14:38.495 [https-jsse-nio-8443-exec-10] DEBUG o.s.security.web.FilterChainProxy - Securing GET /css/toast.css
12:14:38.495 [https-jsse-nio-8443-exec-2] DEBUG o.s.security.web.FilterChainProxy - Secured GET /css/reset.css
12:14:38.495 [https-jsse-nio-8443-exec-3] DEBUG o.s.security.web.FilterChainProxy - Secured GET /css/bootstrap.min.css
12:14:38.495 [https-jsse-nio-8443-exec-10] DEBUG o.s.s.w.a.c.ChannelProcessingFilter - Request: filter invocation [GET /css/toast.css]; ConfigAttributes: [REQUIRES_SECURE_CHANNEL]
12:14:38.496 [https-jsse-nio-8443-exec-4] DEBUG o.s.security.web.FilterChainProxy - Secured GET /css/fonts.min.css
12:14:38.496 [https-jsse-nio-8443-exec-5] DEBUG o.s.security.web.FilterChainProxy - Secured GET /css/fontawesome.css
12:14:38.496 [https-jsse-nio-8443-exec-10] DEBUG o.s.security.web.FilterChainProxy - Secured GET /css/toast.css
12:14:38.497 [https-jsse-nio-8443-exec-2] DEBUG o.s.s.w.c.HttpSessionSecurityContextRepository - Retrieved SecurityContextImpl [Authentication=UsernamePasswordAuthenticationToken [Principal=ir.model.entity.CustomUserDetails@435dd609, Credentials=[PROTECTED], Authenticated=true, Details=WebAuthenticationDetails [RemoteIpAddress=0:0:0:0:0:0:0:1, SessionId=null], Granted Authorities=[TICKET_EDIT, BUILDING_DELETE, TICKET_CHECK_SCORE, BUILDING_EDIT, TICKET_CHECK_CLOSE, BUILDING_CREATE, REPORT_VIEW, ROLE_ADMIN, TICKET_CREATE, TICKET_DELETE]]]
12:14:38.497 [https-jsse-nio-8443-exec-10] DEBUG o.s.s.w.c.HttpSessionSecurityContextRepository - Retrieved SecurityContextImpl [Authentication=UsernamePasswordAuthenticationToken [Principal=ir.model.entity.CustomUserDetails@435dd609, Credentials=[PROTECTED], Authenticated=true, Details=WebAuthenticationDetails [RemoteIpAddress=0:0:0:0:0:0:0:1, SessionId=null], Granted Authorities=[TICKET_EDIT, BUILDING_DELETE, TICKET_CHECK_SCORE, BUILDING_EDIT, TICKET_CHECK_CLOSE, BUILDING_CREATE, REPORT_VIEW, ROLE_ADMIN, TICKET_CREATE, TICKET_DELETE]]]
12:14:38.497 [https-jsse-nio-8443-exec-4] DEBUG o.s.s.w.c.HttpSessionSecurityContextRepository - Retrieved SecurityContextImpl [Authentication=UsernamePasswordAuthenticationToken [Principal=ir.model.entity.CustomUserDetails@435dd609, Credentials=[PROTECTED], Authenticated=true, Details=WebAuthenticationDetails [RemoteIpAddress=0:0:0:0:0:0:0:1, SessionId=null], Granted Authorities=[TICKET_EDIT, BUILDING_DELETE, TICKET_CHECK_SCORE, BUILDING_EDIT, TICKET_CHECK_CLOSE, BUILDING_CREATE, REPORT_VIEW, ROLE_ADMIN, TICKET_CREATE, TICKET_DELETE]]]
12:14:38.498 [https-jsse-nio-8443-exec-7] DEBUG o.s.security.web.FilterChainProxy - Securing GET /css/styles.css
12:14:38.498 [https-jsse-nio-8443-exec-7] DEBUG o.s.s.w.a.c.ChannelProcessingFilter - Request: filter invocation [GET /css/styles.css]; ConfigAttributes: [REQUIRES_SECURE_CHANNEL]
12:14:38.499 [https-jsse-nio-8443-exec-7] DEBUG o.s.security.web.FilterChainProxy - Secured GET /css/styles.css
12:14:38.499 [https-jsse-nio-8443-exec-8] DEBUG o.s.security.web.FilterChainProxy - Securing GET /icons/mftlogo.png
12:14:38.499 [https-jsse-nio-8443-exec-8] DEBUG o.s.s.w.a.c.ChannelProcessingFilter - Request: filter invocation [GET /icons/mftlogo.png]; ConfigAttributes: [REQUIRES_SECURE_CHANNEL]
12:14:38.500 [https-jsse-nio-8443-exec-8] DEBUG o.s.security.web.FilterChainProxy - Secured GET /icons/mftlogo.png
12:14:38.500 [https-jsse-nio-8443-exec-7] DEBUG o.s.s.w.c.HttpSessionSecurityContextRepository - Retrieved SecurityContextImpl [Authentication=UsernamePasswordAuthenticationToken [Principal=ir.model.entity.CustomUserDetails@435dd609, Credentials=[PROTECTED], Authenticated=true, Details=WebAuthenticationDetails [RemoteIpAddress=0:0:0:0:0:0:0:1, SessionId=null], Granted Authorities=[TICKET_EDIT, BUILDING_DELETE, TICKET_CHECK_SCORE, BUILDING_EDIT, TICKET_CHECK_CLOSE, BUILDING_CREATE, REPORT_VIEW, ROLE_ADMIN, TICKET_CREATE, TICKET_DELETE]]]
12:14:38.503 [https-jsse-nio-8443-exec-8] DEBUG o.s.s.w.c.HttpSessionSecurityContextRepository - Retrieved SecurityContextImpl [Authentication=UsernamePasswordAuthenticationToken [Principal=ir.model.entity.CustomUserDetails@435dd609, Credentials=[PROTECTED], Authenticated=true, Details=WebAuthenticationDetails [RemoteIpAddress=0:0:0:0:0:0:0:1, SessionId=null], Granted Authorities=[TICKET_EDIT, BUILDING_DELETE, TICKET_CHECK_SCORE, BUILDING_EDIT, TICKET_CHECK_CLOSE, BUILDING_CREATE, REPORT_VIEW, ROLE_ADMIN, TICKET_CREATE, TICKET_DELETE]]]
12:14:38.503 [https-jsse-nio-8443-exec-1] DEBUG o.s.security.web.FilterChainProxy - Securing GET /js/bootstrap.bundle.min.js
12:14:38.503 [https-jsse-nio-8443-exec-1] DEBUG o.s.s.w.a.c.ChannelProcessingFilter - Request: filter invocation [GET /js/bootstrap.bundle.min.js]; ConfigAttributes: [REQUIRES_SECURE_CHANNEL]
12:14:38.503 [https-jsse-nio-8443-exec-2] DEBUG o.s.security.web.FilterChainProxy - Securing GET /js/toast.js
12:14:38.503 [https-jsse-nio-8443-exec-6] DEBUG o.s.security.web.FilterChainProxy - Securing GET /js/fontawesome.js
12:14:38.503 [https-jsse-nio-8443-exec-1] DEBUG o.s.security.web.FilterChainProxy - Secured GET /js/bootstrap.bundle.min.js
12:14:38.503 [https-jsse-nio-8443-exec-2] DEBUG o.s.s.w.a.c.ChannelProcessingFilter - Request: filter invocation [GET /js/toast.js]; ConfigAttributes: [REQUIRES_SECURE_CHANNEL]
12:14:38.503 [https-jsse-nio-8443-exec-6] DEBUG o.s.s.w.a.c.ChannelProcessingFilter - Request: filter invocation [GET /js/fontawesome.js]; ConfigAttributes: [REQUIRES_SECURE_CHANNEL]
12:14:38.504 [https-jsse-nio-8443-exec-2] DEBUG o.s.security.web.FilterChainProxy - Secured GET /js/toast.js
12:14:38.504 [https-jsse-nio-8443-exec-6] DEBUG o.s.security.web.FilterChainProxy - Secured GET /js/fontawesome.js
12:14:38.504 [https-jsse-nio-8443-exec-10] DEBUG o.s.security.web.FilterChainProxy - Securing GET /js/script.js
12:14:38.504 [https-jsse-nio-8443-exec-10] DEBUG o.s.s.w.a.c.ChannelProcessingFilter - Request: filter invocation [GET /js/script.js]; ConfigAttributes: [REQUIRES_SECURE_CHANNEL]
12:14:38.504 [https-jsse-nio-8443-exec-10] DEBUG o.s.security.web.FilterChainProxy - Secured GET /js/script.js
12:14:38.505 [https-jsse-nio-8443-exec-2] DEBUG o.s.s.w.c.HttpSessionSecurityContextRepository - Retrieved SecurityContextImpl [Authentication=UsernamePasswordAuthenticationToken [Principal=ir.model.entity.CustomUserDetails@435dd609, Credentials=[PROTECTED], Authenticated=true, Details=WebAuthenticationDetails [RemoteIpAddress=0:0:0:0:0:0:0:1, SessionId=null], Granted Authorities=[TICKET_EDIT, BUILDING_DELETE, TICKET_CHECK_SCORE, BUILDING_EDIT, TICKET_CHECK_CLOSE, BUILDING_CREATE, REPORT_VIEW, ROLE_ADMIN, TICKET_CREATE, TICKET_DELETE]]]
12:14:38.506 [https-jsse-nio-8443-exec-10] DEBUG o.s.s.w.c.HttpSessionSecurityContextRepository - Retrieved SecurityContextImpl [Authentication=UsernamePasswordAuthenticationToken [Principal=ir.model.entity.CustomUserDetails@435dd609, Credentials=[PROTECTED], Authenticated=true, Details=WebAuthenticationDetails [RemoteIpAddress=0:0:0:0:0:0:0:1, SessionId=null], Granted Authorities=[TICKET_EDIT, BUILDING_DELETE, TICKET_CHECK_SCORE, BUILDING_EDIT, TICKET_CHECK_CLOSE, BUILDING_CREATE, REPORT_VIEW, ROLE_ADMIN, TICKET_CREATE, TICKET_DELETE]]]
12:14:38.508 [https-jsse-nio-8443-exec-4] DEBUG o.s.security.web.FilterChainProxy - Securing GET /js/tickets-api.js
12:14:38.508 [https-jsse-nio-8443-exec-4] DEBUG o.s.s.w.a.c.ChannelProcessingFilter - Request: filter invocation [GET /js/tickets-api.js]; ConfigAttributes: [REQUIRES_SECURE_CHANNEL]
12:14:38.508 [https-jsse-nio-8443-exec-4] DEBUG o.s.security.web.FilterChainProxy - Secured GET /js/tickets-api.js
12:14:38.509 [https-jsse-nio-8443-exec-1] DEBUG o.s.s.w.c.HttpSessionSecurityContextRepository - Retrieved SecurityContextImpl [Authentication=UsernamePasswordAuthenticationToken [Principal=ir.model.entity.CustomUserDetails@435dd609, Credentials=[PROTECTED], Authenticated=true, Details=WebAuthenticationDetails [RemoteIpAddress=0:0:0:0:0:0:0:1, SessionId=null], Granted Authorities=[TICKET_EDIT, BUILDING_DELETE, TICKET_CHECK_SCORE, BUILDING_EDIT, TICKET_CHECK_CLOSE, BUILDING_CREATE, REPORT_VIEW, ROLE_ADMIN, TICKET_CREATE, TICKET_DELETE]]]
12:14:38.511 [https-jsse-nio-8443-exec-3] DEBUG o.s.s.w.c.HttpSessionSecurityContextRepository - Retrieved SecurityContextImpl [Authentication=UsernamePasswordAuthenticationToken [Principal=ir.model.entity.CustomUserDetails@435dd609, Credentials=[PROTECTED], Authenticated=true, Details=WebAuthenticationDetails [RemoteIpAddress=0:0:0:0:0:0:0:1, SessionId=null], Granted Authorities=[TICKET_EDIT, BUILDING_DELETE, TICKET_CHECK_SCORE, BUILDING_EDIT, TICKET_CHECK_CLOSE, BUILDING_CREATE, REPORT_VIEW, ROLE_ADMIN, TICKET_CREATE, TICKET_DELETE]]]
12:14:38.521 [https-jsse-nio-8443-exec-5] DEBUG o.s.s.w.c.HttpSessionSecurityContextRepository - Retrieved SecurityContextImpl [Authentication=UsernamePasswordAuthenticationToken [Principal=ir.model.entity.CustomUserDetails@435dd609, Credentials=[PROTECTED], Authenticated=true, Details=WebAuthenticationDetails [RemoteIpAddress=0:0:0:0:0:0:0:1, SessionId=null], Granted Authorities=[TICKET_EDIT, BUILDING_DELETE, TICKET_CHECK_SCORE, BUILDING_EDIT, TICKET_CHECK_CLOSE, BUILDING_CREATE, REPORT_VIEW, ROLE_ADMIN, TICKET_CREATE, TICKET_DELETE]]]
12:14:38.532 [https-jsse-nio-8443-exec-4] DEBUG o.s.s.w.c.HttpSessionSecurityContextRepository - Retrieved SecurityContextImpl [Authentication=UsernamePasswordAuthenticationToken [Principal=ir.model.entity.CustomUserDetails@435dd609, Credentials=[PROTECTED], Authenticated=true, Details=WebAuthenticationDetails [RemoteIpAddress=0:0:0:0:0:0:0:1, SessionId=null], Granted Authorities=[TICKET_EDIT, BUILDING_DELETE, TICKET_CHECK_SCORE, BUILDING_EDIT, TICKET_CHECK_CLOSE, BUILDING_CREATE, REPORT_VIEW, ROLE_ADMIN, TICKET_CREATE, TICKET_DELETE]]]
12:14:38.549 [https-jsse-nio-8443-exec-7] DEBUG o.s.security.web.FilterChainProxy - Securing GET /webfonts/fa-solid-900.woff2
12:14:38.549 [https-jsse-nio-8443-exec-9] DEBUG o.s.security.web.FilterChainProxy - Securing GET /webfonts/fa-brands-400.woff2
12:14:38.549 [https-jsse-nio-8443-exec-7] DEBUG o.s.s.w.a.c.ChannelProcessingFilter - Request: filter invocation [GET /webfonts/fa-solid-900.woff2]; ConfigAttributes: [REQUIRES_SECURE_CHANNEL]
12:14:38.549 [https-jsse-nio-8443-exec-9] DEBUG o.s.s.w.a.c.ChannelProcessingFilter - Request: filter invocation [GET /webfonts/fa-brands-400.woff2]; ConfigAttributes: [REQUIRES_SECURE_CHANNEL]
12:14:38.550 [https-jsse-nio-8443-exec-9] DEBUG o.s.s.w.c.HttpSessionSecurityContextRepository - Retrieved SecurityContextImpl [Authentication=UsernamePasswordAuthenticationToken [Principal=ir.model.entity.CustomUserDetails@435dd609, Credentials=[PROTECTED], Authenticated=true, Details=WebAuthenticationDetails [RemoteIpAddress=0:0:0:0:0:0:0:1, SessionId=null], Granted Authorities=[TICKET_EDIT, BUILDING_DELETE, TICKET_CHECK_SCORE, BUILDING_EDIT, TICKET_CHECK_CLOSE, BUILDING_CREATE, REPORT_VIEW, ROLE_ADMIN, TICKET_CREATE, TICKET_DELETE]]]
12:14:38.550 [https-jsse-nio-8443-exec-7] DEBUG o.s.s.w.c.HttpSessionSecurityContextRepository - Retrieved SecurityContextImpl [Authentication=UsernamePasswordAuthenticationToken [Principal=ir.model.entity.CustomUserDetails@435dd609, Credentials=[PROTECTED], Authenticated=true, Details=WebAuthenticationDetails [RemoteIpAddress=0:0:0:0:0:0:0:1, SessionId=null], Granted Authorities=[TICKET_EDIT, BUILDING_DELETE, TICKET_CHECK_SCORE, BUILDING_EDIT, TICKET_CHECK_CLOSE, BUILDING_CREATE, REPORT_VIEW, ROLE_ADMIN, TICKET_CREATE, TICKET_DELETE]]]
12:14:38.550 [https-jsse-nio-8443-exec-9] DEBUG o.s.security.web.FilterChainProxy - Secured GET /webfonts/fa-brands-400.woff2
12:14:38.550 [https-jsse-nio-8443-exec-7] DEBUG o.s.security.web.FilterChainProxy - Secured GET /webfonts/fa-solid-900.woff2
12:14:38.576 [scheduling-1] DEBUG o.h.e.t.internal.TransactionImpl - On TransactionImpl creation, JpaCompliance#isJpaTransactionComplianceEnabled == false
12:14:38.576 [scheduling-1] DEBUG o.h.e.t.internal.TransactionImpl - begin
12:14:38.577 [scheduling-1] DEBUG org.hibernate.SQL - 
    /* <criteria> */ select
        oe1_0.id,
        oe1_0.aggregate_id,
        oe1_0.aggregate_type,
        oe1_0.created_at,
        oe1_0.deleted,
        oe1_0.event_type,
        oe1_0.payload,
        oe1_0.published 
    from
        outbox_tbl oe1_0 
    where
        (
            oe1_0.deleted = 0
        ) 
        and oe1_0.published=0 
    order by
        oe1_0.created_at
12:14:38.578 [scheduling-1] DEBUG o.h.e.t.internal.TransactionImpl - committing
12:14:39.015 [https-jsse-nio-8443-exec-6] DEBUG o.s.s.w.c.HttpSessionSecurityContextRepository - Retrieved SecurityContextImpl [Authentication=UsernamePasswordAuthenticationToken [Principal=ir.model.entity.CustomUserDetails@435dd609, Credentials=[PROTECTED], Authenticated=true, Details=WebAuthenticationDetails [RemoteIpAddress=0:0:0:0:0:0:0:1, SessionId=null], Granted Authorities=[TICKET_EDIT, BUILDING_DELETE, TICKET_CHECK_SCORE, BUILDING_EDIT, TICKET_CHECK_CLOSE, BUILDING_CREATE, REPORT_VIEW, ROLE_ADMIN, TICKET_CREATE, TICKET_DELETE]]]
12:14:39.100 [https-jsse-nio-8443-exec-8] DEBUG o.s.security.web.FilterChainProxy - Securing GET /tickets?page=0&size=10&fragment=true
12:14:39.100 [https-jsse-nio-8443-exec-8] DEBUG o.s.s.w.a.c.ChannelProcessingFilter - Request: filter invocation [GET /tickets?page=0&size=10&fragment=true]; ConfigAttributes: [REQUIRES_SECURE_CHANNEL]
12:14:39.101 [https-jsse-nio-8443-exec-8] DEBUG o.s.s.w.c.HttpSessionSecurityContextRepository - Retrieved SecurityContextImpl [Authentication=UsernamePasswordAuthenticationToken [Principal=ir.model.entity.CustomUserDetails@435dd609, Credentials=[PROTECTED], Authenticated=true, Details=WebAuthenticationDetails [RemoteIpAddress=0:0:0:0:0:0:0:1, SessionId=null], Granted Authorities=[TICKET_EDIT, BUILDING_DELETE, TICKET_CHECK_SCORE, BUILDING_EDIT, TICKET_CHECK_CLOSE, BUILDING_CREATE, REPORT_VIEW, ROLE_ADMIN, TICKET_CREATE, TICKET_DELETE]]]
12:14:39.101 [https-jsse-nio-8443-exec-8] DEBUG o.s.security.web.FilterChainProxy - Secured GET /tickets?page=0&size=10&fragment=true
12:14:39.103 [https-jsse-nio-8443-exec-8] DEBUG o.s.jdbc.datasource.DataSourceUtils - Setting JDBC Connection [HikariProxyConnection@1499969127 wrapping oracle.jdbc.driver.T4CConnection@64f4b243] read-only
12:14:39.103 [https-jsse-nio-8443-exec-8] DEBUG o.h.e.t.internal.TransactionImpl - On TransactionImpl creation, JpaCompliance#isJpaTransactionComplianceEnabled == false
12:14:39.103 [https-jsse-nio-8443-exec-8] DEBUG o.h.e.t.internal.TransactionImpl - begin
12:14:39.103 [https-jsse-nio-8443-exec-8] DEBUG org.hibernate.SQL - 
    select
        u1_0.username,
        u1_0.account_non_expired,
        u1_0.account_non_locked,
        u1_0.credentials_expiry_date,
        u1_0.credentials_non_expired,
        u1_0.deleted,
        u1_0.enabled,
        u1_0.password,
        rs1_0.username,
        rs1_1.name,
        rs1_1.deleted,
        ps1_0.role_name,
        ps1_1.id,
        ps1_1.deleted,
        ps1_1.permission 
    from
        user_tbl u1_0 
    left join
        (user_role_tbl rs1_0 
    join
        role_tbl rs1_1 
            on rs1_1.name=rs1_0.role_name) 
        on u1_0.username=rs1_0.username 
        and ( rs1_1.deleted = 0) 
    left join
        (role_permission_tbl ps1_0 
    join
        permission_tbl ps1_1 
            on ps1_1.id=ps1_0.permission) 
        on rs1_1.name=ps1_0.role_name 
        and ( ps1_1.deleted = 0) 
    where
        u1_0.username=? 
        and (
            u1_0.deleted = 0
        )
12:14:39.104 [https-jsse-nio-8443-exec-8] TRACE org.hibernate.orm.jdbc.bind - binding parameter (1:VARCHAR) <- [ali]
12:14:39.105 [https-jsse-nio-8443-exec-8] TRACE org.hibernate.orm.jdbc.extract - extracted value (9:VARCHAR) -> [ali]
12:14:39.105 [https-jsse-nio-8443-exec-8] TRACE org.hibernate.orm.jdbc.extract - extracted value (10:VARCHAR) -> [ROLE_ADMIN]
12:14:39.105 [https-jsse-nio-8443-exec-8] TRACE org.hibernate.orm.jdbc.extract - extracted value (12:VARCHAR) -> [ROLE_ADMIN]
12:14:39.105 [https-jsse-nio-8443-exec-8] TRACE org.hibernate.orm.jdbc.extract - extracted value (13:BIGINT) -> [1]
12:14:39.105 [https-jsse-nio-8443-exec-8] TRACE org.hibernate.orm.jdbc.extract - extracted value (14:BOOLEAN) -> [false]
12:14:39.105 [https-jsse-nio-8443-exec-8] TRACE org.hibernate.orm.jdbc.extract - extracted value (15:VARCHAR) -> [TICKET_CREATE]
12:14:39.105 [https-jsse-nio-8443-exec-8] TRACE org.hibernate.orm.jdbc.extract - extracted value (11:BOOLEAN) -> [false]
12:14:39.105 [https-jsse-nio-8443-exec-8] TRACE org.hibernate.orm.jdbc.extract - extracted value (2:BOOLEAN) -> [true]
12:14:39.105 [https-jsse-nio-8443-exec-8] TRACE org.hibernate.orm.jdbc.extract - extracted value (3:BOOLEAN) -> [true]
12:14:39.105 [https-jsse-nio-8443-exec-8] TRACE org.hibernate.orm.jdbc.extract - extracted value (4:TIMESTAMP) -> [2026-08-03T18:03:44.737555]
12:14:39.105 [https-jsse-nio-8443-exec-8] TRACE org.hibernate.orm.jdbc.extract - extracted value (5:BOOLEAN) -> [true]
12:14:39.105 [https-jsse-nio-8443-exec-8] TRACE org.hibernate.orm.jdbc.extract - extracted value (6:BOOLEAN) -> [false]
12:14:39.106 [https-jsse-nio-8443-exec-8] TRACE org.hibernate.orm.jdbc.extract - extracted value (7:BOOLEAN) -> [true]
12:14:39.106 [https-jsse-nio-8443-exec-8] TRACE org.hibernate.orm.jdbc.extract - extracted value (8:VARCHAR) -> [$2a$12$zWjkkNI6AJKAxh71k9FGeekl8NyE861fVAn0dtmHT4Ve90RbP/.qO]
12:14:39.106 [https-jsse-nio-8443-exec-8] TRACE org.hibernate.orm.jdbc.extract - extracted value (10:VARCHAR) -> [ROLE_ADMIN]
12:14:39.106 [https-jsse-nio-8443-exec-8] TRACE org.hibernate.orm.jdbc.extract - extracted value (13:BIGINT) -> [2]
12:14:39.106 [https-jsse-nio-8443-exec-8] TRACE org.hibernate.orm.jdbc.extract - extracted value (14:BOOLEAN) -> [false]
12:14:39.106 [https-jsse-nio-8443-exec-8] TRACE org.hibernate.orm.jdbc.extract - extracted value (15:VARCHAR) -> [TICKET_EDIT]
12:14:39.106 [https-jsse-nio-8443-exec-8] TRACE org.hibernate.orm.jdbc.extract - extracted value (10:VARCHAR) -> [ROLE_ADMIN]
12:14:39.106 [https-jsse-nio-8443-exec-8] TRACE org.hibernate.orm.jdbc.extract - extracted value (13:BIGINT) -> [3]
12:14:39.106 [https-jsse-nio-8443-exec-8] TRACE org.hibernate.orm.jdbc.extract - extracted value (14:BOOLEAN) -> [false]
12:14:39.106 [https-jsse-nio-8443-exec-8] TRACE org.hibernate.orm.jdbc.extract - extracted value (15:VARCHAR) -> [TICKET_DELETE]
12:14:39.106 [https-jsse-nio-8443-exec-8] TRACE org.hibernate.orm.jdbc.extract - extracted value (10:VARCHAR) -> [ROLE_ADMIN]
12:14:39.106 [https-jsse-nio-8443-exec-8] TRACE org.hibernate.orm.jdbc.extract - extracted value (13:BIGINT) -> [4]
12:14:39.106 [https-jsse-nio-8443-exec-8] TRACE org.hibernate.orm.jdbc.extract - extracted value (14:BOOLEAN) -> [false]
12:14:39.106 [https-jsse-nio-8443-exec-8] TRACE org.hibernate.orm.jdbc.extract - extracted value (15:VARCHAR) -> [REPORT_VIEW]
12:14:39.106 [https-jsse-nio-8443-exec-8] TRACE org.hibernate.orm.jdbc.extract - extracted value (10:VARCHAR) -> [ROLE_ADMIN]
12:14:39.106 [https-jsse-nio-8443-exec-8] TRACE org.hibernate.orm.jdbc.extract - extracted value (13:BIGINT) -> [5]
12:14:39.106 [https-jsse-nio-8443-exec-8] TRACE org.hibernate.orm.jdbc.extract - extracted value (14:BOOLEAN) -> [false]
12:14:39.106 [https-jsse-nio-8443-exec-8] TRACE org.hibernate.orm.jdbc.extract - extracted value (15:VARCHAR) -> [TICKET_CHECK_SCORE]
12:14:39.106 [https-jsse-nio-8443-exec-8] TRACE org.hibernate.orm.jdbc.extract - extracted value (10:VARCHAR) -> [ROLE_ADMIN]
12:14:39.106 [https-jsse-nio-8443-exec-8] TRACE org.hibernate.orm.jdbc.extract - extracted value (13:BIGINT) -> [6]
12:14:39.106 [https-jsse-nio-8443-exec-8] TRACE org.hibernate.orm.jdbc.extract - extracted value (14:BOOLEAN) -> [false]
12:14:39.106 [https-jsse-nio-8443-exec-8] TRACE org.hibernate.orm.jdbc.extract - extracted value (15:VARCHAR) -> [TICKET_CHECK_CLOSE]
12:14:39.107 [https-jsse-nio-8443-exec-8] TRACE org.hibernate.orm.jdbc.extract - extracted value (10:VARCHAR) -> [ROLE_ADMIN]
12:14:39.107 [https-jsse-nio-8443-exec-8] TRACE org.hibernate.orm.jdbc.extract - extracted value (13:BIGINT) -> [7]
12:14:39.107 [https-jsse-nio-8443-exec-8] TRACE org.hibernate.orm.jdbc.extract - extracted value (14:BOOLEAN) -> [false]
12:14:39.107 [https-jsse-nio-8443-exec-8] TRACE org.hibernate.orm.jdbc.extract - extracted value (15:VARCHAR) -> [BUILDING_CREATE]
12:14:39.107 [https-jsse-nio-8443-exec-8] TRACE org.hibernate.orm.jdbc.extract - extracted value (10:VARCHAR) -> [ROLE_ADMIN]
12:14:39.107 [https-jsse-nio-8443-exec-8] TRACE org.hibernate.orm.jdbc.extract - extracted value (13:BIGINT) -> [8]
12:14:39.107 [https-jsse-nio-8443-exec-8] TRACE org.hibernate.orm.jdbc.extract - extracted value (14:BOOLEAN) -> [false]
12:14:39.107 [https-jsse-nio-8443-exec-8] TRACE org.hibernate.orm.jdbc.extract - extracted value (15:VARCHAR) -> [BUILDING_EDIT]
12:14:39.107 [https-jsse-nio-8443-exec-8] TRACE org.hibernate.orm.jdbc.extract - extracted value (10:VARCHAR) -> [ROLE_ADMIN]
12:14:39.107 [https-jsse-nio-8443-exec-8] TRACE org.hibernate.orm.jdbc.extract - extracted value (13:BIGINT) -> [9]
12:14:39.107 [https-jsse-nio-8443-exec-8] TRACE org.hibernate.orm.jdbc.extract - extracted value (14:BOOLEAN) -> [false]
12:14:39.107 [https-jsse-nio-8443-exec-8] TRACE org.hibernate.orm.jdbc.extract - extracted value (15:VARCHAR) -> [BUILDING_DELETE]
12:14:39.107 [https-jsse-nio-8443-exec-8] DEBUG o.h.e.t.internal.TransactionImpl - committing
12:14:39.108 [https-jsse-nio-8443-exec-8] DEBUG o.s.jdbc.datasource.DataSourceUtils - Resetting read-only flag of JDBC Connection [HikariProxyConnection@1499969127 wrapping oracle.jdbc.driver.T4CConnection@64f4b243]
12:14:39.109 [https-jsse-nio-8443-exec-8] DEBUG org.hibernate.SQL - 
    /* <criteria> */ select
        n1_0.id,
        n1_0.created_at,
        n1_0.is_read,
        n1_0.link,
        n1_0.message,
        n1_0.title,
        n1_0.username 
    from
        notification_table n1_0 
    where
        n1_0.username=? 
        and n1_0.is_read=0 
    order by
        n1_0.created_at desc 
    fetch
        first ? rows only
12:14:39.110 [https-jsse-nio-8443-exec-8] TRACE org.hibernate.orm.jdbc.bind - binding parameter (1:VARCHAR) <- [ali]
12:14:39.110 [https-jsse-nio-8443-exec-8] TRACE org.hibernate.orm.jdbc.bind - binding parameter (2:INTEGER) <- [5]
12:14:39.113 [https-jsse-nio-8443-exec-8] DEBUG org.hibernate.SQL - 
    /* <criteria> */ select
        count(n1_0.id) 
    from
        notification_table n1_0 
    where
        n1_0.username=? 
        and n1_0.is_read=0
12:14:39.113 [https-jsse-nio-8443-exec-8] TRACE org.hibernate.orm.jdbc.bind - binding parameter (1:VARCHAR) <- [ali]
12:14:39.114 [https-jsse-nio-8443-exec-8] TRACE org.hibernate.orm.jdbc.extract - extracted value (1:BIGINT) -> [0]
12:14:39.114 [https-jsse-nio-8443-exec-8] DEBUG org.hibernate.SQL - 
    /* <criteria> */ select
        count(t1_0.id) 
    from
        ticket_tbl t1_0 
    where
        (
            t1_0.deleted = 0
        ) 
        and t1_0.status=?
12:14:39.115 [https-jsse-nio-8443-exec-8] TRACE org.hibernate.orm.jdbc.bind - binding parameter (1:TINYINT) <- [NotSeen]
12:14:39.115 [https-jsse-nio-8443-exec-8] TRACE org.hibernate.orm.jdbc.extract - extracted value (1:BIGINT) -> [0]
12:14:39.115 [https-jsse-nio-8443-exec-8] INFO  i.c.exception.ResponseAspect - Web Controller: addNotifications
12:14:39.116 [https-jsse-nio-8443-exec-8] DEBUG org.hibernate.SQL - 
    /* <criteria> */ select
        t1_0.id,
        t1_0.customer,
        t1_0.date_time,
        t1_0.deleted,
        t1_0.score,
        t1_0.section_id,
        t1_0.status,
        t1_0.title 
    from
        ticket_tbl t1_0 
    where
        (
            t1_0.deleted = 0
        ) 
    order by
        t1_0.date_time,
        t1_0.date_time 
    fetch
        first ? rows only
12:14:39.116 [https-jsse-nio-8443-exec-8] TRACE org.hibernate.orm.jdbc.bind - binding parameter (1:INTEGER) <- [10]
12:14:39.117 [https-jsse-nio-8443-exec-8] TRACE org.hibernate.orm.jdbc.extract - extracted value (1:BIGINT) -> [1]
12:14:39.117 [https-jsse-nio-8443-exec-8] TRACE org.hibernate.orm.jdbc.extract - extracted value (2:VARCHAR) -> [hasan]
12:14:39.117 [https-jsse-nio-8443-exec-8] DEBUG org.hibernate.SQL - 
    select
        u1_0.username,
        u1_0.account_non_expired,
        u1_0.account_non_locked,
        u1_0.credentials_expiry_date,
        u1_0.credentials_non_expired,
        u1_0.deleted,
        u1_0.enabled,
        u1_0.password,
        rs1_0.username,
        rs1_1.name,
        rs1_1.deleted,
        ps1_0.role_name,
        ps1_1.id,
        ps1_1.deleted,
        ps1_1.permission 
    from
        user_tbl u1_0 
    left join
        (user_role_tbl rs1_0 
    join
        role_tbl rs1_1 
            on rs1_1.name=rs1_0.role_name) 
        on u1_0.username=rs1_0.username 
        and ( rs1_1.deleted = 0) 
    left join
        (role_permission_tbl ps1_0 
    join
        permission_tbl ps1_1 
            on ps1_1.id=ps1_0.permission) 
        on rs1_1.name=ps1_0.role_name 
        and ( ps1_1.deleted = 0) 
    where
        u1_0.username=? 
        and (
            u1_0.deleted = 0
        )
12:14:39.117 [https-jsse-nio-8443-exec-8] TRACE org.hibernate.orm.jdbc.bind - binding parameter (1:VARCHAR) <- [hasan]
12:14:39.118 [https-jsse-nio-8443-exec-8] TRACE org.hibernate.orm.jdbc.extract - extracted value (9:VARCHAR) -> [hasan]
12:14:39.118 [https-jsse-nio-8443-exec-8] TRACE org.hibernate.orm.jdbc.extract - extracted value (10:VARCHAR) -> [ROLE_CUSTOMER]
12:14:39.118 [https-jsse-nio-8443-exec-8] TRACE org.hibernate.orm.jdbc.extract - extracted value (12:VARCHAR) -> [ROLE_CUSTOMER]
12:14:39.118 [https-jsse-nio-8443-exec-8] TRACE org.hibernate.orm.jdbc.extract - extracted value (13:BIGINT) -> [1]
12:14:39.118 [https-jsse-nio-8443-exec-8] TRACE org.hibernate.orm.jdbc.extract - extracted value (11:BOOLEAN) -> [false]
12:14:39.118 [https-jsse-nio-8443-exec-8] TRACE org.hibernate.orm.jdbc.extract - extracted value (2:BOOLEAN) -> [true]
12:14:39.118 [https-jsse-nio-8443-exec-8] TRACE org.hibernate.orm.jdbc.extract - extracted value (3:BOOLEAN) -> [true]
12:14:39.118 [https-jsse-nio-8443-exec-8] TRACE org.hibernate.orm.jdbc.extract - extracted value (4:TIMESTAMP) -> [2026-08-03T22:36:24.281543]
12:14:39.118 [https-jsse-nio-8443-exec-8] TRACE org.hibernate.orm.jdbc.extract - extracted value (5:BOOLEAN) -> [true]
12:14:39.118 [https-jsse-nio-8443-exec-8] TRACE org.hibernate.orm.jdbc.extract - extracted value (6:BOOLEAN) -> [false]
12:14:39.118 [https-jsse-nio-8443-exec-8] TRACE org.hibernate.orm.jdbc.extract - extracted value (7:BOOLEAN) -> [true]
12:14:39.118 [https-jsse-nio-8443-exec-8] TRACE org.hibernate.orm.jdbc.extract - extracted value (8:VARCHAR) -> [$2a$12$On9gnEeusVWqrhY7gH8BH.4Fs/LopJPYgCbl5qlVI723TmxHkXSx.]
12:14:39.118 [https-jsse-nio-8443-exec-8] TRACE org.hibernate.orm.jdbc.extract - extracted value (6:BIGINT) -> [2]
12:14:39.119 [https-jsse-nio-8443-exec-8] DEBUG org.hibernate.SQL - 
    select
        s1_0.id,
        s1_0.building_id,
        s1_0.deleted,
        ps1_0.id,
        ps1_0.building_id,
        ps1_0.deleted,
        ps1_0.parent_section_id,
        ps1_0.title,
        s1_0.title,
        csl1_0.parent_section_id,
        csl1_0.id,
        csl1_0.building_id,
        csl1_0.deleted,
        csl1_0.title 
    from
        section_table s1_0 
    left join
        section_table ps1_0 
            on ps1_0.id=s1_0.parent_section_id 
            and (ps1_0.deleted = 0) 
    left join
        section_table csl1_0 
            on s1_0.id=csl1_0.parent_section_id 
            and (csl1_0.deleted = 0) 
    where
        s1_0.id=? 
        and (
            s1_0.deleted = 0
        )
12:14:39.119 [https-jsse-nio-8443-exec-8] TRACE org.hibernate.orm.jdbc.bind - binding parameter (1:BIGINT) <- [2]
12:14:39.120 [https-jsse-nio-8443-exec-8] TRACE org.hibernate.orm.jdbc.extract - extracted value (10:BIGINT) -> [2]
12:14:39.120 [https-jsse-nio-8443-exec-8] TRACE org.hibernate.orm.jdbc.extract - extracted value (11:BIGINT) -> [3]
12:14:39.120 [https-jsse-nio-8443-exec-8] TRACE org.hibernate.orm.jdbc.extract - extracted value (4:BIGINT) -> [1]
12:14:39.120 [https-jsse-nio-8443-exec-8] TRACE org.hibernate.orm.jdbc.extract - extracted value (2:BIGINT) -> [null]
12:14:39.120 [https-jsse-nio-8443-exec-8] TRACE org.hibernate.orm.jdbc.extract - extracted value (12:BIGINT) -> [null]
12:14:39.120 [https-jsse-nio-8443-exec-8] TRACE org.hibernate.orm.jdbc.extract - extracted value (5:BIGINT) -> [null]
12:14:39.120 [https-jsse-nio-8443-exec-8] TRACE org.hibernate.orm.jdbc.extract - extracted value (7:BIGINT) -> [null]
12:14:39.120 [https-jsse-nio-8443-exec-8] TRACE org.hibernate.orm.jdbc.extract - extracted value (13:BOOLEAN) -> [false]
12:14:39.120 [https-jsse-nio-8443-exec-8] TRACE org.hibernate.orm.jdbc.extract - extracted value (14:VARCHAR) -> [BUS]
12:14:39.120 [https-jsse-nio-8443-exec-8] TRACE org.hibernate.orm.jdbc.extract - extracted value (6:BOOLEAN) -> [false]
12:14:39.120 [https-jsse-nio-8443-exec-8] TRACE org.hibernate.orm.jdbc.extract - extracted value (8:VARCHAR) -> [MAIN SECTION]
12:14:39.120 [https-jsse-nio-8443-exec-8] TRACE org.hibernate.orm.jdbc.extract - extracted value (3:BOOLEAN) -> [false]
12:14:39.120 [https-jsse-nio-8443-exec-8] TRACE org.hibernate.orm.jdbc.extract - extracted value (9:VARCHAR) -> [TRANSPORT]
12:14:39.120 [https-jsse-nio-8443-exec-8] TRACE org.hibernate.orm.jdbc.extract - extracted value (11:BIGINT) -> [4]
12:14:39.120 [https-jsse-nio-8443-exec-8] TRACE org.hibernate.orm.jdbc.extract - extracted value (12:BIGINT) -> [null]
12:14:39.120 [https-jsse-nio-8443-exec-8] TRACE org.hibernate.orm.jdbc.extract - extracted value (13:BOOLEAN) -> [false]
12:14:39.120 [https-jsse-nio-8443-exec-8] TRACE org.hibernate.orm.jdbc.extract - extracted value (14:VARCHAR) -> [TRAIN]
12:14:39.121 [https-jsse-nio-8443-exec-8] TRACE org.hibernate.orm.jdbc.extract - extracted value (3:TIMESTAMP) -> [2026-01-20T22:39:36.568]
12:14:39.121 [https-jsse-nio-8443-exec-8] TRACE org.hibernate.orm.jdbc.extract - extracted value (4:BOOLEAN) -> [false]
12:14:39.121 [https-jsse-nio-8443-exec-8] TRACE org.hibernate.orm.jdbc.extract - extracted value (5:INTEGER) -> [null]
12:14:39.121 [https-jsse-nio-8443-exec-8] TRACE org.hibernate.orm.jdbc.extract - extracted value (7:TINYINT) -> [Closed]
12:14:39.121 [https-jsse-nio-8443-exec-8] TRACE org.hibernate.orm.jdbc.extract - extracted value (8:VARCHAR) -> [test 1]
12:14:39.121 [https-jsse-nio-8443-exec-8] DEBUG org.hibernate.SQL - 
    select
        csl1_0.parent_section_id,
        csl1_0.id,
        csl1_0.building_id,
        csl1_0.deleted,
        csl1_0.title 
    from
        section_table csl1_0 
    where
        csl1_0.parent_section_id=? 
        and (
            csl1_0.deleted = 0
        )
12:14:39.121 [https-jsse-nio-8443-exec-8] TRACE org.hibernate.orm.jdbc.bind - binding parameter (1:BIGINT) <- [4]
12:14:39.122 [https-jsse-nio-8443-exec-8] DEBUG org.hibernate.SQL - 
    select
        csl1_0.parent_section_id,
        csl1_0.id,
        csl1_0.building_id,
        csl1_0.deleted,
        csl1_0.title 
    from
        section_table csl1_0 
    where
        csl1_0.parent_section_id=? 
        and (
            csl1_0.deleted = 0
        )
12:14:39.122 [https-jsse-nio-8443-exec-8] TRACE org.hibernate.orm.jdbc.bind - binding parameter (1:BIGINT) <- [1]
12:14:39.122 [https-jsse-nio-8443-exec-8] TRACE org.hibernate.orm.jdbc.extract - extracted value (1:BIGINT) -> [1]
12:14:39.122 [https-jsse-nio-8443-exec-8] TRACE org.hibernate.orm.jdbc.extract - extracted value (2:BIGINT) -> [2]
12:14:39.123 [https-jsse-nio-8443-exec-8] TRACE org.hibernate.orm.jdbc.extract - extracted value (1:BIGINT) -> [1]
12:14:39.123 [https-jsse-nio-8443-exec-8] TRACE org.hibernate.orm.jdbc.extract - extracted value (2:BIGINT) -> [5]
12:14:39.123 [https-jsse-nio-8443-exec-8] TRACE org.hibernate.orm.jdbc.extract - extracted value (3:BIGINT) -> [null]
12:14:39.123 [https-jsse-nio-8443-exec-8] TRACE org.hibernate.orm.jdbc.extract - extracted value (4:BOOLEAN) -> [false]
12:14:39.123 [https-jsse-nio-8443-exec-8] TRACE org.hibernate.orm.jdbc.extract - extracted value (5:VARCHAR) -> [HSE]
12:14:39.123 [https-jsse-nio-8443-exec-8] DEBUG org.hibernate.SQL - 
    select
        csl1_0.parent_section_id,
        csl1_0.id,
        csl1_0.building_id,
        csl1_0.deleted,
        csl1_0.title 
    from
        section_table csl1_0 
    where
        csl1_0.parent_section_id=? 
        and (
            csl1_0.deleted = 0
        )
12:14:39.123 [https-jsse-nio-8443-exec-8] TRACE org.hibernate.orm.jdbc.bind - binding parameter (1:BIGINT) <- [5]
12:14:39.123 [https-jsse-nio-8443-exec-8] DEBUG org.hibernate.SQL - 
    select
        csl1_0.parent_section_id,
        csl1_0.id,
        csl1_0.building_id,
        csl1_0.deleted,
        csl1_0.title 
    from
        section_table csl1_0 
    where
        csl1_0.parent_section_id=? 
        and (
            csl1_0.deleted = 0
        )
12:14:39.123 [https-jsse-nio-8443-exec-8] TRACE org.hibernate.orm.jdbc.bind - binding parameter (1:BIGINT) <- [3]
12:14:39.124 [https-jsse-nio-8443-exec-8] TRACE o.s.c.interceptor.CacheInterceptor - Computed cache key 'SimpleKey []' for operation Builder[public java.util.List ir.service.impl.SectionServiceImpl.findAllForFilter()] caches=[sectionsFilter] | key='' | keyGenerator='' | cacheManager='' | cacheResolver='' | condition='' | unless='' | sync='false'
12:14:39.124 [https-jsse-nio-8443-exec-8] TRACE o.s.c.interceptor.CacheInterceptor - Cache entry for key 'SimpleKey []' found in cache(s) [sectionsFilter]
12:14:39.124 [https-jsse-nio-8443-exec-8] INFO  i.c.exception.ResponseAspect - Web Controller: showAllTickets
12:14:40.366 [https-jsse-nio-8443-exec-2] DEBUG o.s.security.web.FilterChainProxy - Securing GET /tickets/1
12:14:40.366 [https-jsse-nio-8443-exec-2] DEBUG o.s.s.w.a.c.ChannelProcessingFilter - Request: filter invocation [GET /tickets/1]; ConfigAttributes: [REQUIRES_SECURE_CHANNEL]
12:14:40.367 [https-jsse-nio-8443-exec-2] DEBUG o.s.s.w.c.HttpSessionSecurityContextRepository - Retrieved SecurityContextImpl [Authentication=UsernamePasswordAuthenticationToken [Principal=ir.model.entity.CustomUserDetails@435dd609, Credentials=[PROTECTED], Authenticated=true, Details=WebAuthenticationDetails [RemoteIpAddress=0:0:0:0:0:0:0:1, SessionId=null], Granted Authorities=[TICKET_EDIT, BUILDING_DELETE, TICKET_CHECK_SCORE, BUILDING_EDIT, TICKET_CHECK_CLOSE, BUILDING_CREATE, REPORT_VIEW, ROLE_ADMIN, TICKET_CREATE, TICKET_DELETE]]]
12:14:40.367 [https-jsse-nio-8443-exec-2] DEBUG o.s.security.web.FilterChainProxy - Secured GET /tickets/1
12:14:40.369 [https-jsse-nio-8443-exec-2] DEBUG o.s.jdbc.datasource.DataSourceUtils - Setting JDBC Connection [HikariProxyConnection@1092286081 wrapping oracle.jdbc.driver.T4CConnection@64f4b243] read-only
12:14:40.369 [https-jsse-nio-8443-exec-2] DEBUG o.h.e.t.internal.TransactionImpl - On TransactionImpl creation, JpaCompliance#isJpaTransactionComplianceEnabled == false
12:14:40.369 [https-jsse-nio-8443-exec-2] DEBUG o.h.e.t.internal.TransactionImpl - begin
12:14:40.369 [https-jsse-nio-8443-exec-2] DEBUG org.hibernate.SQL - 
    select
        u1_0.username,
        u1_0.account_non_expired,
        u1_0.account_non_locked,
        u1_0.credentials_expiry_date,
        u1_0.credentials_non_expired,
        u1_0.deleted,
        u1_0.enabled,
        u1_0.password,
        rs1_0.username,
        rs1_1.name,
        rs1_1.deleted,
        ps1_0.role_name,
        ps1_1.id,
        ps1_1.deleted,
        ps1_1.permission 
    from
        user_tbl u1_0 
    left join
        (user_role_tbl rs1_0 
    join
        role_tbl rs1_1 
            on rs1_1.name=rs1_0.role_name) 
        on u1_0.username=rs1_0.username 
        and ( rs1_1.deleted = 0) 
    left join
        (role_permission_tbl ps1_0 
    join
        permission_tbl ps1_1 
            on ps1_1.id=ps1_0.permission) 
        on rs1_1.name=ps1_0.role_name 
        and ( ps1_1.deleted = 0) 
    where
        u1_0.username=? 
        and (
            u1_0.deleted = 0
        )
12:14:40.369 [https-jsse-nio-8443-exec-2] TRACE org.hibernate.orm.jdbc.bind - binding parameter (1:VARCHAR) <- [ali]
12:14:40.370 [https-jsse-nio-8443-exec-2] TRACE org.hibernate.orm.jdbc.extract - extracted value (9:VARCHAR) -> [ali]
12:14:40.370 [https-jsse-nio-8443-exec-2] TRACE org.hibernate.orm.jdbc.extract - extracted value (10:VARCHAR) -> [ROLE_ADMIN]
12:14:40.370 [https-jsse-nio-8443-exec-2] TRACE org.hibernate.orm.jdbc.extract - extracted value (12:VARCHAR) -> [ROLE_ADMIN]
12:14:40.370 [https-jsse-nio-8443-exec-2] TRACE org.hibernate.orm.jdbc.extract - extracted value (13:BIGINT) -> [1]
12:14:40.370 [https-jsse-nio-8443-exec-2] TRACE org.hibernate.orm.jdbc.extract - extracted value (14:BOOLEAN) -> [false]
12:14:40.370 [https-jsse-nio-8443-exec-2] TRACE org.hibernate.orm.jdbc.extract - extracted value (15:VARCHAR) -> [TICKET_CREATE]
12:14:40.370 [https-jsse-nio-8443-exec-2] TRACE org.hibernate.orm.jdbc.extract - extracted value (11:BOOLEAN) -> [false]
12:14:40.370 [https-jsse-nio-8443-exec-2] TRACE org.hibernate.orm.jdbc.extract - extracted value (2:BOOLEAN) -> [true]
12:14:40.370 [https-jsse-nio-8443-exec-2] TRACE org.hibernate.orm.jdbc.extract - extracted value (3:BOOLEAN) -> [true]
12:14:40.371 [https-jsse-nio-8443-exec-2] TRACE org.hibernate.orm.jdbc.extract - extracted value (4:TIMESTAMP) -> [2026-08-03T18:03:44.737555]
12:14:40.371 [https-jsse-nio-8443-exec-2] TRACE org.hibernate.orm.jdbc.extract - extracted value (5:BOOLEAN) -> [true]
12:14:40.371 [https-jsse-nio-8443-exec-2] TRACE org.hibernate.orm.jdbc.extract - extracted value (6:BOOLEAN) -> [false]
12:14:40.371 [https-jsse-nio-8443-exec-2] TRACE org.hibernate.orm.jdbc.extract - extracted value (7:BOOLEAN) -> [true]
12:14:40.371 [https-jsse-nio-8443-exec-2] TRACE org.hibernate.orm.jdbc.extract - extracted value (8:VARCHAR) -> [$2a$12$zWjkkNI6AJKAxh71k9FGeekl8NyE861fVAn0dtmHT4Ve90RbP/.qO]
12:14:40.371 [https-jsse-nio-8443-exec-2] TRACE org.hibernate.orm.jdbc.extract - extracted value (10:VARCHAR) -> [ROLE_ADMIN]
12:14:40.371 [https-jsse-nio-8443-exec-2] TRACE org.hibernate.orm.jdbc.extract - extracted value (13:BIGINT) -> [2]
12:14:40.371 [https-jsse-nio-8443-exec-2] TRACE org.hibernate.orm.jdbc.extract - extracted value (14:BOOLEAN) -> [false]
12:14:40.371 [https-jsse-nio-8443-exec-2] TRACE org.hibernate.orm.jdbc.extract - extracted value (15:VARCHAR) -> [TICKET_EDIT]
12:14:40.371 [https-jsse-nio-8443-exec-2] TRACE org.hibernate.orm.jdbc.extract - extracted value (10:VARCHAR) -> [ROLE_ADMIN]
12:14:40.371 [https-jsse-nio-8443-exec-2] TRACE org.hibernate.orm.jdbc.extract - extracted value (13:BIGINT) -> [3]
12:14:40.371 [https-jsse-nio-8443-exec-2] TRACE org.hibernate.orm.jdbc.extract - extracted value (14:BOOLEAN) -> [false]
12:14:40.371 [https-jsse-nio-8443-exec-2] TRACE org.hibernate.orm.jdbc.extract - extracted value (15:VARCHAR) -> [TICKET_DELETE]
12:14:40.371 [https-jsse-nio-8443-exec-2] TRACE org.hibernate.orm.jdbc.extract - extracted value (10:VARCHAR) -> [ROLE_ADMIN]
12:14:40.371 [https-jsse-nio-8443-exec-2] TRACE org.hibernate.orm.jdbc.extract - extracted value (13:BIGINT) -> [4]
12:14:40.371 [https-jsse-nio-8443-exec-2] TRACE org.hibernate.orm.jdbc.extract - extracted value (14:BOOLEAN) -> [false]
12:14:40.371 [https-jsse-nio-8443-exec-2] TRACE org.hibernate.orm.jdbc.extract - extracted value (15:VARCHAR) -> [REPORT_VIEW]
12:14:40.371 [https-jsse-nio-8443-exec-2] TRACE org.hibernate.orm.jdbc.extract - extracted value (10:VARCHAR) -> [ROLE_ADMIN]
12:14:40.371 [https-jsse-nio-8443-exec-2] TRACE org.hibernate.orm.jdbc.extract - extracted value (13:BIGINT) -> [5]
12:14:40.371 [https-jsse-nio-8443-exec-2] TRACE org.hibernate.orm.jdbc.extract - extracted value (14:BOOLEAN) -> [false]
12:14:40.371 [https-jsse-nio-8443-exec-2] TRACE org.hibernate.orm.jdbc.extract - extracted value (15:VARCHAR) -> [TICKET_CHECK_SCORE]
12:14:40.371 [https-jsse-nio-8443-exec-2] TRACE org.hibernate.orm.jdbc.extract - extracted value (10:VARCHAR) -> [ROLE_ADMIN]
12:14:40.371 [https-jsse-nio-8443-exec-2] TRACE org.hibernate.orm.jdbc.extract - extracted value (13:BIGINT) -> [6]
12:14:40.371 [https-jsse-nio-8443-exec-2] TRACE org.hibernate.orm.jdbc.extract - extracted value (14:BOOLEAN) -> [false]
12:14:40.371 [https-jsse-nio-8443-exec-2] TRACE org.hibernate.orm.jdbc.extract - extracted value (15:VARCHAR) -> [TICKET_CHECK_CLOSE]
12:14:40.371 [https-jsse-nio-8443-exec-2] TRACE org.hibernate.orm.jdbc.extract - extracted value (10:VARCHAR) -> [ROLE_ADMIN]
12:14:40.371 [https-jsse-nio-8443-exec-2] TRACE org.hibernate.orm.jdbc.extract - extracted value (13:BIGINT) -> [7]
12:14:40.371 [https-jsse-nio-8443-exec-2] TRACE org.hibernate.orm.jdbc.extract - extracted value (14:BOOLEAN) -> [false]
12:14:40.371 [https-jsse-nio-8443-exec-2] TRACE org.hibernate.orm.jdbc.extract - extracted value (15:VARCHAR) -> [BUILDING_CREATE]
12:14:40.371 [https-jsse-nio-8443-exec-2] TRACE org.hibernate.orm.jdbc.extract - extracted value (10:VARCHAR) -> [ROLE_ADMIN]
12:14:40.371 [https-jsse-nio-8443-exec-2] TRACE org.hibernate.orm.jdbc.extract - extracted value (13:BIGINT) -> [8]
12:14:40.372 [https-jsse-nio-8443-exec-2] TRACE org.hibernate.orm.jdbc.extract - extracted value (14:BOOLEAN) -> [false]
12:14:40.372 [https-jsse-nio-8443-exec-2] TRACE org.hibernate.orm.jdbc.extract - extracted value (15:VARCHAR) -> [BUILDING_EDIT]
12:14:40.372 [https-jsse-nio-8443-exec-2] TRACE org.hibernate.orm.jdbc.extract - extracted value (10:VARCHAR) -> [ROLE_ADMIN]
12:14:40.372 [https-jsse-nio-8443-exec-2] TRACE org.hibernate.orm.jdbc.extract - extracted value (13:BIGINT) -> [9]
12:14:40.372 [https-jsse-nio-8443-exec-2] TRACE org.hibernate.orm.jdbc.extract - extracted value (14:BOOLEAN) -> [false]
12:14:40.372 [https-jsse-nio-8443-exec-2] TRACE org.hibernate.orm.jdbc.extract - extracted value (15:VARCHAR) -> [BUILDING_DELETE]
12:14:40.372 [https-jsse-nio-8443-exec-2] DEBUG o.h.e.t.internal.TransactionImpl - committing
12:14:40.372 [https-jsse-nio-8443-exec-2] DEBUG o.s.jdbc.datasource.DataSourceUtils - Resetting read-only flag of JDBC Connection [HikariProxyConnection@1092286081 wrapping oracle.jdbc.driver.T4CConnection@64f4b243]
12:14:40.373 [https-jsse-nio-8443-exec-2] DEBUG org.hibernate.SQL - 
    /* <criteria> */ select
        n1_0.id,
        n1_0.created_at,
        n1_0.is_read,
        n1_0.link,
        n1_0.message,
        n1_0.title,
        n1_0.username 
    from
        notification_table n1_0 
    where
        n1_0.username=? 
        and n1_0.is_read=0 
    order by
        n1_0.created_at desc 
    fetch
        first ? rows only
12:14:40.373 [https-jsse-nio-8443-exec-2] TRACE org.hibernate.orm.jdbc.bind - binding parameter (1:VARCHAR) <- [ali]
12:14:40.373 [https-jsse-nio-8443-exec-2] TRACE org.hibernate.orm.jdbc.bind - binding parameter (2:INTEGER) <- [5]
12:14:40.376 [https-jsse-nio-8443-exec-2] DEBUG org.hibernate.SQL - 
    /* <criteria> */ select
        count(n1_0.id) 
    from
        notification_table n1_0 
    where
        n1_0.username=? 
        and n1_0.is_read=0
12:14:40.376 [https-jsse-nio-8443-exec-2] TRACE org.hibernate.orm.jdbc.bind - binding parameter (1:VARCHAR) <- [ali]
12:14:40.376 [https-jsse-nio-8443-exec-2] TRACE org.hibernate.orm.jdbc.extract - extracted value (1:BIGINT) -> [0]
12:14:40.377 [https-jsse-nio-8443-exec-2] DEBUG org.hibernate.SQL - 
    /* <criteria> */ select
        count(t1_0.id) 
    from
        ticket_tbl t1_0 
    where
        (
            t1_0.deleted = 0
        ) 
        and t1_0.status=?
12:14:40.378 [https-jsse-nio-8443-exec-2] TRACE org.hibernate.orm.jdbc.bind - binding parameter (1:TINYINT) <- [NotSeen]
12:14:40.379 [https-jsse-nio-8443-exec-2] TRACE org.hibernate.orm.jdbc.extract - extracted value (1:BIGINT) -> [0]
12:14:40.379 [https-jsse-nio-8443-exec-2] INFO  i.c.exception.ResponseAspect - Web Controller: addNotifications
12:14:40.379 [https-jsse-nio-8443-exec-2] DEBUG o.s.jdbc.datasource.DataSourceUtils - Setting JDBC Connection [HikariProxyConnection@1092286081 wrapping oracle.jdbc.driver.T4CConnection@64f4b243] read-only
12:14:40.379 [https-jsse-nio-8443-exec-2] DEBUG o.h.e.t.internal.TransactionImpl - begin
12:14:40.379 [https-jsse-nio-8443-exec-2] DEBUG org.hibernate.SQL - 
    select
        t1_0.id,
        c1_0.username,
        c1_0.account_non_expired,
        c1_0.account_non_locked,
        c1_0.credentials_expiry_date,
        c1_0.credentials_non_expired,
        c1_0.deleted,
        c1_0.enabled,
        c1_0.password,
        rs1_0.username,
        rs1_1.name,
        rs1_1.deleted,
        ps1_0.role_name,
        ps1_1.id,
        ps1_1.deleted,
        ps1_1.permission,
        t1_0.date_time,
        t1_0.deleted,
        t1_0.score,
        s1_0.id,
        s1_0.building_id,
        s1_0.deleted,
        ps2_0.id,
        ps2_0.building_id,
        ps2_0.deleted,
        ps2_0.parent_section_id,
        ps2_0.title,
        s1_0.title,
        t1_0.status,
        t1_0.title 
    from
        ticket_tbl t1_0 
    left join
        user_tbl c1_0 
            on c1_0.username=t1_0.customer 
            and (c1_0.deleted = 0) 
    left join
        (user_role_tbl rs1_0 
    join
        role_tbl rs1_1 
            on rs1_1.name=rs1_0.role_name) 
        on c1_0.username=rs1_0.username 
        and ( rs1_1.deleted = 0) 
    left join
        (role_permission_tbl ps1_0 
    join
        permission_tbl ps1_1 
            on ps1_1.id=ps1_0.permission) 
        on rs1_1.name=ps1_0.role_name 
        and ( ps1_1.deleted = 0) 
    left join
        section_table s1_0 
            on s1_0.id=t1_0.section_id 
            and (s1_0.deleted = 0) 
    left join
        section_table ps2_0 
            on ps2_0.id=s1_0.parent_section_id 
            and (ps2_0.deleted = 0) 
    where
        t1_0.id=? 
        and (
            t1_0.deleted = 0
        )
12:14:40.380 [https-jsse-nio-8443-exec-2] TRACE org.hibernate.orm.jdbc.bind - binding parameter (1:BIGINT) <- [1]
12:14:40.391 [scheduling-1] DEBUG o.s.j.d.DataSourceTransactionManager - Creating new transaction with name [null]: PROPAGATION_REQUIRES_NEW,ISOLATION_DEFAULT
12:14:40.392 [scheduling-1] DEBUG o.s.j.d.DataSourceTransactionManager - Acquired Connection [HikariProxyConnection@772105840 wrapping oracle.jdbc.driver.T4CConnection@9a3820e] for JDBC transaction
12:14:40.392 [scheduling-1] DEBUG o.s.j.d.DataSourceTransactionManager - Switching JDBC Connection [HikariProxyConnection@772105840 wrapping oracle.jdbc.driver.T4CConnection@9a3820e] to manual commit
12:14:40.392 [scheduling-1] DEBUG o.s.jdbc.core.JdbcTemplate - Executing prepared SQL update
12:14:40.392 [scheduling-1] DEBUG o.s.jdbc.core.JdbcTemplate - Executing prepared SQL statement [MERGE INTO shedlock USING (SELECT 1 FROM dual) ON (name = ?) WHEN MATCHED THEN UPDATE SET lock_until = SYS_EXTRACT_UTC(SYSTIMESTAMP) + ?, locked_at = SYS_EXTRACT_UTC(SYSTIMESTAMP), locked_by = ? WHERE name = ? AND lock_until <= SYS_EXTRACT_UTC(SYSTIMESTAMP) WHEN NOT MATCHED THEN INSERT(name, lock_until, locked_at, locked_by) VALUES(?, SYS_EXTRACT_UTC(SYSTIMESTAMP) + ?, SYS_EXTRACT_UTC(SYSTIMESTAMP), ?)]
12:14:40.394 [scheduling-1] DEBUG o.s.t.support.TransactionTemplate - Initiating transaction rollback on application exception
org.springframework.jdbc.BadSqlGrammarException: PreparedStatementCallback; bad SQL grammar [MERGE INTO shedlock USING (SELECT 1 FROM dual) ON (name = ?) WHEN MATCHED THEN UPDATE SET lock_until = SYS_EXTRACT_UTC(SYSTIMESTAMP) + ?, locked_at = SYS_EXTRACT_UTC(SYSTIMESTAMP), locked_by = ? WHERE name = ? AND lock_until <= SYS_EXTRACT_UTC(SYSTIMESTAMP) WHEN NOT MATCHED THEN INSERT(name, lock_until, locked_at, locked_by) VALUES(?, SYS_EXTRACT_UTC(SYSTIMESTAMP) + ?, SYS_EXTRACT_UTC(SYSTIMESTAMP), ?)]
	at org.springframework.jdbc.support.SQLExceptionSubclassTranslator.doTranslate(SQLExceptionSubclassTranslator.java:103)
	at org.springframework.jdbc.support.AbstractFallbackSQLExceptionTranslator.translate(AbstractFallbackSQLExceptionTranslator.java:107)
	at org.springframework.jdbc.core.JdbcTemplate.translateException(JdbcTemplate.java:1556)
	at org.springframework.jdbc.core.JdbcTemplate.execute(JdbcTemplate.java:677)
	at org.springframework.jdbc.core.JdbcTemplate.update(JdbcTemplate.java:972)
	at org.springframework.jdbc.core.JdbcTemplate.update(JdbcTemplate.java:993)
	at org.springframework.jdbc.core.namedparam.NamedParameterJdbcTemplate.update(NamedParameterJdbcTemplate.java:337)
	at org.springframework.jdbc.core.namedparam.NamedParameterJdbcTemplate.update(NamedParameterJdbcTemplate.java:342)
	at net.javacrumbs.shedlock.provider.jdbctemplate.JdbcTemplateStorageAccessor.lambda$execute$0(JdbcTemplateStorageAccessor.java:121)
	at org.springframework.transaction.support.TransactionTemplate.execute(TransactionTemplate.java:140)
	at net.javacrumbs.shedlock.provider.jdbctemplate.JdbcTemplateStorageAccessor.execute(JdbcTemplateStorageAccessor.java:121)
	at net.javacrumbs.shedlock.provider.jdbctemplate.JdbcTemplateStorageAccessor.insertRecord(JdbcTemplateStorageAccessor.java:64)
	at net.javacrumbs.shedlock.support.StorageBasedLockProvider.doLock(StorageBasedLockProvider.java:72)
	at net.javacrumbs.shedlock.support.StorageBasedLockProvider.lock(StorageBasedLockProvider.java:55)
	at java.base/jdk.internal.reflect.NativeMethodAccessorImpl.invoke0(Native Method)
	at java.base/jdk.internal.reflect.NativeMethodAccessorImpl.invoke(NativeMethodAccessorImpl.java:77)
	at java.base/jdk.internal.reflect.DelegatingMethodAccessorImpl.invoke(DelegatingMethodAccessorImpl.java:43)
	at java.base/java.lang.reflect.Method.invoke(Method.java:568)
	at org.springframework.aop.support.AopUtils.invokeJoinpointUsingReflection(AopUtils.java:359)
	at org.springframework.aop.framework.JdkDynamicAopProxy.invoke(JdkDynamicAopProxy.java:216)
	at jdk.proxy3/jdk.proxy3.$Proxy126.lock(Unknown Source)
	at net.javacrumbs.shedlock.core.DefaultLockingTaskExecutor.executeWithLock(DefaultLockingTaskExecutor.java:63)
	at net.javacrumbs.shedlock.spring.aop.MethodProxyScheduledLockAdvisor$LockingInterceptor.invoke(MethodProxyScheduledLockAdvisor.java:79)
	at org.springframework.aop.framework.ReflectiveMethodInvocation.proceed(ReflectiveMethodInvocation.java:184)
	at org.springframework.aop.framework.CglibAopProxy$DynamicAdvisedInterceptor.intercept(CglibAopProxy.java:727)
	at ir.service.impl.TicketSchedulerService$$SpringCGLIB$$0.autoCloseOldTickets(<generated>)
	at java.base/jdk.internal.reflect.NativeMethodAccessorImpl.invoke0(Native Method)
	at java.base/jdk.internal.reflect.NativeMethodAccessorImpl.invoke(NativeMethodAccessorImpl.java:77)
	at java.base/jdk.internal.reflect.DelegatingMethodAccessorImpl.invoke(DelegatingMethodAccessorImpl.java:43)
	at java.base/java.lang.reflect.Method.invoke(Method.java:568)
	at org.springframework.scheduling.support.ScheduledMethodRunnable.runInternal(ScheduledMethodRunnable.java:130)
	at org.springframework.scheduling.support.ScheduledMethodRunnable.lambda$run$2(ScheduledMethodRunnable.java:124)
	at io.micrometer.observation.Observation.observe(Observation.java:498)
	at org.springframework.scheduling.support.ScheduledMethodRunnable.run(ScheduledMethodRunnable.java:124)
	at org.springframework.scheduling.config.Task$OutcomeTrackingRunnable.run(Task.java:85)
	at org.springframework.scheduling.support.DelegatingErrorHandlingRunnable.run(DelegatingErrorHandlingRunnable.java:54)
	at java.base/java.util.concurrent.Executors$RunnableAdapter.call(Executors.java:539)
	at java.base/java.util.concurrent.FutureTask.runAndReset(FutureTask.java:305)
	at java.base/java.util.concurrent.ScheduledThreadPoolExecutor$ScheduledFutureTask.run(ScheduledThreadPoolExecutor.java:305)
	at java.base/java.util.concurrent.ThreadPoolExecutor.runWorker(ThreadPoolExecutor.java:1136)
	at java.base/java.util.concurrent.ThreadPoolExecutor$Worker.run(ThreadPoolExecutor.java:635)
	at java.base/java.lang.Thread.run(Thread.java:842)
Caused by: java.sql.SQLSyntaxErrorException: ORA-00942: table or view does not exist

	at oracle.jdbc.driver.T4CTTIoer11.processError(T4CTTIoer11.java:629)
	at oracle.jdbc.driver.T4CTTIoer11.processError(T4CTTIoer11.java:563)
	at oracle.jdbc.driver.T4C8Oall.processError(T4C8Oall.java:1230)
	at oracle.jdbc.driver.T4CTTIfun.receive(T4CTTIfun.java:771)
	at oracle.jdbc.driver.T4CTTIfun.doRPC(T4CTTIfun.java:298)
	at oracle.jdbc.driver.T4C8Oall.doOALL(T4C8Oall.java:511)
	at oracle.jdbc.driver.T4CPreparedStatement.doOall8(T4CPreparedStatement.java:162)
	at oracle.jdbc.driver.T4CPreparedStatement.executeForRows(T4CPreparedStatement.java:1240)
	at oracle.jdbc.driver.OracleStatement.executeSQLStatement(OracleStatement.java:1819)
	at oracle.jdbc.driver.OracleStatement.doExecuteWithTimeout(OracleStatement.java:1471)
	at oracle.jdbc.driver.OraclePreparedStatement.executeInternal(OraclePreparedStatement.java:3760)
	at oracle.jdbc.driver.OraclePreparedStatement.executeLargeUpdate(OraclePreparedStatement.java:4061)
	at oracle.jdbc.driver.OraclePreparedStatement.executeUpdate(OraclePreparedStatement.java:4036)
	at oracle.jdbc.driver.OraclePreparedStatementWrapper.executeUpdate(OraclePreparedStatementWrapper.java:995)
	at com.zaxxer.hikari.pool.ProxyPreparedStatement.executeUpdate(ProxyPreparedStatement.java:61)
	at com.zaxxer.hikari.pool.HikariProxyPreparedStatement.executeUpdate(HikariProxyPreparedStatement.java)
	at org.springframework.jdbc.core.JdbcTemplate.lambda$update$2(JdbcTemplate.java:977)
	at org.springframework.jdbc.core.JdbcTemplate.execute(JdbcTemplate.java:658)
	... 38 common frames omitted
Caused by: oracle.jdbc.OracleDatabaseException: ORA-00942: table or view does not exist

	at oracle.jdbc.driver.T4CTTIoer11.processError(T4CTTIoer11.java:636)
	... 55 common frames omitted
12:14:40.394 [scheduling-1] DEBUG o.s.j.d.DataSourceTransactionManager - Initiating transaction rollback
12:14:40.394 [scheduling-1] DEBUG o.s.j.d.DataSourceTransactionManager - Rolling back JDBC transaction on Connection [HikariProxyConnection@772105840 wrapping oracle.jdbc.driver.T4CConnection@9a3820e]
12:14:40.394 [scheduling-1] DEBUG o.s.j.d.DataSourceTransactionManager - Releasing JDBC Connection [HikariProxyConnection@772105840 wrapping oracle.jdbc.driver.T4CConnection@9a3820e] after transaction
12:14:40.394 [scheduling-1] ERROR n.j.s.p.j.JdbcTemplateStorageAccessor - Unexpected exception
org.springframework.jdbc.BadSqlGrammarException: PreparedStatementCallback; bad SQL grammar [MERGE INTO shedlock USING (SELECT 1 FROM dual) ON (name = ?) WHEN MATCHED THEN UPDATE SET lock_until = SYS_EXTRACT_UTC(SYSTIMESTAMP) + ?, locked_at = SYS_EXTRACT_UTC(SYSTIMESTAMP), locked_by = ? WHERE name = ? AND lock_until <= SYS_EXTRACT_UTC(SYSTIMESTAMP) WHEN NOT MATCHED THEN INSERT(name, lock_until, locked_at, locked_by) VALUES(?, SYS_EXTRACT_UTC(SYSTIMESTAMP) + ?, SYS_EXTRACT_UTC(SYSTIMESTAMP), ?)]
	at org.springframework.jdbc.support.SQLExceptionSubclassTranslator.doTranslate(SQLExceptionSubclassTranslator.java:103)
	at org.springframework.jdbc.support.AbstractFallbackSQLExceptionTranslator.translate(AbstractFallbackSQLExceptionTranslator.java:107)
	at org.springframework.jdbc.core.JdbcTemplate.translateException(JdbcTemplate.java:1556)
	at org.springframework.jdbc.core.JdbcTemplate.execute(JdbcTemplate.java:677)
	at org.springframework.jdbc.core.JdbcTemplate.update(JdbcTemplate.java:972)
	at org.springframework.jdbc.core.JdbcTemplate.update(JdbcTemplate.java:993)
	at org.springframework.jdbc.core.namedparam.NamedParameterJdbcTemplate.update(NamedParameterJdbcTemplate.java:337)
	at org.springframework.jdbc.core.namedparam.NamedParameterJdbcTemplate.update(NamedParameterJdbcTemplate.java:342)
	at net.javacrumbs.shedlock.provider.jdbctemplate.JdbcTemplateStorageAccessor.lambda$execute$0(JdbcTemplateStorageAccessor.java:121)
	at org.springframework.transaction.support.TransactionTemplate.execute(TransactionTemplate.java:140)
	at net.javacrumbs.shedlock.provider.jdbctemplate.JdbcTemplateStorageAccessor.execute(JdbcTemplateStorageAccessor.java:121)
	at net.javacrumbs.shedlock.provider.jdbctemplate.JdbcTemplateStorageAccessor.insertRecord(JdbcTemplateStorageAccessor.java:64)
	at net.javacrumbs.shedlock.support.StorageBasedLockProvider.doLock(StorageBasedLockProvider.java:72)
	at net.javacrumbs.shedlock.support.StorageBasedLockProvider.lock(StorageBasedLockProvider.java:55)
	at java.base/jdk.internal.reflect.NativeMethodAccessorImpl.invoke0(Native Method)
	at java.base/jdk.internal.reflect.NativeMethodAccessorImpl.invoke(NativeMethodAccessorImpl.java:77)
	at java.base/jdk.internal.reflect.DelegatingMethodAccessorImpl.invoke(DelegatingMethodAccessorImpl.java:43)
	at java.base/java.lang.reflect.Method.invoke(Method.java:568)
	at org.springframework.aop.support.AopUtils.invokeJoinpointUsingReflection(AopUtils.java:359)
	at org.springframework.aop.framework.JdkDynamicAopProxy.invoke(JdkDynamicAopProxy.java:216)
	at jdk.proxy3/jdk.proxy3.$Proxy126.lock(Unknown Source)
	at net.javacrumbs.shedlock.core.DefaultLockingTaskExecutor.executeWithLock(DefaultLockingTaskExecutor.java:63)
	at net.javacrumbs.shedlock.spring.aop.MethodProxyScheduledLockAdvisor$LockingInterceptor.invoke(MethodProxyScheduledLockAdvisor.java:79)
	at org.springframework.aop.framework.ReflectiveMethodInvocation.proceed(ReflectiveMethodInvocation.java:184)
	at org.springframework.aop.framework.CglibAopProxy$DynamicAdvisedInterceptor.intercept(CglibAopProxy.java:727)
	at ir.service.impl.TicketSchedulerService$$SpringCGLIB$$0.autoCloseOldTickets(<generated>)
	at java.base/jdk.internal.reflect.NativeMethodAccessorImpl.invoke0(Native Method)
	at java.base/jdk.internal.reflect.NativeMethodAccessorImpl.invoke(NativeMethodAccessorImpl.java:77)
	at java.base/jdk.internal.reflect.DelegatingMethodAccessorImpl.invoke(DelegatingMethodAccessorImpl.java:43)
	at java.base/java.lang.reflect.Method.invoke(Method.java:568)
	at org.springframework.scheduling.support.ScheduledMethodRunnable.runInternal(ScheduledMethodRunnable.java:130)
	at org.springframework.scheduling.support.ScheduledMethodRunnable.lambda$run$2(ScheduledMethodRunnable.java:124)
	at io.micrometer.observation.Observation.observe(Observation.java:498)
	at org.springframework.scheduling.support.ScheduledMethodRunnable.run(ScheduledMethodRunnable.java:124)
	at org.springframework.scheduling.config.Task$OutcomeTrackingRunnable.run(Task.java:85)
	at org.springframework.scheduling.support.DelegatingErrorHandlingRunnable.run(DelegatingErrorHandlingRunnable.java:54)
	at java.base/java.util.concurrent.Executors$RunnableAdapter.call(Executors.java:539)
	at java.base/java.util.concurrent.FutureTask.runAndReset(FutureTask.java:305)
	at java.base/java.util.concurrent.ScheduledThreadPoolExecutor$ScheduledFutureTask.run(ScheduledThreadPoolExecutor.java:305)
	at java.base/java.util.concurrent.ThreadPoolExecutor.runWorker(ThreadPoolExecutor.java:1136)
	at java.base/java.util.concurrent.ThreadPoolExecutor$Worker.run(ThreadPoolExecutor.java:635)
	at java.base/java.lang.Thread.run(Thread.java:842)
Caused by: java.sql.SQLSyntaxErrorException: ORA-00942: table or view does not exist

	at oracle.jdbc.driver.T4CTTIoer11.processError(T4CTTIoer11.java:629)
	at oracle.jdbc.driver.T4CTTIoer11.processError(T4CTTIoer11.java:563)
	at oracle.jdbc.driver.T4C8Oall.processError(T4C8Oall.java:1230)
	at oracle.jdbc.driver.T4CTTIfun.receive(T4CTTIfun.java:771)
	at oracle.jdbc.driver.T4CTTIfun.doRPC(T4CTTIfun.java:298)
	at oracle.jdbc.driver.T4C8Oall.doOALL(T4C8Oall.java:511)
	at oracle.jdbc.driver.T4CPreparedStatement.doOall8(T4CPreparedStatement.java:162)
	at oracle.jdbc.driver.T4CPreparedStatement.executeForRows(T4CPreparedStatement.java:1240)
	at oracle.jdbc.driver.OracleStatement.executeSQLStatement(OracleStatement.java:1819)
	at oracle.jdbc.driver.OracleStatement.doExecuteWithTimeout(OracleStatement.java:1471)
	at oracle.jdbc.driver.OraclePreparedStatement.executeInternal(OraclePreparedStatement.java:3760)
	at oracle.jdbc.driver.OraclePreparedStatement.executeLargeUpdate(OraclePreparedStatement.java:4061)
	at oracle.jdbc.driver.OraclePreparedStatement.executeUpdate(OraclePreparedStatement.java:4036)
	at oracle.jdbc.driver.OraclePreparedStatementWrapper.executeUpdate(OraclePreparedStatementWrapper.java:995)
	at com.zaxxer.hikari.pool.ProxyPreparedStatement.executeUpdate(ProxyPreparedStatement.java:61)
	at com.zaxxer.hikari.pool.HikariProxyPreparedStatement.executeUpdate(HikariProxyPreparedStatement.java)
	at org.springframework.jdbc.core.JdbcTemplate.lambda$update$2(JdbcTemplate.java:977)
	at org.springframework.jdbc.core.JdbcTemplate.execute(JdbcTemplate.java:658)
	... 38 common frames omitted
Caused by: oracle.jdbc.OracleDatabaseException: ORA-00942: table or view does not exist

	at oracle.jdbc.driver.T4CTTIoer11.processError(T4CTTIoer11.java:636)
	... 55 common frames omitted
12:14:40.394 [scheduling-1] DEBUG o.s.j.d.DataSourceTransactionManager - Creating new transaction with name [null]: PROPAGATION_REQUIRES_NEW,ISOLATION_DEFAULT
12:14:40.395 [scheduling-1] DEBUG o.s.j.d.DataSourceTransactionManager - Acquired Connection [HikariProxyConnection@303198139 wrapping oracle.jdbc.driver.T4CConnection@9a3820e] for JDBC transaction
12:14:40.395 [scheduling-1] DEBUG o.s.j.d.DataSourceTransactionManager - Switching JDBC Connection [HikariProxyConnection@303198139 wrapping oracle.jdbc.driver.T4CConnection@9a3820e] to manual commit
12:14:40.395 [scheduling-1] DEBUG o.s.jdbc.core.JdbcTemplate - Executing prepared SQL update
12:14:40.395 [scheduling-1] DEBUG o.s.jdbc.core.JdbcTemplate - Executing prepared SQL statement [UPDATE shedlock SET lock_until = SYS_EXTRACT_UTC(SYSTIMESTAMP) + ?, locked_at = SYS_EXTRACT_UTC(SYSTIMESTAMP), locked_by = ? WHERE name = ? AND lock_until <= SYS_EXTRACT_UTC(SYSTIMESTAMP)]
12:14:40.395 [https-jsse-nio-8443-exec-2] TRACE org.hibernate.orm.jdbc.extract - extracted value (2:VARCHAR) -> [hasan]
12:14:40.395 [https-jsse-nio-8443-exec-2] TRACE org.hibernate.orm.jdbc.extract - extracted value (10:VARCHAR) -> [hasan]
12:14:40.395 [https-jsse-nio-8443-exec-2] TRACE org.hibernate.orm.jdbc.extract - extracted value (11:VARCHAR) -> [ROLE_CUSTOMER]
12:14:40.395 [https-jsse-nio-8443-exec-2] TRACE org.hibernate.orm.jdbc.extract - extracted value (13:VARCHAR) -> [ROLE_CUSTOMER]
12:14:40.395 [https-jsse-nio-8443-exec-2] TRACE org.hibernate.orm.jdbc.extract - extracted value (14:BIGINT) -> [1]
12:14:40.395 [https-jsse-nio-8443-exec-2] TRACE org.hibernate.orm.jdbc.extract - extracted value (20:BIGINT) -> [2]
12:14:40.395 [https-jsse-nio-8443-exec-2] TRACE org.hibernate.orm.jdbc.extract - extracted value (23:BIGINT) -> [1]
12:14:40.395 [https-jsse-nio-8443-exec-2] TRACE org.hibernate.orm.jdbc.extract - extracted value (21:BIGINT) -> [null]
12:14:40.395 [https-jsse-nio-8443-exec-2] TRACE org.hibernate.orm.jdbc.extract - extracted value (24:BIGINT) -> [null]
12:14:40.395 [https-jsse-nio-8443-exec-2] TRACE org.hibernate.orm.jdbc.extract - extracted value (26:BIGINT) -> [null]
12:14:40.395 [https-jsse-nio-8443-exec-2] TRACE org.hibernate.orm.jdbc.extract - extracted value (12:BOOLEAN) -> [false]
12:14:40.396 [https-jsse-nio-8443-exec-2] TRACE org.hibernate.orm.jdbc.extract - extracted value (3:BOOLEAN) -> [true]
12:14:40.396 [https-jsse-nio-8443-exec-2] TRACE org.hibernate.orm.jdbc.extract - extracted value (4:BOOLEAN) -> [true]
12:14:40.396 [https-jsse-nio-8443-exec-2] TRACE org.hibernate.orm.jdbc.extract - extracted value (5:TIMESTAMP) -> [2026-08-03T22:36:24.281543]
12:14:40.396 [https-jsse-nio-8443-exec-2] TRACE org.hibernate.orm.jdbc.extract - extracted value (6:BOOLEAN) -> [true]
12:14:40.396 [https-jsse-nio-8443-exec-2] TRACE org.hibernate.orm.jdbc.extract - extracted value (7:BOOLEAN) -> [false]
12:14:40.396 [https-jsse-nio-8443-exec-2] TRACE org.hibernate.orm.jdbc.extract - extracted value (8:BOOLEAN) -> [true]
12:14:40.396 [https-jsse-nio-8443-exec-2] TRACE org.hibernate.orm.jdbc.extract - extracted value (9:VARCHAR) -> [$2a$12$On9gnEeusVWqrhY7gH8BH.4Fs/LopJPYgCbl5qlVI723TmxHkXSx.]
12:14:40.396 [https-jsse-nio-8443-exec-2] TRACE org.hibernate.orm.jdbc.extract - extracted value (25:BOOLEAN) -> [false]
12:14:40.396 [https-jsse-nio-8443-exec-2] TRACE org.hibernate.orm.jdbc.extract - extracted value (27:VARCHAR) -> [MAIN SECTION]
12:14:40.396 [https-jsse-nio-8443-exec-2] TRACE org.hibernate.orm.jdbc.extract - extracted value (22:BOOLEAN) -> [false]
12:14:40.396 [https-jsse-nio-8443-exec-2] TRACE org.hibernate.orm.jdbc.extract - extracted value (28:VARCHAR) -> [TRANSPORT]
12:14:40.396 [https-jsse-nio-8443-exec-2] TRACE org.hibernate.orm.jdbc.extract - extracted value (17:TIMESTAMP) -> [2026-01-20T22:39:36.568]
12:14:40.396 [https-jsse-nio-8443-exec-2] TRACE org.hibernate.orm.jdbc.extract - extracted value (18:BOOLEAN) -> [false]
12:14:40.396 [scheduling-1] DEBUG o.s.t.support.TransactionTemplate - Initiating transaction rollback on application exception
org.springframework.jdbc.BadSqlGrammarException: PreparedStatementCallback; bad SQL grammar [UPDATE shedlock SET lock_until = SYS_EXTRACT_UTC(SYSTIMESTAMP) + ?, locked_at = SYS_EXTRACT_UTC(SYSTIMESTAMP), locked_by = ? WHERE name = ? AND lock_until <= SYS_EXTRACT_UTC(SYSTIMESTAMP)]
	at org.springframework.jdbc.support.SQLExceptionSubclassTranslator.doTranslate(SQLExceptionSubclassTranslator.java:103)
	at org.springframework.jdbc.support.AbstractFallbackSQLExceptionTranslator.translate(AbstractFallbackSQLExceptionTranslator.java:107)
	at org.springframework.jdbc.core.JdbcTemplate.translateException(JdbcTemplate.java:1556)
	at org.springframework.jdbc.core.JdbcTemplate.execute(JdbcTemplate.java:677)
	at org.springframework.jdbc.core.JdbcTemplate.update(JdbcTemplate.java:972)
	at org.springframework.jdbc.core.JdbcTemplate.update(JdbcTemplate.java:993)
	at org.springframework.jdbc.core.namedparam.NamedParameterJdbcTemplate.update(NamedParameterJdbcTemplate.java:337)
	at org.springframework.jdbc.core.namedparam.NamedParameterJdbcTemplate.update(NamedParameterJdbcTemplate.java:342)
	at net.javacrumbs.shedlock.provider.jdbctemplate.JdbcTemplateStorageAccessor.lambda$execute$0(JdbcTemplateStorageAccessor.java:121)
	at org.springframework.transaction.support.TransactionTemplate.execute(TransactionTemplate.java:140)
	at net.javacrumbs.shedlock.provider.jdbctemplate.JdbcTemplateStorageAccessor.execute(JdbcTemplateStorageAccessor.java:121)
	at net.javacrumbs.shedlock.provider.jdbctemplate.JdbcTemplateStorageAccessor.updateRecord(JdbcTemplateStorageAccessor.java:81)
	at net.javacrumbs.shedlock.support.StorageBasedLockProvider.doLock(StorageBasedLockProvider.java:85)
	at net.javacrumbs.shedlock.support.StorageBasedLockProvider.lock(StorageBasedLockProvider.java:55)
	at java.base/jdk.internal.reflect.NativeMethodAccessorImpl.invoke0(Native Method)
	at java.base/jdk.internal.reflect.NativeMethodAccessorImpl.invoke(NativeMethodAccessorImpl.java:77)
	at java.base/jdk.internal.reflect.DelegatingMethodAccessorImpl.invoke(DelegatingMethodAccessorImpl.java:43)
	at java.base/java.lang.reflect.Method.invoke(Method.java:568)
	at org.springframework.aop.support.AopUtils.invokeJoinpointUsingReflection(AopUtils.java:359)
	at org.springframework.aop.framework.JdkDynamicAopProxy.invoke(JdkDynamicAopProxy.java:216)
	at jdk.proxy3/jdk.proxy3.$Proxy126.lock(Unknown Source)
	at net.javacrumbs.shedlock.core.DefaultLockingTaskExecutor.executeWithLock(DefaultLockingTaskExecutor.java:63)
	at net.javacrumbs.shedlock.spring.aop.MethodProxyScheduledLockAdvisor$LockingInterceptor.invoke(MethodProxyScheduledLockAdvisor.java:79)
	at org.springframework.aop.framework.ReflectiveMethodInvocation.proceed(ReflectiveMethodInvocation.java:184)
	at org.springframework.aop.framework.CglibAopProxy$DynamicAdvisedInterceptor.intercept(CglibAopProxy.java:727)
	at ir.service.impl.TicketSchedulerService$$SpringCGLIB$$0.autoCloseOldTickets(<generated>)
	at java.base/jdk.internal.reflect.NativeMethodAccessorImpl.invoke0(Native Method)
	at java.base/jdk.internal.reflect.NativeMethodAccessorImpl.invoke(NativeMethodAccessorImpl.java:77)
	at java.base/jdk.internal.reflect.DelegatingMethodAccessorImpl.invoke(DelegatingMethodAccessorImpl.java:43)
	at java.base/java.lang.reflect.Method.invoke(Method.java:568)
	at org.springframework.scheduling.support.ScheduledMethodRunnable.runInternal(ScheduledMethodRunnable.java:130)
	at org.springframework.scheduling.support.ScheduledMethodRunnable.lambda$run$2(ScheduledMethodRunnable.java:124)
	at io.micrometer.observation.Observation.observe(Observation.java:498)
	at org.springframework.scheduling.support.ScheduledMethodRunnable.run(ScheduledMethodRunnable.java:124)
	at org.springframework.scheduling.config.Task$OutcomeTrackingRunnable.run(Task.java:85)
	at org.springframework.scheduling.support.DelegatingErrorHandlingRunnable.run(DelegatingErrorHandlingRunnable.java:54)
	at java.base/java.util.concurrent.Executors$RunnableAdapter.call(Executors.java:539)
	at java.base/java.util.concurrent.FutureTask.runAndReset(FutureTask.java:305)
	at java.base/java.util.concurrent.ScheduledThreadPoolExecutor$ScheduledFutureTask.run(ScheduledThreadPoolExecutor.java:305)
	at java.base/java.util.concurrent.ThreadPoolExecutor.runWorker(ThreadPoolExecutor.java:1136)
	at java.base/java.util.concurrent.ThreadPoolExecutor$Worker.run(ThreadPoolExecutor.java:635)
	at java.base/java.lang.Thread.run(Thread.java:842)
Caused by: java.sql.SQLSyntaxErrorException: ORA-00942: table or view does not exist

	at oracle.jdbc.driver.T4CTTIoer11.processError(T4CTTIoer11.java:629)
	at oracle.jdbc.driver.T4CTTIoer11.processError(T4CTTIoer11.java:563)
	at oracle.jdbc.driver.T4C8Oall.processError(T4C8Oall.java:1230)
	at oracle.jdbc.driver.T4CTTIfun.receive(T4CTTIfun.java:771)
	at oracle.jdbc.driver.T4CTTIfun.doRPC(T4CTTIfun.java:298)
	at oracle.jdbc.driver.T4C8Oall.doOALL(T4C8Oall.java:511)
	at oracle.jdbc.driver.T4CPreparedStatement.doOall8(T4CPreparedStatement.java:162)
	at oracle.jdbc.driver.T4CPreparedStatement.executeForRows(T4CPreparedStatement.java:1240)
	at oracle.jdbc.driver.OracleStatement.executeSQLStatement(OracleStatement.java:1819)
	at oracle.jdbc.driver.OracleStatement.doExecuteWithTimeout(OracleStatement.java:1471)
	at oracle.jdbc.driver.OraclePreparedStatement.executeInternal(OraclePreparedStatement.java:3760)
	at oracle.jdbc.driver.OraclePreparedStatement.executeLargeUpdate(OraclePreparedStatement.java:4061)
	at oracle.jdbc.driver.OraclePreparedStatement.executeUpdate(OraclePreparedStatement.java:4036)
	at oracle.jdbc.driver.OraclePreparedStatementWrapper.executeUpdate(OraclePreparedStatementWrapper.java:995)
	at com.zaxxer.hikari.pool.ProxyPreparedStatement.executeUpdate(ProxyPreparedStatement.java:61)
	at com.zaxxer.hikari.pool.HikariProxyPreparedStatement.executeUpdate(HikariProxyPreparedStatement.java)
	at org.springframework.jdbc.core.JdbcTemplate.lambda$update$2(JdbcTemplate.java:977)
	at org.springframework.jdbc.core.JdbcTemplate.execute(JdbcTemplate.java:658)
	... 38 common frames omitted
Caused by: oracle.jdbc.OracleDatabaseException: ORA-00942: table or view does not exist

	at oracle.jdbc.driver.T4CTTIoer11.processError(T4CTTIoer11.java:636)
	... 55 common frames omitted
12:14:40.396 [https-jsse-nio-8443-exec-2] TRACE org.hibernate.orm.jdbc.extract - extracted value (19:INTEGER) -> [null]
12:14:40.396 [scheduling-1] DEBUG o.s.j.d.DataSourceTransactionManager - Initiating transaction rollback
12:14:40.396 [scheduling-1] DEBUG o.s.j.d.DataSourceTransactionManager - Rolling back JDBC transaction on Connection [HikariProxyConnection@303198139 wrapping oracle.jdbc.driver.T4CConnection@9a3820e]
12:14:40.396 [https-jsse-nio-8443-exec-2] TRACE org.hibernate.orm.jdbc.extract - extracted value (29:TINYINT) -> [Closed]
12:14:40.396 [https-jsse-nio-8443-exec-2] TRACE org.hibernate.orm.jdbc.extract - extracted value (30:VARCHAR) -> [test 1]
12:14:40.396 [scheduling-1] DEBUG o.s.j.d.DataSourceTransactionManager - Releasing JDBC Connection [HikariProxyConnection@303198139 wrapping oracle.jdbc.driver.T4CConnection@9a3820e] after transaction
12:14:40.396 [https-jsse-nio-8443-exec-2] DEBUG org.hibernate.SQL - 
    select
        csl1_0.parent_section_id,
        csl1_0.id,
        csl1_0.building_id,
        csl1_0.deleted,
        csl1_0.title 
    from
        section_table csl1_0 
    where
        csl1_0.parent_section_id=? 
        and (
            csl1_0.deleted = 0
        )
12:14:40.397 [https-jsse-nio-8443-exec-2] TRACE org.hibernate.orm.jdbc.bind - binding parameter (1:BIGINT) <- [1]
12:14:40.397 [scheduling-1] ERROR o.s.s.s.TaskUtils$LoggingErrorHandler - Unexpected error occurred in scheduled task
org.springframework.jdbc.BadSqlGrammarException: PreparedStatementCallback; bad SQL grammar [UPDATE shedlock SET lock_until = SYS_EXTRACT_UTC(SYSTIMESTAMP) + ?, locked_at = SYS_EXTRACT_UTC(SYSTIMESTAMP), locked_by = ? WHERE name = ? AND lock_until <= SYS_EXTRACT_UTC(SYSTIMESTAMP)]
	at org.springframework.jdbc.support.SQLExceptionSubclassTranslator.doTranslate(SQLExceptionSubclassTranslator.java:103)
	at org.springframework.jdbc.support.AbstractFallbackSQLExceptionTranslator.translate(AbstractFallbackSQLExceptionTranslator.java:107)
	at org.springframework.jdbc.core.JdbcTemplate.translateException(JdbcTemplate.java:1556)
	at org.springframework.jdbc.core.JdbcTemplate.execute(JdbcTemplate.java:677)
	at org.springframework.jdbc.core.JdbcTemplate.update(JdbcTemplate.java:972)
	at org.springframework.jdbc.core.JdbcTemplate.update(JdbcTemplate.java:993)
	at org.springframework.jdbc.core.namedparam.NamedParameterJdbcTemplate.update(NamedParameterJdbcTemplate.java:337)
	at org.springframework.jdbc.core.namedparam.NamedParameterJdbcTemplate.update(NamedParameterJdbcTemplate.java:342)
	at net.javacrumbs.shedlock.provider.jdbctemplate.JdbcTemplateStorageAccessor.lambda$execute$0(JdbcTemplateStorageAccessor.java:121)
	at org.springframework.transaction.support.TransactionTemplate.execute(TransactionTemplate.java:140)
	at net.javacrumbs.shedlock.provider.jdbctemplate.JdbcTemplateStorageAccessor.execute(JdbcTemplateStorageAccessor.java:121)
	at net.javacrumbs.shedlock.provider.jdbctemplate.JdbcTemplateStorageAccessor.updateRecord(JdbcTemplateStorageAccessor.java:81)
	at net.javacrumbs.shedlock.support.StorageBasedLockProvider.doLock(StorageBasedLockProvider.java:85)
	at net.javacrumbs.shedlock.support.StorageBasedLockProvider.lock(StorageBasedLockProvider.java:55)
	at java.base/jdk.internal.reflect.NativeMethodAccessorImpl.invoke0(Native Method)
	at java.base/jdk.internal.reflect.NativeMethodAccessorImpl.invoke(NativeMethodAccessorImpl.java:77)
	at java.base/jdk.internal.reflect.DelegatingMethodAccessorImpl.invoke(DelegatingMethodAccessorImpl.java:43)
	at java.base/java.lang.reflect.Method.invoke(Method.java:568)
	at org.springframework.aop.support.AopUtils.invokeJoinpointUsingReflection(AopUtils.java:359)
	at org.springframework.aop.framework.JdkDynamicAopProxy.invoke(JdkDynamicAopProxy.java:216)
	at jdk.proxy3/jdk.proxy3.$Proxy126.lock(Unknown Source)
	at net.javacrumbs.shedlock.core.DefaultLockingTaskExecutor.executeWithLock(DefaultLockingTaskExecutor.java:63)
	at net.javacrumbs.shedlock.spring.aop.MethodProxyScheduledLockAdvisor$LockingInterceptor.invoke(MethodProxyScheduledLockAdvisor.java:79)
	at org.springframework.aop.framework.ReflectiveMethodInvocation.proceed(ReflectiveMethodInvocation.java:184)
	at org.springframework.aop.framework.CglibAopProxy$DynamicAdvisedInterceptor.intercept(CglibAopProxy.java:727)
	at ir.service.impl.TicketSchedulerService$$SpringCGLIB$$0.autoCloseOldTickets(<generated>)
	at java.base/jdk.internal.reflect.NativeMethodAccessorImpl.invoke0(Native Method)
	at java.base/jdk.internal.reflect.NativeMethodAccessorImpl.invoke(NativeMethodAccessorImpl.java:77)
	at java.base/jdk.internal.reflect.DelegatingMethodAccessorImpl.invoke(DelegatingMethodAccessorImpl.java:43)
	at java.base/java.lang.reflect.Method.invoke(Method.java:568)
	at org.springframework.scheduling.support.ScheduledMethodRunnable.runInternal(ScheduledMethodRunnable.java:130)
	at org.springframework.scheduling.support.ScheduledMethodRunnable.lambda$run$2(ScheduledMethodRunnable.java:124)
	at io.micrometer.observation.Observation.observe(Observation.java:498)
	at org.springframework.scheduling.support.ScheduledMethodRunnable.run(ScheduledMethodRunnable.java:124)
	at org.springframework.scheduling.config.Task$OutcomeTrackingRunnable.run(Task.java:85)
	at org.springframework.scheduling.support.DelegatingErrorHandlingRunnable.run(DelegatingErrorHandlingRunnable.java:54)
	at java.base/java.util.concurrent.Executors$RunnableAdapter.call(Executors.java:539)
	at java.base/java.util.concurrent.FutureTask.runAndReset(FutureTask.java:305)
	at java.base/java.util.concurrent.ScheduledThreadPoolExecutor$ScheduledFutureTask.run(ScheduledThreadPoolExecutor.java:305)
	at java.base/java.util.concurrent.ThreadPoolExecutor.runWorker(ThreadPoolExecutor.java:1136)
	at java.base/java.util.concurrent.ThreadPoolExecutor$Worker.run(ThreadPoolExecutor.java:635)
	at java.base/java.lang.Thread.run(Thread.java:842)
Caused by: java.sql.SQLSyntaxErrorException: ORA-00942: table or view does not exist

	at oracle.jdbc.driver.T4CTTIoer11.processError(T4CTTIoer11.java:629)
	at oracle.jdbc.driver.T4CTTIoer11.processError(T4CTTIoer11.java:563)
	at oracle.jdbc.driver.T4C8Oall.processError(T4C8Oall.java:1230)
	at oracle.jdbc.driver.T4CTTIfun.receive(T4CTTIfun.java:771)
	at oracle.jdbc.driver.T4CTTIfun.doRPC(T4CTTIfun.java:298)
	at oracle.jdbc.driver.T4C8Oall.doOALL(T4C8Oall.java:511)
	at oracle.jdbc.driver.T4CPreparedStatement.doOall8(T4CPreparedStatement.java:162)
	at oracle.jdbc.driver.T4CPreparedStatement.executeForRows(T4CPreparedStatement.java:1240)
	at oracle.jdbc.driver.OracleStatement.executeSQLStatement(OracleStatement.java:1819)
	at oracle.jdbc.driver.OracleStatement.doExecuteWithTimeout(OracleStatement.java:1471)
	at oracle.jdbc.driver.OraclePreparedStatement.executeInternal(OraclePreparedStatement.java:3760)
	at oracle.jdbc.driver.OraclePreparedStatement.executeLargeUpdate(OraclePreparedStatement.java:4061)
	at oracle.jdbc.driver.OraclePreparedStatement.executeUpdate(OraclePreparedStatement.java:4036)
	at oracle.jdbc.driver.OraclePreparedStatementWrapper.executeUpdate(OraclePreparedStatementWrapper.java:995)
	at com.zaxxer.hikari.pool.ProxyPreparedStatement.executeUpdate(ProxyPreparedStatement.java:61)
	at com.zaxxer.hikari.pool.HikariProxyPreparedStatement.executeUpdate(HikariProxyPreparedStatement.java)
	at org.springframework.jdbc.core.JdbcTemplate.lambda$update$2(JdbcTemplate.java:977)
	at org.springframework.jdbc.core.JdbcTemplate.execute(JdbcTemplate.java:658)
	... 38 common frames omitted
Caused by: oracle.jdbc.OracleDatabaseException: ORA-00942: table or view does not exist

	at oracle.jdbc.driver.T4CTTIoer11.processError(T4CTTIoer11.java:636)
	... 55 common frames omitted
12:14:40.397 [https-jsse-nio-8443-exec-2] TRACE org.hibernate.orm.jdbc.extract - extracted value (1:BIGINT) -> [1]
12:14:40.397 [https-jsse-nio-8443-exec-2] TRACE org.hibernate.orm.jdbc.extract - extracted value (2:BIGINT) -> [2]
12:14:40.398 [https-jsse-nio-8443-exec-2] TRACE org.hibernate.orm.jdbc.extract - extracted value (1:BIGINT) -> [1]
12:14:40.398 [https-jsse-nio-8443-exec-2] TRACE org.hibernate.orm.jdbc.extract - extracted value (2:BIGINT) -> [5]
12:14:40.398 [https-jsse-nio-8443-exec-2] TRACE org.hibernate.orm.jdbc.extract - extracted value (3:BIGINT) -> [null]
12:14:40.398 [https-jsse-nio-8443-exec-2] TRACE org.hibernate.orm.jdbc.extract - extracted value (4:BOOLEAN) -> [false]
12:14:40.398 [https-jsse-nio-8443-exec-2] TRACE org.hibernate.orm.jdbc.extract - extracted value (5:VARCHAR) -> [HSE]
12:14:40.398 [https-jsse-nio-8443-exec-2] DEBUG org.hibernate.SQL - 
    select
        csl1_0.parent_section_id,
        csl1_0.id,
        csl1_0.building_id,
        csl1_0.deleted,
        csl1_0.title 
    from
        section_table csl1_0 
    where
        csl1_0.parent_section_id=? 
        and (
            csl1_0.deleted = 0
        )
12:14:40.398 [https-jsse-nio-8443-exec-2] TRACE org.hibernate.orm.jdbc.bind - binding parameter (1:BIGINT) <- [5]
12:14:40.399 [https-jsse-nio-8443-exec-2] DEBUG org.hibernate.SQL - 
    select
        csl1_0.parent_section_id,
        csl1_0.id,
        csl1_0.building_id,
        csl1_0.deleted,
        csl1_0.title 
    from
        section_table csl1_0 
    where
        csl1_0.parent_section_id=? 
        and (
            csl1_0.deleted = 0
        )
12:14:40.399 [https-jsse-nio-8443-exec-2] TRACE org.hibernate.orm.jdbc.bind - binding parameter (1:BIGINT) <- [2]
12:14:40.400 [https-jsse-nio-8443-exec-2] TRACE org.hibernate.orm.jdbc.extract - extracted value (1:BIGINT) -> [2]
12:14:40.400 [https-jsse-nio-8443-exec-2] TRACE org.hibernate.orm.jdbc.extract - extracted value (2:BIGINT) -> [3]
12:14:40.400 [https-jsse-nio-8443-exec-2] TRACE org.hibernate.orm.jdbc.extract - extracted value (3:BIGINT) -> [null]
12:14:40.400 [https-jsse-nio-8443-exec-2] TRACE org.hibernate.orm.jdbc.extract - extracted value (4:BOOLEAN) -> [false]
12:14:40.400 [https-jsse-nio-8443-exec-2] TRACE org.hibernate.orm.jdbc.extract - extracted value (5:VARCHAR) -> [BUS]
12:14:40.400 [https-jsse-nio-8443-exec-2] TRACE org.hibernate.orm.jdbc.extract - extracted value (1:BIGINT) -> [2]
12:14:40.400 [https-jsse-nio-8443-exec-2] TRACE org.hibernate.orm.jdbc.extract - extracted value (2:BIGINT) -> [4]
12:14:40.400 [https-jsse-nio-8443-exec-2] TRACE org.hibernate.orm.jdbc.extract - extracted value (3:BIGINT) -> [null]
12:14:40.400 [https-jsse-nio-8443-exec-2] TRACE org.hibernate.orm.jdbc.extract - extracted value (4:BOOLEAN) -> [false]
12:14:40.400 [https-jsse-nio-8443-exec-2] TRACE org.hibernate.orm.jdbc.extract - extracted value (5:VARCHAR) -> [TRAIN]
12:14:40.400 [https-jsse-nio-8443-exec-2] DEBUG org.hibernate.SQL - 
    select
        csl1_0.parent_section_id,
        csl1_0.id,
        csl1_0.building_id,
        csl1_0.deleted,
        csl1_0.title 
    from
        section_table csl1_0 
    where
        csl1_0.parent_section_id=? 
        and (
            csl1_0.deleted = 0
        )
12:14:40.400 [https-jsse-nio-8443-exec-2] TRACE org.hibernate.orm.jdbc.bind - binding parameter (1:BIGINT) <- [4]
12:14:40.401 [https-jsse-nio-8443-exec-2] DEBUG org.hibernate.SQL - 
    select
        csl1_0.parent_section_id,
        csl1_0.id,
        csl1_0.building_id,
        csl1_0.deleted,
        csl1_0.title 
    from
        section_table csl1_0 
    where
        csl1_0.parent_section_id=? 
        and (
            csl1_0.deleted = 0
        )
12:14:40.401 [https-jsse-nio-8443-exec-2] TRACE org.hibernate.orm.jdbc.bind - binding parameter (1:BIGINT) <- [3]
12:14:40.401 [https-jsse-nio-8443-exec-2] DEBUG o.h.e.t.internal.TransactionImpl - committing
12:14:40.402 [https-jsse-nio-8443-exec-2] DEBUG o.s.jdbc.datasource.DataSourceUtils - Resetting read-only flag of JDBC Connection [HikariProxyConnection@1092286081 wrapping oracle.jdbc.driver.T4CConnection@64f4b243]
12:14:40.403 [https-jsse-nio-8443-exec-2] DEBUG org.hibernate.SQL - 
    /* <criteria> */ select
        m1_0.id,
        m1_0.content,
        m1_0.date_time,
        m1_0.deleted,
        m1_0.sender_role_name,
        m1_0.sender_username,
        m1_0.ticket_id 
    from
        message_tbl m1_0 
    where
        (
            m1_0.deleted = 0
        ) 
        and m1_0.ticket_id=? 
    order by
        m1_0.date_time
12:14:40.403 [https-jsse-nio-8443-exec-2] TRACE org.hibernate.orm.jdbc.bind - binding parameter (1:BIGINT) <- [1]
12:14:40.408 [https-jsse-nio-8443-exec-2] TRACE org.hibernate.orm.jdbc.extract - extracted value (1:BIGINT) -> [1]
12:14:40.408 [https-jsse-nio-8443-exec-2] TRACE org.hibernate.orm.jdbc.extract - extracted value (2:VARCHAR) -> [this  is a test
end]
12:14:40.409 [https-jsse-nio-8443-exec-2] TRACE org.hibernate.orm.jdbc.extract - extracted value (3:TIMESTAMP) -> [2026-01-21T22:39:36.580]
12:14:40.409 [https-jsse-nio-8443-exec-2] TRACE org.hibernate.orm.jdbc.extract - extracted value (4:BOOLEAN) -> [false]
12:14:40.409 [https-jsse-nio-8443-exec-2] TRACE org.hibernate.orm.jdbc.extract - extracted value (5:VARCHAR) -> [ROLE_CUSTOMER]
12:14:40.409 [https-jsse-nio-8443-exec-2] TRACE org.hibernate.orm.jdbc.extract - extracted value (6:VARCHAR) -> [hasan]
12:14:40.409 [https-jsse-nio-8443-exec-2] TRACE org.hibernate.orm.jdbc.extract - extracted value (7:BIGINT) -> [1]
12:14:40.409 [https-jsse-nio-8443-exec-2] TRACE org.hibernate.orm.jdbc.extract - extracted value (1:BIGINT) -> [2]
12:14:40.409 [https-jsse-nio-8443-exec-2] TRACE org.hibernate.orm.jdbc.extract - extracted value (2:VARCHAR) -> [hi]
12:14:40.409 [https-jsse-nio-8443-exec-2] TRACE org.hibernate.orm.jdbc.extract - extracted value (3:TIMESTAMP) -> [2026-01-21T22:40:29.144]
12:14:40.409 [https-jsse-nio-8443-exec-2] TRACE org.hibernate.orm.jdbc.extract - extracted value (4:BOOLEAN) -> [false]
12:14:40.409 [https-jsse-nio-8443-exec-2] TRACE org.hibernate.orm.jdbc.extract - extracted value (5:VARCHAR) -> [ROLE_CUSTOMER]
12:14:40.409 [https-jsse-nio-8443-exec-2] TRACE org.hibernate.orm.jdbc.extract - extracted value (6:VARCHAR) -> [hasan]
12:14:40.409 [https-jsse-nio-8443-exec-2] TRACE org.hibernate.orm.jdbc.extract - extracted value (7:BIGINT) -> [1]
12:14:40.409 [https-jsse-nio-8443-exec-2] TRACE org.hibernate.orm.jdbc.extract - extracted value (1:BIGINT) -> [3]
12:14:40.409 [https-jsse-nio-8443-exec-2] TRACE org.hibernate.orm.jdbc.extract - extracted value (2:VARCHAR) -> [null]
12:14:40.409 [https-jsse-nio-8443-exec-2] TRACE org.hibernate.orm.jdbc.extract - extracted value (3:TIMESTAMP) -> [2026-01-21T22:41:32.196]
12:14:40.409 [https-jsse-nio-8443-exec-2] TRACE org.hibernate.orm.jdbc.extract - extracted value (4:BOOLEAN) -> [false]
12:14:40.409 [https-jsse-nio-8443-exec-2] TRACE org.hibernate.orm.jdbc.extract - extracted value (5:VARCHAR) -> [ROLE_CUSTOMER]
12:14:40.409 [https-jsse-nio-8443-exec-2] TRACE org.hibernate.orm.jdbc.extract - extracted value (6:VARCHAR) -> [hasan]
12:14:40.409 [https-jsse-nio-8443-exec-2] TRACE org.hibernate.orm.jdbc.extract - extracted value (7:BIGINT) -> [1]
12:14:40.409 [https-jsse-nio-8443-exec-2] TRACE org.hibernate.orm.jdbc.extract - extracted value (1:BIGINT) -> [21]
12:14:40.409 [https-jsse-nio-8443-exec-2] TRACE org.hibernate.orm.jdbc.extract - extracted value (2:VARCHAR) -> [hi]
12:14:40.409 [https-jsse-nio-8443-exec-2] TRACE org.hibernate.orm.jdbc.extract - extracted value (3:TIMESTAMP) -> [2026-01-22T02:22:20.804]
12:14:40.409 [https-jsse-nio-8443-exec-2] TRACE org.hibernate.orm.jdbc.extract - extracted value (4:BOOLEAN) -> [false]
12:14:40.409 [https-jsse-nio-8443-exec-2] TRACE org.hibernate.orm.jdbc.extract - extracted value (5:VARCHAR) -> [ROLE_ADMIN]
12:14:40.409 [https-jsse-nio-8443-exec-2] TRACE org.hibernate.orm.jdbc.extract - extracted value (6:VARCHAR) -> [ali]
12:14:40.409 [https-jsse-nio-8443-exec-2] TRACE org.hibernate.orm.jdbc.extract - extracted value (7:BIGINT) -> [1]
12:14:40.410 [https-jsse-nio-8443-exec-2] INFO  i.c.exception.ResponseAspect - Web Controller: showTicketMessages
12:14:40.446 [https-jsse-nio-8443-exec-2] DEBUG org.hibernate.SQL - 
    select
        a1_0.message_id,
        a1_0.id,
        a1_0.attach_time,
        a1_0.deleted,
        a1_0.description,
        a1_0.extracted_text,
        a1_0.file_name,
        a1_0.file_size,
        a1_0.file_type,
        a1_0.mongo_file_id 
    from
        attachment_tbl a1_0 
    where
        a1_0.message_id=? 
        and (
            a1_0.deleted = 0
        )
12:14:40.446 [https-jsse-nio-8443-exec-2] TRACE org.hibernate.orm.jdbc.bind - binding parameter (1:BIGINT) <- [1]
12:14:40.452 [https-jsse-nio-8443-exec-2] DEBUG org.hibernate.SQL - 
    select
        a1_0.message_id,
        a1_0.id,
        a1_0.attach_time,
        a1_0.deleted,
        a1_0.description,
        a1_0.extracted_text,
        a1_0.file_name,
        a1_0.file_size,
        a1_0.file_type,
        a1_0.mongo_file_id 
    from
        attachment_tbl a1_0 
    where
        a1_0.message_id=? 
        and (
            a1_0.deleted = 0
        )
12:14:40.452 [https-jsse-nio-8443-exec-2] TRACE org.hibernate.orm.jdbc.bind - binding parameter (1:BIGINT) <- [2]
12:14:40.454 [https-jsse-nio-8443-exec-2] DEBUG org.hibernate.SQL - 
    select
        a1_0.message_id,
        a1_0.id,
        a1_0.attach_time,
        a1_0.deleted,
        a1_0.description,
        a1_0.extracted_text,
        a1_0.file_name,
        a1_0.file_size,
        a1_0.file_type,
        a1_0.mongo_file_id 
    from
        attachment_tbl a1_0 
    where
        a1_0.message_id=? 
        and (
            a1_0.deleted = 0
        )
12:14:40.454 [https-jsse-nio-8443-exec-2] TRACE org.hibernate.orm.jdbc.bind - binding parameter (1:BIGINT) <- [3]
12:14:40.455 [https-jsse-nio-8443-exec-2] TRACE org.hibernate.orm.jdbc.extract - extracted value (1:BIGINT) -> [3]
12:14:40.455 [https-jsse-nio-8443-exec-2] TRACE org.hibernate.orm.jdbc.extract - extracted value (2:BIGINT) -> [1]
12:14:40.457 [https-jsse-nio-8443-exec-2] DEBUG org.hibernate.SQL - 
    select
        p1_0.id,
        p1_0.deleted,
        p1_0.email,
        p1_0.first_name,
        p1_0.last_name,
        p1_0.phone,
        p1_0.attachment_id,
        p1_0.username 
    from
        profile_tbl p1_0 
    where
        p1_0.attachment_id=? 
        and (
            p1_0.deleted = 0
        )
12:14:40.457 [https-jsse-nio-8443-exec-2] TRACE org.hibernate.orm.jdbc.bind - binding parameter (1:BIGINT) <- [1]
12:14:40.463 [https-jsse-nio-8443-exec-2] TRACE org.hibernate.orm.jdbc.extract - extracted value (3:TIMESTAMP) -> [2026-02-03T22:41:32.314696]
12:14:40.463 [https-jsse-nio-8443-exec-2] TRACE org.hibernate.orm.jdbc.extract - extracted value (4:BOOLEAN) -> [false]
12:14:40.463 [https-jsse-nio-8443-exec-2] TRACE org.hibernate.orm.jdbc.extract - extracted value (5:VARCHAR) -> [null]
12:14:40.463 [https-jsse-nio-8443-exec-2] TRACE org.hibernate.orm.jdbc.extract - extracted value (6:VARCHAR) -> [7 2 اْ 1 ۶ 11 ۱
! ! ۱ ا ۱ ا
1 ,1 2 1
2 ۱1 و
1"
ِ ا ۱
71" ۱
۱ ۳1 ۱
۱ 1۳7 /
۱ ۳
۱ /
ما 3 ۳ ْ آ کت کر ید 5
سار دنت 1 یه ۹ رز ود هن تک وک 4
3 7 5 ذق 2 5 ۳ 5 ۳ ا 2 9 رم
اد ط 2 یی رشن ی ۹3
2 شاه دپ 3 19,2 امن 3 خج ره و .
3و 5وو ۰2 د ی کج کتک
ما یت 7 نها + (۳۵ ۰ 7 1 ی
7 ان 5 3 مت جه چا ی چم تج + ۳
تاه در 2 : ترا که 9 چ چا و ای ح‌
5 اه تخ 2 3 و کتاه ی ظ ل یپ
و بط" ۲ رکه 4 ی ۹ بِ ‌
۴ 3 کد اا و 3 سکاو ک رجا ‌_ یک 3
+ توای عن تم کر تک وی لت
2 ز:‌ 3 3 5 ی ۳ ۳ کت :
ها سین : 3
جح ی 2 ?٩? 5 1 چج کی 5 2
2 + 1 5 لح کت 2 تس
ود که اس وم اردامکن 7 ال
1 ک 2 2 اک تس
2
و و 3 8 2 1
کک 26 مشاه اجک 2
هه 5 وان هس
چاه که -د اه 7 ک
اس ی 5
و ی یت
]
12:14:40.464 [https-jsse-nio-8443-exec-2] TRACE org.hibernate.orm.jdbc.extract - extracted value (7:VARCHAR) -> [image0.jpeg]
12:14:40.464 [https-jsse-nio-8443-exec-2] TRACE org.hibernate.orm.jdbc.extract - extracted value (8:BIGINT) -> [909575]
12:14:40.464 [https-jsse-nio-8443-exec-2] TRACE org.hibernate.orm.jdbc.extract - extracted value (9:TINYINT) -> [JPG]
12:14:40.464 [https-jsse-nio-8443-exec-2] TRACE org.hibernate.orm.jdbc.extract - extracted value (10:VARCHAR) -> [698248640819562cf6f09a53]
12:14:40.469 [https-jsse-nio-8443-exec-2] DEBUG org.hibernate.SQL - 
    select
        a1_0.message_id,
        a1_0.id,
        a1_0.attach_time,
        a1_0.deleted,
        a1_0.description,
        a1_0.extracted_text,
        a1_0.file_name,
        a1_0.file_size,
        a1_0.file_type,
        a1_0.mongo_file_id 
    from
        attachment_tbl a1_0 
    where
        a1_0.message_id=? 
        and (
            a1_0.deleted = 0
        )
12:14:40.469 [https-jsse-nio-8443-exec-2] TRACE org.hibernate.orm.jdbc.bind - binding parameter (1:BIGINT) <- [21]
12:14:40.482 [https-jsse-nio-8443-exec-10] DEBUG o.s.security.web.FilterChainProxy - Securing GET /css/reset.css
12:14:40.482 [https-jsse-nio-8443-exec-10] DEBUG o.s.s.w.a.c.ChannelProcessingFilter - Request: filter invocation [GET /css/reset.css]; ConfigAttributes: [REQUIRES_SECURE_CHANNEL]
12:14:40.483 [https-jsse-nio-8443-exec-10] DEBUG o.s.security.web.FilterChainProxy - Secured GET /css/reset.css
12:14:40.484 [https-jsse-nio-8443-exec-10] DEBUG o.s.s.w.c.HttpSessionSecurityContextRepository - Retrieved SecurityContextImpl [Authentication=UsernamePasswordAuthenticationToken [Principal=ir.model.entity.CustomUserDetails@435dd609, Credentials=[PROTECTED], Authenticated=true, Details=WebAuthenticationDetails [RemoteIpAddress=0:0:0:0:0:0:0:1, SessionId=null], Granted Authorities=[TICKET_EDIT, BUILDING_DELETE, TICKET_CHECK_SCORE, BUILDING_EDIT, TICKET_CHECK_CLOSE, BUILDING_CREATE, REPORT_VIEW, ROLE_ADMIN, TICKET_CREATE, TICKET_DELETE]]]
12:14:40.485 [https-jsse-nio-8443-exec-1] DEBUG o.s.security.web.FilterChainProxy - Securing GET /css/bootstrap.min.css
12:14:40.486 [https-jsse-nio-8443-exec-4] DEBUG o.s.security.web.FilterChainProxy - Securing GET /css/toast.css
12:14:40.485 [https-jsse-nio-8443-exec-3] DEBUG o.s.security.web.FilterChainProxy - Securing GET /css/fontawesome.css
12:14:40.486 [https-jsse-nio-8443-exec-5] DEBUG o.s.security.web.FilterChainProxy - Securing GET /css/fonts.min.css
12:14:40.486 [https-jsse-nio-8443-exec-1] DEBUG o.s.s.w.a.c.ChannelProcessingFilter - Request: filter invocation [GET /css/bootstrap.min.css]; ConfigAttributes: [REQUIRES_SECURE_CHANNEL]
12:14:40.486 [https-jsse-nio-8443-exec-4] DEBUG o.s.s.w.a.c.ChannelProcessingFilter - Request: filter invocation [GET /css/toast.css]; ConfigAttributes: [REQUIRES_SECURE_CHANNEL]
12:14:40.486 [https-jsse-nio-8443-exec-3] DEBUG o.s.s.w.a.c.ChannelProcessingFilter - Request: filter invocation [GET /css/fontawesome.css]; ConfigAttributes: [REQUIRES_SECURE_CHANNEL]
12:14:40.486 [https-jsse-nio-8443-exec-5] DEBUG o.s.s.w.a.c.ChannelProcessingFilter - Request: filter invocation [GET /css/fonts.min.css]; ConfigAttributes: [REQUIRES_SECURE_CHANNEL]
12:14:40.486 [https-jsse-nio-8443-exec-1] DEBUG o.s.security.web.FilterChainProxy - Secured GET /css/bootstrap.min.css
12:14:40.486 [https-jsse-nio-8443-exec-4] DEBUG o.s.security.web.FilterChainProxy - Secured GET /css/toast.css
12:14:40.486 [https-jsse-nio-8443-exec-3] DEBUG o.s.security.web.FilterChainProxy - Secured GET /css/fontawesome.css
12:14:40.486 [https-jsse-nio-8443-exec-5] DEBUG o.s.security.web.FilterChainProxy - Secured GET /css/fonts.min.css
12:14:40.486 [https-jsse-nio-8443-exec-7] DEBUG o.s.security.web.FilterChainProxy - Securing GET /icons/mftlogo.png
12:14:40.487 [https-jsse-nio-8443-exec-7] DEBUG o.s.s.w.a.c.ChannelProcessingFilter - Request: filter invocation [GET /icons/mftlogo.png]; ConfigAttributes: [REQUIRES_SECURE_CHANNEL]
12:14:40.487 [https-jsse-nio-8443-exec-9] DEBUG o.s.security.web.FilterChainProxy - Securing GET /css/styles.css
12:14:40.487 [https-jsse-nio-8443-exec-7] DEBUG o.s.security.web.FilterChainProxy - Secured GET /icons/mftlogo.png
12:14:40.487 [https-jsse-nio-8443-exec-9] DEBUG o.s.s.w.a.c.ChannelProcessingFilter - Request: filter invocation [GET /css/styles.css]; ConfigAttributes: [REQUIRES_SECURE_CHANNEL]
12:14:40.488 [https-jsse-nio-8443-exec-9] DEBUG o.s.security.web.FilterChainProxy - Secured GET /css/styles.css
12:14:40.488 [https-jsse-nio-8443-exec-4] DEBUG o.s.s.w.c.HttpSessionSecurityContextRepository - Retrieved SecurityContextImpl [Authentication=UsernamePasswordAuthenticationToken [Principal=ir.model.entity.CustomUserDetails@435dd609, Credentials=[PROTECTED], Authenticated=true, Details=WebAuthenticationDetails [RemoteIpAddress=0:0:0:0:0:0:0:1, SessionId=null], Granted Authorities=[TICKET_EDIT, BUILDING_DELETE, TICKET_CHECK_SCORE, BUILDING_EDIT, TICKET_CHECK_CLOSE, BUILDING_CREATE, REPORT_VIEW, ROLE_ADMIN, TICKET_CREATE, TICKET_DELETE]]]
12:14:40.488 [https-jsse-nio-8443-exec-5] DEBUG o.s.s.w.c.HttpSessionSecurityContextRepository - Retrieved SecurityContextImpl [Authentication=UsernamePasswordAuthenticationToken [Principal=ir.model.entity.CustomUserDetails@435dd609, Credentials=[PROTECTED], Authenticated=true, Details=WebAuthenticationDetails [RemoteIpAddress=0:0:0:0:0:0:0:1, SessionId=null], Granted Authorities=[TICKET_EDIT, BUILDING_DELETE, TICKET_CHECK_SCORE, BUILDING_EDIT, TICKET_CHECK_CLOSE, BUILDING_CREATE, REPORT_VIEW, ROLE_ADMIN, TICKET_CREATE, TICKET_DELETE]]]
12:14:40.489 [https-jsse-nio-8443-exec-9] DEBUG o.s.s.w.c.HttpSessionSecurityContextRepository - Retrieved SecurityContextImpl [Authentication=UsernamePasswordAuthenticationToken [Principal=ir.model.entity.CustomUserDetails@435dd609, Credentials=[PROTECTED], Authenticated=true, Details=WebAuthenticationDetails [RemoteIpAddress=0:0:0:0:0:0:0:1, SessionId=null], Granted Authorities=[TICKET_EDIT, BUILDING_DELETE, TICKET_CHECK_SCORE, BUILDING_EDIT, TICKET_CHECK_CLOSE, BUILDING_CREATE, REPORT_VIEW, ROLE_ADMIN, TICKET_CREATE, TICKET_DELETE]]]
12:14:40.490 [https-jsse-nio-8443-exec-6] DEBUG o.s.security.web.FilterChainProxy - Securing GET /js/bootstrap.bundle.min.js
12:14:40.490 [https-jsse-nio-8443-exec-8] DEBUG o.s.security.web.FilterChainProxy - Securing GET /rest/images/698248640819562cf6f09a53/raw
12:14:40.490 [https-jsse-nio-8443-exec-6] DEBUG o.s.s.w.a.c.ChannelProcessingFilter - Request: filter invocation [GET /js/bootstrap.bundle.min.js]; ConfigAttributes: [REQUIRES_SECURE_CHANNEL]
12:14:40.490 [https-jsse-nio-8443-exec-8] DEBUG o.s.s.w.a.c.ChannelProcessingFilter - Request: filter invocation [GET /rest/images/698248640819562cf6f09a53/raw]; ConfigAttributes: [REQUIRES_SECURE_CHANNEL]
12:14:40.490 [https-jsse-nio-8443-exec-7] DEBUG o.s.s.w.c.HttpSessionSecurityContextRepository - Retrieved SecurityContextImpl [Authentication=UsernamePasswordAuthenticationToken [Principal=ir.model.entity.CustomUserDetails@435dd609, Credentials=[PROTECTED], Authenticated=true, Details=WebAuthenticationDetails [RemoteIpAddress=0:0:0:0:0:0:0:1, SessionId=null], Granted Authorities=[TICKET_EDIT, BUILDING_DELETE, TICKET_CHECK_SCORE, BUILDING_EDIT, TICKET_CHECK_CLOSE, BUILDING_CREATE, REPORT_VIEW, ROLE_ADMIN, TICKET_CREATE, TICKET_DELETE]]]
12:14:40.490 [https-jsse-nio-8443-exec-6] DEBUG o.s.security.web.FilterChainProxy - Secured GET /js/bootstrap.bundle.min.js
12:14:40.490 [https-jsse-nio-8443-exec-8] DEBUG o.s.s.w.c.HttpSessionSecurityContextRepository - Retrieved SecurityContextImpl [Authentication=UsernamePasswordAuthenticationToken [Principal=ir.model.entity.CustomUserDetails@435dd609, Credentials=[PROTECTED], Authenticated=true, Details=WebAuthenticationDetails [RemoteIpAddress=0:0:0:0:0:0:0:1, SessionId=null], Granted Authorities=[TICKET_EDIT, BUILDING_DELETE, TICKET_CHECK_SCORE, BUILDING_EDIT, TICKET_CHECK_CLOSE, BUILDING_CREATE, REPORT_VIEW, ROLE_ADMIN, TICKET_CREATE, TICKET_DELETE]]]
12:14:40.490 [https-jsse-nio-8443-exec-8] DEBUG o.s.security.web.FilterChainProxy - Secured GET /rest/images/698248640819562cf6f09a53/raw
12:14:40.491 [https-jsse-nio-8443-exec-2] DEBUG o.s.security.web.FilterChainProxy - Securing GET /js/fontawesome.js
12:14:40.491 [https-jsse-nio-8443-exec-2] DEBUG o.s.s.w.a.c.ChannelProcessingFilter - Request: filter invocation [GET /js/fontawesome.js]; ConfigAttributes: [REQUIRES_SECURE_CHANNEL]
12:14:40.491 [https-jsse-nio-8443-exec-2] DEBUG o.s.security.web.FilterChainProxy - Secured GET /js/fontawesome.js
12:14:40.491 [https-jsse-nio-8443-exec-10] DEBUG o.s.security.web.FilterChainProxy - Securing GET /js/toast.js
12:14:40.491 [https-jsse-nio-8443-exec-10] DEBUG o.s.s.w.a.c.ChannelProcessingFilter - Request: filter invocation [GET /js/toast.js]; ConfigAttributes: [REQUIRES_SECURE_CHANNEL]
12:14:40.491 [https-jsse-nio-8443-exec-8] DEBUG o.s.jdbc.datasource.DataSourceUtils - Setting JDBC Connection [HikariProxyConnection@431859717 wrapping oracle.jdbc.driver.T4CConnection@64f4b243] read-only
12:14:40.491 [https-jsse-nio-8443-exec-10] DEBUG o.s.security.web.FilterChainProxy - Secured GET /js/toast.js
12:14:40.492 [https-jsse-nio-8443-exec-8] DEBUG o.h.e.t.internal.TransactionImpl - On TransactionImpl creation, JpaCompliance#isJpaTransactionComplianceEnabled == false
12:14:40.492 [https-jsse-nio-8443-exec-8] DEBUG o.h.e.t.internal.TransactionImpl - begin
12:14:40.492 [https-jsse-nio-8443-exec-8] DEBUG org.hibernate.SQL - 
    select
        u1_0.username,
        u1_0.account_non_expired,
        u1_0.account_non_locked,
        u1_0.credentials_expiry_date,
        u1_0.credentials_non_expired,
        u1_0.deleted,
        u1_0.enabled,
        u1_0.password,
        rs1_0.username,
        rs1_1.name,
        rs1_1.deleted,
        ps1_0.role_name,
        ps1_1.id,
        ps1_1.deleted,
        ps1_1.permission 
    from
        user_tbl u1_0 
    left join
        (user_role_tbl rs1_0 
    join
        role_tbl rs1_1 
            on rs1_1.name=rs1_0.role_name) 
        on u1_0.username=rs1_0.username 
        and ( rs1_1.deleted = 0) 
    left join
        (role_permission_tbl ps1_0 
    join
        permission_tbl ps1_1 
            on ps1_1.id=ps1_0.permission) 
        on rs1_1.name=ps1_0.role_name 
        and ( ps1_1.deleted = 0) 
    where
        u1_0.username=? 
        and (
            u1_0.deleted = 0
        )
12:14:40.492 [https-jsse-nio-8443-exec-8] TRACE org.hibernate.orm.jdbc.bind - binding parameter (1:VARCHAR) <- [ali]
12:14:40.493 [https-jsse-nio-8443-exec-10] DEBUG o.s.s.w.c.HttpSessionSecurityContextRepository - Retrieved SecurityContextImpl [Authentication=UsernamePasswordAuthenticationToken [Principal=ir.model.entity.CustomUserDetails@435dd609, Credentials=[PROTECTED], Authenticated=true, Details=WebAuthenticationDetails [RemoteIpAddress=0:0:0:0:0:0:0:1, SessionId=null], Granted Authorities=[TICKET_EDIT, BUILDING_DELETE, TICKET_CHECK_SCORE, BUILDING_EDIT, TICKET_CHECK_CLOSE, BUILDING_CREATE, REPORT_VIEW, ROLE_ADMIN, TICKET_CREATE, TICKET_DELETE]]]
12:14:40.493 [https-jsse-nio-8443-exec-8] TRACE org.hibernate.orm.jdbc.extract - extracted value (9:VARCHAR) -> [ali]
12:14:40.493 [https-jsse-nio-8443-exec-8] TRACE org.hibernate.orm.jdbc.extract - extracted value (10:VARCHAR) -> [ROLE_ADMIN]
12:14:40.493 [https-jsse-nio-8443-exec-8] TRACE org.hibernate.orm.jdbc.extract - extracted value (12:VARCHAR) -> [ROLE_ADMIN]
12:14:40.493 [https-jsse-nio-8443-exec-8] TRACE org.hibernate.orm.jdbc.extract - extracted value (13:BIGINT) -> [1]
12:14:40.493 [https-jsse-nio-8443-exec-8] TRACE org.hibernate.orm.jdbc.extract - extracted value (14:BOOLEAN) -> [false]
12:14:40.493 [https-jsse-nio-8443-exec-8] TRACE org.hibernate.orm.jdbc.extract - extracted value (15:VARCHAR) -> [TICKET_CREATE]
12:14:40.494 [https-jsse-nio-8443-exec-8] TRACE org.hibernate.orm.jdbc.extract - extracted value (11:BOOLEAN) -> [false]
12:14:40.494 [https-jsse-nio-8443-exec-8] TRACE org.hibernate.orm.jdbc.extract - extracted value (2:BOOLEAN) -> [true]
12:14:40.494 [https-jsse-nio-8443-exec-8] TRACE org.hibernate.orm.jdbc.extract - extracted value (3:BOOLEAN) -> [true]
12:14:40.494 [https-jsse-nio-8443-exec-8] TRACE org.hibernate.orm.jdbc.extract - extracted value (4:TIMESTAMP) -> [2026-08-03T18:03:44.737555]
12:14:40.494 [https-jsse-nio-8443-exec-8] TRACE org.hibernate.orm.jdbc.extract - extracted value (5:BOOLEAN) -> [true]
12:14:40.494 [https-jsse-nio-8443-exec-8] TRACE org.hibernate.orm.jdbc.extract - extracted value (6:BOOLEAN) -> [false]
12:14:40.494 [https-jsse-nio-8443-exec-8] TRACE org.hibernate.orm.jdbc.extract - extracted value (7:BOOLEAN) -> [true]
12:14:40.494 [https-jsse-nio-8443-exec-8] TRACE org.hibernate.orm.jdbc.extract - extracted value (8:VARCHAR) -> [$2a$12$zWjkkNI6AJKAxh71k9FGeekl8NyE861fVAn0dtmHT4Ve90RbP/.qO]
12:14:40.494 [https-jsse-nio-8443-exec-8] TRACE org.hibernate.orm.jdbc.extract - extracted value (10:VARCHAR) -> [ROLE_ADMIN]
12:14:40.494 [https-jsse-nio-8443-exec-8] TRACE org.hibernate.orm.jdbc.extract - extracted value (13:BIGINT) -> [2]
12:14:40.494 [https-jsse-nio-8443-exec-8] TRACE org.hibernate.orm.jdbc.extract - extracted value (14:BOOLEAN) -> [false]
12:14:40.494 [https-jsse-nio-8443-exec-8] TRACE org.hibernate.orm.jdbc.extract - extracted value (15:VARCHAR) -> [TICKET_EDIT]
12:14:40.494 [https-jsse-nio-8443-exec-8] TRACE org.hibernate.orm.jdbc.extract - extracted value (10:VARCHAR) -> [ROLE_ADMIN]
12:14:40.494 [https-jsse-nio-8443-exec-8] TRACE org.hibernate.orm.jdbc.extract - extracted value (13:BIGINT) -> [3]
12:14:40.494 [https-jsse-nio-8443-exec-8] TRACE org.hibernate.orm.jdbc.extract - extracted value (14:BOOLEAN) -> [false]
12:14:40.494 [https-jsse-nio-8443-exec-8] TRACE org.hibernate.orm.jdbc.extract - extracted value (15:VARCHAR) -> [TICKET_DELETE]
12:14:40.495 [https-jsse-nio-8443-exec-8] TRACE org.hibernate.orm.jdbc.extract - extracted value (10:VARCHAR) -> [ROLE_ADMIN]
12:14:40.495 [https-jsse-nio-8443-exec-8] TRACE org.hibernate.orm.jdbc.extract - extracted value (13:BIGINT) -> [4]
12:14:40.495 [https-jsse-nio-8443-exec-8] TRACE org.hibernate.orm.jdbc.extract - extracted value (14:BOOLEAN) -> [false]
12:14:40.495 [https-jsse-nio-8443-exec-8] TRACE org.hibernate.orm.jdbc.extract - extracted value (15:VARCHAR) -> [REPORT_VIEW]
12:14:40.495 [https-jsse-nio-8443-exec-4] DEBUG o.s.security.web.FilterChainProxy - Securing GET /js/script.js
12:14:40.495 [https-jsse-nio-8443-exec-8] TRACE org.hibernate.orm.jdbc.extract - extracted value (10:VARCHAR) -> [ROLE_ADMIN]
12:14:40.495 [https-jsse-nio-8443-exec-8] TRACE org.hibernate.orm.jdbc.extract - extracted value (13:BIGINT) -> [5]
12:14:40.495 [https-jsse-nio-8443-exec-8] TRACE org.hibernate.orm.jdbc.extract - extracted value (14:BOOLEAN) -> [false]
12:14:40.495 [https-jsse-nio-8443-exec-8] TRACE org.hibernate.orm.jdbc.extract - extracted value (15:VARCHAR) -> [TICKET_CHECK_SCORE]
12:14:40.495 [https-jsse-nio-8443-exec-4] DEBUG o.s.s.w.a.c.ChannelProcessingFilter - Request: filter invocation [GET /js/script.js]; ConfigAttributes: [REQUIRES_SECURE_CHANNEL]
12:14:40.495 [https-jsse-nio-8443-exec-8] TRACE org.hibernate.orm.jdbc.extract - extracted value (10:VARCHAR) -> [ROLE_ADMIN]
12:14:40.495 [https-jsse-nio-8443-exec-8] TRACE org.hibernate.orm.jdbc.extract - extracted value (13:BIGINT) -> [6]
12:14:40.495 [https-jsse-nio-8443-exec-8] TRACE org.hibernate.orm.jdbc.extract - extracted value (14:BOOLEAN) -> [false]
12:14:40.495 [https-jsse-nio-8443-exec-8] TRACE org.hibernate.orm.jdbc.extract - extracted value (15:VARCHAR) -> [TICKET_CHECK_CLOSE]
12:14:40.495 [https-jsse-nio-8443-exec-8] TRACE org.hibernate.orm.jdbc.extract - extracted value (10:VARCHAR) -> [ROLE_ADMIN]
12:14:40.495 [https-jsse-nio-8443-exec-8] TRACE org.hibernate.orm.jdbc.extract - extracted value (13:BIGINT) -> [7]
12:14:40.495 [https-jsse-nio-8443-exec-8] TRACE org.hibernate.orm.jdbc.extract - extracted value (14:BOOLEAN) -> [false]
12:14:40.495 [https-jsse-nio-8443-exec-8] TRACE org.hibernate.orm.jdbc.extract - extracted value (15:VARCHAR) -> [BUILDING_CREATE]
12:14:40.495 [https-jsse-nio-8443-exec-8] TRACE org.hibernate.orm.jdbc.extract - extracted value (10:VARCHAR) -> [ROLE_ADMIN]
12:14:40.495 [https-jsse-nio-8443-exec-4] DEBUG o.s.security.web.FilterChainProxy - Secured GET /js/script.js
12:14:40.495 [https-jsse-nio-8443-exec-8] TRACE org.hibernate.orm.jdbc.extract - extracted value (13:BIGINT) -> [8]
12:14:40.495 [https-jsse-nio-8443-exec-8] TRACE org.hibernate.orm.jdbc.extract - extracted value (14:BOOLEAN) -> [false]
12:14:40.495 [https-jsse-nio-8443-exec-8] TRACE org.hibernate.orm.jdbc.extract - extracted value (15:VARCHAR) -> [BUILDING_EDIT]
12:14:40.495 [https-jsse-nio-8443-exec-8] TRACE org.hibernate.orm.jdbc.extract - extracted value (10:VARCHAR) -> [ROLE_ADMIN]
12:14:40.495 [https-jsse-nio-8443-exec-8] TRACE org.hibernate.orm.jdbc.extract - extracted value (13:BIGINT) -> [9]
12:14:40.495 [https-jsse-nio-8443-exec-8] TRACE org.hibernate.orm.jdbc.extract - extracted value (14:BOOLEAN) -> [false]
12:14:40.496 [https-jsse-nio-8443-exec-8] TRACE org.hibernate.orm.jdbc.extract - extracted value (15:VARCHAR) -> [BUILDING_DELETE]
12:14:40.496 [https-jsse-nio-8443-exec-8] DEBUG o.h.e.t.internal.TransactionImpl - committing
12:14:40.496 [https-jsse-nio-8443-exec-8] DEBUG o.s.jdbc.datasource.DataSourceUtils - Resetting read-only flag of JDBC Connection [HikariProxyConnection@431859717 wrapping oracle.jdbc.driver.T4CConnection@64f4b243]
12:14:40.497 [https-jsse-nio-8443-exec-4] DEBUG o.s.s.w.c.HttpSessionSecurityContextRepository - Retrieved SecurityContextImpl [Authentication=UsernamePasswordAuthenticationToken [Principal=ir.model.entity.CustomUserDetails@435dd609, Credentials=[PROTECTED], Authenticated=true, Details=WebAuthenticationDetails [RemoteIpAddress=0:0:0:0:0:0:0:1, SessionId=null], Granted Authorities=[TICKET_EDIT, BUILDING_DELETE, TICKET_CHECK_SCORE, BUILDING_EDIT, TICKET_CHECK_CLOSE, BUILDING_CREATE, REPORT_VIEW, ROLE_ADMIN, TICKET_CREATE, TICKET_DELETE]]]
12:14:40.498 [https-jsse-nio-8443-exec-8] DEBUG org.hibernate.SQL - 
    /* <criteria> */ select
        n1_0.id,
        n1_0.created_at,
        n1_0.is_read,
        n1_0.link,
        n1_0.message,
        n1_0.title,
        n1_0.username 
    from
        notification_table n1_0 
    where
        n1_0.username=? 
        and n1_0.is_read=0 
    order by
        n1_0.created_at desc 
    fetch
        first ? rows only
12:14:40.498 [https-jsse-nio-8443-exec-6] DEBUG o.s.s.w.c.HttpSessionSecurityContextRepository - Retrieved SecurityContextImpl [Authentication=UsernamePasswordAuthenticationToken [Principal=ir.model.entity.CustomUserDetails@435dd609, Credentials=[PROTECTED], Authenticated=true, Details=WebAuthenticationDetails [RemoteIpAddress=0:0:0:0:0:0:0:1, SessionId=null], Granted Authorities=[TICKET_EDIT, BUILDING_DELETE, TICKET_CHECK_SCORE, BUILDING_EDIT, TICKET_CHECK_CLOSE, BUILDING_CREATE, REPORT_VIEW, ROLE_ADMIN, TICKET_CREATE, TICKET_DELETE]]]
12:14:40.498 [https-jsse-nio-8443-exec-8] TRACE org.hibernate.orm.jdbc.bind - binding parameter (1:VARCHAR) <- [ali]
12:14:40.498 [https-jsse-nio-8443-exec-8] TRACE org.hibernate.orm.jdbc.bind - binding parameter (2:INTEGER) <- [5]
12:14:40.498 [https-jsse-nio-8443-exec-5] DEBUG o.s.security.web.FilterChainProxy - Securing GET /js/messages-api.js
12:14:40.499 [https-jsse-nio-8443-exec-5] DEBUG o.s.s.w.a.c.ChannelProcessingFilter - Request: filter invocation [GET /js/messages-api.js]; ConfigAttributes: [REQUIRES_SECURE_CHANNEL]
12:14:40.499 [https-jsse-nio-8443-exec-5] DEBUG o.s.security.web.FilterChainProxy - Secured GET /js/messages-api.js
12:14:40.500 [https-jsse-nio-8443-exec-8] DEBUG org.hibernate.SQL - 
    /* <criteria> */ select
        count(n1_0.id) 
    from
        notification_table n1_0 
    where
        n1_0.username=? 
        and n1_0.is_read=0
12:14:40.500 [https-jsse-nio-8443-exec-8] TRACE org.hibernate.orm.jdbc.bind - binding parameter (1:VARCHAR) <- [ali]
12:14:40.501 [https-jsse-nio-8443-exec-8] TRACE org.hibernate.orm.jdbc.extract - extracted value (1:BIGINT) -> [0]
12:14:40.501 [https-jsse-nio-8443-exec-1] DEBUG o.s.s.w.c.HttpSessionSecurityContextRepository - Retrieved SecurityContextImpl [Authentication=UsernamePasswordAuthenticationToken [Principal=ir.model.entity.CustomUserDetails@435dd609, Credentials=[PROTECTED], Authenticated=true, Details=WebAuthenticationDetails [RemoteIpAddress=0:0:0:0:0:0:0:1, SessionId=null], Granted Authorities=[TICKET_EDIT, BUILDING_DELETE, TICKET_CHECK_SCORE, BUILDING_EDIT, TICKET_CHECK_CLOSE, BUILDING_CREATE, REPORT_VIEW, ROLE_ADMIN, TICKET_CREATE, TICKET_DELETE]]]
12:14:40.502 [https-jsse-nio-8443-exec-8] DEBUG org.hibernate.SQL - 
    /* <criteria> */ select
        count(t1_0.id) 
    from
        ticket_tbl t1_0 
    where
        (
            t1_0.deleted = 0
        ) 
        and t1_0.status=?
12:14:40.502 [https-jsse-nio-8443-exec-8] TRACE org.hibernate.orm.jdbc.bind - binding parameter (1:TINYINT) <- [NotSeen]
12:14:40.503 [https-jsse-nio-8443-exec-8] TRACE org.hibernate.orm.jdbc.extract - extracted value (1:BIGINT) -> [0]
12:14:40.503 [https-jsse-nio-8443-exec-8] INFO  i.c.exception.ResponseAspect - Web Controller: addNotifications
12:14:40.503 [https-jsse-nio-8443-exec-8] DEBUG o.s.jdbc.datasource.DataSourceUtils - Setting JDBC Connection [HikariProxyConnection@431859717 wrapping oracle.jdbc.driver.T4CConnection@64f4b243] read-only
12:14:40.503 [https-jsse-nio-8443-exec-8] DEBUG o.h.e.t.internal.TransactionImpl - begin
12:14:40.505 [https-jsse-nio-8443-exec-8] DEBUG o.h.e.t.internal.TransactionImpl - committing
12:14:40.506 [https-jsse-nio-8443-exec-8] DEBUG o.s.jdbc.datasource.DataSourceUtils - Resetting read-only flag of JDBC Connection [HikariProxyConnection@431859717 wrapping oracle.jdbc.driver.T4CConnection@64f4b243]
12:14:40.507 [https-jsse-nio-8443-exec-8] INFO  i.c.exception.ResponseAspect - API: streamImage
12:14:40.514 [https-jsse-nio-8443-exec-3] DEBUG o.s.s.w.c.HttpSessionSecurityContextRepository - Retrieved SecurityContextImpl [Authentication=UsernamePasswordAuthenticationToken [Principal=ir.model.entity.CustomUserDetails@435dd609, Credentials=[PROTECTED], Authenticated=true, Details=WebAuthenticationDetails [RemoteIpAddress=0:0:0:0:0:0:0:1, SessionId=null], Granted Authorities=[TICKET_EDIT, BUILDING_DELETE, TICKET_CHECK_SCORE, BUILDING_EDIT, TICKET_CHECK_CLOSE, BUILDING_CREATE, REPORT_VIEW, ROLE_ADMIN, TICKET_CREATE, TICKET_DELETE]]]
12:14:40.525 [https-jsse-nio-8443-exec-5] DEBUG o.s.s.w.c.HttpSessionSecurityContextRepository - Retrieved SecurityContextImpl [Authentication=UsernamePasswordAuthenticationToken [Principal=ir.model.entity.CustomUserDetails@435dd609, Credentials=[PROTECTED], Authenticated=true, Details=WebAuthenticationDetails [RemoteIpAddress=0:0:0:0:0:0:0:1, SessionId=null], Granted Authorities=[TICKET_EDIT, BUILDING_DELETE, TICKET_CHECK_SCORE, BUILDING_EDIT, TICKET_CHECK_CLOSE, BUILDING_CREATE, REPORT_VIEW, ROLE_ADMIN, TICKET_CREATE, TICKET_DELETE]]]
12:14:40.557 [https-jsse-nio-8443-exec-7] DEBUG o.s.security.web.FilterChainProxy - Securing GET /webfonts/fa-brands-400.woff2
12:14:40.557 [https-jsse-nio-8443-exec-9] DEBUG o.s.security.web.FilterChainProxy - Securing GET /webfonts/fa-solid-900.woff2
12:14:40.557 [https-jsse-nio-8443-exec-9] DEBUG o.s.s.w.a.c.ChannelProcessingFilter - Request: filter invocation [GET /webfonts/fa-solid-900.woff2]; ConfigAttributes: [REQUIRES_SECURE_CHANNEL]
12:14:40.557 [https-jsse-nio-8443-exec-7] DEBUG o.s.s.w.a.c.ChannelProcessingFilter - Request: filter invocation [GET /webfonts/fa-brands-400.woff2]; ConfigAttributes: [REQUIRES_SECURE_CHANNEL]
12:14:40.557 [https-jsse-nio-8443-exec-9] DEBUG o.s.s.w.c.HttpSessionSecurityContextRepository - Retrieved SecurityContextImpl [Authentication=UsernamePasswordAuthenticationToken [Principal=ir.model.entity.CustomUserDetails@435dd609, Credentials=[PROTECTED], Authenticated=true, Details=WebAuthenticationDetails [RemoteIpAddress=0:0:0:0:0:0:0:1, SessionId=null], Granted Authorities=[TICKET_EDIT, BUILDING_DELETE, TICKET_CHECK_SCORE, BUILDING_EDIT, TICKET_CHECK_CLOSE, BUILDING_CREATE, REPORT_VIEW, ROLE_ADMIN, TICKET_CREATE, TICKET_DELETE]]]
12:14:40.557 [https-jsse-nio-8443-exec-9] DEBUG o.s.security.web.FilterChainProxy - Secured GET /webfonts/fa-solid-900.woff2
12:14:40.557 [https-jsse-nio-8443-exec-7] DEBUG o.s.s.w.c.HttpSessionSecurityContextRepository - Retrieved SecurityContextImpl [Authentication=UsernamePasswordAuthenticationToken [Principal=ir.model.entity.CustomUserDetails@435dd609, Credentials=[PROTECTED], Authenticated=true, Details=WebAuthenticationDetails [RemoteIpAddress=0:0:0:0:0:0:0:1, SessionId=null], Granted Authorities=[TICKET_EDIT, BUILDING_DELETE, TICKET_CHECK_SCORE, BUILDING_EDIT, TICKET_CHECK_CLOSE, BUILDING_CREATE, REPORT_VIEW, ROLE_ADMIN, TICKET_CREATE, TICKET_DELETE]]]
12:14:40.558 [https-jsse-nio-8443-exec-7] DEBUG o.s.security.web.FilterChainProxy - Secured GET /webfonts/fa-brands-400.woff2
12:14:40.593 [scheduling-1] DEBUG o.h.e.t.internal.TransactionImpl - On TransactionImpl creation, JpaCompliance#isJpaTransactionComplianceEnabled == false
12:14:40.593 [scheduling-1] DEBUG o.h.e.t.internal.TransactionImpl - begin
12:14:40.594 [scheduling-1] DEBUG org.hibernate.SQL - 
    /* <criteria> */ select
        oe1_0.id,
        oe1_0.aggregate_id,
        oe1_0.aggregate_type,
        oe1_0.created_at,
        oe1_0.deleted,
        oe1_0.event_type,
        oe1_0.payload,
        oe1_0.published 
    from
        outbox_tbl oe1_0 
    where
        (
            oe1_0.deleted = 0
        ) 
        and oe1_0.published=0 
    order by
        oe1_0.created_at
12:14:40.595 [scheduling-1] DEBUG o.h.e.t.internal.TransactionImpl - committing
12:14:41.042 [https-jsse-nio-8443-exec-2] DEBUG o.s.s.w.c.HttpSessionSecurityContextRepository - Retrieved SecurityContextImpl [Authentication=UsernamePasswordAuthenticationToken [Principal=ir.model.entity.CustomUserDetails@435dd609, Credentials=[PROTECTED], Authenticated=true, Details=WebAuthenticationDetails [RemoteIpAddress=0:0:0:0:0:0:0:1, SessionId=null], Granted Authorities=[TICKET_EDIT, BUILDING_DELETE, TICKET_CHECK_SCORE, BUILDING_EDIT, TICKET_CHECK_CLOSE, BUILDING_CREATE, REPORT_VIEW, ROLE_ADMIN, TICKET_CREATE, TICKET_DELETE]]]
12:14:42.604 [scheduling-1] DEBUG o.h.e.t.internal.TransactionImpl - On TransactionImpl creation, JpaCompliance#isJpaTransactionComplianceEnabled == false
12:14:42.604 [scheduling-1] DEBUG o.h.e.t.internal.TransactionImpl - begin
12:14:42.606 [scheduling-1] DEBUG org.hibernate.SQL - 
    /* <criteria> */ select
        oe1_0.id,
        oe1_0.aggregate_id,
        oe1_0.aggregate_type,
        oe1_0.created_at,
        oe1_0.deleted,
        oe1_0.event_type,
        oe1_0.payload,
        oe1_0.published 
    from
        outbox_tbl oe1_0 
    where
        (
            oe1_0.deleted = 0
        ) 
        and oe1_0.published=0 
    order by
        oe1_0.created_at
12:14:42.606 [scheduling-1] DEBUG o.h.e.t.internal.TransactionImpl - committing
12:14:44.617 [scheduling-1] DEBUG o.h.e.t.internal.TransactionImpl - On TransactionImpl creation, JpaCompliance#isJpaTransactionComplianceEnabled == false
12:14:44.617 [scheduling-1] DEBUG o.h.e.t.internal.TransactionImpl - begin
12:14:44.620 [scheduling-1] DEBUG org.hibernate.SQL - 
    /* <criteria> */ select
        oe1_0.id,
        oe1_0.aggregate_id,
        oe1_0.aggregate_type,
        oe1_0.created_at,
        oe1_0.deleted,
        oe1_0.event_type,
        oe1_0.payload,
        oe1_0.published 
    from
        outbox_tbl oe1_0 
    where
        (
            oe1_0.deleted = 0
        ) 
        and oe1_0.published=0 
    order by
        oe1_0.created_at
12:14:44.621 [scheduling-1] DEBUG o.h.e.t.internal.TransactionImpl - committing
12:14:44.733 [org.springframework.kafka.KafkaListenerEndpointContainer#0-0-C-1] INFO  o.a.k.c.c.i.ConsumerCoordinator - [Consumer clientId=consumer-building-service-updater-1, groupId=building-service-updater] Resetting generation and member id due to: consumer pro-actively leaving the group
12:14:44.733 [org.springframework.kafka.KafkaListenerEndpointContainer#0-0-C-1] INFO  o.a.k.c.c.i.ConsumerCoordinator - [Consumer clientId=consumer-building-service-updater-1, groupId=building-service-updater] Request joining group due to: consumer pro-actively leaving the group
12:14:44.733 [org.springframework.kafka.KafkaListenerEndpointContainer#0-0-C-1] INFO  o.a.k.c.c.i.LegacyKafkaConsumer - [Consumer clientId=consumer-building-service-updater-1, groupId=building-service-updater] Unsubscribed all topics or patterns and assigned partitions
12:14:44.734 [org.springframework.kafka.KafkaListenerEndpointContainer#0-0-C-1] INFO  o.a.k.c.c.i.ConsumerCoordinator - [Consumer clientId=consumer-building-service-updater-1, groupId=building-service-updater] Resetting generation and member id due to: consumer pro-actively leaving the group
12:14:44.734 [org.springframework.kafka.KafkaListenerEndpointContainer#0-0-C-1] INFO  o.a.k.c.c.i.ConsumerCoordinator - [Consumer clientId=consumer-building-service-updater-1, groupId=building-service-updater] Request joining group due to: consumer pro-actively leaving the group
12:14:44.736 [org.springframework.kafka.KafkaListenerEndpointContainer#0-0-C-1] INFO  o.a.kafka.common.metrics.Metrics - Metrics scheduler closed
12:14:44.736 [org.springframework.kafka.KafkaListenerEndpointContainer#0-0-C-1] INFO  o.a.kafka.common.metrics.Metrics - Closing reporter org.apache.kafka.common.metrics.JmxReporter
12:14:44.736 [org.springframework.kafka.KafkaListenerEndpointContainer#0-0-C-1] INFO  o.a.kafka.common.metrics.Metrics - Closing reporter org.apache.kafka.common.telemetry.internals.ClientTelemetryReporter
12:14:44.736 [org.springframework.kafka.KafkaListenerEndpointContainer#0-0-C-1] INFO  o.a.kafka.common.metrics.Metrics - Metrics reporters closed
12:14:44.740 [org.springframework.kafka.KafkaListenerEndpointContainer#0-0-C-1] INFO  o.a.kafka.common.utils.AppInfoParser - App info kafka.consumer for consumer-building-service-updater-1 unregistered
12:14:44.741 [org.springframework.kafka.KafkaListenerEndpointContainer#0-0-C-1] INFO  o.s.k.l.KafkaMessageListenerContainer - building-service-updater: Consumer stopped
12:14:44.743 [SpringApplicationShutdownHook] INFO  o.s.b.w.e.tomcat.GracefulShutdown - Commencing graceful shutdown. Waiting for active requests to complete
12:14:45.042 [tomcat-shutdown] INFO  o.s.b.w.e.tomcat.GracefulShutdown - Graceful shutdown complete
12:14:45.067 [SpringApplicationShutdownHook] INFO  o.s.o.j.LocalContainerEntityManagerFactoryBean - Closing JPA EntityManagerFactory for persistence unit 'default'
12:14:45.069 [SpringApplicationShutdownHook] INFO  com.zaxxer.hikari.HikariDataSource - HikariPool-1 - Shutdown initiated...
12:14:45.078 [SpringApplicationShutdownHook] INFO  com.zaxxer.hikari.HikariDataSource - HikariPool-1 - Shutdown completed.
