13:56:41.055 [background-preinit] INFO  o.h.validator.internal.util.Version - HV000001: Hibernate Validator 8.0.2.Final
13:56:41.104 [restartedMain] INFO  ir.TicketingSpringSample - Starting TicketingSpringSample using Java 17.0.12 with PID 16484 (D:\JAVA\MFT learning\projects\Spring\ticketing_spring_sample\target\classes started by arbab in D:\JAVA\MFT learning\projects\Spring\ticketing_spring_sample)
13:56:41.104 [restartedMain] INFO  ir.TicketingSpringSample - The following 1 profile is active: "dev"
13:56:41.151 [restartedMain] INFO  o.s.b.d.restart.ChangeableUrls - The Class-Path manifest attribute in C:\Users\arbab\.m2\repository\com\oracle\database\jdbc\ojdbc11\21.9.0.0\ojdbc11-21.9.0.0.jar referenced one or more files that do not exist: file:/C:/Users/arbab/.m2/repository/com/oracle/database/jdbc/ojdbc11/21.9.0.0/oraclepki.jar
13:56:41.151 [restartedMain] INFO  o.s.b.d.e.DevToolsPropertyDefaultsPostProcessor - Devtools property defaults active! Set 'spring.devtools.add-properties' to 'false' to disable
13:56:41.151 [restartedMain] INFO  o.s.b.d.e.DevToolsPropertyDefaultsPostProcessor - For additional web related logging consider setting the 'logging.level.web' property to 'DEBUG'
13:56:41.923 [restartedMain] INFO  o.s.b.f.s.DefaultListableBeanFactory - Overriding bean definition for bean 'localeResolver' with a different definition: replacing [Root bean: class=null; scope=; abstract=false; lazyInit=null; autowireMode=3; dependencyCheck=0; autowireCandidate=true; primary=false; fallback=false; factoryBeanName=org.springframework.web.servlet.config.annotation.DelegatingWebMvcConfiguration; factoryMethodName=localeResolver; initMethodNames=null; destroyMethodNames=[(inferred)]; defined in class path resource [org/springframework/web/servlet/config/annotation/DelegatingWebMvcConfiguration.class]] with [Root bean: class=null; scope=; abstract=false; lazyInit=null; autowireMode=3; dependencyCheck=0; autowireCandidate=true; primary=false; fallback=false; factoryBeanName=webConfig; factoryMethodName=localeResolver; initMethodNames=null; destroyMethodNames=[(inferred)]; defined in class path resource [ir/config/WebConfig.class]]
13:56:41.929 [restartedMain] INFO  o.s.d.r.c.RepositoryConfigurationDelegate - Multiple Spring Data modules found, entering strict repository configuration mode
13:56:41.930 [restartedMain] INFO  o.s.d.r.c.RepositoryConfigurationDelegate - Bootstrapping Spring Data JPA repositories in DEFAULT mode.
13:56:42.066 [restartedMain] INFO  o.s.d.r.c.RepositoryConfigurationExtensionSupport - Spring Data JPA - Could not safely identify store assignment for repository candidate interface ir.repository.ImageRepository; If you want this repository to be a JPA repository, consider annotating your entities with one of these annotations: jakarta.persistence.Entity, jakarta.persistence.MappedSuperclass (preferred), or consider extending one of the following types with your repository: org.springframework.data.jpa.repository.JpaRepository
13:56:42.113 [restartedMain] INFO  o.s.d.r.c.RepositoryConfigurationDelegate - Finished Spring Data repository scanning in 175 ms. Found 10 JPA repository interfaces.
13:56:42.477 [restartedMain] INFO  o.s.d.r.c.RepositoryConfigurationDelegate - Multiple Spring Data modules found, entering strict repository configuration mode
13:56:42.477 [restartedMain] INFO  o.s.d.r.c.RepositoryConfigurationDelegate - Bootstrapping Spring Data MongoDB repositories in DEFAULT mode.
13:56:42.489 [restartedMain] INFO  o.s.d.r.c.RepositoryConfigurationExtensionSupport - Spring Data MongoDB - Could not safely identify store assignment for repository candidate interface ir.repository.AttachmentRepository; If you want this repository to be a MongoDB repository, consider annotating your entities with one of these annotations: org.springframework.data.mongodb.core.mapping.Document (preferred), or consider extending one of the following types with your repository: org.springframework.data.mongodb.repository.MongoRepository
13:56:42.489 [restartedMain] INFO  o.s.d.r.c.RepositoryConfigurationExtensionSupport - Spring Data MongoDB - Could not safely identify store assignment for repository candidate interface ir.repository.BuildingRepository; If you want this repository to be a MongoDB repository, consider annotating your entities with one of these annotations: org.springframework.data.mongodb.core.mapping.Document (preferred), or consider extending one of the following types with your repository: org.springframework.data.mongodb.repository.MongoRepository
13:56:42.489 [restartedMain] INFO  o.s.d.r.c.RepositoryConfigurationExtensionSupport - Spring Data MongoDB - Could not safely identify store assignment for repository candidate interface ir.repository.MessageRepository; If you want this repository to be a MongoDB repository, consider annotating your entities with one of these annotations: org.springframework.data.mongodb.core.mapping.Document (preferred), or consider extending one of the following types with your repository: org.springframework.data.mongodb.repository.MongoRepository
13:56:42.489 [restartedMain] INFO  o.s.d.r.c.RepositoryConfigurationExtensionSupport - Spring Data MongoDB - Could not safely identify store assignment for repository candidate interface ir.repository.OutboxRepository; If you want this repository to be a MongoDB repository, consider annotating your entities with one of these annotations: org.springframework.data.mongodb.core.mapping.Document (preferred), or consider extending one of the following types with your repository: org.springframework.data.mongodb.repository.MongoRepository
13:56:42.489 [restartedMain] INFO  o.s.d.r.c.RepositoryConfigurationExtensionSupport - Spring Data MongoDB - Could not safely identify store assignment for repository candidate interface ir.repository.PermissionRepository; If you want this repository to be a MongoDB repository, consider annotating your entities with one of these annotations: org.springframework.data.mongodb.core.mapping.Document (preferred), or consider extending one of the following types with your repository: org.springframework.data.mongodb.repository.MongoRepository
13:56:42.490 [restartedMain] INFO  o.s.d.r.c.RepositoryConfigurationExtensionSupport - Spring Data MongoDB - Could not safely identify store assignment for repository candidate interface ir.repository.ProfileRepository; If you want this repository to be a MongoDB repository, consider annotating your entities with one of these annotations: org.springframework.data.mongodb.core.mapping.Document (preferred), or consider extending one of the following types with your repository: org.springframework.data.mongodb.repository.MongoRepository
13:56:42.490 [restartedMain] INFO  o.s.d.r.c.RepositoryConfigurationExtensionSupport - Spring Data MongoDB - Could not safely identify store assignment for repository candidate interface ir.repository.RoleRepository; If you want this repository to be a MongoDB repository, consider annotating your entities with one of these annotations: org.springframework.data.mongodb.core.mapping.Document (preferred), or consider extending one of the following types with your repository: org.springframework.data.mongodb.repository.MongoRepository
13:56:42.490 [restartedMain] INFO  o.s.d.r.c.RepositoryConfigurationExtensionSupport - Spring Data MongoDB - Could not safely identify store assignment for repository candidate interface ir.repository.SectionRepository; If you want this repository to be a MongoDB repository, consider annotating your entities with one of these annotations: org.springframework.data.mongodb.core.mapping.Document (preferred), or consider extending one of the following types with your repository: org.springframework.data.mongodb.repository.MongoRepository
13:56:42.490 [restartedMain] INFO  o.s.d.r.c.RepositoryConfigurationExtensionSupport - Spring Data MongoDB - Could not safely identify store assignment for repository candidate interface ir.repository.TicketRepository; If you want this repository to be a MongoDB repository, consider annotating your entities with one of these annotations: org.springframework.data.mongodb.core.mapping.Document (preferred), or consider extending one of the following types with your repository: org.springframework.data.mongodb.repository.MongoRepository
13:56:42.490 [restartedMain] INFO  o.s.d.r.c.RepositoryConfigurationExtensionSupport - Spring Data MongoDB - Could not safely identify store assignment for repository candidate interface ir.repository.UserRepository; If you want this repository to be a MongoDB repository, consider annotating your entities with one of these annotations: org.springframework.data.mongodb.core.mapping.Document (preferred), or consider extending one of the following types with your repository: org.springframework.data.mongodb.repository.MongoRepository
13:56:42.495 [restartedMain] INFO  o.s.d.r.c.RepositoryConfigurationDelegate - Finished Spring Data repository scanning in 16 ms. Found 1 MongoDB repository interface.
13:56:42.503 [restartedMain] INFO  o.s.d.r.c.RepositoryConfigurationDelegate - Multiple Spring Data modules found, entering strict repository configuration mode
13:56:42.504 [restartedMain] INFO  o.s.d.r.c.RepositoryConfigurationDelegate - Bootstrapping Spring Data Redis repositories in DEFAULT mode.
13:56:42.515 [restartedMain] INFO  o.s.d.r.c.RepositoryConfigurationExtensionSupport - Spring Data Redis - Could not safely identify store assignment for repository candidate interface ir.repository.AttachmentRepository; If you want this repository to be a Redis repository, consider annotating your entities with one of these annotations: org.springframework.data.redis.core.RedisHash (preferred), or consider extending one of the following types with your repository: org.springframework.data.keyvalue.repository.KeyValueRepository
13:56:42.516 [restartedMain] INFO  o.s.d.r.c.RepositoryConfigurationExtensionSupport - Spring Data Redis - Could not safely identify store assignment for repository candidate interface ir.repository.BuildingRepository; If you want this repository to be a Redis repository, consider annotating your entities with one of these annotations: org.springframework.data.redis.core.RedisHash (preferred), or consider extending one of the following types with your repository: org.springframework.data.keyvalue.repository.KeyValueRepository
13:56:42.516 [restartedMain] INFO  o.s.d.r.c.RepositoryConfigurationExtensionSupport - Spring Data Redis - Could not safely identify store assignment for repository candidate interface ir.repository.ImageRepository; If you want this repository to be a Redis repository, consider annotating your entities with one of these annotations: org.springframework.data.redis.core.RedisHash (preferred), or consider extending one of the following types with your repository: org.springframework.data.keyvalue.repository.KeyValueRepository
13:56:42.516 [restartedMain] INFO  o.s.d.r.c.RepositoryConfigurationExtensionSupport - Spring Data Redis - Could not safely identify store assignment for repository candidate interface ir.repository.MessageRepository; If you want this repository to be a Redis repository, consider annotating your entities with one of these annotations: org.springframework.data.redis.core.RedisHash (preferred), or consider extending one of the following types with your repository: org.springframework.data.keyvalue.repository.KeyValueRepository
13:56:42.516 [restartedMain] INFO  o.s.d.r.c.RepositoryConfigurationExtensionSupport - Spring Data Redis - Could not safely identify store assignment for repository candidate interface ir.repository.OutboxRepository; If you want this repository to be a Redis repository, consider annotating your entities with one of these annotations: org.springframework.data.redis.core.RedisHash (preferred), or consider extending one of the following types with your repository: org.springframework.data.keyvalue.repository.KeyValueRepository
13:56:42.516 [restartedMain] INFO  o.s.d.r.c.RepositoryConfigurationExtensionSupport - Spring Data Redis - Could not safely identify store assignment for repository candidate interface ir.repository.PermissionRepository; If you want this repository to be a Redis repository, consider annotating your entities with one of these annotations: org.springframework.data.redis.core.RedisHash (preferred), or consider extending one of the following types with your repository: org.springframework.data.keyvalue.repository.KeyValueRepository
13:56:42.516 [restartedMain] INFO  o.s.d.r.c.RepositoryConfigurationExtensionSupport - Spring Data Redis - Could not safely identify store assignment for repository candidate interface ir.repository.ProfileRepository; If you want this repository to be a Redis repository, consider annotating your entities with one of these annotations: org.springframework.data.redis.core.RedisHash (preferred), or consider extending one of the following types with your repository: org.springframework.data.keyvalue.repository.KeyValueRepository
13:56:42.516 [restartedMain] INFO  o.s.d.r.c.RepositoryConfigurationExtensionSupport - Spring Data Redis - Could not safely identify store assignment for repository candidate interface ir.repository.RoleRepository; If you want this repository to be a Redis repository, consider annotating your entities with one of these annotations: org.springframework.data.redis.core.RedisHash (preferred), or consider extending one of the following types with your repository: org.springframework.data.keyvalue.repository.KeyValueRepository
13:56:42.517 [restartedMain] INFO  o.s.d.r.c.RepositoryConfigurationExtensionSupport - Spring Data Redis - Could not safely identify store assignment for repository candidate interface ir.repository.SectionRepository; If you want this repository to be a Redis repository, consider annotating your entities with one of these annotations: org.springframework.data.redis.core.RedisHash (preferred), or consider extending one of the following types with your repository: org.springframework.data.keyvalue.repository.KeyValueRepository
13:56:42.517 [restartedMain] INFO  o.s.d.r.c.RepositoryConfigurationExtensionSupport - Spring Data Redis - Could not safely identify store assignment for repository candidate interface ir.repository.TicketRepository; If you want this repository to be a Redis repository, consider annotating your entities with one of these annotations: org.springframework.data.redis.core.RedisHash (preferred), or consider extending one of the following types with your repository: org.springframework.data.keyvalue.repository.KeyValueRepository
13:56:42.517 [restartedMain] INFO  o.s.d.r.c.RepositoryConfigurationExtensionSupport - Spring Data Redis - Could not safely identify store assignment for repository candidate interface ir.repository.UserRepository; If you want this repository to be a Redis repository, consider annotating your entities with one of these annotations: org.springframework.data.redis.core.RedisHash (preferred), or consider extending one of the following types with your repository: org.springframework.data.keyvalue.repository.KeyValueRepository
13:56:42.517 [restartedMain] INFO  o.s.d.r.c.RepositoryConfigurationDelegate - Finished Spring Data repository scanning in 5 ms. Found 0 Redis repository interfaces.
13:56:42.743 [restartedMain] INFO  o.s.cloud.context.scope.GenericScope - BeanFactory id=ec8fb375-c6ee-30e9-97e1-8f7fc9dca91b
13:56:43.520 [restartedMain] INFO  o.s.b.w.e.tomcat.TomcatWebServer - Tomcat initialized with port 8443 (https)
13:56:43.529 [restartedMain] INFO  o.a.coyote.http11.Http11NioProtocol - Initializing ProtocolHandler ["https-jsse-nio-8443"]
13:56:43.532 [restartedMain] INFO  o.a.catalina.core.StandardService - Starting service [Tomcat]
13:56:43.532 [restartedMain] INFO  o.a.catalina.core.StandardEngine - Starting Servlet engine: [Apache Tomcat/10.1.36]
13:56:43.580 [restartedMain] INFO  o.a.c.c.C.[Tomcat].[localhost].[/] - Initializing Spring embedded WebApplicationContext
13:56:43.580 [restartedMain] INFO  o.s.b.w.s.c.ServletWebServerApplicationContext - Root WebApplicationContext: initialization completed in 2421 ms
13:56:43.983 [restartedMain] INFO  o.h.jpa.internal.util.LogHelper - HHH000204: Processing PersistenceUnitInfo [name: default]
13:56:44.035 [restartedMain] INFO  org.hibernate.Version - HHH000412: Hibernate ORM core version 6.6.8.Final
13:56:44.070 [restartedMain] INFO  o.h.c.i.RegionFactoryInitiator - HHH000026: Second-level cache disabled
13:56:44.289 [restartedMain] INFO  o.s.o.j.p.SpringPersistenceUnitInfo - No LoadTimeWeaver setup: ignoring JPA class transformer
13:56:44.313 [restartedMain] INFO  com.zaxxer.hikari.HikariDataSource - HikariPool-1 - Starting...
13:56:44.573 [restartedMain] INFO  com.zaxxer.hikari.pool.HikariPool - HikariPool-1 - Added connection oracle.jdbc.driver.T4CConnection@799c2542
13:56:44.574 [restartedMain] INFO  com.zaxxer.hikari.HikariDataSource - HikariPool-1 - Start completed.
13:56:44.695 [restartedMain] WARN  org.hibernate.orm.deprecation - HHH90000025: OracleDialect does not need to be specified explicitly using 'hibernate.dialect' (remove the property setting and it will be selected by default)
13:56:44.716 [restartedMain] INFO  o.hibernate.orm.connections.pooling - HHH10001005: Database info:
	Database JDBC URL [Connecting through datasource 'HikariDataSource (HikariPool-1)']
	Database driver: undefined/unknown
	Database version: 21.0
	Autocommit mode: undefined/unknown
	Isolation level: undefined/unknown
	Minimum pool size: undefined/unknown
	Maximum pool size: undefined/unknown
13:56:45.662 [restartedMain] INFO  o.h.e.t.j.p.i.JtaPlatformInitiator - HHH000489: No JTA platform available (set 'hibernate.transaction.jta.platform' to enable JTA platform integration)
13:56:46.574 [restartedMain] DEBUG org.hibernate.SQL - 
    alter table attachment_tbl 
       modify file_type smallint
13:56:46.579 [restartedMain] DEBUG org.hibernate.SQL - 
    alter table ticket_tbl 
       modify status smallint
13:56:51.259 [restartedMain] INFO  o.s.o.j.LocalContainerEntityManagerFactoryBean - Initialized JPA EntityManagerFactory for persistence unit 'default'
13:56:51.900 [restartedMain] INFO  o.s.d.j.r.query.QueryEnhancerFactory - Hibernate is in classpath; If applicable, HQL parser will be used.
13:56:52.453 [restartedMain] TRACE o.s.c.a.AnnotationCacheOperationSource - Adding cacheable method 'update' with operations: [Builder[public ir.model.entity.Section ir.service.impl.SectionServiceImpl.update(java.lang.Long,ir.model.entity.Section)] caches=[sections, sectionsPageable, sectionsFilter] | key='' | keyGenerator='' | cacheManager='' | cacheResolver='' | condition='',true,false]
13:56:52.457 [restartedMain] TRACE o.s.c.a.AnnotationCacheOperationSource - Adding cacheable method 'save' with operations: [Builder[public ir.model.entity.Section ir.service.impl.SectionServiceImpl.save(ir.model.entity.Section)] caches=[sections, sectionsPageable, sectionsFilter] | key='' | keyGenerator='' | cacheManager='' | cacheResolver='' | condition='',true,false]
13:56:52.457 [restartedMain] TRACE o.s.c.a.AnnotationCacheOperationSource - Adding cacheable method 'findAll' with operations: [Builder[public org.springframework.data.domain.Page ir.service.impl.SectionServiceImpl.findAll(org.springframework.data.domain.Pageable)] caches=[sectionsPageable] | key='' | keyGenerator='' | cacheManager='' | cacheResolver='' | condition='' | unless='' | sync='false']
13:56:52.457 [restartedMain] TRACE o.s.c.a.AnnotationCacheOperationSource - Adding cacheable method 'findAll' with operations: [Builder[public java.util.List ir.service.impl.SectionServiceImpl.findAll()] caches=[sections] | key='' | keyGenerator='' | cacheManager='' | cacheResolver='' | condition='' | unless='' | sync='false']
13:56:52.458 [restartedMain] TRACE o.s.c.a.AnnotationCacheOperationSource - Adding cacheable method 'deleteById' with operations: [Builder[public void ir.service.impl.SectionServiceImpl.deleteById(java.lang.Long)] caches=[sections, sectionsPageable, sectionsFilter] | key='' | keyGenerator='' | cacheManager='' | cacheResolver='' | condition='',true,false]
13:56:52.458 [restartedMain] TRACE o.s.c.a.AnnotationCacheOperationSource - Adding cacheable method 'saveAll' with operations: [Builder[public java.util.List ir.service.impl.SectionServiceImpl.saveAll(java.util.List)] caches=[sections, sectionsPageable, sectionsFilter] | key='' | keyGenerator='' | cacheManager='' | cacheResolver='' | condition='',true,false]
13:56:52.458 [restartedMain] TRACE o.s.c.a.AnnotationCacheOperationSource - Adding cacheable method 'findAllForFilter' with operations: [Builder[public java.util.List ir.service.impl.SectionServiceImpl.findAllForFilter()] caches=[sectionsFilter] | key='' | keyGenerator='' | cacheManager='' | cacheResolver='' | condition='' | unless='' | sync='false']
13:56:52.713 [restartedMain] INFO  org.mongodb.driver.client - MongoClient with metadata {"driver": {"name": "mongo-java-driver|sync|spring-boot", "version": "5.2.1"}, "os": {"type": "Windows", "name": "Windows 10", "architecture": "amd64", "version": "10.0"}, "platform": "Java/Oracle Corporation/17.0.12+8-LTS-286"} created with settings MongoClientSettings{readPreference=primary, writeConcern=WriteConcern{w=null, wTimeout=null ms, journal=null}, retryWrites=true, retryReads=true, readConcern=ReadConcern{level=null}, credential=null, transportSettings=null, commandListeners=[io.micrometer.core.instrument.binder.mongodb.MongoMetricsCommandListener@5b751017], codecRegistry=ProvidersCodecRegistry{codecProviders=[ValueCodecProvider{}, BsonValueCodecProvider{}, DBRefCodecProvider{}, DBObjectCodecProvider{}, DocumentCodecProvider{}, CollectionCodecProvider{}, IterableCodecProvider{}, MapCodecProvider{}, GeoJsonCodecProvider{}, GridFSFileCodecProvider{}, Jsr310CodecProvider{}, JsonObjectCodecProvider{}, BsonCodecProvider{}, EnumCodecProvider{}, com.mongodb.client.model.mql.ExpressionCodecProvider@523dc158, com.mongodb.Jep395RecordCodecProvider@ffc674e, com.mongodb.KotlinCodecProvider@198709e9]}, loggerSettings=LoggerSettings{maxDocumentLength=1000}, clusterSettings={hosts=[localhost:27017], srvServiceName=mongodb, mode=SINGLE, requiredClusterType=UNKNOWN, requiredReplicaSetName='null', serverSelector='null', clusterListeners='[]', serverSelectionTimeout='30000 ms', localThreshold='15 ms'}, socketSettings=SocketSettings{connectTimeoutMS=10000, readTimeoutMS=0, receiveBufferSize=0, proxySettings=ProxySettings{host=null, port=null, username=null, password=null}}, heartbeatSocketSettings=SocketSettings{connectTimeoutMS=10000, readTimeoutMS=10000, receiveBufferSize=0, proxySettings=ProxySettings{host=null, port=null, username=null, password=null}}, connectionPoolSettings=ConnectionPoolSettings{maxSize=100, minSize=0, maxWaitTimeMS=120000, maxConnectionLifeTimeMS=0, maxConnectionIdleTimeMS=0, maintenanceInitialDelayMS=0, maintenanceFrequencyMS=60000, connectionPoolListeners=[io.micrometer.core.instrument.binder.mongodb.MongoMetricsConnectionPoolListener@2f49da57], maxConnecting=2}, serverSettings=ServerSettings{heartbeatFrequencyMS=10000, minHeartbeatFrequencyMS=500, serverMonitoringMode=AUTO, serverListeners='[]', serverMonitorListeners='[]'}, sslSettings=SslSettings{enabled=false, invalidHostNameAllowed=false, context=null}, applicationName='null', compressorList=[], uuidRepresentation=JAVA_LEGACY, serverApi=null, autoEncryptionSettings=null, dnsClient=null, inetAddressResolver=null, contextProvider=null, timeoutMS=null}
13:56:52.729 [cluster-ClusterId{value='6971fb6c28b7423db590ed04', description='null'}-localhost:27017] INFO  org.mongodb.driver.cluster - Monitor thread successfully connected to server with description ServerDescription{address=localhost:27017, type=STANDALONE, cryptd=false, state=CONNECTED, ok=true, minWireVersion=0, maxWireVersion=27, maxDocumentSize=16777216, logicalSessionTimeoutMinutes=30, roundTripTimeNanos=20915300, minRoundTripTimeNanos=0}
13:56:52.888 [restartedMain] INFO  o.s.b.d.a.OptionalLiveReloadServer - LiveReload server is running on port 35729
13:56:53.229 [restartedMain] WARN  o.s.b.a.o.j.JpaBaseConfiguration$JpaWebConfiguration - spring.jpa.open-in-view is enabled by default. Therefore, database queries may be performed during view rendering. Explicitly configure spring.jpa.open-in-view to disable this warning
13:56:53.861 [restartedMain] INFO  o.s.s.c.a.a.c.InitializeAuthenticationProviderBeanManagerConfigurer$InitializeAuthenticationProviderManagerConfigurer - Global AuthenticationManager configured with AuthenticationProvider bean with name authenticationProvider
13:56:53.862 [restartedMain] WARN  o.s.s.c.a.a.c.InitializeUserDetailsBeanManagerConfigurer$InitializeUserDetailsManagerConfigurer - Global AuthenticationManager configured with an AuthenticationProvider bean. UserDetailsService beans will not be used by Spring Security for automatically configuring username/password login. Consider removing the AuthenticationProvider bean. Alternatively, consider using the UserDetailsService in a manually instantiated DaoAuthenticationProvider. If the current configuration is intentional, to turn off this warning, increase the logging level of 'org.springframework.security.config.annotation.authentication.configuration.InitializeUserDetailsBeanManagerConfigurer' to ERROR
13:56:54.520 [restartedMain] INFO  o.s.b.a.e.web.EndpointLinksResolver - Exposing 3 endpoints beneath base path '/actuator'
13:56:54.740 [restartedMain] INFO  o.s.s.w.a.c.ChannelProcessingFilter - Validated configuration attributes
13:56:54.744 [restartedMain] DEBUG o.s.s.web.DefaultSecurityFilterChain - Will secure any request with filters: DisableEncodeUrlFilter, ChannelProcessingFilter, WebAsyncManagerIntegrationFilter, SecurityContextHolderFilter, HeaderWriterFilter, CorsFilter, CsrfFilter, LogoutFilter, UsernamePasswordAuthenticationFilter, ConcurrentSessionFilter, RequestCacheAwareFilter, SecurityContextHolderAwareRequestFilter, AnonymousAuthenticationFilter, SessionManagementFilter, ExceptionTranslationFilter, AuthorizationFilter
13:56:55.454 [restartedMain] INFO  o.s.b.a.h.H2ConsoleAutoConfiguration - H2 console available at '/h2-console'. Database available at 'jdbc:oracle:thin:@localhost:1521:xe'
13:56:56.797 [restartedMain] INFO  o.s.cloud.commons.util.InetUtils - Cannot determine local hostname
13:56:56.935 [restartedMain] INFO  o.a.coyote.http11.Http11NioProtocol - Starting ProtocolHandler ["https-jsse-nio-8443"]
13:56:57.032 [restartedMain] INFO  o.a.t.u.net.NioEndpoint.certificate - Connector [https-jsse-nio-8443], TLS virtual host [_default_], certificate type [UNDEFINED] configured from keystore [C:\Users\arbab\.keystore] using alias [ticketingkey] with trust store [null]
13:56:57.044 [restartedMain] INFO  o.s.b.w.e.tomcat.TomcatWebServer - Tomcat started on port 8443 (https) with context path '/'
13:56:58.193 [restartedMain] INFO  o.s.cloud.commons.util.InetUtils - Cannot determine local hostname
13:56:58.259 [restartedMain] INFO  o.a.k.c.consumer.ConsumerConfig - ConsumerConfig values: 
	allow.auto.create.topics = true
	auto.commit.interval.ms = 5000
	auto.include.jmx.reporter = true
	auto.offset.reset = earliest
	bootstrap.servers = [100.99.137.56:9092]
	check.crcs = true
	client.dns.lookup = use_all_dns_ips
	client.id = consumer-building-service-updater-1
	client.rack = 
	connections.max.idle.ms = 540000
	default.api.timeout.ms = 60000
	enable.auto.commit = false
	enable.metrics.push = true
	exclude.internal.topics = true
	fetch.max.bytes = 52428800
	fetch.max.wait.ms = 500
	fetch.min.bytes = 1
	group.id = building-service-updater
	group.instance.id = null
	group.protocol = classic
	group.remote.assignor = null
	heartbeat.interval.ms = 3000
	interceptor.classes = []
	internal.leave.group.on.close = true
	internal.throw.on.fetch.stable.offset.unsupported = false
	isolation.level = read_uncommitted
	key.deserializer = class org.apache.kafka.common.serialization.StringDeserializer
	max.partition.fetch.bytes = 1048576
	max.poll.interval.ms = 300000
	max.poll.records = 500
	metadata.max.age.ms = 300000
	metadata.recovery.strategy = none
	metric.reporters = []
	metrics.num.samples = 2
	metrics.recording.level = INFO
	metrics.sample.window.ms = 30000
	partition.assignment.strategy = [class org.apache.kafka.clients.consumer.RangeAssignor, class org.apache.kafka.clients.consumer.CooperativeStickyAssignor]
	receive.buffer.bytes = 65536
	reconnect.backoff.max.ms = 1000
	reconnect.backoff.ms = 50
	request.timeout.ms = 30000
	retry.backoff.max.ms = 1000
	retry.backoff.ms = 100
	sasl.client.callback.handler.class = null
	sasl.jaas.config = null
	sasl.kerberos.kinit.cmd = /usr/bin/kinit
	sasl.kerberos.min.time.before.relogin = 60000
	sasl.kerberos.service.name = null
	sasl.kerberos.ticket.renew.jitter = 0.05
	sasl.kerberos.ticket.renew.window.factor = 0.8
	sasl.login.callback.handler.class = null
	sasl.login.class = null
	sasl.login.connect.timeout.ms = null
	sasl.login.read.timeout.ms = null
	sasl.login.refresh.buffer.seconds = 300
	sasl.login.refresh.min.period.seconds = 60
	sasl.login.refresh.window.factor = 0.8
	sasl.login.refresh.window.jitter = 0.05
	sasl.login.retry.backoff.max.ms = 10000
	sasl.login.retry.backoff.ms = 100
	sasl.mechanism = GSSAPI
	sasl.oauthbearer.clock.skew.seconds = 30
	sasl.oauthbearer.expected.audience = null
	sasl.oauthbearer.expected.issuer = null
	sasl.oauthbearer.jwks.endpoint.refresh.ms = 3600000
	sasl.oauthbearer.jwks.endpoint.retry.backoff.max.ms = 10000
	sasl.oauthbearer.jwks.endpoint.retry.backoff.ms = 100
	sasl.oauthbearer.jwks.endpoint.url = null
	sasl.oauthbearer.scope.claim.name = scope
	sasl.oauthbearer.sub.claim.name = sub
	sasl.oauthbearer.token.endpoint.url = null
	security.protocol = PLAINTEXT
	security.providers = null
	send.buffer.bytes = 131072
	session.timeout.ms = 45000
	socket.connection.setup.timeout.max.ms = 30000
	socket.connection.setup.timeout.ms = 10000
	ssl.cipher.suites = null
	ssl.enabled.protocols = [TLSv1.2, TLSv1.3]
	ssl.endpoint.identification.algorithm = https
	ssl.engine.factory.class = null
	ssl.key.password = null
	ssl.keymanager.algorithm = SunX509
	ssl.keystore.certificate.chain = null
	ssl.keystore.key = null
	ssl.keystore.location = null
	ssl.keystore.password = null
	ssl.keystore.type = JKS
	ssl.protocol = TLSv1.3
	ssl.provider = null
	ssl.secure.random.implementation = null
	ssl.trustmanager.algorithm = PKIX
	ssl.truststore.certificates = null
	ssl.truststore.location = null
	ssl.truststore.password = null
	ssl.truststore.type = JKS
	value.deserializer = class org.apache.kafka.common.serialization.StringDeserializer

13:56:58.331 [restartedMain] INFO  o.a.k.c.t.i.KafkaMetricsCollector - initializing Kafka metrics collector
13:56:58.393 [restartedMain] INFO  o.a.kafka.common.utils.AppInfoParser - Kafka version: 3.8.1
13:56:58.393 [restartedMain] INFO  o.a.kafka.common.utils.AppInfoParser - Kafka commitId: 70d6ff42debf7e17
13:56:58.393 [restartedMain] INFO  o.a.kafka.common.utils.AppInfoParser - Kafka startTimeMs: 1769077618392
13:56:58.405 [restartedMain] INFO  o.a.k.c.c.i.LegacyKafkaConsumer - [Consumer clientId=consumer-building-service-updater-1, groupId=building-service-updater] Subscribed to topic(s): address-created-topic
13:56:58.435 [restartedMain] INFO  ir.TicketingSpringSample - Started TicketingSpringSample in 18.894 seconds (process running for 20.071)
13:56:58.451 [restartedMain] TRACE o.s.c.interceptor.CacheInterceptor - Computed cache key 'SimpleKey []' for operation Builder[public java.util.List ir.service.impl.SectionServiceImpl.findAll()] caches=[sections] | key='' | keyGenerator='' | cacheManager='' | cacheResolver='' | condition='' | unless='' | sync='false'
13:56:58.452 [restartedMain] TRACE o.s.c.interceptor.CacheInterceptor - No cache entry for key 'SimpleKey []' in cache(s) [sections]
13:56:58.453 [scheduling-1] DEBUG o.h.e.t.internal.TransactionImpl - On TransactionImpl creation, JpaCompliance#isJpaTransactionComplianceEnabled == false
13:56:58.453 [scheduling-1] DEBUG o.h.e.t.internal.TransactionImpl - begin
13:56:58.459 [restartedMain] DEBUG o.s.jdbc.datasource.DataSourceUtils - Setting JDBC Connection [HikariProxyConnection@456499641 wrapping oracle.jdbc.driver.T4CConnection@799c2542] read-only
13:56:58.459 [restartedMain] DEBUG o.h.e.t.internal.TransactionImpl - On TransactionImpl creation, JpaCompliance#isJpaTransactionComplianceEnabled == false
13:56:58.459 [restartedMain] DEBUG o.h.e.t.internal.TransactionImpl - begin
13:56:58.518 [scheduling-1] DEBUG org.hibernate.SQL - 
    /* <criteria> */ select
        oe1_0.id,
        oe1_0.aggregate_id,
        oe1_0.aggregate_type,
        oe1_0.created_at,
        oe1_0.deleted,
        oe1_0.event_type,
        oe1_0.payload,
        oe1_0.published 
    from
        outbox_tbl oe1_0 
    where
        (
            oe1_0.deleted = 0
        ) 
        and oe1_0.published=0 
    order by
        oe1_0.created_at
13:56:58.518 [restartedMain] DEBUG org.hibernate.SQL - 
    /* <criteria> */ select
        s1_0.id,
        s1_0.building_id,
        s1_0.deleted,
        s1_0.parent_section_id,
        s1_0.title 
    from
        section_table s1_0 
    where
        (
            s1_0.deleted = 0
        )
13:56:58.536 [restartedMain] TRACE org.hibernate.orm.jdbc.extract - extracted value (1:BIGINT) -> [1]
13:56:58.538 [restartedMain] TRACE org.hibernate.orm.jdbc.extract - extracted value (2:BIGINT) -> [54]
13:56:58.540 [scheduling-1] DEBUG o.h.e.t.internal.TransactionImpl - committing
13:56:58.541 [scheduling-1] WARN  o.h.e.jdbc.spi.SqlExceptionHelper - SQL Warning Code: 28002, SQLState: 99999
13:56:58.541 [scheduling-1] WARN  o.h.e.jdbc.spi.SqlExceptionHelper - ORA-28002: the password will expire within 2 days

13:56:58.545 [restartedMain] TRACE org.hibernate.orm.jdbc.extract - extracted value (4:BIGINT) -> [null]
13:56:58.546 [restartedMain] TRACE org.hibernate.orm.jdbc.extract - extracted value (3:BOOLEAN) -> [false]
13:56:58.546 [restartedMain] TRACE org.hibernate.orm.jdbc.extract - extracted value (5:VARCHAR) -> [MAIN SECTION]
13:56:58.550 [restartedMain] TRACE org.hibernate.orm.jdbc.extract - extracted value (1:BIGINT) -> [2]
13:56:58.551 [restartedMain] TRACE org.hibernate.orm.jdbc.extract - extracted value (2:BIGINT) -> [23]
13:56:58.551 [restartedMain] TRACE org.hibernate.orm.jdbc.extract - extracted value (4:BIGINT) -> [1]
13:56:58.551 [restartedMain] TRACE org.hibernate.orm.jdbc.extract - extracted value (3:BOOLEAN) -> [false]
13:56:58.551 [restartedMain] TRACE org.hibernate.orm.jdbc.extract - extracted value (5:VARCHAR) -> [HSE]
13:56:58.551 [restartedMain] TRACE org.hibernate.orm.jdbc.extract - extracted value (1:BIGINT) -> [3]
13:56:58.551 [restartedMain] TRACE org.hibernate.orm.jdbc.extract - extracted value (2:BIGINT) -> [null]
13:56:58.551 [restartedMain] TRACE org.hibernate.orm.jdbc.extract - extracted value (4:BIGINT) -> [1]
13:56:58.551 [restartedMain] TRACE org.hibernate.orm.jdbc.extract - extracted value (3:BOOLEAN) -> [false]
13:56:58.551 [restartedMain] TRACE org.hibernate.orm.jdbc.extract - extracted value (5:VARCHAR) -> [TRANSPORT]
13:56:58.551 [restartedMain] TRACE org.hibernate.orm.jdbc.extract - extracted value (1:BIGINT) -> [4]
13:56:58.551 [restartedMain] TRACE org.hibernate.orm.jdbc.extract - extracted value (2:BIGINT) -> [23]
13:56:58.552 [restartedMain] TRACE org.hibernate.orm.jdbc.extract - extracted value (4:BIGINT) -> [3]
13:56:58.552 [restartedMain] TRACE org.hibernate.orm.jdbc.extract - extracted value (3:BOOLEAN) -> [false]
13:56:58.552 [restartedMain] TRACE org.hibernate.orm.jdbc.extract - extracted value (5:VARCHAR) -> [BUS]
13:56:58.552 [restartedMain] TRACE org.hibernate.orm.jdbc.extract - extracted value (1:BIGINT) -> [5]
13:56:58.552 [restartedMain] TRACE org.hibernate.orm.jdbc.extract - extracted value (2:BIGINT) -> [null]
13:56:58.552 [restartedMain] TRACE org.hibernate.orm.jdbc.extract - extracted value (4:BIGINT) -> [3]
13:56:58.552 [restartedMain] TRACE org.hibernate.orm.jdbc.extract - extracted value (3:BOOLEAN) -> [false]
13:56:58.552 [restartedMain] TRACE org.hibernate.orm.jdbc.extract - extracted value (5:VARCHAR) -> [TAXI]
13:56:58.552 [restartedMain] TRACE org.hibernate.orm.jdbc.extract - extracted value (1:BIGINT) -> [21]
13:56:58.552 [restartedMain] TRACE org.hibernate.orm.jdbc.extract - extracted value (2:BIGINT) -> [null]
13:56:58.552 [restartedMain] TRACE org.hibernate.orm.jdbc.extract - extracted value (4:BIGINT) -> [3]
13:56:58.552 [restartedMain] TRACE org.hibernate.orm.jdbc.extract - extracted value (3:BOOLEAN) -> [false]
13:56:58.552 [restartedMain] TRACE org.hibernate.orm.jdbc.extract - extracted value (5:VARCHAR) -> [TEST B]
13:56:58.555 [restartedMain] DEBUG org.hibernate.SQL - 
    select
        csl1_0.parent_section_id,
        csl1_0.id,
        csl1_0.building_id,
        csl1_0.deleted,
        csl1_0.title 
    from
        section_table csl1_0 
    where
        csl1_0.parent_section_id=? 
        and (
            csl1_0.deleted = 0
        )
13:56:58.555 [restartedMain] TRACE org.hibernate.orm.jdbc.bind - binding parameter (1:BIGINT) <- [21]
13:56:58.562 [restartedMain] DEBUG org.hibernate.SQL - 
    select
        csl1_0.parent_section_id,
        csl1_0.id,
        csl1_0.building_id,
        csl1_0.deleted,
        csl1_0.title 
    from
        section_table csl1_0 
    where
        csl1_0.parent_section_id=? 
        and (
            csl1_0.deleted = 0
        )
13:56:58.563 [restartedMain] TRACE org.hibernate.orm.jdbc.bind - binding parameter (1:BIGINT) <- [5]
13:56:58.563 [restartedMain] DEBUG org.hibernate.SQL - 
    select
        csl1_0.parent_section_id,
        csl1_0.id,
        csl1_0.building_id,
        csl1_0.deleted,
        csl1_0.title 
    from
        section_table csl1_0 
    where
        csl1_0.parent_section_id=? 
        and (
            csl1_0.deleted = 0
        )
13:56:58.563 [restartedMain] TRACE org.hibernate.orm.jdbc.bind - binding parameter (1:BIGINT) <- [4]
13:56:58.564 [restartedMain] DEBUG org.hibernate.SQL - 
    select
        csl1_0.parent_section_id,
        csl1_0.id,
        csl1_0.building_id,
        csl1_0.deleted,
        csl1_0.title 
    from
        section_table csl1_0 
    where
        csl1_0.parent_section_id=? 
        and (
            csl1_0.deleted = 0
        )
13:56:58.564 [restartedMain] TRACE org.hibernate.orm.jdbc.bind - binding parameter (1:BIGINT) <- [3]
13:56:58.565 [restartedMain] TRACE org.hibernate.orm.jdbc.extract - extracted value (1:BIGINT) -> [3]
13:56:58.565 [restartedMain] TRACE org.hibernate.orm.jdbc.extract - extracted value (2:BIGINT) -> [4]
13:56:58.565 [restartedMain] TRACE org.hibernate.orm.jdbc.extract - extracted value (1:BIGINT) -> [3]
13:56:58.565 [restartedMain] TRACE org.hibernate.orm.jdbc.extract - extracted value (2:BIGINT) -> [5]
13:56:58.566 [restartedMain] TRACE org.hibernate.orm.jdbc.extract - extracted value (1:BIGINT) -> [3]
13:56:58.566 [restartedMain] TRACE org.hibernate.orm.jdbc.extract - extracted value (2:BIGINT) -> [21]
13:56:58.566 [restartedMain] DEBUG org.hibernate.SQL - 
    select
        csl1_0.parent_section_id,
        csl1_0.id,
        csl1_0.building_id,
        csl1_0.deleted,
        csl1_0.title 
    from
        section_table csl1_0 
    where
        csl1_0.parent_section_id=? 
        and (
            csl1_0.deleted = 0
        )
13:56:58.566 [restartedMain] TRACE org.hibernate.orm.jdbc.bind - binding parameter (1:BIGINT) <- [2]
13:56:58.567 [restartedMain] DEBUG org.hibernate.SQL - 
    select
        csl1_0.parent_section_id,
        csl1_0.id,
        csl1_0.building_id,
        csl1_0.deleted,
        csl1_0.title 
    from
        section_table csl1_0 
    where
        csl1_0.parent_section_id=? 
        and (
            csl1_0.deleted = 0
        )
13:56:58.567 [restartedMain] TRACE org.hibernate.orm.jdbc.bind - binding parameter (1:BIGINT) <- [1]
13:56:58.568 [restartedMain] TRACE org.hibernate.orm.jdbc.extract - extracted value (1:BIGINT) -> [1]
13:56:58.568 [restartedMain] TRACE org.hibernate.orm.jdbc.extract - extracted value (2:BIGINT) -> [2]
13:56:58.568 [restartedMain] TRACE org.hibernate.orm.jdbc.extract - extracted value (1:BIGINT) -> [1]
13:56:58.568 [restartedMain] TRACE org.hibernate.orm.jdbc.extract - extracted value (2:BIGINT) -> [3]
13:56:58.569 [restartedMain] DEBUG o.h.e.t.internal.TransactionImpl - committing
13:56:58.569 [restartedMain] DEBUG o.s.jdbc.datasource.DataSourceUtils - Resetting read-only flag of JDBC Connection [HikariProxyConnection@456499641 wrapping oracle.jdbc.driver.T4CConnection@799c2542]
13:56:58.570 [restartedMain] TRACE o.s.c.interceptor.CacheInterceptor - Creating cache entry for key 'SimpleKey []' in cache(s) [sections]
13:56:58.570 [restartedMain] TRACE o.s.c.interceptor.CacheInterceptor - Computed cache key 'Page request [number: 0, size 50, sort: UNSORTED]' for operation Builder[public org.springframework.data.domain.Page ir.service.impl.SectionServiceImpl.findAll(org.springframework.data.domain.Pageable)] caches=[sectionsPageable] | key='' | keyGenerator='' | cacheManager='' | cacheResolver='' | condition='' | unless='' | sync='false'
13:56:58.570 [restartedMain] TRACE o.s.c.interceptor.CacheInterceptor - No cache entry for key 'Page request [number: 0, size 50, sort: UNSORTED]' in cache(s) [sectionsPageable]
13:56:58.570 [restartedMain] DEBUG o.s.jdbc.datasource.DataSourceUtils - Setting JDBC Connection [HikariProxyConnection@479307915 wrapping oracle.jdbc.driver.T4CConnection@799c2542] read-only
13:56:58.570 [restartedMain] DEBUG o.h.e.t.internal.TransactionImpl - On TransactionImpl creation, JpaCompliance#isJpaTransactionComplianceEnabled == false
13:56:58.570 [restartedMain] DEBUG o.h.e.t.internal.TransactionImpl - begin
13:56:58.574 [restartedMain] DEBUG org.hibernate.SQL - 
    /* <criteria> */ select
        s1_0.id,
        s1_0.building_id,
        s1_0.deleted,
        s1_0.parent_section_id,
        s1_0.title 
    from
        section_table s1_0 
    where
        (
            s1_0.deleted = 0
        ) 
    offset
        ? rows 
    fetch
        first ? rows only
13:56:58.574 [restartedMain] TRACE org.hibernate.orm.jdbc.bind - binding parameter (1:INTEGER) <- [0]
13:56:58.574 [restartedMain] TRACE org.hibernate.orm.jdbc.bind - binding parameter (2:INTEGER) <- [50]
13:56:58.577 [restartedMain] TRACE org.hibernate.orm.jdbc.extract - extracted value (1:BIGINT) -> [1]
13:56:58.577 [restartedMain] TRACE org.hibernate.orm.jdbc.extract - extracted value (2:BIGINT) -> [54]
13:56:58.577 [restartedMain] TRACE org.hibernate.orm.jdbc.extract - extracted value (4:BIGINT) -> [null]
13:56:58.577 [restartedMain] TRACE org.hibernate.orm.jdbc.extract - extracted value (3:BOOLEAN) -> [false]
13:56:58.577 [restartedMain] TRACE org.hibernate.orm.jdbc.extract - extracted value (5:VARCHAR) -> [MAIN SECTION]
13:56:58.577 [restartedMain] TRACE org.hibernate.orm.jdbc.extract - extracted value (1:BIGINT) -> [2]
13:56:58.577 [restartedMain] TRACE org.hibernate.orm.jdbc.extract - extracted value (2:BIGINT) -> [23]
13:56:58.577 [restartedMain] TRACE org.hibernate.orm.jdbc.extract - extracted value (4:BIGINT) -> [1]
13:56:58.578 [restartedMain] TRACE org.hibernate.orm.jdbc.extract - extracted value (3:BOOLEAN) -> [false]
13:56:58.578 [restartedMain] TRACE org.hibernate.orm.jdbc.extract - extracted value (5:VARCHAR) -> [HSE]
13:56:58.578 [restartedMain] TRACE org.hibernate.orm.jdbc.extract - extracted value (1:BIGINT) -> [3]
13:56:58.578 [restartedMain] TRACE org.hibernate.orm.jdbc.extract - extracted value (2:BIGINT) -> [null]
13:56:58.578 [restartedMain] TRACE org.hibernate.orm.jdbc.extract - extracted value (4:BIGINT) -> [1]
13:56:58.578 [restartedMain] TRACE org.hibernate.orm.jdbc.extract - extracted value (3:BOOLEAN) -> [false]
13:56:58.578 [restartedMain] TRACE org.hibernate.orm.jdbc.extract - extracted value (5:VARCHAR) -> [TRANSPORT]
13:56:58.578 [restartedMain] TRACE org.hibernate.orm.jdbc.extract - extracted value (1:BIGINT) -> [4]
13:56:58.578 [restartedMain] TRACE org.hibernate.orm.jdbc.extract - extracted value (2:BIGINT) -> [23]
13:56:58.578 [restartedMain] TRACE org.hibernate.orm.jdbc.extract - extracted value (4:BIGINT) -> [3]
13:56:58.578 [restartedMain] TRACE org.hibernate.orm.jdbc.extract - extracted value (3:BOOLEAN) -> [false]
13:56:58.578 [restartedMain] TRACE org.hibernate.orm.jdbc.extract - extracted value (5:VARCHAR) -> [BUS]
13:56:58.578 [restartedMain] TRACE org.hibernate.orm.jdbc.extract - extracted value (1:BIGINT) -> [5]
13:56:58.578 [restartedMain] TRACE org.hibernate.orm.jdbc.extract - extracted value (2:BIGINT) -> [null]
13:56:58.578 [restartedMain] TRACE org.hibernate.orm.jdbc.extract - extracted value (4:BIGINT) -> [3]
13:56:58.578 [restartedMain] TRACE org.hibernate.orm.jdbc.extract - extracted value (3:BOOLEAN) -> [false]
13:56:58.578 [restartedMain] TRACE org.hibernate.orm.jdbc.extract - extracted value (5:VARCHAR) -> [TAXI]
13:56:58.579 [restartedMain] TRACE org.hibernate.orm.jdbc.extract - extracted value (1:BIGINT) -> [21]
13:56:58.579 [restartedMain] TRACE org.hibernate.orm.jdbc.extract - extracted value (2:BIGINT) -> [null]
13:56:58.579 [restartedMain] TRACE org.hibernate.orm.jdbc.extract - extracted value (4:BIGINT) -> [3]
13:56:58.579 [restartedMain] TRACE org.hibernate.orm.jdbc.extract - extracted value (3:BOOLEAN) -> [false]
13:56:58.579 [restartedMain] TRACE org.hibernate.orm.jdbc.extract - extracted value (5:VARCHAR) -> [TEST B]
13:56:58.579 [restartedMain] DEBUG org.hibernate.SQL - 
    select
        csl1_0.parent_section_id,
        csl1_0.id,
        csl1_0.building_id,
        csl1_0.deleted,
        csl1_0.title 
    from
        section_table csl1_0 
    where
        csl1_0.parent_section_id=? 
        and (
            csl1_0.deleted = 0
        )
13:56:58.579 [restartedMain] TRACE org.hibernate.orm.jdbc.bind - binding parameter (1:BIGINT) <- [21]
13:56:58.580 [restartedMain] DEBUG org.hibernate.SQL - 
    select
        csl1_0.parent_section_id,
        csl1_0.id,
        csl1_0.building_id,
        csl1_0.deleted,
        csl1_0.title 
    from
        section_table csl1_0 
    where
        csl1_0.parent_section_id=? 
        and (
            csl1_0.deleted = 0
        )
13:56:58.580 [restartedMain] TRACE org.hibernate.orm.jdbc.bind - binding parameter (1:BIGINT) <- [5]
13:56:58.581 [restartedMain] DEBUG org.hibernate.SQL - 
    select
        csl1_0.parent_section_id,
        csl1_0.id,
        csl1_0.building_id,
        csl1_0.deleted,
        csl1_0.title 
    from
        section_table csl1_0 
    where
        csl1_0.parent_section_id=? 
        and (
            csl1_0.deleted = 0
        )
13:56:58.581 [restartedMain] TRACE org.hibernate.orm.jdbc.bind - binding parameter (1:BIGINT) <- [4]
13:56:58.582 [restartedMain] DEBUG org.hibernate.SQL - 
    select
        csl1_0.parent_section_id,
        csl1_0.id,
        csl1_0.building_id,
        csl1_0.deleted,
        csl1_0.title 
    from
        section_table csl1_0 
    where
        csl1_0.parent_section_id=? 
        and (
            csl1_0.deleted = 0
        )
13:56:58.582 [restartedMain] TRACE org.hibernate.orm.jdbc.bind - binding parameter (1:BIGINT) <- [3]
13:56:58.582 [restartedMain] TRACE org.hibernate.orm.jdbc.extract - extracted value (1:BIGINT) -> [3]
13:56:58.582 [restartedMain] TRACE org.hibernate.orm.jdbc.extract - extracted value (2:BIGINT) -> [4]
13:56:58.583 [restartedMain] TRACE org.hibernate.orm.jdbc.extract - extracted value (1:BIGINT) -> [3]
13:56:58.583 [restartedMain] TRACE org.hibernate.orm.jdbc.extract - extracted value (2:BIGINT) -> [5]
13:56:58.583 [restartedMain] TRACE org.hibernate.orm.jdbc.extract - extracted value (1:BIGINT) -> [3]
13:56:58.583 [restartedMain] TRACE org.hibernate.orm.jdbc.extract - extracted value (2:BIGINT) -> [21]
13:56:58.583 [restartedMain] DEBUG org.hibernate.SQL - 
    select
        csl1_0.parent_section_id,
        csl1_0.id,
        csl1_0.building_id,
        csl1_0.deleted,
        csl1_0.title 
    from
        section_table csl1_0 
    where
        csl1_0.parent_section_id=? 
        and (
            csl1_0.deleted = 0
        )
13:56:58.583 [restartedMain] TRACE org.hibernate.orm.jdbc.bind - binding parameter (1:BIGINT) <- [2]
13:56:58.584 [restartedMain] DEBUG org.hibernate.SQL - 
    select
        csl1_0.parent_section_id,
        csl1_0.id,
        csl1_0.building_id,
        csl1_0.deleted,
        csl1_0.title 
    from
        section_table csl1_0 
    where
        csl1_0.parent_section_id=? 
        and (
            csl1_0.deleted = 0
        )
13:56:58.584 [restartedMain] TRACE org.hibernate.orm.jdbc.bind - binding parameter (1:BIGINT) <- [1]
13:56:58.585 [restartedMain] TRACE org.hibernate.orm.jdbc.extract - extracted value (1:BIGINT) -> [1]
13:56:58.585 [restartedMain] TRACE org.hibernate.orm.jdbc.extract - extracted value (2:BIGINT) -> [2]
13:56:58.585 [restartedMain] TRACE org.hibernate.orm.jdbc.extract - extracted value (1:BIGINT) -> [1]
13:56:58.585 [restartedMain] TRACE org.hibernate.orm.jdbc.extract - extracted value (2:BIGINT) -> [3]
13:56:58.587 [restartedMain] DEBUG o.h.e.t.internal.TransactionImpl - committing
13:56:58.588 [restartedMain] DEBUG o.s.jdbc.datasource.DataSourceUtils - Resetting read-only flag of JDBC Connection [HikariProxyConnection@479307915 wrapping oracle.jdbc.driver.T4CConnection@799c2542]
13:56:58.588 [restartedMain] TRACE o.s.c.interceptor.CacheInterceptor - Creating cache entry for key 'Page request [number: 0, size 50, sort: UNSORTED]' in cache(s) [sectionsPageable]
13:56:58.588 [restartedMain] TRACE o.s.c.interceptor.CacheInterceptor - Computed cache key 'SimpleKey []' for operation Builder[public java.util.List ir.service.impl.SectionServiceImpl.findAllForFilter()] caches=[sectionsFilter] | key='' | keyGenerator='' | cacheManager='' | cacheResolver='' | condition='' | unless='' | sync='false'
13:56:58.588 [restartedMain] TRACE o.s.c.interceptor.CacheInterceptor - No cache entry for key 'SimpleKey []' in cache(s) [sectionsFilter]
13:56:58.588 [restartedMain] DEBUG o.s.jdbc.datasource.DataSourceUtils - Setting JDBC Connection [HikariProxyConnection@379446206 wrapping oracle.jdbc.driver.T4CConnection@799c2542] read-only
13:56:58.588 [restartedMain] DEBUG o.h.e.t.internal.TransactionImpl - On TransactionImpl creation, JpaCompliance#isJpaTransactionComplianceEnabled == false
13:56:58.588 [restartedMain] DEBUG o.h.e.t.internal.TransactionImpl - begin
13:56:58.593 [restartedMain] DEBUG org.hibernate.SQL - 
    /* SELECT
        new  ir.dto.SectionFilterDto(s.id, s.title) 
    FROM
        sectionEntity s 
    where
        s.deleted = false */ select
            s1_0.id,
            s1_0.title 
        from
            section_table s1_0 
        where
            (
                s1_0.deleted = 0
            ) 
            and s1_0.deleted=0
13:56:58.596 [restartedMain] TRACE org.hibernate.orm.jdbc.extract - extracted value (1:BIGINT) -> [1]
13:56:58.596 [restartedMain] TRACE org.hibernate.orm.jdbc.extract - extracted value (2:VARCHAR) -> [MAIN SECTION]
13:56:58.596 [restartedMain] TRACE org.hibernate.orm.jdbc.extract - extracted value (1:BIGINT) -> [2]
13:56:58.596 [restartedMain] TRACE org.hibernate.orm.jdbc.extract - extracted value (2:VARCHAR) -> [HSE]
13:56:58.596 [restartedMain] TRACE org.hibernate.orm.jdbc.extract - extracted value (1:BIGINT) -> [3]
13:56:58.597 [restartedMain] TRACE org.hibernate.orm.jdbc.extract - extracted value (2:VARCHAR) -> [TRANSPORT]
13:56:58.597 [restartedMain] TRACE org.hibernate.orm.jdbc.extract - extracted value (1:BIGINT) -> [4]
13:56:58.597 [restartedMain] TRACE org.hibernate.orm.jdbc.extract - extracted value (2:VARCHAR) -> [BUS]
13:56:58.597 [restartedMain] TRACE org.hibernate.orm.jdbc.extract - extracted value (1:BIGINT) -> [5]
13:56:58.597 [restartedMain] TRACE org.hibernate.orm.jdbc.extract - extracted value (2:VARCHAR) -> [TAXI]
13:56:58.597 [restartedMain] TRACE org.hibernate.orm.jdbc.extract - extracted value (1:BIGINT) -> [21]
13:56:58.597 [restartedMain] TRACE org.hibernate.orm.jdbc.extract - extracted value (2:VARCHAR) -> [TEST B]
13:56:58.599 [restartedMain] DEBUG o.h.e.t.internal.TransactionImpl - committing
13:56:58.600 [restartedMain] DEBUG o.s.jdbc.datasource.DataSourceUtils - Resetting read-only flag of JDBC Connection [HikariProxyConnection@379446206 wrapping oracle.jdbc.driver.T4CConnection@799c2542]
13:56:58.600 [restartedMain] TRACE o.s.c.interceptor.CacheInterceptor - Creating cache entry for key 'SimpleKey []' in cache(s) [sectionsFilter]
13:56:58.600 [restartedMain] INFO  ir.config.SectionCacheWarmup - **************************************************************  cache sections  ***************************************************************
13:56:58.601 [restartedMain] INFO  ir.TicketingSpringSample - **************************************************************Spring Boot Application Started
13:56:58.904 [RMI TCP Connection(4)-169.254.83.107] INFO  o.a.c.c.C.[Tomcat].[localhost].[/] - Initializing Spring DispatcherServlet 'dispatcherServlet'
13:56:58.904 [RMI TCP Connection(4)-169.254.83.107] INFO  o.s.web.servlet.DispatcherServlet - Initializing Servlet 'dispatcherServlet'
13:56:58.908 [RMI TCP Connection(4)-169.254.83.107] INFO  o.s.web.servlet.DispatcherServlet - Completed initialization in 3 ms
13:56:59.026 [RMI TCP Connection(5)-169.254.83.107] DEBUG o.s.jdbc.datasource.DataSourceUtils - Fetching JDBC Connection from DataSource
13:56:59.031 [RMI TCP Connection(5)-169.254.83.107] DEBUG o.s.jdbc.datasource.DataSourceUtils - Fetching JDBC Connection from DataSource
13:56:59.508 [boundedElastic-1] WARN  o.s.b.a.d.r.RedisReactiveHealthIndicator - Redis health check failed
org.springframework.data.redis.RedisConnectionFailureException: Unable to connect to Redis
	at org.springframework.data.redis.connection.lettuce.LettuceConnectionFactory$ExceptionTranslatingConnectionProvider.translateException(LettuceConnectionFactory.java:1858)
	at org.springframework.data.redis.connection.lettuce.LettuceConnectionFactory$ExceptionTranslatingConnectionProvider.getConnection(LettuceConnectionFactory.java:1789)
	at org.springframework.data.redis.connection.lettuce.LettuceConnectionFactory$SharedConnection.getNativeConnection(LettuceConnectionFactory.java:1586)
	at org.springframework.data.redis.connection.lettuce.LettuceConnectionFactory$SharedConnection.lambda$getConnection$0(LettuceConnectionFactory.java:1566)
	at org.springframework.data.redis.connection.lettuce.LettuceConnectionFactory.doInLock(LettuceConnectionFactory.java:1527)
	at org.springframework.data.redis.connection.lettuce.LettuceConnectionFactory$SharedConnection.getConnection(LettuceConnectionFactory.java:1563)
	at org.springframework.data.redis.connection.lettuce.LettuceConnectionFactory.getSharedReactiveConnection(LettuceConnectionFactory.java:1274)
	at org.springframework.data.redis.connection.lettuce.LettuceConnectionFactory.getReactiveConnection(LettuceConnectionFactory.java:1149)
	at org.springframework.data.redis.connection.lettuce.LettuceConnectionFactory.getReactiveConnection(LettuceConnectionFactory.java:120)
	at reactor.core.publisher.MonoSupplier.call(MonoSupplier.java:67)
	at reactor.core.publisher.FluxSubscribeOnCallable$CallableSubscribeOnSubscription.run(FluxSubscribeOnCallable.java:228)
	at reactor.core.scheduler.SchedulerTask.call(SchedulerTask.java:68)
	at reactor.core.scheduler.SchedulerTask.call(SchedulerTask.java:28)
	at java.base/java.util.concurrent.FutureTask.run(FutureTask.java:264)
	at java.base/java.util.concurrent.ScheduledThreadPoolExecutor$ScheduledFutureTask.run(ScheduledThreadPoolExecutor.java:304)
	at java.base/java.util.concurrent.ThreadPoolExecutor.runWorker(ThreadPoolExecutor.java:1136)
	at java.base/java.util.concurrent.ThreadPoolExecutor$Worker.run(ThreadPoolExecutor.java:635)
	at java.base/java.lang.Thread.run(Thread.java:842)
Caused by: io.lettuce.core.RedisConnectionException: Unable to connect to localhost/<unresolved>:6379
	at io.lettuce.core.RedisConnectionException.create(RedisConnectionException.java:63)
	at io.lettuce.core.RedisConnectionException.create(RedisConnectionException.java:41)
	at io.lettuce.core.AbstractRedisClient.getConnection(AbstractRedisClient.java:354)
	at io.lettuce.core.RedisClient.connect(RedisClient.java:219)
	at org.springframework.data.redis.connection.lettuce.StandaloneConnectionProvider.lambda$getConnection$1(StandaloneConnectionProvider.java:112)
	at java.base/java.util.Optional.orElseGet(Optional.java:364)
	at org.springframework.data.redis.connection.lettuce.StandaloneConnectionProvider.getConnection(StandaloneConnectionProvider.java:112)
	at org.springframework.data.redis.connection.lettuce.LettuceConnectionFactory$ExceptionTranslatingConnectionProvider.getConnection(LettuceConnectionFactory.java:1787)
	... 16 common frames omitted
Caused by: io.netty.channel.AbstractChannel$AnnotatedConnectException: Connection refused: no further information: localhost/127.0.0.1:6379
Caused by: java.net.ConnectException: Connection refused: no further information
	at java.base/sun.nio.ch.Net.pollConnect(Native Method)
	at java.base/sun.nio.ch.Net.pollConnectNow(Net.java:672)
	at java.base/sun.nio.ch.SocketChannelImpl.finishConnect(SocketChannelImpl.java:946)
	at io.netty.channel.socket.nio.NioSocketChannel.doFinishConnect(NioSocketChannel.java:336)
	at io.netty.channel.nio.AbstractNioChannel$AbstractNioUnsafe.finishConnect(AbstractNioChannel.java:339)
	at io.netty.channel.nio.NioEventLoop.processSelectedKey(NioEventLoop.java:784)
	at io.netty.channel.nio.NioEventLoop.processSelectedKeysOptimized(NioEventLoop.java:732)
	at io.netty.channel.nio.NioEventLoop.processSelectedKeys(NioEventLoop.java:658)
	at io.netty.channel.nio.NioEventLoop.run(NioEventLoop.java:562)
	at io.netty.util.concurrent.SingleThreadEventExecutor$4.run(SingleThreadEventExecutor.java:998)
	at io.netty.util.internal.ThreadExecutorMap$2.run(ThreadExecutorMap.java:74)
	at io.netty.util.concurrent.FastThreadLocalRunnable.run(FastThreadLocalRunnable.java:30)
	at java.base/java.lang.Thread.run(Thread.java:842)
13:57:00.549 [scheduling-1] DEBUG o.h.e.t.internal.TransactionImpl - On TransactionImpl creation, JpaCompliance#isJpaTransactionComplianceEnabled == false
13:57:00.550 [scheduling-1] DEBUG o.h.e.t.internal.TransactionImpl - begin
13:57:00.552 [scheduling-1] DEBUG org.hibernate.SQL - 
    /* <criteria> */ select
        oe1_0.id,
        oe1_0.aggregate_id,
        oe1_0.aggregate_type,
        oe1_0.created_at,
        oe1_0.deleted,
        oe1_0.event_type,
        oe1_0.payload,
        oe1_0.published 
    from
        outbox_tbl oe1_0 
    where
        (
            oe1_0.deleted = 0
        ) 
        and oe1_0.published=0 
    order by
        oe1_0.created_at
13:57:00.553 [scheduling-1] DEBUG o.h.e.t.internal.TransactionImpl - committing
13:57:02.567 [scheduling-1] DEBUG o.h.e.t.internal.TransactionImpl - On TransactionImpl creation, JpaCompliance#isJpaTransactionComplianceEnabled == false
13:57:02.567 [scheduling-1] DEBUG o.h.e.t.internal.TransactionImpl - begin
13:57:02.569 [scheduling-1] DEBUG org.hibernate.SQL - 
    /* <criteria> */ select
        oe1_0.id,
        oe1_0.aggregate_id,
        oe1_0.aggregate_type,
        oe1_0.created_at,
        oe1_0.deleted,
        oe1_0.event_type,
        oe1_0.payload,
        oe1_0.published 
    from
        outbox_tbl oe1_0 
    where
        (
            oe1_0.deleted = 0
        ) 
        and oe1_0.published=0 
    order by
        oe1_0.created_at
13:57:02.570 [scheduling-1] DEBUG o.h.e.t.internal.TransactionImpl - committing
13:57:04.575 [scheduling-1] DEBUG o.h.e.t.internal.TransactionImpl - On TransactionImpl creation, JpaCompliance#isJpaTransactionComplianceEnabled == false
13:57:04.575 [scheduling-1] DEBUG o.h.e.t.internal.TransactionImpl - begin
13:57:04.579 [scheduling-1] DEBUG org.hibernate.SQL - 
    /* <criteria> */ select
        oe1_0.id,
        oe1_0.aggregate_id,
        oe1_0.aggregate_type,
        oe1_0.created_at,
        oe1_0.deleted,
        oe1_0.event_type,
        oe1_0.payload,
        oe1_0.published 
    from
        outbox_tbl oe1_0 
    where
        (
            oe1_0.deleted = 0
        ) 
        and oe1_0.published=0 
    order by
        oe1_0.created_at
13:57:04.581 [scheduling-1] DEBUG o.h.e.t.internal.TransactionImpl - committing
13:57:06.583 [scheduling-1] DEBUG o.h.e.t.internal.TransactionImpl - On TransactionImpl creation, JpaCompliance#isJpaTransactionComplianceEnabled == false
13:57:06.583 [scheduling-1] DEBUG o.h.e.t.internal.TransactionImpl - begin
13:57:06.585 [scheduling-1] DEBUG org.hibernate.SQL - 
    /* <criteria> */ select
        oe1_0.id,
        oe1_0.aggregate_id,
        oe1_0.aggregate_type,
        oe1_0.created_at,
        oe1_0.deleted,
        oe1_0.event_type,
        oe1_0.payload,
        oe1_0.published 
    from
        outbox_tbl oe1_0 
    where
        (
            oe1_0.deleted = 0
        ) 
        and oe1_0.published=0 
    order by
        oe1_0.created_at
13:57:06.586 [scheduling-1] DEBUG o.h.e.t.internal.TransactionImpl - committing
13:57:06.890 [org.springframework.kafka.KafkaListenerEndpointContainer#0-0-C-1] INFO  o.apache.kafka.clients.NetworkClient - [Consumer clientId=consumer-building-service-updater-1, groupId=building-service-updater] Disconnecting from node -1 due to socket connection setup timeout. The timeout value is 8426 ms.
13:57:06.891 [org.springframework.kafka.KafkaListenerEndpointContainer#0-0-C-1] WARN  o.apache.kafka.clients.NetworkClient - [Consumer clientId=consumer-building-service-updater-1, groupId=building-service-updater] Bootstrap broker 100.99.137.56:9092 (id: -1 rack: null) disconnected
13:57:08.588 [scheduling-1] DEBUG o.h.e.t.internal.TransactionImpl - On TransactionImpl creation, JpaCompliance#isJpaTransactionComplianceEnabled == false
13:57:08.588 [scheduling-1] DEBUG o.h.e.t.internal.TransactionImpl - begin
13:57:08.590 [scheduling-1] DEBUG org.hibernate.SQL - 
    /* <criteria> */ select
        oe1_0.id,
        oe1_0.aggregate_id,
        oe1_0.aggregate_type,
        oe1_0.created_at,
        oe1_0.deleted,
        oe1_0.event_type,
        oe1_0.payload,
        oe1_0.published 
    from
        outbox_tbl oe1_0 
    where
        (
            oe1_0.deleted = 0
        ) 
        and oe1_0.published=0 
    order by
        oe1_0.created_at
13:57:08.591 [scheduling-1] DEBUG o.h.e.t.internal.TransactionImpl - committing
13:57:09.932 [https-jsse-nio-8443-exec-4] DEBUG o.s.security.web.FilterChainProxy - Securing GET /roles
13:57:09.936 [https-jsse-nio-8443-exec-4] DEBUG o.s.s.w.a.c.ChannelProcessingFilter - Request: filter invocation [GET /roles]; ConfigAttributes: [REQUIRES_SECURE_CHANNEL]
13:57:09.944 [https-jsse-nio-8443-exec-4] DEBUG o.s.s.w.a.AnonymousAuthenticationFilter - Set SecurityContextHolder to anonymous SecurityContext
13:57:10.004 [https-jsse-nio-8443-exec-4] DEBUG o.s.s.w.s.HttpSessionRequestCache - Saved request https://localhost:8443/roles?continue to session
13:57:10.005 [https-jsse-nio-8443-exec-4] DEBUG o.s.s.web.DefaultRedirectStrategy - Redirecting to https://localhost:8443/login
13:57:10.011 [https-jsse-nio-8443-exec-6] DEBUG o.s.security.web.FilterChainProxy - Securing GET /login
13:57:10.011 [https-jsse-nio-8443-exec-6] DEBUG o.s.s.w.a.c.ChannelProcessingFilter - Request: filter invocation [GET /login]; ConfigAttributes: [REQUIRES_SECURE_CHANNEL]
13:57:10.012 [https-jsse-nio-8443-exec-6] DEBUG o.s.s.w.a.AnonymousAuthenticationFilter - Set SecurityContextHolder to anonymous SecurityContext
13:57:10.013 [https-jsse-nio-8443-exec-6] DEBUG o.s.security.web.FilterChainProxy - Secured GET /login
13:57:10.317 [https-jsse-nio-8443-exec-9] DEBUG o.s.security.web.FilterChainProxy - Securing GET /css/reset.css
13:57:10.317 [https-jsse-nio-8443-exec-9] DEBUG o.s.s.w.a.c.ChannelProcessingFilter - Request: filter invocation [GET /css/reset.css]; ConfigAttributes: [REQUIRES_SECURE_CHANNEL]
13:57:10.317 [https-jsse-nio-8443-exec-9] DEBUG o.s.s.w.a.AnonymousAuthenticationFilter - Set SecurityContextHolder to anonymous SecurityContext
13:57:10.318 [https-jsse-nio-8443-exec-9] DEBUG o.s.security.web.FilterChainProxy - Secured GET /css/reset.css
13:57:10.329 [https-jsse-nio-8443-exec-9] DEBUG o.s.security.web.FilterChainProxy - Securing GET /css/fontawesome.css
13:57:10.330 [https-jsse-nio-8443-exec-9] DEBUG o.s.s.w.a.c.ChannelProcessingFilter - Request: filter invocation [GET /css/fontawesome.css]; ConfigAttributes: [REQUIRES_SECURE_CHANNEL]
13:57:10.330 [https-jsse-nio-8443-exec-9] DEBUG o.s.s.w.a.AnonymousAuthenticationFilter - Set SecurityContextHolder to anonymous SecurityContext
13:57:10.330 [https-jsse-nio-8443-exec-9] DEBUG o.s.security.web.FilterChainProxy - Secured GET /css/fontawesome.css
13:57:10.359 [https-jsse-nio-8443-exec-10] DEBUG o.s.security.web.FilterChainProxy - Securing GET /css/styles.css
13:57:10.359 [https-jsse-nio-8443-exec-10] DEBUG o.s.s.w.a.c.ChannelProcessingFilter - Request: filter invocation [GET /css/styles.css]; ConfigAttributes: [REQUIRES_SECURE_CHANNEL]
13:57:10.360 [https-jsse-nio-8443-exec-10] DEBUG o.s.s.w.a.AnonymousAuthenticationFilter - Set SecurityContextHolder to anonymous SecurityContext
13:57:10.360 [https-jsse-nio-8443-exec-2] DEBUG o.s.security.web.FilterChainProxy - Securing GET /css/bootstrap.min.css
13:57:10.360 [https-jsse-nio-8443-exec-2] DEBUG o.s.s.w.a.c.ChannelProcessingFilter - Request: filter invocation [GET /css/bootstrap.min.css]; ConfigAttributes: [REQUIRES_SECURE_CHANNEL]
13:57:10.360 [https-jsse-nio-8443-exec-10] DEBUG o.s.security.web.FilterChainProxy - Secured GET /css/styles.css
13:57:10.361 [https-jsse-nio-8443-exec-2] DEBUG o.s.s.w.a.AnonymousAuthenticationFilter - Set SecurityContextHolder to anonymous SecurityContext
13:57:10.361 [https-jsse-nio-8443-exec-2] DEBUG o.s.security.web.FilterChainProxy - Secured GET /css/bootstrap.min.css
13:57:10.362 [https-jsse-nio-8443-exec-6] DEBUG o.s.security.web.FilterChainProxy - Securing GET /css/fonts.min.css
13:57:10.362 [https-jsse-nio-8443-exec-6] DEBUG o.s.s.w.a.c.ChannelProcessingFilter - Request: filter invocation [GET /css/fonts.min.css]; ConfigAttributes: [REQUIRES_SECURE_CHANNEL]
13:57:10.362 [https-jsse-nio-8443-exec-6] DEBUG o.s.s.w.a.AnonymousAuthenticationFilter - Set SecurityContextHolder to anonymous SecurityContext
13:57:10.363 [https-jsse-nio-8443-exec-6] DEBUG o.s.security.web.FilterChainProxy - Secured GET /css/fonts.min.css
13:57:10.366 [https-jsse-nio-8443-exec-10] DEBUG o.s.security.web.FilterChainProxy - Securing GET /css/toast.css
13:57:10.366 [https-jsse-nio-8443-exec-10] DEBUG o.s.s.w.a.c.ChannelProcessingFilter - Request: filter invocation [GET /css/toast.css]; ConfigAttributes: [REQUIRES_SECURE_CHANNEL]
13:57:10.367 [https-jsse-nio-8443-exec-10] DEBUG o.s.s.w.a.AnonymousAuthenticationFilter - Set SecurityContextHolder to anonymous SecurityContext
13:57:10.367 [https-jsse-nio-8443-exec-10] DEBUG o.s.security.web.FilterChainProxy - Secured GET /css/toast.css
13:57:10.368 [https-jsse-nio-8443-exec-6] DEBUG o.s.security.web.FilterChainProxy - Securing GET /js/bootstrap.bundle.min.js
13:57:10.368 [https-jsse-nio-8443-exec-6] DEBUG o.s.s.w.a.c.ChannelProcessingFilter - Request: filter invocation [GET /js/bootstrap.bundle.min.js]; ConfigAttributes: [REQUIRES_SECURE_CHANNEL]
13:57:10.368 [https-jsse-nio-8443-exec-6] DEBUG o.s.s.w.a.AnonymousAuthenticationFilter - Set SecurityContextHolder to anonymous SecurityContext
13:57:10.369 [https-jsse-nio-8443-exec-6] DEBUG o.s.security.web.FilterChainProxy - Secured GET /js/bootstrap.bundle.min.js
13:57:10.369 [https-jsse-nio-8443-exec-4] DEBUG o.s.security.web.FilterChainProxy - Securing GET /js/fontawesome.js
13:57:10.369 [https-jsse-nio-8443-exec-4] DEBUG o.s.s.w.a.c.ChannelProcessingFilter - Request: filter invocation [GET /js/fontawesome.js]; ConfigAttributes: [REQUIRES_SECURE_CHANNEL]
13:57:10.369 [https-jsse-nio-8443-exec-4] DEBUG o.s.s.w.a.AnonymousAuthenticationFilter - Set SecurityContextHolder to anonymous SecurityContext
13:57:10.370 [https-jsse-nio-8443-exec-4] DEBUG o.s.security.web.FilterChainProxy - Secured GET /js/fontawesome.js
13:57:10.377 [https-jsse-nio-8443-exec-1] DEBUG o.s.security.web.FilterChainProxy - Securing GET /js/toast.js
13:57:10.377 [https-jsse-nio-8443-exec-1] DEBUG o.s.s.w.a.c.ChannelProcessingFilter - Request: filter invocation [GET /js/toast.js]; ConfigAttributes: [REQUIRES_SECURE_CHANNEL]
13:57:10.377 [https-jsse-nio-8443-exec-1] DEBUG o.s.s.w.a.AnonymousAuthenticationFilter - Set SecurityContextHolder to anonymous SecurityContext
13:57:10.378 [https-jsse-nio-8443-exec-1] DEBUG o.s.security.web.FilterChainProxy - Secured GET /js/toast.js
13:57:10.382 [https-jsse-nio-8443-exec-8] DEBUG o.s.security.web.FilterChainProxy - Securing GET /js/script.js
13:57:10.382 [https-jsse-nio-8443-exec-8] DEBUG o.s.s.w.a.c.ChannelProcessingFilter - Request: filter invocation [GET /js/script.js]; ConfigAttributes: [REQUIRES_SECURE_CHANNEL]
13:57:10.382 [https-jsse-nio-8443-exec-8] DEBUG o.s.s.w.a.AnonymousAuthenticationFilter - Set SecurityContextHolder to anonymous SecurityContext
13:57:10.382 [https-jsse-nio-8443-exec-9] DEBUG o.s.security.web.FilterChainProxy - Securing GET /js/profiles-register.js
13:57:10.383 [https-jsse-nio-8443-exec-9] DEBUG o.s.s.w.a.c.ChannelProcessingFilter - Request: filter invocation [GET /js/profiles-register.js]; ConfigAttributes: [REQUIRES_SECURE_CHANNEL]
13:57:10.383 [https-jsse-nio-8443-exec-8] DEBUG o.s.security.web.FilterChainProxy - Secured GET /js/script.js
13:57:10.383 [https-jsse-nio-8443-exec-9] DEBUG o.s.s.w.a.AnonymousAuthenticationFilter - Set SecurityContextHolder to anonymous SecurityContext
13:57:10.383 [https-jsse-nio-8443-exec-9] DEBUG o.s.security.web.FilterChainProxy - Secured GET /js/profiles-register.js
13:57:10.594 [scheduling-1] DEBUG o.h.e.t.internal.TransactionImpl - On TransactionImpl creation, JpaCompliance#isJpaTransactionComplianceEnabled == false
13:57:10.594 [scheduling-1] DEBUG o.h.e.t.internal.TransactionImpl - begin
13:57:10.596 [scheduling-1] DEBUG org.hibernate.SQL - 
    /* <criteria> */ select
        oe1_0.id,
        oe1_0.aggregate_id,
        oe1_0.aggregate_type,
        oe1_0.created_at,
        oe1_0.deleted,
        oe1_0.event_type,
        oe1_0.payload,
        oe1_0.published 
    from
        outbox_tbl oe1_0 
    where
        (
            oe1_0.deleted = 0
        ) 
        and oe1_0.published=0 
    order by
        oe1_0.created_at
13:57:10.597 [scheduling-1] DEBUG o.h.e.t.internal.TransactionImpl - committing
13:57:12.599 [scheduling-1] DEBUG o.h.e.t.internal.TransactionImpl - On TransactionImpl creation, JpaCompliance#isJpaTransactionComplianceEnabled == false
13:57:12.599 [scheduling-1] DEBUG o.h.e.t.internal.TransactionImpl - begin
13:57:12.601 [scheduling-1] DEBUG org.hibernate.SQL - 
    /* <criteria> */ select
        oe1_0.id,
        oe1_0.aggregate_id,
        oe1_0.aggregate_type,
        oe1_0.created_at,
        oe1_0.deleted,
        oe1_0.event_type,
        oe1_0.payload,
        oe1_0.published 
    from
        outbox_tbl oe1_0 
    where
        (
            oe1_0.deleted = 0
        ) 
        and oe1_0.published=0 
    order by
        oe1_0.created_at
13:57:12.602 [scheduling-1] DEBUG o.h.e.t.internal.TransactionImpl - committing
13:57:14.604 [scheduling-1] DEBUG o.h.e.t.internal.TransactionImpl - On TransactionImpl creation, JpaCompliance#isJpaTransactionComplianceEnabled == false
13:57:14.604 [scheduling-1] DEBUG o.h.e.t.internal.TransactionImpl - begin
13:57:14.606 [scheduling-1] DEBUG org.hibernate.SQL - 
    /* <criteria> */ select
        oe1_0.id,
        oe1_0.aggregate_id,
        oe1_0.aggregate_type,
        oe1_0.created_at,
        oe1_0.deleted,
        oe1_0.event_type,
        oe1_0.payload,
        oe1_0.published 
    from
        outbox_tbl oe1_0 
    where
        (
            oe1_0.deleted = 0
        ) 
        and oe1_0.published=0 
    order by
        oe1_0.created_at
13:57:14.607 [scheduling-1] DEBUG o.h.e.t.internal.TransactionImpl - committing
13:57:15.206 [https-jsse-nio-8443-exec-3] DEBUG o.s.security.web.FilterChainProxy - Securing POST /login
13:57:15.206 [https-jsse-nio-8443-exec-3] DEBUG o.s.s.w.a.c.ChannelProcessingFilter - Request: filter invocation [POST /login]; ConfigAttributes: [REQUIRES_SECURE_CHANNEL]
13:57:15.546 [https-jsse-nio-8443-exec-3] DEBUG org.hibernate.SQL - 
    /* <criteria> */ select
        u1_0.username,
        u1_0.account_non_expired,
        u1_0.account_non_locked,
        u1_0.credentials_expiry_date,
        u1_0.credentials_non_expired,
        u1_0.deleted,
        u1_0.enabled,
        u1_0.password 
    from
        user_tbl u1_0 
    where
        (
            u1_0.deleted = 0
        ) 
        and u1_0.username=?
13:57:15.547 [https-jsse-nio-8443-exec-3] TRACE org.hibernate.orm.jdbc.bind - binding parameter (1:VARCHAR) <- [ali]
13:57:15.554 [https-jsse-nio-8443-exec-3] TRACE org.hibernate.orm.jdbc.extract - extracted value (1:VARCHAR) -> [ali]
13:57:15.555 [https-jsse-nio-8443-exec-3] TRACE org.hibernate.orm.jdbc.extract - extracted value (2:BOOLEAN) -> [true]
13:57:15.555 [https-jsse-nio-8443-exec-3] TRACE org.hibernate.orm.jdbc.extract - extracted value (3:BOOLEAN) -> [true]
13:57:15.555 [https-jsse-nio-8443-exec-3] TRACE org.hibernate.orm.jdbc.extract - extracted value (4:TIMESTAMP) -> [2026-05-30T21:30:53.300956]
13:57:15.556 [https-jsse-nio-8443-exec-3] TRACE org.hibernate.orm.jdbc.extract - extracted value (5:BOOLEAN) -> [true]
13:57:15.556 [https-jsse-nio-8443-exec-3] TRACE org.hibernate.orm.jdbc.extract - extracted value (6:BOOLEAN) -> [false]
13:57:15.556 [https-jsse-nio-8443-exec-3] TRACE org.hibernate.orm.jdbc.extract - extracted value (7:BOOLEAN) -> [true]
13:57:15.556 [https-jsse-nio-8443-exec-3] TRACE org.hibernate.orm.jdbc.extract - extracted value (8:VARCHAR) -> [$2a$12$JRWydGv3q.xLuqLZANLEuO38Y8584BP1ABWUffjm8Da5MxgZ0fC8i]
13:57:15.557 [https-jsse-nio-8443-exec-3] DEBUG org.hibernate.SQL - 
    select
        rs1_0.username,
        rs1_1.name,
        rs1_1.deleted,
        ps1_0.role_name,
        ps1_1.id,
        ps1_1.deleted,
        ps1_1.permission 
    from
        user_role_tbl rs1_0 
    join
        role_tbl rs1_1 
            on rs1_1.name=rs1_0.role_name 
    left join
        (role_permission_tbl ps1_0 
    join
        permission_tbl ps1_1 
            on ps1_1.id=ps1_0.permission) 
        on rs1_1.name=ps1_0.role_name 
        and ( ps1_1.deleted = 0) 
    where
        rs1_0.username=? 
        and (
            rs1_1.deleted = 0
        )
13:57:15.557 [https-jsse-nio-8443-exec-3] TRACE org.hibernate.orm.jdbc.bind - binding parameter (1:VARCHAR) <- [ali]
13:57:15.565 [https-jsse-nio-8443-exec-3] TRACE org.hibernate.orm.jdbc.extract - extracted value (1:VARCHAR) -> [ali]
13:57:15.566 [https-jsse-nio-8443-exec-3] TRACE org.hibernate.orm.jdbc.extract - extracted value (2:VARCHAR) -> [ROLE_ADMIN]
13:57:15.566 [https-jsse-nio-8443-exec-3] TRACE org.hibernate.orm.jdbc.extract - extracted value (4:VARCHAR) -> [ROLE_ADMIN]
13:57:15.566 [https-jsse-nio-8443-exec-3] TRACE org.hibernate.orm.jdbc.extract - extracted value (5:BIGINT) -> [21]
13:57:15.566 [https-jsse-nio-8443-exec-3] TRACE org.hibernate.orm.jdbc.extract - extracted value (6:BOOLEAN) -> [false]
13:57:15.566 [https-jsse-nio-8443-exec-3] TRACE org.hibernate.orm.jdbc.extract - extracted value (7:VARCHAR) -> [BUILDING_DELETE]
13:57:15.566 [https-jsse-nio-8443-exec-3] TRACE org.hibernate.orm.jdbc.extract - extracted value (3:BOOLEAN) -> [false]
13:57:15.566 [https-jsse-nio-8443-exec-3] TRACE org.hibernate.orm.jdbc.extract - extracted value (1:VARCHAR) -> [ali]
13:57:15.566 [https-jsse-nio-8443-exec-3] TRACE org.hibernate.orm.jdbc.extract - extracted value (2:VARCHAR) -> [ROLE_ADMIN]
13:57:15.566 [https-jsse-nio-8443-exec-3] TRACE org.hibernate.orm.jdbc.extract - extracted value (5:BIGINT) -> [22]
13:57:15.566 [https-jsse-nio-8443-exec-3] TRACE org.hibernate.orm.jdbc.extract - extracted value (6:BOOLEAN) -> [false]
13:57:15.566 [https-jsse-nio-8443-exec-3] TRACE org.hibernate.orm.jdbc.extract - extracted value (7:VARCHAR) -> [BUILDING_EDIT]
13:57:15.566 [https-jsse-nio-8443-exec-3] TRACE org.hibernate.orm.jdbc.extract - extracted value (1:VARCHAR) -> [ali]
13:57:15.566 [https-jsse-nio-8443-exec-3] TRACE org.hibernate.orm.jdbc.extract - extracted value (2:VARCHAR) -> [ROLE_ADMIN]
13:57:15.566 [https-jsse-nio-8443-exec-3] TRACE org.hibernate.orm.jdbc.extract - extracted value (5:BIGINT) -> [1]
13:57:15.566 [https-jsse-nio-8443-exec-3] TRACE org.hibernate.orm.jdbc.extract - extracted value (6:BOOLEAN) -> [false]
13:57:15.566 [https-jsse-nio-8443-exec-3] TRACE org.hibernate.orm.jdbc.extract - extracted value (7:VARCHAR) -> [TICKET_CREATE]
13:57:15.567 [https-jsse-nio-8443-exec-3] TRACE org.hibernate.orm.jdbc.extract - extracted value (1:VARCHAR) -> [ali]
13:57:15.567 [https-jsse-nio-8443-exec-3] TRACE org.hibernate.orm.jdbc.extract - extracted value (2:VARCHAR) -> [ROLE_ADMIN]
13:57:15.567 [https-jsse-nio-8443-exec-3] TRACE org.hibernate.orm.jdbc.extract - extracted value (5:BIGINT) -> [2]
13:57:15.567 [https-jsse-nio-8443-exec-3] TRACE org.hibernate.orm.jdbc.extract - extracted value (6:BOOLEAN) -> [false]
13:57:15.567 [https-jsse-nio-8443-exec-3] TRACE org.hibernate.orm.jdbc.extract - extracted value (7:VARCHAR) -> [TICKET_DELETE]
13:57:15.567 [https-jsse-nio-8443-exec-3] TRACE org.hibernate.orm.jdbc.extract - extracted value (1:VARCHAR) -> [ali]
13:57:15.567 [https-jsse-nio-8443-exec-3] TRACE org.hibernate.orm.jdbc.extract - extracted value (2:VARCHAR) -> [ROLE_ADMIN]
13:57:15.567 [https-jsse-nio-8443-exec-3] TRACE org.hibernate.orm.jdbc.extract - extracted value (5:BIGINT) -> [3]
13:57:15.567 [https-jsse-nio-8443-exec-3] TRACE org.hibernate.orm.jdbc.extract - extracted value (6:BOOLEAN) -> [false]
13:57:15.567 [https-jsse-nio-8443-exec-3] TRACE org.hibernate.orm.jdbc.extract - extracted value (7:VARCHAR) -> [TICKET_EDIT]
13:57:15.567 [https-jsse-nio-8443-exec-3] TRACE org.hibernate.orm.jdbc.extract - extracted value (1:VARCHAR) -> [ali]
13:57:15.567 [https-jsse-nio-8443-exec-3] TRACE org.hibernate.orm.jdbc.extract - extracted value (2:VARCHAR) -> [ROLE_ADMIN]
13:57:15.567 [https-jsse-nio-8443-exec-3] TRACE org.hibernate.orm.jdbc.extract - extracted value (5:BIGINT) -> [4]
13:57:15.567 [https-jsse-nio-8443-exec-3] TRACE org.hibernate.orm.jdbc.extract - extracted value (6:BOOLEAN) -> [false]
13:57:15.567 [https-jsse-nio-8443-exec-3] TRACE org.hibernate.orm.jdbc.extract - extracted value (7:VARCHAR) -> [BUILDING_CREATE]
13:57:15.861 [https-jsse-nio-8443-exec-3] DEBUG o.s.s.a.d.DaoAuthenticationProvider - Authenticated user
13:57:15.862 [https-jsse-nio-8443-exec-3] DEBUG o.s.s.w.a.s.SessionFixationProtectionStrategy - Invalidating session with Id 'B539BDB222AE93B4764371A97E7836A7' and migrating attributes.
13:57:15.862 [https-jsse-nio-8443-exec-3] DEBUG o.s.s.w.a.s.SessionFixationProtectionStrategy - Started new session: C99A584192E53854B2F75CCEC1B481C4
13:57:15.864 [https-jsse-nio-8443-exec-3] DEBUG o.s.s.w.a.s.SessionFixationProtectionStrategy - Changed session id from B539BDB222AE93B4764371A97E7836A7
13:57:15.864 [https-jsse-nio-8443-exec-3] DEBUG o.s.s.c.session.SessionRegistryImpl - Registering session C99A584192E53854B2F75CCEC1B481C4, for principal ir.model.entity.CustomUserDetails@c7929e7
13:57:15.865 [https-jsse-nio-8443-exec-3] DEBUG o.s.s.w.c.HttpSessionSecurityContextRepository - Stored SecurityContextImpl [Authentication=UsernamePasswordAuthenticationToken [Principal=ir.model.entity.CustomUserDetails@c7929e7, Credentials=[PROTECTED], Authenticated=true, Details=WebAuthenticationDetails [RemoteIpAddress=0:0:0:0:0:0:0:1, SessionId=B539BDB222AE93B4764371A97E7836A7], Granted Authorities=[TICKET_EDIT, BUILDING_DELETE, BUILDING_EDIT, BUILDING_CREATE, ROLE_ADMIN, TICKET_CREATE, TICKET_DELETE]]] to HttpSession [org.apache.catalina.session.StandardSessionFacade@3803009d]
13:57:15.866 [https-jsse-nio-8443-exec-3] DEBUG o.s.s.w.a.UsernamePasswordAuthenticationFilter - Set SecurityContextHolder to UsernamePasswordAuthenticationToken [Principal=ir.model.entity.CustomUserDetails@c7929e7, Credentials=[PROTECTED], Authenticated=true, Details=WebAuthenticationDetails [RemoteIpAddress=0:0:0:0:0:0:0:1, SessionId=B539BDB222AE93B4764371A97E7836A7], Granted Authorities=[TICKET_EDIT, BUILDING_DELETE, BUILDING_EDIT, BUILDING_CREATE, ROLE_ADMIN, TICKET_CREATE, TICKET_DELETE]]
13:57:15.866 [https-jsse-nio-8443-exec-3] DEBUG o.s.s.web.DefaultRedirectStrategy - Redirecting to /home
13:57:15.870 [https-jsse-nio-8443-exec-7] DEBUG o.s.security.web.FilterChainProxy - Securing GET /home
13:57:15.870 [https-jsse-nio-8443-exec-7] DEBUG o.s.s.w.a.c.ChannelProcessingFilter - Request: filter invocation [GET /home]; ConfigAttributes: [REQUIRES_SECURE_CHANNEL]
13:57:15.870 [https-jsse-nio-8443-exec-7] DEBUG o.s.security.web.FilterChainProxy - Secured GET /home
13:57:15.892 [https-jsse-nio-8443-exec-7] DEBUG o.s.s.w.c.HttpSessionSecurityContextRepository - Retrieved SecurityContextImpl [Authentication=UsernamePasswordAuthenticationToken [Principal=ir.model.entity.CustomUserDetails@c7929e7, Credentials=[PROTECTED], Authenticated=true, Details=WebAuthenticationDetails [RemoteIpAddress=0:0:0:0:0:0:0:1, SessionId=B539BDB222AE93B4764371A97E7836A7], Granted Authorities=[TICKET_EDIT, BUILDING_DELETE, BUILDING_EDIT, BUILDING_CREATE, ROLE_ADMIN, TICKET_CREATE, TICKET_DELETE]]]
13:57:15.921 [https-jsse-nio-8443-exec-10] DEBUG o.s.security.web.FilterChainProxy - Securing GET /css/bootstrap.min.css
13:57:15.921 [https-jsse-nio-8443-exec-5] DEBUG o.s.security.web.FilterChainProxy - Securing GET /css/reset.css
13:57:15.922 [https-jsse-nio-8443-exec-10] DEBUG o.s.s.w.a.c.ChannelProcessingFilter - Request: filter invocation [GET /css/bootstrap.min.css]; ConfigAttributes: [REQUIRES_SECURE_CHANNEL]
13:57:15.922 [https-jsse-nio-8443-exec-5] DEBUG o.s.s.w.a.c.ChannelProcessingFilter - Request: filter invocation [GET /css/reset.css]; ConfigAttributes: [REQUIRES_SECURE_CHANNEL]
13:57:15.922 [https-jsse-nio-8443-exec-9] DEBUG o.s.security.web.FilterChainProxy - Securing GET /css/fonts.min.css
13:57:15.922 [https-jsse-nio-8443-exec-8] DEBUG o.s.security.web.FilterChainProxy - Securing GET /css/fontawesome.css
13:57:15.922 [https-jsse-nio-8443-exec-2] DEBUG o.s.security.web.FilterChainProxy - Securing GET /css/toast.css
13:57:15.922 [https-jsse-nio-8443-exec-5] DEBUG o.s.security.web.FilterChainProxy - Secured GET /css/reset.css
13:57:15.922 [https-jsse-nio-8443-exec-10] DEBUG o.s.security.web.FilterChainProxy - Secured GET /css/bootstrap.min.css
13:57:15.922 [https-jsse-nio-8443-exec-9] DEBUG o.s.s.w.a.c.ChannelProcessingFilter - Request: filter invocation [GET /css/fonts.min.css]; ConfigAttributes: [REQUIRES_SECURE_CHANNEL]
13:57:15.922 [https-jsse-nio-8443-exec-8] DEBUG o.s.s.w.a.c.ChannelProcessingFilter - Request: filter invocation [GET /css/fontawesome.css]; ConfigAttributes: [REQUIRES_SECURE_CHANNEL]
13:57:15.922 [https-jsse-nio-8443-exec-2] DEBUG o.s.s.w.a.c.ChannelProcessingFilter - Request: filter invocation [GET /css/toast.css]; ConfigAttributes: [REQUIRES_SECURE_CHANNEL]
13:57:15.923 [https-jsse-nio-8443-exec-9] DEBUG o.s.security.web.FilterChainProxy - Secured GET /css/fonts.min.css
13:57:15.923 [https-jsse-nio-8443-exec-8] DEBUG o.s.security.web.FilterChainProxy - Secured GET /css/fontawesome.css
13:57:15.923 [https-jsse-nio-8443-exec-1] DEBUG o.s.security.web.FilterChainProxy - Securing GET /css/styles.css
13:57:15.923 [https-jsse-nio-8443-exec-2] DEBUG o.s.security.web.FilterChainProxy - Secured GET /css/toast.css
13:57:15.923 [https-jsse-nio-8443-exec-1] DEBUG o.s.s.w.a.c.ChannelProcessingFilter - Request: filter invocation [GET /css/styles.css]; ConfigAttributes: [REQUIRES_SECURE_CHANNEL]
13:57:15.923 [https-jsse-nio-8443-exec-1] DEBUG o.s.security.web.FilterChainProxy - Secured GET /css/styles.css
13:57:15.924 [https-jsse-nio-8443-exec-5] DEBUG o.s.s.w.c.HttpSessionSecurityContextRepository - Retrieved SecurityContextImpl [Authentication=UsernamePasswordAuthenticationToken [Principal=ir.model.entity.CustomUserDetails@c7929e7, Credentials=[PROTECTED], Authenticated=true, Details=WebAuthenticationDetails [RemoteIpAddress=0:0:0:0:0:0:0:1, SessionId=B539BDB222AE93B4764371A97E7836A7], Granted Authorities=[TICKET_EDIT, BUILDING_DELETE, BUILDING_EDIT, BUILDING_CREATE, ROLE_ADMIN, TICKET_CREATE, TICKET_DELETE]]]
13:57:15.924 [https-jsse-nio-8443-exec-2] DEBUG o.s.s.w.c.HttpSessionSecurityContextRepository - Retrieved SecurityContextImpl [Authentication=UsernamePasswordAuthenticationToken [Principal=ir.model.entity.CustomUserDetails@c7929e7, Credentials=[PROTECTED], Authenticated=true, Details=WebAuthenticationDetails [RemoteIpAddress=0:0:0:0:0:0:0:1, SessionId=B539BDB222AE93B4764371A97E7836A7], Granted Authorities=[TICKET_EDIT, BUILDING_DELETE, BUILDING_EDIT, BUILDING_CREATE, ROLE_ADMIN, TICKET_CREATE, TICKET_DELETE]]]
13:57:15.925 [https-jsse-nio-8443-exec-9] DEBUG o.s.s.w.c.HttpSessionSecurityContextRepository - Retrieved SecurityContextImpl [Authentication=UsernamePasswordAuthenticationToken [Principal=ir.model.entity.CustomUserDetails@c7929e7, Credentials=[PROTECTED], Authenticated=true, Details=WebAuthenticationDetails [RemoteIpAddress=0:0:0:0:0:0:0:1, SessionId=B539BDB222AE93B4764371A97E7836A7], Granted Authorities=[TICKET_EDIT, BUILDING_DELETE, BUILDING_EDIT, BUILDING_CREATE, ROLE_ADMIN, TICKET_CREATE, TICKET_DELETE]]]
13:57:15.925 [https-jsse-nio-8443-exec-1] DEBUG o.s.s.w.c.HttpSessionSecurityContextRepository - Retrieved SecurityContextImpl [Authentication=UsernamePasswordAuthenticationToken [Principal=ir.model.entity.CustomUserDetails@c7929e7, Credentials=[PROTECTED], Authenticated=true, Details=WebAuthenticationDetails [RemoteIpAddress=0:0:0:0:0:0:0:1, SessionId=B539BDB222AE93B4764371A97E7836A7], Granted Authorities=[TICKET_EDIT, BUILDING_DELETE, BUILDING_EDIT, BUILDING_CREATE, ROLE_ADMIN, TICKET_CREATE, TICKET_DELETE]]]
13:57:15.927 [https-jsse-nio-8443-exec-6] DEBUG o.s.security.web.FilterChainProxy - Securing GET /icons/mftlogo.png
13:57:15.928 [https-jsse-nio-8443-exec-3] DEBUG o.s.security.web.FilterChainProxy - Securing GET /js/fontawesome.js
13:57:15.928 [https-jsse-nio-8443-exec-7] DEBUG o.s.security.web.FilterChainProxy - Securing GET /js/toast.js
13:57:15.928 [https-jsse-nio-8443-exec-4] DEBUG o.s.security.web.FilterChainProxy - Securing GET /js/bootstrap.bundle.min.js
13:57:15.928 [https-jsse-nio-8443-exec-7] DEBUG o.s.s.w.a.c.ChannelProcessingFilter - Request: filter invocation [GET /js/toast.js]; ConfigAttributes: [REQUIRES_SECURE_CHANNEL]
13:57:15.928 [https-jsse-nio-8443-exec-4] DEBUG o.s.s.w.a.c.ChannelProcessingFilter - Request: filter invocation [GET /js/bootstrap.bundle.min.js]; ConfigAttributes: [REQUIRES_SECURE_CHANNEL]
13:57:15.928 [https-jsse-nio-8443-exec-3] DEBUG o.s.s.w.a.c.ChannelProcessingFilter - Request: filter invocation [GET /js/fontawesome.js]; ConfigAttributes: [REQUIRES_SECURE_CHANNEL]
13:57:15.928 [https-jsse-nio-8443-exec-6] DEBUG o.s.s.w.a.c.ChannelProcessingFilter - Request: filter invocation [GET /icons/mftlogo.png]; ConfigAttributes: [REQUIRES_SECURE_CHANNEL]
13:57:15.928 [https-jsse-nio-8443-exec-7] DEBUG o.s.security.web.FilterChainProxy - Secured GET /js/toast.js
13:57:15.928 [https-jsse-nio-8443-exec-4] DEBUG o.s.security.web.FilterChainProxy - Secured GET /js/bootstrap.bundle.min.js
13:57:15.928 [https-jsse-nio-8443-exec-3] DEBUG o.s.security.web.FilterChainProxy - Secured GET /js/fontawesome.js
13:57:15.929 [https-jsse-nio-8443-exec-6] DEBUG o.s.security.web.FilterChainProxy - Secured GET /icons/mftlogo.png
13:57:15.930 [https-jsse-nio-8443-exec-7] DEBUG o.s.s.w.c.HttpSessionSecurityContextRepository - Retrieved SecurityContextImpl [Authentication=UsernamePasswordAuthenticationToken [Principal=ir.model.entity.CustomUserDetails@c7929e7, Credentials=[PROTECTED], Authenticated=true, Details=WebAuthenticationDetails [RemoteIpAddress=0:0:0:0:0:0:0:1, SessionId=B539BDB222AE93B4764371A97E7836A7], Granted Authorities=[TICKET_EDIT, BUILDING_DELETE, BUILDING_EDIT, BUILDING_CREATE, ROLE_ADMIN, TICKET_CREATE, TICKET_DELETE]]]
13:57:15.932 [https-jsse-nio-8443-exec-6] DEBUG o.s.s.w.c.HttpSessionSecurityContextRepository - Retrieved SecurityContextImpl [Authentication=UsernamePasswordAuthenticationToken [Principal=ir.model.entity.CustomUserDetails@c7929e7, Credentials=[PROTECTED], Authenticated=true, Details=WebAuthenticationDetails [RemoteIpAddress=0:0:0:0:0:0:0:1, SessionId=B539BDB222AE93B4764371A97E7836A7], Granted Authorities=[TICKET_EDIT, BUILDING_DELETE, BUILDING_EDIT, BUILDING_CREATE, ROLE_ADMIN, TICKET_CREATE, TICKET_DELETE]]]
13:57:15.933 [https-jsse-nio-8443-exec-5] DEBUG o.s.security.web.FilterChainProxy - Securing GET /js/script.js
13:57:15.933 [https-jsse-nio-8443-exec-5] DEBUG o.s.s.w.a.c.ChannelProcessingFilter - Request: filter invocation [GET /js/script.js]; ConfigAttributes: [REQUIRES_SECURE_CHANNEL]
13:57:15.933 [https-jsse-nio-8443-exec-5] DEBUG o.s.security.web.FilterChainProxy - Secured GET /js/script.js
13:57:15.934 [https-jsse-nio-8443-exec-2] DEBUG o.s.security.web.FilterChainProxy - Securing GET /js/permissions-api.js
13:57:15.934 [https-jsse-nio-8443-exec-2] DEBUG o.s.s.w.a.c.ChannelProcessingFilter - Request: filter invocation [GET /js/permissions-api.js]; ConfigAttributes: [REQUIRES_SECURE_CHANNEL]
13:57:15.935 [https-jsse-nio-8443-exec-2] DEBUG o.s.security.web.FilterChainProxy - Secured GET /js/permissions-api.js
13:57:15.935 [https-jsse-nio-8443-exec-5] DEBUG o.s.s.w.c.HttpSessionSecurityContextRepository - Retrieved SecurityContextImpl [Authentication=UsernamePasswordAuthenticationToken [Principal=ir.model.entity.CustomUserDetails@c7929e7, Credentials=[PROTECTED], Authenticated=true, Details=WebAuthenticationDetails [RemoteIpAddress=0:0:0:0:0:0:0:1, SessionId=B539BDB222AE93B4764371A97E7836A7], Granted Authorities=[TICKET_EDIT, BUILDING_DELETE, BUILDING_EDIT, BUILDING_CREATE, ROLE_ADMIN, TICKET_CREATE, TICKET_DELETE]]]
13:57:15.936 [https-jsse-nio-8443-exec-4] DEBUG o.s.s.w.c.HttpSessionSecurityContextRepository - Retrieved SecurityContextImpl [Authentication=UsernamePasswordAuthenticationToken [Principal=ir.model.entity.CustomUserDetails@c7929e7, Credentials=[PROTECTED], Authenticated=true, Details=WebAuthenticationDetails [RemoteIpAddress=0:0:0:0:0:0:0:1, SessionId=B539BDB222AE93B4764371A97E7836A7], Granted Authorities=[TICKET_EDIT, BUILDING_DELETE, BUILDING_EDIT, BUILDING_CREATE, ROLE_ADMIN, TICKET_CREATE, TICKET_DELETE]]]
13:57:15.938 [https-jsse-nio-8443-exec-10] DEBUG o.s.s.w.c.HttpSessionSecurityContextRepository - Retrieved SecurityContextImpl [Authentication=UsernamePasswordAuthenticationToken [Principal=ir.model.entity.CustomUserDetails@c7929e7, Credentials=[PROTECTED], Authenticated=true, Details=WebAuthenticationDetails [RemoteIpAddress=0:0:0:0:0:0:0:1, SessionId=B539BDB222AE93B4764371A97E7836A7], Granted Authorities=[TICKET_EDIT, BUILDING_DELETE, BUILDING_EDIT, BUILDING_CREATE, ROLE_ADMIN, TICKET_CREATE, TICKET_DELETE]]]
13:57:15.952 [https-jsse-nio-8443-exec-8] DEBUG o.s.s.w.c.HttpSessionSecurityContextRepository - Retrieved SecurityContextImpl [Authentication=UsernamePasswordAuthenticationToken [Principal=ir.model.entity.CustomUserDetails@c7929e7, Credentials=[PROTECTED], Authenticated=true, Details=WebAuthenticationDetails [RemoteIpAddress=0:0:0:0:0:0:0:1, SessionId=B539BDB222AE93B4764371A97E7836A7], Granted Authorities=[TICKET_EDIT, BUILDING_DELETE, BUILDING_EDIT, BUILDING_CREATE, ROLE_ADMIN, TICKET_CREATE, TICKET_DELETE]]]
13:57:15.958 [https-jsse-nio-8443-exec-2] DEBUG o.s.s.w.c.HttpSessionSecurityContextRepository - Retrieved SecurityContextImpl [Authentication=UsernamePasswordAuthenticationToken [Principal=ir.model.entity.CustomUserDetails@c7929e7, Credentials=[PROTECTED], Authenticated=true, Details=WebAuthenticationDetails [RemoteIpAddress=0:0:0:0:0:0:0:1, SessionId=B539BDB222AE93B4764371A97E7836A7], Granted Authorities=[TICKET_EDIT, BUILDING_DELETE, BUILDING_EDIT, BUILDING_CREATE, ROLE_ADMIN, TICKET_CREATE, TICKET_DELETE]]]
13:57:15.987 [https-jsse-nio-8443-exec-1] DEBUG o.s.security.web.FilterChainProxy - Securing GET /webfonts/fa-brands-400.woff2
13:57:15.987 [https-jsse-nio-8443-exec-9] DEBUG o.s.security.web.FilterChainProxy - Securing GET /webfonts/fa-solid-900.woff2
13:57:15.988 [https-jsse-nio-8443-exec-1] DEBUG o.s.s.w.a.c.ChannelProcessingFilter - Request: filter invocation [GET /webfonts/fa-brands-400.woff2]; ConfigAttributes: [REQUIRES_SECURE_CHANNEL]
13:57:15.988 [https-jsse-nio-8443-exec-9] DEBUG o.s.s.w.a.c.ChannelProcessingFilter - Request: filter invocation [GET /webfonts/fa-solid-900.woff2]; ConfigAttributes: [REQUIRES_SECURE_CHANNEL]
13:57:15.989 [https-jsse-nio-8443-exec-1] DEBUG o.s.s.w.c.HttpSessionSecurityContextRepository - Retrieved SecurityContextImpl [Authentication=UsernamePasswordAuthenticationToken [Principal=ir.model.entity.CustomUserDetails@c7929e7, Credentials=[PROTECTED], Authenticated=true, Details=WebAuthenticationDetails [RemoteIpAddress=0:0:0:0:0:0:0:1, SessionId=B539BDB222AE93B4764371A97E7836A7], Granted Authorities=[TICKET_EDIT, BUILDING_DELETE, BUILDING_EDIT, BUILDING_CREATE, ROLE_ADMIN, TICKET_CREATE, TICKET_DELETE]]]
13:57:15.989 [https-jsse-nio-8443-exec-9] DEBUG o.s.s.w.c.HttpSessionSecurityContextRepository - Retrieved SecurityContextImpl [Authentication=UsernamePasswordAuthenticationToken [Principal=ir.model.entity.CustomUserDetails@c7929e7, Credentials=[PROTECTED], Authenticated=true, Details=WebAuthenticationDetails [RemoteIpAddress=0:0:0:0:0:0:0:1, SessionId=B539BDB222AE93B4764371A97E7836A7], Granted Authorities=[TICKET_EDIT, BUILDING_DELETE, BUILDING_EDIT, BUILDING_CREATE, ROLE_ADMIN, TICKET_CREATE, TICKET_DELETE]]]
13:57:15.989 [https-jsse-nio-8443-exec-1] DEBUG o.s.security.web.FilterChainProxy - Secured GET /webfonts/fa-brands-400.woff2
13:57:15.989 [https-jsse-nio-8443-exec-9] DEBUG o.s.security.web.FilterChainProxy - Secured GET /webfonts/fa-solid-900.woff2
13:57:16.421 [https-jsse-nio-8443-exec-3] DEBUG o.s.s.w.c.HttpSessionSecurityContextRepository - Retrieved SecurityContextImpl [Authentication=UsernamePasswordAuthenticationToken [Principal=ir.model.entity.CustomUserDetails@c7929e7, Credentials=[PROTECTED], Authenticated=true, Details=WebAuthenticationDetails [RemoteIpAddress=0:0:0:0:0:0:0:1, SessionId=B539BDB222AE93B4764371A97E7836A7], Granted Authorities=[TICKET_EDIT, BUILDING_DELETE, BUILDING_EDIT, BUILDING_CREATE, ROLE_ADMIN, TICKET_CREATE, TICKET_DELETE]]]
13:57:16.615 [scheduling-1] DEBUG o.h.e.t.internal.TransactionImpl - On TransactionImpl creation, JpaCompliance#isJpaTransactionComplianceEnabled == false
13:57:16.616 [scheduling-1] DEBUG o.h.e.t.internal.TransactionImpl - begin
13:57:16.618 [scheduling-1] DEBUG org.hibernate.SQL - 
    /* <criteria> */ select
        oe1_0.id,
        oe1_0.aggregate_id,
        oe1_0.aggregate_type,
        oe1_0.created_at,
        oe1_0.deleted,
        oe1_0.event_type,
        oe1_0.payload,
        oe1_0.published 
    from
        outbox_tbl oe1_0 
    where
        (
            oe1_0.deleted = 0
        ) 
        and oe1_0.published=0 
    order by
        oe1_0.created_at
13:57:16.619 [scheduling-1] DEBUG o.h.e.t.internal.TransactionImpl - committing
13:57:18.632 [scheduling-1] DEBUG o.h.e.t.internal.TransactionImpl - On TransactionImpl creation, JpaCompliance#isJpaTransactionComplianceEnabled == false
13:57:18.632 [scheduling-1] DEBUG o.h.e.t.internal.TransactionImpl - begin
13:57:18.634 [scheduling-1] DEBUG org.hibernate.SQL - 
    /* <criteria> */ select
        oe1_0.id,
        oe1_0.aggregate_id,
        oe1_0.aggregate_type,
        oe1_0.created_at,
        oe1_0.deleted,
        oe1_0.event_type,
        oe1_0.payload,
        oe1_0.published 
    from
        outbox_tbl oe1_0 
    where
        (
            oe1_0.deleted = 0
        ) 
        and oe1_0.published=0 
    order by
        oe1_0.created_at
13:57:18.635 [scheduling-1] DEBUG o.h.e.t.internal.TransactionImpl - committing
13:57:20.637 [scheduling-1] DEBUG o.h.e.t.internal.TransactionImpl - On TransactionImpl creation, JpaCompliance#isJpaTransactionComplianceEnabled == false
13:57:20.637 [scheduling-1] DEBUG o.h.e.t.internal.TransactionImpl - begin
13:57:20.640 [scheduling-1] DEBUG org.hibernate.SQL - 
    /* <criteria> */ select
        oe1_0.id,
        oe1_0.aggregate_id,
        oe1_0.aggregate_type,
        oe1_0.created_at,
        oe1_0.deleted,
        oe1_0.event_type,
        oe1_0.payload,
        oe1_0.published 
    from
        outbox_tbl oe1_0 
    where
        (
            oe1_0.deleted = 0
        ) 
        and oe1_0.published=0 
    order by
        oe1_0.created_at
13:57:20.641 [scheduling-1] DEBUG o.h.e.t.internal.TransactionImpl - committing
13:57:22.648 [scheduling-1] DEBUG o.h.e.t.internal.TransactionImpl - On TransactionImpl creation, JpaCompliance#isJpaTransactionComplianceEnabled == false
13:57:22.648 [scheduling-1] DEBUG o.h.e.t.internal.TransactionImpl - begin
13:57:22.650 [scheduling-1] DEBUG org.hibernate.SQL - 
    /* <criteria> */ select
        oe1_0.id,
        oe1_0.aggregate_id,
        oe1_0.aggregate_type,
        oe1_0.created_at,
        oe1_0.deleted,
        oe1_0.event_type,
        oe1_0.payload,
        oe1_0.published 
    from
        outbox_tbl oe1_0 
    where
        (
            oe1_0.deleted = 0
        ) 
        and oe1_0.published=0 
    order by
        oe1_0.created_at
13:57:22.651 [scheduling-1] DEBUG o.h.e.t.internal.TransactionImpl - committing
13:57:24.655 [scheduling-1] DEBUG o.h.e.t.internal.TransactionImpl - On TransactionImpl creation, JpaCompliance#isJpaTransactionComplianceEnabled == false
13:57:24.655 [scheduling-1] DEBUG o.h.e.t.internal.TransactionImpl - begin
13:57:24.657 [scheduling-1] DEBUG org.hibernate.SQL - 
    /* <criteria> */ select
        oe1_0.id,
        oe1_0.aggregate_id,
        oe1_0.aggregate_type,
        oe1_0.created_at,
        oe1_0.deleted,
        oe1_0.event_type,
        oe1_0.payload,
        oe1_0.published 
    from
        outbox_tbl oe1_0 
    where
        (
            oe1_0.deleted = 0
        ) 
        and oe1_0.published=0 
    order by
        oe1_0.created_at
13:57:24.658 [scheduling-1] DEBUG o.h.e.t.internal.TransactionImpl - committing
13:57:26.662 [scheduling-1] DEBUG o.h.e.t.internal.TransactionImpl - On TransactionImpl creation, JpaCompliance#isJpaTransactionComplianceEnabled == false
13:57:26.662 [scheduling-1] DEBUG o.h.e.t.internal.TransactionImpl - begin
13:57:26.664 [scheduling-1] DEBUG org.hibernate.SQL - 
    /* <criteria> */ select
        oe1_0.id,
        oe1_0.aggregate_id,
        oe1_0.aggregate_type,
        oe1_0.created_at,
        oe1_0.deleted,
        oe1_0.event_type,
        oe1_0.payload,
        oe1_0.published 
    from
        outbox_tbl oe1_0 
    where
        (
            oe1_0.deleted = 0
        ) 
        and oe1_0.published=0 
    order by
        oe1_0.created_at
13:57:26.666 [scheduling-1] DEBUG o.h.e.t.internal.TransactionImpl - committing
13:57:28.036 [org.springframework.kafka.KafkaListenerEndpointContainer#0-0-C-1] INFO  o.apache.kafka.clients.NetworkClient - [Consumer clientId=consumer-building-service-updater-1, groupId=building-service-updater] Node -1 disconnected.
13:57:28.036 [org.springframework.kafka.KafkaListenerEndpointContainer#0-0-C-1] WARN  o.apache.kafka.clients.NetworkClient - [Consumer clientId=consumer-building-service-updater-1, groupId=building-service-updater] Connection to node -1 (/100.99.137.56:9092) could not be established. Node may not be available.
13:57:28.036 [org.springframework.kafka.KafkaListenerEndpointContainer#0-0-C-1] WARN  o.apache.kafka.clients.NetworkClient - [Consumer clientId=consumer-building-service-updater-1, groupId=building-service-updater] Bootstrap broker 100.99.137.56:9092 (id: -1 rack: null) disconnected
13:57:28.669 [scheduling-1] DEBUG o.h.e.t.internal.TransactionImpl - On TransactionImpl creation, JpaCompliance#isJpaTransactionComplianceEnabled == false
13:57:28.669 [scheduling-1] DEBUG o.h.e.t.internal.TransactionImpl - begin
13:57:28.671 [scheduling-1] DEBUG org.hibernate.SQL - 
    /* <criteria> */ select
        oe1_0.id,
        oe1_0.aggregate_id,
        oe1_0.aggregate_type,
        oe1_0.created_at,
        oe1_0.deleted,
        oe1_0.event_type,
        oe1_0.payload,
        oe1_0.published 
    from
        outbox_tbl oe1_0 
    where
        (
            oe1_0.deleted = 0
        ) 
        and oe1_0.published=0 
    order by
        oe1_0.created_at
13:57:28.672 [scheduling-1] DEBUG o.h.e.t.internal.TransactionImpl - committing
13:57:30.673 [scheduling-1] DEBUG o.h.e.t.internal.TransactionImpl - On TransactionImpl creation, JpaCompliance#isJpaTransactionComplianceEnabled == false
13:57:30.673 [scheduling-1] DEBUG o.h.e.t.internal.TransactionImpl - begin
13:57:30.674 [scheduling-1] DEBUG org.hibernate.SQL - 
    /* <criteria> */ select
        oe1_0.id,
        oe1_0.aggregate_id,
        oe1_0.aggregate_type,
        oe1_0.created_at,
        oe1_0.deleted,
        oe1_0.event_type,
        oe1_0.payload,
        oe1_0.published 
    from
        outbox_tbl oe1_0 
    where
        (
            oe1_0.deleted = 0
        ) 
        and oe1_0.published=0 
    order by
        oe1_0.created_at
13:57:30.675 [scheduling-1] DEBUG o.h.e.t.internal.TransactionImpl - committing
13:57:32.678 [scheduling-1] DEBUG o.h.e.t.internal.TransactionImpl - On TransactionImpl creation, JpaCompliance#isJpaTransactionComplianceEnabled == false
13:57:32.678 [scheduling-1] DEBUG o.h.e.t.internal.TransactionImpl - begin
13:57:32.679 [scheduling-1] DEBUG org.hibernate.SQL - 
    /* <criteria> */ select
        oe1_0.id,
        oe1_0.aggregate_id,
        oe1_0.aggregate_type,
        oe1_0.created_at,
        oe1_0.deleted,
        oe1_0.event_type,
        oe1_0.payload,
        oe1_0.published 
    from
        outbox_tbl oe1_0 
    where
        (
            oe1_0.deleted = 0
        ) 
        and oe1_0.published=0 
    order by
        oe1_0.created_at
13:57:32.680 [scheduling-1] DEBUG o.h.e.t.internal.TransactionImpl - committing
13:57:34.682 [scheduling-1] DEBUG o.h.e.t.internal.TransactionImpl - On TransactionImpl creation, JpaCompliance#isJpaTransactionComplianceEnabled == false
13:57:34.682 [scheduling-1] DEBUG o.h.e.t.internal.TransactionImpl - begin
13:57:34.683 [scheduling-1] DEBUG org.hibernate.SQL - 
    /* <criteria> */ select
        oe1_0.id,
        oe1_0.aggregate_id,
        oe1_0.aggregate_type,
        oe1_0.created_at,
        oe1_0.deleted,
        oe1_0.event_type,
        oe1_0.payload,
        oe1_0.published 
    from
        outbox_tbl oe1_0 
    where
        (
            oe1_0.deleted = 0
        ) 
        and oe1_0.published=0 
    order by
        oe1_0.created_at
13:57:34.684 [scheduling-1] DEBUG o.h.e.t.internal.TransactionImpl - committing
13:57:36.686 [scheduling-1] DEBUG o.h.e.t.internal.TransactionImpl - On TransactionImpl creation, JpaCompliance#isJpaTransactionComplianceEnabled == false
13:57:36.686 [scheduling-1] DEBUG o.h.e.t.internal.TransactionImpl - begin
13:57:36.688 [scheduling-1] DEBUG org.hibernate.SQL - 
    /* <criteria> */ select
        oe1_0.id,
        oe1_0.aggregate_id,
        oe1_0.aggregate_type,
        oe1_0.created_at,
        oe1_0.deleted,
        oe1_0.event_type,
        oe1_0.payload,
        oe1_0.published 
    from
        outbox_tbl oe1_0 
    where
        (
            oe1_0.deleted = 0
        ) 
        and oe1_0.published=0 
    order by
        oe1_0.created_at
13:57:36.689 [scheduling-1] DEBUG o.h.e.t.internal.TransactionImpl - committing
13:57:38.691 [scheduling-1] DEBUG o.h.e.t.internal.TransactionImpl - On TransactionImpl creation, JpaCompliance#isJpaTransactionComplianceEnabled == false
13:57:38.691 [scheduling-1] DEBUG o.h.e.t.internal.TransactionImpl - begin
13:57:38.692 [scheduling-1] DEBUG org.hibernate.SQL - 
    /* <criteria> */ select
        oe1_0.id,
        oe1_0.aggregate_id,
        oe1_0.aggregate_type,
        oe1_0.created_at,
        oe1_0.deleted,
        oe1_0.event_type,
        oe1_0.payload,
        oe1_0.published 
    from
        outbox_tbl oe1_0 
    where
        (
            oe1_0.deleted = 0
        ) 
        and oe1_0.published=0 
    order by
        oe1_0.created_at
13:57:38.693 [scheduling-1] DEBUG o.h.e.t.internal.TransactionImpl - committing
13:57:40.695 [scheduling-1] DEBUG o.h.e.t.internal.TransactionImpl - On TransactionImpl creation, JpaCompliance#isJpaTransactionComplianceEnabled == false
13:57:40.695 [scheduling-1] DEBUG o.h.e.t.internal.TransactionImpl - begin
13:57:40.697 [scheduling-1] DEBUG org.hibernate.SQL - 
    /* <criteria> */ select
        oe1_0.id,
        oe1_0.aggregate_id,
        oe1_0.aggregate_type,
        oe1_0.created_at,
        oe1_0.deleted,
        oe1_0.event_type,
        oe1_0.payload,
        oe1_0.published 
    from
        outbox_tbl oe1_0 
    where
        (
            oe1_0.deleted = 0
        ) 
        and oe1_0.published=0 
    order by
        oe1_0.created_at
13:57:40.698 [scheduling-1] DEBUG o.h.e.t.internal.TransactionImpl - committing
13:57:42.694 [https-jsse-nio-8443-exec-7] DEBUG o.s.security.web.FilterChainProxy - Securing GET /tickets
13:57:42.694 [https-jsse-nio-8443-exec-7] DEBUG o.s.s.w.a.c.ChannelProcessingFilter - Request: filter invocation [GET /tickets]; ConfigAttributes: [REQUIRES_SECURE_CHANNEL]
13:57:42.695 [https-jsse-nio-8443-exec-7] DEBUG o.s.s.w.c.HttpSessionSecurityContextRepository - Retrieved SecurityContextImpl [Authentication=UsernamePasswordAuthenticationToken [Principal=ir.model.entity.CustomUserDetails@c7929e7, Credentials=[PROTECTED], Authenticated=true, Details=WebAuthenticationDetails [RemoteIpAddress=0:0:0:0:0:0:0:1, SessionId=B539BDB222AE93B4764371A97E7836A7], Granted Authorities=[TICKET_EDIT, BUILDING_DELETE, BUILDING_EDIT, BUILDING_CREATE, ROLE_ADMIN, TICKET_CREATE, TICKET_DELETE]]]
13:57:42.695 [https-jsse-nio-8443-exec-7] DEBUG o.s.security.web.FilterChainProxy - Secured GET /tickets
13:57:42.703 [scheduling-1] DEBUG o.h.e.t.internal.TransactionImpl - On TransactionImpl creation, JpaCompliance#isJpaTransactionComplianceEnabled == false
13:57:42.703 [scheduling-1] DEBUG o.h.e.t.internal.TransactionImpl - begin
13:57:42.705 [scheduling-1] DEBUG org.hibernate.SQL - 
    /* <criteria> */ select
        oe1_0.id,
        oe1_0.aggregate_id,
        oe1_0.aggregate_type,
        oe1_0.created_at,
        oe1_0.deleted,
        oe1_0.event_type,
        oe1_0.payload,
        oe1_0.published 
    from
        outbox_tbl oe1_0 
    where
        (
            oe1_0.deleted = 0
        ) 
        and oe1_0.published=0 
    order by
        oe1_0.created_at
13:57:42.706 [scheduling-1] DEBUG o.h.e.t.internal.TransactionImpl - committing
13:57:42.713 [https-jsse-nio-8443-exec-7] DEBUG org.hibernate.SQL - 
    /* <criteria> */ select
        t1_0.id,
        t1_0.customer,
        t1_0.date_time,
        t1_0.deleted,
        t1_0.score,
        t1_0.section_id,
        t1_0.status,
        t1_0.title 
    from
        ticket_tbl t1_0 
    where
        (
            t1_0.deleted = 0
        ) 
    order by
        t1_0.date_time,
        t1_0.date_time 
    fetch
        first ? rows only
13:57:42.714 [https-jsse-nio-8443-exec-7] TRACE org.hibernate.orm.jdbc.bind - binding parameter (1:INTEGER) <- [10]
13:57:42.717 [https-jsse-nio-8443-exec-7] TRACE org.hibernate.orm.jdbc.extract - extracted value (1:BIGINT) -> [1]
13:57:42.717 [https-jsse-nio-8443-exec-7] TRACE org.hibernate.orm.jdbc.extract - extracted value (2:VARCHAR) -> [hadan]
13:57:42.721 [https-jsse-nio-8443-exec-7] DEBUG org.hibernate.SQL - 
    select
        u1_0.username,
        u1_0.account_non_expired,
        u1_0.account_non_locked,
        u1_0.credentials_expiry_date,
        u1_0.credentials_non_expired,
        u1_0.deleted,
        u1_0.enabled,
        u1_0.password,
        rs1_0.username,
        rs1_1.name,
        rs1_1.deleted,
        ps1_0.role_name,
        ps1_1.id,
        ps1_1.deleted,
        ps1_1.permission 
    from
        user_tbl u1_0 
    left join
        (user_role_tbl rs1_0 
    join
        role_tbl rs1_1 
            on rs1_1.name=rs1_0.role_name) 
        on u1_0.username=rs1_0.username 
        and ( rs1_1.deleted = 0) 
    left join
        (role_permission_tbl ps1_0 
    join
        permission_tbl ps1_1 
            on ps1_1.id=ps1_0.permission) 
        on rs1_1.name=ps1_0.role_name 
        and ( ps1_1.deleted = 0) 
    where
        u1_0.username=? 
        and (
            u1_0.deleted = 0
        )
13:57:42.721 [https-jsse-nio-8443-exec-7] TRACE org.hibernate.orm.jdbc.bind - binding parameter (1:VARCHAR) <- [hadan]
13:57:42.732 [https-jsse-nio-8443-exec-7] TRACE org.hibernate.orm.jdbc.extract - extracted value (9:VARCHAR) -> [hadan]
13:57:42.732 [https-jsse-nio-8443-exec-7] TRACE org.hibernate.orm.jdbc.extract - extracted value (10:VARCHAR) -> [ROLE_CUSTOMER]
13:57:42.732 [https-jsse-nio-8443-exec-7] TRACE org.hibernate.orm.jdbc.extract - extracted value (12:VARCHAR) -> [ROLE_CUSTOMER]
13:57:42.732 [https-jsse-nio-8443-exec-7] TRACE org.hibernate.orm.jdbc.extract - extracted value (13:BIGINT) -> [1]
13:57:42.732 [https-jsse-nio-8443-exec-7] TRACE org.hibernate.orm.jdbc.extract - extracted value (14:BOOLEAN) -> [false]
13:57:42.732 [https-jsse-nio-8443-exec-7] TRACE org.hibernate.orm.jdbc.extract - extracted value (15:VARCHAR) -> [TICKET_CREATE]
13:57:42.732 [https-jsse-nio-8443-exec-7] TRACE org.hibernate.orm.jdbc.extract - extracted value (11:BOOLEAN) -> [false]
13:57:42.732 [https-jsse-nio-8443-exec-7] TRACE org.hibernate.orm.jdbc.extract - extracted value (2:BOOLEAN) -> [true]
13:57:42.732 [https-jsse-nio-8443-exec-7] TRACE org.hibernate.orm.jdbc.extract - extracted value (3:BOOLEAN) -> [true]
13:57:42.733 [https-jsse-nio-8443-exec-7] TRACE org.hibernate.orm.jdbc.extract - extracted value (4:TIMESTAMP) -> [2026-07-15T10:11:55.759022]
13:57:42.733 [https-jsse-nio-8443-exec-7] TRACE org.hibernate.orm.jdbc.extract - extracted value (5:BOOLEAN) -> [true]
13:57:42.733 [https-jsse-nio-8443-exec-7] TRACE org.hibernate.orm.jdbc.extract - extracted value (6:BOOLEAN) -> [false]
13:57:42.733 [https-jsse-nio-8443-exec-7] TRACE org.hibernate.orm.jdbc.extract - extracted value (7:BOOLEAN) -> [true]
13:57:42.733 [https-jsse-nio-8443-exec-7] TRACE org.hibernate.orm.jdbc.extract - extracted value (8:VARCHAR) -> [$2a$12$pGZHMXEgTAfgatCgqkj6uuOfHiTD7wYxADVoQrlWQtumAAqOwT71.]
13:57:42.733 [https-jsse-nio-8443-exec-7] TRACE org.hibernate.orm.jdbc.extract - extracted value (6:BIGINT) -> [3]
13:57:42.733 [https-jsse-nio-8443-exec-7] DEBUG org.hibernate.SQL - 
    select
        s1_0.id,
        s1_0.building_id,
        s1_0.deleted,
        ps1_0.id,
        ps1_0.building_id,
        ps1_0.deleted,
        ps1_0.parent_section_id,
        ps1_0.title,
        s1_0.title,
        csl1_0.parent_section_id,
        csl1_0.id,
        csl1_0.building_id,
        csl1_0.deleted,
        csl1_0.title 
    from
        section_table s1_0 
    left join
        section_table ps1_0 
            on ps1_0.id=s1_0.parent_section_id 
            and (ps1_0.deleted = 0) 
    left join
        section_table csl1_0 
            on s1_0.id=csl1_0.parent_section_id 
            and (csl1_0.deleted = 0) 
    where
        s1_0.id=? 
        and (
            s1_0.deleted = 0
        )
13:57:42.733 [https-jsse-nio-8443-exec-7] TRACE org.hibernate.orm.jdbc.bind - binding parameter (1:BIGINT) <- [3]
13:57:42.740 [https-jsse-nio-8443-exec-7] TRACE org.hibernate.orm.jdbc.extract - extracted value (10:BIGINT) -> [3]
13:57:42.740 [https-jsse-nio-8443-exec-7] TRACE org.hibernate.orm.jdbc.extract - extracted value (11:BIGINT) -> [4]
13:57:42.740 [https-jsse-nio-8443-exec-7] TRACE org.hibernate.orm.jdbc.extract - extracted value (4:BIGINT) -> [1]
13:57:42.740 [https-jsse-nio-8443-exec-7] TRACE org.hibernate.orm.jdbc.extract - extracted value (2:BIGINT) -> [null]
13:57:42.740 [https-jsse-nio-8443-exec-7] TRACE org.hibernate.orm.jdbc.extract - extracted value (12:BIGINT) -> [23]
13:57:42.740 [https-jsse-nio-8443-exec-7] TRACE org.hibernate.orm.jdbc.extract - extracted value (5:BIGINT) -> [54]
13:57:42.740 [https-jsse-nio-8443-exec-7] TRACE org.hibernate.orm.jdbc.extract - extracted value (7:BIGINT) -> [null]
13:57:42.740 [https-jsse-nio-8443-exec-7] TRACE org.hibernate.orm.jdbc.extract - extracted value (13:BOOLEAN) -> [false]
13:57:42.740 [https-jsse-nio-8443-exec-7] TRACE org.hibernate.orm.jdbc.extract - extracted value (14:VARCHAR) -> [BUS]
13:57:42.740 [https-jsse-nio-8443-exec-7] TRACE org.hibernate.orm.jdbc.extract - extracted value (6:BOOLEAN) -> [false]
13:57:42.740 [https-jsse-nio-8443-exec-7] TRACE org.hibernate.orm.jdbc.extract - extracted value (8:VARCHAR) -> [MAIN SECTION]
13:57:42.740 [https-jsse-nio-8443-exec-7] TRACE org.hibernate.orm.jdbc.extract - extracted value (3:BOOLEAN) -> [false]
13:57:42.741 [https-jsse-nio-8443-exec-7] TRACE org.hibernate.orm.jdbc.extract - extracted value (9:VARCHAR) -> [TRANSPORT]
13:57:42.741 [https-jsse-nio-8443-exec-7] TRACE org.hibernate.orm.jdbc.extract - extracted value (11:BIGINT) -> [5]
13:57:42.741 [https-jsse-nio-8443-exec-7] TRACE org.hibernate.orm.jdbc.extract - extracted value (12:BIGINT) -> [null]
13:57:42.741 [https-jsse-nio-8443-exec-7] TRACE org.hibernate.orm.jdbc.extract - extracted value (13:BOOLEAN) -> [false]
13:57:42.741 [https-jsse-nio-8443-exec-7] TRACE org.hibernate.orm.jdbc.extract - extracted value (14:VARCHAR) -> [TAXI]
13:57:42.741 [https-jsse-nio-8443-exec-7] TRACE org.hibernate.orm.jdbc.extract - extracted value (11:BIGINT) -> [21]
13:57:42.741 [https-jsse-nio-8443-exec-7] TRACE org.hibernate.orm.jdbc.extract - extracted value (12:BIGINT) -> [null]
13:57:42.741 [https-jsse-nio-8443-exec-7] TRACE org.hibernate.orm.jdbc.extract - extracted value (13:BOOLEAN) -> [false]
13:57:42.741 [https-jsse-nio-8443-exec-7] TRACE org.hibernate.orm.jdbc.extract - extracted value (14:VARCHAR) -> [TEST B]
13:57:42.741 [https-jsse-nio-8443-exec-7] TRACE org.hibernate.orm.jdbc.extract - extracted value (3:TIMESTAMP) -> [2026-01-19T10:41:35.312182]
13:57:42.741 [https-jsse-nio-8443-exec-7] TRACE org.hibernate.orm.jdbc.extract - extracted value (4:BOOLEAN) -> [false]
13:57:42.742 [https-jsse-nio-8443-exec-7] TRACE org.hibernate.orm.jdbc.extract - extracted value (5:INTEGER) -> [null]
13:57:42.742 [https-jsse-nio-8443-exec-7] TRACE org.hibernate.orm.jdbc.extract - extracted value (7:TINYINT) -> [Closed]
13:57:42.742 [https-jsse-nio-8443-exec-7] TRACE org.hibernate.orm.jdbc.extract - extracted value (8:VARCHAR) -> [first ticket]
13:57:42.742 [https-jsse-nio-8443-exec-7] TRACE org.hibernate.orm.jdbc.extract - extracted value (1:BIGINT) -> [2]
13:57:42.742 [https-jsse-nio-8443-exec-7] TRACE org.hibernate.orm.jdbc.extract - extracted value (2:VARCHAR) -> [ali]
13:57:42.742 [https-jsse-nio-8443-exec-7] DEBUG org.hibernate.SQL - 
    select
        u1_0.username,
        u1_0.account_non_expired,
        u1_0.account_non_locked,
        u1_0.credentials_expiry_date,
        u1_0.credentials_non_expired,
        u1_0.deleted,
        u1_0.enabled,
        u1_0.password,
        rs1_0.username,
        rs1_1.name,
        rs1_1.deleted,
        ps1_0.role_name,
        ps1_1.id,
        ps1_1.deleted,
        ps1_1.permission 
    from
        user_tbl u1_0 
    left join
        (user_role_tbl rs1_0 
    join
        role_tbl rs1_1 
            on rs1_1.name=rs1_0.role_name) 
        on u1_0.username=rs1_0.username 
        and ( rs1_1.deleted = 0) 
    left join
        (role_permission_tbl ps1_0 
    join
        permission_tbl ps1_1 
            on ps1_1.id=ps1_0.permission) 
        on rs1_1.name=ps1_0.role_name 
        and ( ps1_1.deleted = 0) 
    where
        u1_0.username=? 
        and (
            u1_0.deleted = 0
        )
13:57:42.742 [https-jsse-nio-8443-exec-7] TRACE org.hibernate.orm.jdbc.bind - binding parameter (1:VARCHAR) <- [ali]
13:57:42.743 [https-jsse-nio-8443-exec-7] TRACE org.hibernate.orm.jdbc.extract - extracted value (9:VARCHAR) -> [ali]
13:57:42.743 [https-jsse-nio-8443-exec-7] TRACE org.hibernate.orm.jdbc.extract - extracted value (10:VARCHAR) -> [ROLE_ADMIN]
13:57:42.743 [https-jsse-nio-8443-exec-7] TRACE org.hibernate.orm.jdbc.extract - extracted value (12:VARCHAR) -> [ROLE_ADMIN]
13:57:42.743 [https-jsse-nio-8443-exec-7] TRACE org.hibernate.orm.jdbc.extract - extracted value (13:BIGINT) -> [21]
13:57:42.743 [https-jsse-nio-8443-exec-7] TRACE org.hibernate.orm.jdbc.extract - extracted value (14:BOOLEAN) -> [false]
13:57:42.743 [https-jsse-nio-8443-exec-7] TRACE org.hibernate.orm.jdbc.extract - extracted value (15:VARCHAR) -> [BUILDING_DELETE]
13:57:42.743 [https-jsse-nio-8443-exec-7] TRACE org.hibernate.orm.jdbc.extract - extracted value (11:BOOLEAN) -> [false]
13:57:42.743 [https-jsse-nio-8443-exec-7] TRACE org.hibernate.orm.jdbc.extract - extracted value (2:BOOLEAN) -> [true]
13:57:42.743 [https-jsse-nio-8443-exec-7] TRACE org.hibernate.orm.jdbc.extract - extracted value (3:BOOLEAN) -> [true]
13:57:42.743 [https-jsse-nio-8443-exec-7] TRACE org.hibernate.orm.jdbc.extract - extracted value (4:TIMESTAMP) -> [2026-05-30T21:30:53.300956]
13:57:42.743 [https-jsse-nio-8443-exec-7] TRACE org.hibernate.orm.jdbc.extract - extracted value (5:BOOLEAN) -> [true]
13:57:42.743 [https-jsse-nio-8443-exec-7] TRACE org.hibernate.orm.jdbc.extract - extracted value (6:BOOLEAN) -> [false]
13:57:42.743 [https-jsse-nio-8443-exec-7] TRACE org.hibernate.orm.jdbc.extract - extracted value (7:BOOLEAN) -> [true]
13:57:42.744 [https-jsse-nio-8443-exec-7] TRACE org.hibernate.orm.jdbc.extract - extracted value (8:VARCHAR) -> [$2a$12$JRWydGv3q.xLuqLZANLEuO38Y8584BP1ABWUffjm8Da5MxgZ0fC8i]
13:57:42.744 [https-jsse-nio-8443-exec-7] TRACE org.hibernate.orm.jdbc.extract - extracted value (10:VARCHAR) -> [ROLE_ADMIN]
13:57:42.744 [https-jsse-nio-8443-exec-7] TRACE org.hibernate.orm.jdbc.extract - extracted value (13:BIGINT) -> [22]
13:57:42.744 [https-jsse-nio-8443-exec-7] TRACE org.hibernate.orm.jdbc.extract - extracted value (14:BOOLEAN) -> [false]
13:57:42.744 [https-jsse-nio-8443-exec-7] TRACE org.hibernate.orm.jdbc.extract - extracted value (15:VARCHAR) -> [BUILDING_EDIT]
13:57:42.744 [https-jsse-nio-8443-exec-7] TRACE org.hibernate.orm.jdbc.extract - extracted value (10:VARCHAR) -> [ROLE_ADMIN]
13:57:42.744 [https-jsse-nio-8443-exec-7] TRACE org.hibernate.orm.jdbc.extract - extracted value (13:BIGINT) -> [1]
13:57:42.744 [https-jsse-nio-8443-exec-7] TRACE org.hibernate.orm.jdbc.extract - extracted value (10:VARCHAR) -> [ROLE_ADMIN]
13:57:42.744 [https-jsse-nio-8443-exec-7] TRACE org.hibernate.orm.jdbc.extract - extracted value (13:BIGINT) -> [2]
13:57:42.744 [https-jsse-nio-8443-exec-7] TRACE org.hibernate.orm.jdbc.extract - extracted value (14:BOOLEAN) -> [false]
13:57:42.744 [https-jsse-nio-8443-exec-7] TRACE org.hibernate.orm.jdbc.extract - extracted value (15:VARCHAR) -> [TICKET_DELETE]
13:57:42.744 [https-jsse-nio-8443-exec-7] TRACE org.hibernate.orm.jdbc.extract - extracted value (10:VARCHAR) -> [ROLE_ADMIN]
13:57:42.744 [https-jsse-nio-8443-exec-7] TRACE org.hibernate.orm.jdbc.extract - extracted value (13:BIGINT) -> [3]
13:57:42.744 [https-jsse-nio-8443-exec-7] TRACE org.hibernate.orm.jdbc.extract - extracted value (14:BOOLEAN) -> [false]
13:57:42.744 [https-jsse-nio-8443-exec-7] TRACE org.hibernate.orm.jdbc.extract - extracted value (15:VARCHAR) -> [TICKET_EDIT]
13:57:42.744 [https-jsse-nio-8443-exec-7] TRACE org.hibernate.orm.jdbc.extract - extracted value (10:VARCHAR) -> [ROLE_ADMIN]
13:57:42.744 [https-jsse-nio-8443-exec-7] TRACE org.hibernate.orm.jdbc.extract - extracted value (13:BIGINT) -> [4]
13:57:42.744 [https-jsse-nio-8443-exec-7] TRACE org.hibernate.orm.jdbc.extract - extracted value (14:BOOLEAN) -> [false]
13:57:42.744 [https-jsse-nio-8443-exec-7] TRACE org.hibernate.orm.jdbc.extract - extracted value (15:VARCHAR) -> [BUILDING_CREATE]
13:57:42.744 [https-jsse-nio-8443-exec-7] TRACE org.hibernate.orm.jdbc.extract - extracted value (6:BIGINT) -> [5]
13:57:42.745 [https-jsse-nio-8443-exec-7] TRACE org.hibernate.orm.jdbc.extract - extracted value (3:TIMESTAMP) -> [2026-01-20T23:15:43.324293]
13:57:42.745 [https-jsse-nio-8443-exec-7] TRACE org.hibernate.orm.jdbc.extract - extracted value (4:BOOLEAN) -> [false]
13:57:42.745 [https-jsse-nio-8443-exec-7] TRACE org.hibernate.orm.jdbc.extract - extracted value (5:INTEGER) -> [null]
13:57:42.745 [https-jsse-nio-8443-exec-7] TRACE org.hibernate.orm.jdbc.extract - extracted value (7:TINYINT) -> [Closed]
13:57:42.745 [https-jsse-nio-8443-exec-7] TRACE org.hibernate.orm.jdbc.extract - extracted value (8:VARCHAR) -> [test 2]
13:57:42.745 [https-jsse-nio-8443-exec-7] DEBUG org.hibernate.SQL - 
    select
        csl1_0.parent_section_id,
        csl1_0.id,
        csl1_0.building_id,
        csl1_0.deleted,
        csl1_0.title 
    from
        section_table csl1_0 
    where
        csl1_0.parent_section_id=? 
        and (
            csl1_0.deleted = 0
        )
13:57:42.745 [https-jsse-nio-8443-exec-7] TRACE org.hibernate.orm.jdbc.bind - binding parameter (1:BIGINT) <- [21]
13:57:42.746 [https-jsse-nio-8443-exec-7] DEBUG org.hibernate.SQL - 
    select
        csl1_0.parent_section_id,
        csl1_0.id,
        csl1_0.building_id,
        csl1_0.deleted,
        csl1_0.title 
    from
        section_table csl1_0 
    where
        csl1_0.parent_section_id=? 
        and (
            csl1_0.deleted = 0
        )
13:57:42.746 [https-jsse-nio-8443-exec-7] TRACE org.hibernate.orm.jdbc.bind - binding parameter (1:BIGINT) <- [5]
13:57:42.746 [https-jsse-nio-8443-exec-7] DEBUG org.hibernate.SQL - 
    select
        csl1_0.parent_section_id,
        csl1_0.id,
        csl1_0.building_id,
        csl1_0.deleted,
        csl1_0.title 
    from
        section_table csl1_0 
    where
        csl1_0.parent_section_id=? 
        and (
            csl1_0.deleted = 0
        )
13:57:42.746 [https-jsse-nio-8443-exec-7] TRACE org.hibernate.orm.jdbc.bind - binding parameter (1:BIGINT) <- [1]
13:57:42.747 [https-jsse-nio-8443-exec-7] TRACE org.hibernate.orm.jdbc.extract - extracted value (1:BIGINT) -> [1]
13:57:42.747 [https-jsse-nio-8443-exec-7] TRACE org.hibernate.orm.jdbc.extract - extracted value (2:BIGINT) -> [2]
13:57:42.747 [https-jsse-nio-8443-exec-7] TRACE org.hibernate.orm.jdbc.extract - extracted value (3:BIGINT) -> [23]
13:57:42.747 [https-jsse-nio-8443-exec-7] TRACE org.hibernate.orm.jdbc.extract - extracted value (4:BOOLEAN) -> [false]
13:57:42.747 [https-jsse-nio-8443-exec-7] TRACE org.hibernate.orm.jdbc.extract - extracted value (5:VARCHAR) -> [HSE]
13:57:42.747 [https-jsse-nio-8443-exec-7] TRACE org.hibernate.orm.jdbc.extract - extracted value (1:BIGINT) -> [1]
13:57:42.747 [https-jsse-nio-8443-exec-7] TRACE org.hibernate.orm.jdbc.extract - extracted value (2:BIGINT) -> [3]
13:57:42.747 [https-jsse-nio-8443-exec-7] DEBUG org.hibernate.SQL - 
    select
        csl1_0.parent_section_id,
        csl1_0.id,
        csl1_0.building_id,
        csl1_0.deleted,
        csl1_0.title 
    from
        section_table csl1_0 
    where
        csl1_0.parent_section_id=? 
        and (
            csl1_0.deleted = 0
        )
13:57:42.747 [https-jsse-nio-8443-exec-7] TRACE org.hibernate.orm.jdbc.bind - binding parameter (1:BIGINT) <- [2]
13:57:42.748 [https-jsse-nio-8443-exec-7] DEBUG org.hibernate.SQL - 
    select
        csl1_0.parent_section_id,
        csl1_0.id,
        csl1_0.building_id,
        csl1_0.deleted,
        csl1_0.title 
    from
        section_table csl1_0 
    where
        csl1_0.parent_section_id=? 
        and (
            csl1_0.deleted = 0
        )
13:57:42.748 [https-jsse-nio-8443-exec-7] TRACE org.hibernate.orm.jdbc.bind - binding parameter (1:BIGINT) <- [4]
13:57:42.749 [https-jsse-nio-8443-exec-7] TRACE o.s.c.interceptor.CacheInterceptor - Computed cache key 'SimpleKey []' for operation Builder[public java.util.List ir.service.impl.SectionServiceImpl.findAllForFilter()] caches=[sectionsFilter] | key='' | keyGenerator='' | cacheManager='' | cacheResolver='' | condition='' | unless='' | sync='false'
13:57:42.750 [https-jsse-nio-8443-exec-7] TRACE o.s.c.interceptor.CacheInterceptor - Cache entry for key 'SimpleKey []' found in cache(s) [sectionsFilter]
13:57:42.751 [https-jsse-nio-8443-exec-7] INFO  i.c.exception.ResponseAspect - Web Controller: showAllTickets
13:57:42.827 [https-jsse-nio-8443-exec-6] DEBUG o.s.security.web.FilterChainProxy - Securing GET /css/reset.css
13:57:42.827 [https-jsse-nio-8443-exec-6] DEBUG o.s.s.w.a.c.ChannelProcessingFilter - Request: filter invocation [GET /css/reset.css]; ConfigAttributes: [REQUIRES_SECURE_CHANNEL]
13:57:42.828 [https-jsse-nio-8443-exec-6] DEBUG o.s.security.web.FilterChainProxy - Secured GET /css/reset.css
13:57:42.828 [https-jsse-nio-8443-exec-4] DEBUG o.s.security.web.FilterChainProxy - Securing GET /css/fontawesome.css
13:57:42.828 [https-jsse-nio-8443-exec-7] DEBUG o.s.security.web.FilterChainProxy - Securing GET /css/bootstrap.min.css
13:57:42.828 [https-jsse-nio-8443-exec-4] DEBUG o.s.s.w.a.c.ChannelProcessingFilter - Request: filter invocation [GET /css/fontawesome.css]; ConfigAttributes: [REQUIRES_SECURE_CHANNEL]
13:57:42.828 [https-jsse-nio-8443-exec-7] DEBUG o.s.s.w.a.c.ChannelProcessingFilter - Request: filter invocation [GET /css/bootstrap.min.css]; ConfigAttributes: [REQUIRES_SECURE_CHANNEL]
13:57:42.828 [https-jsse-nio-8443-exec-10] DEBUG o.s.security.web.FilterChainProxy - Securing GET /css/fonts.min.css
13:57:42.828 [https-jsse-nio-8443-exec-8] DEBUG o.s.security.web.FilterChainProxy - Securing GET /css/toast.css
13:57:42.828 [https-jsse-nio-8443-exec-10] DEBUG o.s.s.w.a.c.ChannelProcessingFilter - Request: filter invocation [GET /css/fonts.min.css]; ConfigAttributes: [REQUIRES_SECURE_CHANNEL]
13:57:42.828 [https-jsse-nio-8443-exec-8] DEBUG o.s.s.w.a.c.ChannelProcessingFilter - Request: filter invocation [GET /css/toast.css]; ConfigAttributes: [REQUIRES_SECURE_CHANNEL]
13:57:42.829 [https-jsse-nio-8443-exec-4] DEBUG o.s.security.web.FilterChainProxy - Secured GET /css/fontawesome.css
13:57:42.829 [https-jsse-nio-8443-exec-7] DEBUG o.s.security.web.FilterChainProxy - Secured GET /css/bootstrap.min.css
13:57:42.829 [https-jsse-nio-8443-exec-10] DEBUG o.s.security.web.FilterChainProxy - Secured GET /css/fonts.min.css
13:57:42.829 [https-jsse-nio-8443-exec-8] DEBUG o.s.security.web.FilterChainProxy - Secured GET /css/toast.css
13:57:42.829 [https-jsse-nio-8443-exec-2] DEBUG o.s.security.web.FilterChainProxy - Securing GET /css/styles.css
13:57:42.829 [https-jsse-nio-8443-exec-2] DEBUG o.s.s.w.a.c.ChannelProcessingFilter - Request: filter invocation [GET /css/styles.css]; ConfigAttributes: [REQUIRES_SECURE_CHANNEL]
13:57:42.829 [https-jsse-nio-8443-exec-6] DEBUG o.s.s.w.c.HttpSessionSecurityContextRepository - Retrieved SecurityContextImpl [Authentication=UsernamePasswordAuthenticationToken [Principal=ir.model.entity.CustomUserDetails@c7929e7, Credentials=[PROTECTED], Authenticated=true, Details=WebAuthenticationDetails [RemoteIpAddress=0:0:0:0:0:0:0:1, SessionId=B539BDB222AE93B4764371A97E7836A7], Granted Authorities=[TICKET_EDIT, BUILDING_DELETE, BUILDING_EDIT, BUILDING_CREATE, ROLE_ADMIN, TICKET_CREATE, TICKET_DELETE]]]
13:57:42.830 [https-jsse-nio-8443-exec-2] DEBUG o.s.security.web.FilterChainProxy - Secured GET /css/styles.css
13:57:42.831 [https-jsse-nio-8443-exec-10] DEBUG o.s.s.w.c.HttpSessionSecurityContextRepository - Retrieved SecurityContextImpl [Authentication=UsernamePasswordAuthenticationToken [Principal=ir.model.entity.CustomUserDetails@c7929e7, Credentials=[PROTECTED], Authenticated=true, Details=WebAuthenticationDetails [RemoteIpAddress=0:0:0:0:0:0:0:1, SessionId=B539BDB222AE93B4764371A97E7836A7], Granted Authorities=[TICKET_EDIT, BUILDING_DELETE, BUILDING_EDIT, BUILDING_CREATE, ROLE_ADMIN, TICKET_CREATE, TICKET_DELETE]]]
13:57:42.831 [https-jsse-nio-8443-exec-8] DEBUG o.s.s.w.c.HttpSessionSecurityContextRepository - Retrieved SecurityContextImpl [Authentication=UsernamePasswordAuthenticationToken [Principal=ir.model.entity.CustomUserDetails@c7929e7, Credentials=[PROTECTED], Authenticated=true, Details=WebAuthenticationDetails [RemoteIpAddress=0:0:0:0:0:0:0:1, SessionId=B539BDB222AE93B4764371A97E7836A7], Granted Authorities=[TICKET_EDIT, BUILDING_DELETE, BUILDING_EDIT, BUILDING_CREATE, ROLE_ADMIN, TICKET_CREATE, TICKET_DELETE]]]
13:57:42.832 [https-jsse-nio-8443-exec-2] DEBUG o.s.s.w.c.HttpSessionSecurityContextRepository - Retrieved SecurityContextImpl [Authentication=UsernamePasswordAuthenticationToken [Principal=ir.model.entity.CustomUserDetails@c7929e7, Credentials=[PROTECTED], Authenticated=true, Details=WebAuthenticationDetails [RemoteIpAddress=0:0:0:0:0:0:0:1, SessionId=B539BDB222AE93B4764371A97E7836A7], Granted Authorities=[TICKET_EDIT, BUILDING_DELETE, BUILDING_EDIT, BUILDING_CREATE, ROLE_ADMIN, TICKET_CREATE, TICKET_DELETE]]]
13:57:42.832 [https-jsse-nio-8443-exec-1] DEBUG o.s.security.web.FilterChainProxy - Securing GET /icons/mftlogo.png
13:57:42.832 [https-jsse-nio-8443-exec-1] DEBUG o.s.s.w.a.c.ChannelProcessingFilter - Request: filter invocation [GET /icons/mftlogo.png]; ConfigAttributes: [REQUIRES_SECURE_CHANNEL]
13:57:42.833 [https-jsse-nio-8443-exec-1] DEBUG o.s.security.web.FilterChainProxy - Secured GET /icons/mftlogo.png
13:57:42.833 [https-jsse-nio-8443-exec-9] DEBUG o.s.security.web.FilterChainProxy - Securing GET /js/bootstrap.bundle.min.js
13:57:42.833 [https-jsse-nio-8443-exec-9] DEBUG o.s.s.w.a.c.ChannelProcessingFilter - Request: filter invocation [GET /js/bootstrap.bundle.min.js]; ConfigAttributes: [REQUIRES_SECURE_CHANNEL]
13:57:42.834 [https-jsse-nio-8443-exec-9] DEBUG o.s.security.web.FilterChainProxy - Secured GET /js/bootstrap.bundle.min.js
13:57:42.834 [https-jsse-nio-8443-exec-3] DEBUG o.s.security.web.FilterChainProxy - Securing GET /js/fontawesome.js
13:57:42.834 [https-jsse-nio-8443-exec-3] DEBUG o.s.s.w.a.c.ChannelProcessingFilter - Request: filter invocation [GET /js/fontawesome.js]; ConfigAttributes: [REQUIRES_SECURE_CHANNEL]
13:57:42.835 [https-jsse-nio-8443-exec-3] DEBUG o.s.security.web.FilterChainProxy - Secured GET /js/fontawesome.js
13:57:42.835 [https-jsse-nio-8443-exec-5] DEBUG o.s.security.web.FilterChainProxy - Securing GET /js/toast.js
13:57:42.835 [https-jsse-nio-8443-exec-5] DEBUG o.s.s.w.a.c.ChannelProcessingFilter - Request: filter invocation [GET /js/toast.js]; ConfigAttributes: [REQUIRES_SECURE_CHANNEL]
13:57:42.835 [https-jsse-nio-8443-exec-5] DEBUG o.s.security.web.FilterChainProxy - Secured GET /js/toast.js
13:57:42.836 [https-jsse-nio-8443-exec-1] DEBUG o.s.s.w.c.HttpSessionSecurityContextRepository - Retrieved SecurityContextImpl [Authentication=UsernamePasswordAuthenticationToken [Principal=ir.model.entity.CustomUserDetails@c7929e7, Credentials=[PROTECTED], Authenticated=true, Details=WebAuthenticationDetails [RemoteIpAddress=0:0:0:0:0:0:0:1, SessionId=B539BDB222AE93B4764371A97E7836A7], Granted Authorities=[TICKET_EDIT, BUILDING_DELETE, BUILDING_EDIT, BUILDING_CREATE, ROLE_ADMIN, TICKET_CREATE, TICKET_DELETE]]]
13:57:42.836 [https-jsse-nio-8443-exec-5] DEBUG o.s.s.w.c.HttpSessionSecurityContextRepository - Retrieved SecurityContextImpl [Authentication=UsernamePasswordAuthenticationToken [Principal=ir.model.entity.CustomUserDetails@c7929e7, Credentials=[PROTECTED], Authenticated=true, Details=WebAuthenticationDetails [RemoteIpAddress=0:0:0:0:0:0:0:1, SessionId=B539BDB222AE93B4764371A97E7836A7], Granted Authorities=[TICKET_EDIT, BUILDING_DELETE, BUILDING_EDIT, BUILDING_CREATE, ROLE_ADMIN, TICKET_CREATE, TICKET_DELETE]]]
13:57:42.838 [https-jsse-nio-8443-exec-6] DEBUG o.s.security.web.FilterChainProxy - Securing GET /js/script.js
13:57:42.838 [https-jsse-nio-8443-exec-10] DEBUG o.s.security.web.FilterChainProxy - Securing GET /js/tickets-api.js
13:57:42.838 [https-jsse-nio-8443-exec-6] DEBUG o.s.s.w.a.c.ChannelProcessingFilter - Request: filter invocation [GET /js/script.js]; ConfigAttributes: [REQUIRES_SECURE_CHANNEL]
13:57:42.838 [https-jsse-nio-8443-exec-10] DEBUG o.s.s.w.a.c.ChannelProcessingFilter - Request: filter invocation [GET /js/tickets-api.js]; ConfigAttributes: [REQUIRES_SECURE_CHANNEL]
13:57:42.839 [https-jsse-nio-8443-exec-6] DEBUG o.s.security.web.FilterChainProxy - Secured GET /js/script.js
13:57:42.839 [https-jsse-nio-8443-exec-10] DEBUG o.s.security.web.FilterChainProxy - Secured GET /js/tickets-api.js
13:57:42.840 [https-jsse-nio-8443-exec-9] DEBUG o.s.s.w.c.HttpSessionSecurityContextRepository - Retrieved SecurityContextImpl [Authentication=UsernamePasswordAuthenticationToken [Principal=ir.model.entity.CustomUserDetails@c7929e7, Credentials=[PROTECTED], Authenticated=true, Details=WebAuthenticationDetails [RemoteIpAddress=0:0:0:0:0:0:0:1, SessionId=B539BDB222AE93B4764371A97E7836A7], Granted Authorities=[TICKET_EDIT, BUILDING_DELETE, BUILDING_EDIT, BUILDING_CREATE, ROLE_ADMIN, TICKET_CREATE, TICKET_DELETE]]]
13:57:42.840 [https-jsse-nio-8443-exec-6] DEBUG o.s.s.w.c.HttpSessionSecurityContextRepository - Retrieved SecurityContextImpl [Authentication=UsernamePasswordAuthenticationToken [Principal=ir.model.entity.CustomUserDetails@c7929e7, Credentials=[PROTECTED], Authenticated=true, Details=WebAuthenticationDetails [RemoteIpAddress=0:0:0:0:0:0:0:1, SessionId=B539BDB222AE93B4764371A97E7836A7], Granted Authorities=[TICKET_EDIT, BUILDING_DELETE, BUILDING_EDIT, BUILDING_CREATE, ROLE_ADMIN, TICKET_CREATE, TICKET_DELETE]]]
13:57:42.844 [https-jsse-nio-8443-exec-7] DEBUG o.s.s.w.c.HttpSessionSecurityContextRepository - Retrieved SecurityContextImpl [Authentication=UsernamePasswordAuthenticationToken [Principal=ir.model.entity.CustomUserDetails@c7929e7, Credentials=[PROTECTED], Authenticated=true, Details=WebAuthenticationDetails [RemoteIpAddress=0:0:0:0:0:0:0:1, SessionId=B539BDB222AE93B4764371A97E7836A7], Granted Authorities=[TICKET_EDIT, BUILDING_DELETE, BUILDING_EDIT, BUILDING_CREATE, ROLE_ADMIN, TICKET_CREATE, TICKET_DELETE]]]
13:57:42.855 [https-jsse-nio-8443-exec-4] DEBUG o.s.s.w.c.HttpSessionSecurityContextRepository - Retrieved SecurityContextImpl [Authentication=UsernamePasswordAuthenticationToken [Principal=ir.model.entity.CustomUserDetails@c7929e7, Credentials=[PROTECTED], Authenticated=true, Details=WebAuthenticationDetails [RemoteIpAddress=0:0:0:0:0:0:0:1, SessionId=B539BDB222AE93B4764371A97E7836A7], Granted Authorities=[TICKET_EDIT, BUILDING_DELETE, BUILDING_EDIT, BUILDING_CREATE, ROLE_ADMIN, TICKET_CREATE, TICKET_DELETE]]]
13:57:42.865 [https-jsse-nio-8443-exec-10] DEBUG o.s.s.w.c.HttpSessionSecurityContextRepository - Retrieved SecurityContextImpl [Authentication=UsernamePasswordAuthenticationToken [Principal=ir.model.entity.CustomUserDetails@c7929e7, Credentials=[PROTECTED], Authenticated=true, Details=WebAuthenticationDetails [RemoteIpAddress=0:0:0:0:0:0:0:1, SessionId=B539BDB222AE93B4764371A97E7836A7], Granted Authorities=[TICKET_EDIT, BUILDING_DELETE, BUILDING_EDIT, BUILDING_CREATE, ROLE_ADMIN, TICKET_CREATE, TICKET_DELETE]]]
13:57:42.886 [https-jsse-nio-8443-exec-2] DEBUG o.s.security.web.FilterChainProxy - Securing GET /webfonts/fa-brands-400.woff2
13:57:42.886 [https-jsse-nio-8443-exec-8] DEBUG o.s.security.web.FilterChainProxy - Securing GET /webfonts/fa-solid-900.woff2
13:57:42.886 [https-jsse-nio-8443-exec-2] DEBUG o.s.s.w.a.c.ChannelProcessingFilter - Request: filter invocation [GET /webfonts/fa-brands-400.woff2]; ConfigAttributes: [REQUIRES_SECURE_CHANNEL]
13:57:42.886 [https-jsse-nio-8443-exec-8] DEBUG o.s.s.w.a.c.ChannelProcessingFilter - Request: filter invocation [GET /webfonts/fa-solid-900.woff2]; ConfigAttributes: [REQUIRES_SECURE_CHANNEL]
13:57:42.887 [https-jsse-nio-8443-exec-2] DEBUG o.s.s.w.c.HttpSessionSecurityContextRepository - Retrieved SecurityContextImpl [Authentication=UsernamePasswordAuthenticationToken [Principal=ir.model.entity.CustomUserDetails@c7929e7, Credentials=[PROTECTED], Authenticated=true, Details=WebAuthenticationDetails [RemoteIpAddress=0:0:0:0:0:0:0:1, SessionId=B539BDB222AE93B4764371A97E7836A7], Granted Authorities=[TICKET_EDIT, BUILDING_DELETE, BUILDING_EDIT, BUILDING_CREATE, ROLE_ADMIN, TICKET_CREATE, TICKET_DELETE]]]
13:57:42.887 [https-jsse-nio-8443-exec-8] DEBUG o.s.s.w.c.HttpSessionSecurityContextRepository - Retrieved SecurityContextImpl [Authentication=UsernamePasswordAuthenticationToken [Principal=ir.model.entity.CustomUserDetails@c7929e7, Credentials=[PROTECTED], Authenticated=true, Details=WebAuthenticationDetails [RemoteIpAddress=0:0:0:0:0:0:0:1, SessionId=B539BDB222AE93B4764371A97E7836A7], Granted Authorities=[TICKET_EDIT, BUILDING_DELETE, BUILDING_EDIT, BUILDING_CREATE, ROLE_ADMIN, TICKET_CREATE, TICKET_DELETE]]]
13:57:42.887 [https-jsse-nio-8443-exec-2] DEBUG o.s.security.web.FilterChainProxy - Secured GET /webfonts/fa-brands-400.woff2
13:57:42.887 [https-jsse-nio-8443-exec-8] DEBUG o.s.security.web.FilterChainProxy - Secured GET /webfonts/fa-solid-900.woff2
13:57:43.333 [https-jsse-nio-8443-exec-3] DEBUG o.s.s.w.c.HttpSessionSecurityContextRepository - Retrieved SecurityContextImpl [Authentication=UsernamePasswordAuthenticationToken [Principal=ir.model.entity.CustomUserDetails@c7929e7, Credentials=[PROTECTED], Authenticated=true, Details=WebAuthenticationDetails [RemoteIpAddress=0:0:0:0:0:0:0:1, SessionId=B539BDB222AE93B4764371A97E7836A7], Granted Authorities=[TICKET_EDIT, BUILDING_DELETE, BUILDING_EDIT, BUILDING_CREATE, ROLE_ADMIN, TICKET_CREATE, TICKET_DELETE]]]
13:57:43.422 [https-jsse-nio-8443-exec-5] DEBUG o.s.security.web.FilterChainProxy - Securing GET /tickets?page=0&size=10&fragment=true
13:57:43.422 [https-jsse-nio-8443-exec-5] DEBUG o.s.s.w.a.c.ChannelProcessingFilter - Request: filter invocation [GET /tickets?page=0&size=10&fragment=true]; ConfigAttributes: [REQUIRES_SECURE_CHANNEL]
13:57:43.424 [https-jsse-nio-8443-exec-5] DEBUG o.s.s.w.c.HttpSessionSecurityContextRepository - Retrieved SecurityContextImpl [Authentication=UsernamePasswordAuthenticationToken [Principal=ir.model.entity.CustomUserDetails@c7929e7, Credentials=[PROTECTED], Authenticated=true, Details=WebAuthenticationDetails [RemoteIpAddress=0:0:0:0:0:0:0:1, SessionId=B539BDB222AE93B4764371A97E7836A7], Granted Authorities=[TICKET_EDIT, BUILDING_DELETE, BUILDING_EDIT, BUILDING_CREATE, ROLE_ADMIN, TICKET_CREATE, TICKET_DELETE]]]
13:57:43.424 [https-jsse-nio-8443-exec-5] DEBUG o.s.security.web.FilterChainProxy - Secured GET /tickets?page=0&size=10&fragment=true
13:57:43.426 [https-jsse-nio-8443-exec-5] DEBUG org.hibernate.SQL - 
    /* <criteria> */ select
        t1_0.id,
        t1_0.customer,
        t1_0.date_time,
        t1_0.deleted,
        t1_0.score,
        t1_0.section_id,
        t1_0.status,
        t1_0.title 
    from
        ticket_tbl t1_0 
    where
        (
            t1_0.deleted = 0
        ) 
    order by
        t1_0.date_time,
        t1_0.date_time 
    fetch
        first ? rows only
13:57:43.427 [https-jsse-nio-8443-exec-5] TRACE org.hibernate.orm.jdbc.bind - binding parameter (1:INTEGER) <- [10]
13:57:43.427 [https-jsse-nio-8443-exec-5] TRACE org.hibernate.orm.jdbc.extract - extracted value (1:BIGINT) -> [1]
13:57:43.427 [https-jsse-nio-8443-exec-5] TRACE org.hibernate.orm.jdbc.extract - extracted value (2:VARCHAR) -> [hadan]
13:57:43.428 [https-jsse-nio-8443-exec-5] DEBUG org.hibernate.SQL - 
    select
        u1_0.username,
        u1_0.account_non_expired,
        u1_0.account_non_locked,
        u1_0.credentials_expiry_date,
        u1_0.credentials_non_expired,
        u1_0.deleted,
        u1_0.enabled,
        u1_0.password,
        rs1_0.username,
        rs1_1.name,
        rs1_1.deleted,
        ps1_0.role_name,
        ps1_1.id,
        ps1_1.deleted,
        ps1_1.permission 
    from
        user_tbl u1_0 
    left join
        (user_role_tbl rs1_0 
    join
        role_tbl rs1_1 
            on rs1_1.name=rs1_0.role_name) 
        on u1_0.username=rs1_0.username 
        and ( rs1_1.deleted = 0) 
    left join
        (role_permission_tbl ps1_0 
    join
        permission_tbl ps1_1 
            on ps1_1.id=ps1_0.permission) 
        on rs1_1.name=ps1_0.role_name 
        and ( ps1_1.deleted = 0) 
    where
        u1_0.username=? 
        and (
            u1_0.deleted = 0
        )
13:57:43.428 [https-jsse-nio-8443-exec-5] TRACE org.hibernate.orm.jdbc.bind - binding parameter (1:VARCHAR) <- [hadan]
13:57:43.428 [https-jsse-nio-8443-exec-5] TRACE org.hibernate.orm.jdbc.extract - extracted value (9:VARCHAR) -> [hadan]
13:57:43.428 [https-jsse-nio-8443-exec-5] TRACE org.hibernate.orm.jdbc.extract - extracted value (10:VARCHAR) -> [ROLE_CUSTOMER]
13:57:43.429 [https-jsse-nio-8443-exec-5] TRACE org.hibernate.orm.jdbc.extract - extracted value (12:VARCHAR) -> [ROLE_CUSTOMER]
13:57:43.429 [https-jsse-nio-8443-exec-5] TRACE org.hibernate.orm.jdbc.extract - extracted value (13:BIGINT) -> [1]
13:57:43.429 [https-jsse-nio-8443-exec-5] TRACE org.hibernate.orm.jdbc.extract - extracted value (14:BOOLEAN) -> [false]
13:57:43.429 [https-jsse-nio-8443-exec-5] TRACE org.hibernate.orm.jdbc.extract - extracted value (15:VARCHAR) -> [TICKET_CREATE]
13:57:43.429 [https-jsse-nio-8443-exec-5] TRACE org.hibernate.orm.jdbc.extract - extracted value (11:BOOLEAN) -> [false]
13:57:43.429 [https-jsse-nio-8443-exec-5] TRACE org.hibernate.orm.jdbc.extract - extracted value (2:BOOLEAN) -> [true]
13:57:43.429 [https-jsse-nio-8443-exec-5] TRACE org.hibernate.orm.jdbc.extract - extracted value (3:BOOLEAN) -> [true]
13:57:43.429 [https-jsse-nio-8443-exec-5] TRACE org.hibernate.orm.jdbc.extract - extracted value (4:TIMESTAMP) -> [2026-07-15T10:11:55.759022]
13:57:43.429 [https-jsse-nio-8443-exec-5] TRACE org.hibernate.orm.jdbc.extract - extracted value (5:BOOLEAN) -> [true]
13:57:43.429 [https-jsse-nio-8443-exec-5] TRACE org.hibernate.orm.jdbc.extract - extracted value (6:BOOLEAN) -> [false]
13:57:43.429 [https-jsse-nio-8443-exec-5] TRACE org.hibernate.orm.jdbc.extract - extracted value (7:BOOLEAN) -> [true]
13:57:43.429 [https-jsse-nio-8443-exec-5] TRACE org.hibernate.orm.jdbc.extract - extracted value (8:VARCHAR) -> [$2a$12$pGZHMXEgTAfgatCgqkj6uuOfHiTD7wYxADVoQrlWQtumAAqOwT71.]
13:57:43.429 [https-jsse-nio-8443-exec-5] TRACE org.hibernate.orm.jdbc.extract - extracted value (6:BIGINT) -> [3]
13:57:43.429 [https-jsse-nio-8443-exec-5] DEBUG org.hibernate.SQL - 
    select
        s1_0.id,
        s1_0.building_id,
        s1_0.deleted,
        ps1_0.id,
        ps1_0.building_id,
        ps1_0.deleted,
        ps1_0.parent_section_id,
        ps1_0.title,
        s1_0.title,
        csl1_0.parent_section_id,
        csl1_0.id,
        csl1_0.building_id,
        csl1_0.deleted,
        csl1_0.title 
    from
        section_table s1_0 
    left join
        section_table ps1_0 
            on ps1_0.id=s1_0.parent_section_id 
            and (ps1_0.deleted = 0) 
    left join
        section_table csl1_0 
            on s1_0.id=csl1_0.parent_section_id 
            and (csl1_0.deleted = 0) 
    where
        s1_0.id=? 
        and (
            s1_0.deleted = 0
        )
13:57:43.429 [https-jsse-nio-8443-exec-5] TRACE org.hibernate.orm.jdbc.bind - binding parameter (1:BIGINT) <- [3]
13:57:43.430 [https-jsse-nio-8443-exec-5] TRACE org.hibernate.orm.jdbc.extract - extracted value (10:BIGINT) -> [3]
13:57:43.430 [https-jsse-nio-8443-exec-5] TRACE org.hibernate.orm.jdbc.extract - extracted value (11:BIGINT) -> [4]
13:57:43.430 [https-jsse-nio-8443-exec-5] TRACE org.hibernate.orm.jdbc.extract - extracted value (4:BIGINT) -> [1]
13:57:43.430 [https-jsse-nio-8443-exec-5] TRACE org.hibernate.orm.jdbc.extract - extracted value (2:BIGINT) -> [null]
13:57:43.430 [https-jsse-nio-8443-exec-5] TRACE org.hibernate.orm.jdbc.extract - extracted value (12:BIGINT) -> [23]
13:57:43.430 [https-jsse-nio-8443-exec-5] TRACE org.hibernate.orm.jdbc.extract - extracted value (5:BIGINT) -> [54]
13:57:43.431 [https-jsse-nio-8443-exec-5] TRACE org.hibernate.orm.jdbc.extract - extracted value (7:BIGINT) -> [null]
13:57:43.431 [https-jsse-nio-8443-exec-5] TRACE org.hibernate.orm.jdbc.extract - extracted value (13:BOOLEAN) -> [false]
13:57:43.431 [https-jsse-nio-8443-exec-5] TRACE org.hibernate.orm.jdbc.extract - extracted value (14:VARCHAR) -> [BUS]
13:57:43.431 [https-jsse-nio-8443-exec-5] TRACE org.hibernate.orm.jdbc.extract - extracted value (6:BOOLEAN) -> [false]
13:57:43.431 [https-jsse-nio-8443-exec-5] TRACE org.hibernate.orm.jdbc.extract - extracted value (8:VARCHAR) -> [MAIN SECTION]
13:57:43.431 [https-jsse-nio-8443-exec-5] TRACE org.hibernate.orm.jdbc.extract - extracted value (3:BOOLEAN) -> [false]
13:57:43.431 [https-jsse-nio-8443-exec-5] TRACE org.hibernate.orm.jdbc.extract - extracted value (9:VARCHAR) -> [TRANSPORT]
13:57:43.431 [https-jsse-nio-8443-exec-5] TRACE org.hibernate.orm.jdbc.extract - extracted value (11:BIGINT) -> [5]
13:57:43.431 [https-jsse-nio-8443-exec-5] TRACE org.hibernate.orm.jdbc.extract - extracted value (12:BIGINT) -> [null]
13:57:43.431 [https-jsse-nio-8443-exec-5] TRACE org.hibernate.orm.jdbc.extract - extracted value (13:BOOLEAN) -> [false]
13:57:43.431 [https-jsse-nio-8443-exec-5] TRACE org.hibernate.orm.jdbc.extract - extracted value (14:VARCHAR) -> [TAXI]
13:57:43.431 [https-jsse-nio-8443-exec-5] TRACE org.hibernate.orm.jdbc.extract - extracted value (11:BIGINT) -> [21]
13:57:43.431 [https-jsse-nio-8443-exec-5] TRACE org.hibernate.orm.jdbc.extract - extracted value (12:BIGINT) -> [null]
13:57:43.431 [https-jsse-nio-8443-exec-5] TRACE org.hibernate.orm.jdbc.extract - extracted value (13:BOOLEAN) -> [false]
13:57:43.431 [https-jsse-nio-8443-exec-5] TRACE org.hibernate.orm.jdbc.extract - extracted value (14:VARCHAR) -> [TEST B]
13:57:43.431 [https-jsse-nio-8443-exec-5] TRACE org.hibernate.orm.jdbc.extract - extracted value (3:TIMESTAMP) -> [2026-01-19T10:41:35.312182]
13:57:43.431 [https-jsse-nio-8443-exec-5] TRACE org.hibernate.orm.jdbc.extract - extracted value (4:BOOLEAN) -> [false]
13:57:43.431 [https-jsse-nio-8443-exec-5] TRACE org.hibernate.orm.jdbc.extract - extracted value (5:INTEGER) -> [null]
13:57:43.431 [https-jsse-nio-8443-exec-5] TRACE org.hibernate.orm.jdbc.extract - extracted value (7:TINYINT) -> [Closed]
13:57:43.431 [https-jsse-nio-8443-exec-5] TRACE org.hibernate.orm.jdbc.extract - extracted value (8:VARCHAR) -> [first ticket]
13:57:43.432 [https-jsse-nio-8443-exec-5] TRACE org.hibernate.orm.jdbc.extract - extracted value (1:BIGINT) -> [2]
13:57:43.432 [https-jsse-nio-8443-exec-5] TRACE org.hibernate.orm.jdbc.extract - extracted value (2:VARCHAR) -> [ali]
13:57:43.432 [https-jsse-nio-8443-exec-5] DEBUG org.hibernate.SQL - 
    select
        u1_0.username,
        u1_0.account_non_expired,
        u1_0.account_non_locked,
        u1_0.credentials_expiry_date,
        u1_0.credentials_non_expired,
        u1_0.deleted,
        u1_0.enabled,
        u1_0.password,
        rs1_0.username,
        rs1_1.name,
        rs1_1.deleted,
        ps1_0.role_name,
        ps1_1.id,
        ps1_1.deleted,
        ps1_1.permission 
    from
        user_tbl u1_0 
    left join
        (user_role_tbl rs1_0 
    join
        role_tbl rs1_1 
            on rs1_1.name=rs1_0.role_name) 
        on u1_0.username=rs1_0.username 
        and ( rs1_1.deleted = 0) 
    left join
        (role_permission_tbl ps1_0 
    join
        permission_tbl ps1_1 
            on ps1_1.id=ps1_0.permission) 
        on rs1_1.name=ps1_0.role_name 
        and ( ps1_1.deleted = 0) 
    where
        u1_0.username=? 
        and (
            u1_0.deleted = 0
        )
13:57:43.432 [https-jsse-nio-8443-exec-5] TRACE org.hibernate.orm.jdbc.bind - binding parameter (1:VARCHAR) <- [ali]
13:57:43.433 [https-jsse-nio-8443-exec-5] TRACE org.hibernate.orm.jdbc.extract - extracted value (9:VARCHAR) -> [ali]
13:57:43.433 [https-jsse-nio-8443-exec-5] TRACE org.hibernate.orm.jdbc.extract - extracted value (10:VARCHAR) -> [ROLE_ADMIN]
13:57:43.433 [https-jsse-nio-8443-exec-5] TRACE org.hibernate.orm.jdbc.extract - extracted value (12:VARCHAR) -> [ROLE_ADMIN]
13:57:43.433 [https-jsse-nio-8443-exec-5] TRACE org.hibernate.orm.jdbc.extract - extracted value (13:BIGINT) -> [21]
13:57:43.433 [https-jsse-nio-8443-exec-5] TRACE org.hibernate.orm.jdbc.extract - extracted value (14:BOOLEAN) -> [false]
13:57:43.433 [https-jsse-nio-8443-exec-5] TRACE org.hibernate.orm.jdbc.extract - extracted value (15:VARCHAR) -> [BUILDING_DELETE]
13:57:43.433 [https-jsse-nio-8443-exec-5] TRACE org.hibernate.orm.jdbc.extract - extracted value (11:BOOLEAN) -> [false]
13:57:43.433 [https-jsse-nio-8443-exec-5] TRACE org.hibernate.orm.jdbc.extract - extracted value (2:BOOLEAN) -> [true]
13:57:43.433 [https-jsse-nio-8443-exec-5] TRACE org.hibernate.orm.jdbc.extract - extracted value (3:BOOLEAN) -> [true]
13:57:43.433 [https-jsse-nio-8443-exec-5] TRACE org.hibernate.orm.jdbc.extract - extracted value (4:TIMESTAMP) -> [2026-05-30T21:30:53.300956]
13:57:43.433 [https-jsse-nio-8443-exec-5] TRACE org.hibernate.orm.jdbc.extract - extracted value (5:BOOLEAN) -> [true]
13:57:43.433 [https-jsse-nio-8443-exec-5] TRACE org.hibernate.orm.jdbc.extract - extracted value (6:BOOLEAN) -> [false]
13:57:43.433 [https-jsse-nio-8443-exec-5] TRACE org.hibernate.orm.jdbc.extract - extracted value (7:BOOLEAN) -> [true]
13:57:43.433 [https-jsse-nio-8443-exec-5] TRACE org.hibernate.orm.jdbc.extract - extracted value (8:VARCHAR) -> [$2a$12$JRWydGv3q.xLuqLZANLEuO38Y8584BP1ABWUffjm8Da5MxgZ0fC8i]
13:57:43.433 [https-jsse-nio-8443-exec-5] TRACE org.hibernate.orm.jdbc.extract - extracted value (10:VARCHAR) -> [ROLE_ADMIN]
13:57:43.433 [https-jsse-nio-8443-exec-5] TRACE org.hibernate.orm.jdbc.extract - extracted value (13:BIGINT) -> [22]
13:57:43.433 [https-jsse-nio-8443-exec-5] TRACE org.hibernate.orm.jdbc.extract - extracted value (14:BOOLEAN) -> [false]
13:57:43.433 [https-jsse-nio-8443-exec-5] TRACE org.hibernate.orm.jdbc.extract - extracted value (15:VARCHAR) -> [BUILDING_EDIT]
13:57:43.434 [https-jsse-nio-8443-exec-5] TRACE org.hibernate.orm.jdbc.extract - extracted value (10:VARCHAR) -> [ROLE_ADMIN]
13:57:43.434 [https-jsse-nio-8443-exec-5] TRACE org.hibernate.orm.jdbc.extract - extracted value (13:BIGINT) -> [1]
13:57:43.434 [https-jsse-nio-8443-exec-5] TRACE org.hibernate.orm.jdbc.extract - extracted value (10:VARCHAR) -> [ROLE_ADMIN]
13:57:43.434 [https-jsse-nio-8443-exec-5] TRACE org.hibernate.orm.jdbc.extract - extracted value (13:BIGINT) -> [2]
13:57:43.434 [https-jsse-nio-8443-exec-5] TRACE org.hibernate.orm.jdbc.extract - extracted value (14:BOOLEAN) -> [false]
13:57:43.434 [https-jsse-nio-8443-exec-5] TRACE org.hibernate.orm.jdbc.extract - extracted value (15:VARCHAR) -> [TICKET_DELETE]
13:57:43.434 [https-jsse-nio-8443-exec-5] TRACE org.hibernate.orm.jdbc.extract - extracted value (10:VARCHAR) -> [ROLE_ADMIN]
13:57:43.434 [https-jsse-nio-8443-exec-5] TRACE org.hibernate.orm.jdbc.extract - extracted value (13:BIGINT) -> [3]
13:57:43.434 [https-jsse-nio-8443-exec-5] TRACE org.hibernate.orm.jdbc.extract - extracted value (14:BOOLEAN) -> [false]
13:57:43.434 [https-jsse-nio-8443-exec-5] TRACE org.hibernate.orm.jdbc.extract - extracted value (15:VARCHAR) -> [TICKET_EDIT]
13:57:43.434 [https-jsse-nio-8443-exec-5] TRACE org.hibernate.orm.jdbc.extract - extracted value (10:VARCHAR) -> [ROLE_ADMIN]
13:57:43.434 [https-jsse-nio-8443-exec-5] TRACE org.hibernate.orm.jdbc.extract - extracted value (13:BIGINT) -> [4]
13:57:43.434 [https-jsse-nio-8443-exec-5] TRACE org.hibernate.orm.jdbc.extract - extracted value (14:BOOLEAN) -> [false]
13:57:43.434 [https-jsse-nio-8443-exec-5] TRACE org.hibernate.orm.jdbc.extract - extracted value (15:VARCHAR) -> [BUILDING_CREATE]
13:57:43.434 [https-jsse-nio-8443-exec-5] TRACE org.hibernate.orm.jdbc.extract - extracted value (6:BIGINT) -> [5]
13:57:43.434 [https-jsse-nio-8443-exec-5] TRACE org.hibernate.orm.jdbc.extract - extracted value (3:TIMESTAMP) -> [2026-01-20T23:15:43.324293]
13:57:43.434 [https-jsse-nio-8443-exec-5] TRACE org.hibernate.orm.jdbc.extract - extracted value (4:BOOLEAN) -> [false]
13:57:43.434 [https-jsse-nio-8443-exec-5] TRACE org.hibernate.orm.jdbc.extract - extracted value (5:INTEGER) -> [null]
13:57:43.434 [https-jsse-nio-8443-exec-5] TRACE org.hibernate.orm.jdbc.extract - extracted value (7:TINYINT) -> [Closed]
13:57:43.434 [https-jsse-nio-8443-exec-5] TRACE org.hibernate.orm.jdbc.extract - extracted value (8:VARCHAR) -> [test 2]
13:57:43.434 [https-jsse-nio-8443-exec-5] DEBUG org.hibernate.SQL - 
    select
        csl1_0.parent_section_id,
        csl1_0.id,
        csl1_0.building_id,
        csl1_0.deleted,
        csl1_0.title 
    from
        section_table csl1_0 
    where
        csl1_0.parent_section_id=? 
        and (
            csl1_0.deleted = 0
        )
13:57:43.435 [https-jsse-nio-8443-exec-5] TRACE org.hibernate.orm.jdbc.bind - binding parameter (1:BIGINT) <- [21]
13:57:43.435 [https-jsse-nio-8443-exec-5] DEBUG org.hibernate.SQL - 
    select
        csl1_0.parent_section_id,
        csl1_0.id,
        csl1_0.building_id,
        csl1_0.deleted,
        csl1_0.title 
    from
        section_table csl1_0 
    where
        csl1_0.parent_section_id=? 
        and (
            csl1_0.deleted = 0
        )
13:57:43.436 [https-jsse-nio-8443-exec-5] TRACE org.hibernate.orm.jdbc.bind - binding parameter (1:BIGINT) <- [5]
13:57:43.436 [https-jsse-nio-8443-exec-5] DEBUG org.hibernate.SQL - 
    select
        csl1_0.parent_section_id,
        csl1_0.id,
        csl1_0.building_id,
        csl1_0.deleted,
        csl1_0.title 
    from
        section_table csl1_0 
    where
        csl1_0.parent_section_id=? 
        and (
            csl1_0.deleted = 0
        )
13:57:43.437 [https-jsse-nio-8443-exec-5] TRACE org.hibernate.orm.jdbc.bind - binding parameter (1:BIGINT) <- [1]
13:57:43.437 [https-jsse-nio-8443-exec-5] TRACE org.hibernate.orm.jdbc.extract - extracted value (1:BIGINT) -> [1]
13:57:43.437 [https-jsse-nio-8443-exec-5] TRACE org.hibernate.orm.jdbc.extract - extracted value (2:BIGINT) -> [2]
13:57:43.437 [https-jsse-nio-8443-exec-5] TRACE org.hibernate.orm.jdbc.extract - extracted value (3:BIGINT) -> [23]
13:57:43.437 [https-jsse-nio-8443-exec-5] TRACE org.hibernate.orm.jdbc.extract - extracted value (4:BOOLEAN) -> [false]
13:57:43.437 [https-jsse-nio-8443-exec-5] TRACE org.hibernate.orm.jdbc.extract - extracted value (5:VARCHAR) -> [HSE]
13:57:43.437 [https-jsse-nio-8443-exec-5] TRACE org.hibernate.orm.jdbc.extract - extracted value (1:BIGINT) -> [1]
13:57:43.437 [https-jsse-nio-8443-exec-5] TRACE org.hibernate.orm.jdbc.extract - extracted value (2:BIGINT) -> [3]
13:57:43.438 [https-jsse-nio-8443-exec-5] DEBUG org.hibernate.SQL - 
    select
        csl1_0.parent_section_id,
        csl1_0.id,
        csl1_0.building_id,
        csl1_0.deleted,
        csl1_0.title 
    from
        section_table csl1_0 
    where
        csl1_0.parent_section_id=? 
        and (
            csl1_0.deleted = 0
        )
13:57:43.438 [https-jsse-nio-8443-exec-5] TRACE org.hibernate.orm.jdbc.bind - binding parameter (1:BIGINT) <- [2]
13:57:43.438 [https-jsse-nio-8443-exec-5] DEBUG org.hibernate.SQL - 
    select
        csl1_0.parent_section_id,
        csl1_0.id,
        csl1_0.building_id,
        csl1_0.deleted,
        csl1_0.title 
    from
        section_table csl1_0 
    where
        csl1_0.parent_section_id=? 
        and (
            csl1_0.deleted = 0
        )
13:57:43.438 [https-jsse-nio-8443-exec-5] TRACE org.hibernate.orm.jdbc.bind - binding parameter (1:BIGINT) <- [4]
13:57:43.439 [https-jsse-nio-8443-exec-5] TRACE o.s.c.interceptor.CacheInterceptor - Computed cache key 'SimpleKey []' for operation Builder[public java.util.List ir.service.impl.SectionServiceImpl.findAllForFilter()] caches=[sectionsFilter] | key='' | keyGenerator='' | cacheManager='' | cacheResolver='' | condition='' | unless='' | sync='false'
13:57:43.439 [https-jsse-nio-8443-exec-5] TRACE o.s.c.interceptor.CacheInterceptor - Cache entry for key 'SimpleKey []' found in cache(s) [sectionsFilter]
13:57:43.439 [https-jsse-nio-8443-exec-5] INFO  i.c.exception.ResponseAspect - Web Controller: showAllTickets
13:57:44.100 [https-jsse-nio-8443-exec-1] DEBUG o.s.security.web.FilterChainProxy - Securing GET /tickets/1
13:57:44.100 [https-jsse-nio-8443-exec-1] DEBUG o.s.s.w.a.c.ChannelProcessingFilter - Request: filter invocation [GET /tickets/1]; ConfigAttributes: [REQUIRES_SECURE_CHANNEL]
13:57:44.101 [https-jsse-nio-8443-exec-1] DEBUG o.s.s.w.c.HttpSessionSecurityContextRepository - Retrieved SecurityContextImpl [Authentication=UsernamePasswordAuthenticationToken [Principal=ir.model.entity.CustomUserDetails@c7929e7, Credentials=[PROTECTED], Authenticated=true, Details=WebAuthenticationDetails [RemoteIpAddress=0:0:0:0:0:0:0:1, SessionId=B539BDB222AE93B4764371A97E7836A7], Granted Authorities=[TICKET_EDIT, BUILDING_DELETE, BUILDING_EDIT, BUILDING_CREATE, ROLE_ADMIN, TICKET_CREATE, TICKET_DELETE]]]
13:57:44.101 [https-jsse-nio-8443-exec-1] DEBUG o.s.security.web.FilterChainProxy - Secured GET /tickets/1
13:57:44.104 [https-jsse-nio-8443-exec-1] DEBUG o.s.jdbc.datasource.DataSourceUtils - Setting JDBC Connection [HikariProxyConnection@1375298431 wrapping oracle.jdbc.driver.T4CConnection@799c2542] read-only
13:57:44.104 [https-jsse-nio-8443-exec-1] DEBUG o.h.e.t.internal.TransactionImpl - On TransactionImpl creation, JpaCompliance#isJpaTransactionComplianceEnabled == false
13:57:44.104 [https-jsse-nio-8443-exec-1] DEBUG o.h.e.t.internal.TransactionImpl - begin
13:57:44.106 [https-jsse-nio-8443-exec-1] DEBUG org.hibernate.SQL - 
    select
        t1_0.id,
        c1_0.username,
        c1_0.account_non_expired,
        c1_0.account_non_locked,
        c1_0.credentials_expiry_date,
        c1_0.credentials_non_expired,
        c1_0.deleted,
        c1_0.enabled,
        c1_0.password,
        rs1_0.username,
        rs1_1.name,
        rs1_1.deleted,
        ps1_0.role_name,
        ps1_1.id,
        ps1_1.deleted,
        ps1_1.permission,
        t1_0.date_time,
        t1_0.deleted,
        t1_0.score,
        s1_0.id,
        s1_0.building_id,
        s1_0.deleted,
        ps2_0.id,
        ps2_0.building_id,
        ps2_0.deleted,
        ps2_0.parent_section_id,
        ps2_0.title,
        s1_0.title,
        t1_0.status,
        t1_0.title 
    from
        ticket_tbl t1_0 
    left join
        user_tbl c1_0 
            on c1_0.username=t1_0.customer 
            and (c1_0.deleted = 0) 
    left join
        (user_role_tbl rs1_0 
    join
        role_tbl rs1_1 
            on rs1_1.name=rs1_0.role_name) 
        on c1_0.username=rs1_0.username 
        and ( rs1_1.deleted = 0) 
    left join
        (role_permission_tbl ps1_0 
    join
        permission_tbl ps1_1 
            on ps1_1.id=ps1_0.permission) 
        on rs1_1.name=ps1_0.role_name 
        and ( ps1_1.deleted = 0) 
    left join
        section_table s1_0 
            on s1_0.id=t1_0.section_id 
            and (s1_0.deleted = 0) 
    left join
        section_table ps2_0 
            on ps2_0.id=s1_0.parent_section_id 
            and (ps2_0.deleted = 0) 
    where
        t1_0.id=? 
        and (
            t1_0.deleted = 0
        )
13:57:44.106 [https-jsse-nio-8443-exec-1] TRACE org.hibernate.orm.jdbc.bind - binding parameter (1:BIGINT) <- [1]
13:57:44.121 [https-jsse-nio-8443-exec-1] TRACE org.hibernate.orm.jdbc.extract - extracted value (2:VARCHAR) -> [hadan]
13:57:44.121 [https-jsse-nio-8443-exec-1] TRACE org.hibernate.orm.jdbc.extract - extracted value (10:VARCHAR) -> [hadan]
13:57:44.121 [https-jsse-nio-8443-exec-1] TRACE org.hibernate.orm.jdbc.extract - extracted value (11:VARCHAR) -> [ROLE_CUSTOMER]
13:57:44.121 [https-jsse-nio-8443-exec-1] TRACE org.hibernate.orm.jdbc.extract - extracted value (13:VARCHAR) -> [ROLE_CUSTOMER]
13:57:44.121 [https-jsse-nio-8443-exec-1] TRACE org.hibernate.orm.jdbc.extract - extracted value (14:BIGINT) -> [1]
13:57:44.121 [https-jsse-nio-8443-exec-1] TRACE org.hibernate.orm.jdbc.extract - extracted value (20:BIGINT) -> [3]
13:57:44.121 [https-jsse-nio-8443-exec-1] TRACE org.hibernate.orm.jdbc.extract - extracted value (23:BIGINT) -> [1]
13:57:44.121 [https-jsse-nio-8443-exec-1] TRACE org.hibernate.orm.jdbc.extract - extracted value (21:BIGINT) -> [null]
13:57:44.121 [https-jsse-nio-8443-exec-1] TRACE org.hibernate.orm.jdbc.extract - extracted value (24:BIGINT) -> [54]
13:57:44.122 [https-jsse-nio-8443-exec-1] TRACE org.hibernate.orm.jdbc.extract - extracted value (26:BIGINT) -> [null]
13:57:44.122 [https-jsse-nio-8443-exec-1] TRACE org.hibernate.orm.jdbc.extract - extracted value (15:BOOLEAN) -> [false]
13:57:44.122 [https-jsse-nio-8443-exec-1] TRACE org.hibernate.orm.jdbc.extract - extracted value (16:VARCHAR) -> [TICKET_CREATE]
13:57:44.122 [https-jsse-nio-8443-exec-1] TRACE org.hibernate.orm.jdbc.extract - extracted value (12:BOOLEAN) -> [false]
13:57:44.122 [https-jsse-nio-8443-exec-1] TRACE org.hibernate.orm.jdbc.extract - extracted value (3:BOOLEAN) -> [true]
13:57:44.122 [https-jsse-nio-8443-exec-1] TRACE org.hibernate.orm.jdbc.extract - extracted value (4:BOOLEAN) -> [true]
13:57:44.122 [https-jsse-nio-8443-exec-1] TRACE org.hibernate.orm.jdbc.extract - extracted value (5:TIMESTAMP) -> [2026-07-15T10:11:55.759022]
13:57:44.122 [https-jsse-nio-8443-exec-1] TRACE org.hibernate.orm.jdbc.extract - extracted value (6:BOOLEAN) -> [true]
13:57:44.122 [https-jsse-nio-8443-exec-1] TRACE org.hibernate.orm.jdbc.extract - extracted value (7:BOOLEAN) -> [false]
13:57:44.122 [https-jsse-nio-8443-exec-1] TRACE org.hibernate.orm.jdbc.extract - extracted value (8:BOOLEAN) -> [true]
13:57:44.122 [https-jsse-nio-8443-exec-1] TRACE org.hibernate.orm.jdbc.extract - extracted value (9:VARCHAR) -> [$2a$12$pGZHMXEgTAfgatCgqkj6uuOfHiTD7wYxADVoQrlWQtumAAqOwT71.]
13:57:44.122 [https-jsse-nio-8443-exec-1] TRACE org.hibernate.orm.jdbc.extract - extracted value (25:BOOLEAN) -> [false]
13:57:44.122 [https-jsse-nio-8443-exec-1] TRACE org.hibernate.orm.jdbc.extract - extracted value (27:VARCHAR) -> [MAIN SECTION]
13:57:44.122 [https-jsse-nio-8443-exec-1] TRACE org.hibernate.orm.jdbc.extract - extracted value (22:BOOLEAN) -> [false]
13:57:44.122 [https-jsse-nio-8443-exec-1] TRACE org.hibernate.orm.jdbc.extract - extracted value (28:VARCHAR) -> [TRANSPORT]
13:57:44.122 [https-jsse-nio-8443-exec-1] TRACE org.hibernate.orm.jdbc.extract - extracted value (17:TIMESTAMP) -> [2026-01-19T10:41:35.312182]
13:57:44.122 [https-jsse-nio-8443-exec-1] TRACE org.hibernate.orm.jdbc.extract - extracted value (18:BOOLEAN) -> [false]
13:57:44.122 [https-jsse-nio-8443-exec-1] TRACE org.hibernate.orm.jdbc.extract - extracted value (19:INTEGER) -> [null]
13:57:44.122 [https-jsse-nio-8443-exec-1] TRACE org.hibernate.orm.jdbc.extract - extracted value (29:TINYINT) -> [Closed]
13:57:44.122 [https-jsse-nio-8443-exec-1] TRACE org.hibernate.orm.jdbc.extract - extracted value (30:VARCHAR) -> [first ticket]
13:57:44.122 [https-jsse-nio-8443-exec-1] DEBUG org.hibernate.SQL - 
    select
        csl1_0.parent_section_id,
        csl1_0.id,
        csl1_0.building_id,
        csl1_0.deleted,
        csl1_0.title 
    from
        section_table csl1_0 
    where
        csl1_0.parent_section_id=? 
        and (
            csl1_0.deleted = 0
        )
13:57:44.123 [https-jsse-nio-8443-exec-1] TRACE org.hibernate.orm.jdbc.bind - binding parameter (1:BIGINT) <- [1]
13:57:44.123 [https-jsse-nio-8443-exec-1] TRACE org.hibernate.orm.jdbc.extract - extracted value (1:BIGINT) -> [1]
13:57:44.123 [https-jsse-nio-8443-exec-1] TRACE org.hibernate.orm.jdbc.extract - extracted value (2:BIGINT) -> [2]
13:57:44.123 [https-jsse-nio-8443-exec-1] TRACE org.hibernate.orm.jdbc.extract - extracted value (3:BIGINT) -> [23]
13:57:44.124 [https-jsse-nio-8443-exec-1] TRACE org.hibernate.orm.jdbc.extract - extracted value (4:BOOLEAN) -> [false]
13:57:44.124 [https-jsse-nio-8443-exec-1] TRACE org.hibernate.orm.jdbc.extract - extracted value (5:VARCHAR) -> [HSE]
13:57:44.124 [https-jsse-nio-8443-exec-1] TRACE org.hibernate.orm.jdbc.extract - extracted value (1:BIGINT) -> [1]
13:57:44.124 [https-jsse-nio-8443-exec-1] TRACE org.hibernate.orm.jdbc.extract - extracted value (2:BIGINT) -> [3]
13:57:44.124 [https-jsse-nio-8443-exec-1] DEBUG org.hibernate.SQL - 
    select
        csl1_0.parent_section_id,
        csl1_0.id,
        csl1_0.building_id,
        csl1_0.deleted,
        csl1_0.title 
    from
        section_table csl1_0 
    where
        csl1_0.parent_section_id=? 
        and (
            csl1_0.deleted = 0
        )
13:57:44.124 [https-jsse-nio-8443-exec-1] TRACE org.hibernate.orm.jdbc.bind - binding parameter (1:BIGINT) <- [3]
13:57:44.125 [https-jsse-nio-8443-exec-1] TRACE org.hibernate.orm.jdbc.extract - extracted value (1:BIGINT) -> [3]
13:57:44.125 [https-jsse-nio-8443-exec-1] TRACE org.hibernate.orm.jdbc.extract - extracted value (2:BIGINT) -> [4]
13:57:44.125 [https-jsse-nio-8443-exec-1] TRACE org.hibernate.orm.jdbc.extract - extracted value (3:BIGINT) -> [23]
13:57:44.125 [https-jsse-nio-8443-exec-1] TRACE org.hibernate.orm.jdbc.extract - extracted value (4:BOOLEAN) -> [false]
13:57:44.125 [https-jsse-nio-8443-exec-1] TRACE org.hibernate.orm.jdbc.extract - extracted value (5:VARCHAR) -> [BUS]
13:57:44.125 [https-jsse-nio-8443-exec-1] TRACE org.hibernate.orm.jdbc.extract - extracted value (1:BIGINT) -> [3]
13:57:44.125 [https-jsse-nio-8443-exec-1] TRACE org.hibernate.orm.jdbc.extract - extracted value (2:BIGINT) -> [5]
13:57:44.125 [https-jsse-nio-8443-exec-1] TRACE org.hibernate.orm.jdbc.extract - extracted value (3:BIGINT) -> [null]
13:57:44.125 [https-jsse-nio-8443-exec-1] TRACE org.hibernate.orm.jdbc.extract - extracted value (4:BOOLEAN) -> [false]
13:57:44.125 [https-jsse-nio-8443-exec-1] TRACE org.hibernate.orm.jdbc.extract - extracted value (5:VARCHAR) -> [TAXI]
13:57:44.125 [https-jsse-nio-8443-exec-1] TRACE org.hibernate.orm.jdbc.extract - extracted value (1:BIGINT) -> [3]
13:57:44.125 [https-jsse-nio-8443-exec-1] TRACE org.hibernate.orm.jdbc.extract - extracted value (2:BIGINT) -> [21]
13:57:44.125 [https-jsse-nio-8443-exec-1] TRACE org.hibernate.orm.jdbc.extract - extracted value (3:BIGINT) -> [null]
13:57:44.125 [https-jsse-nio-8443-exec-1] TRACE org.hibernate.orm.jdbc.extract - extracted value (4:BOOLEAN) -> [false]
13:57:44.125 [https-jsse-nio-8443-exec-1] TRACE org.hibernate.orm.jdbc.extract - extracted value (5:VARCHAR) -> [TEST B]
13:57:44.126 [https-jsse-nio-8443-exec-1] DEBUG org.hibernate.SQL - 
    select
        csl1_0.parent_section_id,
        csl1_0.id,
        csl1_0.building_id,
        csl1_0.deleted,
        csl1_0.title 
    from
        section_table csl1_0 
    where
        csl1_0.parent_section_id=? 
        and (
            csl1_0.deleted = 0
        )
13:57:44.126 [https-jsse-nio-8443-exec-1] TRACE org.hibernate.orm.jdbc.bind - binding parameter (1:BIGINT) <- [21]
13:57:44.126 [https-jsse-nio-8443-exec-1] DEBUG org.hibernate.SQL - 
    select
        csl1_0.parent_section_id,
        csl1_0.id,
        csl1_0.building_id,
        csl1_0.deleted,
        csl1_0.title 
    from
        section_table csl1_0 
    where
        csl1_0.parent_section_id=? 
        and (
            csl1_0.deleted = 0
        )
13:57:44.126 [https-jsse-nio-8443-exec-1] TRACE org.hibernate.orm.jdbc.bind - binding parameter (1:BIGINT) <- [5]
13:57:44.127 [https-jsse-nio-8443-exec-1] DEBUG org.hibernate.SQL - 
    select
        csl1_0.parent_section_id,
        csl1_0.id,
        csl1_0.building_id,
        csl1_0.deleted,
        csl1_0.title 
    from
        section_table csl1_0 
    where
        csl1_0.parent_section_id=? 
        and (
            csl1_0.deleted = 0
        )
13:57:44.127 [https-jsse-nio-8443-exec-1] TRACE org.hibernate.orm.jdbc.bind - binding parameter (1:BIGINT) <- [4]
13:57:44.127 [https-jsse-nio-8443-exec-1] DEBUG org.hibernate.SQL - 
    select
        csl1_0.parent_section_id,
        csl1_0.id,
        csl1_0.building_id,
        csl1_0.deleted,
        csl1_0.title 
    from
        section_table csl1_0 
    where
        csl1_0.parent_section_id=? 
        and (
            csl1_0.deleted = 0
        )
13:57:44.128 [https-jsse-nio-8443-exec-1] TRACE org.hibernate.orm.jdbc.bind - binding parameter (1:BIGINT) <- [2]
13:57:44.128 [https-jsse-nio-8443-exec-1] DEBUG o.h.e.t.internal.TransactionImpl - committing
13:57:44.128 [https-jsse-nio-8443-exec-1] DEBUG o.s.jdbc.datasource.DataSourceUtils - Resetting read-only flag of JDBC Connection [HikariProxyConnection@1375298431 wrapping oracle.jdbc.driver.T4CConnection@799c2542]
13:57:44.130 [https-jsse-nio-8443-exec-1] DEBUG org.hibernate.SQL - 
    /* <criteria> */ select
        m1_0.id,
        m1_0.content,
        m1_0.date_time,
        m1_0.deleted,
        m1_0.sender_role_name,
        m1_0.sender_username,
        m1_0.ticket_id 
    from
        message_tbl m1_0 
    where
        (
            m1_0.deleted = 0
        ) 
        and m1_0.ticket_id=? 
    order by
        m1_0.date_time
13:57:44.130 [https-jsse-nio-8443-exec-1] TRACE org.hibernate.orm.jdbc.bind - binding parameter (1:BIGINT) <- [1]
13:57:44.135 [https-jsse-nio-8443-exec-1] TRACE org.hibernate.orm.jdbc.extract - extracted value (1:BIGINT) -> [1]
13:57:44.135 [https-jsse-nio-8443-exec-1] TRACE org.hibernate.orm.jdbc.extract - extracted value (2:VARCHAR) -> [با سلام]
13:57:44.136 [https-jsse-nio-8443-exec-1] TRACE org.hibernate.orm.jdbc.extract - extracted value (3:TIMESTAMP) -> [2026-01-19T10:41:35.324782]
13:57:44.136 [https-jsse-nio-8443-exec-1] TRACE org.hibernate.orm.jdbc.extract - extracted value (4:BOOLEAN) -> [false]
13:57:44.136 [https-jsse-nio-8443-exec-1] TRACE org.hibernate.orm.jdbc.extract - extracted value (5:VARCHAR) -> [ROLE_CUSTOMER]
13:57:44.136 [https-jsse-nio-8443-exec-1] TRACE org.hibernate.orm.jdbc.extract - extracted value (6:VARCHAR) -> [hadan]
13:57:44.136 [https-jsse-nio-8443-exec-1] TRACE org.hibernate.orm.jdbc.extract - extracted value (7:BIGINT) -> [1]
13:57:44.136 [https-jsse-nio-8443-exec-1] TRACE org.hibernate.orm.jdbc.extract - extracted value (1:BIGINT) -> [2]
13:57:44.136 [https-jsse-nio-8443-exec-1] TRACE org.hibernate.orm.jdbc.extract - extracted value (2:VARCHAR) -> [null]
13:57:44.136 [https-jsse-nio-8443-exec-1] TRACE org.hibernate.orm.jdbc.extract - extracted value (3:TIMESTAMP) -> [2026-01-19T10:41:46.827994]
13:57:44.136 [https-jsse-nio-8443-exec-1] TRACE org.hibernate.orm.jdbc.extract - extracted value (4:BOOLEAN) -> [false]
13:57:44.136 [https-jsse-nio-8443-exec-1] TRACE org.hibernate.orm.jdbc.extract - extracted value (5:VARCHAR) -> [ROLE_CUSTOMER]
13:57:44.136 [https-jsse-nio-8443-exec-1] TRACE org.hibernate.orm.jdbc.extract - extracted value (6:VARCHAR) -> [hadan]
13:57:44.136 [https-jsse-nio-8443-exec-1] TRACE org.hibernate.orm.jdbc.extract - extracted value (7:BIGINT) -> [1]
13:57:44.136 [https-jsse-nio-8443-exec-1] TRACE org.hibernate.orm.jdbc.extract - extracted value (1:BIGINT) -> [3]
13:57:44.136 [https-jsse-nio-8443-exec-1] TRACE org.hibernate.orm.jdbc.extract - extracted value (2:VARCHAR) -> [عکس فرستادم]
13:57:44.136 [https-jsse-nio-8443-exec-1] TRACE org.hibernate.orm.jdbc.extract - extracted value (3:TIMESTAMP) -> [2026-01-19T10:42:02.618480]
13:57:44.136 [https-jsse-nio-8443-exec-1] TRACE org.hibernate.orm.jdbc.extract - extracted value (4:BOOLEAN) -> [false]
13:57:44.136 [https-jsse-nio-8443-exec-1] TRACE org.hibernate.orm.jdbc.extract - extracted value (5:VARCHAR) -> [ROLE_CUSTOMER]
13:57:44.136 [https-jsse-nio-8443-exec-1] TRACE org.hibernate.orm.jdbc.extract - extracted value (6:VARCHAR) -> [hadan]
13:57:44.136 [https-jsse-nio-8443-exec-1] TRACE org.hibernate.orm.jdbc.extract - extracted value (7:BIGINT) -> [1]
13:57:44.136 [https-jsse-nio-8443-exec-1] TRACE org.hibernate.orm.jdbc.extract - extracted value (1:BIGINT) -> [4]
13:57:44.136 [https-jsse-nio-8443-exec-1] TRACE org.hibernate.orm.jdbc.extract - extracted value (2:VARCHAR) -> [null]
13:57:44.136 [https-jsse-nio-8443-exec-1] TRACE org.hibernate.orm.jdbc.extract - extracted value (3:TIMESTAMP) -> [2026-01-19T10:42:25.008481]
13:57:44.136 [https-jsse-nio-8443-exec-1] TRACE org.hibernate.orm.jdbc.extract - extracted value (4:BOOLEAN) -> [false]
13:57:44.136 [https-jsse-nio-8443-exec-1] TRACE org.hibernate.orm.jdbc.extract - extracted value (5:VARCHAR) -> [ROLE_CUSTOMER]
13:57:44.136 [https-jsse-nio-8443-exec-1] TRACE org.hibernate.orm.jdbc.extract - extracted value (6:VARCHAR) -> [hadan]
13:57:44.136 [https-jsse-nio-8443-exec-1] TRACE org.hibernate.orm.jdbc.extract - extracted value (7:BIGINT) -> [1]
13:57:44.136 [https-jsse-nio-8443-exec-1] TRACE org.hibernate.orm.jdbc.extract - extracted value (1:BIGINT) -> [5]
13:57:44.136 [https-jsse-nio-8443-exec-1] TRACE org.hibernate.orm.jdbc.extract - extracted value (2:VARCHAR) -> [salam]
13:57:44.137 [https-jsse-nio-8443-exec-1] TRACE org.hibernate.orm.jdbc.extract - extracted value (3:TIMESTAMP) -> [2026-01-19T12:18:41.012601]
13:57:44.137 [https-jsse-nio-8443-exec-1] TRACE org.hibernate.orm.jdbc.extract - extracted value (4:BOOLEAN) -> [false]
13:57:44.137 [https-jsse-nio-8443-exec-1] TRACE org.hibernate.orm.jdbc.extract - extracted value (5:VARCHAR) -> [ROLE_ADMIN]
13:57:44.137 [https-jsse-nio-8443-exec-1] TRACE org.hibernate.orm.jdbc.extract - extracted value (6:VARCHAR) -> [ali]
13:57:44.137 [https-jsse-nio-8443-exec-1] TRACE org.hibernate.orm.jdbc.extract - extracted value (7:BIGINT) -> [1]
13:57:44.137 [https-jsse-nio-8443-exec-1] INFO  i.c.exception.ResponseAspect - Web Controller: showTicketMessages
13:57:44.161 [https-jsse-nio-8443-exec-1] DEBUG org.hibernate.SQL - 
    select
        a1_0.message_id,
        a1_0.id,
        a1_0.attach_time,
        a1_0.deleted,
        a1_0.description,
        a1_0.extracted_text,
        a1_0.file_name,
        a1_0.file_size,
        a1_0.file_type,
        a1_0.mongo_file_id 
    from
        attachment_tbl a1_0 
    where
        a1_0.message_id=? 
        and (
            a1_0.deleted = 0
        )
13:57:44.161 [https-jsse-nio-8443-exec-1] TRACE org.hibernate.orm.jdbc.bind - binding parameter (1:BIGINT) <- [1]
13:57:44.165 [https-jsse-nio-8443-exec-1] DEBUG org.hibernate.SQL - 
    select
        a1_0.message_id,
        a1_0.id,
        a1_0.attach_time,
        a1_0.deleted,
        a1_0.description,
        a1_0.extracted_text,
        a1_0.file_name,
        a1_0.file_size,
        a1_0.file_type,
        a1_0.mongo_file_id 
    from
        attachment_tbl a1_0 
    where
        a1_0.message_id=? 
        and (
            a1_0.deleted = 0
        )
13:57:44.166 [https-jsse-nio-8443-exec-1] TRACE org.hibernate.orm.jdbc.bind - binding parameter (1:BIGINT) <- [2]
13:57:44.167 [https-jsse-nio-8443-exec-1] TRACE org.hibernate.orm.jdbc.extract - extracted value (1:BIGINT) -> [2]
13:57:44.167 [https-jsse-nio-8443-exec-1] TRACE org.hibernate.orm.jdbc.extract - extracted value (2:BIGINT) -> [41]
13:57:44.169 [https-jsse-nio-8443-exec-1] DEBUG org.hibernate.SQL - 
    select
        p1_0.id,
        p1_0.deleted,
        p1_0.email,
        p1_0.first_name,
        p1_0.last_name,
        p1_0.phone,
        p1_0.attachment_id,
        p1_0.username 
    from
        profile_tbl p1_0 
    where
        p1_0.attachment_id=? 
        and (
            p1_0.deleted = 0
        )
13:57:44.169 [https-jsse-nio-8443-exec-1] TRACE org.hibernate.orm.jdbc.bind - binding parameter (1:BIGINT) <- [41]
13:57:44.171 [https-jsse-nio-8443-exec-1] TRACE org.hibernate.orm.jdbc.extract - extracted value (3:TIMESTAMP) -> [2026-01-19T10:41:46.881993]
13:57:44.171 [https-jsse-nio-8443-exec-1] TRACE org.hibernate.orm.jdbc.extract - extracted value (4:BOOLEAN) -> [false]
13:57:44.171 [https-jsse-nio-8443-exec-1] TRACE org.hibernate.orm.jdbc.extract - extracted value (5:VARCHAR) -> [null]
13:57:44.171 [https-jsse-nio-8443-exec-1] TRACE org.hibernate.orm.jdbc.extract - extracted value (6:VARCHAR) -> [null]
13:57:44.171 [https-jsse-nio-8443-exec-1] TRACE org.hibernate.orm.jdbc.extract - extracted value (7:VARCHAR) -> [545ty.jpg]
13:57:44.171 [https-jsse-nio-8443-exec-1] TRACE org.hibernate.orm.jdbc.extract - extracted value (8:BIGINT) -> [65295]
13:57:44.171 [https-jsse-nio-8443-exec-1] TRACE org.hibernate.orm.jdbc.extract - extracted value (9:TINYINT) -> [JPG]
13:57:44.171 [https-jsse-nio-8443-exec-1] TRACE org.hibernate.orm.jdbc.extract - extracted value (10:VARCHAR) -> [696dd932eca58453fd4abac2]
13:57:44.174 [https-jsse-nio-8443-exec-1] DEBUG org.hibernate.SQL - 
    select
        a1_0.message_id,
        a1_0.id,
        a1_0.attach_time,
        a1_0.deleted,
        a1_0.description,
        a1_0.extracted_text,
        a1_0.file_name,
        a1_0.file_size,
        a1_0.file_type,
        a1_0.mongo_file_id 
    from
        attachment_tbl a1_0 
    where
        a1_0.message_id=? 
        and (
            a1_0.deleted = 0
        )
13:57:44.174 [https-jsse-nio-8443-exec-1] TRACE org.hibernate.orm.jdbc.bind - binding parameter (1:BIGINT) <- [3]
13:57:44.175 [https-jsse-nio-8443-exec-1] TRACE org.hibernate.orm.jdbc.extract - extracted value (1:BIGINT) -> [3]
13:57:44.175 [https-jsse-nio-8443-exec-1] TRACE org.hibernate.orm.jdbc.extract - extracted value (2:BIGINT) -> [42]
13:57:44.175 [https-jsse-nio-8443-exec-1] DEBUG org.hibernate.SQL - 
    select
        p1_0.id,
        p1_0.deleted,
        p1_0.email,
        p1_0.first_name,
        p1_0.last_name,
        p1_0.phone,
        p1_0.attachment_id,
        p1_0.username 
    from
        profile_tbl p1_0 
    where
        p1_0.attachment_id=? 
        and (
            p1_0.deleted = 0
        )
13:57:44.175 [https-jsse-nio-8443-exec-1] TRACE org.hibernate.orm.jdbc.bind - binding parameter (1:BIGINT) <- [42]
13:57:44.175 [https-jsse-nio-8443-exec-1] TRACE org.hibernate.orm.jdbc.extract - extracted value (3:TIMESTAMP) -> [2026-01-19T10:42:02.623480]
13:57:44.175 [https-jsse-nio-8443-exec-1] TRACE org.hibernate.orm.jdbc.extract - extracted value (4:BOOLEAN) -> [false]
13:57:44.175 [https-jsse-nio-8443-exec-1] TRACE org.hibernate.orm.jdbc.extract - extracted value (5:VARCHAR) -> [null]
13:57:44.176 [https-jsse-nio-8443-exec-1] TRACE org.hibernate.orm.jdbc.extract - extracted value (6:VARCHAR) -> [null]
13:57:44.176 [https-jsse-nio-8443-exec-1] TRACE org.hibernate.orm.jdbc.extract - extracted value (7:VARCHAR) -> [216-2168192_raffle-tickets-vector.png]
13:57:44.176 [https-jsse-nio-8443-exec-1] TRACE org.hibernate.orm.jdbc.extract - extracted value (8:BIGINT) -> [131739]
13:57:44.176 [https-jsse-nio-8443-exec-1] TRACE org.hibernate.orm.jdbc.extract - extracted value (9:TINYINT) -> [PNG]
13:57:44.176 [https-jsse-nio-8443-exec-1] TRACE org.hibernate.orm.jdbc.extract - extracted value (10:VARCHAR) -> [696dd942eca58453fd4abac4]
13:57:44.177 [https-jsse-nio-8443-exec-1] DEBUG org.hibernate.SQL - 
    select
        a1_0.message_id,
        a1_0.id,
        a1_0.attach_time,
        a1_0.deleted,
        a1_0.description,
        a1_0.extracted_text,
        a1_0.file_name,
        a1_0.file_size,
        a1_0.file_type,
        a1_0.mongo_file_id 
    from
        attachment_tbl a1_0 
    where
        a1_0.message_id=? 
        and (
            a1_0.deleted = 0
        )
13:57:44.177 [https-jsse-nio-8443-exec-1] TRACE org.hibernate.orm.jdbc.bind - binding parameter (1:BIGINT) <- [4]
13:57:44.178 [https-jsse-nio-8443-exec-1] TRACE org.hibernate.orm.jdbc.extract - extracted value (1:BIGINT) -> [4]
13:57:44.178 [https-jsse-nio-8443-exec-1] TRACE org.hibernate.orm.jdbc.extract - extracted value (2:BIGINT) -> [43]
13:57:44.178 [https-jsse-nio-8443-exec-1] DEBUG org.hibernate.SQL - 
    select
        p1_0.id,
        p1_0.deleted,
        p1_0.email,
        p1_0.first_name,
        p1_0.last_name,
        p1_0.phone,
        p1_0.attachment_id,
        p1_0.username 
    from
        profile_tbl p1_0 
    where
        p1_0.attachment_id=? 
        and (
            p1_0.deleted = 0
        )
13:57:44.178 [https-jsse-nio-8443-exec-1] TRACE org.hibernate.orm.jdbc.bind - binding parameter (1:BIGINT) <- [43]
13:57:44.179 [https-jsse-nio-8443-exec-1] TRACE org.hibernate.orm.jdbc.extract - extracted value (3:TIMESTAMP) -> [2026-01-19T10:42:25.015480]
13:57:44.179 [https-jsse-nio-8443-exec-1] TRACE org.hibernate.orm.jdbc.extract - extracted value (4:BOOLEAN) -> [false]
13:57:44.179 [https-jsse-nio-8443-exec-1] TRACE org.hibernate.orm.jdbc.extract - extracted value (5:VARCHAR) -> [null]
13:57:44.179 [https-jsse-nio-8443-exec-1] TRACE org.hibernate.orm.jdbc.extract - extracted value (6:VARCHAR) -> [تراکنش موفق

انتقال وجه کارت به کارت
تاریخ ۷1 ۱۳۹۸/۱۱/۱۶
مبلغ ۰ ۱۹۹ ریال
کارت مبدا [ ۳[ 0۵ زوس باراد ض
کارت مقصد ۳ ۴ ۶ ۴ مس مدرد ۹
شماره مرجع 5 ۱۸۲۱۳۶

شماره مرجع بانک : ۹ ۷۷۹۸۵۴۲۳۶۲

کد پیگیری بانک : ۹۶۴۴۶۴ ۶۷ ۵۸۵۱۲

سفر به اروپا و روزانه یک گوشی هوشمند ویژه استفاده از خدمات
اپلیکیشن آپ,اطلاعات بیشتر در تلگرا ام آپ
۲۵6/۸۳3 //:
۵ که
۹ ای
]
13:57:44.179 [https-jsse-nio-8443-exec-1] TRACE org.hibernate.orm.jdbc.extract - extracted value (7:VARCHAR) -> [bill1.jpg]
13:57:44.179 [https-jsse-nio-8443-exec-1] TRACE org.hibernate.orm.jdbc.extract - extracted value (8:BIGINT) -> [508161]
13:57:44.179 [https-jsse-nio-8443-exec-1] TRACE org.hibernate.orm.jdbc.extract - extracted value (9:TINYINT) -> [JPG]
13:57:44.179 [https-jsse-nio-8443-exec-1] TRACE org.hibernate.orm.jdbc.extract - extracted value (10:VARCHAR) -> [696dd959eca58453fd4abac6]
13:57:44.182 [https-jsse-nio-8443-exec-1] DEBUG org.hibernate.SQL - 
    select
        a1_0.message_id,
        a1_0.id,
        a1_0.attach_time,
        a1_0.deleted,
        a1_0.description,
        a1_0.extracted_text,
        a1_0.file_name,
        a1_0.file_size,
        a1_0.file_type,
        a1_0.mongo_file_id 
    from
        attachment_tbl a1_0 
    where
        a1_0.message_id=? 
        and (
            a1_0.deleted = 0
        )
13:57:44.182 [https-jsse-nio-8443-exec-1] TRACE org.hibernate.orm.jdbc.bind - binding parameter (1:BIGINT) <- [5]
13:57:44.194 [https-jsse-nio-8443-exec-9] DEBUG o.s.security.web.FilterChainProxy - Securing GET /css/reset.css
13:57:44.195 [https-jsse-nio-8443-exec-9] DEBUG o.s.s.w.a.c.ChannelProcessingFilter - Request: filter invocation [GET /css/reset.css]; ConfigAttributes: [REQUIRES_SECURE_CHANNEL]
13:57:44.195 [https-jsse-nio-8443-exec-9] DEBUG o.s.security.web.FilterChainProxy - Secured GET /css/reset.css
13:57:44.196 [https-jsse-nio-8443-exec-9] DEBUG o.s.s.w.c.HttpSessionSecurityContextRepository - Retrieved SecurityContextImpl [Authentication=UsernamePasswordAuthenticationToken [Principal=ir.model.entity.CustomUserDetails@c7929e7, Credentials=[PROTECTED], Authenticated=true, Details=WebAuthenticationDetails [RemoteIpAddress=0:0:0:0:0:0:0:1, SessionId=B539BDB222AE93B4764371A97E7836A7], Granted Authorities=[TICKET_EDIT, BUILDING_DELETE, BUILDING_EDIT, BUILDING_CREATE, ROLE_ADMIN, TICKET_CREATE, TICKET_DELETE]]]
13:57:44.197 [https-jsse-nio-8443-exec-6] DEBUG o.s.security.web.FilterChainProxy - Securing GET /css/bootstrap.min.css
13:57:44.197 [https-jsse-nio-8443-exec-7] DEBUG o.s.security.web.FilterChainProxy - Securing GET /css/fontawesome.css
13:57:44.197 [https-jsse-nio-8443-exec-6] DEBUG o.s.s.w.a.c.ChannelProcessingFilter - Request: filter invocation [GET /css/bootstrap.min.css]; ConfigAttributes: [REQUIRES_SECURE_CHANNEL]
13:57:44.197 [https-jsse-nio-8443-exec-7] DEBUG o.s.s.w.a.c.ChannelProcessingFilter - Request: filter invocation [GET /css/fontawesome.css]; ConfigAttributes: [REQUIRES_SECURE_CHANNEL]
13:57:44.197 [https-jsse-nio-8443-exec-4] DEBUG o.s.security.web.FilterChainProxy - Securing GET /css/fonts.min.css
13:57:44.198 [https-jsse-nio-8443-exec-10] DEBUG o.s.security.web.FilterChainProxy - Securing GET /css/toast.css
13:57:44.198 [https-jsse-nio-8443-exec-4] DEBUG o.s.s.w.a.c.ChannelProcessingFilter - Request: filter invocation [GET /css/fonts.min.css]; ConfigAttributes: [REQUIRES_SECURE_CHANNEL]
13:57:44.198 [https-jsse-nio-8443-exec-6] DEBUG o.s.security.web.FilterChainProxy - Secured GET /css/bootstrap.min.css
13:57:44.198 [https-jsse-nio-8443-exec-10] DEBUG o.s.s.w.a.c.ChannelProcessingFilter - Request: filter invocation [GET /css/toast.css]; ConfigAttributes: [REQUIRES_SECURE_CHANNEL]
13:57:44.198 [https-jsse-nio-8443-exec-7] DEBUG o.s.security.web.FilterChainProxy - Secured GET /css/fontawesome.css
13:57:44.198 [https-jsse-nio-8443-exec-10] DEBUG o.s.security.web.FilterChainProxy - Secured GET /css/toast.css
13:57:44.198 [https-jsse-nio-8443-exec-4] DEBUG o.s.security.web.FilterChainProxy - Secured GET /css/fonts.min.css
13:57:44.198 [https-jsse-nio-8443-exec-2] DEBUG o.s.security.web.FilterChainProxy - Securing GET /css/styles.css
13:57:44.199 [https-jsse-nio-8443-exec-8] DEBUG o.s.security.web.FilterChainProxy - Securing GET /icons/mftlogo.png
13:57:44.199 [https-jsse-nio-8443-exec-8] DEBUG o.s.s.w.a.c.ChannelProcessingFilter - Request: filter invocation [GET /icons/mftlogo.png]; ConfigAttributes: [REQUIRES_SECURE_CHANNEL]
13:57:44.199 [https-jsse-nio-8443-exec-2] DEBUG o.s.s.w.a.c.ChannelProcessingFilter - Request: filter invocation [GET /css/styles.css]; ConfigAttributes: [REQUIRES_SECURE_CHANNEL]
13:57:44.199 [https-jsse-nio-8443-exec-10] DEBUG o.s.s.w.c.HttpSessionSecurityContextRepository - Retrieved SecurityContextImpl [Authentication=UsernamePasswordAuthenticationToken [Principal=ir.model.entity.CustomUserDetails@c7929e7, Credentials=[PROTECTED], Authenticated=true, Details=WebAuthenticationDetails [RemoteIpAddress=0:0:0:0:0:0:0:1, SessionId=B539BDB222AE93B4764371A97E7836A7], Granted Authorities=[TICKET_EDIT, BUILDING_DELETE, BUILDING_EDIT, BUILDING_CREATE, ROLE_ADMIN, TICKET_CREATE, TICKET_DELETE]]]
13:57:44.199 [https-jsse-nio-8443-exec-8] DEBUG o.s.security.web.FilterChainProxy - Secured GET /icons/mftlogo.png
13:57:44.200 [https-jsse-nio-8443-exec-4] DEBUG o.s.s.w.c.HttpSessionSecurityContextRepository - Retrieved SecurityContextImpl [Authentication=UsernamePasswordAuthenticationToken [Principal=ir.model.entity.CustomUserDetails@c7929e7, Credentials=[PROTECTED], Authenticated=true, Details=WebAuthenticationDetails [RemoteIpAddress=0:0:0:0:0:0:0:1, SessionId=B539BDB222AE93B4764371A97E7836A7], Granted Authorities=[TICKET_EDIT, BUILDING_DELETE, BUILDING_EDIT, BUILDING_CREATE, ROLE_ADMIN, TICKET_CREATE, TICKET_DELETE]]]
13:57:44.200 [https-jsse-nio-8443-exec-2] DEBUG o.s.security.web.FilterChainProxy - Secured GET /css/styles.css
13:57:44.201 [https-jsse-nio-8443-exec-3] DEBUG o.s.security.web.FilterChainProxy - Securing GET /js/bootstrap.bundle.min.js
13:57:44.201 [https-jsse-nio-8443-exec-3] DEBUG o.s.s.w.a.c.ChannelProcessingFilter - Request: filter invocation [GET /js/bootstrap.bundle.min.js]; ConfigAttributes: [REQUIRES_SECURE_CHANNEL]
13:57:44.201 [https-jsse-nio-8443-exec-3] DEBUG o.s.security.web.FilterChainProxy - Secured GET /js/bootstrap.bundle.min.js
13:57:44.202 [https-jsse-nio-8443-exec-2] DEBUG o.s.s.w.c.HttpSessionSecurityContextRepository - Retrieved SecurityContextImpl [Authentication=UsernamePasswordAuthenticationToken [Principal=ir.model.entity.CustomUserDetails@c7929e7, Credentials=[PROTECTED], Authenticated=true, Details=WebAuthenticationDetails [RemoteIpAddress=0:0:0:0:0:0:0:1, SessionId=B539BDB222AE93B4764371A97E7836A7], Granted Authorities=[TICKET_EDIT, BUILDING_DELETE, BUILDING_EDIT, BUILDING_CREATE, ROLE_ADMIN, TICKET_CREATE, TICKET_DELETE]]]
13:57:44.202 [https-jsse-nio-8443-exec-5] DEBUG o.s.security.web.FilterChainProxy - Securing GET /rest/images/696dd932eca58453fd4abac2/raw
13:57:44.202 [https-jsse-nio-8443-exec-5] DEBUG o.s.s.w.a.c.ChannelProcessingFilter - Request: filter invocation [GET /rest/images/696dd932eca58453fd4abac2/raw]; ConfigAttributes: [REQUIRES_SECURE_CHANNEL]
13:57:44.203 [https-jsse-nio-8443-exec-8] DEBUG o.s.s.w.c.HttpSessionSecurityContextRepository - Retrieved SecurityContextImpl [Authentication=UsernamePasswordAuthenticationToken [Principal=ir.model.entity.CustomUserDetails@c7929e7, Credentials=[PROTECTED], Authenticated=true, Details=WebAuthenticationDetails [RemoteIpAddress=0:0:0:0:0:0:0:1, SessionId=B539BDB222AE93B4764371A97E7836A7], Granted Authorities=[TICKET_EDIT, BUILDING_DELETE, BUILDING_EDIT, BUILDING_CREATE, ROLE_ADMIN, TICKET_CREATE, TICKET_DELETE]]]
13:57:44.203 [https-jsse-nio-8443-exec-5] DEBUG o.s.s.w.c.HttpSessionSecurityContextRepository - Retrieved SecurityContextImpl [Authentication=UsernamePasswordAuthenticationToken [Principal=ir.model.entity.CustomUserDetails@c7929e7, Credentials=[PROTECTED], Authenticated=true, Details=WebAuthenticationDetails [RemoteIpAddress=0:0:0:0:0:0:0:1, SessionId=B539BDB222AE93B4764371A97E7836A7], Granted Authorities=[TICKET_EDIT, BUILDING_DELETE, BUILDING_EDIT, BUILDING_CREATE, ROLE_ADMIN, TICKET_CREATE, TICKET_DELETE]]]
13:57:44.203 [https-jsse-nio-8443-exec-5] DEBUG o.s.security.web.FilterChainProxy - Secured GET /rest/images/696dd932eca58453fd4abac2/raw
13:57:44.203 [https-jsse-nio-8443-exec-1] DEBUG o.s.security.web.FilterChainProxy - Securing GET /rest/images/696dd942eca58453fd4abac4/raw
13:57:44.204 [https-jsse-nio-8443-exec-1] DEBUG o.s.s.w.a.c.ChannelProcessingFilter - Request: filter invocation [GET /rest/images/696dd942eca58453fd4abac4/raw]; ConfigAttributes: [REQUIRES_SECURE_CHANNEL]
13:57:44.204 [https-jsse-nio-8443-exec-1] DEBUG o.s.s.w.c.HttpSessionSecurityContextRepository - Retrieved SecurityContextImpl [Authentication=UsernamePasswordAuthenticationToken [Principal=ir.model.entity.CustomUserDetails@c7929e7, Credentials=[PROTECTED], Authenticated=true, Details=WebAuthenticationDetails [RemoteIpAddress=0:0:0:0:0:0:0:1, SessionId=B539BDB222AE93B4764371A97E7836A7], Granted Authorities=[TICKET_EDIT, BUILDING_DELETE, BUILDING_EDIT, BUILDING_CREATE, ROLE_ADMIN, TICKET_CREATE, TICKET_DELETE]]]
13:57:44.204 [https-jsse-nio-8443-exec-9] DEBUG o.s.security.web.FilterChainProxy - Securing GET /rest/images/696dd959eca58453fd4abac6/raw
13:57:44.204 [https-jsse-nio-8443-exec-1] DEBUG o.s.security.web.FilterChainProxy - Secured GET /rest/images/696dd942eca58453fd4abac4/raw
13:57:44.204 [https-jsse-nio-8443-exec-9] DEBUG o.s.s.w.a.c.ChannelProcessingFilter - Request: filter invocation [GET /rest/images/696dd959eca58453fd4abac6/raw]; ConfigAttributes: [REQUIRES_SECURE_CHANNEL]
13:57:44.205 [https-jsse-nio-8443-exec-5] DEBUG o.s.jdbc.datasource.DataSourceUtils - Setting JDBC Connection [HikariProxyConnection@1257649325 wrapping oracle.jdbc.driver.T4CConnection@799c2542] read-only
13:57:44.205 [https-jsse-nio-8443-exec-5] DEBUG o.h.e.t.internal.TransactionImpl - On TransactionImpl creation, JpaCompliance#isJpaTransactionComplianceEnabled == false
13:57:44.205 [https-jsse-nio-8443-exec-5] DEBUG o.h.e.t.internal.TransactionImpl - begin
13:57:44.205 [https-jsse-nio-8443-exec-9] DEBUG o.s.s.w.c.HttpSessionSecurityContextRepository - Retrieved SecurityContextImpl [Authentication=UsernamePasswordAuthenticationToken [Principal=ir.model.entity.CustomUserDetails@c7929e7, Credentials=[PROTECTED], Authenticated=true, Details=WebAuthenticationDetails [RemoteIpAddress=0:0:0:0:0:0:0:1, SessionId=B539BDB222AE93B4764371A97E7836A7], Granted Authorities=[TICKET_EDIT, BUILDING_DELETE, BUILDING_EDIT, BUILDING_CREATE, ROLE_ADMIN, TICKET_CREATE, TICKET_DELETE]]]
13:57:44.205 [https-jsse-nio-8443-exec-9] DEBUG o.s.security.web.FilterChainProxy - Secured GET /rest/images/696dd959eca58453fd4abac6/raw
13:57:44.206 [https-jsse-nio-8443-exec-1] DEBUG o.s.jdbc.datasource.DataSourceUtils - Setting JDBC Connection [HikariProxyConnection@250386309 wrapping oracle.jdbc.driver.T4CConnection@56e06e3c] read-only
13:57:44.206 [https-jsse-nio-8443-exec-1] DEBUG o.h.e.t.internal.TransactionImpl - On TransactionImpl creation, JpaCompliance#isJpaTransactionComplianceEnabled == false
13:57:44.206 [https-jsse-nio-8443-exec-1] DEBUG o.h.e.t.internal.TransactionImpl - begin
13:57:44.207 [https-jsse-nio-8443-exec-9] DEBUG o.s.jdbc.datasource.DataSourceUtils - Setting JDBC Connection [HikariProxyConnection@1957460347 wrapping oracle.jdbc.driver.T4CConnection@7344506f] read-only
13:57:44.207 [https-jsse-nio-8443-exec-9] DEBUG o.h.e.t.internal.TransactionImpl - On TransactionImpl creation, JpaCompliance#isJpaTransactionComplianceEnabled == false
13:57:44.207 [https-jsse-nio-8443-exec-9] DEBUG o.h.e.t.internal.TransactionImpl - begin
13:57:44.209 [https-jsse-nio-8443-exec-3] DEBUG o.s.s.w.c.HttpSessionSecurityContextRepository - Retrieved SecurityContextImpl [Authentication=UsernamePasswordAuthenticationToken [Principal=ir.model.entity.CustomUserDetails@c7929e7, Credentials=[PROTECTED], Authenticated=true, Details=WebAuthenticationDetails [RemoteIpAddress=0:0:0:0:0:0:0:1, SessionId=B539BDB222AE93B4764371A97E7836A7], Granted Authorities=[TICKET_EDIT, BUILDING_DELETE, BUILDING_EDIT, BUILDING_CREATE, ROLE_ADMIN, TICKET_CREATE, TICKET_DELETE]]]
13:57:44.210 [https-jsse-nio-8443-exec-10] DEBUG o.s.security.web.FilterChainProxy - Securing GET /js/fontawesome.js
13:57:44.210 [https-jsse-nio-8443-exec-10] DEBUG o.s.s.w.a.c.ChannelProcessingFilter - Request: filter invocation [GET /js/fontawesome.js]; ConfigAttributes: [REQUIRES_SECURE_CHANNEL]
13:57:44.211 [https-jsse-nio-8443-exec-10] DEBUG o.s.security.web.FilterChainProxy - Secured GET /js/fontawesome.js
13:57:44.214 [https-jsse-nio-8443-exec-6] DEBUG o.s.s.w.c.HttpSessionSecurityContextRepository - Retrieved SecurityContextImpl [Authentication=UsernamePasswordAuthenticationToken [Principal=ir.model.entity.CustomUserDetails@c7929e7, Credentials=[PROTECTED], Authenticated=true, Details=WebAuthenticationDetails [RemoteIpAddress=0:0:0:0:0:0:0:1, SessionId=B539BDB222AE93B4764371A97E7836A7], Granted Authorities=[TICKET_EDIT, BUILDING_DELETE, BUILDING_EDIT, BUILDING_CREATE, ROLE_ADMIN, TICKET_CREATE, TICKET_DELETE]]]
13:57:44.216 [https-jsse-nio-8443-exec-6] DEBUG o.s.security.web.FilterChainProxy - Securing GET /js/toast.js
13:57:44.216 [https-jsse-nio-8443-exec-6] DEBUG o.s.s.w.a.c.ChannelProcessingFilter - Request: filter invocation [GET /js/toast.js]; ConfigAttributes: [REQUIRES_SECURE_CHANNEL]
13:57:44.216 [https-jsse-nio-8443-exec-6] DEBUG o.s.security.web.FilterChainProxy - Secured GET /js/toast.js
13:57:44.217 [https-jsse-nio-8443-exec-6] DEBUG o.s.s.w.c.HttpSessionSecurityContextRepository - Retrieved SecurityContextImpl [Authentication=UsernamePasswordAuthenticationToken [Principal=ir.model.entity.CustomUserDetails@c7929e7, Credentials=[PROTECTED], Authenticated=true, Details=WebAuthenticationDetails [RemoteIpAddress=0:0:0:0:0:0:0:1, SessionId=B539BDB222AE93B4764371A97E7836A7], Granted Authorities=[TICKET_EDIT, BUILDING_DELETE, BUILDING_EDIT, BUILDING_CREATE, ROLE_ADMIN, TICKET_CREATE, TICKET_DELETE]]]
13:57:44.219 [https-jsse-nio-8443-exec-4] DEBUG o.s.security.web.FilterChainProxy - Securing GET /js/script.js
13:57:44.219 [https-jsse-nio-8443-exec-4] DEBUG o.s.s.w.a.c.ChannelProcessingFilter - Request: filter invocation [GET /js/script.js]; ConfigAttributes: [REQUIRES_SECURE_CHANNEL]
13:57:44.219 [https-jsse-nio-8443-exec-4] DEBUG o.s.security.web.FilterChainProxy - Secured GET /js/script.js
13:57:44.221 [https-jsse-nio-8443-exec-4] DEBUG o.s.s.w.c.HttpSessionSecurityContextRepository - Retrieved SecurityContextImpl [Authentication=UsernamePasswordAuthenticationToken [Principal=ir.model.entity.CustomUserDetails@c7929e7, Credentials=[PROTECTED], Authenticated=true, Details=WebAuthenticationDetails [RemoteIpAddress=0:0:0:0:0:0:0:1, SessionId=B539BDB222AE93B4764371A97E7836A7], Granted Authorities=[TICKET_EDIT, BUILDING_DELETE, BUILDING_EDIT, BUILDING_CREATE, ROLE_ADMIN, TICKET_CREATE, TICKET_DELETE]]]
13:57:44.222 [https-jsse-nio-8443-exec-2] DEBUG o.s.security.web.FilterChainProxy - Securing GET /js/messages-api.js
13:57:44.222 [https-jsse-nio-8443-exec-2] DEBUG o.s.s.w.a.c.ChannelProcessingFilter - Request: filter invocation [GET /js/messages-api.js]; ConfigAttributes: [REQUIRES_SECURE_CHANNEL]
13:57:44.223 [https-jsse-nio-8443-exec-2] DEBUG o.s.security.web.FilterChainProxy - Secured GET /js/messages-api.js
13:57:44.224 [https-jsse-nio-8443-exec-7] DEBUG o.s.s.w.c.HttpSessionSecurityContextRepository - Retrieved SecurityContextImpl [Authentication=UsernamePasswordAuthenticationToken [Principal=ir.model.entity.CustomUserDetails@c7929e7, Credentials=[PROTECTED], Authenticated=true, Details=WebAuthenticationDetails [RemoteIpAddress=0:0:0:0:0:0:0:1, SessionId=B539BDB222AE93B4764371A97E7836A7], Granted Authorities=[TICKET_EDIT, BUILDING_DELETE, BUILDING_EDIT, BUILDING_CREATE, ROLE_ADMIN, TICKET_CREATE, TICKET_DELETE]]]
13:57:44.241 [https-jsse-nio-8443-exec-5] DEBUG o.h.e.t.internal.TransactionImpl - committing
13:57:44.241 [https-jsse-nio-8443-exec-1] DEBUG o.h.e.t.internal.TransactionImpl - committing
13:57:44.241 [https-jsse-nio-8443-exec-9] DEBUG o.h.e.t.internal.TransactionImpl - committing
13:57:44.241 [https-jsse-nio-8443-exec-9] DEBUG o.s.jdbc.datasource.DataSourceUtils - Resetting read-only flag of JDBC Connection [HikariProxyConnection@1957460347 wrapping oracle.jdbc.driver.T4CConnection@7344506f]
13:57:44.241 [https-jsse-nio-8443-exec-1] DEBUG o.s.jdbc.datasource.DataSourceUtils - Resetting read-only flag of JDBC Connection [HikariProxyConnection@250386309 wrapping oracle.jdbc.driver.T4CConnection@56e06e3c]
13:57:44.241 [https-jsse-nio-8443-exec-5] DEBUG o.s.jdbc.datasource.DataSourceUtils - Resetting read-only flag of JDBC Connection [HikariProxyConnection@1257649325 wrapping oracle.jdbc.driver.T4CConnection@799c2542]
13:57:44.244 [https-jsse-nio-8443-exec-1] INFO  i.c.exception.ResponseAspect - API: streamImage
13:57:44.244 [https-jsse-nio-8443-exec-5] INFO  i.c.exception.ResponseAspect - API: streamImage
13:57:44.244 [https-jsse-nio-8443-exec-9] INFO  i.c.exception.ResponseAspect - API: streamImage
13:57:44.248 [https-jsse-nio-8443-exec-2] DEBUG o.s.s.w.c.HttpSessionSecurityContextRepository - Retrieved SecurityContextImpl [Authentication=UsernamePasswordAuthenticationToken [Principal=ir.model.entity.CustomUserDetails@c7929e7, Credentials=[PROTECTED], Authenticated=true, Details=WebAuthenticationDetails [RemoteIpAddress=0:0:0:0:0:0:0:1, SessionId=B539BDB222AE93B4764371A97E7836A7], Granted Authorities=[TICKET_EDIT, BUILDING_DELETE, BUILDING_EDIT, BUILDING_CREATE, ROLE_ADMIN, TICKET_CREATE, TICKET_DELETE]]]
13:57:44.267 [https-jsse-nio-8443-exec-8] DEBUG o.s.security.web.FilterChainProxy - Securing GET /webfonts/fa-solid-900.woff2
13:57:44.267 [https-jsse-nio-8443-exec-3] DEBUG o.s.security.web.FilterChainProxy - Securing GET /webfonts/fa-brands-400.woff2
13:57:44.267 [https-jsse-nio-8443-exec-8] DEBUG o.s.s.w.a.c.ChannelProcessingFilter - Request: filter invocation [GET /webfonts/fa-solid-900.woff2]; ConfigAttributes: [REQUIRES_SECURE_CHANNEL]
13:57:44.268 [https-jsse-nio-8443-exec-3] DEBUG o.s.s.w.a.c.ChannelProcessingFilter - Request: filter invocation [GET /webfonts/fa-brands-400.woff2]; ConfigAttributes: [REQUIRES_SECURE_CHANNEL]
13:57:44.268 [https-jsse-nio-8443-exec-8] DEBUG o.s.s.w.c.HttpSessionSecurityContextRepository - Retrieved SecurityContextImpl [Authentication=UsernamePasswordAuthenticationToken [Principal=ir.model.entity.CustomUserDetails@c7929e7, Credentials=[PROTECTED], Authenticated=true, Details=WebAuthenticationDetails [RemoteIpAddress=0:0:0:0:0:0:0:1, SessionId=B539BDB222AE93B4764371A97E7836A7], Granted Authorities=[TICKET_EDIT, BUILDING_DELETE, BUILDING_EDIT, BUILDING_CREATE, ROLE_ADMIN, TICKET_CREATE, TICKET_DELETE]]]
13:57:44.269 [https-jsse-nio-8443-exec-8] DEBUG o.s.security.web.FilterChainProxy - Secured GET /webfonts/fa-solid-900.woff2
13:57:44.269 [https-jsse-nio-8443-exec-3] DEBUG o.s.s.w.c.HttpSessionSecurityContextRepository - Retrieved SecurityContextImpl [Authentication=UsernamePasswordAuthenticationToken [Principal=ir.model.entity.CustomUserDetails@c7929e7, Credentials=[PROTECTED], Authenticated=true, Details=WebAuthenticationDetails [RemoteIpAddress=0:0:0:0:0:0:0:1, SessionId=B539BDB222AE93B4764371A97E7836A7], Granted Authorities=[TICKET_EDIT, BUILDING_DELETE, BUILDING_EDIT, BUILDING_CREATE, ROLE_ADMIN, TICKET_CREATE, TICKET_DELETE]]]
13:57:44.270 [https-jsse-nio-8443-exec-3] DEBUG o.s.security.web.FilterChainProxy - Secured GET /webfonts/fa-brands-400.woff2
13:57:44.290 [https-jsse-nio-8443-exec-9] WARN  o.h.e.jdbc.spi.SqlExceptionHelper - SQL Warning Code: 28002, SQLState: 99999
13:57:44.290 [https-jsse-nio-8443-exec-9] WARN  o.h.e.jdbc.spi.SqlExceptionHelper - ORA-28002: the password will expire within 2 days

13:57:44.720 [scheduling-1] DEBUG o.h.e.t.internal.TransactionImpl - On TransactionImpl creation, JpaCompliance#isJpaTransactionComplianceEnabled == false
13:57:44.720 [scheduling-1] DEBUG o.h.e.t.internal.TransactionImpl - begin
13:57:44.721 [scheduling-1] DEBUG org.hibernate.SQL - 
    /* <criteria> */ select
        oe1_0.id,
        oe1_0.aggregate_id,
        oe1_0.aggregate_type,
        oe1_0.created_at,
        oe1_0.deleted,
        oe1_0.event_type,
        oe1_0.payload,
        oe1_0.published 
    from
        outbox_tbl oe1_0 
    where
        (
            oe1_0.deleted = 0
        ) 
        and oe1_0.published=0 
    order by
        oe1_0.created_at
13:57:44.722 [scheduling-1] DEBUG o.h.e.t.internal.TransactionImpl - committing
13:57:44.763 [https-jsse-nio-8443-exec-10] DEBUG o.s.s.w.c.HttpSessionSecurityContextRepository - Retrieved SecurityContextImpl [Authentication=UsernamePasswordAuthenticationToken [Principal=ir.model.entity.CustomUserDetails@c7929e7, Credentials=[PROTECTED], Authenticated=true, Details=WebAuthenticationDetails [RemoteIpAddress=0:0:0:0:0:0:0:1, SessionId=B539BDB222AE93B4764371A97E7836A7], Granted Authorities=[TICKET_EDIT, BUILDING_DELETE, BUILDING_EDIT, BUILDING_CREATE, ROLE_ADMIN, TICKET_CREATE, TICKET_DELETE]]]
13:57:46.723 [scheduling-1] DEBUG o.h.e.t.internal.TransactionImpl - On TransactionImpl creation, JpaCompliance#isJpaTransactionComplianceEnabled == false
13:57:46.723 [scheduling-1] DEBUG o.h.e.t.internal.TransactionImpl - begin
13:57:46.725 [scheduling-1] DEBUG org.hibernate.SQL - 
    /* <criteria> */ select
        oe1_0.id,
        oe1_0.aggregate_id,
        oe1_0.aggregate_type,
        oe1_0.created_at,
        oe1_0.deleted,
        oe1_0.event_type,
        oe1_0.payload,
        oe1_0.published 
    from
        outbox_tbl oe1_0 
    where
        (
            oe1_0.deleted = 0
        ) 
        and oe1_0.published=0 
    order by
        oe1_0.created_at
13:57:46.726 [scheduling-1] DEBUG o.h.e.t.internal.TransactionImpl - committing
13:57:48.728 [scheduling-1] DEBUG o.h.e.t.internal.TransactionImpl - On TransactionImpl creation, JpaCompliance#isJpaTransactionComplianceEnabled == false
13:57:48.728 [scheduling-1] DEBUG o.h.e.t.internal.TransactionImpl - begin
13:57:48.729 [scheduling-1] DEBUG org.hibernate.SQL - 
    /* <criteria> */ select
        oe1_0.id,
        oe1_0.aggregate_id,
        oe1_0.aggregate_type,
        oe1_0.created_at,
        oe1_0.deleted,
        oe1_0.event_type,
        oe1_0.payload,
        oe1_0.published 
    from
        outbox_tbl oe1_0 
    where
        (
            oe1_0.deleted = 0
        ) 
        and oe1_0.published=0 
    order by
        oe1_0.created_at
13:57:48.730 [scheduling-1] DEBUG o.h.e.t.internal.TransactionImpl - committing
13:57:49.228 [org.springframework.kafka.KafkaListenerEndpointContainer#0-0-C-1] INFO  o.apache.kafka.clients.NetworkClient - [Consumer clientId=consumer-building-service-updater-1, groupId=building-service-updater] Node -1 disconnected.
13:57:49.228 [org.springframework.kafka.KafkaListenerEndpointContainer#0-0-C-1] WARN  o.apache.kafka.clients.NetworkClient - [Consumer clientId=consumer-building-service-updater-1, groupId=building-service-updater] Connection to node -1 (/100.99.137.56:9092) could not be established. Node may not be available.
13:57:49.228 [org.springframework.kafka.KafkaListenerEndpointContainer#0-0-C-1] WARN  o.apache.kafka.clients.NetworkClient - [Consumer clientId=consumer-building-service-updater-1, groupId=building-service-updater] Bootstrap broker 100.99.137.56:9092 (id: -1 rack: null) disconnected
13:57:50.731 [scheduling-1] DEBUG o.h.e.t.internal.TransactionImpl - On TransactionImpl creation, JpaCompliance#isJpaTransactionComplianceEnabled == false
13:57:50.731 [scheduling-1] DEBUG o.h.e.t.internal.TransactionImpl - begin
13:57:50.733 [scheduling-1] DEBUG org.hibernate.SQL - 
    /* <criteria> */ select
        oe1_0.id,
        oe1_0.aggregate_id,
        oe1_0.aggregate_type,
        oe1_0.created_at,
        oe1_0.deleted,
        oe1_0.event_type,
        oe1_0.payload,
        oe1_0.published 
    from
        outbox_tbl oe1_0 
    where
        (
            oe1_0.deleted = 0
        ) 
        and oe1_0.published=0 
    order by
        oe1_0.created_at
13:57:50.734 [scheduling-1] DEBUG o.h.e.t.internal.TransactionImpl - committing
13:57:52.736 [scheduling-1] DEBUG o.h.e.t.internal.TransactionImpl - On TransactionImpl creation, JpaCompliance#isJpaTransactionComplianceEnabled == false
13:57:52.736 [scheduling-1] DEBUG o.h.e.t.internal.TransactionImpl - begin
13:57:52.738 [scheduling-1] DEBUG org.hibernate.SQL - 
    /* <criteria> */ select
        oe1_0.id,
        oe1_0.aggregate_id,
        oe1_0.aggregate_type,
        oe1_0.created_at,
        oe1_0.deleted,
        oe1_0.event_type,
        oe1_0.payload,
        oe1_0.published 
    from
        outbox_tbl oe1_0 
    where
        (
            oe1_0.deleted = 0
        ) 
        and oe1_0.published=0 
    order by
        oe1_0.created_at
13:57:52.739 [scheduling-1] DEBUG o.h.e.t.internal.TransactionImpl - committing
13:57:54.741 [scheduling-1] DEBUG o.h.e.t.internal.TransactionImpl - On TransactionImpl creation, JpaCompliance#isJpaTransactionComplianceEnabled == false
13:57:54.741 [scheduling-1] DEBUG o.h.e.t.internal.TransactionImpl - begin
13:57:54.743 [scheduling-1] DEBUG org.hibernate.SQL - 
    /* <criteria> */ select
        oe1_0.id,
        oe1_0.aggregate_id,
        oe1_0.aggregate_type,
        oe1_0.created_at,
        oe1_0.deleted,
        oe1_0.event_type,
        oe1_0.payload,
        oe1_0.published 
    from
        outbox_tbl oe1_0 
    where
        (
            oe1_0.deleted = 0
        ) 
        and oe1_0.published=0 
    order by
        oe1_0.created_at
13:57:54.744 [scheduling-1] DEBUG o.h.e.t.internal.TransactionImpl - committing
13:57:56.748 [scheduling-1] DEBUG o.h.e.t.internal.TransactionImpl - On TransactionImpl creation, JpaCompliance#isJpaTransactionComplianceEnabled == false
13:57:56.748 [scheduling-1] DEBUG o.h.e.t.internal.TransactionImpl - begin
13:57:56.750 [scheduling-1] DEBUG org.hibernate.SQL - 
    /* <criteria> */ select
        oe1_0.id,
        oe1_0.aggregate_id,
        oe1_0.aggregate_type,
        oe1_0.created_at,
        oe1_0.deleted,
        oe1_0.event_type,
        oe1_0.payload,
        oe1_0.published 
    from
        outbox_tbl oe1_0 
    where
        (
            oe1_0.deleted = 0
        ) 
        and oe1_0.published=0 
    order by
        oe1_0.created_at
13:57:56.751 [scheduling-1] DEBUG o.h.e.t.internal.TransactionImpl - committing
13:57:58.764 [scheduling-1] DEBUG o.h.e.t.internal.TransactionImpl - On TransactionImpl creation, JpaCompliance#isJpaTransactionComplianceEnabled == false
13:57:58.764 [scheduling-1] DEBUG o.h.e.t.internal.TransactionImpl - begin
13:57:58.765 [scheduling-1] DEBUG org.hibernate.SQL - 
    /* <criteria> */ select
        oe1_0.id,
        oe1_0.aggregate_id,
        oe1_0.aggregate_type,
        oe1_0.created_at,
        oe1_0.deleted,
        oe1_0.event_type,
        oe1_0.payload,
        oe1_0.published 
    from
        outbox_tbl oe1_0 
    where
        (
            oe1_0.deleted = 0
        ) 
        and oe1_0.published=0 
    order by
        oe1_0.created_at
13:57:58.767 [scheduling-1] DEBUG o.h.e.t.internal.TransactionImpl - committing
13:58:00.767 [scheduling-1] DEBUG o.h.e.t.internal.TransactionImpl - On TransactionImpl creation, JpaCompliance#isJpaTransactionComplianceEnabled == false
13:58:00.767 [scheduling-1] DEBUG o.h.e.t.internal.TransactionImpl - begin
13:58:00.769 [scheduling-1] DEBUG org.hibernate.SQL - 
    /* <criteria> */ select
        oe1_0.id,
        oe1_0.aggregate_id,
        oe1_0.aggregate_type,
        oe1_0.created_at,
        oe1_0.deleted,
        oe1_0.event_type,
        oe1_0.payload,
        oe1_0.published 
    from
        outbox_tbl oe1_0 
    where
        (
            oe1_0.deleted = 0
        ) 
        and oe1_0.published=0 
    order by
        oe1_0.created_at
13:58:00.770 [scheduling-1] DEBUG o.h.e.t.internal.TransactionImpl - committing
13:58:02.771 [scheduling-1] DEBUG o.h.e.t.internal.TransactionImpl - On TransactionImpl creation, JpaCompliance#isJpaTransactionComplianceEnabled == false
13:58:02.771 [scheduling-1] DEBUG o.h.e.t.internal.TransactionImpl - begin
13:58:02.773 [scheduling-1] DEBUG org.hibernate.SQL - 
    /* <criteria> */ select
        oe1_0.id,
        oe1_0.aggregate_id,
        oe1_0.aggregate_type,
        oe1_0.created_at,
        oe1_0.deleted,
        oe1_0.event_type,
        oe1_0.payload,
        oe1_0.published 
    from
        outbox_tbl oe1_0 
    where
        (
            oe1_0.deleted = 0
        ) 
        and oe1_0.published=0 
    order by
        oe1_0.created_at
13:58:02.774 [scheduling-1] DEBUG o.h.e.t.internal.TransactionImpl - committing
13:58:04.782 [scheduling-1] DEBUG o.h.e.t.internal.TransactionImpl - On TransactionImpl creation, JpaCompliance#isJpaTransactionComplianceEnabled == false
13:58:04.782 [scheduling-1] DEBUG o.h.e.t.internal.TransactionImpl - begin
13:58:04.784 [scheduling-1] DEBUG org.hibernate.SQL - 
    /* <criteria> */ select
        oe1_0.id,
        oe1_0.aggregate_id,
        oe1_0.aggregate_type,
        oe1_0.created_at,
        oe1_0.deleted,
        oe1_0.event_type,
        oe1_0.payload,
        oe1_0.published 
    from
        outbox_tbl oe1_0 
    where
        (
            oe1_0.deleted = 0
        ) 
        and oe1_0.published=0 
    order by
        oe1_0.created_at
13:58:04.786 [scheduling-1] DEBUG o.h.e.t.internal.TransactionImpl - committing
13:58:06.789 [scheduling-1] DEBUG o.h.e.t.internal.TransactionImpl - On TransactionImpl creation, JpaCompliance#isJpaTransactionComplianceEnabled == false
13:58:06.789 [scheduling-1] DEBUG o.h.e.t.internal.TransactionImpl - begin
13:58:06.791 [scheduling-1] DEBUG org.hibernate.SQL - 
    /* <criteria> */ select
        oe1_0.id,
        oe1_0.aggregate_id,
        oe1_0.aggregate_type,
        oe1_0.created_at,
        oe1_0.deleted,
        oe1_0.event_type,
        oe1_0.payload,
        oe1_0.published 
    from
        outbox_tbl oe1_0 
    where
        (
            oe1_0.deleted = 0
        ) 
        and oe1_0.published=0 
    order by
        oe1_0.created_at
13:58:06.792 [scheduling-1] DEBUG o.h.e.t.internal.TransactionImpl - committing
13:58:08.794 [scheduling-1] DEBUG o.h.e.t.internal.TransactionImpl - On TransactionImpl creation, JpaCompliance#isJpaTransactionComplianceEnabled == false
13:58:08.794 [scheduling-1] DEBUG o.h.e.t.internal.TransactionImpl - begin
13:58:08.796 [scheduling-1] DEBUG org.hibernate.SQL - 
    /* <criteria> */ select
        oe1_0.id,
        oe1_0.aggregate_id,
        oe1_0.aggregate_type,
        oe1_0.created_at,
        oe1_0.deleted,
        oe1_0.event_type,
        oe1_0.payload,
        oe1_0.published 
    from
        outbox_tbl oe1_0 
    where
        (
            oe1_0.deleted = 0
        ) 
        and oe1_0.published=0 
    order by
        oe1_0.created_at
13:58:08.797 [scheduling-1] DEBUG o.h.e.t.internal.TransactionImpl - committing
13:58:10.442 [org.springframework.kafka.KafkaListenerEndpointContainer#0-0-C-1] INFO  o.apache.kafka.clients.NetworkClient - [Consumer clientId=consumer-building-service-updater-1, groupId=building-service-updater] Node -1 disconnected.
13:58:10.442 [org.springframework.kafka.KafkaListenerEndpointContainer#0-0-C-1] WARN  o.apache.kafka.clients.NetworkClient - [Consumer clientId=consumer-building-service-updater-1, groupId=building-service-updater] Connection to node -1 (/100.99.137.56:9092) could not be established. Node may not be available.
13:58:10.442 [org.springframework.kafka.KafkaListenerEndpointContainer#0-0-C-1] WARN  o.apache.kafka.clients.NetworkClient - [Consumer clientId=consumer-building-service-updater-1, groupId=building-service-updater] Bootstrap broker 100.99.137.56:9092 (id: -1 rack: null) disconnected
13:58:10.797 [scheduling-1] DEBUG o.h.e.t.internal.TransactionImpl - On TransactionImpl creation, JpaCompliance#isJpaTransactionComplianceEnabled == false
13:58:10.797 [scheduling-1] DEBUG o.h.e.t.internal.TransactionImpl - begin
13:58:10.799 [scheduling-1] DEBUG org.hibernate.SQL - 
    /* <criteria> */ select
        oe1_0.id,
        oe1_0.aggregate_id,
        oe1_0.aggregate_type,
        oe1_0.created_at,
        oe1_0.deleted,
        oe1_0.event_type,
        oe1_0.payload,
        oe1_0.published 
    from
        outbox_tbl oe1_0 
    where
        (
            oe1_0.deleted = 0
        ) 
        and oe1_0.published=0 
    order by
        oe1_0.created_at
13:58:10.800 [scheduling-1] DEBUG o.h.e.t.internal.TransactionImpl - committing
13:58:12.812 [scheduling-1] DEBUG o.h.e.t.internal.TransactionImpl - On TransactionImpl creation, JpaCompliance#isJpaTransactionComplianceEnabled == false
13:58:12.812 [scheduling-1] DEBUG o.h.e.t.internal.TransactionImpl - begin
13:58:12.814 [scheduling-1] DEBUG org.hibernate.SQL - 
    /* <criteria> */ select
        oe1_0.id,
        oe1_0.aggregate_id,
        oe1_0.aggregate_type,
        oe1_0.created_at,
        oe1_0.deleted,
        oe1_0.event_type,
        oe1_0.payload,
        oe1_0.published 
    from
        outbox_tbl oe1_0 
    where
        (
            oe1_0.deleted = 0
        ) 
        and oe1_0.published=0 
    order by
        oe1_0.created_at
13:58:12.815 [scheduling-1] DEBUG o.h.e.t.internal.TransactionImpl - committing
13:58:14.817 [scheduling-1] DEBUG o.h.e.t.internal.TransactionImpl - On TransactionImpl creation, JpaCompliance#isJpaTransactionComplianceEnabled == false
13:58:14.817 [scheduling-1] DEBUG o.h.e.t.internal.TransactionImpl - begin
13:58:14.819 [scheduling-1] DEBUG org.hibernate.SQL - 
    /* <criteria> */ select
        oe1_0.id,
        oe1_0.aggregate_id,
        oe1_0.aggregate_type,
        oe1_0.created_at,
        oe1_0.deleted,
        oe1_0.event_type,
        oe1_0.payload,
        oe1_0.published 
    from
        outbox_tbl oe1_0 
    where
        (
            oe1_0.deleted = 0
        ) 
        and oe1_0.published=0 
    order by
        oe1_0.created_at
13:58:14.820 [scheduling-1] DEBUG o.h.e.t.internal.TransactionImpl - committing
13:58:16.828 [scheduling-1] DEBUG o.h.e.t.internal.TransactionImpl - On TransactionImpl creation, JpaCompliance#isJpaTransactionComplianceEnabled == false
13:58:16.828 [scheduling-1] DEBUG o.h.e.t.internal.TransactionImpl - begin
13:58:16.830 [scheduling-1] DEBUG org.hibernate.SQL - 
    /* <criteria> */ select
        oe1_0.id,
        oe1_0.aggregate_id,
        oe1_0.aggregate_type,
        oe1_0.created_at,
        oe1_0.deleted,
        oe1_0.event_type,
        oe1_0.payload,
        oe1_0.published 
    from
        outbox_tbl oe1_0 
    where
        (
            oe1_0.deleted = 0
        ) 
        and oe1_0.published=0 
    order by
        oe1_0.created_at
13:58:16.831 [scheduling-1] DEBUG o.h.e.t.internal.TransactionImpl - committing
13:58:18.846 [scheduling-1] DEBUG o.h.e.t.internal.TransactionImpl - On TransactionImpl creation, JpaCompliance#isJpaTransactionComplianceEnabled == false
13:58:18.846 [scheduling-1] DEBUG o.h.e.t.internal.TransactionImpl - begin
13:58:18.848 [scheduling-1] DEBUG org.hibernate.SQL - 
    /* <criteria> */ select
        oe1_0.id,
        oe1_0.aggregate_id,
        oe1_0.aggregate_type,
        oe1_0.created_at,
        oe1_0.deleted,
        oe1_0.event_type,
        oe1_0.payload,
        oe1_0.published 
    from
        outbox_tbl oe1_0 
    where
        (
            oe1_0.deleted = 0
        ) 
        and oe1_0.published=0 
    order by
        oe1_0.created_at
13:58:18.849 [scheduling-1] DEBUG o.h.e.t.internal.TransactionImpl - committing
13:58:20.851 [scheduling-1] DEBUG o.h.e.t.internal.TransactionImpl - On TransactionImpl creation, JpaCompliance#isJpaTransactionComplianceEnabled == false
13:58:20.851 [scheduling-1] DEBUG o.h.e.t.internal.TransactionImpl - begin
13:58:20.853 [scheduling-1] DEBUG org.hibernate.SQL - 
    /* <criteria> */ select
        oe1_0.id,
        oe1_0.aggregate_id,
        oe1_0.aggregate_type,
        oe1_0.created_at,
        oe1_0.deleted,
        oe1_0.event_type,
        oe1_0.payload,
        oe1_0.published 
    from
        outbox_tbl oe1_0 
    where
        (
            oe1_0.deleted = 0
        ) 
        and oe1_0.published=0 
    order by
        oe1_0.created_at
13:58:20.854 [scheduling-1] DEBUG o.h.e.t.internal.TransactionImpl - committing
13:58:22.855 [scheduling-1] DEBUG o.h.e.t.internal.TransactionImpl - On TransactionImpl creation, JpaCompliance#isJpaTransactionComplianceEnabled == false
13:58:22.855 [scheduling-1] DEBUG o.h.e.t.internal.TransactionImpl - begin
13:58:22.856 [scheduling-1] DEBUG org.hibernate.SQL - 
    /* <criteria> */ select
        oe1_0.id,
        oe1_0.aggregate_id,
        oe1_0.aggregate_type,
        oe1_0.created_at,
        oe1_0.deleted,
        oe1_0.event_type,
        oe1_0.payload,
        oe1_0.published 
    from
        outbox_tbl oe1_0 
    where
        (
            oe1_0.deleted = 0
        ) 
        and oe1_0.published=0 
    order by
        oe1_0.created_at
13:58:22.857 [scheduling-1] DEBUG o.h.e.t.internal.TransactionImpl - committing
13:58:24.861 [scheduling-1] DEBUG o.h.e.t.internal.TransactionImpl - On TransactionImpl creation, JpaCompliance#isJpaTransactionComplianceEnabled == false
13:58:24.861 [scheduling-1] DEBUG o.h.e.t.internal.TransactionImpl - begin
13:58:24.862 [scheduling-1] DEBUG org.hibernate.SQL - 
    /* <criteria> */ select
        oe1_0.id,
        oe1_0.aggregate_id,
        oe1_0.aggregate_type,
        oe1_0.created_at,
        oe1_0.deleted,
        oe1_0.event_type,
        oe1_0.payload,
        oe1_0.published 
    from
        outbox_tbl oe1_0 
    where
        (
            oe1_0.deleted = 0
        ) 
        and oe1_0.published=0 
    order by
        oe1_0.created_at
13:58:24.863 [scheduling-1] DEBUG o.h.e.t.internal.TransactionImpl - committing
13:58:26.871 [scheduling-1] DEBUG o.h.e.t.internal.TransactionImpl - On TransactionImpl creation, JpaCompliance#isJpaTransactionComplianceEnabled == false
13:58:26.871 [scheduling-1] DEBUG o.h.e.t.internal.TransactionImpl - begin
13:58:26.873 [scheduling-1] DEBUG org.hibernate.SQL - 
    /* <criteria> */ select
        oe1_0.id,
        oe1_0.aggregate_id,
        oe1_0.aggregate_type,
        oe1_0.created_at,
        oe1_0.deleted,
        oe1_0.event_type,
        oe1_0.payload,
        oe1_0.published 
    from
        outbox_tbl oe1_0 
    where
        (
            oe1_0.deleted = 0
        ) 
        and oe1_0.published=0 
    order by
        oe1_0.created_at
13:58:26.874 [scheduling-1] DEBUG o.h.e.t.internal.TransactionImpl - committing
13:58:28.886 [scheduling-1] DEBUG o.h.e.t.internal.TransactionImpl - On TransactionImpl creation, JpaCompliance#isJpaTransactionComplianceEnabled == false
13:58:28.886 [scheduling-1] DEBUG o.h.e.t.internal.TransactionImpl - begin
13:58:28.888 [scheduling-1] DEBUG org.hibernate.SQL - 
    /* <criteria> */ select
        oe1_0.id,
        oe1_0.aggregate_id,
        oe1_0.aggregate_type,
        oe1_0.created_at,
        oe1_0.deleted,
        oe1_0.event_type,
        oe1_0.payload,
        oe1_0.published 
    from
        outbox_tbl oe1_0 
    where
        (
            oe1_0.deleted = 0
        ) 
        and oe1_0.published=0 
    order by
        oe1_0.created_at
13:58:28.889 [scheduling-1] DEBUG o.h.e.t.internal.TransactionImpl - committing
13:58:30.891 [scheduling-1] DEBUG o.h.e.t.internal.TransactionImpl - On TransactionImpl creation, JpaCompliance#isJpaTransactionComplianceEnabled == false
13:58:30.891 [scheduling-1] DEBUG o.h.e.t.internal.TransactionImpl - begin
13:58:30.892 [scheduling-1] DEBUG org.hibernate.SQL - 
    /* <criteria> */ select
        oe1_0.id,
        oe1_0.aggregate_id,
        oe1_0.aggregate_type,
        oe1_0.created_at,
        oe1_0.deleted,
        oe1_0.event_type,
        oe1_0.payload,
        oe1_0.published 
    from
        outbox_tbl oe1_0 
    where
        (
            oe1_0.deleted = 0
        ) 
        and oe1_0.published=0 
    order by
        oe1_0.created_at
13:58:30.894 [scheduling-1] DEBUG o.h.e.t.internal.TransactionImpl - committing
13:58:31.979 [org.springframework.kafka.KafkaListenerEndpointContainer#0-0-C-1] INFO  o.apache.kafka.clients.NetworkClient - [Consumer clientId=consumer-building-service-updater-1, groupId=building-service-updater] Node -1 disconnected.
13:58:31.979 [org.springframework.kafka.KafkaListenerEndpointContainer#0-0-C-1] WARN  o.apache.kafka.clients.NetworkClient - [Consumer clientId=consumer-building-service-updater-1, groupId=building-service-updater] Connection to node -1 (/100.99.137.56:9092) could not be established. Node may not be available.
13:58:31.979 [org.springframework.kafka.KafkaListenerEndpointContainer#0-0-C-1] WARN  o.apache.kafka.clients.NetworkClient - [Consumer clientId=consumer-building-service-updater-1, groupId=building-service-updater] Bootstrap broker 100.99.137.56:9092 (id: -1 rack: null) disconnected
13:58:32.908 [scheduling-1] DEBUG o.h.e.t.internal.TransactionImpl - On TransactionImpl creation, JpaCompliance#isJpaTransactionComplianceEnabled == false
13:58:32.909 [scheduling-1] DEBUG o.h.e.t.internal.TransactionImpl - begin
13:58:32.910 [scheduling-1] DEBUG org.hibernate.SQL - 
    /* <criteria> */ select
        oe1_0.id,
        oe1_0.aggregate_id,
        oe1_0.aggregate_type,
        oe1_0.created_at,
        oe1_0.deleted,
        oe1_0.event_type,
        oe1_0.payload,
        oe1_0.published 
    from
        outbox_tbl oe1_0 
    where
        (
            oe1_0.deleted = 0
        ) 
        and oe1_0.published=0 
    order by
        oe1_0.created_at
13:58:32.911 [scheduling-1] DEBUG o.h.e.t.internal.TransactionImpl - committing
13:58:34.924 [scheduling-1] DEBUG o.h.e.t.internal.TransactionImpl - On TransactionImpl creation, JpaCompliance#isJpaTransactionComplianceEnabled == false
13:58:34.924 [scheduling-1] DEBUG o.h.e.t.internal.TransactionImpl - begin
13:58:34.926 [scheduling-1] DEBUG org.hibernate.SQL - 
    /* <criteria> */ select
        oe1_0.id,
        oe1_0.aggregate_id,
        oe1_0.aggregate_type,
        oe1_0.created_at,
        oe1_0.deleted,
        oe1_0.event_type,
        oe1_0.payload,
        oe1_0.published 
    from
        outbox_tbl oe1_0 
    where
        (
            oe1_0.deleted = 0
        ) 
        and oe1_0.published=0 
    order by
        oe1_0.created_at
13:58:34.927 [scheduling-1] DEBUG o.h.e.t.internal.TransactionImpl - committing
13:58:36.929 [scheduling-1] DEBUG o.h.e.t.internal.TransactionImpl - On TransactionImpl creation, JpaCompliance#isJpaTransactionComplianceEnabled == false
13:58:36.929 [scheduling-1] DEBUG o.h.e.t.internal.TransactionImpl - begin
13:58:36.931 [scheduling-1] DEBUG org.hibernate.SQL - 
    /* <criteria> */ select
        oe1_0.id,
        oe1_0.aggregate_id,
        oe1_0.aggregate_type,
        oe1_0.created_at,
        oe1_0.deleted,
        oe1_0.event_type,
        oe1_0.payload,
        oe1_0.published 
    from
        outbox_tbl oe1_0 
    where
        (
            oe1_0.deleted = 0
        ) 
        and oe1_0.published=0 
    order by
        oe1_0.created_at
13:58:36.932 [scheduling-1] DEBUG o.h.e.t.internal.TransactionImpl - committing
13:58:38.933 [scheduling-1] DEBUG o.h.e.t.internal.TransactionImpl - On TransactionImpl creation, JpaCompliance#isJpaTransactionComplianceEnabled == false
13:58:38.933 [scheduling-1] DEBUG o.h.e.t.internal.TransactionImpl - begin
13:58:38.935 [scheduling-1] DEBUG org.hibernate.SQL - 
    /* <criteria> */ select
        oe1_0.id,
        oe1_0.aggregate_id,
        oe1_0.aggregate_type,
        oe1_0.created_at,
        oe1_0.deleted,
        oe1_0.event_type,
        oe1_0.payload,
        oe1_0.published 
    from
        outbox_tbl oe1_0 
    where
        (
            oe1_0.deleted = 0
        ) 
        and oe1_0.published=0 
    order by
        oe1_0.created_at
13:58:38.937 [scheduling-1] DEBUG o.h.e.t.internal.TransactionImpl - committing
13:58:40.938 [scheduling-1] DEBUG o.h.e.t.internal.TransactionImpl - On TransactionImpl creation, JpaCompliance#isJpaTransactionComplianceEnabled == false
13:58:40.938 [scheduling-1] DEBUG o.h.e.t.internal.TransactionImpl - begin
13:58:40.939 [scheduling-1] DEBUG org.hibernate.SQL - 
    /* <criteria> */ select
        oe1_0.id,
        oe1_0.aggregate_id,
        oe1_0.aggregate_type,
        oe1_0.created_at,
        oe1_0.deleted,
        oe1_0.event_type,
        oe1_0.payload,
        oe1_0.published 
    from
        outbox_tbl oe1_0 
    where
        (
            oe1_0.deleted = 0
        ) 
        and oe1_0.published=0 
    order by
        oe1_0.created_at
13:58:40.940 [scheduling-1] DEBUG o.h.e.t.internal.TransactionImpl - committing
13:58:42.944 [scheduling-1] DEBUG o.h.e.t.internal.TransactionImpl - On TransactionImpl creation, JpaCompliance#isJpaTransactionComplianceEnabled == false
13:58:42.944 [scheduling-1] DEBUG o.h.e.t.internal.TransactionImpl - begin
13:58:42.946 [scheduling-1] DEBUG org.hibernate.SQL - 
    /* <criteria> */ select
        oe1_0.id,
        oe1_0.aggregate_id,
        oe1_0.aggregate_type,
        oe1_0.created_at,
        oe1_0.deleted,
        oe1_0.event_type,
        oe1_0.payload,
        oe1_0.published 
    from
        outbox_tbl oe1_0 
    where
        (
            oe1_0.deleted = 0
        ) 
        and oe1_0.published=0 
    order by
        oe1_0.created_at
13:58:42.947 [scheduling-1] DEBUG o.h.e.t.internal.TransactionImpl - committing
13:58:44.762 [https-jsse-nio-8443-exec-6] DEBUG o.s.security.web.FilterChainProxy - Securing GET /tickets/1
13:58:44.762 [https-jsse-nio-8443-exec-6] DEBUG o.s.s.w.a.c.ChannelProcessingFilter - Request: filter invocation [GET /tickets/1]; ConfigAttributes: [REQUIRES_SECURE_CHANNEL]
13:58:44.763 [https-jsse-nio-8443-exec-6] DEBUG o.s.s.w.c.HttpSessionSecurityContextRepository - Retrieved SecurityContextImpl [Authentication=UsernamePasswordAuthenticationToken [Principal=ir.model.entity.CustomUserDetails@c7929e7, Credentials=[PROTECTED], Authenticated=true, Details=WebAuthenticationDetails [RemoteIpAddress=0:0:0:0:0:0:0:1, SessionId=B539BDB222AE93B4764371A97E7836A7], Granted Authorities=[TICKET_EDIT, BUILDING_DELETE, BUILDING_EDIT, BUILDING_CREATE, ROLE_ADMIN, TICKET_CREATE, TICKET_DELETE]]]
13:58:44.763 [https-jsse-nio-8443-exec-6] DEBUG o.s.security.web.FilterChainProxy - Secured GET /tickets/1
13:58:44.765 [https-jsse-nio-8443-exec-6] DEBUG o.s.jdbc.datasource.DataSourceUtils - Setting JDBC Connection [HikariProxyConnection@319796973 wrapping oracle.jdbc.driver.T4CConnection@799c2542] read-only
13:58:44.765 [https-jsse-nio-8443-exec-6] DEBUG o.h.e.t.internal.TransactionImpl - On TransactionImpl creation, JpaCompliance#isJpaTransactionComplianceEnabled == false
13:58:44.765 [https-jsse-nio-8443-exec-6] DEBUG o.h.e.t.internal.TransactionImpl - begin
13:58:44.766 [https-jsse-nio-8443-exec-6] DEBUG org.hibernate.SQL - 
    select
        t1_0.id,
        c1_0.username,
        c1_0.account_non_expired,
        c1_0.account_non_locked,
        c1_0.credentials_expiry_date,
        c1_0.credentials_non_expired,
        c1_0.deleted,
        c1_0.enabled,
        c1_0.password,
        rs1_0.username,
        rs1_1.name,
        rs1_1.deleted,
        ps1_0.role_name,
        ps1_1.id,
        ps1_1.deleted,
        ps1_1.permission,
        t1_0.date_time,
        t1_0.deleted,
        t1_0.score,
        s1_0.id,
        s1_0.building_id,
        s1_0.deleted,
        ps2_0.id,
        ps2_0.building_id,
        ps2_0.deleted,
        ps2_0.parent_section_id,
        ps2_0.title,
        s1_0.title,
        t1_0.status,
        t1_0.title 
    from
        ticket_tbl t1_0 
    left join
        user_tbl c1_0 
            on c1_0.username=t1_0.customer 
            and (c1_0.deleted = 0) 
    left join
        (user_role_tbl rs1_0 
    join
        role_tbl rs1_1 
            on rs1_1.name=rs1_0.role_name) 
        on c1_0.username=rs1_0.username 
        and ( rs1_1.deleted = 0) 
    left join
        (role_permission_tbl ps1_0 
    join
        permission_tbl ps1_1 
            on ps1_1.id=ps1_0.permission) 
        on rs1_1.name=ps1_0.role_name 
        and ( ps1_1.deleted = 0) 
    left join
        section_table s1_0 
            on s1_0.id=t1_0.section_id 
            and (s1_0.deleted = 0) 
    left join
        section_table ps2_0 
            on ps2_0.id=s1_0.parent_section_id 
            and (ps2_0.deleted = 0) 
    where
        t1_0.id=? 
        and (
            t1_0.deleted = 0
        )
13:58:44.766 [https-jsse-nio-8443-exec-6] TRACE org.hibernate.orm.jdbc.bind - binding parameter (1:BIGINT) <- [1]
13:58:44.767 [https-jsse-nio-8443-exec-6] TRACE org.hibernate.orm.jdbc.extract - extracted value (2:VARCHAR) -> [hadan]
13:58:44.767 [https-jsse-nio-8443-exec-6] TRACE org.hibernate.orm.jdbc.extract - extracted value (10:VARCHAR) -> [hadan]
13:58:44.767 [https-jsse-nio-8443-exec-6] TRACE org.hibernate.orm.jdbc.extract - extracted value (11:VARCHAR) -> [ROLE_CUSTOMER]
13:58:44.767 [https-jsse-nio-8443-exec-6] TRACE org.hibernate.orm.jdbc.extract - extracted value (13:VARCHAR) -> [ROLE_CUSTOMER]
13:58:44.767 [https-jsse-nio-8443-exec-6] TRACE org.hibernate.orm.jdbc.extract - extracted value (14:BIGINT) -> [1]
13:58:44.767 [https-jsse-nio-8443-exec-6] TRACE org.hibernate.orm.jdbc.extract - extracted value (20:BIGINT) -> [3]
13:58:44.767 [https-jsse-nio-8443-exec-6] TRACE org.hibernate.orm.jdbc.extract - extracted value (23:BIGINT) -> [1]
13:58:44.767 [https-jsse-nio-8443-exec-6] TRACE org.hibernate.orm.jdbc.extract - extracted value (21:BIGINT) -> [null]
13:58:44.767 [https-jsse-nio-8443-exec-6] TRACE org.hibernate.orm.jdbc.extract - extracted value (24:BIGINT) -> [54]
13:58:44.767 [https-jsse-nio-8443-exec-6] TRACE org.hibernate.orm.jdbc.extract - extracted value (26:BIGINT) -> [null]
13:58:44.767 [https-jsse-nio-8443-exec-6] TRACE org.hibernate.orm.jdbc.extract - extracted value (15:BOOLEAN) -> [false]
13:58:44.767 [https-jsse-nio-8443-exec-6] TRACE org.hibernate.orm.jdbc.extract - extracted value (16:VARCHAR) -> [TICKET_CREATE]
13:58:44.768 [https-jsse-nio-8443-exec-6] TRACE org.hibernate.orm.jdbc.extract - extracted value (12:BOOLEAN) -> [false]
13:58:44.768 [https-jsse-nio-8443-exec-6] TRACE org.hibernate.orm.jdbc.extract - extracted value (3:BOOLEAN) -> [true]
13:58:44.768 [https-jsse-nio-8443-exec-6] TRACE org.hibernate.orm.jdbc.extract - extracted value (4:BOOLEAN) -> [true]
13:58:44.768 [https-jsse-nio-8443-exec-6] TRACE org.hibernate.orm.jdbc.extract - extracted value (5:TIMESTAMP) -> [2026-07-15T10:11:55.759022]
13:58:44.768 [https-jsse-nio-8443-exec-6] TRACE org.hibernate.orm.jdbc.extract - extracted value (6:BOOLEAN) -> [true]
13:58:44.768 [https-jsse-nio-8443-exec-6] TRACE org.hibernate.orm.jdbc.extract - extracted value (7:BOOLEAN) -> [false]
13:58:44.768 [https-jsse-nio-8443-exec-6] TRACE org.hibernate.orm.jdbc.extract - extracted value (8:BOOLEAN) -> [true]
13:58:44.768 [https-jsse-nio-8443-exec-6] TRACE org.hibernate.orm.jdbc.extract - extracted value (9:VARCHAR) -> [$2a$12$pGZHMXEgTAfgatCgqkj6uuOfHiTD7wYxADVoQrlWQtumAAqOwT71.]
13:58:44.768 [https-jsse-nio-8443-exec-6] TRACE org.hibernate.orm.jdbc.extract - extracted value (25:BOOLEAN) -> [false]
13:58:44.768 [https-jsse-nio-8443-exec-6] TRACE org.hibernate.orm.jdbc.extract - extracted value (27:VARCHAR) -> [MAIN SECTION]
13:58:44.768 [https-jsse-nio-8443-exec-6] TRACE org.hibernate.orm.jdbc.extract - extracted value (22:BOOLEAN) -> [false]
13:58:44.768 [https-jsse-nio-8443-exec-6] TRACE org.hibernate.orm.jdbc.extract - extracted value (28:VARCHAR) -> [TRANSPORT]
13:58:44.768 [https-jsse-nio-8443-exec-6] TRACE org.hibernate.orm.jdbc.extract - extracted value (17:TIMESTAMP) -> [2026-01-19T10:41:35.312182]
13:58:44.768 [https-jsse-nio-8443-exec-6] TRACE org.hibernate.orm.jdbc.extract - extracted value (18:BOOLEAN) -> [false]
13:58:44.768 [https-jsse-nio-8443-exec-6] TRACE org.hibernate.orm.jdbc.extract - extracted value (19:INTEGER) -> [null]
13:58:44.768 [https-jsse-nio-8443-exec-6] TRACE org.hibernate.orm.jdbc.extract - extracted value (29:TINYINT) -> [Closed]
13:58:44.768 [https-jsse-nio-8443-exec-6] TRACE org.hibernate.orm.jdbc.extract - extracted value (30:VARCHAR) -> [first ticket]
13:58:44.769 [https-jsse-nio-8443-exec-6] DEBUG org.hibernate.SQL - 
    select
        csl1_0.parent_section_id,
        csl1_0.id,
        csl1_0.building_id,
        csl1_0.deleted,
        csl1_0.title 
    from
        section_table csl1_0 
    where
        csl1_0.parent_section_id=? 
        and (
            csl1_0.deleted = 0
        )
13:58:44.769 [https-jsse-nio-8443-exec-6] TRACE org.hibernate.orm.jdbc.bind - binding parameter (1:BIGINT) <- [1]
13:58:44.770 [https-jsse-nio-8443-exec-6] TRACE org.hibernate.orm.jdbc.extract - extracted value (1:BIGINT) -> [1]
13:58:44.770 [https-jsse-nio-8443-exec-6] TRACE org.hibernate.orm.jdbc.extract - extracted value (2:BIGINT) -> [2]
13:58:44.770 [https-jsse-nio-8443-exec-6] TRACE org.hibernate.orm.jdbc.extract - extracted value (3:BIGINT) -> [23]
13:58:44.770 [https-jsse-nio-8443-exec-6] TRACE org.hibernate.orm.jdbc.extract - extracted value (4:BOOLEAN) -> [false]
13:58:44.770 [https-jsse-nio-8443-exec-6] TRACE org.hibernate.orm.jdbc.extract - extracted value (5:VARCHAR) -> [HSE]
13:58:44.770 [https-jsse-nio-8443-exec-6] TRACE org.hibernate.orm.jdbc.extract - extracted value (1:BIGINT) -> [1]
13:58:44.770 [https-jsse-nio-8443-exec-6] TRACE org.hibernate.orm.jdbc.extract - extracted value (2:BIGINT) -> [3]
13:58:44.771 [https-jsse-nio-8443-exec-6] DEBUG org.hibernate.SQL - 
    select
        csl1_0.parent_section_id,
        csl1_0.id,
        csl1_0.building_id,
        csl1_0.deleted,
        csl1_0.title 
    from
        section_table csl1_0 
    where
        csl1_0.parent_section_id=? 
        and (
            csl1_0.deleted = 0
        )
13:58:44.771 [https-jsse-nio-8443-exec-6] TRACE org.hibernate.orm.jdbc.bind - binding parameter (1:BIGINT) <- [3]
13:58:44.772 [https-jsse-nio-8443-exec-6] TRACE org.hibernate.orm.jdbc.extract - extracted value (1:BIGINT) -> [3]
13:58:44.772 [https-jsse-nio-8443-exec-6] TRACE org.hibernate.orm.jdbc.extract - extracted value (2:BIGINT) -> [4]
13:58:44.772 [https-jsse-nio-8443-exec-6] TRACE org.hibernate.orm.jdbc.extract - extracted value (3:BIGINT) -> [23]
13:58:44.772 [https-jsse-nio-8443-exec-6] TRACE org.hibernate.orm.jdbc.extract - extracted value (4:BOOLEAN) -> [false]
13:58:44.772 [https-jsse-nio-8443-exec-6] TRACE org.hibernate.orm.jdbc.extract - extracted value (5:VARCHAR) -> [BUS]
13:58:44.772 [https-jsse-nio-8443-exec-6] TRACE org.hibernate.orm.jdbc.extract - extracted value (1:BIGINT) -> [3]
13:58:44.772 [https-jsse-nio-8443-exec-6] TRACE org.hibernate.orm.jdbc.extract - extracted value (2:BIGINT) -> [5]
13:58:44.772 [https-jsse-nio-8443-exec-6] TRACE org.hibernate.orm.jdbc.extract - extracted value (3:BIGINT) -> [null]
13:58:44.772 [https-jsse-nio-8443-exec-6] TRACE org.hibernate.orm.jdbc.extract - extracted value (4:BOOLEAN) -> [false]
13:58:44.772 [https-jsse-nio-8443-exec-6] TRACE org.hibernate.orm.jdbc.extract - extracted value (5:VARCHAR) -> [TAXI]
13:58:44.772 [https-jsse-nio-8443-exec-6] TRACE org.hibernate.orm.jdbc.extract - extracted value (1:BIGINT) -> [3]
13:58:44.772 [https-jsse-nio-8443-exec-6] TRACE org.hibernate.orm.jdbc.extract - extracted value (2:BIGINT) -> [21]
13:58:44.772 [https-jsse-nio-8443-exec-6] TRACE org.hibernate.orm.jdbc.extract - extracted value (3:BIGINT) -> [null]
13:58:44.772 [https-jsse-nio-8443-exec-6] TRACE org.hibernate.orm.jdbc.extract - extracted value (4:BOOLEAN) -> [false]
13:58:44.772 [https-jsse-nio-8443-exec-6] TRACE org.hibernate.orm.jdbc.extract - extracted value (5:VARCHAR) -> [TEST B]
13:58:44.773 [https-jsse-nio-8443-exec-6] DEBUG org.hibernate.SQL - 
    select
        csl1_0.parent_section_id,
        csl1_0.id,
        csl1_0.building_id,
        csl1_0.deleted,
        csl1_0.title 
    from
        section_table csl1_0 
    where
        csl1_0.parent_section_id=? 
        and (
            csl1_0.deleted = 0
        )
13:58:44.773 [https-jsse-nio-8443-exec-6] TRACE org.hibernate.orm.jdbc.bind - binding parameter (1:BIGINT) <- [21]
13:58:44.774 [https-jsse-nio-8443-exec-6] DEBUG org.hibernate.SQL - 
    select
        csl1_0.parent_section_id,
        csl1_0.id,
        csl1_0.building_id,
        csl1_0.deleted,
        csl1_0.title 
    from
        section_table csl1_0 
    where
        csl1_0.parent_section_id=? 
        and (
            csl1_0.deleted = 0
        )
13:58:44.774 [https-jsse-nio-8443-exec-6] TRACE org.hibernate.orm.jdbc.bind - binding parameter (1:BIGINT) <- [5]
13:58:44.775 [https-jsse-nio-8443-exec-6] DEBUG org.hibernate.SQL - 
    select
        csl1_0.parent_section_id,
        csl1_0.id,
        csl1_0.building_id,
        csl1_0.deleted,
        csl1_0.title 
    from
        section_table csl1_0 
    where
        csl1_0.parent_section_id=? 
        and (
            csl1_0.deleted = 0
        )
13:58:44.775 [https-jsse-nio-8443-exec-6] TRACE org.hibernate.orm.jdbc.bind - binding parameter (1:BIGINT) <- [4]
13:58:44.776 [https-jsse-nio-8443-exec-6] DEBUG org.hibernate.SQL - 
    select
        csl1_0.parent_section_id,
        csl1_0.id,
        csl1_0.building_id,
        csl1_0.deleted,
        csl1_0.title 
    from
        section_table csl1_0 
    where
        csl1_0.parent_section_id=? 
        and (
            csl1_0.deleted = 0
        )
13:58:44.776 [https-jsse-nio-8443-exec-6] TRACE org.hibernate.orm.jdbc.bind - binding parameter (1:BIGINT) <- [2]
13:58:44.777 [https-jsse-nio-8443-exec-6] DEBUG o.h.e.t.internal.TransactionImpl - committing
13:58:44.777 [https-jsse-nio-8443-exec-6] DEBUG o.s.jdbc.datasource.DataSourceUtils - Resetting read-only flag of JDBC Connection [HikariProxyConnection@319796973 wrapping oracle.jdbc.driver.T4CConnection@799c2542]
13:58:44.778 [https-jsse-nio-8443-exec-6] DEBUG org.hibernate.SQL - 
    /* <criteria> */ select
        m1_0.id,
        m1_0.content,
        m1_0.date_time,
        m1_0.deleted,
        m1_0.sender_role_name,
        m1_0.sender_username,
        m1_0.ticket_id 
    from
        message_tbl m1_0 
    where
        (
            m1_0.deleted = 0
        ) 
        and m1_0.ticket_id=? 
    order by
        m1_0.date_time
13:58:44.778 [https-jsse-nio-8443-exec-6] TRACE org.hibernate.orm.jdbc.bind - binding parameter (1:BIGINT) <- [1]
13:58:44.779 [https-jsse-nio-8443-exec-6] TRACE org.hibernate.orm.jdbc.extract - extracted value (1:BIGINT) -> [1]
13:58:44.779 [https-jsse-nio-8443-exec-6] TRACE org.hibernate.orm.jdbc.extract - extracted value (2:VARCHAR) -> [با سلام]
13:58:44.780 [https-jsse-nio-8443-exec-6] TRACE org.hibernate.orm.jdbc.extract - extracted value (3:TIMESTAMP) -> [2026-01-19T10:41:35.324782]
13:58:44.780 [https-jsse-nio-8443-exec-6] TRACE org.hibernate.orm.jdbc.extract - extracted value (4:BOOLEAN) -> [false]
13:58:44.780 [https-jsse-nio-8443-exec-6] TRACE org.hibernate.orm.jdbc.extract - extracted value (5:VARCHAR) -> [ROLE_CUSTOMER]
13:58:44.780 [https-jsse-nio-8443-exec-6] TRACE org.hibernate.orm.jdbc.extract - extracted value (6:VARCHAR) -> [hadan]
13:58:44.780 [https-jsse-nio-8443-exec-6] TRACE org.hibernate.orm.jdbc.extract - extracted value (7:BIGINT) -> [1]
13:58:44.780 [https-jsse-nio-8443-exec-6] TRACE org.hibernate.orm.jdbc.extract - extracted value (1:BIGINT) -> [2]
13:58:44.780 [https-jsse-nio-8443-exec-6] TRACE org.hibernate.orm.jdbc.extract - extracted value (2:VARCHAR) -> [null]
13:58:44.780 [https-jsse-nio-8443-exec-6] TRACE org.hibernate.orm.jdbc.extract - extracted value (3:TIMESTAMP) -> [2026-01-19T10:41:46.827994]
13:58:44.780 [https-jsse-nio-8443-exec-6] TRACE org.hibernate.orm.jdbc.extract - extracted value (4:BOOLEAN) -> [false]
13:58:44.780 [https-jsse-nio-8443-exec-6] TRACE org.hibernate.orm.jdbc.extract - extracted value (5:VARCHAR) -> [ROLE_CUSTOMER]
13:58:44.780 [https-jsse-nio-8443-exec-6] TRACE org.hibernate.orm.jdbc.extract - extracted value (6:VARCHAR) -> [hadan]
13:58:44.780 [https-jsse-nio-8443-exec-6] TRACE org.hibernate.orm.jdbc.extract - extracted value (7:BIGINT) -> [1]
13:58:44.780 [https-jsse-nio-8443-exec-6] TRACE org.hibernate.orm.jdbc.extract - extracted value (1:BIGINT) -> [3]
13:58:44.780 [https-jsse-nio-8443-exec-6] TRACE org.hibernate.orm.jdbc.extract - extracted value (2:VARCHAR) -> [عکس فرستادم]
13:58:44.780 [https-jsse-nio-8443-exec-6] TRACE org.hibernate.orm.jdbc.extract - extracted value (3:TIMESTAMP) -> [2026-01-19T10:42:02.618480]
13:58:44.780 [https-jsse-nio-8443-exec-6] TRACE org.hibernate.orm.jdbc.extract - extracted value (4:BOOLEAN) -> [false]
13:58:44.780 [https-jsse-nio-8443-exec-6] TRACE org.hibernate.orm.jdbc.extract - extracted value (5:VARCHAR) -> [ROLE_CUSTOMER]
13:58:44.781 [https-jsse-nio-8443-exec-6] TRACE org.hibernate.orm.jdbc.extract - extracted value (6:VARCHAR) -> [hadan]
13:58:44.781 [https-jsse-nio-8443-exec-6] TRACE org.hibernate.orm.jdbc.extract - extracted value (7:BIGINT) -> [1]
13:58:44.781 [https-jsse-nio-8443-exec-6] TRACE org.hibernate.orm.jdbc.extract - extracted value (1:BIGINT) -> [4]
13:58:44.781 [https-jsse-nio-8443-exec-6] TRACE org.hibernate.orm.jdbc.extract - extracted value (2:VARCHAR) -> [null]
13:58:44.781 [https-jsse-nio-8443-exec-6] TRACE org.hibernate.orm.jdbc.extract - extracted value (3:TIMESTAMP) -> [2026-01-19T10:42:25.008481]
13:58:44.781 [https-jsse-nio-8443-exec-6] TRACE org.hibernate.orm.jdbc.extract - extracted value (4:BOOLEAN) -> [false]
13:58:44.781 [https-jsse-nio-8443-exec-6] TRACE org.hibernate.orm.jdbc.extract - extracted value (5:VARCHAR) -> [ROLE_CUSTOMER]
13:58:44.781 [https-jsse-nio-8443-exec-6] TRACE org.hibernate.orm.jdbc.extract - extracted value (6:VARCHAR) -> [hadan]
13:58:44.781 [https-jsse-nio-8443-exec-6] TRACE org.hibernate.orm.jdbc.extract - extracted value (7:BIGINT) -> [1]
13:58:44.781 [https-jsse-nio-8443-exec-6] TRACE org.hibernate.orm.jdbc.extract - extracted value (1:BIGINT) -> [5]
13:58:44.781 [https-jsse-nio-8443-exec-6] TRACE org.hibernate.orm.jdbc.extract - extracted value (2:VARCHAR) -> [salam]
13:58:44.781 [https-jsse-nio-8443-exec-6] TRACE org.hibernate.orm.jdbc.extract - extracted value (3:TIMESTAMP) -> [2026-01-19T12:18:41.012601]
13:58:44.781 [https-jsse-nio-8443-exec-6] TRACE org.hibernate.orm.jdbc.extract - extracted value (4:BOOLEAN) -> [false]
13:58:44.781 [https-jsse-nio-8443-exec-6] TRACE org.hibernate.orm.jdbc.extract - extracted value (5:VARCHAR) -> [ROLE_ADMIN]
13:58:44.781 [https-jsse-nio-8443-exec-6] TRACE org.hibernate.orm.jdbc.extract - extracted value (6:VARCHAR) -> [ali]
13:58:44.781 [https-jsse-nio-8443-exec-6] TRACE org.hibernate.orm.jdbc.extract - extracted value (7:BIGINT) -> [1]
13:58:44.781 [https-jsse-nio-8443-exec-6] INFO  i.c.exception.ResponseAspect - Web Controller: showTicketMessages
13:58:44.803 [https-jsse-nio-8443-exec-6] DEBUG org.hibernate.SQL - 
    select
        a1_0.message_id,
        a1_0.id,
        a1_0.attach_time,
        a1_0.deleted,
        a1_0.description,
        a1_0.extracted_text,
        a1_0.file_name,
        a1_0.file_size,
        a1_0.file_type,
        a1_0.mongo_file_id 
    from
        attachment_tbl a1_0 
    where
        a1_0.message_id=? 
        and (
            a1_0.deleted = 0
        )
13:58:44.804 [https-jsse-nio-8443-exec-6] TRACE org.hibernate.orm.jdbc.bind - binding parameter (1:BIGINT) <- [1]
13:58:44.806 [https-jsse-nio-8443-exec-6] DEBUG org.hibernate.SQL - 
    select
        a1_0.message_id,
        a1_0.id,
        a1_0.attach_time,
        a1_0.deleted,
        a1_0.description,
        a1_0.extracted_text,
        a1_0.file_name,
        a1_0.file_size,
        a1_0.file_type,
        a1_0.mongo_file_id 
    from
        attachment_tbl a1_0 
    where
        a1_0.message_id=? 
        and (
            a1_0.deleted = 0
        )
13:58:44.806 [https-jsse-nio-8443-exec-6] TRACE org.hibernate.orm.jdbc.bind - binding parameter (1:BIGINT) <- [2]
13:58:44.807 [https-jsse-nio-8443-exec-6] TRACE org.hibernate.orm.jdbc.extract - extracted value (1:BIGINT) -> [2]
13:58:44.807 [https-jsse-nio-8443-exec-6] TRACE org.hibernate.orm.jdbc.extract - extracted value (2:BIGINT) -> [41]
13:58:44.808 [https-jsse-nio-8443-exec-6] DEBUG org.hibernate.SQL - 
    select
        p1_0.id,
        p1_0.deleted,
        p1_0.email,
        p1_0.first_name,
        p1_0.last_name,
        p1_0.phone,
        p1_0.attachment_id,
        p1_0.username 
    from
        profile_tbl p1_0 
    where
        p1_0.attachment_id=? 
        and (
            p1_0.deleted = 0
        )
13:58:44.808 [https-jsse-nio-8443-exec-6] TRACE org.hibernate.orm.jdbc.bind - binding parameter (1:BIGINT) <- [41]
13:58:44.808 [https-jsse-nio-8443-exec-6] TRACE org.hibernate.orm.jdbc.extract - extracted value (3:TIMESTAMP) -> [2026-01-19T10:41:46.881993]
13:58:44.808 [https-jsse-nio-8443-exec-6] TRACE org.hibernate.orm.jdbc.extract - extracted value (4:BOOLEAN) -> [false]
13:58:44.808 [https-jsse-nio-8443-exec-6] TRACE org.hibernate.orm.jdbc.extract - extracted value (5:VARCHAR) -> [null]
13:58:44.808 [https-jsse-nio-8443-exec-6] TRACE org.hibernate.orm.jdbc.extract - extracted value (6:VARCHAR) -> [null]
13:58:44.808 [https-jsse-nio-8443-exec-6] TRACE org.hibernate.orm.jdbc.extract - extracted value (7:VARCHAR) -> [545ty.jpg]
13:58:44.808 [https-jsse-nio-8443-exec-6] TRACE org.hibernate.orm.jdbc.extract - extracted value (8:BIGINT) -> [65295]
13:58:44.808 [https-jsse-nio-8443-exec-6] TRACE org.hibernate.orm.jdbc.extract - extracted value (9:TINYINT) -> [JPG]
13:58:44.808 [https-jsse-nio-8443-exec-6] TRACE org.hibernate.orm.jdbc.extract - extracted value (10:VARCHAR) -> [696dd932eca58453fd4abac2]
13:58:44.810 [https-jsse-nio-8443-exec-6] DEBUG org.hibernate.SQL - 
    select
        a1_0.message_id,
        a1_0.id,
        a1_0.attach_time,
        a1_0.deleted,
        a1_0.description,
        a1_0.extracted_text,
        a1_0.file_name,
        a1_0.file_size,
        a1_0.file_type,
        a1_0.mongo_file_id 
    from
        attachment_tbl a1_0 
    where
        a1_0.message_id=? 
        and (
            a1_0.deleted = 0
        )
13:58:44.810 [https-jsse-nio-8443-exec-6] TRACE org.hibernate.orm.jdbc.bind - binding parameter (1:BIGINT) <- [3]
13:58:44.811 [https-jsse-nio-8443-exec-6] TRACE org.hibernate.orm.jdbc.extract - extracted value (1:BIGINT) -> [3]
13:58:44.811 [https-jsse-nio-8443-exec-6] TRACE org.hibernate.orm.jdbc.extract - extracted value (2:BIGINT) -> [42]
13:58:44.811 [https-jsse-nio-8443-exec-6] DEBUG org.hibernate.SQL - 
    select
        p1_0.id,
        p1_0.deleted,
        p1_0.email,
        p1_0.first_name,
        p1_0.last_name,
        p1_0.phone,
        p1_0.attachment_id,
        p1_0.username 
    from
        profile_tbl p1_0 
    where
        p1_0.attachment_id=? 
        and (
            p1_0.deleted = 0
        )
13:58:44.811 [https-jsse-nio-8443-exec-6] TRACE org.hibernate.orm.jdbc.bind - binding parameter (1:BIGINT) <- [42]
13:58:44.812 [https-jsse-nio-8443-exec-6] TRACE org.hibernate.orm.jdbc.extract - extracted value (3:TIMESTAMP) -> [2026-01-19T10:42:02.623480]
13:58:44.812 [https-jsse-nio-8443-exec-6] TRACE org.hibernate.orm.jdbc.extract - extracted value (4:BOOLEAN) -> [false]
13:58:44.812 [https-jsse-nio-8443-exec-6] TRACE org.hibernate.orm.jdbc.extract - extracted value (5:VARCHAR) -> [null]
13:58:44.812 [https-jsse-nio-8443-exec-6] TRACE org.hibernate.orm.jdbc.extract - extracted value (6:VARCHAR) -> [null]
13:58:44.812 [https-jsse-nio-8443-exec-6] TRACE org.hibernate.orm.jdbc.extract - extracted value (7:VARCHAR) -> [216-2168192_raffle-tickets-vector.png]
13:58:44.812 [https-jsse-nio-8443-exec-6] TRACE org.hibernate.orm.jdbc.extract - extracted value (8:BIGINT) -> [131739]
13:58:44.812 [https-jsse-nio-8443-exec-6] TRACE org.hibernate.orm.jdbc.extract - extracted value (9:TINYINT) -> [PNG]
13:58:44.812 [https-jsse-nio-8443-exec-6] TRACE org.hibernate.orm.jdbc.extract - extracted value (10:VARCHAR) -> [696dd942eca58453fd4abac4]
13:58:44.814 [https-jsse-nio-8443-exec-6] DEBUG org.hibernate.SQL - 
    select
        a1_0.message_id,
        a1_0.id,
        a1_0.attach_time,
        a1_0.deleted,
        a1_0.description,
        a1_0.extracted_text,
        a1_0.file_name,
        a1_0.file_size,
        a1_0.file_type,
        a1_0.mongo_file_id 
    from
        attachment_tbl a1_0 
    where
        a1_0.message_id=? 
        and (
            a1_0.deleted = 0
        )
13:58:44.814 [https-jsse-nio-8443-exec-6] TRACE org.hibernate.orm.jdbc.bind - binding parameter (1:BIGINT) <- [4]
13:58:44.815 [https-jsse-nio-8443-exec-6] TRACE org.hibernate.orm.jdbc.extract - extracted value (1:BIGINT) -> [4]
13:58:44.815 [https-jsse-nio-8443-exec-6] TRACE org.hibernate.orm.jdbc.extract - extracted value (2:BIGINT) -> [43]
13:58:44.815 [https-jsse-nio-8443-exec-6] DEBUG org.hibernate.SQL - 
    select
        p1_0.id,
        p1_0.deleted,
        p1_0.email,
        p1_0.first_name,
        p1_0.last_name,
        p1_0.phone,
        p1_0.attachment_id,
        p1_0.username 
    from
        profile_tbl p1_0 
    where
        p1_0.attachment_id=? 
        and (
            p1_0.deleted = 0
        )
13:58:44.815 [https-jsse-nio-8443-exec-6] TRACE org.hibernate.orm.jdbc.bind - binding parameter (1:BIGINT) <- [43]
13:58:44.816 [https-jsse-nio-8443-exec-6] TRACE org.hibernate.orm.jdbc.extract - extracted value (3:TIMESTAMP) -> [2026-01-19T10:42:25.015480]
13:58:44.816 [https-jsse-nio-8443-exec-6] TRACE org.hibernate.orm.jdbc.extract - extracted value (4:BOOLEAN) -> [false]
13:58:44.816 [https-jsse-nio-8443-exec-6] TRACE org.hibernate.orm.jdbc.extract - extracted value (5:VARCHAR) -> [null]
13:58:44.816 [https-jsse-nio-8443-exec-6] TRACE org.hibernate.orm.jdbc.extract - extracted value (6:VARCHAR) -> [تراکنش موفق

انتقال وجه کارت به کارت
تاریخ ۷1 ۱۳۹۸/۱۱/۱۶
مبلغ ۰ ۱۹۹ ریال
کارت مبدا [ ۳[ 0۵ زوس باراد ض
کارت مقصد ۳ ۴ ۶ ۴ مس مدرد ۹
شماره مرجع 5 ۱۸۲۱۳۶

شماره مرجع بانک : ۹ ۷۷۹۸۵۴۲۳۶۲

کد پیگیری بانک : ۹۶۴۴۶۴ ۶۷ ۵۸۵۱۲

سفر به اروپا و روزانه یک گوشی هوشمند ویژه استفاده از خدمات
اپلیکیشن آپ,اطلاعات بیشتر در تلگرا ام آپ
۲۵6/۸۳3 //:
۵ که
۹ ای
]
13:58:44.816 [https-jsse-nio-8443-exec-6] TRACE org.hibernate.orm.jdbc.extract - extracted value (7:VARCHAR) -> [bill1.jpg]
13:58:44.816 [https-jsse-nio-8443-exec-6] TRACE org.hibernate.orm.jdbc.extract - extracted value (8:BIGINT) -> [508161]
13:58:44.816 [https-jsse-nio-8443-exec-6] TRACE org.hibernate.orm.jdbc.extract - extracted value (9:TINYINT) -> [JPG]
13:58:44.816 [https-jsse-nio-8443-exec-6] TRACE org.hibernate.orm.jdbc.extract - extracted value (10:VARCHAR) -> [696dd959eca58453fd4abac6]
13:58:44.817 [https-jsse-nio-8443-exec-6] DEBUG org.hibernate.SQL - 
    select
        a1_0.message_id,
        a1_0.id,
        a1_0.attach_time,
        a1_0.deleted,
        a1_0.description,
        a1_0.extracted_text,
        a1_0.file_name,
        a1_0.file_size,
        a1_0.file_type,
        a1_0.mongo_file_id 
    from
        attachment_tbl a1_0 
    where
        a1_0.message_id=? 
        and (
            a1_0.deleted = 0
        )
13:58:44.818 [https-jsse-nio-8443-exec-6] TRACE org.hibernate.orm.jdbc.bind - binding parameter (1:BIGINT) <- [5]
13:58:44.831 [https-jsse-nio-8443-exec-7] DEBUG o.s.security.web.FilterChainProxy - Securing GET /css/bootstrap.min.css
13:58:44.831 [https-jsse-nio-8443-exec-4] DEBUG o.s.security.web.FilterChainProxy - Securing GET /css/reset.css
13:58:44.831 [https-jsse-nio-8443-exec-7] DEBUG o.s.s.w.a.c.ChannelProcessingFilter - Request: filter invocation [GET /css/bootstrap.min.css]; ConfigAttributes: [REQUIRES_SECURE_CHANNEL]
13:58:44.831 [https-jsse-nio-8443-exec-4] DEBUG o.s.s.w.a.c.ChannelProcessingFilter - Request: filter invocation [GET /css/reset.css]; ConfigAttributes: [REQUIRES_SECURE_CHANNEL]
13:58:44.831 [https-jsse-nio-8443-exec-2] DEBUG o.s.security.web.FilterChainProxy - Securing GET /css/fontawesome.css
13:58:44.831 [https-jsse-nio-8443-exec-7] DEBUG o.s.security.web.FilterChainProxy - Secured GET /css/bootstrap.min.css
13:58:44.831 [https-jsse-nio-8443-exec-4] DEBUG o.s.security.web.FilterChainProxy - Secured GET /css/reset.css
13:58:44.831 [https-jsse-nio-8443-exec-5] DEBUG o.s.security.web.FilterChainProxy - Securing GET /css/fonts.min.css
13:58:44.831 [https-jsse-nio-8443-exec-2] DEBUG o.s.s.w.a.c.ChannelProcessingFilter - Request: filter invocation [GET /css/fontawesome.css]; ConfigAttributes: [REQUIRES_SECURE_CHANNEL]
13:58:44.832 [https-jsse-nio-8443-exec-5] DEBUG o.s.s.w.a.c.ChannelProcessingFilter - Request: filter invocation [GET /css/fonts.min.css]; ConfigAttributes: [REQUIRES_SECURE_CHANNEL]
13:58:44.832 [https-jsse-nio-8443-exec-1] DEBUG o.s.security.web.FilterChainProxy - Securing GET /css/toast.css
13:58:44.832 [https-jsse-nio-8443-exec-1] DEBUG o.s.s.w.a.c.ChannelProcessingFilter - Request: filter invocation [GET /css/toast.css]; ConfigAttributes: [REQUIRES_SECURE_CHANNEL]
13:58:44.832 [https-jsse-nio-8443-exec-2] DEBUG o.s.security.web.FilterChainProxy - Secured GET /css/fontawesome.css
13:58:44.832 [https-jsse-nio-8443-exec-5] DEBUG o.s.security.web.FilterChainProxy - Secured GET /css/fonts.min.css
13:58:44.832 [https-jsse-nio-8443-exec-1] DEBUG o.s.security.web.FilterChainProxy - Secured GET /css/toast.css
13:58:44.833 [https-jsse-nio-8443-exec-3] DEBUG o.s.security.web.FilterChainProxy - Securing GET /css/styles.css
13:58:44.833 [https-jsse-nio-8443-exec-4] DEBUG o.s.s.w.c.HttpSessionSecurityContextRepository - Retrieved SecurityContextImpl [Authentication=UsernamePasswordAuthenticationToken [Principal=ir.model.entity.CustomUserDetails@c7929e7, Credentials=[PROTECTED], Authenticated=true, Details=WebAuthenticationDetails [RemoteIpAddress=0:0:0:0:0:0:0:1, SessionId=B539BDB222AE93B4764371A97E7836A7], Granted Authorities=[TICKET_EDIT, BUILDING_DELETE, BUILDING_EDIT, BUILDING_CREATE, ROLE_ADMIN, TICKET_CREATE, TICKET_DELETE]]]
13:58:44.833 [https-jsse-nio-8443-exec-3] DEBUG o.s.s.w.a.c.ChannelProcessingFilter - Request: filter invocation [GET /css/styles.css]; ConfigAttributes: [REQUIRES_SECURE_CHANNEL]
13:58:44.833 [https-jsse-nio-8443-exec-1] DEBUG o.s.s.w.c.HttpSessionSecurityContextRepository - Retrieved SecurityContextImpl [Authentication=UsernamePasswordAuthenticationToken [Principal=ir.model.entity.CustomUserDetails@c7929e7, Credentials=[PROTECTED], Authenticated=true, Details=WebAuthenticationDetails [RemoteIpAddress=0:0:0:0:0:0:0:1, SessionId=B539BDB222AE93B4764371A97E7836A7], Granted Authorities=[TICKET_EDIT, BUILDING_DELETE, BUILDING_EDIT, BUILDING_CREATE, ROLE_ADMIN, TICKET_CREATE, TICKET_DELETE]]]
13:58:44.833 [https-jsse-nio-8443-exec-5] DEBUG o.s.s.w.c.HttpSessionSecurityContextRepository - Retrieved SecurityContextImpl [Authentication=UsernamePasswordAuthenticationToken [Principal=ir.model.entity.CustomUserDetails@c7929e7, Credentials=[PROTECTED], Authenticated=true, Details=WebAuthenticationDetails [RemoteIpAddress=0:0:0:0:0:0:0:1, SessionId=B539BDB222AE93B4764371A97E7836A7], Granted Authorities=[TICKET_EDIT, BUILDING_DELETE, BUILDING_EDIT, BUILDING_CREATE, ROLE_ADMIN, TICKET_CREATE, TICKET_DELETE]]]
13:58:44.834 [https-jsse-nio-8443-exec-3] DEBUG o.s.security.web.FilterChainProxy - Secured GET /css/styles.css
13:58:44.836 [https-jsse-nio-8443-exec-3] DEBUG o.s.s.w.c.HttpSessionSecurityContextRepository - Retrieved SecurityContextImpl [Authentication=UsernamePasswordAuthenticationToken [Principal=ir.model.entity.CustomUserDetails@c7929e7, Credentials=[PROTECTED], Authenticated=true, Details=WebAuthenticationDetails [RemoteIpAddress=0:0:0:0:0:0:0:1, SessionId=B539BDB222AE93B4764371A97E7836A7], Granted Authorities=[TICKET_EDIT, BUILDING_DELETE, BUILDING_EDIT, BUILDING_CREATE, ROLE_ADMIN, TICKET_CREATE, TICKET_DELETE]]]
13:58:44.836 [https-jsse-nio-8443-exec-9] DEBUG o.s.security.web.FilterChainProxy - Securing GET /js/bootstrap.bundle.min.js
13:58:44.836 [https-jsse-nio-8443-exec-9] DEBUG o.s.s.w.a.c.ChannelProcessingFilter - Request: filter invocation [GET /js/bootstrap.bundle.min.js]; ConfigAttributes: [REQUIRES_SECURE_CHANNEL]
13:58:44.836 [https-jsse-nio-8443-exec-10] DEBUG o.s.security.web.FilterChainProxy - Securing GET /rest/images/696dd932eca58453fd4abac2/raw
13:58:44.836 [https-jsse-nio-8443-exec-8] DEBUG o.s.security.web.FilterChainProxy - Securing GET /icons/mftlogo.png
13:58:44.836 [https-jsse-nio-8443-exec-9] DEBUG o.s.security.web.FilterChainProxy - Secured GET /js/bootstrap.bundle.min.js
13:58:44.836 [https-jsse-nio-8443-exec-10] DEBUG o.s.s.w.a.c.ChannelProcessingFilter - Request: filter invocation [GET /rest/images/696dd932eca58453fd4abac2/raw]; ConfigAttributes: [REQUIRES_SECURE_CHANNEL]
13:58:44.836 [https-jsse-nio-8443-exec-8] DEBUG o.s.s.w.a.c.ChannelProcessingFilter - Request: filter invocation [GET /icons/mftlogo.png]; ConfigAttributes: [REQUIRES_SECURE_CHANNEL]
13:58:44.837 [https-jsse-nio-8443-exec-10] DEBUG o.s.s.w.c.HttpSessionSecurityContextRepository - Retrieved SecurityContextImpl [Authentication=UsernamePasswordAuthenticationToken [Principal=ir.model.entity.CustomUserDetails@c7929e7, Credentials=[PROTECTED], Authenticated=true, Details=WebAuthenticationDetails [RemoteIpAddress=0:0:0:0:0:0:0:1, SessionId=B539BDB222AE93B4764371A97E7836A7], Granted Authorities=[TICKET_EDIT, BUILDING_DELETE, BUILDING_EDIT, BUILDING_CREATE, ROLE_ADMIN, TICKET_CREATE, TICKET_DELETE]]]
13:58:44.837 [https-jsse-nio-8443-exec-8] DEBUG o.s.security.web.FilterChainProxy - Secured GET /icons/mftlogo.png
13:58:44.837 [https-jsse-nio-8443-exec-10] DEBUG o.s.security.web.FilterChainProxy - Secured GET /rest/images/696dd932eca58453fd4abac2/raw
13:58:44.837 [https-jsse-nio-8443-exec-6] DEBUG o.s.security.web.FilterChainProxy - Securing GET /rest/images/696dd942eca58453fd4abac4/raw
13:58:44.837 [https-jsse-nio-8443-exec-6] DEBUG o.s.s.w.a.c.ChannelProcessingFilter - Request: filter invocation [GET /rest/images/696dd942eca58453fd4abac4/raw]; ConfigAttributes: [REQUIRES_SECURE_CHANNEL]
13:58:44.838 [https-jsse-nio-8443-exec-10] DEBUG o.s.jdbc.datasource.DataSourceUtils - Setting JDBC Connection [HikariProxyConnection@720043706 wrapping oracle.jdbc.driver.T4CConnection@799c2542] read-only
13:58:44.838 [https-jsse-nio-8443-exec-6] DEBUG o.s.s.w.c.HttpSessionSecurityContextRepository - Retrieved SecurityContextImpl [Authentication=UsernamePasswordAuthenticationToken [Principal=ir.model.entity.CustomUserDetails@c7929e7, Credentials=[PROTECTED], Authenticated=true, Details=WebAuthenticationDetails [RemoteIpAddress=0:0:0:0:0:0:0:1, SessionId=B539BDB222AE93B4764371A97E7836A7], Granted Authorities=[TICKET_EDIT, BUILDING_DELETE, BUILDING_EDIT, BUILDING_CREATE, ROLE_ADMIN, TICKET_CREATE, TICKET_DELETE]]]
13:58:44.838 [https-jsse-nio-8443-exec-6] DEBUG o.s.security.web.FilterChainProxy - Secured GET /rest/images/696dd942eca58453fd4abac4/raw
13:58:44.838 [https-jsse-nio-8443-exec-10] DEBUG o.h.e.t.internal.TransactionImpl - On TransactionImpl creation, JpaCompliance#isJpaTransactionComplianceEnabled == false
13:58:44.838 [https-jsse-nio-8443-exec-10] DEBUG o.h.e.t.internal.TransactionImpl - begin
13:58:44.839 [https-jsse-nio-8443-exec-6] DEBUG o.s.jdbc.datasource.DataSourceUtils - Setting JDBC Connection [HikariProxyConnection@2127874560 wrapping oracle.jdbc.driver.T4CConnection@56e06e3c] read-only
13:58:44.839 [https-jsse-nio-8443-exec-6] DEBUG o.h.e.t.internal.TransactionImpl - On TransactionImpl creation, JpaCompliance#isJpaTransactionComplianceEnabled == false
13:58:44.840 [https-jsse-nio-8443-exec-6] DEBUG o.h.e.t.internal.TransactionImpl - begin
13:58:44.841 [https-jsse-nio-8443-exec-8] DEBUG o.s.s.w.c.HttpSessionSecurityContextRepository - Retrieved SecurityContextImpl [Authentication=UsernamePasswordAuthenticationToken [Principal=ir.model.entity.CustomUserDetails@c7929e7, Credentials=[PROTECTED], Authenticated=true, Details=WebAuthenticationDetails [RemoteIpAddress=0:0:0:0:0:0:0:1, SessionId=B539BDB222AE93B4764371A97E7836A7], Granted Authorities=[TICKET_EDIT, BUILDING_DELETE, BUILDING_EDIT, BUILDING_CREATE, ROLE_ADMIN, TICKET_CREATE, TICKET_DELETE]]]
13:58:44.841 [https-jsse-nio-8443-exec-10] DEBUG o.h.e.t.internal.TransactionImpl - committing
13:58:44.841 [https-jsse-nio-8443-exec-10] DEBUG o.s.jdbc.datasource.DataSourceUtils - Resetting read-only flag of JDBC Connection [HikariProxyConnection@720043706 wrapping oracle.jdbc.driver.T4CConnection@799c2542]
13:58:44.841 [https-jsse-nio-8443-exec-10] INFO  i.c.exception.ResponseAspect - API: streamImage
13:58:44.842 [https-jsse-nio-8443-exec-6] DEBUG o.h.e.t.internal.TransactionImpl - committing
13:58:44.842 [https-jsse-nio-8443-exec-6] DEBUG o.s.jdbc.datasource.DataSourceUtils - Resetting read-only flag of JDBC Connection [HikariProxyConnection@2127874560 wrapping oracle.jdbc.driver.T4CConnection@56e06e3c]
13:58:44.842 [https-jsse-nio-8443-exec-6] INFO  i.c.exception.ResponseAspect - API: streamImage
13:58:44.843 [https-jsse-nio-8443-exec-4] DEBUG o.s.security.web.FilterChainProxy - Securing GET /rest/images/696dd959eca58453fd4abac6/raw
13:58:44.843 [https-jsse-nio-8443-exec-4] DEBUG o.s.s.w.a.c.ChannelProcessingFilter - Request: filter invocation [GET /rest/images/696dd959eca58453fd4abac6/raw]; ConfigAttributes: [REQUIRES_SECURE_CHANNEL]
13:58:44.844 [https-jsse-nio-8443-exec-9] DEBUG o.s.s.w.c.HttpSessionSecurityContextRepository - Retrieved SecurityContextImpl [Authentication=UsernamePasswordAuthenticationToken [Principal=ir.model.entity.CustomUserDetails@c7929e7, Credentials=[PROTECTED], Authenticated=true, Details=WebAuthenticationDetails [RemoteIpAddress=0:0:0:0:0:0:0:1, SessionId=B539BDB222AE93B4764371A97E7836A7], Granted Authorities=[TICKET_EDIT, BUILDING_DELETE, BUILDING_EDIT, BUILDING_CREATE, ROLE_ADMIN, TICKET_CREATE, TICKET_DELETE]]]
13:58:44.844 [https-jsse-nio-8443-exec-4] DEBUG o.s.s.w.c.HttpSessionSecurityContextRepository - Retrieved SecurityContextImpl [Authentication=UsernamePasswordAuthenticationToken [Principal=ir.model.entity.CustomUserDetails@c7929e7, Credentials=[PROTECTED], Authenticated=true, Details=WebAuthenticationDetails [RemoteIpAddress=0:0:0:0:0:0:0:1, SessionId=B539BDB222AE93B4764371A97E7836A7], Granted Authorities=[TICKET_EDIT, BUILDING_DELETE, BUILDING_EDIT, BUILDING_CREATE, ROLE_ADMIN, TICKET_CREATE, TICKET_DELETE]]]
13:58:44.844 [https-jsse-nio-8443-exec-4] DEBUG o.s.security.web.FilterChainProxy - Secured GET /rest/images/696dd959eca58453fd4abac6/raw
13:58:44.846 [https-jsse-nio-8443-exec-1] DEBUG o.s.security.web.FilterChainProxy - Securing GET /js/fontawesome.js
13:58:44.846 [https-jsse-nio-8443-exec-1] DEBUG o.s.s.w.a.c.ChannelProcessingFilter - Request: filter invocation [GET /js/fontawesome.js]; ConfigAttributes: [REQUIRES_SECURE_CHANNEL]
13:58:44.846 [https-jsse-nio-8443-exec-4] DEBUG o.s.jdbc.datasource.DataSourceUtils - Setting JDBC Connection [HikariProxyConnection@1504658875 wrapping oracle.jdbc.driver.T4CConnection@7344506f] read-only
13:58:44.846 [https-jsse-nio-8443-exec-4] DEBUG o.h.e.t.internal.TransactionImpl - On TransactionImpl creation, JpaCompliance#isJpaTransactionComplianceEnabled == false
13:58:44.846 [https-jsse-nio-8443-exec-4] DEBUG o.h.e.t.internal.TransactionImpl - begin
13:58:44.847 [https-jsse-nio-8443-exec-1] DEBUG o.s.security.web.FilterChainProxy - Secured GET /js/fontawesome.js
13:58:44.849 [https-jsse-nio-8443-exec-4] DEBUG o.h.e.t.internal.TransactionImpl - committing
13:58:44.849 [https-jsse-nio-8443-exec-5] DEBUG o.s.security.web.FilterChainProxy - Securing GET /js/toast.js
13:58:44.850 [https-jsse-nio-8443-exec-5] DEBUG o.s.s.w.a.c.ChannelProcessingFilter - Request: filter invocation [GET /js/toast.js]; ConfigAttributes: [REQUIRES_SECURE_CHANNEL]
13:58:44.850 [https-jsse-nio-8443-exec-4] DEBUG o.s.jdbc.datasource.DataSourceUtils - Resetting read-only flag of JDBC Connection [HikariProxyConnection@1504658875 wrapping oracle.jdbc.driver.T4CConnection@7344506f]
13:58:44.850 [https-jsse-nio-8443-exec-7] DEBUG o.s.s.w.c.HttpSessionSecurityContextRepository - Retrieved SecurityContextImpl [Authentication=UsernamePasswordAuthenticationToken [Principal=ir.model.entity.CustomUserDetails@c7929e7, Credentials=[PROTECTED], Authenticated=true, Details=WebAuthenticationDetails [RemoteIpAddress=0:0:0:0:0:0:0:1, SessionId=B539BDB222AE93B4764371A97E7836A7], Granted Authorities=[TICKET_EDIT, BUILDING_DELETE, BUILDING_EDIT, BUILDING_CREATE, ROLE_ADMIN, TICKET_CREATE, TICKET_DELETE]]]
13:58:44.850 [https-jsse-nio-8443-exec-4] INFO  i.c.exception.ResponseAspect - API: streamImage
13:58:44.850 [https-jsse-nio-8443-exec-5] DEBUG o.s.security.web.FilterChainProxy - Secured GET /js/toast.js
13:58:44.852 [https-jsse-nio-8443-exec-5] DEBUG o.s.s.w.c.HttpSessionSecurityContextRepository - Retrieved SecurityContextImpl [Authentication=UsernamePasswordAuthenticationToken [Principal=ir.model.entity.CustomUserDetails@c7929e7, Credentials=[PROTECTED], Authenticated=true, Details=WebAuthenticationDetails [RemoteIpAddress=0:0:0:0:0:0:0:1, SessionId=B539BDB222AE93B4764371A97E7836A7], Granted Authorities=[TICKET_EDIT, BUILDING_DELETE, BUILDING_EDIT, BUILDING_CREATE, ROLE_ADMIN, TICKET_CREATE, TICKET_DELETE]]]
13:58:44.853 [https-jsse-nio-8443-exec-3] DEBUG o.s.security.web.FilterChainProxy - Securing GET /js/script.js
13:58:44.854 [https-jsse-nio-8443-exec-3] DEBUG o.s.s.w.a.c.ChannelProcessingFilter - Request: filter invocation [GET /js/script.js]; ConfigAttributes: [REQUIRES_SECURE_CHANNEL]
13:58:44.854 [https-jsse-nio-8443-exec-3] DEBUG o.s.security.web.FilterChainProxy - Secured GET /js/script.js
13:58:44.855 [https-jsse-nio-8443-exec-8] DEBUG o.s.security.web.FilterChainProxy - Securing GET /js/messages-api.js
13:58:44.855 [https-jsse-nio-8443-exec-8] DEBUG o.s.s.w.a.c.ChannelProcessingFilter - Request: filter invocation [GET /js/messages-api.js]; ConfigAttributes: [REQUIRES_SECURE_CHANNEL]
13:58:44.855 [https-jsse-nio-8443-exec-8] DEBUG o.s.security.web.FilterChainProxy - Secured GET /js/messages-api.js
13:58:44.856 [https-jsse-nio-8443-exec-3] DEBUG o.s.s.w.c.HttpSessionSecurityContextRepository - Retrieved SecurityContextImpl [Authentication=UsernamePasswordAuthenticationToken [Principal=ir.model.entity.CustomUserDetails@c7929e7, Credentials=[PROTECTED], Authenticated=true, Details=WebAuthenticationDetails [RemoteIpAddress=0:0:0:0:0:0:0:1, SessionId=B539BDB222AE93B4764371A97E7836A7], Granted Authorities=[TICKET_EDIT, BUILDING_DELETE, BUILDING_EDIT, BUILDING_CREATE, ROLE_ADMIN, TICKET_CREATE, TICKET_DELETE]]]
13:58:44.858 [https-jsse-nio-8443-exec-8] DEBUG o.s.s.w.c.HttpSessionSecurityContextRepository - Retrieved SecurityContextImpl [Authentication=UsernamePasswordAuthenticationToken [Principal=ir.model.entity.CustomUserDetails@c7929e7, Credentials=[PROTECTED], Authenticated=true, Details=WebAuthenticationDetails [RemoteIpAddress=0:0:0:0:0:0:0:1, SessionId=B539BDB222AE93B4764371A97E7836A7], Granted Authorities=[TICKET_EDIT, BUILDING_DELETE, BUILDING_EDIT, BUILDING_CREATE, ROLE_ADMIN, TICKET_CREATE, TICKET_DELETE]]]
13:58:44.872 [https-jsse-nio-8443-exec-2] DEBUG o.s.s.w.c.HttpSessionSecurityContextRepository - Retrieved SecurityContextImpl [Authentication=UsernamePasswordAuthenticationToken [Principal=ir.model.entity.CustomUserDetails@c7929e7, Credentials=[PROTECTED], Authenticated=true, Details=WebAuthenticationDetails [RemoteIpAddress=0:0:0:0:0:0:0:1, SessionId=B539BDB222AE93B4764371A97E7836A7], Granted Authorities=[TICKET_EDIT, BUILDING_DELETE, BUILDING_EDIT, BUILDING_CREATE, ROLE_ADMIN, TICKET_CREATE, TICKET_DELETE]]]
13:58:44.910 [https-jsse-nio-8443-exec-9] DEBUG o.s.security.web.FilterChainProxy - Securing GET /webfonts/fa-solid-900.woff2
13:58:44.910 [https-jsse-nio-8443-exec-10] DEBUG o.s.security.web.FilterChainProxy - Securing GET /webfonts/fa-brands-400.woff2
13:58:44.910 [https-jsse-nio-8443-exec-9] DEBUG o.s.s.w.a.c.ChannelProcessingFilter - Request: filter invocation [GET /webfonts/fa-solid-900.woff2]; ConfigAttributes: [REQUIRES_SECURE_CHANNEL]
13:58:44.910 [https-jsse-nio-8443-exec-10] DEBUG o.s.s.w.a.c.ChannelProcessingFilter - Request: filter invocation [GET /webfonts/fa-brands-400.woff2]; ConfigAttributes: [REQUIRES_SECURE_CHANNEL]
13:58:44.911 [https-jsse-nio-8443-exec-9] DEBUG o.s.s.w.c.HttpSessionSecurityContextRepository - Retrieved SecurityContextImpl [Authentication=UsernamePasswordAuthenticationToken [Principal=ir.model.entity.CustomUserDetails@c7929e7, Credentials=[PROTECTED], Authenticated=true, Details=WebAuthenticationDetails [RemoteIpAddress=0:0:0:0:0:0:0:1, SessionId=B539BDB222AE93B4764371A97E7836A7], Granted Authorities=[TICKET_EDIT, BUILDING_DELETE, BUILDING_EDIT, BUILDING_CREATE, ROLE_ADMIN, TICKET_CREATE, TICKET_DELETE]]]
13:58:44.911 [https-jsse-nio-8443-exec-10] DEBUG o.s.s.w.c.HttpSessionSecurityContextRepository - Retrieved SecurityContextImpl [Authentication=UsernamePasswordAuthenticationToken [Principal=ir.model.entity.CustomUserDetails@c7929e7, Credentials=[PROTECTED], Authenticated=true, Details=WebAuthenticationDetails [RemoteIpAddress=0:0:0:0:0:0:0:1, SessionId=B539BDB222AE93B4764371A97E7836A7], Granted Authorities=[TICKET_EDIT, BUILDING_DELETE, BUILDING_EDIT, BUILDING_CREATE, ROLE_ADMIN, TICKET_CREATE, TICKET_DELETE]]]
13:58:44.911 [https-jsse-nio-8443-exec-9] DEBUG o.s.security.web.FilterChainProxy - Secured GET /webfonts/fa-solid-900.woff2
13:58:44.911 [https-jsse-nio-8443-exec-10] DEBUG o.s.security.web.FilterChainProxy - Secured GET /webfonts/fa-brands-400.woff2
13:58:44.956 [scheduling-1] DEBUG o.h.e.t.internal.TransactionImpl - On TransactionImpl creation, JpaCompliance#isJpaTransactionComplianceEnabled == false
13:58:44.956 [scheduling-1] DEBUG o.h.e.t.internal.TransactionImpl - begin
13:58:44.958 [scheduling-1] DEBUG org.hibernate.SQL - 
    /* <criteria> */ select
        oe1_0.id,
        oe1_0.aggregate_id,
        oe1_0.aggregate_type,
        oe1_0.created_at,
        oe1_0.deleted,
        oe1_0.event_type,
        oe1_0.payload,
        oe1_0.published 
    from
        outbox_tbl oe1_0 
    where
        (
            oe1_0.deleted = 0
        ) 
        and oe1_0.published=0 
    order by
        oe1_0.created_at
13:58:44.959 [scheduling-1] DEBUG o.h.e.t.internal.TransactionImpl - committing
13:58:45.510 [https-jsse-nio-8443-exec-1] DEBUG o.s.s.w.c.HttpSessionSecurityContextRepository - Retrieved SecurityContextImpl [Authentication=UsernamePasswordAuthenticationToken [Principal=ir.model.entity.CustomUserDetails@c7929e7, Credentials=[PROTECTED], Authenticated=true, Details=WebAuthenticationDetails [RemoteIpAddress=0:0:0:0:0:0:0:1, SessionId=B539BDB222AE93B4764371A97E7836A7], Granted Authorities=[TICKET_EDIT, BUILDING_DELETE, BUILDING_EDIT, BUILDING_CREATE, ROLE_ADMIN, TICKET_CREATE, TICKET_DELETE]]]
13:58:45.620 [https-jsse-nio-8443-exec-7] DEBUG o.s.security.web.FilterChainProxy - Securing GET /icons/mftlogo.png
13:58:45.620 [https-jsse-nio-8443-exec-7] DEBUG o.s.s.w.a.c.ChannelProcessingFilter - Request: filter invocation [GET /icons/mftlogo.png]; ConfigAttributes: [REQUIRES_SECURE_CHANNEL]
13:58:45.621 [https-jsse-nio-8443-exec-7] DEBUG o.s.security.web.FilterChainProxy - Secured GET /icons/mftlogo.png
13:58:45.625 [https-jsse-nio-8443-exec-7] DEBUG o.s.s.w.c.HttpSessionSecurityContextRepository - Retrieved SecurityContextImpl [Authentication=UsernamePasswordAuthenticationToken [Principal=ir.model.entity.CustomUserDetails@c7929e7, Credentials=[PROTECTED], Authenticated=true, Details=WebAuthenticationDetails [RemoteIpAddress=0:0:0:0:0:0:0:1, SessionId=B539BDB222AE93B4764371A97E7836A7], Granted Authorities=[TICKET_EDIT, BUILDING_DELETE, BUILDING_EDIT, BUILDING_CREATE, ROLE_ADMIN, TICKET_CREATE, TICKET_DELETE]]]
13:58:46.961 [scheduling-1] DEBUG o.h.e.t.internal.TransactionImpl - On TransactionImpl creation, JpaCompliance#isJpaTransactionComplianceEnabled == false
13:58:46.961 [scheduling-1] DEBUG o.h.e.t.internal.TransactionImpl - begin
13:58:46.963 [scheduling-1] DEBUG org.hibernate.SQL - 
    /* <criteria> */ select
        oe1_0.id,
        oe1_0.aggregate_id,
        oe1_0.aggregate_type,
        oe1_0.created_at,
        oe1_0.deleted,
        oe1_0.event_type,
        oe1_0.payload,
        oe1_0.published 
    from
        outbox_tbl oe1_0 
    where
        (
            oe1_0.deleted = 0
        ) 
        and oe1_0.published=0 
    order by
        oe1_0.created_at
13:58:46.964 [scheduling-1] DEBUG o.h.e.t.internal.TransactionImpl - committing
13:58:48.978 [scheduling-1] DEBUG o.h.e.t.internal.TransactionImpl - On TransactionImpl creation, JpaCompliance#isJpaTransactionComplianceEnabled == false
13:58:48.978 [scheduling-1] DEBUG o.h.e.t.internal.TransactionImpl - begin
13:58:48.979 [scheduling-1] DEBUG org.hibernate.SQL - 
    /* <criteria> */ select
        oe1_0.id,
        oe1_0.aggregate_id,
        oe1_0.aggregate_type,
        oe1_0.created_at,
        oe1_0.deleted,
        oe1_0.event_type,
        oe1_0.payload,
        oe1_0.published 
    from
        outbox_tbl oe1_0 
    where
        (
            oe1_0.deleted = 0
        ) 
        and oe1_0.published=0 
    order by
        oe1_0.created_at
13:58:48.980 [scheduling-1] DEBUG o.h.e.t.internal.TransactionImpl - committing
13:58:50.986 [scheduling-1] DEBUG o.h.e.t.internal.TransactionImpl - On TransactionImpl creation, JpaCompliance#isJpaTransactionComplianceEnabled == false
13:58:50.986 [scheduling-1] DEBUG o.h.e.t.internal.TransactionImpl - begin
13:58:50.987 [scheduling-1] DEBUG org.hibernate.SQL - 
    /* <criteria> */ select
        oe1_0.id,
        oe1_0.aggregate_id,
        oe1_0.aggregate_type,
        oe1_0.created_at,
        oe1_0.deleted,
        oe1_0.event_type,
        oe1_0.payload,
        oe1_0.published 
    from
        outbox_tbl oe1_0 
    where
        (
            oe1_0.deleted = 0
        ) 
        and oe1_0.published=0 
    order by
        oe1_0.created_at
13:58:50.988 [scheduling-1] DEBUG o.h.e.t.internal.TransactionImpl - committing
13:58:52.990 [scheduling-1] DEBUG o.h.e.t.internal.TransactionImpl - On TransactionImpl creation, JpaCompliance#isJpaTransactionComplianceEnabled == false
13:58:52.990 [scheduling-1] DEBUG o.h.e.t.internal.TransactionImpl - begin
13:58:52.991 [scheduling-1] DEBUG org.hibernate.SQL - 
    /* <criteria> */ select
        oe1_0.id,
        oe1_0.aggregate_id,
        oe1_0.aggregate_type,
        oe1_0.created_at,
        oe1_0.deleted,
        oe1_0.event_type,
        oe1_0.payload,
        oe1_0.published 
    from
        outbox_tbl oe1_0 
    where
        (
            oe1_0.deleted = 0
        ) 
        and oe1_0.published=0 
    order by
        oe1_0.created_at
13:58:52.992 [scheduling-1] DEBUG o.h.e.t.internal.TransactionImpl - committing
13:58:53.704 [org.springframework.kafka.KafkaListenerEndpointContainer#0-0-C-1] INFO  o.apache.kafka.clients.NetworkClient - [Consumer clientId=consumer-building-service-updater-1, groupId=building-service-updater] Node -1 disconnected.
13:58:53.704 [org.springframework.kafka.KafkaListenerEndpointContainer#0-0-C-1] WARN  o.apache.kafka.clients.NetworkClient - [Consumer clientId=consumer-building-service-updater-1, groupId=building-service-updater] Connection to node -1 (/100.99.137.56:9092) could not be established. Node may not be available.
13:58:53.704 [org.springframework.kafka.KafkaListenerEndpointContainer#0-0-C-1] WARN  o.apache.kafka.clients.NetworkClient - [Consumer clientId=consumer-building-service-updater-1, groupId=building-service-updater] Bootstrap broker 100.99.137.56:9092 (id: -1 rack: null) disconnected
13:58:54.994 [scheduling-1] DEBUG o.h.e.t.internal.TransactionImpl - On TransactionImpl creation, JpaCompliance#isJpaTransactionComplianceEnabled == false
13:58:54.994 [scheduling-1] DEBUG o.h.e.t.internal.TransactionImpl - begin
13:58:54.995 [scheduling-1] DEBUG org.hibernate.SQL - 
    /* <criteria> */ select
        oe1_0.id,
        oe1_0.aggregate_id,
        oe1_0.aggregate_type,
        oe1_0.created_at,
        oe1_0.deleted,
        oe1_0.event_type,
        oe1_0.payload,
        oe1_0.published 
    from
        outbox_tbl oe1_0 
    where
        (
            oe1_0.deleted = 0
        ) 
        and oe1_0.published=0 
    order by
        oe1_0.created_at
13:58:54.996 [scheduling-1] DEBUG o.h.e.t.internal.TransactionImpl - committing
13:58:56.998 [scheduling-1] DEBUG o.h.e.t.internal.TransactionImpl - On TransactionImpl creation, JpaCompliance#isJpaTransactionComplianceEnabled == false
13:58:56.999 [scheduling-1] DEBUG o.h.e.t.internal.TransactionImpl - begin
13:58:57.000 [scheduling-1] DEBUG org.hibernate.SQL - 
    /* <criteria> */ select
        oe1_0.id,
        oe1_0.aggregate_id,
        oe1_0.aggregate_type,
        oe1_0.created_at,
        oe1_0.deleted,
        oe1_0.event_type,
        oe1_0.payload,
        oe1_0.published 
    from
        outbox_tbl oe1_0 
    where
        (
            oe1_0.deleted = 0
        ) 
        and oe1_0.published=0 
    order by
        oe1_0.created_at
13:58:57.001 [scheduling-1] DEBUG o.h.e.t.internal.TransactionImpl - committing
13:58:59.002 [scheduling-1] DEBUG o.h.e.t.internal.TransactionImpl - On TransactionImpl creation, JpaCompliance#isJpaTransactionComplianceEnabled == false
13:58:59.002 [scheduling-1] DEBUG o.h.e.t.internal.TransactionImpl - begin
13:58:59.004 [scheduling-1] DEBUG org.hibernate.SQL - 
    /* <criteria> */ select
        oe1_0.id,
        oe1_0.aggregate_id,
        oe1_0.aggregate_type,
        oe1_0.created_at,
        oe1_0.deleted,
        oe1_0.event_type,
        oe1_0.payload,
        oe1_0.published 
    from
        outbox_tbl oe1_0 
    where
        (
            oe1_0.deleted = 0
        ) 
        and oe1_0.published=0 
    order by
        oe1_0.created_at
13:58:59.005 [scheduling-1] DEBUG o.h.e.t.internal.TransactionImpl - committing
13:59:01.006 [scheduling-1] DEBUG o.h.e.t.internal.TransactionImpl - On TransactionImpl creation, JpaCompliance#isJpaTransactionComplianceEnabled == false
13:59:01.006 [scheduling-1] DEBUG o.h.e.t.internal.TransactionImpl - begin
13:59:01.007 [scheduling-1] DEBUG org.hibernate.SQL - 
    /* <criteria> */ select
        oe1_0.id,
        oe1_0.aggregate_id,
        oe1_0.aggregate_type,
        oe1_0.created_at,
        oe1_0.deleted,
        oe1_0.event_type,
        oe1_0.payload,
        oe1_0.published 
    from
        outbox_tbl oe1_0 
    where
        (
            oe1_0.deleted = 0
        ) 
        and oe1_0.published=0 
    order by
        oe1_0.created_at
13:59:01.008 [scheduling-1] DEBUG o.h.e.t.internal.TransactionImpl - committing
13:59:03.024 [scheduling-1] DEBUG o.h.e.t.internal.TransactionImpl - On TransactionImpl creation, JpaCompliance#isJpaTransactionComplianceEnabled == false
13:59:03.024 [scheduling-1] DEBUG o.h.e.t.internal.TransactionImpl - begin
13:59:03.026 [scheduling-1] DEBUG org.hibernate.SQL - 
    /* <criteria> */ select
        oe1_0.id,
        oe1_0.aggregate_id,
        oe1_0.aggregate_type,
        oe1_0.created_at,
        oe1_0.deleted,
        oe1_0.event_type,
        oe1_0.payload,
        oe1_0.published 
    from
        outbox_tbl oe1_0 
    where
        (
            oe1_0.deleted = 0
        ) 
        and oe1_0.published=0 
    order by
        oe1_0.created_at
13:59:03.027 [scheduling-1] DEBUG o.h.e.t.internal.TransactionImpl - committing
13:59:05.035 [scheduling-1] DEBUG o.h.e.t.internal.TransactionImpl - On TransactionImpl creation, JpaCompliance#isJpaTransactionComplianceEnabled == false
13:59:05.035 [scheduling-1] DEBUG o.h.e.t.internal.TransactionImpl - begin
13:59:05.036 [scheduling-1] DEBUG org.hibernate.SQL - 
    /* <criteria> */ select
        oe1_0.id,
        oe1_0.aggregate_id,
        oe1_0.aggregate_type,
        oe1_0.created_at,
        oe1_0.deleted,
        oe1_0.event_type,
        oe1_0.payload,
        oe1_0.published 
    from
        outbox_tbl oe1_0 
    where
        (
            oe1_0.deleted = 0
        ) 
        and oe1_0.published=0 
    order by
        oe1_0.created_at
13:59:05.038 [scheduling-1] DEBUG o.h.e.t.internal.TransactionImpl - committing
13:59:07.039 [scheduling-1] DEBUG o.h.e.t.internal.TransactionImpl - On TransactionImpl creation, JpaCompliance#isJpaTransactionComplianceEnabled == false
13:59:07.039 [scheduling-1] DEBUG o.h.e.t.internal.TransactionImpl - begin
13:59:07.041 [scheduling-1] DEBUG org.hibernate.SQL - 
    /* <criteria> */ select
        oe1_0.id,
        oe1_0.aggregate_id,
        oe1_0.aggregate_type,
        oe1_0.created_at,
        oe1_0.deleted,
        oe1_0.event_type,
        oe1_0.payload,
        oe1_0.published 
    from
        outbox_tbl oe1_0 
    where
        (
            oe1_0.deleted = 0
        ) 
        and oe1_0.published=0 
    order by
        oe1_0.created_at
13:59:07.042 [scheduling-1] DEBUG o.h.e.t.internal.TransactionImpl - committing
13:59:09.053 [scheduling-1] DEBUG o.h.e.t.internal.TransactionImpl - On TransactionImpl creation, JpaCompliance#isJpaTransactionComplianceEnabled == false
13:59:09.053 [scheduling-1] DEBUG o.h.e.t.internal.TransactionImpl - begin
13:59:09.055 [scheduling-1] DEBUG org.hibernate.SQL - 
    /* <criteria> */ select
        oe1_0.id,
        oe1_0.aggregate_id,
        oe1_0.aggregate_type,
        oe1_0.created_at,
        oe1_0.deleted,
        oe1_0.event_type,
        oe1_0.payload,
        oe1_0.published 
    from
        outbox_tbl oe1_0 
    where
        (
            oe1_0.deleted = 0
        ) 
        and oe1_0.published=0 
    order by
        oe1_0.created_at
13:59:09.056 [scheduling-1] DEBUG o.h.e.t.internal.TransactionImpl - committing
13:59:11.072 [scheduling-1] DEBUG o.h.e.t.internal.TransactionImpl - On TransactionImpl creation, JpaCompliance#isJpaTransactionComplianceEnabled == false
13:59:11.072 [scheduling-1] DEBUG o.h.e.t.internal.TransactionImpl - begin
13:59:11.073 [scheduling-1] DEBUG org.hibernate.SQL - 
    /* <criteria> */ select
        oe1_0.id,
        oe1_0.aggregate_id,
        oe1_0.aggregate_type,
        oe1_0.created_at,
        oe1_0.deleted,
        oe1_0.event_type,
        oe1_0.payload,
        oe1_0.published 
    from
        outbox_tbl oe1_0 
    where
        (
            oe1_0.deleted = 0
        ) 
        and oe1_0.published=0 
    order by
        oe1_0.created_at
13:59:11.074 [scheduling-1] DEBUG o.h.e.t.internal.TransactionImpl - committing
13:59:13.075 [scheduling-1] DEBUG o.h.e.t.internal.TransactionImpl - On TransactionImpl creation, JpaCompliance#isJpaTransactionComplianceEnabled == false
13:59:13.075 [scheduling-1] DEBUG o.h.e.t.internal.TransactionImpl - begin
13:59:13.077 [scheduling-1] DEBUG org.hibernate.SQL - 
    /* <criteria> */ select
        oe1_0.id,
        oe1_0.aggregate_id,
        oe1_0.aggregate_type,
        oe1_0.created_at,
        oe1_0.deleted,
        oe1_0.event_type,
        oe1_0.payload,
        oe1_0.published 
    from
        outbox_tbl oe1_0 
    where
        (
            oe1_0.deleted = 0
        ) 
        and oe1_0.published=0 
    order by
        oe1_0.created_at
13:59:13.078 [scheduling-1] DEBUG o.h.e.t.internal.TransactionImpl - committing
13:59:15.082 [scheduling-1] DEBUG o.h.e.t.internal.TransactionImpl - On TransactionImpl creation, JpaCompliance#isJpaTransactionComplianceEnabled == false
13:59:15.082 [scheduling-1] DEBUG o.h.e.t.internal.TransactionImpl - begin
13:59:15.084 [scheduling-1] DEBUG org.hibernate.SQL - 
    /* <criteria> */ select
        oe1_0.id,
        oe1_0.aggregate_id,
        oe1_0.aggregate_type,
        oe1_0.created_at,
        oe1_0.deleted,
        oe1_0.event_type,
        oe1_0.payload,
        oe1_0.published 
    from
        outbox_tbl oe1_0 
    where
        (
            oe1_0.deleted = 0
        ) 
        and oe1_0.published=0 
    order by
        oe1_0.created_at
13:59:15.085 [scheduling-1] DEBUG o.h.e.t.internal.TransactionImpl - committing
13:59:15.763 [org.springframework.kafka.KafkaListenerEndpointContainer#0-0-C-1] INFO  o.apache.kafka.clients.NetworkClient - [Consumer clientId=consumer-building-service-updater-1, groupId=building-service-updater] Node -1 disconnected.
13:59:15.763 [org.springframework.kafka.KafkaListenerEndpointContainer#0-0-C-1] WARN  o.apache.kafka.clients.NetworkClient - [Consumer clientId=consumer-building-service-updater-1, groupId=building-service-updater] Connection to node -1 (/100.99.137.56:9092) could not be established. Node may not be available.
13:59:15.763 [org.springframework.kafka.KafkaListenerEndpointContainer#0-0-C-1] WARN  o.apache.kafka.clients.NetworkClient - [Consumer clientId=consumer-building-service-updater-1, groupId=building-service-updater] Bootstrap broker 100.99.137.56:9092 (id: -1 rack: null) disconnected
13:59:17.088 [scheduling-1] DEBUG o.h.e.t.internal.TransactionImpl - On TransactionImpl creation, JpaCompliance#isJpaTransactionComplianceEnabled == false
13:59:17.088 [scheduling-1] DEBUG o.h.e.t.internal.TransactionImpl - begin
13:59:17.089 [scheduling-1] DEBUG org.hibernate.SQL - 
    /* <criteria> */ select
        oe1_0.id,
        oe1_0.aggregate_id,
        oe1_0.aggregate_type,
        oe1_0.created_at,
        oe1_0.deleted,
        oe1_0.event_type,
        oe1_0.payload,
        oe1_0.published 
    from
        outbox_tbl oe1_0 
    where
        (
            oe1_0.deleted = 0
        ) 
        and oe1_0.published=0 
    order by
        oe1_0.created_at
13:59:17.090 [scheduling-1] DEBUG o.h.e.t.internal.TransactionImpl - committing
13:59:19.098 [scheduling-1] DEBUG o.h.e.t.internal.TransactionImpl - On TransactionImpl creation, JpaCompliance#isJpaTransactionComplianceEnabled == false
13:59:19.098 [scheduling-1] DEBUG o.h.e.t.internal.TransactionImpl - begin
13:59:19.099 [scheduling-1] DEBUG org.hibernate.SQL - 
    /* <criteria> */ select
        oe1_0.id,
        oe1_0.aggregate_id,
        oe1_0.aggregate_type,
        oe1_0.created_at,
        oe1_0.deleted,
        oe1_0.event_type,
        oe1_0.payload,
        oe1_0.published 
    from
        outbox_tbl oe1_0 
    where
        (
            oe1_0.deleted = 0
        ) 
        and oe1_0.published=0 
    order by
        oe1_0.created_at
13:59:19.100 [scheduling-1] DEBUG o.h.e.t.internal.TransactionImpl - committing
13:59:21.109 [scheduling-1] DEBUG o.h.e.t.internal.TransactionImpl - On TransactionImpl creation, JpaCompliance#isJpaTransactionComplianceEnabled == false
13:59:21.109 [scheduling-1] DEBUG o.h.e.t.internal.TransactionImpl - begin
13:59:21.110 [scheduling-1] DEBUG org.hibernate.SQL - 
    /* <criteria> */ select
        oe1_0.id,
        oe1_0.aggregate_id,
        oe1_0.aggregate_type,
        oe1_0.created_at,
        oe1_0.deleted,
        oe1_0.event_type,
        oe1_0.payload,
        oe1_0.published 
    from
        outbox_tbl oe1_0 
    where
        (
            oe1_0.deleted = 0
        ) 
        and oe1_0.published=0 
    order by
        oe1_0.created_at
13:59:21.111 [scheduling-1] DEBUG o.h.e.t.internal.TransactionImpl - committing
13:59:23.123 [scheduling-1] DEBUG o.h.e.t.internal.TransactionImpl - On TransactionImpl creation, JpaCompliance#isJpaTransactionComplianceEnabled == false
13:59:23.123 [scheduling-1] DEBUG o.h.e.t.internal.TransactionImpl - begin
13:59:23.124 [scheduling-1] DEBUG org.hibernate.SQL - 
    /* <criteria> */ select
        oe1_0.id,
        oe1_0.aggregate_id,
        oe1_0.aggregate_type,
        oe1_0.created_at,
        oe1_0.deleted,
        oe1_0.event_type,
        oe1_0.payload,
        oe1_0.published 
    from
        outbox_tbl oe1_0 
    where
        (
            oe1_0.deleted = 0
        ) 
        and oe1_0.published=0 
    order by
        oe1_0.created_at
13:59:23.125 [scheduling-1] DEBUG o.h.e.t.internal.TransactionImpl - committing
13:59:25.139 [scheduling-1] DEBUG o.h.e.t.internal.TransactionImpl - On TransactionImpl creation, JpaCompliance#isJpaTransactionComplianceEnabled == false
13:59:25.139 [scheduling-1] DEBUG o.h.e.t.internal.TransactionImpl - begin
13:59:25.141 [scheduling-1] DEBUG org.hibernate.SQL - 
    /* <criteria> */ select
        oe1_0.id,
        oe1_0.aggregate_id,
        oe1_0.aggregate_type,
        oe1_0.created_at,
        oe1_0.deleted,
        oe1_0.event_type,
        oe1_0.payload,
        oe1_0.published 
    from
        outbox_tbl oe1_0 
    where
        (
            oe1_0.deleted = 0
        ) 
        and oe1_0.published=0 
    order by
        oe1_0.created_at
13:59:25.142 [scheduling-1] DEBUG o.h.e.t.internal.TransactionImpl - committing
13:59:27.144 [scheduling-1] DEBUG o.h.e.t.internal.TransactionImpl - On TransactionImpl creation, JpaCompliance#isJpaTransactionComplianceEnabled == false
13:59:27.144 [scheduling-1] DEBUG o.h.e.t.internal.TransactionImpl - begin
13:59:27.145 [scheduling-1] DEBUG org.hibernate.SQL - 
    /* <criteria> */ select
        oe1_0.id,
        oe1_0.aggregate_id,
        oe1_0.aggregate_type,
        oe1_0.created_at,
        oe1_0.deleted,
        oe1_0.event_type,
        oe1_0.payload,
        oe1_0.published 
    from
        outbox_tbl oe1_0 
    where
        (
            oe1_0.deleted = 0
        ) 
        and oe1_0.published=0 
    order by
        oe1_0.created_at
13:59:27.146 [scheduling-1] DEBUG o.h.e.t.internal.TransactionImpl - committing
13:59:29.148 [scheduling-1] DEBUG o.h.e.t.internal.TransactionImpl - On TransactionImpl creation, JpaCompliance#isJpaTransactionComplianceEnabled == false
13:59:29.148 [scheduling-1] DEBUG o.h.e.t.internal.TransactionImpl - begin
13:59:29.150 [scheduling-1] DEBUG org.hibernate.SQL - 
    /* <criteria> */ select
        oe1_0.id,
        oe1_0.aggregate_id,
        oe1_0.aggregate_type,
        oe1_0.created_at,
        oe1_0.deleted,
        oe1_0.event_type,
        oe1_0.payload,
        oe1_0.published 
    from
        outbox_tbl oe1_0 
    where
        (
            oe1_0.deleted = 0
        ) 
        and oe1_0.published=0 
    order by
        oe1_0.created_at
13:59:29.151 [scheduling-1] DEBUG o.h.e.t.internal.TransactionImpl - committing
13:59:31.152 [scheduling-1] DEBUG o.h.e.t.internal.TransactionImpl - On TransactionImpl creation, JpaCompliance#isJpaTransactionComplianceEnabled == false
13:59:31.152 [scheduling-1] DEBUG o.h.e.t.internal.TransactionImpl - begin
13:59:31.153 [scheduling-1] DEBUG org.hibernate.SQL - 
    /* <criteria> */ select
        oe1_0.id,
        oe1_0.aggregate_id,
        oe1_0.aggregate_type,
        oe1_0.created_at,
        oe1_0.deleted,
        oe1_0.event_type,
        oe1_0.payload,
        oe1_0.published 
    from
        outbox_tbl oe1_0 
    where
        (
            oe1_0.deleted = 0
        ) 
        and oe1_0.published=0 
    order by
        oe1_0.created_at
13:59:31.154 [scheduling-1] DEBUG o.h.e.t.internal.TransactionImpl - committing
13:59:33.157 [scheduling-1] DEBUG o.h.e.t.internal.TransactionImpl - On TransactionImpl creation, JpaCompliance#isJpaTransactionComplianceEnabled == false
13:59:33.157 [scheduling-1] DEBUG o.h.e.t.internal.TransactionImpl - begin
13:59:33.159 [scheduling-1] DEBUG org.hibernate.SQL - 
    /* <criteria> */ select
        oe1_0.id,
        oe1_0.aggregate_id,
        oe1_0.aggregate_type,
        oe1_0.created_at,
        oe1_0.deleted,
        oe1_0.event_type,
        oe1_0.payload,
        oe1_0.published 
    from
        outbox_tbl oe1_0 
    where
        (
            oe1_0.deleted = 0
        ) 
        and oe1_0.published=0 
    order by
        oe1_0.created_at
13:59:33.160 [scheduling-1] DEBUG o.h.e.t.internal.TransactionImpl - committing
13:59:35.169 [scheduling-1] DEBUG o.h.e.t.internal.TransactionImpl - On TransactionImpl creation, JpaCompliance#isJpaTransactionComplianceEnabled == false
13:59:35.169 [scheduling-1] DEBUG o.h.e.t.internal.TransactionImpl - begin
13:59:35.171 [scheduling-1] DEBUG org.hibernate.SQL - 
    /* <criteria> */ select
        oe1_0.id,
        oe1_0.aggregate_id,
        oe1_0.aggregate_type,
        oe1_0.created_at,
        oe1_0.deleted,
        oe1_0.event_type,
        oe1_0.payload,
        oe1_0.published 
    from
        outbox_tbl oe1_0 
    where
        (
            oe1_0.deleted = 0
        ) 
        and oe1_0.published=0 
    order by
        oe1_0.created_at
13:59:35.172 [scheduling-1] DEBUG o.h.e.t.internal.TransactionImpl - committing
13:59:37.174 [scheduling-1] DEBUG o.h.e.t.internal.TransactionImpl - On TransactionImpl creation, JpaCompliance#isJpaTransactionComplianceEnabled == false
13:59:37.174 [scheduling-1] DEBUG o.h.e.t.internal.TransactionImpl - begin
13:59:37.175 [scheduling-1] DEBUG org.hibernate.SQL - 
    /* <criteria> */ select
        oe1_0.id,
        oe1_0.aggregate_id,
        oe1_0.aggregate_type,
        oe1_0.created_at,
        oe1_0.deleted,
        oe1_0.event_type,
        oe1_0.payload,
        oe1_0.published 
    from
        outbox_tbl oe1_0 
    where
        (
            oe1_0.deleted = 0
        ) 
        and oe1_0.published=0 
    order by
        oe1_0.created_at
13:59:37.176 [scheduling-1] DEBUG o.h.e.t.internal.TransactionImpl - committing
13:59:37.658 [org.springframework.kafka.KafkaListenerEndpointContainer#0-0-C-1] INFO  o.apache.kafka.clients.NetworkClient - [Consumer clientId=consumer-building-service-updater-1, groupId=building-service-updater] Node -1 disconnected.
13:59:37.658 [org.springframework.kafka.KafkaListenerEndpointContainer#0-0-C-1] WARN  o.apache.kafka.clients.NetworkClient - [Consumer clientId=consumer-building-service-updater-1, groupId=building-service-updater] Connection to node -1 (/100.99.137.56:9092) could not be established. Node may not be available.
13:59:37.658 [org.springframework.kafka.KafkaListenerEndpointContainer#0-0-C-1] WARN  o.apache.kafka.clients.NetworkClient - [Consumer clientId=consumer-building-service-updater-1, groupId=building-service-updater] Bootstrap broker 100.99.137.56:9092 (id: -1 rack: null) disconnected
13:59:39.188 [scheduling-1] DEBUG o.h.e.t.internal.TransactionImpl - On TransactionImpl creation, JpaCompliance#isJpaTransactionComplianceEnabled == false
13:59:39.188 [scheduling-1] DEBUG o.h.e.t.internal.TransactionImpl - begin
13:59:39.190 [scheduling-1] DEBUG org.hibernate.SQL - 
    /* <criteria> */ select
        oe1_0.id,
        oe1_0.aggregate_id,
        oe1_0.aggregate_type,
        oe1_0.created_at,
        oe1_0.deleted,
        oe1_0.event_type,
        oe1_0.payload,
        oe1_0.published 
    from
        outbox_tbl oe1_0 
    where
        (
            oe1_0.deleted = 0
        ) 
        and oe1_0.published=0 
    order by
        oe1_0.created_at
13:59:39.191 [scheduling-1] DEBUG o.h.e.t.internal.TransactionImpl - committing
13:59:41.202 [scheduling-1] DEBUG o.h.e.t.internal.TransactionImpl - On TransactionImpl creation, JpaCompliance#isJpaTransactionComplianceEnabled == false
13:59:41.203 [scheduling-1] DEBUG o.h.e.t.internal.TransactionImpl - begin
13:59:41.204 [scheduling-1] DEBUG org.hibernate.SQL - 
    /* <criteria> */ select
        oe1_0.id,
        oe1_0.aggregate_id,
        oe1_0.aggregate_type,
        oe1_0.created_at,
        oe1_0.deleted,
        oe1_0.event_type,
        oe1_0.payload,
        oe1_0.published 
    from
        outbox_tbl oe1_0 
    where
        (
            oe1_0.deleted = 0
        ) 
        and oe1_0.published=0 
    order by
        oe1_0.created_at
13:59:41.205 [scheduling-1] DEBUG o.h.e.t.internal.TransactionImpl - committing
13:59:43.213 [scheduling-1] DEBUG o.h.e.t.internal.TransactionImpl - On TransactionImpl creation, JpaCompliance#isJpaTransactionComplianceEnabled == false
13:59:43.213 [scheduling-1] DEBUG o.h.e.t.internal.TransactionImpl - begin
13:59:43.215 [scheduling-1] DEBUG org.hibernate.SQL - 
    /* <criteria> */ select
        oe1_0.id,
        oe1_0.aggregate_id,
        oe1_0.aggregate_type,
        oe1_0.created_at,
        oe1_0.deleted,
        oe1_0.event_type,
        oe1_0.payload,
        oe1_0.published 
    from
        outbox_tbl oe1_0 
    where
        (
            oe1_0.deleted = 0
        ) 
        and oe1_0.published=0 
    order by
        oe1_0.created_at
13:59:43.216 [scheduling-1] DEBUG o.h.e.t.internal.TransactionImpl - committing
13:59:45.217 [scheduling-1] DEBUG o.h.e.t.internal.TransactionImpl - On TransactionImpl creation, JpaCompliance#isJpaTransactionComplianceEnabled == false
13:59:45.217 [scheduling-1] DEBUG o.h.e.t.internal.TransactionImpl - begin
13:59:45.218 [scheduling-1] DEBUG org.hibernate.SQL - 
    /* <criteria> */ select
        oe1_0.id,
        oe1_0.aggregate_id,
        oe1_0.aggregate_type,
        oe1_0.created_at,
        oe1_0.deleted,
        oe1_0.event_type,
        oe1_0.payload,
        oe1_0.published 
    from
        outbox_tbl oe1_0 
    where
        (
            oe1_0.deleted = 0
        ) 
        and oe1_0.published=0 
    order by
        oe1_0.created_at
13:59:45.218 [scheduling-1] DEBUG o.h.e.t.internal.TransactionImpl - committing
13:59:47.221 [scheduling-1] DEBUG o.h.e.t.internal.TransactionImpl - On TransactionImpl creation, JpaCompliance#isJpaTransactionComplianceEnabled == false
13:59:47.221 [scheduling-1] DEBUG o.h.e.t.internal.TransactionImpl - begin
13:59:47.222 [scheduling-1] DEBUG org.hibernate.SQL - 
    /* <criteria> */ select
        oe1_0.id,
        oe1_0.aggregate_id,
        oe1_0.aggregate_type,
        oe1_0.created_at,
        oe1_0.deleted,
        oe1_0.event_type,
        oe1_0.payload,
        oe1_0.published 
    from
        outbox_tbl oe1_0 
    where
        (
            oe1_0.deleted = 0
        ) 
        and oe1_0.published=0 
    order by
        oe1_0.created_at
13:59:47.223 [scheduling-1] DEBUG o.h.e.t.internal.TransactionImpl - committing
13:59:49.085 [https-jsse-nio-8443-exec-7] DEBUG o.s.security.web.FilterChainProxy - Securing GET /tickets/1
13:59:49.085 [https-jsse-nio-8443-exec-7] DEBUG o.s.s.w.a.c.ChannelProcessingFilter - Request: filter invocation [GET /tickets/1]; ConfigAttributes: [REQUIRES_SECURE_CHANNEL]
13:59:49.085 [https-jsse-nio-8443-exec-7] DEBUG o.s.s.w.c.HttpSessionSecurityContextRepository - Retrieved SecurityContextImpl [Authentication=UsernamePasswordAuthenticationToken [Principal=ir.model.entity.CustomUserDetails@c7929e7, Credentials=[PROTECTED], Authenticated=true, Details=WebAuthenticationDetails [RemoteIpAddress=0:0:0:0:0:0:0:1, SessionId=B539BDB222AE93B4764371A97E7836A7], Granted Authorities=[TICKET_EDIT, BUILDING_DELETE, BUILDING_EDIT, BUILDING_CREATE, ROLE_ADMIN, TICKET_CREATE, TICKET_DELETE]]]
13:59:49.085 [https-jsse-nio-8443-exec-7] DEBUG o.s.security.web.FilterChainProxy - Secured GET /tickets/1
13:59:49.087 [https-jsse-nio-8443-exec-7] DEBUG o.s.jdbc.datasource.DataSourceUtils - Setting JDBC Connection [HikariProxyConnection@982024351 wrapping oracle.jdbc.driver.T4CConnection@799c2542] read-only
13:59:49.087 [https-jsse-nio-8443-exec-7] DEBUG o.h.e.t.internal.TransactionImpl - On TransactionImpl creation, JpaCompliance#isJpaTransactionComplianceEnabled == false
13:59:49.087 [https-jsse-nio-8443-exec-7] DEBUG o.h.e.t.internal.TransactionImpl - begin
13:59:49.087 [https-jsse-nio-8443-exec-7] DEBUG org.hibernate.SQL - 
    select
        t1_0.id,
        c1_0.username,
        c1_0.account_non_expired,
        c1_0.account_non_locked,
        c1_0.credentials_expiry_date,
        c1_0.credentials_non_expired,
        c1_0.deleted,
        c1_0.enabled,
        c1_0.password,
        rs1_0.username,
        rs1_1.name,
        rs1_1.deleted,
        ps1_0.role_name,
        ps1_1.id,
        ps1_1.deleted,
        ps1_1.permission,
        t1_0.date_time,
        t1_0.deleted,
        t1_0.score,
        s1_0.id,
        s1_0.building_id,
        s1_0.deleted,
        ps2_0.id,
        ps2_0.building_id,
        ps2_0.deleted,
        ps2_0.parent_section_id,
        ps2_0.title,
        s1_0.title,
        t1_0.status,
        t1_0.title 
    from
        ticket_tbl t1_0 
    left join
        user_tbl c1_0 
            on c1_0.username=t1_0.customer 
            and (c1_0.deleted = 0) 
    left join
        (user_role_tbl rs1_0 
    join
        role_tbl rs1_1 
            on rs1_1.name=rs1_0.role_name) 
        on c1_0.username=rs1_0.username 
        and ( rs1_1.deleted = 0) 
    left join
        (role_permission_tbl ps1_0 
    join
        permission_tbl ps1_1 
            on ps1_1.id=ps1_0.permission) 
        on rs1_1.name=ps1_0.role_name 
        and ( ps1_1.deleted = 0) 
    left join
        section_table s1_0 
            on s1_0.id=t1_0.section_id 
            and (s1_0.deleted = 0) 
    left join
        section_table ps2_0 
            on ps2_0.id=s1_0.parent_section_id 
            and (ps2_0.deleted = 0) 
    where
        t1_0.id=? 
        and (
            t1_0.deleted = 0
        )
13:59:49.088 [https-jsse-nio-8443-exec-7] TRACE org.hibernate.orm.jdbc.bind - binding parameter (1:BIGINT) <- [1]
13:59:49.089 [https-jsse-nio-8443-exec-7] TRACE org.hibernate.orm.jdbc.extract - extracted value (2:VARCHAR) -> [hadan]
13:59:49.089 [https-jsse-nio-8443-exec-7] TRACE org.hibernate.orm.jdbc.extract - extracted value (10:VARCHAR) -> [hadan]
13:59:49.089 [https-jsse-nio-8443-exec-7] TRACE org.hibernate.orm.jdbc.extract - extracted value (11:VARCHAR) -> [ROLE_CUSTOMER]
13:59:49.089 [https-jsse-nio-8443-exec-7] TRACE org.hibernate.orm.jdbc.extract - extracted value (13:VARCHAR) -> [ROLE_CUSTOMER]
13:59:49.089 [https-jsse-nio-8443-exec-7] TRACE org.hibernate.orm.jdbc.extract - extracted value (14:BIGINT) -> [1]
13:59:49.089 [https-jsse-nio-8443-exec-7] TRACE org.hibernate.orm.jdbc.extract - extracted value (20:BIGINT) -> [3]
13:59:49.089 [https-jsse-nio-8443-exec-7] TRACE org.hibernate.orm.jdbc.extract - extracted value (23:BIGINT) -> [1]
13:59:49.090 [https-jsse-nio-8443-exec-7] TRACE org.hibernate.orm.jdbc.extract - extracted value (21:BIGINT) -> [null]
13:59:49.090 [https-jsse-nio-8443-exec-7] TRACE org.hibernate.orm.jdbc.extract - extracted value (24:BIGINT) -> [54]
13:59:49.090 [https-jsse-nio-8443-exec-7] TRACE org.hibernate.orm.jdbc.extract - extracted value (26:BIGINT) -> [null]
13:59:49.090 [https-jsse-nio-8443-exec-7] TRACE org.hibernate.orm.jdbc.extract - extracted value (15:BOOLEAN) -> [false]
13:59:49.090 [https-jsse-nio-8443-exec-7] TRACE org.hibernate.orm.jdbc.extract - extracted value (16:VARCHAR) -> [TICKET_CREATE]
13:59:49.090 [https-jsse-nio-8443-exec-7] TRACE org.hibernate.orm.jdbc.extract - extracted value (12:BOOLEAN) -> [false]
13:59:49.090 [https-jsse-nio-8443-exec-7] TRACE org.hibernate.orm.jdbc.extract - extracted value (3:BOOLEAN) -> [true]
13:59:49.090 [https-jsse-nio-8443-exec-7] TRACE org.hibernate.orm.jdbc.extract - extracted value (4:BOOLEAN) -> [true]
13:59:49.090 [https-jsse-nio-8443-exec-7] TRACE org.hibernate.orm.jdbc.extract - extracted value (5:TIMESTAMP) -> [2026-07-15T10:11:55.759022]
13:59:49.090 [https-jsse-nio-8443-exec-7] TRACE org.hibernate.orm.jdbc.extract - extracted value (6:BOOLEAN) -> [true]
13:59:49.090 [https-jsse-nio-8443-exec-7] TRACE org.hibernate.orm.jdbc.extract - extracted value (7:BOOLEAN) -> [false]
13:59:49.090 [https-jsse-nio-8443-exec-7] TRACE org.hibernate.orm.jdbc.extract - extracted value (8:BOOLEAN) -> [true]
13:59:49.090 [https-jsse-nio-8443-exec-7] TRACE org.hibernate.orm.jdbc.extract - extracted value (9:VARCHAR) -> [$2a$12$pGZHMXEgTAfgatCgqkj6uuOfHiTD7wYxADVoQrlWQtumAAqOwT71.]
13:59:49.090 [https-jsse-nio-8443-exec-7] TRACE org.hibernate.orm.jdbc.extract - extracted value (25:BOOLEAN) -> [false]
13:59:49.090 [https-jsse-nio-8443-exec-7] TRACE org.hibernate.orm.jdbc.extract - extracted value (27:VARCHAR) -> [MAIN SECTION]
13:59:49.090 [https-jsse-nio-8443-exec-7] TRACE org.hibernate.orm.jdbc.extract - extracted value (22:BOOLEAN) -> [false]
13:59:49.090 [https-jsse-nio-8443-exec-7] TRACE org.hibernate.orm.jdbc.extract - extracted value (28:VARCHAR) -> [TRANSPORT]
13:59:49.091 [https-jsse-nio-8443-exec-7] TRACE org.hibernate.orm.jdbc.extract - extracted value (17:TIMESTAMP) -> [2026-01-19T10:41:35.312182]
13:59:49.091 [https-jsse-nio-8443-exec-7] TRACE org.hibernate.orm.jdbc.extract - extracted value (18:BOOLEAN) -> [false]
13:59:49.091 [https-jsse-nio-8443-exec-7] TRACE org.hibernate.orm.jdbc.extract - extracted value (19:INTEGER) -> [null]
13:59:49.091 [https-jsse-nio-8443-exec-7] TRACE org.hibernate.orm.jdbc.extract - extracted value (29:TINYINT) -> [Closed]
13:59:49.091 [https-jsse-nio-8443-exec-7] TRACE org.hibernate.orm.jdbc.extract - extracted value (30:VARCHAR) -> [first ticket]
13:59:49.091 [https-jsse-nio-8443-exec-7] DEBUG org.hibernate.SQL - 
    select
        csl1_0.parent_section_id,
        csl1_0.id,
        csl1_0.building_id,
        csl1_0.deleted,
        csl1_0.title 
    from
        section_table csl1_0 
    where
        csl1_0.parent_section_id=? 
        and (
            csl1_0.deleted = 0
        )
13:59:49.091 [https-jsse-nio-8443-exec-7] TRACE org.hibernate.orm.jdbc.bind - binding parameter (1:BIGINT) <- [1]
13:59:49.092 [https-jsse-nio-8443-exec-7] TRACE org.hibernate.orm.jdbc.extract - extracted value (1:BIGINT) -> [1]
13:59:49.092 [https-jsse-nio-8443-exec-7] TRACE org.hibernate.orm.jdbc.extract - extracted value (2:BIGINT) -> [2]
13:59:49.092 [https-jsse-nio-8443-exec-7] TRACE org.hibernate.orm.jdbc.extract - extracted value (3:BIGINT) -> [23]
13:59:49.092 [https-jsse-nio-8443-exec-7] TRACE org.hibernate.orm.jdbc.extract - extracted value (4:BOOLEAN) -> [false]
13:59:49.092 [https-jsse-nio-8443-exec-7] TRACE org.hibernate.orm.jdbc.extract - extracted value (5:VARCHAR) -> [HSE]
13:59:49.092 [https-jsse-nio-8443-exec-7] TRACE org.hibernate.orm.jdbc.extract - extracted value (1:BIGINT) -> [1]
13:59:49.092 [https-jsse-nio-8443-exec-7] TRACE org.hibernate.orm.jdbc.extract - extracted value (2:BIGINT) -> [3]
13:59:49.093 [https-jsse-nio-8443-exec-7] DEBUG org.hibernate.SQL - 
    select
        csl1_0.parent_section_id,
        csl1_0.id,
        csl1_0.building_id,
        csl1_0.deleted,
        csl1_0.title 
    from
        section_table csl1_0 
    where
        csl1_0.parent_section_id=? 
        and (
            csl1_0.deleted = 0
        )
13:59:49.093 [https-jsse-nio-8443-exec-7] TRACE org.hibernate.orm.jdbc.bind - binding parameter (1:BIGINT) <- [3]
13:59:49.093 [https-jsse-nio-8443-exec-7] TRACE org.hibernate.orm.jdbc.extract - extracted value (1:BIGINT) -> [3]
13:59:49.093 [https-jsse-nio-8443-exec-7] TRACE org.hibernate.orm.jdbc.extract - extracted value (2:BIGINT) -> [4]
13:59:49.094 [https-jsse-nio-8443-exec-7] TRACE org.hibernate.orm.jdbc.extract - extracted value (3:BIGINT) -> [23]
13:59:49.094 [https-jsse-nio-8443-exec-7] TRACE org.hibernate.orm.jdbc.extract - extracted value (4:BOOLEAN) -> [false]
13:59:49.094 [https-jsse-nio-8443-exec-7] TRACE org.hibernate.orm.jdbc.extract - extracted value (5:VARCHAR) -> [BUS]
13:59:49.094 [https-jsse-nio-8443-exec-7] TRACE org.hibernate.orm.jdbc.extract - extracted value (1:BIGINT) -> [3]
13:59:49.094 [https-jsse-nio-8443-exec-7] TRACE org.hibernate.orm.jdbc.extract - extracted value (2:BIGINT) -> [5]
13:59:49.094 [https-jsse-nio-8443-exec-7] TRACE org.hibernate.orm.jdbc.extract - extracted value (3:BIGINT) -> [null]
13:59:49.094 [https-jsse-nio-8443-exec-7] TRACE org.hibernate.orm.jdbc.extract - extracted value (4:BOOLEAN) -> [false]
13:59:49.094 [https-jsse-nio-8443-exec-7] TRACE org.hibernate.orm.jdbc.extract - extracted value (5:VARCHAR) -> [TAXI]
13:59:49.094 [https-jsse-nio-8443-exec-7] TRACE org.hibernate.orm.jdbc.extract - extracted value (1:BIGINT) -> [3]
13:59:49.094 [https-jsse-nio-8443-exec-7] TRACE org.hibernate.orm.jdbc.extract - extracted value (2:BIGINT) -> [21]
13:59:49.094 [https-jsse-nio-8443-exec-7] TRACE org.hibernate.orm.jdbc.extract - extracted value (3:BIGINT) -> [null]
13:59:49.094 [https-jsse-nio-8443-exec-7] TRACE org.hibernate.orm.jdbc.extract - extracted value (4:BOOLEAN) -> [false]
13:59:49.094 [https-jsse-nio-8443-exec-7] TRACE org.hibernate.orm.jdbc.extract - extracted value (5:VARCHAR) -> [TEST B]
13:59:49.095 [https-jsse-nio-8443-exec-7] DEBUG org.hibernate.SQL - 
    select
        csl1_0.parent_section_id,
        csl1_0.id,
        csl1_0.building_id,
        csl1_0.deleted,
        csl1_0.title 
    from
        section_table csl1_0 
    where
        csl1_0.parent_section_id=? 
        and (
            csl1_0.deleted = 0
        )
13:59:49.095 [https-jsse-nio-8443-exec-7] TRACE org.hibernate.orm.jdbc.bind - binding parameter (1:BIGINT) <- [21]
13:59:49.096 [https-jsse-nio-8443-exec-7] DEBUG org.hibernate.SQL - 
    select
        csl1_0.parent_section_id,
        csl1_0.id,
        csl1_0.building_id,
        csl1_0.deleted,
        csl1_0.title 
    from
        section_table csl1_0 
    where
        csl1_0.parent_section_id=? 
        and (
            csl1_0.deleted = 0
        )
13:59:49.096 [https-jsse-nio-8443-exec-7] TRACE org.hibernate.orm.jdbc.bind - binding parameter (1:BIGINT) <- [5]
13:59:49.097 [https-jsse-nio-8443-exec-7] DEBUG org.hibernate.SQL - 
    select
        csl1_0.parent_section_id,
        csl1_0.id,
        csl1_0.building_id,
        csl1_0.deleted,
        csl1_0.title 
    from
        section_table csl1_0 
    where
        csl1_0.parent_section_id=? 
        and (
            csl1_0.deleted = 0
        )
13:59:49.097 [https-jsse-nio-8443-exec-7] TRACE org.hibernate.orm.jdbc.bind - binding parameter (1:BIGINT) <- [4]
13:59:49.098 [https-jsse-nio-8443-exec-7] DEBUG org.hibernate.SQL - 
    select
        csl1_0.parent_section_id,
        csl1_0.id,
        csl1_0.building_id,
        csl1_0.deleted,
        csl1_0.title 
    from
        section_table csl1_0 
    where
        csl1_0.parent_section_id=? 
        and (
            csl1_0.deleted = 0
        )
13:59:49.098 [https-jsse-nio-8443-exec-7] TRACE org.hibernate.orm.jdbc.bind - binding parameter (1:BIGINT) <- [2]
13:59:49.098 [https-jsse-nio-8443-exec-7] DEBUG o.h.e.t.internal.TransactionImpl - committing
13:59:49.099 [https-jsse-nio-8443-exec-7] DEBUG o.s.jdbc.datasource.DataSourceUtils - Resetting read-only flag of JDBC Connection [HikariProxyConnection@982024351 wrapping oracle.jdbc.driver.T4CConnection@799c2542]
13:59:49.099 [https-jsse-nio-8443-exec-7] DEBUG org.hibernate.SQL - 
    /* <criteria> */ select
        m1_0.id,
        m1_0.content,
        m1_0.date_time,
        m1_0.deleted,
        m1_0.sender_role_name,
        m1_0.sender_username,
        m1_0.ticket_id 
    from
        message_tbl m1_0 
    where
        (
            m1_0.deleted = 0
        ) 
        and m1_0.ticket_id=? 
    order by
        m1_0.date_time
13:59:49.100 [https-jsse-nio-8443-exec-7] TRACE org.hibernate.orm.jdbc.bind - binding parameter (1:BIGINT) <- [1]
13:59:49.100 [https-jsse-nio-8443-exec-7] TRACE org.hibernate.orm.jdbc.extract - extracted value (1:BIGINT) -> [1]
13:59:49.100 [https-jsse-nio-8443-exec-7] TRACE org.hibernate.orm.jdbc.extract - extracted value (2:VARCHAR) -> [با سلام]
13:59:49.101 [https-jsse-nio-8443-exec-7] TRACE org.hibernate.orm.jdbc.extract - extracted value (3:TIMESTAMP) -> [2026-01-19T10:41:35.324782]
13:59:49.101 [https-jsse-nio-8443-exec-7] TRACE org.hibernate.orm.jdbc.extract - extracted value (4:BOOLEAN) -> [false]
13:59:49.101 [https-jsse-nio-8443-exec-7] TRACE org.hibernate.orm.jdbc.extract - extracted value (5:VARCHAR) -> [ROLE_CUSTOMER]
13:59:49.101 [https-jsse-nio-8443-exec-7] TRACE org.hibernate.orm.jdbc.extract - extracted value (6:VARCHAR) -> [hadan]
13:59:49.101 [https-jsse-nio-8443-exec-7] TRACE org.hibernate.orm.jdbc.extract - extracted value (7:BIGINT) -> [1]
13:59:49.101 [https-jsse-nio-8443-exec-7] TRACE org.hibernate.orm.jdbc.extract - extracted value (1:BIGINT) -> [2]
13:59:49.101 [https-jsse-nio-8443-exec-7] TRACE org.hibernate.orm.jdbc.extract - extracted value (2:VARCHAR) -> [null]
13:59:49.101 [https-jsse-nio-8443-exec-7] TRACE org.hibernate.orm.jdbc.extract - extracted value (3:TIMESTAMP) -> [2026-01-19T10:41:46.827994]
13:59:49.101 [https-jsse-nio-8443-exec-7] TRACE org.hibernate.orm.jdbc.extract - extracted value (4:BOOLEAN) -> [false]
13:59:49.101 [https-jsse-nio-8443-exec-7] TRACE org.hibernate.orm.jdbc.extract - extracted value (5:VARCHAR) -> [ROLE_CUSTOMER]
13:59:49.101 [https-jsse-nio-8443-exec-7] TRACE org.hibernate.orm.jdbc.extract - extracted value (6:VARCHAR) -> [hadan]
13:59:49.101 [https-jsse-nio-8443-exec-7] TRACE org.hibernate.orm.jdbc.extract - extracted value (7:BIGINT) -> [1]
13:59:49.101 [https-jsse-nio-8443-exec-7] TRACE org.hibernate.orm.jdbc.extract - extracted value (1:BIGINT) -> [3]
13:59:49.101 [https-jsse-nio-8443-exec-7] TRACE org.hibernate.orm.jdbc.extract - extracted value (2:VARCHAR) -> [عکس فرستادم]
13:59:49.101 [https-jsse-nio-8443-exec-7] TRACE org.hibernate.orm.jdbc.extract - extracted value (3:TIMESTAMP) -> [2026-01-19T10:42:02.618480]
13:59:49.101 [https-jsse-nio-8443-exec-7] TRACE org.hibernate.orm.jdbc.extract - extracted value (4:BOOLEAN) -> [false]
13:59:49.101 [https-jsse-nio-8443-exec-7] TRACE org.hibernate.orm.jdbc.extract - extracted value (5:VARCHAR) -> [ROLE_CUSTOMER]
13:59:49.101 [https-jsse-nio-8443-exec-7] TRACE org.hibernate.orm.jdbc.extract - extracted value (6:VARCHAR) -> [hadan]
13:59:49.101 [https-jsse-nio-8443-exec-7] TRACE org.hibernate.orm.jdbc.extract - extracted value (7:BIGINT) -> [1]
13:59:49.101 [https-jsse-nio-8443-exec-7] TRACE org.hibernate.orm.jdbc.extract - extracted value (1:BIGINT) -> [4]
13:59:49.101 [https-jsse-nio-8443-exec-7] TRACE org.hibernate.orm.jdbc.extract - extracted value (2:VARCHAR) -> [null]
13:59:49.101 [https-jsse-nio-8443-exec-7] TRACE org.hibernate.orm.jdbc.extract - extracted value (3:TIMESTAMP) -> [2026-01-19T10:42:25.008481]
13:59:49.101 [https-jsse-nio-8443-exec-7] TRACE org.hibernate.orm.jdbc.extract - extracted value (4:BOOLEAN) -> [false]
13:59:49.101 [https-jsse-nio-8443-exec-7] TRACE org.hibernate.orm.jdbc.extract - extracted value (5:VARCHAR) -> [ROLE_CUSTOMER]
13:59:49.101 [https-jsse-nio-8443-exec-7] TRACE org.hibernate.orm.jdbc.extract - extracted value (6:VARCHAR) -> [hadan]
13:59:49.101 [https-jsse-nio-8443-exec-7] TRACE org.hibernate.orm.jdbc.extract - extracted value (7:BIGINT) -> [1]
13:59:49.101 [https-jsse-nio-8443-exec-7] TRACE org.hibernate.orm.jdbc.extract - extracted value (1:BIGINT) -> [5]
13:59:49.102 [https-jsse-nio-8443-exec-7] TRACE org.hibernate.orm.jdbc.extract - extracted value (2:VARCHAR) -> [salam]
13:59:49.102 [https-jsse-nio-8443-exec-7] TRACE org.hibernate.orm.jdbc.extract - extracted value (3:TIMESTAMP) -> [2026-01-19T12:18:41.012601]
13:59:49.102 [https-jsse-nio-8443-exec-7] TRACE org.hibernate.orm.jdbc.extract - extracted value (4:BOOLEAN) -> [false]
13:59:49.102 [https-jsse-nio-8443-exec-7] TRACE org.hibernate.orm.jdbc.extract - extracted value (5:VARCHAR) -> [ROLE_ADMIN]
13:59:49.102 [https-jsse-nio-8443-exec-7] TRACE org.hibernate.orm.jdbc.extract - extracted value (6:VARCHAR) -> [ali]
13:59:49.102 [https-jsse-nio-8443-exec-7] TRACE org.hibernate.orm.jdbc.extract - extracted value (7:BIGINT) -> [1]
13:59:49.102 [https-jsse-nio-8443-exec-7] INFO  i.c.exception.ResponseAspect - Web Controller: showTicketMessages
13:59:49.121 [https-jsse-nio-8443-exec-7] DEBUG org.hibernate.SQL - 
    select
        a1_0.message_id,
        a1_0.id,
        a1_0.attach_time,
        a1_0.deleted,
        a1_0.description,
        a1_0.extracted_text,
        a1_0.file_name,
        a1_0.file_size,
        a1_0.file_type,
        a1_0.mongo_file_id 
    from
        attachment_tbl a1_0 
    where
        a1_0.message_id=? 
        and (
            a1_0.deleted = 0
        )
13:59:49.121 [https-jsse-nio-8443-exec-7] TRACE org.hibernate.orm.jdbc.bind - binding parameter (1:BIGINT) <- [1]
13:59:49.123 [https-jsse-nio-8443-exec-7] DEBUG org.hibernate.SQL - 
    select
        a1_0.message_id,
        a1_0.id,
        a1_0.attach_time,
        a1_0.deleted,
        a1_0.description,
        a1_0.extracted_text,
        a1_0.file_name,
        a1_0.file_size,
        a1_0.file_type,
        a1_0.mongo_file_id 
    from
        attachment_tbl a1_0 
    where
        a1_0.message_id=? 
        and (
            a1_0.deleted = 0
        )
13:59:49.124 [https-jsse-nio-8443-exec-7] TRACE org.hibernate.orm.jdbc.bind - binding parameter (1:BIGINT) <- [2]
13:59:49.125 [https-jsse-nio-8443-exec-7] TRACE org.hibernate.orm.jdbc.extract - extracted value (1:BIGINT) -> [2]
13:59:49.125 [https-jsse-nio-8443-exec-7] TRACE org.hibernate.orm.jdbc.extract - extracted value (2:BIGINT) -> [41]
13:59:49.125 [https-jsse-nio-8443-exec-7] DEBUG org.hibernate.SQL - 
    select
        p1_0.id,
        p1_0.deleted,
        p1_0.email,
        p1_0.first_name,
        p1_0.last_name,
        p1_0.phone,
        p1_0.attachment_id,
        p1_0.username 
    from
        profile_tbl p1_0 
    where
        p1_0.attachment_id=? 
        and (
            p1_0.deleted = 0
        )
13:59:49.125 [https-jsse-nio-8443-exec-7] TRACE org.hibernate.orm.jdbc.bind - binding parameter (1:BIGINT) <- [41]
13:59:49.126 [https-jsse-nio-8443-exec-7] TRACE org.hibernate.orm.jdbc.extract - extracted value (3:TIMESTAMP) -> [2026-01-19T10:41:46.881993]
13:59:49.126 [https-jsse-nio-8443-exec-7] TRACE org.hibernate.orm.jdbc.extract - extracted value (4:BOOLEAN) -> [false]
13:59:49.126 [https-jsse-nio-8443-exec-7] TRACE org.hibernate.orm.jdbc.extract - extracted value (5:VARCHAR) -> [null]
13:59:49.126 [https-jsse-nio-8443-exec-7] TRACE org.hibernate.orm.jdbc.extract - extracted value (6:VARCHAR) -> [null]
13:59:49.126 [https-jsse-nio-8443-exec-7] TRACE org.hibernate.orm.jdbc.extract - extracted value (7:VARCHAR) -> [545ty.jpg]
13:59:49.126 [https-jsse-nio-8443-exec-7] TRACE org.hibernate.orm.jdbc.extract - extracted value (8:BIGINT) -> [65295]
13:59:49.126 [https-jsse-nio-8443-exec-7] TRACE org.hibernate.orm.jdbc.extract - extracted value (9:TINYINT) -> [JPG]
13:59:49.126 [https-jsse-nio-8443-exec-7] TRACE org.hibernate.orm.jdbc.extract - extracted value (10:VARCHAR) -> [696dd932eca58453fd4abac2]
13:59:49.128 [https-jsse-nio-8443-exec-7] DEBUG org.hibernate.SQL - 
    select
        a1_0.message_id,
        a1_0.id,
        a1_0.attach_time,
        a1_0.deleted,
        a1_0.description,
        a1_0.extracted_text,
        a1_0.file_name,
        a1_0.file_size,
        a1_0.file_type,
        a1_0.mongo_file_id 
    from
        attachment_tbl a1_0 
    where
        a1_0.message_id=? 
        and (
            a1_0.deleted = 0
        )
13:59:49.128 [https-jsse-nio-8443-exec-7] TRACE org.hibernate.orm.jdbc.bind - binding parameter (1:BIGINT) <- [3]
13:59:49.129 [https-jsse-nio-8443-exec-7] TRACE org.hibernate.orm.jdbc.extract - extracted value (1:BIGINT) -> [3]
13:59:49.129 [https-jsse-nio-8443-exec-7] TRACE org.hibernate.orm.jdbc.extract - extracted value (2:BIGINT) -> [42]
13:59:49.129 [https-jsse-nio-8443-exec-7] DEBUG org.hibernate.SQL - 
    select
        p1_0.id,
        p1_0.deleted,
        p1_0.email,
        p1_0.first_name,
        p1_0.last_name,
        p1_0.phone,
        p1_0.attachment_id,
        p1_0.username 
    from
        profile_tbl p1_0 
    where
        p1_0.attachment_id=? 
        and (
            p1_0.deleted = 0
        )
13:59:49.129 [https-jsse-nio-8443-exec-7] TRACE org.hibernate.orm.jdbc.bind - binding parameter (1:BIGINT) <- [42]
13:59:49.130 [https-jsse-nio-8443-exec-7] TRACE org.hibernate.orm.jdbc.extract - extracted value (3:TIMESTAMP) -> [2026-01-19T10:42:02.623480]
13:59:49.130 [https-jsse-nio-8443-exec-7] TRACE org.hibernate.orm.jdbc.extract - extracted value (4:BOOLEAN) -> [false]
13:59:49.130 [https-jsse-nio-8443-exec-7] TRACE org.hibernate.orm.jdbc.extract - extracted value (5:VARCHAR) -> [null]
13:59:49.130 [https-jsse-nio-8443-exec-7] TRACE org.hibernate.orm.jdbc.extract - extracted value (6:VARCHAR) -> [null]
13:59:49.130 [https-jsse-nio-8443-exec-7] TRACE org.hibernate.orm.jdbc.extract - extracted value (7:VARCHAR) -> [216-2168192_raffle-tickets-vector.png]
13:59:49.130 [https-jsse-nio-8443-exec-7] TRACE org.hibernate.orm.jdbc.extract - extracted value (8:BIGINT) -> [131739]
13:59:49.130 [https-jsse-nio-8443-exec-7] TRACE org.hibernate.orm.jdbc.extract - extracted value (9:TINYINT) -> [PNG]
13:59:49.130 [https-jsse-nio-8443-exec-7] TRACE org.hibernate.orm.jdbc.extract - extracted value (10:VARCHAR) -> [696dd942eca58453fd4abac4]
13:59:49.132 [https-jsse-nio-8443-exec-7] DEBUG org.hibernate.SQL - 
    select
        a1_0.message_id,
        a1_0.id,
        a1_0.attach_time,
        a1_0.deleted,
        a1_0.description,
        a1_0.extracted_text,
        a1_0.file_name,
        a1_0.file_size,
        a1_0.file_type,
        a1_0.mongo_file_id 
    from
        attachment_tbl a1_0 
    where
        a1_0.message_id=? 
        and (
            a1_0.deleted = 0
        )
13:59:49.132 [https-jsse-nio-8443-exec-7] TRACE org.hibernate.orm.jdbc.bind - binding parameter (1:BIGINT) <- [4]
13:59:49.133 [https-jsse-nio-8443-exec-7] TRACE org.hibernate.orm.jdbc.extract - extracted value (1:BIGINT) -> [4]
13:59:49.133 [https-jsse-nio-8443-exec-7] TRACE org.hibernate.orm.jdbc.extract - extracted value (2:BIGINT) -> [43]
13:59:49.133 [https-jsse-nio-8443-exec-7] DEBUG org.hibernate.SQL - 
    select
        p1_0.id,
        p1_0.deleted,
        p1_0.email,
        p1_0.first_name,
        p1_0.last_name,
        p1_0.phone,
        p1_0.attachment_id,
        p1_0.username 
    from
        profile_tbl p1_0 
    where
        p1_0.attachment_id=? 
        and (
            p1_0.deleted = 0
        )
13:59:49.133 [https-jsse-nio-8443-exec-7] TRACE org.hibernate.orm.jdbc.bind - binding parameter (1:BIGINT) <- [43]
13:59:49.134 [https-jsse-nio-8443-exec-7] TRACE org.hibernate.orm.jdbc.extract - extracted value (3:TIMESTAMP) -> [2026-01-19T10:42:25.015480]
13:59:49.134 [https-jsse-nio-8443-exec-7] TRACE org.hibernate.orm.jdbc.extract - extracted value (4:BOOLEAN) -> [false]
13:59:49.134 [https-jsse-nio-8443-exec-7] TRACE org.hibernate.orm.jdbc.extract - extracted value (5:VARCHAR) -> [null]
13:59:49.134 [https-jsse-nio-8443-exec-7] TRACE org.hibernate.orm.jdbc.extract - extracted value (6:VARCHAR) -> [تراکنش موفق

انتقال وجه کارت به کارت
تاریخ ۷1 ۱۳۹۸/۱۱/۱۶
مبلغ ۰ ۱۹۹ ریال
کارت مبدا [ ۳[ 0۵ زوس باراد ض
کارت مقصد ۳ ۴ ۶ ۴ مس مدرد ۹
شماره مرجع 5 ۱۸۲۱۳۶

شماره مرجع بانک : ۹ ۷۷۹۸۵۴۲۳۶۲

کد پیگیری بانک : ۹۶۴۴۶۴ ۶۷ ۵۸۵۱۲

سفر به اروپا و روزانه یک گوشی هوشمند ویژه استفاده از خدمات
اپلیکیشن آپ,اطلاعات بیشتر در تلگرا ام آپ
۲۵6/۸۳3 //:
۵ که
۹ ای
]
13:59:49.134 [https-jsse-nio-8443-exec-7] TRACE org.hibernate.orm.jdbc.extract - extracted value (7:VARCHAR) -> [bill1.jpg]
13:59:49.134 [https-jsse-nio-8443-exec-7] TRACE org.hibernate.orm.jdbc.extract - extracted value (8:BIGINT) -> [508161]
13:59:49.134 [https-jsse-nio-8443-exec-7] TRACE org.hibernate.orm.jdbc.extract - extracted value (9:TINYINT) -> [JPG]
13:59:49.134 [https-jsse-nio-8443-exec-7] TRACE org.hibernate.orm.jdbc.extract - extracted value (10:VARCHAR) -> [696dd959eca58453fd4abac6]
13:59:49.136 [https-jsse-nio-8443-exec-7] DEBUG org.hibernate.SQL - 
    select
        a1_0.message_id,
        a1_0.id,
        a1_0.attach_time,
        a1_0.deleted,
        a1_0.description,
        a1_0.extracted_text,
        a1_0.file_name,
        a1_0.file_size,
        a1_0.file_type,
        a1_0.mongo_file_id 
    from
        attachment_tbl a1_0 
    where
        a1_0.message_id=? 
        and (
            a1_0.deleted = 0
        )
13:59:49.136 [https-jsse-nio-8443-exec-7] TRACE org.hibernate.orm.jdbc.bind - binding parameter (1:BIGINT) <- [5]
13:59:49.152 [https-jsse-nio-8443-exec-2] DEBUG o.s.security.web.FilterChainProxy - Securing GET /css/reset.css
13:59:49.152 [https-jsse-nio-8443-exec-2] DEBUG o.s.s.w.a.c.ChannelProcessingFilter - Request: filter invocation [GET /css/reset.css]; ConfigAttributes: [REQUIRES_SECURE_CHANNEL]
13:59:49.152 [https-jsse-nio-8443-exec-2] DEBUG o.s.security.web.FilterChainProxy - Secured GET /css/reset.css
13:59:49.154 [https-jsse-nio-8443-exec-2] DEBUG o.s.s.w.c.HttpSessionSecurityContextRepository - Retrieved SecurityContextImpl [Authentication=UsernamePasswordAuthenticationToken [Principal=ir.model.entity.CustomUserDetails@c7929e7, Credentials=[PROTECTED], Authenticated=true, Details=WebAuthenticationDetails [RemoteIpAddress=0:0:0:0:0:0:0:1, SessionId=B539BDB222AE93B4764371A97E7836A7], Granted Authorities=[TICKET_EDIT, BUILDING_DELETE, BUILDING_EDIT, BUILDING_CREATE, ROLE_ADMIN, TICKET_CREATE, TICKET_DELETE]]]
13:59:49.157 [https-jsse-nio-8443-exec-7] DEBUG o.s.security.web.FilterChainProxy - Securing GET /css/bootstrap.min.css
13:59:49.157 [https-jsse-nio-8443-exec-7] DEBUG o.s.s.w.a.c.ChannelProcessingFilter - Request: filter invocation [GET /css/bootstrap.min.css]; ConfigAttributes: [REQUIRES_SECURE_CHANNEL]
13:59:49.157 [https-jsse-nio-8443-exec-7] DEBUG o.s.security.web.FilterChainProxy - Secured GET /css/bootstrap.min.css
13:59:49.176 [https-jsse-nio-8443-exec-7] DEBUG o.s.s.w.c.HttpSessionSecurityContextRepository - Retrieved SecurityContextImpl [Authentication=UsernamePasswordAuthenticationToken [Principal=ir.model.entity.CustomUserDetails@c7929e7, Credentials=[PROTECTED], Authenticated=true, Details=WebAuthenticationDetails [RemoteIpAddress=0:0:0:0:0:0:0:1, SessionId=B539BDB222AE93B4764371A97E7836A7], Granted Authorities=[TICKET_EDIT, BUILDING_DELETE, BUILDING_EDIT, BUILDING_CREATE, ROLE_ADMIN, TICKET_CREATE, TICKET_DELETE]]]
13:59:49.177 [https-jsse-nio-8443-exec-7] DEBUG o.s.security.web.FilterChainProxy - Securing GET /css/fonts.min.css
13:59:49.177 [https-jsse-nio-8443-exec-7] DEBUG o.s.s.w.a.c.ChannelProcessingFilter - Request: filter invocation [GET /css/fonts.min.css]; ConfigAttributes: [REQUIRES_SECURE_CHANNEL]
13:59:49.178 [https-jsse-nio-8443-exec-7] DEBUG o.s.security.web.FilterChainProxy - Secured GET /css/fonts.min.css
13:59:49.180 [https-jsse-nio-8443-exec-7] DEBUG o.s.s.w.c.HttpSessionSecurityContextRepository - Retrieved SecurityContextImpl [Authentication=UsernamePasswordAuthenticationToken [Principal=ir.model.entity.CustomUserDetails@c7929e7, Credentials=[PROTECTED], Authenticated=true, Details=WebAuthenticationDetails [RemoteIpAddress=0:0:0:0:0:0:0:1, SessionId=B539BDB222AE93B4764371A97E7836A7], Granted Authorities=[TICKET_EDIT, BUILDING_DELETE, BUILDING_EDIT, BUILDING_CREATE, ROLE_ADMIN, TICKET_CREATE, TICKET_DELETE]]]
13:59:49.182 [https-jsse-nio-8443-exec-8] DEBUG o.s.security.web.FilterChainProxy - Securing GET /css/toast.css
13:59:49.182 [https-jsse-nio-8443-exec-8] DEBUG o.s.s.w.a.c.ChannelProcessingFilter - Request: filter invocation [GET /css/toast.css]; ConfigAttributes: [REQUIRES_SECURE_CHANNEL]
13:59:49.183 [https-jsse-nio-8443-exec-8] DEBUG o.s.security.web.FilterChainProxy - Secured GET /css/toast.css
13:59:49.185 [https-jsse-nio-8443-exec-8] DEBUG o.s.s.w.c.HttpSessionSecurityContextRepository - Retrieved SecurityContextImpl [Authentication=UsernamePasswordAuthenticationToken [Principal=ir.model.entity.CustomUserDetails@c7929e7, Credentials=[PROTECTED], Authenticated=true, Details=WebAuthenticationDetails [RemoteIpAddress=0:0:0:0:0:0:0:1, SessionId=B539BDB222AE93B4764371A97E7836A7], Granted Authorities=[TICKET_EDIT, BUILDING_DELETE, BUILDING_EDIT, BUILDING_CREATE, ROLE_ADMIN, TICKET_CREATE, TICKET_DELETE]]]
13:59:49.186 [https-jsse-nio-8443-exec-4] DEBUG o.s.security.web.FilterChainProxy - Securing GET /css/fontawesome.css
13:59:49.186 [https-jsse-nio-8443-exec-4] DEBUG o.s.s.w.a.c.ChannelProcessingFilter - Request: filter invocation [GET /css/fontawesome.css]; ConfigAttributes: [REQUIRES_SECURE_CHANNEL]
13:59:49.187 [https-jsse-nio-8443-exec-4] DEBUG o.s.security.web.FilterChainProxy - Secured GET /css/fontawesome.css
13:59:49.204 [https-jsse-nio-8443-exec-8] DEBUG o.s.security.web.FilterChainProxy - Securing GET /css/styles.css
13:59:49.204 [https-jsse-nio-8443-exec-8] DEBUG o.s.s.w.a.c.ChannelProcessingFilter - Request: filter invocation [GET /css/styles.css]; ConfigAttributes: [REQUIRES_SECURE_CHANNEL]
13:59:49.205 [https-jsse-nio-8443-exec-8] DEBUG o.s.security.web.FilterChainProxy - Secured GET /css/styles.css
13:59:49.208 [https-jsse-nio-8443-exec-8] DEBUG o.s.s.w.c.HttpSessionSecurityContextRepository - Retrieved SecurityContextImpl [Authentication=UsernamePasswordAuthenticationToken [Principal=ir.model.entity.CustomUserDetails@c7929e7, Credentials=[PROTECTED], Authenticated=true, Details=WebAuthenticationDetails [RemoteIpAddress=0:0:0:0:0:0:0:1, SessionId=B539BDB222AE93B4764371A97E7836A7], Granted Authorities=[TICKET_EDIT, BUILDING_DELETE, BUILDING_EDIT, BUILDING_CREATE, ROLE_ADMIN, TICKET_CREATE, TICKET_DELETE]]]
13:59:49.210 [https-jsse-nio-8443-exec-3] DEBUG o.s.security.web.FilterChainProxy - Securing GET /icons/mftlogo.png
13:59:49.210 [https-jsse-nio-8443-exec-3] DEBUG o.s.s.w.a.c.ChannelProcessingFilter - Request: filter invocation [GET /icons/mftlogo.png]; ConfigAttributes: [REQUIRES_SECURE_CHANNEL]
13:59:49.210 [https-jsse-nio-8443-exec-8] DEBUG o.s.security.web.FilterChainProxy - Securing GET /js/bootstrap.bundle.min.js
13:59:49.210 [https-jsse-nio-8443-exec-8] DEBUG o.s.s.w.a.c.ChannelProcessingFilter - Request: filter invocation [GET /js/bootstrap.bundle.min.js]; ConfigAttributes: [REQUIRES_SECURE_CHANNEL]
13:59:49.210 [https-jsse-nio-8443-exec-3] DEBUG o.s.security.web.FilterChainProxy - Secured GET /icons/mftlogo.png
13:59:49.211 [https-jsse-nio-8443-exec-8] DEBUG o.s.security.web.FilterChainProxy - Secured GET /js/bootstrap.bundle.min.js
13:59:49.211 [https-jsse-nio-8443-exec-6] DEBUG o.s.security.web.FilterChainProxy - Securing GET /rest/images/696dd932eca58453fd4abac2/raw
13:59:49.211 [https-jsse-nio-8443-exec-6] DEBUG o.s.s.w.a.c.ChannelProcessingFilter - Request: filter invocation [GET /rest/images/696dd932eca58453fd4abac2/raw]; ConfigAttributes: [REQUIRES_SECURE_CHANNEL]
13:59:49.211 [https-jsse-nio-8443-exec-6] DEBUG o.s.s.w.c.HttpSessionSecurityContextRepository - Retrieved SecurityContextImpl [Authentication=UsernamePasswordAuthenticationToken [Principal=ir.model.entity.CustomUserDetails@c7929e7, Credentials=[PROTECTED], Authenticated=true, Details=WebAuthenticationDetails [RemoteIpAddress=0:0:0:0:0:0:0:1, SessionId=B539BDB222AE93B4764371A97E7836A7], Granted Authorities=[TICKET_EDIT, BUILDING_DELETE, BUILDING_EDIT, BUILDING_CREATE, ROLE_ADMIN, TICKET_CREATE, TICKET_DELETE]]]
13:59:49.211 [https-jsse-nio-8443-exec-6] DEBUG o.s.security.web.FilterChainProxy - Secured GET /rest/images/696dd932eca58453fd4abac2/raw
13:59:49.213 [https-jsse-nio-8443-exec-6] DEBUG o.s.jdbc.datasource.DataSourceUtils - Setting JDBC Connection [HikariProxyConnection@707189749 wrapping oracle.jdbc.driver.T4CConnection@56e06e3c] read-only
13:59:49.213 [https-jsse-nio-8443-exec-6] DEBUG o.h.e.t.internal.TransactionImpl - On TransactionImpl creation, JpaCompliance#isJpaTransactionComplianceEnabled == false
13:59:49.213 [https-jsse-nio-8443-exec-6] DEBUG o.h.e.t.internal.TransactionImpl - begin
13:59:49.215 [https-jsse-nio-8443-exec-7] DEBUG o.s.security.web.FilterChainProxy - Securing GET /rest/images/696dd959eca58453fd4abac6/raw
13:59:49.216 [https-jsse-nio-8443-exec-7] DEBUG o.s.s.w.a.c.ChannelProcessingFilter - Request: filter invocation [GET /rest/images/696dd959eca58453fd4abac6/raw]; ConfigAttributes: [REQUIRES_SECURE_CHANNEL]
13:59:49.216 [https-jsse-nio-8443-exec-3] DEBUG o.s.s.w.c.HttpSessionSecurityContextRepository - Retrieved SecurityContextImpl [Authentication=UsernamePasswordAuthenticationToken [Principal=ir.model.entity.CustomUserDetails@c7929e7, Credentials=[PROTECTED], Authenticated=true, Details=WebAuthenticationDetails [RemoteIpAddress=0:0:0:0:0:0:0:1, SessionId=B539BDB222AE93B4764371A97E7836A7], Granted Authorities=[TICKET_EDIT, BUILDING_DELETE, BUILDING_EDIT, BUILDING_CREATE, ROLE_ADMIN, TICKET_CREATE, TICKET_DELETE]]]
13:59:49.216 [https-jsse-nio-8443-exec-7] DEBUG o.s.s.w.c.HttpSessionSecurityContextRepository - Retrieved SecurityContextImpl [Authentication=UsernamePasswordAuthenticationToken [Principal=ir.model.entity.CustomUserDetails@c7929e7, Credentials=[PROTECTED], Authenticated=true, Details=WebAuthenticationDetails [RemoteIpAddress=0:0:0:0:0:0:0:1, SessionId=B539BDB222AE93B4764371A97E7836A7], Granted Authorities=[TICKET_EDIT, BUILDING_DELETE, BUILDING_EDIT, BUILDING_CREATE, ROLE_ADMIN, TICKET_CREATE, TICKET_DELETE]]]
13:59:49.216 [https-jsse-nio-8443-exec-7] DEBUG o.s.security.web.FilterChainProxy - Secured GET /rest/images/696dd959eca58453fd4abac6/raw
13:59:49.217 [https-jsse-nio-8443-exec-6] DEBUG o.h.e.t.internal.TransactionImpl - committing
13:59:49.217 [https-jsse-nio-8443-exec-3] DEBUG o.s.security.web.FilterChainProxy - Securing GET /rest/images/696dd942eca58453fd4abac4/raw
13:59:49.217 [https-jsse-nio-8443-exec-3] DEBUG o.s.s.w.a.c.ChannelProcessingFilter - Request: filter invocation [GET /rest/images/696dd942eca58453fd4abac4/raw]; ConfigAttributes: [REQUIRES_SECURE_CHANNEL]
13:59:49.217 [https-jsse-nio-8443-exec-7] DEBUG o.s.jdbc.datasource.DataSourceUtils - Setting JDBC Connection [HikariProxyConnection@1488849472 wrapping oracle.jdbc.driver.T4CConnection@799c2542] read-only
13:59:49.217 [https-jsse-nio-8443-exec-6] DEBUG o.s.jdbc.datasource.DataSourceUtils - Resetting read-only flag of JDBC Connection [HikariProxyConnection@707189749 wrapping oracle.jdbc.driver.T4CConnection@56e06e3c]
13:59:49.217 [https-jsse-nio-8443-exec-7] DEBUG o.h.e.t.internal.TransactionImpl - On TransactionImpl creation, JpaCompliance#isJpaTransactionComplianceEnabled == false
13:59:49.217 [https-jsse-nio-8443-exec-7] DEBUG o.h.e.t.internal.TransactionImpl - begin
13:59:49.217 [https-jsse-nio-8443-exec-6] INFO  i.c.exception.ResponseAspect - API: streamImage
13:59:49.218 [https-jsse-nio-8443-exec-3] DEBUG o.s.s.w.c.HttpSessionSecurityContextRepository - Retrieved SecurityContextImpl [Authentication=UsernamePasswordAuthenticationToken [Principal=ir.model.entity.CustomUserDetails@c7929e7, Credentials=[PROTECTED], Authenticated=true, Details=WebAuthenticationDetails [RemoteIpAddress=0:0:0:0:0:0:0:1, SessionId=B539BDB222AE93B4764371A97E7836A7], Granted Authorities=[TICKET_EDIT, BUILDING_DELETE, BUILDING_EDIT, BUILDING_CREATE, ROLE_ADMIN, TICKET_CREATE, TICKET_DELETE]]]
13:59:49.218 [https-jsse-nio-8443-exec-3] DEBUG o.s.security.web.FilterChainProxy - Secured GET /rest/images/696dd942eca58453fd4abac4/raw
13:59:49.218 [https-jsse-nio-8443-exec-5] DEBUG o.s.security.web.FilterChainProxy - Securing GET /js/fontawesome.js
13:59:49.218 [https-jsse-nio-8443-exec-5] DEBUG o.s.s.w.a.c.ChannelProcessingFilter - Request: filter invocation [GET /js/fontawesome.js]; ConfigAttributes: [REQUIRES_SECURE_CHANNEL]
13:59:49.219 [https-jsse-nio-8443-exec-5] DEBUG o.s.security.web.FilterChainProxy - Secured GET /js/fontawesome.js
13:59:49.220 [https-jsse-nio-8443-exec-3] DEBUG o.s.jdbc.datasource.DataSourceUtils - Setting JDBC Connection [HikariProxyConnection@1156897146 wrapping oracle.jdbc.driver.T4CConnection@7344506f] read-only
13:59:49.220 [https-jsse-nio-8443-exec-3] DEBUG o.h.e.t.internal.TransactionImpl - On TransactionImpl creation, JpaCompliance#isJpaTransactionComplianceEnabled == false
13:59:49.220 [https-jsse-nio-8443-exec-7] DEBUG o.h.e.t.internal.TransactionImpl - committing
13:59:49.220 [https-jsse-nio-8443-exec-3] DEBUG o.h.e.t.internal.TransactionImpl - begin
13:59:49.220 [https-jsse-nio-8443-exec-8] DEBUG o.s.s.w.c.HttpSessionSecurityContextRepository - Retrieved SecurityContextImpl [Authentication=UsernamePasswordAuthenticationToken [Principal=ir.model.entity.CustomUserDetails@c7929e7, Credentials=[PROTECTED], Authenticated=true, Details=WebAuthenticationDetails [RemoteIpAddress=0:0:0:0:0:0:0:1, SessionId=B539BDB222AE93B4764371A97E7836A7], Granted Authorities=[TICKET_EDIT, BUILDING_DELETE, BUILDING_EDIT, BUILDING_CREATE, ROLE_ADMIN, TICKET_CREATE, TICKET_DELETE]]]
13:59:49.220 [https-jsse-nio-8443-exec-7] DEBUG o.s.jdbc.datasource.DataSourceUtils - Resetting read-only flag of JDBC Connection [HikariProxyConnection@1488849472 wrapping oracle.jdbc.driver.T4CConnection@799c2542]
13:59:49.221 [https-jsse-nio-8443-exec-7] INFO  i.c.exception.ResponseAspect - API: streamImage
13:59:49.224 [https-jsse-nio-8443-exec-9] DEBUG o.s.security.web.FilterChainProxy - Securing GET /js/toast.js
13:59:49.225 [https-jsse-nio-8443-exec-9] DEBUG o.s.s.w.a.c.ChannelProcessingFilter - Request: filter invocation [GET /js/toast.js]; ConfigAttributes: [REQUIRES_SECURE_CHANNEL]
13:59:49.225 [https-jsse-nio-8443-exec-3] DEBUG o.h.e.t.internal.TransactionImpl - committing
13:59:49.225 [https-jsse-nio-8443-exec-3] DEBUG o.s.jdbc.datasource.DataSourceUtils - Resetting read-only flag of JDBC Connection [HikariProxyConnection@1156897146 wrapping oracle.jdbc.driver.T4CConnection@7344506f]
13:59:49.225 [https-jsse-nio-8443-exec-3] INFO  i.c.exception.ResponseAspect - API: streamImage
13:59:49.225 [https-jsse-nio-8443-exec-10] DEBUG o.s.security.web.FilterChainProxy - Securing GET /js/script.js
13:59:49.225 [https-jsse-nio-8443-exec-9] DEBUG o.s.security.web.FilterChainProxy - Secured GET /js/toast.js
13:59:49.225 [https-jsse-nio-8443-exec-4] DEBUG o.s.s.w.c.HttpSessionSecurityContextRepository - Retrieved SecurityContextImpl [Authentication=UsernamePasswordAuthenticationToken [Principal=ir.model.entity.CustomUserDetails@c7929e7, Credentials=[PROTECTED], Authenticated=true, Details=WebAuthenticationDetails [RemoteIpAddress=0:0:0:0:0:0:0:1, SessionId=B539BDB222AE93B4764371A97E7836A7], Granted Authorities=[TICKET_EDIT, BUILDING_DELETE, BUILDING_EDIT, BUILDING_CREATE, ROLE_ADMIN, TICKET_CREATE, TICKET_DELETE]]]
13:59:49.226 [https-jsse-nio-8443-exec-10] DEBUG o.s.s.w.a.c.ChannelProcessingFilter - Request: filter invocation [GET /js/script.js]; ConfigAttributes: [REQUIRES_SECURE_CHANNEL]
13:59:49.226 [https-jsse-nio-8443-exec-10] DEBUG o.s.security.web.FilterChainProxy - Secured GET /js/script.js
13:59:49.227 [https-jsse-nio-8443-exec-9] DEBUG o.s.s.w.c.HttpSessionSecurityContextRepository - Retrieved SecurityContextImpl [Authentication=UsernamePasswordAuthenticationToken [Principal=ir.model.entity.CustomUserDetails@c7929e7, Credentials=[PROTECTED], Authenticated=true, Details=WebAuthenticationDetails [RemoteIpAddress=0:0:0:0:0:0:0:1, SessionId=B539BDB222AE93B4764371A97E7836A7], Granted Authorities=[TICKET_EDIT, BUILDING_DELETE, BUILDING_EDIT, BUILDING_CREATE, ROLE_ADMIN, TICKET_CREATE, TICKET_DELETE]]]
13:59:49.227 [https-jsse-nio-8443-exec-10] DEBUG o.s.s.w.c.HttpSessionSecurityContextRepository - Retrieved SecurityContextImpl [Authentication=UsernamePasswordAuthenticationToken [Principal=ir.model.entity.CustomUserDetails@c7929e7, Credentials=[PROTECTED], Authenticated=true, Details=WebAuthenticationDetails [RemoteIpAddress=0:0:0:0:0:0:0:1, SessionId=B539BDB222AE93B4764371A97E7836A7], Granted Authorities=[TICKET_EDIT, BUILDING_DELETE, BUILDING_EDIT, BUILDING_CREATE, ROLE_ADMIN, TICKET_CREATE, TICKET_DELETE]]]
13:59:49.228 [https-jsse-nio-8443-exec-2] DEBUG o.s.security.web.FilterChainProxy - Securing GET /js/messages-api.js
13:59:49.228 [https-jsse-nio-8443-exec-2] DEBUG o.s.s.w.a.c.ChannelProcessingFilter - Request: filter invocation [GET /js/messages-api.js]; ConfigAttributes: [REQUIRES_SECURE_CHANNEL]
13:59:49.228 [scheduling-1] DEBUG o.h.e.t.internal.TransactionImpl - On TransactionImpl creation, JpaCompliance#isJpaTransactionComplianceEnabled == false
13:59:49.228 [scheduling-1] DEBUG o.h.e.t.internal.TransactionImpl - begin
13:59:49.229 [https-jsse-nio-8443-exec-2] DEBUG o.s.security.web.FilterChainProxy - Secured GET /js/messages-api.js
13:59:49.229 [scheduling-1] DEBUG org.hibernate.SQL - 
    /* <criteria> */ select
        oe1_0.id,
        oe1_0.aggregate_id,
        oe1_0.aggregate_type,
        oe1_0.created_at,
        oe1_0.deleted,
        oe1_0.event_type,
        oe1_0.payload,
        oe1_0.published 
    from
        outbox_tbl oe1_0 
    where
        (
            oe1_0.deleted = 0
        ) 
        and oe1_0.published=0 
    order by
        oe1_0.created_at
13:59:49.231 [scheduling-1] DEBUG o.h.e.t.internal.TransactionImpl - committing
13:59:49.232 [https-jsse-nio-8443-exec-2] DEBUG o.s.s.w.c.HttpSessionSecurityContextRepository - Retrieved SecurityContextImpl [Authentication=UsernamePasswordAuthenticationToken [Principal=ir.model.entity.CustomUserDetails@c7929e7, Credentials=[PROTECTED], Authenticated=true, Details=WebAuthenticationDetails [RemoteIpAddress=0:0:0:0:0:0:0:1, SessionId=B539BDB222AE93B4764371A97E7836A7], Granted Authorities=[TICKET_EDIT, BUILDING_DELETE, BUILDING_EDIT, BUILDING_CREATE, ROLE_ADMIN, TICKET_CREATE, TICKET_DELETE]]]
13:59:49.268 [https-jsse-nio-8443-exec-1] DEBUG o.s.security.web.FilterChainProxy - Securing GET /webfonts/fa-solid-900.woff2
13:59:49.268 [https-jsse-nio-8443-exec-8] DEBUG o.s.security.web.FilterChainProxy - Securing GET /webfonts/fa-brands-400.woff2
13:59:49.268 [https-jsse-nio-8443-exec-1] DEBUG o.s.s.w.a.c.ChannelProcessingFilter - Request: filter invocation [GET /webfonts/fa-solid-900.woff2]; ConfigAttributes: [REQUIRES_SECURE_CHANNEL]
13:59:49.268 [https-jsse-nio-8443-exec-8] DEBUG o.s.s.w.a.c.ChannelProcessingFilter - Request: filter invocation [GET /webfonts/fa-brands-400.woff2]; ConfigAttributes: [REQUIRES_SECURE_CHANNEL]
13:59:49.268 [https-jsse-nio-8443-exec-1] DEBUG o.s.s.w.c.HttpSessionSecurityContextRepository - Retrieved SecurityContextImpl [Authentication=UsernamePasswordAuthenticationToken [Principal=ir.model.entity.CustomUserDetails@c7929e7, Credentials=[PROTECTED], Authenticated=true, Details=WebAuthenticationDetails [RemoteIpAddress=0:0:0:0:0:0:0:1, SessionId=B539BDB222AE93B4764371A97E7836A7], Granted Authorities=[TICKET_EDIT, BUILDING_DELETE, BUILDING_EDIT, BUILDING_CREATE, ROLE_ADMIN, TICKET_CREATE, TICKET_DELETE]]]
13:59:49.269 [https-jsse-nio-8443-exec-8] DEBUG o.s.s.w.c.HttpSessionSecurityContextRepository - Retrieved SecurityContextImpl [Authentication=UsernamePasswordAuthenticationToken [Principal=ir.model.entity.CustomUserDetails@c7929e7, Credentials=[PROTECTED], Authenticated=true, Details=WebAuthenticationDetails [RemoteIpAddress=0:0:0:0:0:0:0:1, SessionId=B539BDB222AE93B4764371A97E7836A7], Granted Authorities=[TICKET_EDIT, BUILDING_DELETE, BUILDING_EDIT, BUILDING_CREATE, ROLE_ADMIN, TICKET_CREATE, TICKET_DELETE]]]
13:59:49.269 [https-jsse-nio-8443-exec-1] DEBUG o.s.security.web.FilterChainProxy - Secured GET /webfonts/fa-solid-900.woff2
13:59:49.269 [https-jsse-nio-8443-exec-8] DEBUG o.s.security.web.FilterChainProxy - Secured GET /webfonts/fa-brands-400.woff2
13:59:49.839 [https-jsse-nio-8443-exec-5] DEBUG o.s.s.w.c.HttpSessionSecurityContextRepository - Retrieved SecurityContextImpl [Authentication=UsernamePasswordAuthenticationToken [Principal=ir.model.entity.CustomUserDetails@c7929e7, Credentials=[PROTECTED], Authenticated=true, Details=WebAuthenticationDetails [RemoteIpAddress=0:0:0:0:0:0:0:1, SessionId=B539BDB222AE93B4764371A97E7836A7], Granted Authorities=[TICKET_EDIT, BUILDING_DELETE, BUILDING_EDIT, BUILDING_CREATE, ROLE_ADMIN, TICKET_CREATE, TICKET_DELETE]]]
13:59:49.950 [https-jsse-nio-8443-exec-6] DEBUG o.s.security.web.FilterChainProxy - Securing GET /icons/mftlogo.png
13:59:49.951 [https-jsse-nio-8443-exec-6] DEBUG o.s.s.w.a.c.ChannelProcessingFilter - Request: filter invocation [GET /icons/mftlogo.png]; ConfigAttributes: [REQUIRES_SECURE_CHANNEL]
13:59:49.951 [https-jsse-nio-8443-exec-6] DEBUG o.s.security.web.FilterChainProxy - Secured GET /icons/mftlogo.png
13:59:49.954 [https-jsse-nio-8443-exec-6] DEBUG o.s.s.w.c.HttpSessionSecurityContextRepository - Retrieved SecurityContextImpl [Authentication=UsernamePasswordAuthenticationToken [Principal=ir.model.entity.CustomUserDetails@c7929e7, Credentials=[PROTECTED], Authenticated=true, Details=WebAuthenticationDetails [RemoteIpAddress=0:0:0:0:0:0:0:1, SessionId=B539BDB222AE93B4764371A97E7836A7], Granted Authorities=[TICKET_EDIT, BUILDING_DELETE, BUILDING_EDIT, BUILDING_CREATE, ROLE_ADMIN, TICKET_CREATE, TICKET_DELETE]]]
13:59:51.238 [scheduling-1] DEBUG o.h.e.t.internal.TransactionImpl - On TransactionImpl creation, JpaCompliance#isJpaTransactionComplianceEnabled == false
13:59:51.238 [scheduling-1] DEBUG o.h.e.t.internal.TransactionImpl - begin
13:59:51.239 [scheduling-1] DEBUG org.hibernate.SQL - 
    /* <criteria> */ select
        oe1_0.id,
        oe1_0.aggregate_id,
        oe1_0.aggregate_type,
        oe1_0.created_at,
        oe1_0.deleted,
        oe1_0.event_type,
        oe1_0.payload,
        oe1_0.published 
    from
        outbox_tbl oe1_0 
    where
        (
            oe1_0.deleted = 0
        ) 
        and oe1_0.published=0 
    order by
        oe1_0.created_at
13:59:51.240 [scheduling-1] DEBUG o.h.e.t.internal.TransactionImpl - committing
13:59:53.242 [scheduling-1] DEBUG o.h.e.t.internal.TransactionImpl - On TransactionImpl creation, JpaCompliance#isJpaTransactionComplianceEnabled == false
13:59:53.242 [scheduling-1] DEBUG o.h.e.t.internal.TransactionImpl - begin
13:59:53.244 [scheduling-1] DEBUG org.hibernate.SQL - 
    /* <criteria> */ select
        oe1_0.id,
        oe1_0.aggregate_id,
        oe1_0.aggregate_type,
        oe1_0.created_at,
        oe1_0.deleted,
        oe1_0.event_type,
        oe1_0.payload,
        oe1_0.published 
    from
        outbox_tbl oe1_0 
    where
        (
            oe1_0.deleted = 0
        ) 
        and oe1_0.published=0 
    order by
        oe1_0.created_at
13:59:53.245 [scheduling-1] DEBUG o.h.e.t.internal.TransactionImpl - committing
13:59:55.246 [scheduling-1] DEBUG o.h.e.t.internal.TransactionImpl - On TransactionImpl creation, JpaCompliance#isJpaTransactionComplianceEnabled == false
13:59:55.246 [scheduling-1] DEBUG o.h.e.t.internal.TransactionImpl - begin
13:59:55.248 [scheduling-1] DEBUG org.hibernate.SQL - 
    /* <criteria> */ select
        oe1_0.id,
        oe1_0.aggregate_id,
        oe1_0.aggregate_type,
        oe1_0.created_at,
        oe1_0.deleted,
        oe1_0.event_type,
        oe1_0.payload,
        oe1_0.published 
    from
        outbox_tbl oe1_0 
    where
        (
            oe1_0.deleted = 0
        ) 
        and oe1_0.published=0 
    order by
        oe1_0.created_at
13:59:55.249 [scheduling-1] DEBUG o.h.e.t.internal.TransactionImpl - committing
13:59:57.250 [scheduling-1] DEBUG o.h.e.t.internal.TransactionImpl - On TransactionImpl creation, JpaCompliance#isJpaTransactionComplianceEnabled == false
13:59:57.250 [scheduling-1] DEBUG o.h.e.t.internal.TransactionImpl - begin
13:59:57.251 [scheduling-1] DEBUG org.hibernate.SQL - 
    /* <criteria> */ select
        oe1_0.id,
        oe1_0.aggregate_id,
        oe1_0.aggregate_type,
        oe1_0.created_at,
        oe1_0.deleted,
        oe1_0.event_type,
        oe1_0.payload,
        oe1_0.published 
    from
        outbox_tbl oe1_0 
    where
        (
            oe1_0.deleted = 0
        ) 
        and oe1_0.published=0 
    order by
        oe1_0.created_at
13:59:57.252 [scheduling-1] DEBUG o.h.e.t.internal.TransactionImpl - committing
13:59:59.254 [scheduling-1] DEBUG o.h.e.t.internal.TransactionImpl - On TransactionImpl creation, JpaCompliance#isJpaTransactionComplianceEnabled == false
13:59:59.254 [scheduling-1] DEBUG o.h.e.t.internal.TransactionImpl - begin
13:59:59.256 [scheduling-1] DEBUG org.hibernate.SQL - 
    /* <criteria> */ select
        oe1_0.id,
        oe1_0.aggregate_id,
        oe1_0.aggregate_type,
        oe1_0.created_at,
        oe1_0.deleted,
        oe1_0.event_type,
        oe1_0.payload,
        oe1_0.published 
    from
        outbox_tbl oe1_0 
    where
        (
            oe1_0.deleted = 0
        ) 
        and oe1_0.published=0 
    order by
        oe1_0.created_at
13:59:59.257 [scheduling-1] DEBUG o.h.e.t.internal.TransactionImpl - committing
13:59:59.714 [org.springframework.kafka.KafkaListenerEndpointContainer#0-0-C-1] INFO  o.apache.kafka.clients.NetworkClient - [Consumer clientId=consumer-building-service-updater-1, groupId=building-service-updater] Node -1 disconnected.
13:59:59.715 [org.springframework.kafka.KafkaListenerEndpointContainer#0-0-C-1] WARN  o.apache.kafka.clients.NetworkClient - [Consumer clientId=consumer-building-service-updater-1, groupId=building-service-updater] Connection to node -1 (/100.99.137.56:9092) could not be established. Node may not be available.
13:59:59.715 [org.springframework.kafka.KafkaListenerEndpointContainer#0-0-C-1] WARN  o.apache.kafka.clients.NetworkClient - [Consumer clientId=consumer-building-service-updater-1, groupId=building-service-updater] Bootstrap broker 100.99.137.56:9092 (id: -1 rack: null) disconnected
14:00:01.267 [scheduling-1] DEBUG o.h.e.t.internal.TransactionImpl - On TransactionImpl creation, JpaCompliance#isJpaTransactionComplianceEnabled == false
14:00:01.268 [scheduling-1] DEBUG o.h.e.t.internal.TransactionImpl - begin
14:00:01.269 [scheduling-1] DEBUG org.hibernate.SQL - 
    /* <criteria> */ select
        oe1_0.id,
        oe1_0.aggregate_id,
        oe1_0.aggregate_type,
        oe1_0.created_at,
        oe1_0.deleted,
        oe1_0.event_type,
        oe1_0.payload,
        oe1_0.published 
    from
        outbox_tbl oe1_0 
    where
        (
            oe1_0.deleted = 0
        ) 
        and oe1_0.published=0 
    order by
        oe1_0.created_at
14:00:01.270 [scheduling-1] DEBUG o.h.e.t.internal.TransactionImpl - committing
14:00:03.281 [scheduling-1] DEBUG o.h.e.t.internal.TransactionImpl - On TransactionImpl creation, JpaCompliance#isJpaTransactionComplianceEnabled == false
14:00:03.281 [scheduling-1] DEBUG o.h.e.t.internal.TransactionImpl - begin
14:00:03.283 [scheduling-1] DEBUG org.hibernate.SQL - 
    /* <criteria> */ select
        oe1_0.id,
        oe1_0.aggregate_id,
        oe1_0.aggregate_type,
        oe1_0.created_at,
        oe1_0.deleted,
        oe1_0.event_type,
        oe1_0.payload,
        oe1_0.published 
    from
        outbox_tbl oe1_0 
    where
        (
            oe1_0.deleted = 0
        ) 
        and oe1_0.published=0 
    order by
        oe1_0.created_at
14:00:03.284 [scheduling-1] DEBUG o.h.e.t.internal.TransactionImpl - committing
14:00:05.284 [scheduling-1] DEBUG o.h.e.t.internal.TransactionImpl - On TransactionImpl creation, JpaCompliance#isJpaTransactionComplianceEnabled == false
14:00:05.284 [scheduling-1] DEBUG o.h.e.t.internal.TransactionImpl - begin
14:00:05.286 [scheduling-1] DEBUG org.hibernate.SQL - 
    /* <criteria> */ select
        oe1_0.id,
        oe1_0.aggregate_id,
        oe1_0.aggregate_type,
        oe1_0.created_at,
        oe1_0.deleted,
        oe1_0.event_type,
        oe1_0.payload,
        oe1_0.published 
    from
        outbox_tbl oe1_0 
    where
        (
            oe1_0.deleted = 0
        ) 
        and oe1_0.published=0 
    order by
        oe1_0.created_at
14:00:05.287 [scheduling-1] DEBUG o.h.e.t.internal.TransactionImpl - committing
14:00:07.301 [scheduling-1] DEBUG o.h.e.t.internal.TransactionImpl - On TransactionImpl creation, JpaCompliance#isJpaTransactionComplianceEnabled == false
14:00:07.301 [scheduling-1] DEBUG o.h.e.t.internal.TransactionImpl - begin
14:00:07.303 [scheduling-1] DEBUG org.hibernate.SQL - 
    /* <criteria> */ select
        oe1_0.id,
        oe1_0.aggregate_id,
        oe1_0.aggregate_type,
        oe1_0.created_at,
        oe1_0.deleted,
        oe1_0.event_type,
        oe1_0.payload,
        oe1_0.published 
    from
        outbox_tbl oe1_0 
    where
        (
            oe1_0.deleted = 0
        ) 
        and oe1_0.published=0 
    order by
        oe1_0.created_at
14:00:07.304 [scheduling-1] DEBUG o.h.e.t.internal.TransactionImpl - committing
14:00:09.306 [scheduling-1] DEBUG o.h.e.t.internal.TransactionImpl - On TransactionImpl creation, JpaCompliance#isJpaTransactionComplianceEnabled == false
14:00:09.306 [scheduling-1] DEBUG o.h.e.t.internal.TransactionImpl - begin
14:00:09.307 [scheduling-1] DEBUG org.hibernate.SQL - 
    /* <criteria> */ select
        oe1_0.id,
        oe1_0.aggregate_id,
        oe1_0.aggregate_type,
        oe1_0.created_at,
        oe1_0.deleted,
        oe1_0.event_type,
        oe1_0.payload,
        oe1_0.published 
    from
        outbox_tbl oe1_0 
    where
        (
            oe1_0.deleted = 0
        ) 
        and oe1_0.published=0 
    order by
        oe1_0.created_at
14:00:09.308 [scheduling-1] DEBUG o.h.e.t.internal.TransactionImpl - committing
14:00:11.309 [scheduling-1] DEBUG o.h.e.t.internal.TransactionImpl - On TransactionImpl creation, JpaCompliance#isJpaTransactionComplianceEnabled == false
14:00:11.309 [scheduling-1] DEBUG o.h.e.t.internal.TransactionImpl - begin
14:00:11.310 [scheduling-1] DEBUG org.hibernate.SQL - 
    /* <criteria> */ select
        oe1_0.id,
        oe1_0.aggregate_id,
        oe1_0.aggregate_type,
        oe1_0.created_at,
        oe1_0.deleted,
        oe1_0.event_type,
        oe1_0.payload,
        oe1_0.published 
    from
        outbox_tbl oe1_0 
    where
        (
            oe1_0.deleted = 0
        ) 
        and oe1_0.published=0 
    order by
        oe1_0.created_at
14:00:11.311 [scheduling-1] DEBUG o.h.e.t.internal.TransactionImpl - committing
14:00:13.313 [scheduling-1] DEBUG o.h.e.t.internal.TransactionImpl - On TransactionImpl creation, JpaCompliance#isJpaTransactionComplianceEnabled == false
14:00:13.313 [scheduling-1] DEBUG o.h.e.t.internal.TransactionImpl - begin
14:00:13.314 [scheduling-1] DEBUG org.hibernate.SQL - 
    /* <criteria> */ select
        oe1_0.id,
        oe1_0.aggregate_id,
        oe1_0.aggregate_type,
        oe1_0.created_at,
        oe1_0.deleted,
        oe1_0.event_type,
        oe1_0.payload,
        oe1_0.published 
    from
        outbox_tbl oe1_0 
    where
        (
            oe1_0.deleted = 0
        ) 
        and oe1_0.published=0 
    order by
        oe1_0.created_at
14:00:13.315 [scheduling-1] DEBUG o.h.e.t.internal.TransactionImpl - committing
14:00:15.328 [scheduling-1] DEBUG o.h.e.t.internal.TransactionImpl - On TransactionImpl creation, JpaCompliance#isJpaTransactionComplianceEnabled == false
14:00:15.328 [scheduling-1] DEBUG o.h.e.t.internal.TransactionImpl - begin
14:00:15.329 [scheduling-1] DEBUG org.hibernate.SQL - 
    /* <criteria> */ select
        oe1_0.id,
        oe1_0.aggregate_id,
        oe1_0.aggregate_type,
        oe1_0.created_at,
        oe1_0.deleted,
        oe1_0.event_type,
        oe1_0.payload,
        oe1_0.published 
    from
        outbox_tbl oe1_0 
    where
        (
            oe1_0.deleted = 0
        ) 
        and oe1_0.published=0 
    order by
        oe1_0.created_at
14:00:15.330 [scheduling-1] DEBUG o.h.e.t.internal.TransactionImpl - committing
14:00:17.342 [scheduling-1] DEBUG o.h.e.t.internal.TransactionImpl - On TransactionImpl creation, JpaCompliance#isJpaTransactionComplianceEnabled == false
14:00:17.342 [scheduling-1] DEBUG o.h.e.t.internal.TransactionImpl - begin
14:00:17.343 [scheduling-1] DEBUG org.hibernate.SQL - 
    /* <criteria> */ select
        oe1_0.id,
        oe1_0.aggregate_id,
        oe1_0.aggregate_type,
        oe1_0.created_at,
        oe1_0.deleted,
        oe1_0.event_type,
        oe1_0.payload,
        oe1_0.published 
    from
        outbox_tbl oe1_0 
    where
        (
            oe1_0.deleted = 0
        ) 
        and oe1_0.published=0 
    order by
        oe1_0.created_at
14:00:17.344 [scheduling-1] DEBUG o.h.e.t.internal.TransactionImpl - committing
14:00:19.349 [scheduling-1] DEBUG o.h.e.t.internal.TransactionImpl - On TransactionImpl creation, JpaCompliance#isJpaTransactionComplianceEnabled == false
14:00:19.349 [scheduling-1] DEBUG o.h.e.t.internal.TransactionImpl - begin
14:00:19.350 [scheduling-1] DEBUG org.hibernate.SQL - 
    /* <criteria> */ select
        oe1_0.id,
        oe1_0.aggregate_id,
        oe1_0.aggregate_type,
        oe1_0.created_at,
        oe1_0.deleted,
        oe1_0.event_type,
        oe1_0.payload,
        oe1_0.published 
    from
        outbox_tbl oe1_0 
    where
        (
            oe1_0.deleted = 0
        ) 
        and oe1_0.published=0 
    order by
        oe1_0.created_at
14:00:19.351 [scheduling-1] DEBUG o.h.e.t.internal.TransactionImpl - committing
14:00:21.355 [scheduling-1] DEBUG o.h.e.t.internal.TransactionImpl - On TransactionImpl creation, JpaCompliance#isJpaTransactionComplianceEnabled == false
14:00:21.356 [scheduling-1] DEBUG o.h.e.t.internal.TransactionImpl - begin
14:00:21.357 [scheduling-1] DEBUG org.hibernate.SQL - 
    /* <criteria> */ select
        oe1_0.id,
        oe1_0.aggregate_id,
        oe1_0.aggregate_type,
        oe1_0.created_at,
        oe1_0.deleted,
        oe1_0.event_type,
        oe1_0.payload,
        oe1_0.published 
    from
        outbox_tbl oe1_0 
    where
        (
            oe1_0.deleted = 0
        ) 
        and oe1_0.published=0 
    order by
        oe1_0.created_at
14:00:21.358 [scheduling-1] DEBUG o.h.e.t.internal.TransactionImpl - committing
14:00:21.671 [https-jsse-nio-8443-exec-4] DEBUG o.s.security.web.FilterChainProxy - Securing PUT /rest/messages/ticket-close/1
14:00:21.672 [https-jsse-nio-8443-exec-4] DEBUG o.s.s.w.a.c.ChannelProcessingFilter - Request: filter invocation [PUT /rest/messages/ticket-close/1]; ConfigAttributes: [REQUIRES_SECURE_CHANNEL]
14:00:21.672 [https-jsse-nio-8443-exec-4] DEBUG o.s.s.w.c.HttpSessionSecurityContextRepository - Retrieved SecurityContextImpl [Authentication=UsernamePasswordAuthenticationToken [Principal=ir.model.entity.CustomUserDetails@c7929e7, Credentials=[PROTECTED], Authenticated=true, Details=WebAuthenticationDetails [RemoteIpAddress=0:0:0:0:0:0:0:1, SessionId=B539BDB222AE93B4764371A97E7836A7], Granted Authorities=[TICKET_EDIT, BUILDING_DELETE, BUILDING_EDIT, BUILDING_CREATE, ROLE_ADMIN, TICKET_CREATE, TICKET_DELETE]]]
14:00:21.672 [https-jsse-nio-8443-exec-4] DEBUG o.s.security.web.FilterChainProxy - Secured PUT /rest/messages/ticket-close/1
14:00:21.673 [https-jsse-nio-8443-exec-4] DEBUG o.h.e.t.internal.TransactionImpl - On TransactionImpl creation, JpaCompliance#isJpaTransactionComplianceEnabled == false
14:00:21.674 [https-jsse-nio-8443-exec-4] DEBUG o.h.e.t.internal.TransactionImpl - begin
14:00:21.675 [https-jsse-nio-8443-exec-4] DEBUG org.hibernate.SQL - 
    select
        t1_0.id,
        c1_0.username,
        c1_0.account_non_expired,
        c1_0.account_non_locked,
        c1_0.credentials_expiry_date,
        c1_0.credentials_non_expired,
        c1_0.deleted,
        c1_0.enabled,
        c1_0.password,
        rs1_0.username,
        rs1_1.name,
        rs1_1.deleted,
        ps1_0.role_name,
        ps1_1.id,
        ps1_1.deleted,
        ps1_1.permission,
        t1_0.date_time,
        t1_0.deleted,
        t1_0.score,
        s1_0.id,
        s1_0.building_id,
        s1_0.deleted,
        ps2_0.id,
        ps2_0.building_id,
        ps2_0.deleted,
        ps2_0.parent_section_id,
        ps2_0.title,
        s1_0.title,
        t1_0.status,
        t1_0.title 
    from
        ticket_tbl t1_0 
    left join
        user_tbl c1_0 
            on c1_0.username=t1_0.customer 
            and (c1_0.deleted = 0) 
    left join
        (user_role_tbl rs1_0 
    join
        role_tbl rs1_1 
            on rs1_1.name=rs1_0.role_name) 
        on c1_0.username=rs1_0.username 
        and ( rs1_1.deleted = 0) 
    left join
        (role_permission_tbl ps1_0 
    join
        permission_tbl ps1_1 
            on ps1_1.id=ps1_0.permission) 
        on rs1_1.name=ps1_0.role_name 
        and ( ps1_1.deleted = 0) 
    left join
        section_table s1_0 
            on s1_0.id=t1_0.section_id 
            and (s1_0.deleted = 0) 
    left join
        section_table ps2_0 
            on ps2_0.id=s1_0.parent_section_id 
            and (ps2_0.deleted = 0) 
    where
        t1_0.id=? 
        and (
            t1_0.deleted = 0
        )
14:00:21.675 [https-jsse-nio-8443-exec-4] TRACE org.hibernate.orm.jdbc.bind - binding parameter (1:BIGINT) <- [1]
14:00:21.676 [https-jsse-nio-8443-exec-4] TRACE org.hibernate.orm.jdbc.extract - extracted value (2:VARCHAR) -> [hadan]
14:00:21.676 [https-jsse-nio-8443-exec-4] TRACE org.hibernate.orm.jdbc.extract - extracted value (10:VARCHAR) -> [hadan]
14:00:21.676 [https-jsse-nio-8443-exec-4] TRACE org.hibernate.orm.jdbc.extract - extracted value (11:VARCHAR) -> [ROLE_CUSTOMER]
14:00:21.676 [https-jsse-nio-8443-exec-4] TRACE org.hibernate.orm.jdbc.extract - extracted value (13:VARCHAR) -> [ROLE_CUSTOMER]
14:00:21.676 [https-jsse-nio-8443-exec-4] TRACE org.hibernate.orm.jdbc.extract - extracted value (14:BIGINT) -> [1]
14:00:21.676 [https-jsse-nio-8443-exec-4] TRACE org.hibernate.orm.jdbc.extract - extracted value (20:BIGINT) -> [3]
14:00:21.676 [https-jsse-nio-8443-exec-4] TRACE org.hibernate.orm.jdbc.extract - extracted value (23:BIGINT) -> [1]
14:00:21.676 [https-jsse-nio-8443-exec-4] TRACE org.hibernate.orm.jdbc.extract - extracted value (21:BIGINT) -> [null]
14:00:21.676 [https-jsse-nio-8443-exec-4] TRACE org.hibernate.orm.jdbc.extract - extracted value (24:BIGINT) -> [54]
14:00:21.676 [https-jsse-nio-8443-exec-4] TRACE org.hibernate.orm.jdbc.extract - extracted value (26:BIGINT) -> [null]
14:00:21.676 [https-jsse-nio-8443-exec-4] TRACE org.hibernate.orm.jdbc.extract - extracted value (15:BOOLEAN) -> [false]
14:00:21.676 [https-jsse-nio-8443-exec-4] TRACE org.hibernate.orm.jdbc.extract - extracted value (16:VARCHAR) -> [TICKET_CREATE]
14:00:21.676 [https-jsse-nio-8443-exec-4] TRACE org.hibernate.orm.jdbc.extract - extracted value (12:BOOLEAN) -> [false]
14:00:21.676 [https-jsse-nio-8443-exec-4] TRACE org.hibernate.orm.jdbc.extract - extracted value (3:BOOLEAN) -> [true]
14:00:21.676 [https-jsse-nio-8443-exec-4] TRACE org.hibernate.orm.jdbc.extract - extracted value (4:BOOLEAN) -> [true]
14:00:21.676 [https-jsse-nio-8443-exec-4] TRACE org.hibernate.orm.jdbc.extract - extracted value (5:TIMESTAMP) -> [2026-07-15T10:11:55.759022]
14:00:21.676 [https-jsse-nio-8443-exec-4] TRACE org.hibernate.orm.jdbc.extract - extracted value (6:BOOLEAN) -> [true]
14:00:21.676 [https-jsse-nio-8443-exec-4] TRACE org.hibernate.orm.jdbc.extract - extracted value (7:BOOLEAN) -> [false]
14:00:21.676 [https-jsse-nio-8443-exec-4] TRACE org.hibernate.orm.jdbc.extract - extracted value (8:BOOLEAN) -> [true]
14:00:21.676 [https-jsse-nio-8443-exec-4] TRACE org.hibernate.orm.jdbc.extract - extracted value (9:VARCHAR) -> [$2a$12$pGZHMXEgTAfgatCgqkj6uuOfHiTD7wYxADVoQrlWQtumAAqOwT71.]
14:00:21.676 [https-jsse-nio-8443-exec-4] TRACE org.hibernate.orm.jdbc.extract - extracted value (25:BOOLEAN) -> [false]
14:00:21.676 [https-jsse-nio-8443-exec-4] TRACE org.hibernate.orm.jdbc.extract - extracted value (27:VARCHAR) -> [MAIN SECTION]
14:00:21.676 [https-jsse-nio-8443-exec-4] TRACE org.hibernate.orm.jdbc.extract - extracted value (22:BOOLEAN) -> [false]
14:00:21.677 [https-jsse-nio-8443-exec-4] TRACE org.hibernate.orm.jdbc.extract - extracted value (28:VARCHAR) -> [TRANSPORT]
14:00:21.677 [https-jsse-nio-8443-exec-4] TRACE org.hibernate.orm.jdbc.extract - extracted value (17:TIMESTAMP) -> [2026-01-19T10:41:35.312182]
14:00:21.677 [https-jsse-nio-8443-exec-4] TRACE org.hibernate.orm.jdbc.extract - extracted value (18:BOOLEAN) -> [false]
14:00:21.677 [https-jsse-nio-8443-exec-4] TRACE org.hibernate.orm.jdbc.extract - extracted value (19:INTEGER) -> [null]
14:00:21.677 [https-jsse-nio-8443-exec-4] TRACE org.hibernate.orm.jdbc.extract - extracted value (29:TINYINT) -> [Closed]
14:00:21.677 [https-jsse-nio-8443-exec-4] TRACE org.hibernate.orm.jdbc.extract - extracted value (30:VARCHAR) -> [first ticket]
14:00:21.677 [https-jsse-nio-8443-exec-4] DEBUG org.hibernate.SQL - 
    select
        csl1_0.parent_section_id,
        csl1_0.id,
        csl1_0.building_id,
        csl1_0.deleted,
        csl1_0.title 
    from
        section_table csl1_0 
    where
        csl1_0.parent_section_id=? 
        and (
            csl1_0.deleted = 0
        )
14:00:21.677 [https-jsse-nio-8443-exec-4] TRACE org.hibernate.orm.jdbc.bind - binding parameter (1:BIGINT) <- [1]
14:00:21.677 [https-jsse-nio-8443-exec-4] TRACE org.hibernate.orm.jdbc.extract - extracted value (1:BIGINT) -> [1]
14:00:21.677 [https-jsse-nio-8443-exec-4] TRACE org.hibernate.orm.jdbc.extract - extracted value (2:BIGINT) -> [2]
14:00:21.677 [https-jsse-nio-8443-exec-4] TRACE org.hibernate.orm.jdbc.extract - extracted value (3:BIGINT) -> [23]
14:00:21.678 [https-jsse-nio-8443-exec-4] TRACE org.hibernate.orm.jdbc.extract - extracted value (4:BOOLEAN) -> [false]
14:00:21.678 [https-jsse-nio-8443-exec-4] TRACE org.hibernate.orm.jdbc.extract - extracted value (5:VARCHAR) -> [HSE]
14:00:21.678 [https-jsse-nio-8443-exec-4] TRACE org.hibernate.orm.jdbc.extract - extracted value (1:BIGINT) -> [1]
14:00:21.678 [https-jsse-nio-8443-exec-4] TRACE org.hibernate.orm.jdbc.extract - extracted value (2:BIGINT) -> [3]
14:00:21.678 [https-jsse-nio-8443-exec-4] DEBUG org.hibernate.SQL - 
    select
        csl1_0.parent_section_id,
        csl1_0.id,
        csl1_0.building_id,
        csl1_0.deleted,
        csl1_0.title 
    from
        section_table csl1_0 
    where
        csl1_0.parent_section_id=? 
        and (
            csl1_0.deleted = 0
        )
14:00:21.678 [https-jsse-nio-8443-exec-4] TRACE org.hibernate.orm.jdbc.bind - binding parameter (1:BIGINT) <- [3]
14:00:21.678 [https-jsse-nio-8443-exec-4] TRACE org.hibernate.orm.jdbc.extract - extracted value (1:BIGINT) -> [3]
14:00:21.678 [https-jsse-nio-8443-exec-4] TRACE org.hibernate.orm.jdbc.extract - extracted value (2:BIGINT) -> [4]
14:00:21.678 [https-jsse-nio-8443-exec-4] TRACE org.hibernate.orm.jdbc.extract - extracted value (3:BIGINT) -> [23]
14:00:21.678 [https-jsse-nio-8443-exec-4] TRACE org.hibernate.orm.jdbc.extract - extracted value (4:BOOLEAN) -> [false]
14:00:21.678 [https-jsse-nio-8443-exec-4] TRACE org.hibernate.orm.jdbc.extract - extracted value (5:VARCHAR) -> [BUS]
14:00:21.678 [https-jsse-nio-8443-exec-4] TRACE org.hibernate.orm.jdbc.extract - extracted value (1:BIGINT) -> [3]
14:00:21.678 [https-jsse-nio-8443-exec-4] TRACE org.hibernate.orm.jdbc.extract - extracted value (2:BIGINT) -> [5]
14:00:21.679 [https-jsse-nio-8443-exec-4] TRACE org.hibernate.orm.jdbc.extract - extracted value (3:BIGINT) -> [null]
14:00:21.679 [https-jsse-nio-8443-exec-4] TRACE org.hibernate.orm.jdbc.extract - extracted value (4:BOOLEAN) -> [false]
14:00:21.679 [https-jsse-nio-8443-exec-4] TRACE org.hibernate.orm.jdbc.extract - extracted value (5:VARCHAR) -> [TAXI]
14:00:21.679 [https-jsse-nio-8443-exec-4] TRACE org.hibernate.orm.jdbc.extract - extracted value (1:BIGINT) -> [3]
14:00:21.679 [https-jsse-nio-8443-exec-4] TRACE org.hibernate.orm.jdbc.extract - extracted value (2:BIGINT) -> [21]
14:00:21.679 [https-jsse-nio-8443-exec-4] TRACE org.hibernate.orm.jdbc.extract - extracted value (3:BIGINT) -> [null]
14:00:21.679 [https-jsse-nio-8443-exec-4] TRACE org.hibernate.orm.jdbc.extract - extracted value (4:BOOLEAN) -> [false]
14:00:21.679 [https-jsse-nio-8443-exec-4] TRACE org.hibernate.orm.jdbc.extract - extracted value (5:VARCHAR) -> [TEST B]
14:00:21.679 [https-jsse-nio-8443-exec-4] DEBUG org.hibernate.SQL - 
    select
        csl1_0.parent_section_id,
        csl1_0.id,
        csl1_0.building_id,
        csl1_0.deleted,
        csl1_0.title 
    from
        section_table csl1_0 
    where
        csl1_0.parent_section_id=? 
        and (
            csl1_0.deleted = 0
        )
14:00:21.679 [https-jsse-nio-8443-exec-4] TRACE org.hibernate.orm.jdbc.bind - binding parameter (1:BIGINT) <- [21]
14:00:21.680 [https-jsse-nio-8443-exec-4] DEBUG org.hibernate.SQL - 
    select
        csl1_0.parent_section_id,
        csl1_0.id,
        csl1_0.building_id,
        csl1_0.deleted,
        csl1_0.title 
    from
        section_table csl1_0 
    where
        csl1_0.parent_section_id=? 
        and (
            csl1_0.deleted = 0
        )
14:00:21.680 [https-jsse-nio-8443-exec-4] TRACE org.hibernate.orm.jdbc.bind - binding parameter (1:BIGINT) <- [5]
14:00:21.681 [https-jsse-nio-8443-exec-4] DEBUG org.hibernate.SQL - 
    select
        csl1_0.parent_section_id,
        csl1_0.id,
        csl1_0.building_id,
        csl1_0.deleted,
        csl1_0.title 
    from
        section_table csl1_0 
    where
        csl1_0.parent_section_id=? 
        and (
            csl1_0.deleted = 0
        )
14:00:21.681 [https-jsse-nio-8443-exec-4] TRACE org.hibernate.orm.jdbc.bind - binding parameter (1:BIGINT) <- [4]
14:00:21.681 [https-jsse-nio-8443-exec-4] DEBUG org.hibernate.SQL - 
    select
        csl1_0.parent_section_id,
        csl1_0.id,
        csl1_0.building_id,
        csl1_0.deleted,
        csl1_0.title 
    from
        section_table csl1_0 
    where
        csl1_0.parent_section_id=? 
        and (
            csl1_0.deleted = 0
        )
14:00:21.682 [https-jsse-nio-8443-exec-4] TRACE org.hibernate.orm.jdbc.bind - binding parameter (1:BIGINT) <- [2]
14:00:21.683 [https-jsse-nio-8443-exec-4] DEBUG o.h.e.t.internal.TransactionImpl - rolling back
14:00:21.684 [https-jsse-nio-8443-exec-4] ERROR i.c.exception.ResponseAspect - API Error in closeTicket: Ticket is already CLOSED
14:00:21.699 [org.springframework.kafka.KafkaListenerEndpointContainer#0-0-C-1] INFO  o.apache.kafka.clients.NetworkClient - [Consumer clientId=consumer-building-service-updater-1, groupId=building-service-updater] Node -1 disconnected.
14:00:21.699 [org.springframework.kafka.KafkaListenerEndpointContainer#0-0-C-1] WARN  o.apache.kafka.clients.NetworkClient - [Consumer clientId=consumer-building-service-updater-1, groupId=building-service-updater] Connection to node -1 (/100.99.137.56:9092) could not be established. Node may not be available.
14:00:21.699 [org.springframework.kafka.KafkaListenerEndpointContainer#0-0-C-1] WARN  o.apache.kafka.clients.NetworkClient - [Consumer clientId=consumer-building-service-updater-1, groupId=building-service-updater] Bootstrap broker 100.99.137.56:9092 (id: -1 rack: null) disconnected
14:00:23.373 [scheduling-1] DEBUG o.h.e.t.internal.TransactionImpl - On TransactionImpl creation, JpaCompliance#isJpaTransactionComplianceEnabled == false
14:00:23.373 [scheduling-1] DEBUG o.h.e.t.internal.TransactionImpl - begin
14:00:23.375 [scheduling-1] DEBUG org.hibernate.SQL - 
    /* <criteria> */ select
        oe1_0.id,
        oe1_0.aggregate_id,
        oe1_0.aggregate_type,
        oe1_0.created_at,
        oe1_0.deleted,
        oe1_0.event_type,
        oe1_0.payload,
        oe1_0.published 
    from
        outbox_tbl oe1_0 
    where
        (
            oe1_0.deleted = 0
        ) 
        and oe1_0.published=0 
    order by
        oe1_0.created_at
14:00:23.376 [scheduling-1] DEBUG o.h.e.t.internal.TransactionImpl - committing
14:00:25.390 [scheduling-1] DEBUG o.h.e.t.internal.TransactionImpl - On TransactionImpl creation, JpaCompliance#isJpaTransactionComplianceEnabled == false
14:00:25.390 [scheduling-1] DEBUG o.h.e.t.internal.TransactionImpl - begin
14:00:25.391 [scheduling-1] DEBUG org.hibernate.SQL - 
    /* <criteria> */ select
        oe1_0.id,
        oe1_0.aggregate_id,
        oe1_0.aggregate_type,
        oe1_0.created_at,
        oe1_0.deleted,
        oe1_0.event_type,
        oe1_0.payload,
        oe1_0.published 
    from
        outbox_tbl oe1_0 
    where
        (
            oe1_0.deleted = 0
        ) 
        and oe1_0.published=0 
    order by
        oe1_0.created_at
14:00:25.392 [scheduling-1] DEBUG o.h.e.t.internal.TransactionImpl - committing
14:00:27.404 [scheduling-1] DEBUG o.h.e.t.internal.TransactionImpl - On TransactionImpl creation, JpaCompliance#isJpaTransactionComplianceEnabled == false
14:00:27.404 [scheduling-1] DEBUG o.h.e.t.internal.TransactionImpl - begin
14:00:27.406 [scheduling-1] DEBUG org.hibernate.SQL - 
    /* <criteria> */ select
        oe1_0.id,
        oe1_0.aggregate_id,
        oe1_0.aggregate_type,
        oe1_0.created_at,
        oe1_0.deleted,
        oe1_0.event_type,
        oe1_0.payload,
        oe1_0.published 
    from
        outbox_tbl oe1_0 
    where
        (
            oe1_0.deleted = 0
        ) 
        and oe1_0.published=0 
    order by
        oe1_0.created_at
14:00:27.407 [scheduling-1] DEBUG o.h.e.t.internal.TransactionImpl - committing
14:00:29.412 [scheduling-1] DEBUG o.h.e.t.internal.TransactionImpl - On TransactionImpl creation, JpaCompliance#isJpaTransactionComplianceEnabled == false
14:00:29.412 [scheduling-1] DEBUG o.h.e.t.internal.TransactionImpl - begin
14:00:29.413 [scheduling-1] DEBUG org.hibernate.SQL - 
    /* <criteria> */ select
        oe1_0.id,
        oe1_0.aggregate_id,
        oe1_0.aggregate_type,
        oe1_0.created_at,
        oe1_0.deleted,
        oe1_0.event_type,
        oe1_0.payload,
        oe1_0.published 
    from
        outbox_tbl oe1_0 
    where
        (
            oe1_0.deleted = 0
        ) 
        and oe1_0.published=0 
    order by
        oe1_0.created_at
14:00:29.414 [scheduling-1] DEBUG o.h.e.t.internal.TransactionImpl - committing
14:00:31.415 [scheduling-1] DEBUG o.h.e.t.internal.TransactionImpl - On TransactionImpl creation, JpaCompliance#isJpaTransactionComplianceEnabled == false
14:00:31.415 [scheduling-1] DEBUG o.h.e.t.internal.TransactionImpl - begin
14:00:31.416 [scheduling-1] DEBUG org.hibernate.SQL - 
    /* <criteria> */ select
        oe1_0.id,
        oe1_0.aggregate_id,
        oe1_0.aggregate_type,
        oe1_0.created_at,
        oe1_0.deleted,
        oe1_0.event_type,
        oe1_0.payload,
        oe1_0.published 
    from
        outbox_tbl oe1_0 
    where
        (
            oe1_0.deleted = 0
        ) 
        and oe1_0.published=0 
    order by
        oe1_0.created_at
14:00:31.417 [scheduling-1] DEBUG o.h.e.t.internal.TransactionImpl - committing
14:00:33.430 [scheduling-1] DEBUG o.h.e.t.internal.TransactionImpl - On TransactionImpl creation, JpaCompliance#isJpaTransactionComplianceEnabled == false
14:00:33.430 [scheduling-1] DEBUG o.h.e.t.internal.TransactionImpl - begin
14:00:33.431 [scheduling-1] DEBUG org.hibernate.SQL - 
    /* <criteria> */ select
        oe1_0.id,
        oe1_0.aggregate_id,
        oe1_0.aggregate_type,
        oe1_0.created_at,
        oe1_0.deleted,
        oe1_0.event_type,
        oe1_0.payload,
        oe1_0.published 
    from
        outbox_tbl oe1_0 
    where
        (
            oe1_0.deleted = 0
        ) 
        and oe1_0.published=0 
    order by
        oe1_0.created_at
14:00:33.432 [scheduling-1] DEBUG o.h.e.t.internal.TransactionImpl - committing
14:00:34.881 [org.springframework.kafka.KafkaListenerEndpointContainer#0-0-C-1] INFO  o.a.k.c.c.i.ConsumerCoordinator - [Consumer clientId=consumer-building-service-updater-1, groupId=building-service-updater] Resetting generation and member id due to: consumer pro-actively leaving the group
14:00:34.881 [org.springframework.kafka.KafkaListenerEndpointContainer#0-0-C-1] INFO  o.a.k.c.c.i.ConsumerCoordinator - [Consumer clientId=consumer-building-service-updater-1, groupId=building-service-updater] Request joining group due to: consumer pro-actively leaving the group
14:00:34.881 [org.springframework.kafka.KafkaListenerEndpointContainer#0-0-C-1] INFO  o.a.k.c.c.i.LegacyKafkaConsumer - [Consumer clientId=consumer-building-service-updater-1, groupId=building-service-updater] Unsubscribed all topics or patterns and assigned partitions
14:00:34.883 [org.springframework.kafka.KafkaListenerEndpointContainer#0-0-C-1] INFO  o.a.k.c.c.i.ConsumerCoordinator - [Consumer clientId=consumer-building-service-updater-1, groupId=building-service-updater] Resetting generation and member id due to: consumer pro-actively leaving the group
14:00:34.883 [org.springframework.kafka.KafkaListenerEndpointContainer#0-0-C-1] INFO  o.a.k.c.c.i.ConsumerCoordinator - [Consumer clientId=consumer-building-service-updater-1, groupId=building-service-updater] Request joining group due to: consumer pro-actively leaving the group
14:00:34.885 [org.springframework.kafka.KafkaListenerEndpointContainer#0-0-C-1] INFO  o.a.kafka.common.metrics.Metrics - Metrics scheduler closed
14:00:34.885 [org.springframework.kafka.KafkaListenerEndpointContainer#0-0-C-1] INFO  o.a.kafka.common.metrics.Metrics - Closing reporter org.apache.kafka.common.metrics.JmxReporter
14:00:34.886 [org.springframework.kafka.KafkaListenerEndpointContainer#0-0-C-1] INFO  o.a.kafka.common.metrics.Metrics - Closing reporter org.apache.kafka.common.telemetry.internals.ClientTelemetryReporter
14:00:34.886 [org.springframework.kafka.KafkaListenerEndpointContainer#0-0-C-1] INFO  o.a.kafka.common.metrics.Metrics - Metrics reporters closed
14:00:34.892 [org.springframework.kafka.KafkaListenerEndpointContainer#0-0-C-1] INFO  o.a.kafka.common.utils.AppInfoParser - App info kafka.consumer for consumer-building-service-updater-1 unregistered
14:00:34.894 [org.springframework.kafka.KafkaListenerEndpointContainer#0-0-C-1] INFO  o.s.k.l.KafkaMessageListenerContainer - building-service-updater: Consumer stopped
14:00:34.896 [SpringApplicationShutdownHook] INFO  o.s.b.w.e.tomcat.GracefulShutdown - Commencing graceful shutdown. Waiting for active requests to complete
14:00:35.275 [tomcat-shutdown] INFO  o.s.b.w.e.tomcat.GracefulShutdown - Graceful shutdown complete
14:00:35.306 [SpringApplicationShutdownHook] INFO  o.s.o.j.LocalContainerEntityManagerFactoryBean - Closing JPA EntityManagerFactory for persistence unit 'default'
14:00:35.308 [SpringApplicationShutdownHook] INFO  com.zaxxer.hikari.HikariDataSource - HikariPool-1 - Shutdown initiated...
14:00:35.317 [SpringApplicationShutdownHook] INFO  com.zaxxer.hikari.HikariDataSource - HikariPool-1 - Shutdown completed.
17:58:17.027 [background-preinit] INFO  o.h.validator.internal.util.Version - HV000001: Hibernate Validator 8.0.2.Final
17:58:17.067 [restartedMain] INFO  ir.TicketingSpringSample - Starting TicketingSpringSample using Java 17.0.12 with PID 7556 (D:\JAVA\MFT learning\projects\Spring\ticketing_spring_sample\target\classes started by arbab in D:\JAVA\MFT learning\projects\Spring\ticketing_spring_sample)
17:58:17.068 [restartedMain] INFO  ir.TicketingSpringSample - The following 1 profile is active: "dev"
17:58:17.116 [restartedMain] INFO  o.s.b.d.restart.ChangeableUrls - The Class-Path manifest attribute in C:\Users\arbab\.m2\repository\com\oracle\database\jdbc\ojdbc11\21.9.0.0\ojdbc11-21.9.0.0.jar referenced one or more files that do not exist: file:/C:/Users/arbab/.m2/repository/com/oracle/database/jdbc/ojdbc11/21.9.0.0/oraclepki.jar
17:58:17.116 [restartedMain] INFO  o.s.b.d.e.DevToolsPropertyDefaultsPostProcessor - Devtools property defaults active! Set 'spring.devtools.add-properties' to 'false' to disable
17:58:17.116 [restartedMain] INFO  o.s.b.d.e.DevToolsPropertyDefaultsPostProcessor - For additional web related logging consider setting the 'logging.level.web' property to 'DEBUG'
17:58:17.817 [restartedMain] INFO  o.s.b.f.s.DefaultListableBeanFactory - Overriding bean definition for bean 'localeResolver' with a different definition: replacing [Root bean: class=null; scope=; abstract=false; lazyInit=null; autowireMode=3; dependencyCheck=0; autowireCandidate=true; primary=false; fallback=false; factoryBeanName=org.springframework.web.servlet.config.annotation.DelegatingWebMvcConfiguration; factoryMethodName=localeResolver; initMethodNames=null; destroyMethodNames=[(inferred)]; defined in class path resource [org/springframework/web/servlet/config/annotation/DelegatingWebMvcConfiguration.class]] with [Root bean: class=null; scope=; abstract=false; lazyInit=null; autowireMode=3; dependencyCheck=0; autowireCandidate=true; primary=false; fallback=false; factoryBeanName=webConfig; factoryMethodName=localeResolver; initMethodNames=null; destroyMethodNames=[(inferred)]; defined in class path resource [ir/config/WebConfig.class]]
17:58:17.822 [restartedMain] INFO  o.s.d.r.c.RepositoryConfigurationDelegate - Multiple Spring Data modules found, entering strict repository configuration mode
17:58:17.822 [restartedMain] INFO  o.s.d.r.c.RepositoryConfigurationDelegate - Bootstrapping Spring Data JPA repositories in DEFAULT mode.
17:58:17.927 [restartedMain] INFO  o.s.d.r.c.RepositoryConfigurationExtensionSupport - Spring Data JPA - Could not safely identify store assignment for repository candidate interface ir.repository.ImageRepository; If you want this repository to be a JPA repository, consider annotating your entities with one of these annotations: jakarta.persistence.Entity, jakarta.persistence.MappedSuperclass (preferred), or consider extending one of the following types with your repository: org.springframework.data.jpa.repository.JpaRepository
17:58:17.977 [restartedMain] INFO  o.s.d.r.c.RepositoryConfigurationDelegate - Finished Spring Data repository scanning in 148 ms. Found 10 JPA repository interfaces.
17:58:18.314 [restartedMain] INFO  o.s.d.r.c.RepositoryConfigurationDelegate - Multiple Spring Data modules found, entering strict repository configuration mode
17:58:18.314 [restartedMain] INFO  o.s.d.r.c.RepositoryConfigurationDelegate - Bootstrapping Spring Data MongoDB repositories in DEFAULT mode.
17:58:18.332 [restartedMain] INFO  o.s.d.r.c.RepositoryConfigurationExtensionSupport - Spring Data MongoDB - Could not safely identify store assignment for repository candidate interface ir.repository.AttachmentRepository; If you want this repository to be a MongoDB repository, consider annotating your entities with one of these annotations: org.springframework.data.mongodb.core.mapping.Document (preferred), or consider extending one of the following types with your repository: org.springframework.data.mongodb.repository.MongoRepository
17:58:18.332 [restartedMain] INFO  o.s.d.r.c.RepositoryConfigurationExtensionSupport - Spring Data MongoDB - Could not safely identify store assignment for repository candidate interface ir.repository.BuildingRepository; If you want this repository to be a MongoDB repository, consider annotating your entities with one of these annotations: org.springframework.data.mongodb.core.mapping.Document (preferred), or consider extending one of the following types with your repository: org.springframework.data.mongodb.repository.MongoRepository
17:58:18.332 [restartedMain] INFO  o.s.d.r.c.RepositoryConfigurationExtensionSupport - Spring Data MongoDB - Could not safely identify store assignment for repository candidate interface ir.repository.MessageRepository; If you want this repository to be a MongoDB repository, consider annotating your entities with one of these annotations: org.springframework.data.mongodb.core.mapping.Document (preferred), or consider extending one of the following types with your repository: org.springframework.data.mongodb.repository.MongoRepository
17:58:18.332 [restartedMain] INFO  o.s.d.r.c.RepositoryConfigurationExtensionSupport - Spring Data MongoDB - Could not safely identify store assignment for repository candidate interface ir.repository.OutboxRepository; If you want this repository to be a MongoDB repository, consider annotating your entities with one of these annotations: org.springframework.data.mongodb.core.mapping.Document (preferred), or consider extending one of the following types with your repository: org.springframework.data.mongodb.repository.MongoRepository
17:58:18.332 [restartedMain] INFO  o.s.d.r.c.RepositoryConfigurationExtensionSupport - Spring Data MongoDB - Could not safely identify store assignment for repository candidate interface ir.repository.PermissionRepository; If you want this repository to be a MongoDB repository, consider annotating your entities with one of these annotations: org.springframework.data.mongodb.core.mapping.Document (preferred), or consider extending one of the following types with your repository: org.springframework.data.mongodb.repository.MongoRepository
17:58:18.333 [restartedMain] INFO  o.s.d.r.c.RepositoryConfigurationExtensionSupport - Spring Data MongoDB - Could not safely identify store assignment for repository candidate interface ir.repository.ProfileRepository; If you want this repository to be a MongoDB repository, consider annotating your entities with one of these annotations: org.springframework.data.mongodb.core.mapping.Document (preferred), or consider extending one of the following types with your repository: org.springframework.data.mongodb.repository.MongoRepository
17:58:18.333 [restartedMain] INFO  o.s.d.r.c.RepositoryConfigurationExtensionSupport - Spring Data MongoDB - Could not safely identify store assignment for repository candidate interface ir.repository.RoleRepository; If you want this repository to be a MongoDB repository, consider annotating your entities with one of these annotations: org.springframework.data.mongodb.core.mapping.Document (preferred), or consider extending one of the following types with your repository: org.springframework.data.mongodb.repository.MongoRepository
17:58:18.333 [restartedMain] INFO  o.s.d.r.c.RepositoryConfigurationExtensionSupport - Spring Data MongoDB - Could not safely identify store assignment for repository candidate interface ir.repository.SectionRepository; If you want this repository to be a MongoDB repository, consider annotating your entities with one of these annotations: org.springframework.data.mongodb.core.mapping.Document (preferred), or consider extending one of the following types with your repository: org.springframework.data.mongodb.repository.MongoRepository
17:58:18.333 [restartedMain] INFO  o.s.d.r.c.RepositoryConfigurationExtensionSupport - Spring Data MongoDB - Could not safely identify store assignment for repository candidate interface ir.repository.TicketRepository; If you want this repository to be a MongoDB repository, consider annotating your entities with one of these annotations: org.springframework.data.mongodb.core.mapping.Document (preferred), or consider extending one of the following types with your repository: org.springframework.data.mongodb.repository.MongoRepository
17:58:18.333 [restartedMain] INFO  o.s.d.r.c.RepositoryConfigurationExtensionSupport - Spring Data MongoDB - Could not safely identify store assignment for repository candidate interface ir.repository.UserRepository; If you want this repository to be a MongoDB repository, consider annotating your entities with one of these annotations: org.springframework.data.mongodb.core.mapping.Document (preferred), or consider extending one of the following types with your repository: org.springframework.data.mongodb.repository.MongoRepository
17:58:18.339 [restartedMain] INFO  o.s.d.r.c.RepositoryConfigurationDelegate - Finished Spring Data repository scanning in 19 ms. Found 1 MongoDB repository interface.
17:58:18.346 [restartedMain] INFO  o.s.d.r.c.RepositoryConfigurationDelegate - Multiple Spring Data modules found, entering strict repository configuration mode
17:58:18.347 [restartedMain] INFO  o.s.d.r.c.RepositoryConfigurationDelegate - Bootstrapping Spring Data Redis repositories in DEFAULT mode.
17:58:18.357 [restartedMain] INFO  o.s.d.r.c.RepositoryConfigurationExtensionSupport - Spring Data Redis - Could not safely identify store assignment for repository candidate interface ir.repository.AttachmentRepository; If you want this repository to be a Redis repository, consider annotating your entities with one of these annotations: org.springframework.data.redis.core.RedisHash (preferred), or consider extending one of the following types with your repository: org.springframework.data.keyvalue.repository.KeyValueRepository
17:58:18.358 [restartedMain] INFO  o.s.d.r.c.RepositoryConfigurationExtensionSupport - Spring Data Redis - Could not safely identify store assignment for repository candidate interface ir.repository.BuildingRepository; If you want this repository to be a Redis repository, consider annotating your entities with one of these annotations: org.springframework.data.redis.core.RedisHash (preferred), or consider extending one of the following types with your repository: org.springframework.data.keyvalue.repository.KeyValueRepository
17:58:18.358 [restartedMain] INFO  o.s.d.r.c.RepositoryConfigurationExtensionSupport - Spring Data Redis - Could not safely identify store assignment for repository candidate interface ir.repository.ImageRepository; If you want this repository to be a Redis repository, consider annotating your entities with one of these annotations: org.springframework.data.redis.core.RedisHash (preferred), or consider extending one of the following types with your repository: org.springframework.data.keyvalue.repository.KeyValueRepository
17:58:18.358 [restartedMain] INFO  o.s.d.r.c.RepositoryConfigurationExtensionSupport - Spring Data Redis - Could not safely identify store assignment for repository candidate interface ir.repository.MessageRepository; If you want this repository to be a Redis repository, consider annotating your entities with one of these annotations: org.springframework.data.redis.core.RedisHash (preferred), or consider extending one of the following types with your repository: org.springframework.data.keyvalue.repository.KeyValueRepository
17:58:18.358 [restartedMain] INFO  o.s.d.r.c.RepositoryConfigurationExtensionSupport - Spring Data Redis - Could not safely identify store assignment for repository candidate interface ir.repository.OutboxRepository; If you want this repository to be a Redis repository, consider annotating your entities with one of these annotations: org.springframework.data.redis.core.RedisHash (preferred), or consider extending one of the following types with your repository: org.springframework.data.keyvalue.repository.KeyValueRepository
17:58:18.358 [restartedMain] INFO  o.s.d.r.c.RepositoryConfigurationExtensionSupport - Spring Data Redis - Could not safely identify store assignment for repository candidate interface ir.repository.PermissionRepository; If you want this repository to be a Redis repository, consider annotating your entities with one of these annotations: org.springframework.data.redis.core.RedisHash (preferred), or consider extending one of the following types with your repository: org.springframework.data.keyvalue.repository.KeyValueRepository
17:58:18.358 [restartedMain] INFO  o.s.d.r.c.RepositoryConfigurationExtensionSupport - Spring Data Redis - Could not safely identify store assignment for repository candidate interface ir.repository.ProfileRepository; If you want this repository to be a Redis repository, consider annotating your entities with one of these annotations: org.springframework.data.redis.core.RedisHash (preferred), or consider extending one of the following types with your repository: org.springframework.data.keyvalue.repository.KeyValueRepository
17:58:18.358 [restartedMain] INFO  o.s.d.r.c.RepositoryConfigurationExtensionSupport - Spring Data Redis - Could not safely identify store assignment for repository candidate interface ir.repository.RoleRepository; If you want this repository to be a Redis repository, consider annotating your entities with one of these annotations: org.springframework.data.redis.core.RedisHash (preferred), or consider extending one of the following types with your repository: org.springframework.data.keyvalue.repository.KeyValueRepository
17:58:18.358 [restartedMain] INFO  o.s.d.r.c.RepositoryConfigurationExtensionSupport - Spring Data Redis - Could not safely identify store assignment for repository candidate interface ir.repository.SectionRepository; If you want this repository to be a Redis repository, consider annotating your entities with one of these annotations: org.springframework.data.redis.core.RedisHash (preferred), or consider extending one of the following types with your repository: org.springframework.data.keyvalue.repository.KeyValueRepository
17:58:18.358 [restartedMain] INFO  o.s.d.r.c.RepositoryConfigurationExtensionSupport - Spring Data Redis - Could not safely identify store assignment for repository candidate interface ir.repository.TicketRepository; If you want this repository to be a Redis repository, consider annotating your entities with one of these annotations: org.springframework.data.redis.core.RedisHash (preferred), or consider extending one of the following types with your repository: org.springframework.data.keyvalue.repository.KeyValueRepository
17:58:18.359 [restartedMain] INFO  o.s.d.r.c.RepositoryConfigurationExtensionSupport - Spring Data Redis - Could not safely identify store assignment for repository candidate interface ir.repository.UserRepository; If you want this repository to be a Redis repository, consider annotating your entities with one of these annotations: org.springframework.data.redis.core.RedisHash (preferred), or consider extending one of the following types with your repository: org.springframework.data.keyvalue.repository.KeyValueRepository
17:58:18.359 [restartedMain] INFO  o.s.d.r.c.RepositoryConfigurationDelegate - Finished Spring Data repository scanning in 6 ms. Found 0 Redis repository interfaces.
17:58:18.576 [restartedMain] INFO  o.s.cloud.context.scope.GenericScope - BeanFactory id=ec8fb375-c6ee-30e9-97e1-8f7fc9dca91b
17:58:19.262 [restartedMain] INFO  o.s.b.w.e.tomcat.TomcatWebServer - Tomcat initialized with port 8443 (https)
17:58:19.270 [restartedMain] INFO  o.a.coyote.http11.Http11NioProtocol - Initializing ProtocolHandler ["https-jsse-nio-8443"]
17:58:19.273 [restartedMain] INFO  o.a.catalina.core.StandardService - Starting service [Tomcat]
17:58:19.273 [restartedMain] INFO  o.a.catalina.core.StandardEngine - Starting Servlet engine: [Apache Tomcat/10.1.36]
17:58:19.316 [restartedMain] INFO  o.a.c.c.C.[Tomcat].[localhost].[/] - Initializing Spring embedded WebApplicationContext
17:58:19.317 [restartedMain] INFO  o.s.b.w.s.c.ServletWebServerApplicationContext - Root WebApplicationContext: initialization completed in 2193 ms
17:58:19.729 [restartedMain] INFO  o.h.jpa.internal.util.LogHelper - HHH000204: Processing PersistenceUnitInfo [name: default]
17:58:19.762 [restartedMain] INFO  org.hibernate.Version - HHH000412: Hibernate ORM core version 6.6.8.Final
17:58:19.784 [restartedMain] INFO  o.h.c.i.RegionFactoryInitiator - HHH000026: Second-level cache disabled
17:58:19.957 [restartedMain] INFO  o.s.o.j.p.SpringPersistenceUnitInfo - No LoadTimeWeaver setup: ignoring JPA class transformer
17:58:19.978 [restartedMain] INFO  com.zaxxer.hikari.HikariDataSource - HikariPool-1 - Starting...
17:58:20.196 [restartedMain] INFO  com.zaxxer.hikari.pool.HikariPool - HikariPool-1 - Added connection oracle.jdbc.driver.T4CConnection@1c3b0aa
17:58:20.197 [restartedMain] INFO  com.zaxxer.hikari.HikariDataSource - HikariPool-1 - Start completed.
17:58:20.308 [restartedMain] WARN  org.hibernate.orm.deprecation - HHH90000025: OracleDialect does not need to be specified explicitly using 'hibernate.dialect' (remove the property setting and it will be selected by default)
17:58:20.327 [restartedMain] INFO  o.hibernate.orm.connections.pooling - HHH10001005: Database info:
	Database JDBC URL [Connecting through datasource 'HikariDataSource (HikariPool-1)']
	Database driver: undefined/unknown
	Database version: 21.0
	Autocommit mode: undefined/unknown
	Isolation level: undefined/unknown
	Minimum pool size: undefined/unknown
	Maximum pool size: undefined/unknown
17:58:21.190 [restartedMain] INFO  o.h.e.t.j.p.i.JtaPlatformInitiator - HHH000489: No JTA platform available (set 'hibernate.transaction.jta.platform' to enable JTA platform integration)
17:58:21.325 [restartedMain] DEBUG org.hibernate.SQL - 
    alter table attachment_tbl 
       modify file_type smallint
17:58:21.339 [restartedMain] DEBUG org.hibernate.SQL - 
    alter table ticket_tbl 
       modify status smallint
17:58:21.394 [restartedMain] INFO  o.s.o.j.LocalContainerEntityManagerFactoryBean - Initialized JPA EntityManagerFactory for persistence unit 'default'
17:58:22.039 [restartedMain] INFO  o.s.d.j.r.query.QueryEnhancerFactory - Hibernate is in classpath; If applicable, HQL parser will be used.
17:58:22.558 [restartedMain] TRACE o.s.c.a.AnnotationCacheOperationSource - Adding cacheable method 'update' with operations: [Builder[public ir.model.entity.Section ir.service.impl.SectionServiceImpl.update(java.lang.Long,ir.model.entity.Section)] caches=[sections, sectionsPageable, sectionsFilter] | key='' | keyGenerator='' | cacheManager='' | cacheResolver='' | condition='',true,false]
17:58:22.562 [restartedMain] TRACE o.s.c.a.AnnotationCacheOperationSource - Adding cacheable method 'save' with operations: [Builder[public ir.model.entity.Section ir.service.impl.SectionServiceImpl.save(ir.model.entity.Section)] caches=[sections, sectionsPageable, sectionsFilter] | key='' | keyGenerator='' | cacheManager='' | cacheResolver='' | condition='',true,false]
17:58:22.562 [restartedMain] TRACE o.s.c.a.AnnotationCacheOperationSource - Adding cacheable method 'findAll' with operations: [Builder[public org.springframework.data.domain.Page ir.service.impl.SectionServiceImpl.findAll(org.springframework.data.domain.Pageable)] caches=[sectionsPageable] | key='' | keyGenerator='' | cacheManager='' | cacheResolver='' | condition='' | unless='' | sync='false']
17:58:22.562 [restartedMain] TRACE o.s.c.a.AnnotationCacheOperationSource - Adding cacheable method 'findAll' with operations: [Builder[public java.util.List ir.service.impl.SectionServiceImpl.findAll()] caches=[sections] | key='' | keyGenerator='' | cacheManager='' | cacheResolver='' | condition='' | unless='' | sync='false']
17:58:22.563 [restartedMain] TRACE o.s.c.a.AnnotationCacheOperationSource - Adding cacheable method 'deleteById' with operations: [Builder[public void ir.service.impl.SectionServiceImpl.deleteById(java.lang.Long)] caches=[sections, sectionsPageable, sectionsFilter] | key='' | keyGenerator='' | cacheManager='' | cacheResolver='' | condition='',true,false]
17:58:22.563 [restartedMain] TRACE o.s.c.a.AnnotationCacheOperationSource - Adding cacheable method 'saveAll' with operations: [Builder[public java.util.List ir.service.impl.SectionServiceImpl.saveAll(java.util.List)] caches=[sections, sectionsPageable, sectionsFilter] | key='' | keyGenerator='' | cacheManager='' | cacheResolver='' | condition='',true,false]
17:58:22.563 [restartedMain] TRACE o.s.c.a.AnnotationCacheOperationSource - Adding cacheable method 'findAllForFilter' with operations: [Builder[public java.util.List ir.service.impl.SectionServiceImpl.findAllForFilter()] caches=[sectionsFilter] | key='' | keyGenerator='' | cacheManager='' | cacheResolver='' | condition='' | unless='' | sync='false']
17:58:22.813 [restartedMain] INFO  org.mongodb.driver.client - MongoClient with metadata {"driver": {"name": "mongo-java-driver|sync|spring-boot", "version": "5.2.1"}, "os": {"type": "Windows", "name": "Windows 10", "architecture": "amd64", "version": "10.0"}, "platform": "Java/Oracle Corporation/17.0.12+8-LTS-286"} created with settings MongoClientSettings{readPreference=primary, writeConcern=WriteConcern{w=null, wTimeout=null ms, journal=null}, retryWrites=true, retryReads=true, readConcern=ReadConcern{level=null}, credential=null, transportSettings=null, commandListeners=[io.micrometer.core.instrument.binder.mongodb.MongoMetricsCommandListener@dfcf5c8], codecRegistry=ProvidersCodecRegistry{codecProviders=[ValueCodecProvider{}, BsonValueCodecProvider{}, DBRefCodecProvider{}, DBObjectCodecProvider{}, DocumentCodecProvider{}, CollectionCodecProvider{}, IterableCodecProvider{}, MapCodecProvider{}, GeoJsonCodecProvider{}, GridFSFileCodecProvider{}, Jsr310CodecProvider{}, JsonObjectCodecProvider{}, BsonCodecProvider{}, EnumCodecProvider{}, com.mongodb.client.model.mql.ExpressionCodecProvider@531d59f9, com.mongodb.Jep395RecordCodecProvider@428da626, com.mongodb.KotlinCodecProvider@13a1998]}, loggerSettings=LoggerSettings{maxDocumentLength=1000}, clusterSettings={hosts=[localhost:27017], srvServiceName=mongodb, mode=SINGLE, requiredClusterType=UNKNOWN, requiredReplicaSetName='null', serverSelector='null', clusterListeners='[]', serverSelectionTimeout='30000 ms', localThreshold='15 ms'}, socketSettings=SocketSettings{connectTimeoutMS=10000, readTimeoutMS=0, receiveBufferSize=0, proxySettings=ProxySettings{host=null, port=null, username=null, password=null}}, heartbeatSocketSettings=SocketSettings{connectTimeoutMS=10000, readTimeoutMS=10000, receiveBufferSize=0, proxySettings=ProxySettings{host=null, port=null, username=null, password=null}}, connectionPoolSettings=ConnectionPoolSettings{maxSize=100, minSize=0, maxWaitTimeMS=120000, maxConnectionLifeTimeMS=0, maxConnectionIdleTimeMS=0, maintenanceInitialDelayMS=0, maintenanceFrequencyMS=60000, connectionPoolListeners=[io.micrometer.core.instrument.binder.mongodb.MongoMetricsConnectionPoolListener@321bd11d], maxConnecting=2}, serverSettings=ServerSettings{heartbeatFrequencyMS=10000, minHeartbeatFrequencyMS=500, serverMonitoringMode=AUTO, serverListeners='[]', serverMonitorListeners='[]'}, sslSettings=SslSettings{enabled=false, invalidHostNameAllowed=false, context=null}, applicationName='null', compressorList=[], uuidRepresentation=JAVA_LEGACY, serverApi=null, autoEncryptionSettings=null, dnsClient=null, inetAddressResolver=null, contextProvider=null, timeoutMS=null}
17:58:22.825 [cluster-ClusterId{value='6972340692d68721ae58364d', description='null'}-localhost:27017] INFO  org.mongodb.driver.cluster - Monitor thread successfully connected to server with description ServerDescription{address=localhost:27017, type=STANDALONE, cryptd=false, state=CONNECTED, ok=true, minWireVersion=0, maxWireVersion=27, maxDocumentSize=16777216, logicalSessionTimeoutMinutes=30, roundTripTimeNanos=19675900, minRoundTripTimeNanos=0}
17:58:22.973 [restartedMain] INFO  o.s.b.d.a.OptionalLiveReloadServer - LiveReload server is running on port 35729
17:58:23.314 [restartedMain] WARN  o.s.b.a.o.j.JpaBaseConfiguration$JpaWebConfiguration - spring.jpa.open-in-view is enabled by default. Therefore, database queries may be performed during view rendering. Explicitly configure spring.jpa.open-in-view to disable this warning
17:58:23.929 [restartedMain] INFO  o.s.s.c.a.a.c.InitializeAuthenticationProviderBeanManagerConfigurer$InitializeAuthenticationProviderManagerConfigurer - Global AuthenticationManager configured with AuthenticationProvider bean with name authenticationProvider
17:58:23.930 [restartedMain] WARN  o.s.s.c.a.a.c.InitializeUserDetailsBeanManagerConfigurer$InitializeUserDetailsManagerConfigurer - Global AuthenticationManager configured with an AuthenticationProvider bean. UserDetailsService beans will not be used by Spring Security for automatically configuring username/password login. Consider removing the AuthenticationProvider bean. Alternatively, consider using the UserDetailsService in a manually instantiated DaoAuthenticationProvider. If the current configuration is intentional, to turn off this warning, increase the logging level of 'org.springframework.security.config.annotation.authentication.configuration.InitializeUserDetailsBeanManagerConfigurer' to ERROR
17:58:24.557 [restartedMain] INFO  o.s.b.a.e.web.EndpointLinksResolver - Exposing 3 endpoints beneath base path '/actuator'
17:58:24.742 [restartedMain] INFO  o.s.s.w.a.c.ChannelProcessingFilter - Validated configuration attributes
17:58:24.746 [restartedMain] DEBUG o.s.s.web.DefaultSecurityFilterChain - Will secure any request with filters: DisableEncodeUrlFilter, ChannelProcessingFilter, WebAsyncManagerIntegrationFilter, SecurityContextHolderFilter, HeaderWriterFilter, CorsFilter, CsrfFilter, LogoutFilter, UsernamePasswordAuthenticationFilter, ConcurrentSessionFilter, RequestCacheAwareFilter, SecurityContextHolderAwareRequestFilter, AnonymousAuthenticationFilter, SessionManagementFilter, ExceptionTranslationFilter, AuthorizationFilter
17:58:25.465 [restartedMain] INFO  o.s.b.a.h.H2ConsoleAutoConfiguration - H2 console available at '/h2-console'. Database available at 'jdbc:oracle:thin:@localhost:1521:xe'
17:58:26.786 [restartedMain] INFO  o.s.cloud.commons.util.InetUtils - Cannot determine local hostname
17:58:26.904 [restartedMain] INFO  o.a.coyote.http11.Http11NioProtocol - Starting ProtocolHandler ["https-jsse-nio-8443"]
17:58:26.963 [restartedMain] INFO  o.a.t.u.net.NioEndpoint.certificate - Connector [https-jsse-nio-8443], TLS virtual host [_default_], certificate type [UNDEFINED] configured from keystore [C:\Users\arbab\.keystore] using alias [ticketingkey] with trust store [null]
17:58:26.974 [restartedMain] INFO  o.s.b.w.e.tomcat.TomcatWebServer - Tomcat started on port 8443 (https) with context path '/'
17:58:28.143 [restartedMain] INFO  o.s.cloud.commons.util.InetUtils - Cannot determine local hostname
17:58:28.171 [restartedMain] INFO  o.a.k.c.consumer.ConsumerConfig - ConsumerConfig values: 
	allow.auto.create.topics = true
	auto.commit.interval.ms = 5000
	auto.include.jmx.reporter = true
	auto.offset.reset = earliest
	bootstrap.servers = [100.99.137.56:9092]
	check.crcs = true
	client.dns.lookup = use_all_dns_ips
	client.id = consumer-building-service-updater-1
	client.rack = 
	connections.max.idle.ms = 540000
	default.api.timeout.ms = 60000
	enable.auto.commit = false
	enable.metrics.push = true
	exclude.internal.topics = true
	fetch.max.bytes = 52428800
	fetch.max.wait.ms = 500
	fetch.min.bytes = 1
	group.id = building-service-updater
	group.instance.id = null
	group.protocol = classic
	group.remote.assignor = null
	heartbeat.interval.ms = 3000
	interceptor.classes = []
	internal.leave.group.on.close = true
	internal.throw.on.fetch.stable.offset.unsupported = false
	isolation.level = read_uncommitted
	key.deserializer = class org.apache.kafka.common.serialization.StringDeserializer
	max.partition.fetch.bytes = 1048576
	max.poll.interval.ms = 300000
	max.poll.records = 500
	metadata.max.age.ms = 300000
	metadata.recovery.strategy = none
	metric.reporters = []
	metrics.num.samples = 2
	metrics.recording.level = INFO
	metrics.sample.window.ms = 30000
	partition.assignment.strategy = [class org.apache.kafka.clients.consumer.RangeAssignor, class org.apache.kafka.clients.consumer.CooperativeStickyAssignor]
	receive.buffer.bytes = 65536
	reconnect.backoff.max.ms = 1000
	reconnect.backoff.ms = 50
	request.timeout.ms = 30000
	retry.backoff.max.ms = 1000
	retry.backoff.ms = 100
	sasl.client.callback.handler.class = null
	sasl.jaas.config = null
	sasl.kerberos.kinit.cmd = /usr/bin/kinit
	sasl.kerberos.min.time.before.relogin = 60000
	sasl.kerberos.service.name = null
	sasl.kerberos.ticket.renew.jitter = 0.05
	sasl.kerberos.ticket.renew.window.factor = 0.8
	sasl.login.callback.handler.class = null
	sasl.login.class = null
	sasl.login.connect.timeout.ms = null
	sasl.login.read.timeout.ms = null
	sasl.login.refresh.buffer.seconds = 300
	sasl.login.refresh.min.period.seconds = 60
	sasl.login.refresh.window.factor = 0.8
	sasl.login.refresh.window.jitter = 0.05
	sasl.login.retry.backoff.max.ms = 10000
	sasl.login.retry.backoff.ms = 100
	sasl.mechanism = GSSAPI
	sasl.oauthbearer.clock.skew.seconds = 30
	sasl.oauthbearer.expected.audience = null
	sasl.oauthbearer.expected.issuer = null
	sasl.oauthbearer.jwks.endpoint.refresh.ms = 3600000
	sasl.oauthbearer.jwks.endpoint.retry.backoff.max.ms = 10000
	sasl.oauthbearer.jwks.endpoint.retry.backoff.ms = 100
	sasl.oauthbearer.jwks.endpoint.url = null
	sasl.oauthbearer.scope.claim.name = scope
	sasl.oauthbearer.sub.claim.name = sub
	sasl.oauthbearer.token.endpoint.url = null
	security.protocol = PLAINTEXT
	security.providers = null
	send.buffer.bytes = 131072
	session.timeout.ms = 45000
	socket.connection.setup.timeout.max.ms = 30000
	socket.connection.setup.timeout.ms = 10000
	ssl.cipher.suites = null
	ssl.enabled.protocols = [TLSv1.2, TLSv1.3]
	ssl.endpoint.identification.algorithm = https
	ssl.engine.factory.class = null
	ssl.key.password = null
	ssl.keymanager.algorithm = SunX509
	ssl.keystore.certificate.chain = null
	ssl.keystore.key = null
	ssl.keystore.location = null
	ssl.keystore.password = null
	ssl.keystore.type = JKS
	ssl.protocol = TLSv1.3
	ssl.provider = null
	ssl.secure.random.implementation = null
	ssl.trustmanager.algorithm = PKIX
	ssl.truststore.certificates = null
	ssl.truststore.location = null
	ssl.truststore.password = null
	ssl.truststore.type = JKS
	value.deserializer = class org.apache.kafka.common.serialization.StringDeserializer

17:58:28.205 [restartedMain] INFO  o.a.k.c.t.i.KafkaMetricsCollector - initializing Kafka metrics collector
17:58:28.262 [restartedMain] INFO  o.a.kafka.common.utils.AppInfoParser - Kafka version: 3.8.1
17:58:28.262 [restartedMain] INFO  o.a.kafka.common.utils.AppInfoParser - Kafka commitId: 70d6ff42debf7e17
17:58:28.262 [restartedMain] INFO  o.a.kafka.common.utils.AppInfoParser - Kafka startTimeMs: 1769092108261
17:58:28.272 [restartedMain] INFO  o.a.k.c.c.i.LegacyKafkaConsumer - [Consumer clientId=consumer-building-service-updater-1, groupId=building-service-updater] Subscribed to topic(s): address-created-topic
17:58:28.294 [restartedMain] INFO  ir.TicketingSpringSample - Started TicketingSpringSample in 12.715 seconds (process running for 13.624)
17:58:28.307 [restartedMain] TRACE o.s.c.interceptor.CacheInterceptor - Computed cache key 'SimpleKey []' for operation Builder[public java.util.List ir.service.impl.SectionServiceImpl.findAll()] caches=[sections] | key='' | keyGenerator='' | cacheManager='' | cacheResolver='' | condition='' | unless='' | sync='false'
17:58:28.307 [restartedMain] TRACE o.s.c.interceptor.CacheInterceptor - No cache entry for key 'SimpleKey []' in cache(s) [sections]
17:58:28.308 [scheduling-1] DEBUG o.h.e.t.internal.TransactionImpl - On TransactionImpl creation, JpaCompliance#isJpaTransactionComplianceEnabled == false
17:58:28.308 [scheduling-1] DEBUG o.h.e.t.internal.TransactionImpl - begin
17:58:28.312 [restartedMain] DEBUG o.s.jdbc.datasource.DataSourceUtils - Setting JDBC Connection [HikariProxyConnection@1451158744 wrapping oracle.jdbc.driver.T4CConnection@1c3b0aa] read-only
17:58:28.312 [restartedMain] DEBUG o.h.e.t.internal.TransactionImpl - On TransactionImpl creation, JpaCompliance#isJpaTransactionComplianceEnabled == false
17:58:28.312 [restartedMain] DEBUG o.h.e.t.internal.TransactionImpl - begin
17:58:28.364 [restartedMain] DEBUG org.hibernate.SQL - 
    /* <criteria> */ select
        s1_0.id,
        s1_0.building_id,
        s1_0.deleted,
        s1_0.parent_section_id,
        s1_0.title 
    from
        section_table s1_0 
    where
        (
            s1_0.deleted = 0
        )
17:58:28.364 [scheduling-1] DEBUG org.hibernate.SQL - 
    /* <criteria> */ select
        oe1_0.id,
        oe1_0.aggregate_id,
        oe1_0.aggregate_type,
        oe1_0.created_at,
        oe1_0.deleted,
        oe1_0.event_type,
        oe1_0.payload,
        oe1_0.published 
    from
        outbox_tbl oe1_0 
    where
        (
            oe1_0.deleted = 0
        ) 
        and oe1_0.published=0 
    order by
        oe1_0.created_at
17:58:28.383 [restartedMain] TRACE org.hibernate.orm.jdbc.extract - extracted value (1:BIGINT) -> [1]
17:58:28.385 [restartedMain] TRACE org.hibernate.orm.jdbc.extract - extracted value (2:BIGINT) -> [54]
17:58:28.390 [scheduling-1] DEBUG o.h.e.t.internal.TransactionImpl - committing
17:58:28.393 [scheduling-1] WARN  o.h.e.jdbc.spi.SqlExceptionHelper - SQL Warning Code: 28002, SQLState: 99999
17:58:28.393 [scheduling-1] WARN  o.h.e.jdbc.spi.SqlExceptionHelper - ORA-28002: the password will expire within 2 days

17:58:28.398 [restartedMain] TRACE org.hibernate.orm.jdbc.extract - extracted value (4:BIGINT) -> [null]
17:58:28.399 [restartedMain] TRACE org.hibernate.orm.jdbc.extract - extracted value (3:BOOLEAN) -> [false]
17:58:28.399 [restartedMain] TRACE org.hibernate.orm.jdbc.extract - extracted value (5:VARCHAR) -> [MAIN SECTION]
17:58:28.402 [restartedMain] TRACE org.hibernate.orm.jdbc.extract - extracted value (1:BIGINT) -> [2]
17:58:28.402 [restartedMain] TRACE org.hibernate.orm.jdbc.extract - extracted value (2:BIGINT) -> [23]
17:58:28.402 [restartedMain] TRACE org.hibernate.orm.jdbc.extract - extracted value (4:BIGINT) -> [1]
17:58:28.403 [restartedMain] TRACE org.hibernate.orm.jdbc.extract - extracted value (3:BOOLEAN) -> [false]
17:58:28.403 [restartedMain] TRACE org.hibernate.orm.jdbc.extract - extracted value (5:VARCHAR) -> [HSE]
17:58:28.403 [restartedMain] TRACE org.hibernate.orm.jdbc.extract - extracted value (1:BIGINT) -> [3]
17:58:28.403 [restartedMain] TRACE org.hibernate.orm.jdbc.extract - extracted value (2:BIGINT) -> [null]
17:58:28.403 [restartedMain] TRACE org.hibernate.orm.jdbc.extract - extracted value (4:BIGINT) -> [1]
17:58:28.403 [restartedMain] TRACE org.hibernate.orm.jdbc.extract - extracted value (3:BOOLEAN) -> [false]
17:58:28.403 [restartedMain] TRACE org.hibernate.orm.jdbc.extract - extracted value (5:VARCHAR) -> [TRANSPORT]
17:58:28.403 [restartedMain] TRACE org.hibernate.orm.jdbc.extract - extracted value (1:BIGINT) -> [4]
17:58:28.403 [restartedMain] TRACE org.hibernate.orm.jdbc.extract - extracted value (2:BIGINT) -> [23]
17:58:28.403 [restartedMain] TRACE org.hibernate.orm.jdbc.extract - extracted value (4:BIGINT) -> [3]
17:58:28.403 [restartedMain] TRACE org.hibernate.orm.jdbc.extract - extracted value (3:BOOLEAN) -> [false]
17:58:28.403 [restartedMain] TRACE org.hibernate.orm.jdbc.extract - extracted value (5:VARCHAR) -> [BUS]
17:58:28.403 [restartedMain] TRACE org.hibernate.orm.jdbc.extract - extracted value (1:BIGINT) -> [5]
17:58:28.403 [restartedMain] TRACE org.hibernate.orm.jdbc.extract - extracted value (2:BIGINT) -> [null]
17:58:28.403 [restartedMain] TRACE org.hibernate.orm.jdbc.extract - extracted value (4:BIGINT) -> [3]
17:58:28.404 [restartedMain] TRACE org.hibernate.orm.jdbc.extract - extracted value (3:BOOLEAN) -> [false]
17:58:28.404 [restartedMain] TRACE org.hibernate.orm.jdbc.extract - extracted value (5:VARCHAR) -> [TAXI]
17:58:28.404 [restartedMain] TRACE org.hibernate.orm.jdbc.extract - extracted value (1:BIGINT) -> [21]
17:58:28.404 [restartedMain] TRACE org.hibernate.orm.jdbc.extract - extracted value (2:BIGINT) -> [null]
17:58:28.404 [restartedMain] TRACE org.hibernate.orm.jdbc.extract - extracted value (4:BIGINT) -> [3]
17:58:28.404 [restartedMain] TRACE org.hibernate.orm.jdbc.extract - extracted value (3:BOOLEAN) -> [false]
17:58:28.404 [restartedMain] TRACE org.hibernate.orm.jdbc.extract - extracted value (5:VARCHAR) -> [TEST B]
17:58:28.408 [restartedMain] DEBUG org.hibernate.SQL - 
    select
        csl1_0.parent_section_id,
        csl1_0.id,
        csl1_0.building_id,
        csl1_0.deleted,
        csl1_0.title 
    from
        section_table csl1_0 
    where
        csl1_0.parent_section_id=? 
        and (
            csl1_0.deleted = 0
        )
17:58:28.409 [restartedMain] TRACE org.hibernate.orm.jdbc.bind - binding parameter (1:BIGINT) <- [21]
17:58:28.415 [restartedMain] DEBUG org.hibernate.SQL - 
    select
        csl1_0.parent_section_id,
        csl1_0.id,
        csl1_0.building_id,
        csl1_0.deleted,
        csl1_0.title 
    from
        section_table csl1_0 
    where
        csl1_0.parent_section_id=? 
        and (
            csl1_0.deleted = 0
        )
17:58:28.416 [restartedMain] TRACE org.hibernate.orm.jdbc.bind - binding parameter (1:BIGINT) <- [5]
17:58:28.417 [restartedMain] DEBUG org.hibernate.SQL - 
    select
        csl1_0.parent_section_id,
        csl1_0.id,
        csl1_0.building_id,
        csl1_0.deleted,
        csl1_0.title 
    from
        section_table csl1_0 
    where
        csl1_0.parent_section_id=? 
        and (
            csl1_0.deleted = 0
        )
17:58:28.417 [restartedMain] TRACE org.hibernate.orm.jdbc.bind - binding parameter (1:BIGINT) <- [4]
17:58:28.418 [restartedMain] DEBUG org.hibernate.SQL - 
    select
        csl1_0.parent_section_id,
        csl1_0.id,
        csl1_0.building_id,
        csl1_0.deleted,
        csl1_0.title 
    from
        section_table csl1_0 
    where
        csl1_0.parent_section_id=? 
        and (
            csl1_0.deleted = 0
        )
17:58:28.418 [restartedMain] TRACE org.hibernate.orm.jdbc.bind - binding parameter (1:BIGINT) <- [3]
17:58:28.420 [restartedMain] TRACE org.hibernate.orm.jdbc.extract - extracted value (1:BIGINT) -> [3]
17:58:28.420 [restartedMain] TRACE org.hibernate.orm.jdbc.extract - extracted value (2:BIGINT) -> [4]
17:58:28.421 [restartedMain] TRACE org.hibernate.orm.jdbc.extract - extracted value (1:BIGINT) -> [3]
17:58:28.421 [restartedMain] TRACE org.hibernate.orm.jdbc.extract - extracted value (2:BIGINT) -> [5]
17:58:28.421 [restartedMain] TRACE org.hibernate.orm.jdbc.extract - extracted value (1:BIGINT) -> [3]
17:58:28.421 [restartedMain] TRACE org.hibernate.orm.jdbc.extract - extracted value (2:BIGINT) -> [21]
17:58:28.421 [restartedMain] DEBUG org.hibernate.SQL - 
    select
        csl1_0.parent_section_id,
        csl1_0.id,
        csl1_0.building_id,
        csl1_0.deleted,
        csl1_0.title 
    from
        section_table csl1_0 
    where
        csl1_0.parent_section_id=? 
        and (
            csl1_0.deleted = 0
        )
17:58:28.422 [restartedMain] TRACE org.hibernate.orm.jdbc.bind - binding parameter (1:BIGINT) <- [2]
17:58:28.422 [restartedMain] DEBUG org.hibernate.SQL - 
    select
        csl1_0.parent_section_id,
        csl1_0.id,
        csl1_0.building_id,
        csl1_0.deleted,
        csl1_0.title 
    from
        section_table csl1_0 
    where
        csl1_0.parent_section_id=? 
        and (
            csl1_0.deleted = 0
        )
17:58:28.423 [restartedMain] TRACE org.hibernate.orm.jdbc.bind - binding parameter (1:BIGINT) <- [1]
17:58:28.423 [restartedMain] TRACE org.hibernate.orm.jdbc.extract - extracted value (1:BIGINT) -> [1]
17:58:28.423 [restartedMain] TRACE org.hibernate.orm.jdbc.extract - extracted value (2:BIGINT) -> [2]
17:58:28.424 [restartedMain] TRACE org.hibernate.orm.jdbc.extract - extracted value (1:BIGINT) -> [1]
17:58:28.424 [restartedMain] TRACE org.hibernate.orm.jdbc.extract - extracted value (2:BIGINT) -> [3]
17:58:28.424 [restartedMain] DEBUG o.h.e.t.internal.TransactionImpl - committing
17:58:28.425 [restartedMain] DEBUG o.s.jdbc.datasource.DataSourceUtils - Resetting read-only flag of JDBC Connection [HikariProxyConnection@1451158744 wrapping oracle.jdbc.driver.T4CConnection@1c3b0aa]
17:58:28.425 [restartedMain] TRACE o.s.c.interceptor.CacheInterceptor - Creating cache entry for key 'SimpleKey []' in cache(s) [sections]
17:58:28.426 [restartedMain] TRACE o.s.c.interceptor.CacheInterceptor - Computed cache key 'Page request [number: 0, size 50, sort: UNSORTED]' for operation Builder[public org.springframework.data.domain.Page ir.service.impl.SectionServiceImpl.findAll(org.springframework.data.domain.Pageable)] caches=[sectionsPageable] | key='' | keyGenerator='' | cacheManager='' | cacheResolver='' | condition='' | unless='' | sync='false'
17:58:28.426 [restartedMain] TRACE o.s.c.interceptor.CacheInterceptor - No cache entry for key 'Page request [number: 0, size 50, sort: UNSORTED]' in cache(s) [sectionsPageable]
17:58:28.426 [restartedMain] DEBUG o.s.jdbc.datasource.DataSourceUtils - Setting JDBC Connection [HikariProxyConnection@854698505 wrapping oracle.jdbc.driver.T4CConnection@1c3b0aa] read-only
17:58:28.426 [restartedMain] DEBUG o.h.e.t.internal.TransactionImpl - On TransactionImpl creation, JpaCompliance#isJpaTransactionComplianceEnabled == false
17:58:28.426 [restartedMain] DEBUG o.h.e.t.internal.TransactionImpl - begin
17:58:28.429 [restartedMain] DEBUG org.hibernate.SQL - 
    /* <criteria> */ select
        s1_0.id,
        s1_0.building_id,
        s1_0.deleted,
        s1_0.parent_section_id,
        s1_0.title 
    from
        section_table s1_0 
    where
        (
            s1_0.deleted = 0
        ) 
    offset
        ? rows 
    fetch
        first ? rows only
17:58:28.429 [restartedMain] TRACE org.hibernate.orm.jdbc.bind - binding parameter (1:INTEGER) <- [0]
17:58:28.429 [restartedMain] TRACE org.hibernate.orm.jdbc.bind - binding parameter (2:INTEGER) <- [50]
17:58:28.430 [restartedMain] TRACE org.hibernate.orm.jdbc.extract - extracted value (1:BIGINT) -> [1]
17:58:28.430 [restartedMain] TRACE org.hibernate.orm.jdbc.extract - extracted value (2:BIGINT) -> [54]
17:58:28.430 [restartedMain] TRACE org.hibernate.orm.jdbc.extract - extracted value (4:BIGINT) -> [null]
17:58:28.431 [restartedMain] TRACE org.hibernate.orm.jdbc.extract - extracted value (3:BOOLEAN) -> [false]
17:58:28.431 [restartedMain] TRACE org.hibernate.orm.jdbc.extract - extracted value (5:VARCHAR) -> [MAIN SECTION]
17:58:28.431 [restartedMain] TRACE org.hibernate.orm.jdbc.extract - extracted value (1:BIGINT) -> [2]
17:58:28.431 [restartedMain] TRACE org.hibernate.orm.jdbc.extract - extracted value (2:BIGINT) -> [23]
17:58:28.431 [restartedMain] TRACE org.hibernate.orm.jdbc.extract - extracted value (4:BIGINT) -> [1]
17:58:28.431 [restartedMain] TRACE org.hibernate.orm.jdbc.extract - extracted value (3:BOOLEAN) -> [false]
17:58:28.431 [restartedMain] TRACE org.hibernate.orm.jdbc.extract - extracted value (5:VARCHAR) -> [HSE]
17:58:28.431 [restartedMain] TRACE org.hibernate.orm.jdbc.extract - extracted value (1:BIGINT) -> [3]
17:58:28.431 [restartedMain] TRACE org.hibernate.orm.jdbc.extract - extracted value (2:BIGINT) -> [null]
17:58:28.431 [restartedMain] TRACE org.hibernate.orm.jdbc.extract - extracted value (4:BIGINT) -> [1]
17:58:28.431 [restartedMain] TRACE org.hibernate.orm.jdbc.extract - extracted value (3:BOOLEAN) -> [false]
17:58:28.431 [restartedMain] TRACE org.hibernate.orm.jdbc.extract - extracted value (5:VARCHAR) -> [TRANSPORT]
17:58:28.431 [restartedMain] TRACE org.hibernate.orm.jdbc.extract - extracted value (1:BIGINT) -> [4]
17:58:28.431 [restartedMain] TRACE org.hibernate.orm.jdbc.extract - extracted value (2:BIGINT) -> [23]
17:58:28.432 [restartedMain] TRACE org.hibernate.orm.jdbc.extract - extracted value (4:BIGINT) -> [3]
17:58:28.432 [restartedMain] TRACE org.hibernate.orm.jdbc.extract - extracted value (3:BOOLEAN) -> [false]
17:58:28.432 [restartedMain] TRACE org.hibernate.orm.jdbc.extract - extracted value (5:VARCHAR) -> [BUS]
17:58:28.432 [restartedMain] TRACE org.hibernate.orm.jdbc.extract - extracted value (1:BIGINT) -> [5]
17:58:28.432 [restartedMain] TRACE org.hibernate.orm.jdbc.extract - extracted value (2:BIGINT) -> [null]
17:58:28.432 [restartedMain] TRACE org.hibernate.orm.jdbc.extract - extracted value (4:BIGINT) -> [3]
17:58:28.432 [restartedMain] TRACE org.hibernate.orm.jdbc.extract - extracted value (3:BOOLEAN) -> [false]
17:58:28.432 [restartedMain] TRACE org.hibernate.orm.jdbc.extract - extracted value (5:VARCHAR) -> [TAXI]
17:58:28.432 [restartedMain] TRACE org.hibernate.orm.jdbc.extract - extracted value (1:BIGINT) -> [21]
17:58:28.432 [restartedMain] TRACE org.hibernate.orm.jdbc.extract - extracted value (2:BIGINT) -> [null]
17:58:28.432 [restartedMain] TRACE org.hibernate.orm.jdbc.extract - extracted value (4:BIGINT) -> [3]
17:58:28.432 [restartedMain] TRACE org.hibernate.orm.jdbc.extract - extracted value (3:BOOLEAN) -> [false]
17:58:28.432 [restartedMain] TRACE org.hibernate.orm.jdbc.extract - extracted value (5:VARCHAR) -> [TEST B]
17:58:28.433 [restartedMain] DEBUG org.hibernate.SQL - 
    select
        csl1_0.parent_section_id,
        csl1_0.id,
        csl1_0.building_id,
        csl1_0.deleted,
        csl1_0.title 
    from
        section_table csl1_0 
    where
        csl1_0.parent_section_id=? 
        and (
            csl1_0.deleted = 0
        )
17:58:28.433 [restartedMain] TRACE org.hibernate.orm.jdbc.bind - binding parameter (1:BIGINT) <- [21]
17:58:28.434 [restartedMain] DEBUG org.hibernate.SQL - 
    select
        csl1_0.parent_section_id,
        csl1_0.id,
        csl1_0.building_id,
        csl1_0.deleted,
        csl1_0.title 
    from
        section_table csl1_0 
    where
        csl1_0.parent_section_id=? 
        and (
            csl1_0.deleted = 0
        )
17:58:28.435 [restartedMain] TRACE org.hibernate.orm.jdbc.bind - binding parameter (1:BIGINT) <- [5]
17:58:28.436 [restartedMain] DEBUG org.hibernate.SQL - 
    select
        csl1_0.parent_section_id,
        csl1_0.id,
        csl1_0.building_id,
        csl1_0.deleted,
        csl1_0.title 
    from
        section_table csl1_0 
    where
        csl1_0.parent_section_id=? 
        and (
            csl1_0.deleted = 0
        )
17:58:28.436 [restartedMain] TRACE org.hibernate.orm.jdbc.bind - binding parameter (1:BIGINT) <- [4]
17:58:28.437 [restartedMain] DEBUG org.hibernate.SQL - 
    select
        csl1_0.parent_section_id,
        csl1_0.id,
        csl1_0.building_id,
        csl1_0.deleted,
        csl1_0.title 
    from
        section_table csl1_0 
    where
        csl1_0.parent_section_id=? 
        and (
            csl1_0.deleted = 0
        )
17:58:28.437 [restartedMain] TRACE org.hibernate.orm.jdbc.bind - binding parameter (1:BIGINT) <- [3]
17:58:28.438 [restartedMain] TRACE org.hibernate.orm.jdbc.extract - extracted value (1:BIGINT) -> [3]
17:58:28.438 [restartedMain] TRACE org.hibernate.orm.jdbc.extract - extracted value (2:BIGINT) -> [4]
17:58:28.438 [restartedMain] TRACE org.hibernate.orm.jdbc.extract - extracted value (1:BIGINT) -> [3]
17:58:28.438 [restartedMain] TRACE org.hibernate.orm.jdbc.extract - extracted value (2:BIGINT) -> [5]
17:58:28.438 [restartedMain] TRACE org.hibernate.orm.jdbc.extract - extracted value (1:BIGINT) -> [3]
17:58:28.438 [restartedMain] TRACE org.hibernate.orm.jdbc.extract - extracted value (2:BIGINT) -> [21]
17:58:28.439 [restartedMain] DEBUG org.hibernate.SQL - 
    select
        csl1_0.parent_section_id,
        csl1_0.id,
        csl1_0.building_id,
        csl1_0.deleted,
        csl1_0.title 
    from
        section_table csl1_0 
    where
        csl1_0.parent_section_id=? 
        and (
            csl1_0.deleted = 0
        )
17:58:28.439 [restartedMain] TRACE org.hibernate.orm.jdbc.bind - binding parameter (1:BIGINT) <- [2]
17:58:28.440 [restartedMain] DEBUG org.hibernate.SQL - 
    select
        csl1_0.parent_section_id,
        csl1_0.id,
        csl1_0.building_id,
        csl1_0.deleted,
        csl1_0.title 
    from
        section_table csl1_0 
    where
        csl1_0.parent_section_id=? 
        and (
            csl1_0.deleted = 0
        )
17:58:28.440 [restartedMain] TRACE org.hibernate.orm.jdbc.bind - binding parameter (1:BIGINT) <- [1]
17:58:28.440 [restartedMain] TRACE org.hibernate.orm.jdbc.extract - extracted value (1:BIGINT) -> [1]
17:58:28.440 [restartedMain] TRACE org.hibernate.orm.jdbc.extract - extracted value (2:BIGINT) -> [2]
17:58:28.441 [restartedMain] TRACE org.hibernate.orm.jdbc.extract - extracted value (1:BIGINT) -> [1]
17:58:28.441 [restartedMain] TRACE org.hibernate.orm.jdbc.extract - extracted value (2:BIGINT) -> [3]
17:58:28.451 [restartedMain] DEBUG o.h.e.t.internal.TransactionImpl - committing
17:58:28.452 [restartedMain] DEBUG o.s.jdbc.datasource.DataSourceUtils - Resetting read-only flag of JDBC Connection [HikariProxyConnection@854698505 wrapping oracle.jdbc.driver.T4CConnection@1c3b0aa]
17:58:28.452 [restartedMain] TRACE o.s.c.interceptor.CacheInterceptor - Creating cache entry for key 'Page request [number: 0, size 50, sort: UNSORTED]' in cache(s) [sectionsPageable]
17:58:28.452 [restartedMain] TRACE o.s.c.interceptor.CacheInterceptor - Computed cache key 'SimpleKey []' for operation Builder[public java.util.List ir.service.impl.SectionServiceImpl.findAllForFilter()] caches=[sectionsFilter] | key='' | keyGenerator='' | cacheManager='' | cacheResolver='' | condition='' | unless='' | sync='false'
17:58:28.452 [restartedMain] TRACE o.s.c.interceptor.CacheInterceptor - No cache entry for key 'SimpleKey []' in cache(s) [sectionsFilter]
17:58:28.453 [restartedMain] DEBUG o.s.jdbc.datasource.DataSourceUtils - Setting JDBC Connection [HikariProxyConnection@1035946714 wrapping oracle.jdbc.driver.T4CConnection@1c3b0aa] read-only
17:58:28.453 [restartedMain] DEBUG o.h.e.t.internal.TransactionImpl - On TransactionImpl creation, JpaCompliance#isJpaTransactionComplianceEnabled == false
17:58:28.453 [restartedMain] DEBUG o.h.e.t.internal.TransactionImpl - begin
17:58:28.459 [restartedMain] DEBUG org.hibernate.SQL - 
    /* SELECT
        new  ir.dto.SectionFilterDto(s.id, s.title) 
    FROM
        sectionEntity s 
    where
        s.deleted = false */ select
            s1_0.id,
            s1_0.title 
        from
            section_table s1_0 
        where
            (
                s1_0.deleted = 0
            ) 
            and s1_0.deleted=0
17:58:28.461 [restartedMain] TRACE org.hibernate.orm.jdbc.extract - extracted value (1:BIGINT) -> [1]
17:58:28.461 [restartedMain] TRACE org.hibernate.orm.jdbc.extract - extracted value (2:VARCHAR) -> [MAIN SECTION]
17:58:28.461 [restartedMain] TRACE org.hibernate.orm.jdbc.extract - extracted value (1:BIGINT) -> [2]
17:58:28.461 [restartedMain] TRACE org.hibernate.orm.jdbc.extract - extracted value (2:VARCHAR) -> [HSE]
17:58:28.461 [restartedMain] TRACE org.hibernate.orm.jdbc.extract - extracted value (1:BIGINT) -> [3]
17:58:28.461 [restartedMain] TRACE org.hibernate.orm.jdbc.extract - extracted value (2:VARCHAR) -> [TRANSPORT]
17:58:28.461 [restartedMain] TRACE org.hibernate.orm.jdbc.extract - extracted value (1:BIGINT) -> [4]
17:58:28.461 [restartedMain] TRACE org.hibernate.orm.jdbc.extract - extracted value (2:VARCHAR) -> [BUS]
17:58:28.461 [restartedMain] TRACE org.hibernate.orm.jdbc.extract - extracted value (1:BIGINT) -> [5]
17:58:28.461 [restartedMain] TRACE org.hibernate.orm.jdbc.extract - extracted value (2:VARCHAR) -> [TAXI]
17:58:28.461 [restartedMain] TRACE org.hibernate.orm.jdbc.extract - extracted value (1:BIGINT) -> [21]
17:58:28.461 [restartedMain] TRACE org.hibernate.orm.jdbc.extract - extracted value (2:VARCHAR) -> [TEST B]
17:58:28.462 [restartedMain] DEBUG o.h.e.t.internal.TransactionImpl - committing
17:58:28.463 [restartedMain] DEBUG o.s.jdbc.datasource.DataSourceUtils - Resetting read-only flag of JDBC Connection [HikariProxyConnection@1035946714 wrapping oracle.jdbc.driver.T4CConnection@1c3b0aa]
17:58:28.463 [restartedMain] TRACE o.s.c.interceptor.CacheInterceptor - Creating cache entry for key 'SimpleKey []' in cache(s) [sectionsFilter]
17:58:28.463 [restartedMain] INFO  ir.config.SectionCacheWarmup - **************************************************************  cache sections  ***************************************************************
17:58:28.464 [restartedMain] INFO  ir.TicketingSpringSample - **************************************************************Spring Boot Application Started
17:58:29.062 [RMI TCP Connection(2)-169.254.83.107] INFO  o.a.c.c.C.[Tomcat].[localhost].[/] - Initializing Spring DispatcherServlet 'dispatcherServlet'
17:58:29.062 [RMI TCP Connection(2)-169.254.83.107] INFO  o.s.web.servlet.DispatcherServlet - Initializing Servlet 'dispatcherServlet'
17:58:29.066 [RMI TCP Connection(2)-169.254.83.107] INFO  o.s.web.servlet.DispatcherServlet - Completed initialization in 4 ms
17:58:29.203 [RMI TCP Connection(3)-169.254.83.107] DEBUG o.s.jdbc.datasource.DataSourceUtils - Fetching JDBC Connection from DataSource
17:58:29.209 [RMI TCP Connection(3)-169.254.83.107] DEBUG o.s.jdbc.datasource.DataSourceUtils - Fetching JDBC Connection from DataSource
17:58:29.702 [boundedElastic-1] WARN  o.s.b.a.d.r.RedisReactiveHealthIndicator - Redis health check failed
org.springframework.data.redis.RedisConnectionFailureException: Unable to connect to Redis
	at org.springframework.data.redis.connection.lettuce.LettuceConnectionFactory$ExceptionTranslatingConnectionProvider.translateException(LettuceConnectionFactory.java:1858)
	at org.springframework.data.redis.connection.lettuce.LettuceConnectionFactory$ExceptionTranslatingConnectionProvider.getConnection(LettuceConnectionFactory.java:1789)
	at org.springframework.data.redis.connection.lettuce.LettuceConnectionFactory$SharedConnection.getNativeConnection(LettuceConnectionFactory.java:1586)
	at org.springframework.data.redis.connection.lettuce.LettuceConnectionFactory$SharedConnection.lambda$getConnection$0(LettuceConnectionFactory.java:1566)
	at org.springframework.data.redis.connection.lettuce.LettuceConnectionFactory.doInLock(LettuceConnectionFactory.java:1527)
	at org.springframework.data.redis.connection.lettuce.LettuceConnectionFactory$SharedConnection.getConnection(LettuceConnectionFactory.java:1563)
	at org.springframework.data.redis.connection.lettuce.LettuceConnectionFactory.getSharedReactiveConnection(LettuceConnectionFactory.java:1274)
	at org.springframework.data.redis.connection.lettuce.LettuceConnectionFactory.getReactiveConnection(LettuceConnectionFactory.java:1149)
	at org.springframework.data.redis.connection.lettuce.LettuceConnectionFactory.getReactiveConnection(LettuceConnectionFactory.java:120)
	at reactor.core.publisher.MonoSupplier.call(MonoSupplier.java:67)
	at reactor.core.publisher.FluxSubscribeOnCallable$CallableSubscribeOnSubscription.run(FluxSubscribeOnCallable.java:228)
	at reactor.core.scheduler.SchedulerTask.call(SchedulerTask.java:68)
	at reactor.core.scheduler.SchedulerTask.call(SchedulerTask.java:28)
	at java.base/java.util.concurrent.FutureTask.run(FutureTask.java:264)
	at java.base/java.util.concurrent.ScheduledThreadPoolExecutor$ScheduledFutureTask.run(ScheduledThreadPoolExecutor.java:304)
	at java.base/java.util.concurrent.ThreadPoolExecutor.runWorker(ThreadPoolExecutor.java:1136)
	at java.base/java.util.concurrent.ThreadPoolExecutor$Worker.run(ThreadPoolExecutor.java:635)
	at java.base/java.lang.Thread.run(Thread.java:842)
Caused by: io.lettuce.core.RedisConnectionException: Unable to connect to localhost/<unresolved>:6379
	at io.lettuce.core.RedisConnectionException.create(RedisConnectionException.java:63)
	at io.lettuce.core.RedisConnectionException.create(RedisConnectionException.java:41)
	at io.lettuce.core.AbstractRedisClient.getConnection(AbstractRedisClient.java:354)
	at io.lettuce.core.RedisClient.connect(RedisClient.java:219)
	at org.springframework.data.redis.connection.lettuce.StandaloneConnectionProvider.lambda$getConnection$1(StandaloneConnectionProvider.java:112)
	at java.base/java.util.Optional.orElseGet(Optional.java:364)
	at org.springframework.data.redis.connection.lettuce.StandaloneConnectionProvider.getConnection(StandaloneConnectionProvider.java:112)
	at org.springframework.data.redis.connection.lettuce.LettuceConnectionFactory$ExceptionTranslatingConnectionProvider.getConnection(LettuceConnectionFactory.java:1787)
	... 16 common frames omitted
Caused by: io.netty.channel.AbstractChannel$AnnotatedConnectException: Connection refused: no further information: localhost/127.0.0.1:6379
Caused by: java.net.ConnectException: Connection refused: no further information
	at java.base/sun.nio.ch.Net.pollConnect(Native Method)
	at java.base/sun.nio.ch.Net.pollConnectNow(Net.java:672)
	at java.base/sun.nio.ch.SocketChannelImpl.finishConnect(SocketChannelImpl.java:946)
	at io.netty.channel.socket.nio.NioSocketChannel.doFinishConnect(NioSocketChannel.java:336)
	at io.netty.channel.nio.AbstractNioChannel$AbstractNioUnsafe.finishConnect(AbstractNioChannel.java:339)
	at io.netty.channel.nio.NioEventLoop.processSelectedKey(NioEventLoop.java:784)
	at io.netty.channel.nio.NioEventLoop.processSelectedKeysOptimized(NioEventLoop.java:732)
	at io.netty.channel.nio.NioEventLoop.processSelectedKeys(NioEventLoop.java:658)
	at io.netty.channel.nio.NioEventLoop.run(NioEventLoop.java:562)
	at io.netty.util.concurrent.SingleThreadEventExecutor$4.run(SingleThreadEventExecutor.java:998)
	at io.netty.util.internal.ThreadExecutorMap$2.run(ThreadExecutorMap.java:74)
	at io.netty.util.concurrent.FastThreadLocalRunnable.run(FastThreadLocalRunnable.java:30)
	at java.base/java.lang.Thread.run(Thread.java:842)
17:58:30.396 [scheduling-1] DEBUG o.h.e.t.internal.TransactionImpl - On TransactionImpl creation, JpaCompliance#isJpaTransactionComplianceEnabled == false
17:58:30.396 [scheduling-1] DEBUG o.h.e.t.internal.TransactionImpl - begin
17:58:30.398 [scheduling-1] DEBUG org.hibernate.SQL - 
    /* <criteria> */ select
        oe1_0.id,
        oe1_0.aggregate_id,
        oe1_0.aggregate_type,
        oe1_0.created_at,
        oe1_0.deleted,
        oe1_0.event_type,
        oe1_0.payload,
        oe1_0.published 
    from
        outbox_tbl oe1_0 
    where
        (
            oe1_0.deleted = 0
        ) 
        and oe1_0.published=0 
    order by
        oe1_0.created_at
17:58:30.399 [scheduling-1] DEBUG o.h.e.t.internal.TransactionImpl - committing
17:58:32.401 [scheduling-1] DEBUG o.h.e.t.internal.TransactionImpl - On TransactionImpl creation, JpaCompliance#isJpaTransactionComplianceEnabled == false
17:58:32.401 [scheduling-1] DEBUG o.h.e.t.internal.TransactionImpl - begin
17:58:32.403 [scheduling-1] DEBUG org.hibernate.SQL - 
    /* <criteria> */ select
        oe1_0.id,
        oe1_0.aggregate_id,
        oe1_0.aggregate_type,
        oe1_0.created_at,
        oe1_0.deleted,
        oe1_0.event_type,
        oe1_0.payload,
        oe1_0.published 
    from
        outbox_tbl oe1_0 
    where
        (
            oe1_0.deleted = 0
        ) 
        and oe1_0.published=0 
    order by
        oe1_0.created_at
17:58:32.404 [scheduling-1] DEBUG o.h.e.t.internal.TransactionImpl - committing
17:58:34.406 [scheduling-1] DEBUG o.h.e.t.internal.TransactionImpl - On TransactionImpl creation, JpaCompliance#isJpaTransactionComplianceEnabled == false
17:58:34.406 [scheduling-1] DEBUG o.h.e.t.internal.TransactionImpl - begin
17:58:34.408 [scheduling-1] DEBUG org.hibernate.SQL - 
    /* <criteria> */ select
        oe1_0.id,
        oe1_0.aggregate_id,
        oe1_0.aggregate_type,
        oe1_0.created_at,
        oe1_0.deleted,
        oe1_0.event_type,
        oe1_0.payload,
        oe1_0.published 
    from
        outbox_tbl oe1_0 
    where
        (
            oe1_0.deleted = 0
        ) 
        and oe1_0.published=0 
    order by
        oe1_0.created_at
17:58:34.409 [scheduling-1] DEBUG o.h.e.t.internal.TransactionImpl - committing
17:58:36.412 [scheduling-1] DEBUG o.h.e.t.internal.TransactionImpl - On TransactionImpl creation, JpaCompliance#isJpaTransactionComplianceEnabled == false
17:58:36.412 [scheduling-1] DEBUG o.h.e.t.internal.TransactionImpl - begin
17:58:36.414 [scheduling-1] DEBUG org.hibernate.SQL - 
    /* <criteria> */ select
        oe1_0.id,
        oe1_0.aggregate_id,
        oe1_0.aggregate_type,
        oe1_0.created_at,
        oe1_0.deleted,
        oe1_0.event_type,
        oe1_0.payload,
        oe1_0.published 
    from
        outbox_tbl oe1_0 
    where
        (
            oe1_0.deleted = 0
        ) 
        and oe1_0.published=0 
    order by
        oe1_0.created_at
17:58:36.415 [scheduling-1] DEBUG o.h.e.t.internal.TransactionImpl - committing
17:58:38.426 [scheduling-1] DEBUG o.h.e.t.internal.TransactionImpl - On TransactionImpl creation, JpaCompliance#isJpaTransactionComplianceEnabled == false
17:58:38.426 [scheduling-1] DEBUG o.h.e.t.internal.TransactionImpl - begin
17:58:38.428 [scheduling-1] DEBUG org.hibernate.SQL - 
    /* <criteria> */ select
        oe1_0.id,
        oe1_0.aggregate_id,
        oe1_0.aggregate_type,
        oe1_0.created_at,
        oe1_0.deleted,
        oe1_0.event_type,
        oe1_0.payload,
        oe1_0.published 
    from
        outbox_tbl oe1_0 
    where
        (
            oe1_0.deleted = 0
        ) 
        and oe1_0.published=0 
    order by
        oe1_0.created_at
17:58:38.429 [scheduling-1] DEBUG o.h.e.t.internal.TransactionImpl - committing
17:58:39.322 [org.springframework.kafka.KafkaListenerEndpointContainer#0-0-C-1] INFO  o.apache.kafka.clients.NetworkClient - [Consumer clientId=consumer-building-service-updater-1, groupId=building-service-updater] Disconnecting from node -1 due to socket connection setup timeout. The timeout value is 11006 ms.
17:58:39.324 [org.springframework.kafka.KafkaListenerEndpointContainer#0-0-C-1] WARN  o.apache.kafka.clients.NetworkClient - [Consumer clientId=consumer-building-service-updater-1, groupId=building-service-updater] Bootstrap broker 100.99.137.56:9092 (id: -1 rack: null) disconnected
17:58:40.445 [scheduling-1] DEBUG o.h.e.t.internal.TransactionImpl - On TransactionImpl creation, JpaCompliance#isJpaTransactionComplianceEnabled == false
17:58:40.445 [scheduling-1] DEBUG o.h.e.t.internal.TransactionImpl - begin
17:58:40.446 [scheduling-1] DEBUG org.hibernate.SQL - 
    /* <criteria> */ select
        oe1_0.id,
        oe1_0.aggregate_id,
        oe1_0.aggregate_type,
        oe1_0.created_at,
        oe1_0.deleted,
        oe1_0.event_type,
        oe1_0.payload,
        oe1_0.published 
    from
        outbox_tbl oe1_0 
    where
        (
            oe1_0.deleted = 0
        ) 
        and oe1_0.published=0 
    order by
        oe1_0.created_at
17:58:40.447 [scheduling-1] DEBUG o.h.e.t.internal.TransactionImpl - committing
17:58:40.954 [https-jsse-nio-8443-exec-7] DEBUG o.s.security.web.FilterChainProxy - Securing GET /login
17:58:40.958 [https-jsse-nio-8443-exec-7] DEBUG o.s.s.w.a.c.ChannelProcessingFilter - Request: filter invocation [GET /login]; ConfigAttributes: [REQUIRES_SECURE_CHANNEL]
17:58:40.964 [https-jsse-nio-8443-exec-7] DEBUG o.s.s.w.a.AnonymousAuthenticationFilter - Set SecurityContextHolder to anonymous SecurityContext
17:58:40.967 [https-jsse-nio-8443-exec-7] DEBUG o.s.security.web.FilterChainProxy - Secured GET /login
17:58:41.267 [https-jsse-nio-8443-exec-9] DEBUG o.s.security.web.FilterChainProxy - Securing GET /css/reset.css
17:58:41.267 [https-jsse-nio-8443-exec-9] DEBUG o.s.s.w.a.c.ChannelProcessingFilter - Request: filter invocation [GET /css/reset.css]; ConfigAttributes: [REQUIRES_SECURE_CHANNEL]
17:58:41.268 [https-jsse-nio-8443-exec-9] DEBUG o.s.s.w.a.AnonymousAuthenticationFilter - Set SecurityContextHolder to anonymous SecurityContext
17:58:41.270 [https-jsse-nio-8443-exec-9] DEBUG o.s.security.web.FilterChainProxy - Secured GET /css/reset.css
17:58:41.281 [https-jsse-nio-8443-exec-9] DEBUG o.s.security.web.FilterChainProxy - Securing GET /css/fontawesome.css
17:58:41.282 [https-jsse-nio-8443-exec-9] DEBUG o.s.s.w.a.c.ChannelProcessingFilter - Request: filter invocation [GET /css/fontawesome.css]; ConfigAttributes: [REQUIRES_SECURE_CHANNEL]
17:58:41.282 [https-jsse-nio-8443-exec-9] DEBUG o.s.s.w.a.AnonymousAuthenticationFilter - Set SecurityContextHolder to anonymous SecurityContext
17:58:41.282 [https-jsse-nio-8443-exec-9] DEBUG o.s.security.web.FilterChainProxy - Secured GET /css/fontawesome.css
17:58:41.311 [https-jsse-nio-8443-exec-2] DEBUG o.s.security.web.FilterChainProxy - Securing GET /css/bootstrap.min.css
17:58:41.311 [https-jsse-nio-8443-exec-2] DEBUG o.s.s.w.a.c.ChannelProcessingFilter - Request: filter invocation [GET /css/bootstrap.min.css]; ConfigAttributes: [REQUIRES_SECURE_CHANNEL]
17:58:41.311 [https-jsse-nio-8443-exec-5] DEBUG o.s.security.web.FilterChainProxy - Securing GET /css/fonts.min.css
17:58:41.311 [https-jsse-nio-8443-exec-5] DEBUG o.s.s.w.a.c.ChannelProcessingFilter - Request: filter invocation [GET /css/fonts.min.css]; ConfigAttributes: [REQUIRES_SECURE_CHANNEL]
17:58:41.312 [https-jsse-nio-8443-exec-2] DEBUG o.s.s.w.a.AnonymousAuthenticationFilter - Set SecurityContextHolder to anonymous SecurityContext
17:58:41.312 [https-jsse-nio-8443-exec-5] DEBUG o.s.s.w.a.AnonymousAuthenticationFilter - Set SecurityContextHolder to anonymous SecurityContext
17:58:41.312 [https-jsse-nio-8443-exec-2] DEBUG o.s.security.web.FilterChainProxy - Secured GET /css/bootstrap.min.css
17:58:41.312 [https-jsse-nio-8443-exec-5] DEBUG o.s.security.web.FilterChainProxy - Secured GET /css/fonts.min.css
17:58:41.317 [https-jsse-nio-8443-exec-5] DEBUG o.s.security.web.FilterChainProxy - Securing GET /css/toast.css
17:58:41.318 [https-jsse-nio-8443-exec-5] DEBUG o.s.s.w.a.c.ChannelProcessingFilter - Request: filter invocation [GET /css/toast.css]; ConfigAttributes: [REQUIRES_SECURE_CHANNEL]
17:58:41.318 [https-jsse-nio-8443-exec-8] DEBUG o.s.security.web.FilterChainProxy - Securing GET /css/styles.css
17:58:41.318 [https-jsse-nio-8443-exec-5] DEBUG o.s.s.w.a.AnonymousAuthenticationFilter - Set SecurityContextHolder to anonymous SecurityContext
17:58:41.318 [https-jsse-nio-8443-exec-8] DEBUG o.s.s.w.a.c.ChannelProcessingFilter - Request: filter invocation [GET /css/styles.css]; ConfigAttributes: [REQUIRES_SECURE_CHANNEL]
17:58:41.319 [https-jsse-nio-8443-exec-5] DEBUG o.s.security.web.FilterChainProxy - Secured GET /css/toast.css
17:58:41.319 [https-jsse-nio-8443-exec-8] DEBUG o.s.s.w.a.AnonymousAuthenticationFilter - Set SecurityContextHolder to anonymous SecurityContext
17:58:41.319 [https-jsse-nio-8443-exec-8] DEBUG o.s.security.web.FilterChainProxy - Secured GET /css/styles.css
17:58:41.324 [https-jsse-nio-8443-exec-7] DEBUG o.s.security.web.FilterChainProxy - Securing GET /js/fontawesome.js
17:58:41.324 [https-jsse-nio-8443-exec-10] DEBUG o.s.security.web.FilterChainProxy - Securing GET /js/bootstrap.bundle.min.js
17:58:41.324 [https-jsse-nio-8443-exec-7] DEBUG o.s.s.w.a.c.ChannelProcessingFilter - Request: filter invocation [GET /js/fontawesome.js]; ConfigAttributes: [REQUIRES_SECURE_CHANNEL]
17:58:41.324 [https-jsse-nio-8443-exec-10] DEBUG o.s.s.w.a.c.ChannelProcessingFilter - Request: filter invocation [GET /js/bootstrap.bundle.min.js]; ConfigAttributes: [REQUIRES_SECURE_CHANNEL]
17:58:41.325 [https-jsse-nio-8443-exec-7] DEBUG o.s.s.w.a.AnonymousAuthenticationFilter - Set SecurityContextHolder to anonymous SecurityContext
17:58:41.325 [https-jsse-nio-8443-exec-10] DEBUG o.s.s.w.a.AnonymousAuthenticationFilter - Set SecurityContextHolder to anonymous SecurityContext
17:58:41.325 [https-jsse-nio-8443-exec-10] DEBUG o.s.security.web.FilterChainProxy - Secured GET /js/bootstrap.bundle.min.js
17:58:41.325 [https-jsse-nio-8443-exec-7] DEBUG o.s.security.web.FilterChainProxy - Secured GET /js/fontawesome.js
17:58:41.327 [https-jsse-nio-8443-exec-8] DEBUG o.s.security.web.FilterChainProxy - Securing GET /js/toast.js
17:58:41.327 [https-jsse-nio-8443-exec-8] DEBUG o.s.s.w.a.c.ChannelProcessingFilter - Request: filter invocation [GET /js/toast.js]; ConfigAttributes: [REQUIRES_SECURE_CHANNEL]
17:58:41.327 [https-jsse-nio-8443-exec-8] DEBUG o.s.s.w.a.AnonymousAuthenticationFilter - Set SecurityContextHolder to anonymous SecurityContext
17:58:41.328 [https-jsse-nio-8443-exec-8] DEBUG o.s.security.web.FilterChainProxy - Secured GET /js/toast.js
17:58:41.328 [https-jsse-nio-8443-exec-5] DEBUG o.s.security.web.FilterChainProxy - Securing GET /js/script.js
17:58:41.329 [https-jsse-nio-8443-exec-5] DEBUG o.s.s.w.a.c.ChannelProcessingFilter - Request: filter invocation [GET /js/script.js]; ConfigAttributes: [REQUIRES_SECURE_CHANNEL]
17:58:41.329 [https-jsse-nio-8443-exec-5] DEBUG o.s.s.w.a.AnonymousAuthenticationFilter - Set SecurityContextHolder to anonymous SecurityContext
17:58:41.330 [https-jsse-nio-8443-exec-5] DEBUG o.s.security.web.FilterChainProxy - Secured GET /js/script.js
17:58:41.333 [https-jsse-nio-8443-exec-8] DEBUG o.s.security.web.FilterChainProxy - Securing GET /js/profiles-register.js
17:58:41.333 [https-jsse-nio-8443-exec-8] DEBUG o.s.s.w.a.c.ChannelProcessingFilter - Request: filter invocation [GET /js/profiles-register.js]; ConfigAttributes: [REQUIRES_SECURE_CHANNEL]
17:58:41.334 [https-jsse-nio-8443-exec-8] DEBUG o.s.s.w.a.AnonymousAuthenticationFilter - Set SecurityContextHolder to anonymous SecurityContext
17:58:41.334 [https-jsse-nio-8443-exec-8] DEBUG o.s.security.web.FilterChainProxy - Secured GET /js/profiles-register.js
17:58:42.459 [scheduling-1] DEBUG o.h.e.t.internal.TransactionImpl - On TransactionImpl creation, JpaCompliance#isJpaTransactionComplianceEnabled == false
17:58:42.459 [scheduling-1] DEBUG o.h.e.t.internal.TransactionImpl - begin
17:58:42.461 [scheduling-1] DEBUG org.hibernate.SQL - 
    /* <criteria> */ select
        oe1_0.id,
        oe1_0.aggregate_id,
        oe1_0.aggregate_type,
        oe1_0.created_at,
        oe1_0.deleted,
        oe1_0.event_type,
        oe1_0.payload,
        oe1_0.published 
    from
        outbox_tbl oe1_0 
    where
        (
            oe1_0.deleted = 0
        ) 
        and oe1_0.published=0 
    order by
        oe1_0.created_at
17:58:42.462 [scheduling-1] DEBUG o.h.e.t.internal.TransactionImpl - committing
17:58:44.465 [scheduling-1] DEBUG o.h.e.t.internal.TransactionImpl - On TransactionImpl creation, JpaCompliance#isJpaTransactionComplianceEnabled == false
17:58:44.465 [scheduling-1] DEBUG o.h.e.t.internal.TransactionImpl - begin
17:58:44.468 [scheduling-1] DEBUG org.hibernate.SQL - 
    /* <criteria> */ select
        oe1_0.id,
        oe1_0.aggregate_id,
        oe1_0.aggregate_type,
        oe1_0.created_at,
        oe1_0.deleted,
        oe1_0.event_type,
        oe1_0.payload,
        oe1_0.published 
    from
        outbox_tbl oe1_0 
    where
        (
            oe1_0.deleted = 0
        ) 
        and oe1_0.published=0 
    order by
        oe1_0.created_at
17:58:44.469 [scheduling-1] DEBUG o.h.e.t.internal.TransactionImpl - committing
17:58:46.103 [https-jsse-nio-8443-exec-1] DEBUG o.s.security.web.FilterChainProxy - Securing POST /login
17:58:46.103 [https-jsse-nio-8443-exec-1] DEBUG o.s.s.w.a.c.ChannelProcessingFilter - Request: filter invocation [POST /login]; ConfigAttributes: [REQUIRES_SECURE_CHANNEL]
17:58:46.445 [https-jsse-nio-8443-exec-1] DEBUG org.hibernate.SQL - 
    /* <criteria> */ select
        u1_0.username,
        u1_0.account_non_expired,
        u1_0.account_non_locked,
        u1_0.credentials_expiry_date,
        u1_0.credentials_non_expired,
        u1_0.deleted,
        u1_0.enabled,
        u1_0.password 
    from
        user_tbl u1_0 
    where
        (
            u1_0.deleted = 0
        ) 
        and u1_0.username=?
17:58:46.446 [https-jsse-nio-8443-exec-1] TRACE org.hibernate.orm.jdbc.bind - binding parameter (1:VARCHAR) <- [ali]
17:58:46.447 [https-jsse-nio-8443-exec-1] TRACE org.hibernate.orm.jdbc.extract - extracted value (1:VARCHAR) -> [ali]
17:58:46.447 [https-jsse-nio-8443-exec-1] TRACE org.hibernate.orm.jdbc.extract - extracted value (2:BOOLEAN) -> [true]
17:58:46.447 [https-jsse-nio-8443-exec-1] TRACE org.hibernate.orm.jdbc.extract - extracted value (3:BOOLEAN) -> [true]
17:58:46.447 [https-jsse-nio-8443-exec-1] TRACE org.hibernate.orm.jdbc.extract - extracted value (4:TIMESTAMP) -> [2026-05-30T21:30:53.300956]
17:58:46.447 [https-jsse-nio-8443-exec-1] TRACE org.hibernate.orm.jdbc.extract - extracted value (5:BOOLEAN) -> [true]
17:58:46.447 [https-jsse-nio-8443-exec-1] TRACE org.hibernate.orm.jdbc.extract - extracted value (6:BOOLEAN) -> [false]
17:58:46.447 [https-jsse-nio-8443-exec-1] TRACE org.hibernate.orm.jdbc.extract - extracted value (7:BOOLEAN) -> [true]
17:58:46.447 [https-jsse-nio-8443-exec-1] TRACE org.hibernate.orm.jdbc.extract - extracted value (8:VARCHAR) -> [$2a$12$JRWydGv3q.xLuqLZANLEuO38Y8584BP1ABWUffjm8Da5MxgZ0fC8i]
17:58:46.448 [https-jsse-nio-8443-exec-1] DEBUG org.hibernate.SQL - 
    select
        rs1_0.username,
        rs1_1.name,
        rs1_1.deleted,
        ps1_0.role_name,
        ps1_1.id,
        ps1_1.deleted,
        ps1_1.permission 
    from
        user_role_tbl rs1_0 
    join
        role_tbl rs1_1 
            on rs1_1.name=rs1_0.role_name 
    left join
        (role_permission_tbl ps1_0 
    join
        permission_tbl ps1_1 
            on ps1_1.id=ps1_0.permission) 
        on rs1_1.name=ps1_0.role_name 
        and ( ps1_1.deleted = 0) 
    where
        rs1_0.username=? 
        and (
            rs1_1.deleted = 0
        )
17:58:46.448 [https-jsse-nio-8443-exec-1] TRACE org.hibernate.orm.jdbc.bind - binding parameter (1:VARCHAR) <- [ali]
17:58:46.449 [https-jsse-nio-8443-exec-1] TRACE org.hibernate.orm.jdbc.extract - extracted value (1:VARCHAR) -> [ali]
17:58:46.449 [https-jsse-nio-8443-exec-1] TRACE org.hibernate.orm.jdbc.extract - extracted value (2:VARCHAR) -> [ROLE_ADMIN]
17:58:46.449 [https-jsse-nio-8443-exec-1] TRACE org.hibernate.orm.jdbc.extract - extracted value (4:VARCHAR) -> [ROLE_ADMIN]
17:58:46.449 [https-jsse-nio-8443-exec-1] TRACE org.hibernate.orm.jdbc.extract - extracted value (5:BIGINT) -> [21]
17:58:46.449 [https-jsse-nio-8443-exec-1] TRACE org.hibernate.orm.jdbc.extract - extracted value (6:BOOLEAN) -> [false]
17:58:46.449 [https-jsse-nio-8443-exec-1] TRACE org.hibernate.orm.jdbc.extract - extracted value (7:VARCHAR) -> [BUILDING_DELETE]
17:58:46.449 [https-jsse-nio-8443-exec-1] TRACE org.hibernate.orm.jdbc.extract - extracted value (3:BOOLEAN) -> [false]
17:58:46.449 [https-jsse-nio-8443-exec-1] TRACE org.hibernate.orm.jdbc.extract - extracted value (1:VARCHAR) -> [ali]
17:58:46.449 [https-jsse-nio-8443-exec-1] TRACE org.hibernate.orm.jdbc.extract - extracted value (2:VARCHAR) -> [ROLE_ADMIN]
17:58:46.449 [https-jsse-nio-8443-exec-1] TRACE org.hibernate.orm.jdbc.extract - extracted value (5:BIGINT) -> [22]
17:58:46.450 [https-jsse-nio-8443-exec-1] TRACE org.hibernate.orm.jdbc.extract - extracted value (6:BOOLEAN) -> [false]
17:58:46.450 [https-jsse-nio-8443-exec-1] TRACE org.hibernate.orm.jdbc.extract - extracted value (7:VARCHAR) -> [BUILDING_EDIT]
17:58:46.450 [https-jsse-nio-8443-exec-1] TRACE org.hibernate.orm.jdbc.extract - extracted value (1:VARCHAR) -> [ali]
17:58:46.450 [https-jsse-nio-8443-exec-1] TRACE org.hibernate.orm.jdbc.extract - extracted value (2:VARCHAR) -> [ROLE_ADMIN]
17:58:46.450 [https-jsse-nio-8443-exec-1] TRACE org.hibernate.orm.jdbc.extract - extracted value (5:BIGINT) -> [1]
17:58:46.450 [https-jsse-nio-8443-exec-1] TRACE org.hibernate.orm.jdbc.extract - extracted value (6:BOOLEAN) -> [false]
17:58:46.450 [https-jsse-nio-8443-exec-1] TRACE org.hibernate.orm.jdbc.extract - extracted value (7:VARCHAR) -> [TICKET_CREATE]
17:58:46.450 [https-jsse-nio-8443-exec-1] TRACE org.hibernate.orm.jdbc.extract - extracted value (1:VARCHAR) -> [ali]
17:58:46.450 [https-jsse-nio-8443-exec-1] TRACE org.hibernate.orm.jdbc.extract - extracted value (2:VARCHAR) -> [ROLE_ADMIN]
17:58:46.450 [https-jsse-nio-8443-exec-1] TRACE org.hibernate.orm.jdbc.extract - extracted value (5:BIGINT) -> [2]
17:58:46.450 [https-jsse-nio-8443-exec-1] TRACE org.hibernate.orm.jdbc.extract - extracted value (6:BOOLEAN) -> [false]
17:58:46.450 [https-jsse-nio-8443-exec-1] TRACE org.hibernate.orm.jdbc.extract - extracted value (7:VARCHAR) -> [TICKET_DELETE]
17:58:46.450 [https-jsse-nio-8443-exec-1] TRACE org.hibernate.orm.jdbc.extract - extracted value (1:VARCHAR) -> [ali]
17:58:46.450 [https-jsse-nio-8443-exec-1] TRACE org.hibernate.orm.jdbc.extract - extracted value (2:VARCHAR) -> [ROLE_ADMIN]
17:58:46.450 [https-jsse-nio-8443-exec-1] TRACE org.hibernate.orm.jdbc.extract - extracted value (5:BIGINT) -> [3]
17:58:46.450 [https-jsse-nio-8443-exec-1] TRACE org.hibernate.orm.jdbc.extract - extracted value (6:BOOLEAN) -> [false]
17:58:46.450 [https-jsse-nio-8443-exec-1] TRACE org.hibernate.orm.jdbc.extract - extracted value (7:VARCHAR) -> [TICKET_EDIT]
17:58:46.450 [https-jsse-nio-8443-exec-1] TRACE org.hibernate.orm.jdbc.extract - extracted value (1:VARCHAR) -> [ali]
17:58:46.450 [https-jsse-nio-8443-exec-1] TRACE org.hibernate.orm.jdbc.extract - extracted value (2:VARCHAR) -> [ROLE_ADMIN]
17:58:46.450 [https-jsse-nio-8443-exec-1] TRACE org.hibernate.orm.jdbc.extract - extracted value (5:BIGINT) -> [4]
17:58:46.450 [https-jsse-nio-8443-exec-1] TRACE org.hibernate.orm.jdbc.extract - extracted value (6:BOOLEAN) -> [false]
17:58:46.450 [https-jsse-nio-8443-exec-1] TRACE org.hibernate.orm.jdbc.extract - extracted value (7:VARCHAR) -> [BUILDING_CREATE]
17:58:46.485 [scheduling-1] DEBUG o.h.e.t.internal.TransactionImpl - On TransactionImpl creation, JpaCompliance#isJpaTransactionComplianceEnabled == false
17:58:46.485 [scheduling-1] DEBUG o.h.e.t.internal.TransactionImpl - begin
17:58:46.487 [scheduling-1] DEBUG org.hibernate.SQL - 
    /* <criteria> */ select
        oe1_0.id,
        oe1_0.aggregate_id,
        oe1_0.aggregate_type,
        oe1_0.created_at,
        oe1_0.deleted,
        oe1_0.event_type,
        oe1_0.payload,
        oe1_0.published 
    from
        outbox_tbl oe1_0 
    where
        (
            oe1_0.deleted = 0
        ) 
        and oe1_0.published=0 
    order by
        oe1_0.created_at
17:58:46.488 [scheduling-1] DEBUG o.h.e.t.internal.TransactionImpl - committing
17:58:46.739 [https-jsse-nio-8443-exec-1] DEBUG o.s.s.a.d.DaoAuthenticationProvider - Authenticated user
17:58:46.766 [https-jsse-nio-8443-exec-1] DEBUG o.s.s.c.session.SessionRegistryImpl - Registering session FABCF4F79025098C3875694A575BF6CF, for principal ir.model.entity.CustomUserDetails@6e02eb1e
17:58:46.767 [https-jsse-nio-8443-exec-1] DEBUG o.s.s.w.c.HttpSessionSecurityContextRepository - Stored SecurityContextImpl [Authentication=UsernamePasswordAuthenticationToken [Principal=ir.model.entity.CustomUserDetails@6e02eb1e, Credentials=[PROTECTED], Authenticated=true, Details=WebAuthenticationDetails [RemoteIpAddress=0:0:0:0:0:0:0:1, SessionId=null], Granted Authorities=[BUILDING_DELETE, TICKET_EDIT, BUILDING_EDIT, BUILDING_CREATE, ROLE_ADMIN, TICKET_CREATE, TICKET_DELETE]]] to HttpSession [org.apache.catalina.session.StandardSessionFacade@2fee7241]
17:58:46.767 [https-jsse-nio-8443-exec-1] DEBUG o.s.s.w.a.UsernamePasswordAuthenticationFilter - Set SecurityContextHolder to UsernamePasswordAuthenticationToken [Principal=ir.model.entity.CustomUserDetails@6e02eb1e, Credentials=[PROTECTED], Authenticated=true, Details=WebAuthenticationDetails [RemoteIpAddress=0:0:0:0:0:0:0:1, SessionId=null], Granted Authorities=[BUILDING_DELETE, TICKET_EDIT, BUILDING_EDIT, BUILDING_CREATE, ROLE_ADMIN, TICKET_CREATE, TICKET_DELETE]]
17:58:46.767 [https-jsse-nio-8443-exec-1] DEBUG o.s.s.web.DefaultRedirectStrategy - Redirecting to /home
17:58:46.771 [https-jsse-nio-8443-exec-3] DEBUG o.s.security.web.FilterChainProxy - Securing GET /home
17:58:46.771 [https-jsse-nio-8443-exec-3] DEBUG o.s.s.w.a.c.ChannelProcessingFilter - Request: filter invocation [GET /home]; ConfigAttributes: [REQUIRES_SECURE_CHANNEL]
17:58:46.772 [https-jsse-nio-8443-exec-3] DEBUG o.s.security.web.FilterChainProxy - Secured GET /home
17:58:46.782 [https-jsse-nio-8443-exec-3] DEBUG o.s.s.w.c.HttpSessionSecurityContextRepository - Retrieved SecurityContextImpl [Authentication=UsernamePasswordAuthenticationToken [Principal=ir.model.entity.CustomUserDetails@6e02eb1e, Credentials=[PROTECTED], Authenticated=true, Details=WebAuthenticationDetails [RemoteIpAddress=0:0:0:0:0:0:0:1, SessionId=null], Granted Authorities=[BUILDING_DELETE, TICKET_EDIT, BUILDING_EDIT, BUILDING_CREATE, ROLE_ADMIN, TICKET_CREATE, TICKET_DELETE]]]
17:58:46.810 [https-jsse-nio-8443-exec-6] DEBUG o.s.security.web.FilterChainProxy - Securing GET /css/bootstrap.min.css
17:58:46.810 [https-jsse-nio-8443-exec-5] DEBUG o.s.security.web.FilterChainProxy - Securing GET /css/fontawesome.css
17:58:46.810 [https-jsse-nio-8443-exec-4] DEBUG o.s.security.web.FilterChainProxy - Securing GET /css/reset.css
17:58:46.811 [https-jsse-nio-8443-exec-4] DEBUG o.s.s.w.a.c.ChannelProcessingFilter - Request: filter invocation [GET /css/reset.css]; ConfigAttributes: [REQUIRES_SECURE_CHANNEL]
17:58:46.811 [https-jsse-nio-8443-exec-6] DEBUG o.s.s.w.a.c.ChannelProcessingFilter - Request: filter invocation [GET /css/bootstrap.min.css]; ConfigAttributes: [REQUIRES_SECURE_CHANNEL]
17:58:46.811 [https-jsse-nio-8443-exec-5] DEBUG o.s.s.w.a.c.ChannelProcessingFilter - Request: filter invocation [GET /css/fontawesome.css]; ConfigAttributes: [REQUIRES_SECURE_CHANNEL]
17:58:46.811 [https-jsse-nio-8443-exec-9] DEBUG o.s.security.web.FilterChainProxy - Securing GET /css/fonts.min.css
17:58:46.811 [https-jsse-nio-8443-exec-8] DEBUG o.s.security.web.FilterChainProxy - Securing GET /css/toast.css
17:58:46.811 [https-jsse-nio-8443-exec-9] DEBUG o.s.s.w.a.c.ChannelProcessingFilter - Request: filter invocation [GET /css/fonts.min.css]; ConfigAttributes: [REQUIRES_SECURE_CHANNEL]
17:58:46.811 [https-jsse-nio-8443-exec-8] DEBUG o.s.s.w.a.c.ChannelProcessingFilter - Request: filter invocation [GET /css/toast.css]; ConfigAttributes: [REQUIRES_SECURE_CHANNEL]
17:58:46.811 [https-jsse-nio-8443-exec-2] DEBUG o.s.security.web.FilterChainProxy - Securing GET /css/styles.css
17:58:46.811 [https-jsse-nio-8443-exec-2] DEBUG o.s.s.w.a.c.ChannelProcessingFilter - Request: filter invocation [GET /css/styles.css]; ConfigAttributes: [REQUIRES_SECURE_CHANNEL]
17:58:46.811 [https-jsse-nio-8443-exec-5] DEBUG o.s.security.web.FilterChainProxy - Secured GET /css/fontawesome.css
17:58:46.811 [https-jsse-nio-8443-exec-6] DEBUG o.s.security.web.FilterChainProxy - Secured GET /css/bootstrap.min.css
17:58:46.811 [https-jsse-nio-8443-exec-4] DEBUG o.s.security.web.FilterChainProxy - Secured GET /css/reset.css
17:58:46.811 [https-jsse-nio-8443-exec-8] DEBUG o.s.security.web.FilterChainProxy - Secured GET /css/toast.css
17:58:46.811 [https-jsse-nio-8443-exec-9] DEBUG o.s.security.web.FilterChainProxy - Secured GET /css/fonts.min.css
17:58:46.812 [https-jsse-nio-8443-exec-2] DEBUG o.s.security.web.FilterChainProxy - Secured GET /css/styles.css
17:58:46.813 [https-jsse-nio-8443-exec-8] DEBUG o.s.s.w.c.HttpSessionSecurityContextRepository - Retrieved SecurityContextImpl [Authentication=UsernamePasswordAuthenticationToken [Principal=ir.model.entity.CustomUserDetails@6e02eb1e, Credentials=[PROTECTED], Authenticated=true, Details=WebAuthenticationDetails [RemoteIpAddress=0:0:0:0:0:0:0:1, SessionId=null], Granted Authorities=[BUILDING_DELETE, TICKET_EDIT, BUILDING_EDIT, BUILDING_CREATE, ROLE_ADMIN, TICKET_CREATE, TICKET_DELETE]]]
17:58:46.813 [https-jsse-nio-8443-exec-4] DEBUG o.s.s.w.c.HttpSessionSecurityContextRepository - Retrieved SecurityContextImpl [Authentication=UsernamePasswordAuthenticationToken [Principal=ir.model.entity.CustomUserDetails@6e02eb1e, Credentials=[PROTECTED], Authenticated=true, Details=WebAuthenticationDetails [RemoteIpAddress=0:0:0:0:0:0:0:1, SessionId=null], Granted Authorities=[BUILDING_DELETE, TICKET_EDIT, BUILDING_EDIT, BUILDING_CREATE, ROLE_ADMIN, TICKET_CREATE, TICKET_DELETE]]]
17:58:46.813 [https-jsse-nio-8443-exec-9] DEBUG o.s.s.w.c.HttpSessionSecurityContextRepository - Retrieved SecurityContextImpl [Authentication=UsernamePasswordAuthenticationToken [Principal=ir.model.entity.CustomUserDetails@6e02eb1e, Credentials=[PROTECTED], Authenticated=true, Details=WebAuthenticationDetails [RemoteIpAddress=0:0:0:0:0:0:0:1, SessionId=null], Granted Authorities=[BUILDING_DELETE, TICKET_EDIT, BUILDING_EDIT, BUILDING_CREATE, ROLE_ADMIN, TICKET_CREATE, TICKET_DELETE]]]
17:58:46.813 [https-jsse-nio-8443-exec-2] DEBUG o.s.s.w.c.HttpSessionSecurityContextRepository - Retrieved SecurityContextImpl [Authentication=UsernamePasswordAuthenticationToken [Principal=ir.model.entity.CustomUserDetails@6e02eb1e, Credentials=[PROTECTED], Authenticated=true, Details=WebAuthenticationDetails [RemoteIpAddress=0:0:0:0:0:0:0:1, SessionId=null], Granted Authorities=[BUILDING_DELETE, TICKET_EDIT, BUILDING_EDIT, BUILDING_CREATE, ROLE_ADMIN, TICKET_CREATE, TICKET_DELETE]]]
17:58:46.816 [https-jsse-nio-8443-exec-10] DEBUG o.s.security.web.FilterChainProxy - Securing GET /js/bootstrap.bundle.min.js
17:58:46.816 [https-jsse-nio-8443-exec-10] DEBUG o.s.s.w.a.c.ChannelProcessingFilter - Request: filter invocation [GET /js/bootstrap.bundle.min.js]; ConfigAttributes: [REQUIRES_SECURE_CHANNEL]
17:58:46.816 [https-jsse-nio-8443-exec-3] DEBUG o.s.security.web.FilterChainProxy - Securing GET /js/toast.js
17:58:46.816 [https-jsse-nio-8443-exec-1] DEBUG o.s.security.web.FilterChainProxy - Securing GET /js/fontawesome.js
17:58:46.816 [https-jsse-nio-8443-exec-3] DEBUG o.s.s.w.a.c.ChannelProcessingFilter - Request: filter invocation [GET /js/toast.js]; ConfigAttributes: [REQUIRES_SECURE_CHANNEL]
17:58:46.817 [https-jsse-nio-8443-exec-7] DEBUG o.s.security.web.FilterChainProxy - Securing GET /icons/mftlogo.png
17:58:46.817 [https-jsse-nio-8443-exec-1] DEBUG o.s.s.w.a.c.ChannelProcessingFilter - Request: filter invocation [GET /js/fontawesome.js]; ConfigAttributes: [REQUIRES_SECURE_CHANNEL]
17:58:46.817 [https-jsse-nio-8443-exec-7] DEBUG o.s.s.w.a.c.ChannelProcessingFilter - Request: filter invocation [GET /icons/mftlogo.png]; ConfigAttributes: [REQUIRES_SECURE_CHANNEL]
17:58:46.817 [https-jsse-nio-8443-exec-10] DEBUG o.s.security.web.FilterChainProxy - Secured GET /js/bootstrap.bundle.min.js
17:58:46.817 [https-jsse-nio-8443-exec-3] DEBUG o.s.security.web.FilterChainProxy - Secured GET /js/toast.js
17:58:46.817 [https-jsse-nio-8443-exec-1] DEBUG o.s.security.web.FilterChainProxy - Secured GET /js/fontawesome.js
17:58:46.818 [https-jsse-nio-8443-exec-7] DEBUG o.s.security.web.FilterChainProxy - Secured GET /icons/mftlogo.png
17:58:46.819 [https-jsse-nio-8443-exec-3] DEBUG o.s.s.w.c.HttpSessionSecurityContextRepository - Retrieved SecurityContextImpl [Authentication=UsernamePasswordAuthenticationToken [Principal=ir.model.entity.CustomUserDetails@6e02eb1e, Credentials=[PROTECTED], Authenticated=true, Details=WebAuthenticationDetails [RemoteIpAddress=0:0:0:0:0:0:0:1, SessionId=null], Granted Authorities=[BUILDING_DELETE, TICKET_EDIT, BUILDING_EDIT, BUILDING_CREATE, ROLE_ADMIN, TICKET_CREATE, TICKET_DELETE]]]
17:58:46.821 [https-jsse-nio-8443-exec-7] DEBUG o.s.s.w.c.HttpSessionSecurityContextRepository - Retrieved SecurityContextImpl [Authentication=UsernamePasswordAuthenticationToken [Principal=ir.model.entity.CustomUserDetails@6e02eb1e, Credentials=[PROTECTED], Authenticated=true, Details=WebAuthenticationDetails [RemoteIpAddress=0:0:0:0:0:0:0:1, SessionId=null], Granted Authorities=[BUILDING_DELETE, TICKET_EDIT, BUILDING_EDIT, BUILDING_CREATE, ROLE_ADMIN, TICKET_CREATE, TICKET_DELETE]]]
17:58:46.821 [https-jsse-nio-8443-exec-4] DEBUG o.s.security.web.FilterChainProxy - Securing GET /js/script.js
17:58:46.822 [https-jsse-nio-8443-exec-4] DEBUG o.s.s.w.a.c.ChannelProcessingFilter - Request: filter invocation [GET /js/script.js]; ConfigAttributes: [REQUIRES_SECURE_CHANNEL]
17:58:46.823 [https-jsse-nio-8443-exec-4] DEBUG o.s.security.web.FilterChainProxy - Secured GET /js/script.js
17:58:46.823 [https-jsse-nio-8443-exec-8] DEBUG o.s.security.web.FilterChainProxy - Securing GET /js/permissions-api.js
17:58:46.823 [https-jsse-nio-8443-exec-8] DEBUG o.s.s.w.a.c.ChannelProcessingFilter - Request: filter invocation [GET /js/permissions-api.js]; ConfigAttributes: [REQUIRES_SECURE_CHANNEL]
17:58:46.824 [https-jsse-nio-8443-exec-8] DEBUG o.s.security.web.FilterChainProxy - Secured GET /js/permissions-api.js
17:58:46.825 [https-jsse-nio-8443-exec-4] DEBUG o.s.s.w.c.HttpSessionSecurityContextRepository - Retrieved SecurityContextImpl [Authentication=UsernamePasswordAuthenticationToken [Principal=ir.model.entity.CustomUserDetails@6e02eb1e, Credentials=[PROTECTED], Authenticated=true, Details=WebAuthenticationDetails [RemoteIpAddress=0:0:0:0:0:0:0:1, SessionId=null], Granted Authorities=[BUILDING_DELETE, TICKET_EDIT, BUILDING_EDIT, BUILDING_CREATE, ROLE_ADMIN, TICKET_CREATE, TICKET_DELETE]]]
17:58:46.825 [https-jsse-nio-8443-exec-10] DEBUG o.s.s.w.c.HttpSessionSecurityContextRepository - Retrieved SecurityContextImpl [Authentication=UsernamePasswordAuthenticationToken [Principal=ir.model.entity.CustomUserDetails@6e02eb1e, Credentials=[PROTECTED], Authenticated=true, Details=WebAuthenticationDetails [RemoteIpAddress=0:0:0:0:0:0:0:1, SessionId=null], Granted Authorities=[BUILDING_DELETE, TICKET_EDIT, BUILDING_EDIT, BUILDING_CREATE, ROLE_ADMIN, TICKET_CREATE, TICKET_DELETE]]]
17:58:46.828 [https-jsse-nio-8443-exec-6] DEBUG o.s.s.w.c.HttpSessionSecurityContextRepository - Retrieved SecurityContextImpl [Authentication=UsernamePasswordAuthenticationToken [Principal=ir.model.entity.CustomUserDetails@6e02eb1e, Credentials=[PROTECTED], Authenticated=true, Details=WebAuthenticationDetails [RemoteIpAddress=0:0:0:0:0:0:0:1, SessionId=null], Granted Authorities=[BUILDING_DELETE, TICKET_EDIT, BUILDING_EDIT, BUILDING_CREATE, ROLE_ADMIN, TICKET_CREATE, TICKET_DELETE]]]
17:58:46.839 [https-jsse-nio-8443-exec-5] DEBUG o.s.s.w.c.HttpSessionSecurityContextRepository - Retrieved SecurityContextImpl [Authentication=UsernamePasswordAuthenticationToken [Principal=ir.model.entity.CustomUserDetails@6e02eb1e, Credentials=[PROTECTED], Authenticated=true, Details=WebAuthenticationDetails [RemoteIpAddress=0:0:0:0:0:0:0:1, SessionId=null], Granted Authorities=[BUILDING_DELETE, TICKET_EDIT, BUILDING_EDIT, BUILDING_CREATE, ROLE_ADMIN, TICKET_CREATE, TICKET_DELETE]]]
17:58:46.848 [https-jsse-nio-8443-exec-8] DEBUG o.s.s.w.c.HttpSessionSecurityContextRepository - Retrieved SecurityContextImpl [Authentication=UsernamePasswordAuthenticationToken [Principal=ir.model.entity.CustomUserDetails@6e02eb1e, Credentials=[PROTECTED], Authenticated=true, Details=WebAuthenticationDetails [RemoteIpAddress=0:0:0:0:0:0:0:1, SessionId=null], Granted Authorities=[BUILDING_DELETE, TICKET_EDIT, BUILDING_EDIT, BUILDING_CREATE, ROLE_ADMIN, TICKET_CREATE, TICKET_DELETE]]]
17:58:46.874 [https-jsse-nio-8443-exec-2] DEBUG o.s.security.web.FilterChainProxy - Securing GET /webfonts/fa-brands-400.woff2
17:58:46.874 [https-jsse-nio-8443-exec-9] DEBUG o.s.security.web.FilterChainProxy - Securing GET /webfonts/fa-solid-900.woff2
17:58:46.874 [https-jsse-nio-8443-exec-9] DEBUG o.s.s.w.a.c.ChannelProcessingFilter - Request: filter invocation [GET /webfonts/fa-solid-900.woff2]; ConfigAttributes: [REQUIRES_SECURE_CHANNEL]
17:58:46.874 [https-jsse-nio-8443-exec-2] DEBUG o.s.s.w.a.c.ChannelProcessingFilter - Request: filter invocation [GET /webfonts/fa-brands-400.woff2]; ConfigAttributes: [REQUIRES_SECURE_CHANNEL]
17:58:46.875 [https-jsse-nio-8443-exec-2] DEBUG o.s.s.w.c.HttpSessionSecurityContextRepository - Retrieved SecurityContextImpl [Authentication=UsernamePasswordAuthenticationToken [Principal=ir.model.entity.CustomUserDetails@6e02eb1e, Credentials=[PROTECTED], Authenticated=true, Details=WebAuthenticationDetails [RemoteIpAddress=0:0:0:0:0:0:0:1, SessionId=null], Granted Authorities=[BUILDING_DELETE, TICKET_EDIT, BUILDING_EDIT, BUILDING_CREATE, ROLE_ADMIN, TICKET_CREATE, TICKET_DELETE]]]
17:58:46.875 [https-jsse-nio-8443-exec-9] DEBUG o.s.s.w.c.HttpSessionSecurityContextRepository - Retrieved SecurityContextImpl [Authentication=UsernamePasswordAuthenticationToken [Principal=ir.model.entity.CustomUserDetails@6e02eb1e, Credentials=[PROTECTED], Authenticated=true, Details=WebAuthenticationDetails [RemoteIpAddress=0:0:0:0:0:0:0:1, SessionId=null], Granted Authorities=[BUILDING_DELETE, TICKET_EDIT, BUILDING_EDIT, BUILDING_CREATE, ROLE_ADMIN, TICKET_CREATE, TICKET_DELETE]]]
17:58:46.875 [https-jsse-nio-8443-exec-9] DEBUG o.s.security.web.FilterChainProxy - Secured GET /webfonts/fa-solid-900.woff2
17:58:46.875 [https-jsse-nio-8443-exec-2] DEBUG o.s.security.web.FilterChainProxy - Secured GET /webfonts/fa-brands-400.woff2
17:58:47.325 [https-jsse-nio-8443-exec-1] DEBUG o.s.s.w.c.HttpSessionSecurityContextRepository - Retrieved SecurityContextImpl [Authentication=UsernamePasswordAuthenticationToken [Principal=ir.model.entity.CustomUserDetails@6e02eb1e, Credentials=[PROTECTED], Authenticated=true, Details=WebAuthenticationDetails [RemoteIpAddress=0:0:0:0:0:0:0:1, SessionId=null], Granted Authorities=[BUILDING_DELETE, TICKET_EDIT, BUILDING_EDIT, BUILDING_CREATE, ROLE_ADMIN, TICKET_CREATE, TICKET_DELETE]]]
17:58:48.494 [scheduling-1] DEBUG o.h.e.t.internal.TransactionImpl - On TransactionImpl creation, JpaCompliance#isJpaTransactionComplianceEnabled == false
17:58:48.494 [scheduling-1] DEBUG o.h.e.t.internal.TransactionImpl - begin
17:58:48.496 [scheduling-1] DEBUG org.hibernate.SQL - 
    /* <criteria> */ select
        oe1_0.id,
        oe1_0.aggregate_id,
        oe1_0.aggregate_type,
        oe1_0.created_at,
        oe1_0.deleted,
        oe1_0.event_type,
        oe1_0.payload,
        oe1_0.published 
    from
        outbox_tbl oe1_0 
    where
        (
            oe1_0.deleted = 0
        ) 
        and oe1_0.published=0 
    order by
        oe1_0.created_at
17:58:48.497 [scheduling-1] DEBUG o.h.e.t.internal.TransactionImpl - committing
17:58:50.502 [scheduling-1] DEBUG o.h.e.t.internal.TransactionImpl - On TransactionImpl creation, JpaCompliance#isJpaTransactionComplianceEnabled == false
17:58:50.502 [scheduling-1] DEBUG o.h.e.t.internal.TransactionImpl - begin
17:58:50.504 [scheduling-1] DEBUG org.hibernate.SQL - 
    /* <criteria> */ select
        oe1_0.id,
        oe1_0.aggregate_id,
        oe1_0.aggregate_type,
        oe1_0.created_at,
        oe1_0.deleted,
        oe1_0.event_type,
        oe1_0.payload,
        oe1_0.published 
    from
        outbox_tbl oe1_0 
    where
        (
            oe1_0.deleted = 0
        ) 
        and oe1_0.published=0 
    order by
        oe1_0.created_at
17:58:50.505 [scheduling-1] DEBUG o.h.e.t.internal.TransactionImpl - committing
17:58:52.521 [scheduling-1] DEBUG o.h.e.t.internal.TransactionImpl - On TransactionImpl creation, JpaCompliance#isJpaTransactionComplianceEnabled == false
17:58:52.521 [scheduling-1] DEBUG o.h.e.t.internal.TransactionImpl - begin
17:58:52.522 [scheduling-1] DEBUG org.hibernate.SQL - 
    /* <criteria> */ select
        oe1_0.id,
        oe1_0.aggregate_id,
        oe1_0.aggregate_type,
        oe1_0.created_at,
        oe1_0.deleted,
        oe1_0.event_type,
        oe1_0.payload,
        oe1_0.published 
    from
        outbox_tbl oe1_0 
    where
        (
            oe1_0.deleted = 0
        ) 
        and oe1_0.published=0 
    order by
        oe1_0.created_at
17:58:52.523 [scheduling-1] DEBUG o.h.e.t.internal.TransactionImpl - committing
17:58:54.525 [scheduling-1] DEBUG o.h.e.t.internal.TransactionImpl - On TransactionImpl creation, JpaCompliance#isJpaTransactionComplianceEnabled == false
17:58:54.525 [scheduling-1] DEBUG o.h.e.t.internal.TransactionImpl - begin
17:58:54.526 [scheduling-1] DEBUG org.hibernate.SQL - 
    /* <criteria> */ select
        oe1_0.id,
        oe1_0.aggregate_id,
        oe1_0.aggregate_type,
        oe1_0.created_at,
        oe1_0.deleted,
        oe1_0.event_type,
        oe1_0.payload,
        oe1_0.published 
    from
        outbox_tbl oe1_0 
    where
        (
            oe1_0.deleted = 0
        ) 
        and oe1_0.published=0 
    order by
        oe1_0.created_at
17:58:54.527 [scheduling-1] DEBUG o.h.e.t.internal.TransactionImpl - committing
17:58:56.380 [org.springframework.kafka.KafkaListenerEndpointContainer#0-0-C-1] INFO  o.apache.kafka.clients.NetworkClient - [Consumer clientId=consumer-building-service-updater-1, groupId=building-service-updater] Disconnecting from node -1 due to socket connection setup timeout. The timeout value is 16914 ms.
17:58:56.380 [org.springframework.kafka.KafkaListenerEndpointContainer#0-0-C-1] WARN  o.apache.kafka.clients.NetworkClient - [Consumer clientId=consumer-building-service-updater-1, groupId=building-service-updater] Bootstrap broker 100.99.137.56:9092 (id: -1 rack: null) disconnected
17:58:56.529 [scheduling-1] DEBUG o.h.e.t.internal.TransactionImpl - On TransactionImpl creation, JpaCompliance#isJpaTransactionComplianceEnabled == false
17:58:56.529 [scheduling-1] DEBUG o.h.e.t.internal.TransactionImpl - begin
17:58:56.530 [scheduling-1] DEBUG org.hibernate.SQL - 
    /* <criteria> */ select
        oe1_0.id,
        oe1_0.aggregate_id,
        oe1_0.aggregate_type,
        oe1_0.created_at,
        oe1_0.deleted,
        oe1_0.event_type,
        oe1_0.payload,
        oe1_0.published 
    from
        outbox_tbl oe1_0 
    where
        (
            oe1_0.deleted = 0
        ) 
        and oe1_0.published=0 
    order by
        oe1_0.created_at
17:58:56.531 [scheduling-1] DEBUG o.h.e.t.internal.TransactionImpl - committing
17:58:57.341 [https-jsse-nio-8443-exec-3] DEBUG o.s.security.web.FilterChainProxy - Securing GET /tickets
17:58:57.342 [https-jsse-nio-8443-exec-3] DEBUG o.s.s.w.a.c.ChannelProcessingFilter - Request: filter invocation [GET /tickets]; ConfigAttributes: [REQUIRES_SECURE_CHANNEL]
17:58:57.342 [https-jsse-nio-8443-exec-3] DEBUG o.s.s.w.c.HttpSessionSecurityContextRepository - Retrieved SecurityContextImpl [Authentication=UsernamePasswordAuthenticationToken [Principal=ir.model.entity.CustomUserDetails@6e02eb1e, Credentials=[PROTECTED], Authenticated=true, Details=WebAuthenticationDetails [RemoteIpAddress=0:0:0:0:0:0:0:1, SessionId=null], Granted Authorities=[BUILDING_DELETE, TICKET_EDIT, BUILDING_EDIT, BUILDING_CREATE, ROLE_ADMIN, TICKET_CREATE, TICKET_DELETE]]]
17:58:57.343 [https-jsse-nio-8443-exec-3] DEBUG o.s.security.web.FilterChainProxy - Secured GET /tickets
17:58:57.361 [https-jsse-nio-8443-exec-3] DEBUG org.hibernate.SQL - 
    /* <criteria> */ select
        t1_0.id,
        t1_0.customer,
        t1_0.date_time,
        t1_0.deleted,
        t1_0.score,
        t1_0.section_id,
        t1_0.status,
        t1_0.title 
    from
        ticket_tbl t1_0 
    where
        (
            t1_0.deleted = 0
        ) 
    order by
        t1_0.date_time,
        t1_0.date_time 
    fetch
        first ? rows only
17:58:57.362 [https-jsse-nio-8443-exec-3] TRACE org.hibernate.orm.jdbc.bind - binding parameter (1:INTEGER) <- [10]
17:58:57.365 [https-jsse-nio-8443-exec-3] TRACE org.hibernate.orm.jdbc.extract - extracted value (1:BIGINT) -> [1]
17:58:57.365 [https-jsse-nio-8443-exec-3] TRACE org.hibernate.orm.jdbc.extract - extracted value (2:VARCHAR) -> [hadan]
17:58:57.367 [https-jsse-nio-8443-exec-3] DEBUG org.hibernate.SQL - 
    select
        u1_0.username,
        u1_0.account_non_expired,
        u1_0.account_non_locked,
        u1_0.credentials_expiry_date,
        u1_0.credentials_non_expired,
        u1_0.deleted,
        u1_0.enabled,
        u1_0.password,
        rs1_0.username,
        rs1_1.name,
        rs1_1.deleted,
        ps1_0.role_name,
        ps1_1.id,
        ps1_1.deleted,
        ps1_1.permission 
    from
        user_tbl u1_0 
    left join
        (user_role_tbl rs1_0 
    join
        role_tbl rs1_1 
            on rs1_1.name=rs1_0.role_name) 
        on u1_0.username=rs1_0.username 
        and ( rs1_1.deleted = 0) 
    left join
        (role_permission_tbl ps1_0 
    join
        permission_tbl ps1_1 
            on ps1_1.id=ps1_0.permission) 
        on rs1_1.name=ps1_0.role_name 
        and ( ps1_1.deleted = 0) 
    where
        u1_0.username=? 
        and (
            u1_0.deleted = 0
        )
17:58:57.367 [https-jsse-nio-8443-exec-3] TRACE org.hibernate.orm.jdbc.bind - binding parameter (1:VARCHAR) <- [hadan]
17:58:57.368 [https-jsse-nio-8443-exec-3] TRACE org.hibernate.orm.jdbc.extract - extracted value (9:VARCHAR) -> [hadan]
17:58:57.368 [https-jsse-nio-8443-exec-3] TRACE org.hibernate.orm.jdbc.extract - extracted value (10:VARCHAR) -> [ROLE_CUSTOMER]
17:58:57.368 [https-jsse-nio-8443-exec-3] TRACE org.hibernate.orm.jdbc.extract - extracted value (12:VARCHAR) -> [ROLE_CUSTOMER]
17:58:57.368 [https-jsse-nio-8443-exec-3] TRACE org.hibernate.orm.jdbc.extract - extracted value (13:BIGINT) -> [1]
17:58:57.369 [https-jsse-nio-8443-exec-3] TRACE org.hibernate.orm.jdbc.extract - extracted value (14:BOOLEAN) -> [false]
17:58:57.369 [https-jsse-nio-8443-exec-3] TRACE org.hibernate.orm.jdbc.extract - extracted value (15:VARCHAR) -> [TICKET_CREATE]
17:58:57.369 [https-jsse-nio-8443-exec-3] TRACE org.hibernate.orm.jdbc.extract - extracted value (11:BOOLEAN) -> [false]
17:58:57.369 [https-jsse-nio-8443-exec-3] TRACE org.hibernate.orm.jdbc.extract - extracted value (2:BOOLEAN) -> [true]
17:58:57.369 [https-jsse-nio-8443-exec-3] TRACE org.hibernate.orm.jdbc.extract - extracted value (3:BOOLEAN) -> [true]
17:58:57.369 [https-jsse-nio-8443-exec-3] TRACE org.hibernate.orm.jdbc.extract - extracted value (4:TIMESTAMP) -> [2026-07-15T10:11:55.759022]
17:58:57.369 [https-jsse-nio-8443-exec-3] TRACE org.hibernate.orm.jdbc.extract - extracted value (5:BOOLEAN) -> [true]
17:58:57.369 [https-jsse-nio-8443-exec-3] TRACE org.hibernate.orm.jdbc.extract - extracted value (6:BOOLEAN) -> [false]
17:58:57.369 [https-jsse-nio-8443-exec-3] TRACE org.hibernate.orm.jdbc.extract - extracted value (7:BOOLEAN) -> [true]
17:58:57.369 [https-jsse-nio-8443-exec-3] TRACE org.hibernate.orm.jdbc.extract - extracted value (8:VARCHAR) -> [$2a$12$pGZHMXEgTAfgatCgqkj6uuOfHiTD7wYxADVoQrlWQtumAAqOwT71.]
17:58:57.369 [https-jsse-nio-8443-exec-3] TRACE org.hibernate.orm.jdbc.extract - extracted value (6:BIGINT) -> [3]
17:58:57.369 [https-jsse-nio-8443-exec-3] DEBUG org.hibernate.SQL - 
    select
        s1_0.id,
        s1_0.building_id,
        s1_0.deleted,
        ps1_0.id,
        ps1_0.building_id,
        ps1_0.deleted,
        ps1_0.parent_section_id,
        ps1_0.title,
        s1_0.title,
        csl1_0.parent_section_id,
        csl1_0.id,
        csl1_0.building_id,
        csl1_0.deleted,
        csl1_0.title 
    from
        section_table s1_0 
    left join
        section_table ps1_0 
            on ps1_0.id=s1_0.parent_section_id 
            and (ps1_0.deleted = 0) 
    left join
        section_table csl1_0 
            on s1_0.id=csl1_0.parent_section_id 
            and (csl1_0.deleted = 0) 
    where
        s1_0.id=? 
        and (
            s1_0.deleted = 0
        )
17:58:57.369 [https-jsse-nio-8443-exec-3] TRACE org.hibernate.orm.jdbc.bind - binding parameter (1:BIGINT) <- [3]
17:58:57.370 [https-jsse-nio-8443-exec-3] TRACE org.hibernate.orm.jdbc.extract - extracted value (10:BIGINT) -> [3]
17:58:57.370 [https-jsse-nio-8443-exec-3] TRACE org.hibernate.orm.jdbc.extract - extracted value (11:BIGINT) -> [4]
17:58:57.370 [https-jsse-nio-8443-exec-3] TRACE org.hibernate.orm.jdbc.extract - extracted value (4:BIGINT) -> [1]
17:58:57.371 [https-jsse-nio-8443-exec-3] TRACE org.hibernate.orm.jdbc.extract - extracted value (2:BIGINT) -> [null]
17:58:57.371 [https-jsse-nio-8443-exec-3] TRACE org.hibernate.orm.jdbc.extract - extracted value (12:BIGINT) -> [23]
17:58:57.371 [https-jsse-nio-8443-exec-3] TRACE org.hibernate.orm.jdbc.extract - extracted value (5:BIGINT) -> [54]
17:58:57.371 [https-jsse-nio-8443-exec-3] TRACE org.hibernate.orm.jdbc.extract - extracted value (7:BIGINT) -> [null]
17:58:57.371 [https-jsse-nio-8443-exec-3] TRACE org.hibernate.orm.jdbc.extract - extracted value (13:BOOLEAN) -> [false]
17:58:57.371 [https-jsse-nio-8443-exec-3] TRACE org.hibernate.orm.jdbc.extract - extracted value (14:VARCHAR) -> [BUS]
17:58:57.371 [https-jsse-nio-8443-exec-3] TRACE org.hibernate.orm.jdbc.extract - extracted value (6:BOOLEAN) -> [false]
17:58:57.371 [https-jsse-nio-8443-exec-3] TRACE org.hibernate.orm.jdbc.extract - extracted value (8:VARCHAR) -> [MAIN SECTION]
17:58:57.371 [https-jsse-nio-8443-exec-3] TRACE org.hibernate.orm.jdbc.extract - extracted value (3:BOOLEAN) -> [false]
17:58:57.371 [https-jsse-nio-8443-exec-3] TRACE org.hibernate.orm.jdbc.extract - extracted value (9:VARCHAR) -> [TRANSPORT]
17:58:57.371 [https-jsse-nio-8443-exec-3] TRACE org.hibernate.orm.jdbc.extract - extracted value (11:BIGINT) -> [5]
17:58:57.371 [https-jsse-nio-8443-exec-3] TRACE org.hibernate.orm.jdbc.extract - extracted value (12:BIGINT) -> [null]
17:58:57.371 [https-jsse-nio-8443-exec-3] TRACE org.hibernate.orm.jdbc.extract - extracted value (13:BOOLEAN) -> [false]
17:58:57.371 [https-jsse-nio-8443-exec-3] TRACE org.hibernate.orm.jdbc.extract - extracted value (14:VARCHAR) -> [TAXI]
17:58:57.371 [https-jsse-nio-8443-exec-3] TRACE org.hibernate.orm.jdbc.extract - extracted value (11:BIGINT) -> [21]
17:58:57.372 [https-jsse-nio-8443-exec-3] TRACE org.hibernate.orm.jdbc.extract - extracted value (12:BIGINT) -> [null]
17:58:57.372 [https-jsse-nio-8443-exec-3] TRACE org.hibernate.orm.jdbc.extract - extracted value (13:BOOLEAN) -> [false]
17:58:57.372 [https-jsse-nio-8443-exec-3] TRACE org.hibernate.orm.jdbc.extract - extracted value (14:VARCHAR) -> [TEST B]
17:58:57.372 [https-jsse-nio-8443-exec-3] TRACE org.hibernate.orm.jdbc.extract - extracted value (3:TIMESTAMP) -> [2026-01-19T10:41:35.312182]
17:58:57.372 [https-jsse-nio-8443-exec-3] TRACE org.hibernate.orm.jdbc.extract - extracted value (4:BOOLEAN) -> [false]
17:58:57.372 [https-jsse-nio-8443-exec-3] TRACE org.hibernate.orm.jdbc.extract - extracted value (5:INTEGER) -> [null]
17:58:57.372 [https-jsse-nio-8443-exec-3] TRACE org.hibernate.orm.jdbc.extract - extracted value (7:TINYINT) -> [Closed]
17:58:57.372 [https-jsse-nio-8443-exec-3] TRACE org.hibernate.orm.jdbc.extract - extracted value (8:VARCHAR) -> [first ticket]
17:58:57.372 [https-jsse-nio-8443-exec-3] TRACE org.hibernate.orm.jdbc.extract - extracted value (1:BIGINT) -> [2]
17:58:57.372 [https-jsse-nio-8443-exec-3] TRACE org.hibernate.orm.jdbc.extract - extracted value (2:VARCHAR) -> [ali]
17:58:57.372 [https-jsse-nio-8443-exec-3] DEBUG org.hibernate.SQL - 
    select
        u1_0.username,
        u1_0.account_non_expired,
        u1_0.account_non_locked,
        u1_0.credentials_expiry_date,
        u1_0.credentials_non_expired,
        u1_0.deleted,
        u1_0.enabled,
        u1_0.password,
        rs1_0.username,
        rs1_1.name,
        rs1_1.deleted,
        ps1_0.role_name,
        ps1_1.id,
        ps1_1.deleted,
        ps1_1.permission 
    from
        user_tbl u1_0 
    left join
        (user_role_tbl rs1_0 
    join
        role_tbl rs1_1 
            on rs1_1.name=rs1_0.role_name) 
        on u1_0.username=rs1_0.username 
        and ( rs1_1.deleted = 0) 
    left join
        (role_permission_tbl ps1_0 
    join
        permission_tbl ps1_1 
            on ps1_1.id=ps1_0.permission) 
        on rs1_1.name=ps1_0.role_name 
        and ( ps1_1.deleted = 0) 
    where
        u1_0.username=? 
        and (
            u1_0.deleted = 0
        )
17:58:57.372 [https-jsse-nio-8443-exec-3] TRACE org.hibernate.orm.jdbc.bind - binding parameter (1:VARCHAR) <- [ali]
17:58:57.373 [https-jsse-nio-8443-exec-3] TRACE org.hibernate.orm.jdbc.extract - extracted value (9:VARCHAR) -> [ali]
17:58:57.373 [https-jsse-nio-8443-exec-3] TRACE org.hibernate.orm.jdbc.extract - extracted value (10:VARCHAR) -> [ROLE_ADMIN]
17:58:57.373 [https-jsse-nio-8443-exec-3] TRACE org.hibernate.orm.jdbc.extract - extracted value (12:VARCHAR) -> [ROLE_ADMIN]
17:58:57.373 [https-jsse-nio-8443-exec-3] TRACE org.hibernate.orm.jdbc.extract - extracted value (13:BIGINT) -> [21]
17:58:57.373 [https-jsse-nio-8443-exec-3] TRACE org.hibernate.orm.jdbc.extract - extracted value (14:BOOLEAN) -> [false]
17:58:57.373 [https-jsse-nio-8443-exec-3] TRACE org.hibernate.orm.jdbc.extract - extracted value (15:VARCHAR) -> [BUILDING_DELETE]
17:58:57.374 [https-jsse-nio-8443-exec-3] TRACE org.hibernate.orm.jdbc.extract - extracted value (11:BOOLEAN) -> [false]
17:58:57.374 [https-jsse-nio-8443-exec-3] TRACE org.hibernate.orm.jdbc.extract - extracted value (2:BOOLEAN) -> [true]
17:58:57.374 [https-jsse-nio-8443-exec-3] TRACE org.hibernate.orm.jdbc.extract - extracted value (3:BOOLEAN) -> [true]
17:58:57.374 [https-jsse-nio-8443-exec-3] TRACE org.hibernate.orm.jdbc.extract - extracted value (4:TIMESTAMP) -> [2026-05-30T21:30:53.300956]
17:58:57.374 [https-jsse-nio-8443-exec-3] TRACE org.hibernate.orm.jdbc.extract - extracted value (5:BOOLEAN) -> [true]
17:58:57.374 [https-jsse-nio-8443-exec-3] TRACE org.hibernate.orm.jdbc.extract - extracted value (6:BOOLEAN) -> [false]
17:58:57.374 [https-jsse-nio-8443-exec-3] TRACE org.hibernate.orm.jdbc.extract - extracted value (7:BOOLEAN) -> [true]
17:58:57.374 [https-jsse-nio-8443-exec-3] TRACE org.hibernate.orm.jdbc.extract - extracted value (8:VARCHAR) -> [$2a$12$JRWydGv3q.xLuqLZANLEuO38Y8584BP1ABWUffjm8Da5MxgZ0fC8i]
17:58:57.374 [https-jsse-nio-8443-exec-3] TRACE org.hibernate.orm.jdbc.extract - extracted value (10:VARCHAR) -> [ROLE_ADMIN]
17:58:57.374 [https-jsse-nio-8443-exec-3] TRACE org.hibernate.orm.jdbc.extract - extracted value (13:BIGINT) -> [22]
17:58:57.374 [https-jsse-nio-8443-exec-3] TRACE org.hibernate.orm.jdbc.extract - extracted value (14:BOOLEAN) -> [false]
17:58:57.374 [https-jsse-nio-8443-exec-3] TRACE org.hibernate.orm.jdbc.extract - extracted value (15:VARCHAR) -> [BUILDING_EDIT]
17:58:57.374 [https-jsse-nio-8443-exec-3] TRACE org.hibernate.orm.jdbc.extract - extracted value (10:VARCHAR) -> [ROLE_ADMIN]
17:58:57.374 [https-jsse-nio-8443-exec-3] TRACE org.hibernate.orm.jdbc.extract - extracted value (13:BIGINT) -> [1]
17:58:57.374 [https-jsse-nio-8443-exec-3] TRACE org.hibernate.orm.jdbc.extract - extracted value (10:VARCHAR) -> [ROLE_ADMIN]
17:58:57.374 [https-jsse-nio-8443-exec-3] TRACE org.hibernate.orm.jdbc.extract - extracted value (13:BIGINT) -> [2]
17:58:57.374 [https-jsse-nio-8443-exec-3] TRACE org.hibernate.orm.jdbc.extract - extracted value (14:BOOLEAN) -> [false]
17:58:57.374 [https-jsse-nio-8443-exec-3] TRACE org.hibernate.orm.jdbc.extract - extracted value (15:VARCHAR) -> [TICKET_DELETE]
17:58:57.374 [https-jsse-nio-8443-exec-3] TRACE org.hibernate.orm.jdbc.extract - extracted value (10:VARCHAR) -> [ROLE_ADMIN]
17:58:57.374 [https-jsse-nio-8443-exec-3] TRACE org.hibernate.orm.jdbc.extract - extracted value (13:BIGINT) -> [3]
17:58:57.374 [https-jsse-nio-8443-exec-3] TRACE org.hibernate.orm.jdbc.extract - extracted value (14:BOOLEAN) -> [false]
17:58:57.374 [https-jsse-nio-8443-exec-3] TRACE org.hibernate.orm.jdbc.extract - extracted value (15:VARCHAR) -> [TICKET_EDIT]
17:58:57.374 [https-jsse-nio-8443-exec-3] TRACE org.hibernate.orm.jdbc.extract - extracted value (10:VARCHAR) -> [ROLE_ADMIN]
17:58:57.374 [https-jsse-nio-8443-exec-3] TRACE org.hibernate.orm.jdbc.extract - extracted value (13:BIGINT) -> [4]
17:58:57.374 [https-jsse-nio-8443-exec-3] TRACE org.hibernate.orm.jdbc.extract - extracted value (14:BOOLEAN) -> [false]
17:58:57.374 [https-jsse-nio-8443-exec-3] TRACE org.hibernate.orm.jdbc.extract - extracted value (15:VARCHAR) -> [BUILDING_CREATE]
17:58:57.374 [https-jsse-nio-8443-exec-3] TRACE org.hibernate.orm.jdbc.extract - extracted value (6:BIGINT) -> [5]
17:58:57.375 [https-jsse-nio-8443-exec-3] TRACE org.hibernate.orm.jdbc.extract - extracted value (3:TIMESTAMP) -> [2026-01-20T23:15:43.324293]
17:58:57.375 [https-jsse-nio-8443-exec-3] TRACE org.hibernate.orm.jdbc.extract - extracted value (4:BOOLEAN) -> [false]
17:58:57.375 [https-jsse-nio-8443-exec-3] TRACE org.hibernate.orm.jdbc.extract - extracted value (5:INTEGER) -> [null]
17:58:57.375 [https-jsse-nio-8443-exec-3] TRACE org.hibernate.orm.jdbc.extract - extracted value (7:TINYINT) -> [Closed]
17:58:57.375 [https-jsse-nio-8443-exec-3] TRACE org.hibernate.orm.jdbc.extract - extracted value (8:VARCHAR) -> [test 2]
17:58:57.375 [https-jsse-nio-8443-exec-3] DEBUG org.hibernate.SQL - 
    select
        csl1_0.parent_section_id,
        csl1_0.id,
        csl1_0.building_id,
        csl1_0.deleted,
        csl1_0.title 
    from
        section_table csl1_0 
    where
        csl1_0.parent_section_id=? 
        and (
            csl1_0.deleted = 0
        )
17:58:57.375 [https-jsse-nio-8443-exec-3] TRACE org.hibernate.orm.jdbc.bind - binding parameter (1:BIGINT) <- [21]
17:58:57.376 [https-jsse-nio-8443-exec-3] DEBUG org.hibernate.SQL - 
    select
        csl1_0.parent_section_id,
        csl1_0.id,
        csl1_0.building_id,
        csl1_0.deleted,
        csl1_0.title 
    from
        section_table csl1_0 
    where
        csl1_0.parent_section_id=? 
        and (
            csl1_0.deleted = 0
        )
17:58:57.376 [https-jsse-nio-8443-exec-3] TRACE org.hibernate.orm.jdbc.bind - binding parameter (1:BIGINT) <- [5]
17:58:57.377 [https-jsse-nio-8443-exec-3] DEBUG org.hibernate.SQL - 
    select
        csl1_0.parent_section_id,
        csl1_0.id,
        csl1_0.building_id,
        csl1_0.deleted,
        csl1_0.title 
    from
        section_table csl1_0 
    where
        csl1_0.parent_section_id=? 
        and (
            csl1_0.deleted = 0
        )
17:58:57.377 [https-jsse-nio-8443-exec-3] TRACE org.hibernate.orm.jdbc.bind - binding parameter (1:BIGINT) <- [1]
17:58:57.378 [https-jsse-nio-8443-exec-3] TRACE org.hibernate.orm.jdbc.extract - extracted value (1:BIGINT) -> [1]
17:58:57.378 [https-jsse-nio-8443-exec-3] TRACE org.hibernate.orm.jdbc.extract - extracted value (2:BIGINT) -> [2]
17:58:57.378 [https-jsse-nio-8443-exec-3] TRACE org.hibernate.orm.jdbc.extract - extracted value (3:BIGINT) -> [23]
17:58:57.378 [https-jsse-nio-8443-exec-3] TRACE org.hibernate.orm.jdbc.extract - extracted value (4:BOOLEAN) -> [false]
17:58:57.378 [https-jsse-nio-8443-exec-3] TRACE org.hibernate.orm.jdbc.extract - extracted value (5:VARCHAR) -> [HSE]
17:58:57.378 [https-jsse-nio-8443-exec-3] TRACE org.hibernate.orm.jdbc.extract - extracted value (1:BIGINT) -> [1]
17:58:57.378 [https-jsse-nio-8443-exec-3] TRACE org.hibernate.orm.jdbc.extract - extracted value (2:BIGINT) -> [3]
17:58:57.378 [https-jsse-nio-8443-exec-3] DEBUG org.hibernate.SQL - 
    select
        csl1_0.parent_section_id,
        csl1_0.id,
        csl1_0.building_id,
        csl1_0.deleted,
        csl1_0.title 
    from
        section_table csl1_0 
    where
        csl1_0.parent_section_id=? 
        and (
            csl1_0.deleted = 0
        )
17:58:57.378 [https-jsse-nio-8443-exec-3] TRACE org.hibernate.orm.jdbc.bind - binding parameter (1:BIGINT) <- [2]
17:58:57.379 [https-jsse-nio-8443-exec-3] DEBUG org.hibernate.SQL - 
    select
        csl1_0.parent_section_id,
        csl1_0.id,
        csl1_0.building_id,
        csl1_0.deleted,
        csl1_0.title 
    from
        section_table csl1_0 
    where
        csl1_0.parent_section_id=? 
        and (
            csl1_0.deleted = 0
        )
17:58:57.379 [https-jsse-nio-8443-exec-3] TRACE org.hibernate.orm.jdbc.bind - binding parameter (1:BIGINT) <- [4]
17:58:57.380 [https-jsse-nio-8443-exec-3] TRACE o.s.c.interceptor.CacheInterceptor - Computed cache key 'SimpleKey []' for operation Builder[public java.util.List ir.service.impl.SectionServiceImpl.findAllForFilter()] caches=[sectionsFilter] | key='' | keyGenerator='' | cacheManager='' | cacheResolver='' | condition='' | unless='' | sync='false'
17:58:57.381 [https-jsse-nio-8443-exec-3] TRACE o.s.c.interceptor.CacheInterceptor - Cache entry for key 'SimpleKey []' found in cache(s) [sectionsFilter]
17:58:57.382 [https-jsse-nio-8443-exec-3] INFO  i.c.exception.ResponseAspect - Web Controller: showAllTickets
17:58:57.440 [https-jsse-nio-8443-exec-7] DEBUG o.s.security.web.FilterChainProxy - Securing GET /css/reset.css
17:58:57.441 [https-jsse-nio-8443-exec-7] DEBUG o.s.s.w.a.c.ChannelProcessingFilter - Request: filter invocation [GET /css/reset.css]; ConfigAttributes: [REQUIRES_SECURE_CHANNEL]
17:58:57.441 [https-jsse-nio-8443-exec-7] DEBUG o.s.security.web.FilterChainProxy - Secured GET /css/reset.css
17:58:57.442 [https-jsse-nio-8443-exec-7] DEBUG o.s.s.w.c.HttpSessionSecurityContextRepository - Retrieved SecurityContextImpl [Authentication=UsernamePasswordAuthenticationToken [Principal=ir.model.entity.CustomUserDetails@6e02eb1e, Credentials=[PROTECTED], Authenticated=true, Details=WebAuthenticationDetails [RemoteIpAddress=0:0:0:0:0:0:0:1, SessionId=null], Granted Authorities=[BUILDING_DELETE, TICKET_EDIT, BUILDING_EDIT, BUILDING_CREATE, ROLE_ADMIN, TICKET_CREATE, TICKET_DELETE]]]
17:58:57.444 [https-jsse-nio-8443-exec-6] DEBUG o.s.security.web.FilterChainProxy - Securing GET /css/fonts.min.css
17:58:57.444 [https-jsse-nio-8443-exec-10] DEBUG o.s.security.web.FilterChainProxy - Securing GET /css/fontawesome.css
17:58:57.444 [https-jsse-nio-8443-exec-5] DEBUG o.s.security.web.FilterChainProxy - Securing GET /css/toast.css
17:58:57.444 [https-jsse-nio-8443-exec-4] DEBUG o.s.security.web.FilterChainProxy - Securing GET /css/bootstrap.min.css
17:58:57.444 [https-jsse-nio-8443-exec-6] DEBUG o.s.s.w.a.c.ChannelProcessingFilter - Request: filter invocation [GET /css/fonts.min.css]; ConfigAttributes: [REQUIRES_SECURE_CHANNEL]
17:58:57.444 [https-jsse-nio-8443-exec-5] DEBUG o.s.s.w.a.c.ChannelProcessingFilter - Request: filter invocation [GET /css/toast.css]; ConfigAttributes: [REQUIRES_SECURE_CHANNEL]
17:58:57.444 [https-jsse-nio-8443-exec-10] DEBUG o.s.s.w.a.c.ChannelProcessingFilter - Request: filter invocation [GET /css/fontawesome.css]; ConfigAttributes: [REQUIRES_SECURE_CHANNEL]
17:58:57.444 [https-jsse-nio-8443-exec-4] DEBUG o.s.s.w.a.c.ChannelProcessingFilter - Request: filter invocation [GET /css/bootstrap.min.css]; ConfigAttributes: [REQUIRES_SECURE_CHANNEL]
17:58:57.445 [https-jsse-nio-8443-exec-4] DEBUG o.s.security.web.FilterChainProxy - Secured GET /css/bootstrap.min.css
17:58:57.445 [https-jsse-nio-8443-exec-5] DEBUG o.s.security.web.FilterChainProxy - Secured GET /css/toast.css
17:58:57.445 [https-jsse-nio-8443-exec-6] DEBUG o.s.security.web.FilterChainProxy - Secured GET /css/fonts.min.css
17:58:57.445 [https-jsse-nio-8443-exec-10] DEBUG o.s.security.web.FilterChainProxy - Secured GET /css/fontawesome.css
17:58:57.445 [https-jsse-nio-8443-exec-8] DEBUG o.s.security.web.FilterChainProxy - Securing GET /css/styles.css
17:58:57.445 [https-jsse-nio-8443-exec-2] DEBUG o.s.security.web.FilterChainProxy - Securing GET /icons/mftlogo.png
17:58:57.445 [https-jsse-nio-8443-exec-2] DEBUG o.s.s.w.a.c.ChannelProcessingFilter - Request: filter invocation [GET /icons/mftlogo.png]; ConfigAttributes: [REQUIRES_SECURE_CHANNEL]
17:58:57.445 [https-jsse-nio-8443-exec-8] DEBUG o.s.s.w.a.c.ChannelProcessingFilter - Request: filter invocation [GET /css/styles.css]; ConfigAttributes: [REQUIRES_SECURE_CHANNEL]
17:58:57.446 [https-jsse-nio-8443-exec-8] DEBUG o.s.security.web.FilterChainProxy - Secured GET /css/styles.css
17:58:57.446 [https-jsse-nio-8443-exec-2] DEBUG o.s.security.web.FilterChainProxy - Secured GET /icons/mftlogo.png
17:58:57.446 [https-jsse-nio-8443-exec-5] DEBUG o.s.s.w.c.HttpSessionSecurityContextRepository - Retrieved SecurityContextImpl [Authentication=UsernamePasswordAuthenticationToken [Principal=ir.model.entity.CustomUserDetails@6e02eb1e, Credentials=[PROTECTED], Authenticated=true, Details=WebAuthenticationDetails [RemoteIpAddress=0:0:0:0:0:0:0:1, SessionId=null], Granted Authorities=[BUILDING_DELETE, TICKET_EDIT, BUILDING_EDIT, BUILDING_CREATE, ROLE_ADMIN, TICKET_CREATE, TICKET_DELETE]]]
17:58:57.447 [https-jsse-nio-8443-exec-6] DEBUG o.s.s.w.c.HttpSessionSecurityContextRepository - Retrieved SecurityContextImpl [Authentication=UsernamePasswordAuthenticationToken [Principal=ir.model.entity.CustomUserDetails@6e02eb1e, Credentials=[PROTECTED], Authenticated=true, Details=WebAuthenticationDetails [RemoteIpAddress=0:0:0:0:0:0:0:1, SessionId=null], Granted Authorities=[BUILDING_DELETE, TICKET_EDIT, BUILDING_EDIT, BUILDING_CREATE, ROLE_ADMIN, TICKET_CREATE, TICKET_DELETE]]]
17:58:57.448 [https-jsse-nio-8443-exec-8] DEBUG o.s.s.w.c.HttpSessionSecurityContextRepository - Retrieved SecurityContextImpl [Authentication=UsernamePasswordAuthenticationToken [Principal=ir.model.entity.CustomUserDetails@6e02eb1e, Credentials=[PROTECTED], Authenticated=true, Details=WebAuthenticationDetails [RemoteIpAddress=0:0:0:0:0:0:0:1, SessionId=null], Granted Authorities=[BUILDING_DELETE, TICKET_EDIT, BUILDING_EDIT, BUILDING_CREATE, ROLE_ADMIN, TICKET_CREATE, TICKET_DELETE]]]
17:58:57.448 [https-jsse-nio-8443-exec-9] DEBUG o.s.security.web.FilterChainProxy - Securing GET /js/bootstrap.bundle.min.js
17:58:57.448 [https-jsse-nio-8443-exec-9] DEBUG o.s.s.w.a.c.ChannelProcessingFilter - Request: filter invocation [GET /js/bootstrap.bundle.min.js]; ConfigAttributes: [REQUIRES_SECURE_CHANNEL]
17:58:57.449 [https-jsse-nio-8443-exec-2] DEBUG o.s.s.w.c.HttpSessionSecurityContextRepository - Retrieved SecurityContextImpl [Authentication=UsernamePasswordAuthenticationToken [Principal=ir.model.entity.CustomUserDetails@6e02eb1e, Credentials=[PROTECTED], Authenticated=true, Details=WebAuthenticationDetails [RemoteIpAddress=0:0:0:0:0:0:0:1, SessionId=null], Granted Authorities=[BUILDING_DELETE, TICKET_EDIT, BUILDING_EDIT, BUILDING_CREATE, ROLE_ADMIN, TICKET_CREATE, TICKET_DELETE]]]
17:58:57.449 [https-jsse-nio-8443-exec-9] DEBUG o.s.security.web.FilterChainProxy - Secured GET /js/bootstrap.bundle.min.js
17:58:57.450 [https-jsse-nio-8443-exec-3] DEBUG o.s.security.web.FilterChainProxy - Securing GET /js/toast.js
17:58:57.450 [https-jsse-nio-8443-exec-1] DEBUG o.s.security.web.FilterChainProxy - Securing GET /js/fontawesome.js
17:58:57.450 [https-jsse-nio-8443-exec-3] DEBUG o.s.s.w.a.c.ChannelProcessingFilter - Request: filter invocation [GET /js/toast.js]; ConfigAttributes: [REQUIRES_SECURE_CHANNEL]
17:58:57.450 [https-jsse-nio-8443-exec-1] DEBUG o.s.s.w.a.c.ChannelProcessingFilter - Request: filter invocation [GET /js/fontawesome.js]; ConfigAttributes: [REQUIRES_SECURE_CHANNEL]
17:58:57.450 [https-jsse-nio-8443-exec-3] DEBUG o.s.security.web.FilterChainProxy - Secured GET /js/toast.js
17:58:57.451 [https-jsse-nio-8443-exec-1] DEBUG o.s.security.web.FilterChainProxy - Secured GET /js/fontawesome.js
17:58:57.451 [https-jsse-nio-8443-exec-7] DEBUG o.s.security.web.FilterChainProxy - Securing GET /js/script.js
17:58:57.451 [https-jsse-nio-8443-exec-7] DEBUG o.s.s.w.a.c.ChannelProcessingFilter - Request: filter invocation [GET /js/script.js]; ConfigAttributes: [REQUIRES_SECURE_CHANNEL]
17:58:57.451 [https-jsse-nio-8443-exec-7] DEBUG o.s.security.web.FilterChainProxy - Secured GET /js/script.js
17:58:57.452 [https-jsse-nio-8443-exec-3] DEBUG o.s.s.w.c.HttpSessionSecurityContextRepository - Retrieved SecurityContextImpl [Authentication=UsernamePasswordAuthenticationToken [Principal=ir.model.entity.CustomUserDetails@6e02eb1e, Credentials=[PROTECTED], Authenticated=true, Details=WebAuthenticationDetails [RemoteIpAddress=0:0:0:0:0:0:0:1, SessionId=null], Granted Authorities=[BUILDING_DELETE, TICKET_EDIT, BUILDING_EDIT, BUILDING_CREATE, ROLE_ADMIN, TICKET_CREATE, TICKET_DELETE]]]
17:58:57.453 [https-jsse-nio-8443-exec-7] DEBUG o.s.s.w.c.HttpSessionSecurityContextRepository - Retrieved SecurityContextImpl [Authentication=UsernamePasswordAuthenticationToken [Principal=ir.model.entity.CustomUserDetails@6e02eb1e, Credentials=[PROTECTED], Authenticated=true, Details=WebAuthenticationDetails [RemoteIpAddress=0:0:0:0:0:0:0:1, SessionId=null], Granted Authorities=[BUILDING_DELETE, TICKET_EDIT, BUILDING_EDIT, BUILDING_CREATE, ROLE_ADMIN, TICKET_CREATE, TICKET_DELETE]]]
17:58:57.454 [https-jsse-nio-8443-exec-5] DEBUG o.s.security.web.FilterChainProxy - Securing GET /js/tickets-api.js
17:58:57.454 [https-jsse-nio-8443-exec-5] DEBUG o.s.s.w.a.c.ChannelProcessingFilter - Request: filter invocation [GET /js/tickets-api.js]; ConfigAttributes: [REQUIRES_SECURE_CHANNEL]
17:58:57.455 [https-jsse-nio-8443-exec-5] DEBUG o.s.security.web.FilterChainProxy - Secured GET /js/tickets-api.js
17:58:57.456 [https-jsse-nio-8443-exec-9] DEBUG o.s.s.w.c.HttpSessionSecurityContextRepository - Retrieved SecurityContextImpl [Authentication=UsernamePasswordAuthenticationToken [Principal=ir.model.entity.CustomUserDetails@6e02eb1e, Credentials=[PROTECTED], Authenticated=true, Details=WebAuthenticationDetails [RemoteIpAddress=0:0:0:0:0:0:0:1, SessionId=null], Granted Authorities=[BUILDING_DELETE, TICKET_EDIT, BUILDING_EDIT, BUILDING_CREATE, ROLE_ADMIN, TICKET_CREATE, TICKET_DELETE]]]
17:58:57.461 [https-jsse-nio-8443-exec-4] DEBUG o.s.s.w.c.HttpSessionSecurityContextRepository - Retrieved SecurityContextImpl [Authentication=UsernamePasswordAuthenticationToken [Principal=ir.model.entity.CustomUserDetails@6e02eb1e, Credentials=[PROTECTED], Authenticated=true, Details=WebAuthenticationDetails [RemoteIpAddress=0:0:0:0:0:0:0:1, SessionId=null], Granted Authorities=[BUILDING_DELETE, TICKET_EDIT, BUILDING_EDIT, BUILDING_CREATE, ROLE_ADMIN, TICKET_CREATE, TICKET_DELETE]]]
17:58:57.472 [https-jsse-nio-8443-exec-10] DEBUG o.s.s.w.c.HttpSessionSecurityContextRepository - Retrieved SecurityContextImpl [Authentication=UsernamePasswordAuthenticationToken [Principal=ir.model.entity.CustomUserDetails@6e02eb1e, Credentials=[PROTECTED], Authenticated=true, Details=WebAuthenticationDetails [RemoteIpAddress=0:0:0:0:0:0:0:1, SessionId=null], Granted Authorities=[BUILDING_DELETE, TICKET_EDIT, BUILDING_EDIT, BUILDING_CREATE, ROLE_ADMIN, TICKET_CREATE, TICKET_DELETE]]]
17:58:57.479 [https-jsse-nio-8443-exec-5] DEBUG o.s.s.w.c.HttpSessionSecurityContextRepository - Retrieved SecurityContextImpl [Authentication=UsernamePasswordAuthenticationToken [Principal=ir.model.entity.CustomUserDetails@6e02eb1e, Credentials=[PROTECTED], Authenticated=true, Details=WebAuthenticationDetails [RemoteIpAddress=0:0:0:0:0:0:0:1, SessionId=null], Granted Authorities=[BUILDING_DELETE, TICKET_EDIT, BUILDING_EDIT, BUILDING_CREATE, ROLE_ADMIN, TICKET_CREATE, TICKET_DELETE]]]
17:58:57.505 [https-jsse-nio-8443-exec-6] DEBUG o.s.security.web.FilterChainProxy - Securing GET /webfonts/fa-solid-900.woff2
17:58:57.505 [https-jsse-nio-8443-exec-6] DEBUG o.s.s.w.a.c.ChannelProcessingFilter - Request: filter invocation [GET /webfonts/fa-solid-900.woff2]; ConfigAttributes: [REQUIRES_SECURE_CHANNEL]
17:58:57.505 [https-jsse-nio-8443-exec-8] DEBUG o.s.security.web.FilterChainProxy - Securing GET /webfonts/fa-brands-400.woff2
17:58:57.506 [https-jsse-nio-8443-exec-8] DEBUG o.s.s.w.a.c.ChannelProcessingFilter - Request: filter invocation [GET /webfonts/fa-brands-400.woff2]; ConfigAttributes: [REQUIRES_SECURE_CHANNEL]
17:58:57.506 [https-jsse-nio-8443-exec-6] DEBUG o.s.s.w.c.HttpSessionSecurityContextRepository - Retrieved SecurityContextImpl [Authentication=UsernamePasswordAuthenticationToken [Principal=ir.model.entity.CustomUserDetails@6e02eb1e, Credentials=[PROTECTED], Authenticated=true, Details=WebAuthenticationDetails [RemoteIpAddress=0:0:0:0:0:0:0:1, SessionId=null], Granted Authorities=[BUILDING_DELETE, TICKET_EDIT, BUILDING_EDIT, BUILDING_CREATE, ROLE_ADMIN, TICKET_CREATE, TICKET_DELETE]]]
17:58:57.506 [https-jsse-nio-8443-exec-6] DEBUG o.s.security.web.FilterChainProxy - Secured GET /webfonts/fa-solid-900.woff2
17:58:57.506 [https-jsse-nio-8443-exec-8] DEBUG o.s.s.w.c.HttpSessionSecurityContextRepository - Retrieved SecurityContextImpl [Authentication=UsernamePasswordAuthenticationToken [Principal=ir.model.entity.CustomUserDetails@6e02eb1e, Credentials=[PROTECTED], Authenticated=true, Details=WebAuthenticationDetails [RemoteIpAddress=0:0:0:0:0:0:0:1, SessionId=null], Granted Authorities=[BUILDING_DELETE, TICKET_EDIT, BUILDING_EDIT, BUILDING_CREATE, ROLE_ADMIN, TICKET_CREATE, TICKET_DELETE]]]
17:58:57.506 [https-jsse-nio-8443-exec-8] DEBUG o.s.security.web.FilterChainProxy - Secured GET /webfonts/fa-brands-400.woff2
17:58:57.958 [https-jsse-nio-8443-exec-1] DEBUG o.s.s.w.c.HttpSessionSecurityContextRepository - Retrieved SecurityContextImpl [Authentication=UsernamePasswordAuthenticationToken [Principal=ir.model.entity.CustomUserDetails@6e02eb1e, Credentials=[PROTECTED], Authenticated=true, Details=WebAuthenticationDetails [RemoteIpAddress=0:0:0:0:0:0:0:1, SessionId=null], Granted Authorities=[BUILDING_DELETE, TICKET_EDIT, BUILDING_EDIT, BUILDING_CREATE, ROLE_ADMIN, TICKET_CREATE, TICKET_DELETE]]]
17:58:58.040 [https-jsse-nio-8443-exec-2] DEBUG o.s.security.web.FilterChainProxy - Securing GET /tickets?page=0&size=10&fragment=true
17:58:58.040 [https-jsse-nio-8443-exec-2] DEBUG o.s.s.w.a.c.ChannelProcessingFilter - Request: filter invocation [GET /tickets?page=0&size=10&fragment=true]; ConfigAttributes: [REQUIRES_SECURE_CHANNEL]
17:58:58.041 [https-jsse-nio-8443-exec-2] DEBUG o.s.s.w.c.HttpSessionSecurityContextRepository - Retrieved SecurityContextImpl [Authentication=UsernamePasswordAuthenticationToken [Principal=ir.model.entity.CustomUserDetails@6e02eb1e, Credentials=[PROTECTED], Authenticated=true, Details=WebAuthenticationDetails [RemoteIpAddress=0:0:0:0:0:0:0:1, SessionId=null], Granted Authorities=[BUILDING_DELETE, TICKET_EDIT, BUILDING_EDIT, BUILDING_CREATE, ROLE_ADMIN, TICKET_CREATE, TICKET_DELETE]]]
17:58:58.042 [https-jsse-nio-8443-exec-2] DEBUG o.s.security.web.FilterChainProxy - Secured GET /tickets?page=0&size=10&fragment=true
17:58:58.045 [https-jsse-nio-8443-exec-2] DEBUG org.hibernate.SQL - 
    /* <criteria> */ select
        t1_0.id,
        t1_0.customer,
        t1_0.date_time,
        t1_0.deleted,
        t1_0.score,
        t1_0.section_id,
        t1_0.status,
        t1_0.title 
    from
        ticket_tbl t1_0 
    where
        (
            t1_0.deleted = 0
        ) 
    order by
        t1_0.date_time,
        t1_0.date_time 
    fetch
        first ? rows only
17:58:58.046 [https-jsse-nio-8443-exec-2] TRACE org.hibernate.orm.jdbc.bind - binding parameter (1:INTEGER) <- [10]
17:58:58.047 [https-jsse-nio-8443-exec-2] TRACE org.hibernate.orm.jdbc.extract - extracted value (1:BIGINT) -> [1]
17:58:58.048 [https-jsse-nio-8443-exec-2] TRACE org.hibernate.orm.jdbc.extract - extracted value (2:VARCHAR) -> [hadan]
17:58:58.048 [https-jsse-nio-8443-exec-2] DEBUG org.hibernate.SQL - 
    select
        u1_0.username,
        u1_0.account_non_expired,
        u1_0.account_non_locked,
        u1_0.credentials_expiry_date,
        u1_0.credentials_non_expired,
        u1_0.deleted,
        u1_0.enabled,
        u1_0.password,
        rs1_0.username,
        rs1_1.name,
        rs1_1.deleted,
        ps1_0.role_name,
        ps1_1.id,
        ps1_1.deleted,
        ps1_1.permission 
    from
        user_tbl u1_0 
    left join
        (user_role_tbl rs1_0 
    join
        role_tbl rs1_1 
            on rs1_1.name=rs1_0.role_name) 
        on u1_0.username=rs1_0.username 
        and ( rs1_1.deleted = 0) 
    left join
        (role_permission_tbl ps1_0 
    join
        permission_tbl ps1_1 
            on ps1_1.id=ps1_0.permission) 
        on rs1_1.name=ps1_0.role_name 
        and ( ps1_1.deleted = 0) 
    where
        u1_0.username=? 
        and (
            u1_0.deleted = 0
        )
17:58:58.048 [https-jsse-nio-8443-exec-2] TRACE org.hibernate.orm.jdbc.bind - binding parameter (1:VARCHAR) <- [hadan]
17:58:58.049 [https-jsse-nio-8443-exec-2] TRACE org.hibernate.orm.jdbc.extract - extracted value (9:VARCHAR) -> [hadan]
17:58:58.050 [https-jsse-nio-8443-exec-2] TRACE org.hibernate.orm.jdbc.extract - extracted value (10:VARCHAR) -> [ROLE_CUSTOMER]
17:58:58.050 [https-jsse-nio-8443-exec-2] TRACE org.hibernate.orm.jdbc.extract - extracted value (12:VARCHAR) -> [ROLE_CUSTOMER]
17:58:58.050 [https-jsse-nio-8443-exec-2] TRACE org.hibernate.orm.jdbc.extract - extracted value (13:BIGINT) -> [1]
17:58:58.050 [https-jsse-nio-8443-exec-2] TRACE org.hibernate.orm.jdbc.extract - extracted value (14:BOOLEAN) -> [false]
17:58:58.050 [https-jsse-nio-8443-exec-2] TRACE org.hibernate.orm.jdbc.extract - extracted value (15:VARCHAR) -> [TICKET_CREATE]
17:58:58.050 [https-jsse-nio-8443-exec-2] TRACE org.hibernate.orm.jdbc.extract - extracted value (11:BOOLEAN) -> [false]
17:58:58.050 [https-jsse-nio-8443-exec-2] TRACE org.hibernate.orm.jdbc.extract - extracted value (2:BOOLEAN) -> [true]
17:58:58.050 [https-jsse-nio-8443-exec-2] TRACE org.hibernate.orm.jdbc.extract - extracted value (3:BOOLEAN) -> [true]
17:58:58.050 [https-jsse-nio-8443-exec-2] TRACE org.hibernate.orm.jdbc.extract - extracted value (4:TIMESTAMP) -> [2026-07-15T10:11:55.759022]
17:58:58.050 [https-jsse-nio-8443-exec-2] TRACE org.hibernate.orm.jdbc.extract - extracted value (5:BOOLEAN) -> [true]
17:58:58.050 [https-jsse-nio-8443-exec-2] TRACE org.hibernate.orm.jdbc.extract - extracted value (6:BOOLEAN) -> [false]
17:58:58.050 [https-jsse-nio-8443-exec-2] TRACE org.hibernate.orm.jdbc.extract - extracted value (7:BOOLEAN) -> [true]
17:58:58.050 [https-jsse-nio-8443-exec-2] TRACE org.hibernate.orm.jdbc.extract - extracted value (8:VARCHAR) -> [$2a$12$pGZHMXEgTAfgatCgqkj6uuOfHiTD7wYxADVoQrlWQtumAAqOwT71.]
17:58:58.051 [https-jsse-nio-8443-exec-2] TRACE org.hibernate.orm.jdbc.extract - extracted value (6:BIGINT) -> [3]
17:58:58.051 [https-jsse-nio-8443-exec-2] DEBUG org.hibernate.SQL - 
    select
        s1_0.id,
        s1_0.building_id,
        s1_0.deleted,
        ps1_0.id,
        ps1_0.building_id,
        ps1_0.deleted,
        ps1_0.parent_section_id,
        ps1_0.title,
        s1_0.title,
        csl1_0.parent_section_id,
        csl1_0.id,
        csl1_0.building_id,
        csl1_0.deleted,
        csl1_0.title 
    from
        section_table s1_0 
    left join
        section_table ps1_0 
            on ps1_0.id=s1_0.parent_section_id 
            and (ps1_0.deleted = 0) 
    left join
        section_table csl1_0 
            on s1_0.id=csl1_0.parent_section_id 
            and (csl1_0.deleted = 0) 
    where
        s1_0.id=? 
        and (
            s1_0.deleted = 0
        )
17:58:58.051 [https-jsse-nio-8443-exec-2] TRACE org.hibernate.orm.jdbc.bind - binding parameter (1:BIGINT) <- [3]
17:58:58.052 [https-jsse-nio-8443-exec-2] TRACE org.hibernate.orm.jdbc.extract - extracted value (10:BIGINT) -> [3]
17:58:58.052 [https-jsse-nio-8443-exec-2] TRACE org.hibernate.orm.jdbc.extract - extracted value (11:BIGINT) -> [4]
17:58:58.052 [https-jsse-nio-8443-exec-2] TRACE org.hibernate.orm.jdbc.extract - extracted value (4:BIGINT) -> [1]
17:58:58.052 [https-jsse-nio-8443-exec-2] TRACE org.hibernate.orm.jdbc.extract - extracted value (2:BIGINT) -> [null]
17:58:58.052 [https-jsse-nio-8443-exec-2] TRACE org.hibernate.orm.jdbc.extract - extracted value (12:BIGINT) -> [23]
17:58:58.053 [https-jsse-nio-8443-exec-2] TRACE org.hibernate.orm.jdbc.extract - extracted value (5:BIGINT) -> [54]
17:58:58.053 [https-jsse-nio-8443-exec-2] TRACE org.hibernate.orm.jdbc.extract - extracted value (7:BIGINT) -> [null]
17:58:58.053 [https-jsse-nio-8443-exec-2] TRACE org.hibernate.orm.jdbc.extract - extracted value (13:BOOLEAN) -> [false]
17:58:58.053 [https-jsse-nio-8443-exec-2] TRACE org.hibernate.orm.jdbc.extract - extracted value (14:VARCHAR) -> [BUS]
17:58:58.053 [https-jsse-nio-8443-exec-2] TRACE org.hibernate.orm.jdbc.extract - extracted value (6:BOOLEAN) -> [false]
17:58:58.053 [https-jsse-nio-8443-exec-2] TRACE org.hibernate.orm.jdbc.extract - extracted value (8:VARCHAR) -> [MAIN SECTION]
17:58:58.053 [https-jsse-nio-8443-exec-2] TRACE org.hibernate.orm.jdbc.extract - extracted value (3:BOOLEAN) -> [false]
17:58:58.053 [https-jsse-nio-8443-exec-2] TRACE org.hibernate.orm.jdbc.extract - extracted value (9:VARCHAR) -> [TRANSPORT]
17:58:58.053 [https-jsse-nio-8443-exec-2] TRACE org.hibernate.orm.jdbc.extract - extracted value (11:BIGINT) -> [5]
17:58:58.053 [https-jsse-nio-8443-exec-2] TRACE org.hibernate.orm.jdbc.extract - extracted value (12:BIGINT) -> [null]
17:58:58.053 [https-jsse-nio-8443-exec-2] TRACE org.hibernate.orm.jdbc.extract - extracted value (13:BOOLEAN) -> [false]
17:58:58.053 [https-jsse-nio-8443-exec-2] TRACE org.hibernate.orm.jdbc.extract - extracted value (14:VARCHAR) -> [TAXI]
17:58:58.054 [https-jsse-nio-8443-exec-2] TRACE org.hibernate.orm.jdbc.extract - extracted value (11:BIGINT) -> [21]
17:58:58.054 [https-jsse-nio-8443-exec-2] TRACE org.hibernate.orm.jdbc.extract - extracted value (12:BIGINT) -> [null]
17:58:58.054 [https-jsse-nio-8443-exec-2] TRACE org.hibernate.orm.jdbc.extract - extracted value (13:BOOLEAN) -> [false]
17:58:58.054 [https-jsse-nio-8443-exec-2] TRACE org.hibernate.orm.jdbc.extract - extracted value (14:VARCHAR) -> [TEST B]
17:58:58.054 [https-jsse-nio-8443-exec-2] TRACE org.hibernate.orm.jdbc.extract - extracted value (3:TIMESTAMP) -> [2026-01-19T10:41:35.312182]
17:58:58.054 [https-jsse-nio-8443-exec-2] TRACE org.hibernate.orm.jdbc.extract - extracted value (4:BOOLEAN) -> [false]
17:58:58.054 [https-jsse-nio-8443-exec-2] TRACE org.hibernate.orm.jdbc.extract - extracted value (5:INTEGER) -> [null]
17:58:58.055 [https-jsse-nio-8443-exec-2] TRACE org.hibernate.orm.jdbc.extract - extracted value (7:TINYINT) -> [Closed]
17:58:58.055 [https-jsse-nio-8443-exec-2] TRACE org.hibernate.orm.jdbc.extract - extracted value (8:VARCHAR) -> [first ticket]
17:58:58.055 [https-jsse-nio-8443-exec-2] TRACE org.hibernate.orm.jdbc.extract - extracted value (1:BIGINT) -> [2]
17:58:58.055 [https-jsse-nio-8443-exec-2] TRACE org.hibernate.orm.jdbc.extract - extracted value (2:VARCHAR) -> [ali]
17:58:58.055 [https-jsse-nio-8443-exec-2] DEBUG org.hibernate.SQL - 
    select
        u1_0.username,
        u1_0.account_non_expired,
        u1_0.account_non_locked,
        u1_0.credentials_expiry_date,
        u1_0.credentials_non_expired,
        u1_0.deleted,
        u1_0.enabled,
        u1_0.password,
        rs1_0.username,
        rs1_1.name,
        rs1_1.deleted,
        ps1_0.role_name,
        ps1_1.id,
        ps1_1.deleted,
        ps1_1.permission 
    from
        user_tbl u1_0 
    left join
        (user_role_tbl rs1_0 
    join
        role_tbl rs1_1 
            on rs1_1.name=rs1_0.role_name) 
        on u1_0.username=rs1_0.username 
        and ( rs1_1.deleted = 0) 
    left join
        (role_permission_tbl ps1_0 
    join
        permission_tbl ps1_1 
            on ps1_1.id=ps1_0.permission) 
        on rs1_1.name=ps1_0.role_name 
        and ( ps1_1.deleted = 0) 
    where
        u1_0.username=? 
        and (
            u1_0.deleted = 0
        )
17:58:58.055 [https-jsse-nio-8443-exec-2] TRACE org.hibernate.orm.jdbc.bind - binding parameter (1:VARCHAR) <- [ali]
17:58:58.056 [https-jsse-nio-8443-exec-2] TRACE org.hibernate.orm.jdbc.extract - extracted value (9:VARCHAR) -> [ali]
17:58:58.056 [https-jsse-nio-8443-exec-2] TRACE org.hibernate.orm.jdbc.extract - extracted value (10:VARCHAR) -> [ROLE_ADMIN]
17:58:58.056 [https-jsse-nio-8443-exec-2] TRACE org.hibernate.orm.jdbc.extract - extracted value (12:VARCHAR) -> [ROLE_ADMIN]
17:58:58.056 [https-jsse-nio-8443-exec-2] TRACE org.hibernate.orm.jdbc.extract - extracted value (13:BIGINT) -> [21]
17:58:58.056 [https-jsse-nio-8443-exec-2] TRACE org.hibernate.orm.jdbc.extract - extracted value (14:BOOLEAN) -> [false]
17:58:58.056 [https-jsse-nio-8443-exec-2] TRACE org.hibernate.orm.jdbc.extract - extracted value (15:VARCHAR) -> [BUILDING_DELETE]
17:58:58.056 [https-jsse-nio-8443-exec-2] TRACE org.hibernate.orm.jdbc.extract - extracted value (11:BOOLEAN) -> [false]
17:58:58.057 [https-jsse-nio-8443-exec-2] TRACE org.hibernate.orm.jdbc.extract - extracted value (2:BOOLEAN) -> [true]
17:58:58.057 [https-jsse-nio-8443-exec-2] TRACE org.hibernate.orm.jdbc.extract - extracted value (3:BOOLEAN) -> [true]
17:58:58.057 [https-jsse-nio-8443-exec-2] TRACE org.hibernate.orm.jdbc.extract - extracted value (4:TIMESTAMP) -> [2026-05-30T21:30:53.300956]
17:58:58.057 [https-jsse-nio-8443-exec-2] TRACE org.hibernate.orm.jdbc.extract - extracted value (5:BOOLEAN) -> [true]
17:58:58.057 [https-jsse-nio-8443-exec-2] TRACE org.hibernate.orm.jdbc.extract - extracted value (6:BOOLEAN) -> [false]
17:58:58.057 [https-jsse-nio-8443-exec-2] TRACE org.hibernate.orm.jdbc.extract - extracted value (7:BOOLEAN) -> [true]
17:58:58.057 [https-jsse-nio-8443-exec-2] TRACE org.hibernate.orm.jdbc.extract - extracted value (8:VARCHAR) -> [$2a$12$JRWydGv3q.xLuqLZANLEuO38Y8584BP1ABWUffjm8Da5MxgZ0fC8i]
17:58:58.057 [https-jsse-nio-8443-exec-2] TRACE org.hibernate.orm.jdbc.extract - extracted value (10:VARCHAR) -> [ROLE_ADMIN]
17:58:58.057 [https-jsse-nio-8443-exec-2] TRACE org.hibernate.orm.jdbc.extract - extracted value (13:BIGINT) -> [22]
17:58:58.059 [https-jsse-nio-8443-exec-2] TRACE org.hibernate.orm.jdbc.extract - extracted value (14:BOOLEAN) -> [false]
17:58:58.059 [https-jsse-nio-8443-exec-2] TRACE org.hibernate.orm.jdbc.extract - extracted value (15:VARCHAR) -> [BUILDING_EDIT]
17:58:58.059 [https-jsse-nio-8443-exec-2] TRACE org.hibernate.orm.jdbc.extract - extracted value (10:VARCHAR) -> [ROLE_ADMIN]
17:58:58.059 [https-jsse-nio-8443-exec-2] TRACE org.hibernate.orm.jdbc.extract - extracted value (13:BIGINT) -> [1]
17:58:58.060 [https-jsse-nio-8443-exec-2] TRACE org.hibernate.orm.jdbc.extract - extracted value (10:VARCHAR) -> [ROLE_ADMIN]
17:58:58.060 [https-jsse-nio-8443-exec-2] TRACE org.hibernate.orm.jdbc.extract - extracted value (13:BIGINT) -> [2]
17:58:58.060 [https-jsse-nio-8443-exec-2] TRACE org.hibernate.orm.jdbc.extract - extracted value (14:BOOLEAN) -> [false]
17:58:58.060 [https-jsse-nio-8443-exec-2] TRACE org.hibernate.orm.jdbc.extract - extracted value (15:VARCHAR) -> [TICKET_DELETE]
17:58:58.060 [https-jsse-nio-8443-exec-2] TRACE org.hibernate.orm.jdbc.extract - extracted value (10:VARCHAR) -> [ROLE_ADMIN]
17:58:58.060 [https-jsse-nio-8443-exec-2] TRACE org.hibernate.orm.jdbc.extract - extracted value (13:BIGINT) -> [3]
17:58:58.060 [https-jsse-nio-8443-exec-2] TRACE org.hibernate.orm.jdbc.extract - extracted value (14:BOOLEAN) -> [false]
17:58:58.060 [https-jsse-nio-8443-exec-2] TRACE org.hibernate.orm.jdbc.extract - extracted value (15:VARCHAR) -> [TICKET_EDIT]
17:58:58.060 [https-jsse-nio-8443-exec-2] TRACE org.hibernate.orm.jdbc.extract - extracted value (10:VARCHAR) -> [ROLE_ADMIN]
17:58:58.060 [https-jsse-nio-8443-exec-2] TRACE org.hibernate.orm.jdbc.extract - extracted value (13:BIGINT) -> [4]
17:58:58.060 [https-jsse-nio-8443-exec-2] TRACE org.hibernate.orm.jdbc.extract - extracted value (14:BOOLEAN) -> [false]
17:58:58.060 [https-jsse-nio-8443-exec-2] TRACE org.hibernate.orm.jdbc.extract - extracted value (15:VARCHAR) -> [BUILDING_CREATE]
17:58:58.060 [https-jsse-nio-8443-exec-2] TRACE org.hibernate.orm.jdbc.extract - extracted value (6:BIGINT) -> [5]
17:58:58.060 [https-jsse-nio-8443-exec-2] TRACE org.hibernate.orm.jdbc.extract - extracted value (3:TIMESTAMP) -> [2026-01-20T23:15:43.324293]
17:58:58.060 [https-jsse-nio-8443-exec-2] TRACE org.hibernate.orm.jdbc.extract - extracted value (4:BOOLEAN) -> [false]
17:58:58.060 [https-jsse-nio-8443-exec-2] TRACE org.hibernate.orm.jdbc.extract - extracted value (5:INTEGER) -> [null]
17:58:58.060 [https-jsse-nio-8443-exec-2] TRACE org.hibernate.orm.jdbc.extract - extracted value (7:TINYINT) -> [Closed]
17:58:58.060 [https-jsse-nio-8443-exec-2] TRACE org.hibernate.orm.jdbc.extract - extracted value (8:VARCHAR) -> [test 2]
17:58:58.060 [https-jsse-nio-8443-exec-2] DEBUG org.hibernate.SQL - 
    select
        csl1_0.parent_section_id,
        csl1_0.id,
        csl1_0.building_id,
        csl1_0.deleted,
        csl1_0.title 
    from
        section_table csl1_0 
    where
        csl1_0.parent_section_id=? 
        and (
            csl1_0.deleted = 0
        )
17:58:58.061 [https-jsse-nio-8443-exec-2] TRACE org.hibernate.orm.jdbc.bind - binding parameter (1:BIGINT) <- [21]
17:58:58.061 [https-jsse-nio-8443-exec-2] DEBUG org.hibernate.SQL - 
    select
        csl1_0.parent_section_id,
        csl1_0.id,
        csl1_0.building_id,
        csl1_0.deleted,
        csl1_0.title 
    from
        section_table csl1_0 
    where
        csl1_0.parent_section_id=? 
        and (
            csl1_0.deleted = 0
        )
17:58:58.062 [https-jsse-nio-8443-exec-2] TRACE org.hibernate.orm.jdbc.bind - binding parameter (1:BIGINT) <- [5]
17:58:58.062 [https-jsse-nio-8443-exec-2] DEBUG org.hibernate.SQL - 
    select
        csl1_0.parent_section_id,
        csl1_0.id,
        csl1_0.building_id,
        csl1_0.deleted,
        csl1_0.title 
    from
        section_table csl1_0 
    where
        csl1_0.parent_section_id=? 
        and (
            csl1_0.deleted = 0
        )
17:58:58.062 [https-jsse-nio-8443-exec-2] TRACE org.hibernate.orm.jdbc.bind - binding parameter (1:BIGINT) <- [1]
17:58:58.063 [https-jsse-nio-8443-exec-2] TRACE org.hibernate.orm.jdbc.extract - extracted value (1:BIGINT) -> [1]
17:58:58.063 [https-jsse-nio-8443-exec-2] TRACE org.hibernate.orm.jdbc.extract - extracted value (2:BIGINT) -> [2]
17:58:58.063 [https-jsse-nio-8443-exec-2] TRACE org.hibernate.orm.jdbc.extract - extracted value (3:BIGINT) -> [23]
17:58:58.063 [https-jsse-nio-8443-exec-2] TRACE org.hibernate.orm.jdbc.extract - extracted value (4:BOOLEAN) -> [false]
17:58:58.063 [https-jsse-nio-8443-exec-2] TRACE org.hibernate.orm.jdbc.extract - extracted value (5:VARCHAR) -> [HSE]
17:58:58.063 [https-jsse-nio-8443-exec-2] TRACE org.hibernate.orm.jdbc.extract - extracted value (1:BIGINT) -> [1]
17:58:58.063 [https-jsse-nio-8443-exec-2] TRACE org.hibernate.orm.jdbc.extract - extracted value (2:BIGINT) -> [3]
17:58:58.063 [https-jsse-nio-8443-exec-2] DEBUG org.hibernate.SQL - 
    select
        csl1_0.parent_section_id,
        csl1_0.id,
        csl1_0.building_id,
        csl1_0.deleted,
        csl1_0.title 
    from
        section_table csl1_0 
    where
        csl1_0.parent_section_id=? 
        and (
            csl1_0.deleted = 0
        )
17:58:58.063 [https-jsse-nio-8443-exec-2] TRACE org.hibernate.orm.jdbc.bind - binding parameter (1:BIGINT) <- [2]
17:58:58.064 [https-jsse-nio-8443-exec-2] DEBUG org.hibernate.SQL - 
    select
        csl1_0.parent_section_id,
        csl1_0.id,
        csl1_0.building_id,
        csl1_0.deleted,
        csl1_0.title 
    from
        section_table csl1_0 
    where
        csl1_0.parent_section_id=? 
        and (
            csl1_0.deleted = 0
        )
17:58:58.064 [https-jsse-nio-8443-exec-2] TRACE org.hibernate.orm.jdbc.bind - binding parameter (1:BIGINT) <- [4]
17:58:58.064 [https-jsse-nio-8443-exec-2] TRACE o.s.c.interceptor.CacheInterceptor - Computed cache key 'SimpleKey []' for operation Builder[public java.util.List ir.service.impl.SectionServiceImpl.findAllForFilter()] caches=[sectionsFilter] | key='' | keyGenerator='' | cacheManager='' | cacheResolver='' | condition='' | unless='' | sync='false'
17:58:58.065 [https-jsse-nio-8443-exec-2] TRACE o.s.c.interceptor.CacheInterceptor - Cache entry for key 'SimpleKey []' found in cache(s) [sectionsFilter]
17:58:58.065 [https-jsse-nio-8443-exec-2] INFO  i.c.exception.ResponseAspect - Web Controller: showAllTickets
17:58:58.483 [https-jsse-nio-8443-exec-3] DEBUG o.s.security.web.FilterChainProxy - Securing GET /tickets/1
17:58:58.484 [https-jsse-nio-8443-exec-3] DEBUG o.s.s.w.a.c.ChannelProcessingFilter - Request: filter invocation [GET /tickets/1]; ConfigAttributes: [REQUIRES_SECURE_CHANNEL]
17:58:58.484 [https-jsse-nio-8443-exec-3] DEBUG o.s.s.w.c.HttpSessionSecurityContextRepository - Retrieved SecurityContextImpl [Authentication=UsernamePasswordAuthenticationToken [Principal=ir.model.entity.CustomUserDetails@6e02eb1e, Credentials=[PROTECTED], Authenticated=true, Details=WebAuthenticationDetails [RemoteIpAddress=0:0:0:0:0:0:0:1, SessionId=null], Granted Authorities=[BUILDING_DELETE, TICKET_EDIT, BUILDING_EDIT, BUILDING_CREATE, ROLE_ADMIN, TICKET_CREATE, TICKET_DELETE]]]
17:58:58.485 [https-jsse-nio-8443-exec-3] DEBUG o.s.security.web.FilterChainProxy - Secured GET /tickets/1
17:58:58.486 [https-jsse-nio-8443-exec-3] DEBUG o.s.jdbc.datasource.DataSourceUtils - Setting JDBC Connection [HikariProxyConnection@2067909513 wrapping oracle.jdbc.driver.T4CConnection@1c3b0aa] read-only
17:58:58.486 [https-jsse-nio-8443-exec-3] DEBUG o.h.e.t.internal.TransactionImpl - On TransactionImpl creation, JpaCompliance#isJpaTransactionComplianceEnabled == false
17:58:58.486 [https-jsse-nio-8443-exec-3] DEBUG o.h.e.t.internal.TransactionImpl - begin
17:58:58.488 [https-jsse-nio-8443-exec-3] DEBUG org.hibernate.SQL - 
    select
        t1_0.id,
        c1_0.username,
        c1_0.account_non_expired,
        c1_0.account_non_locked,
        c1_0.credentials_expiry_date,
        c1_0.credentials_non_expired,
        c1_0.deleted,
        c1_0.enabled,
        c1_0.password,
        rs1_0.username,
        rs1_1.name,
        rs1_1.deleted,
        ps1_0.role_name,
        ps1_1.id,
        ps1_1.deleted,
        ps1_1.permission,
        t1_0.date_time,
        t1_0.deleted,
        t1_0.score,
        s1_0.id,
        s1_0.building_id,
        s1_0.deleted,
        ps2_0.id,
        ps2_0.building_id,
        ps2_0.deleted,
        ps2_0.parent_section_id,
        ps2_0.title,
        s1_0.title,
        t1_0.status,
        t1_0.title 
    from
        ticket_tbl t1_0 
    left join
        user_tbl c1_0 
            on c1_0.username=t1_0.customer 
            and (c1_0.deleted = 0) 
    left join
        (user_role_tbl rs1_0 
    join
        role_tbl rs1_1 
            on rs1_1.name=rs1_0.role_name) 
        on c1_0.username=rs1_0.username 
        and ( rs1_1.deleted = 0) 
    left join
        (role_permission_tbl ps1_0 
    join
        permission_tbl ps1_1 
            on ps1_1.id=ps1_0.permission) 
        on rs1_1.name=ps1_0.role_name 
        and ( ps1_1.deleted = 0) 
    left join
        section_table s1_0 
            on s1_0.id=t1_0.section_id 
            and (s1_0.deleted = 0) 
    left join
        section_table ps2_0 
            on ps2_0.id=s1_0.parent_section_id 
            and (ps2_0.deleted = 0) 
    where
        t1_0.id=? 
        and (
            t1_0.deleted = 0
        )
17:58:58.488 [https-jsse-nio-8443-exec-3] TRACE org.hibernate.orm.jdbc.bind - binding parameter (1:BIGINT) <- [1]
17:58:58.503 [https-jsse-nio-8443-exec-3] TRACE org.hibernate.orm.jdbc.extract - extracted value (2:VARCHAR) -> [hadan]
17:58:58.503 [https-jsse-nio-8443-exec-3] TRACE org.hibernate.orm.jdbc.extract - extracted value (10:VARCHAR) -> [hadan]
17:58:58.503 [https-jsse-nio-8443-exec-3] TRACE org.hibernate.orm.jdbc.extract - extracted value (11:VARCHAR) -> [ROLE_CUSTOMER]
17:58:58.503 [https-jsse-nio-8443-exec-3] TRACE org.hibernate.orm.jdbc.extract - extracted value (13:VARCHAR) -> [ROLE_CUSTOMER]
17:58:58.503 [https-jsse-nio-8443-exec-3] TRACE org.hibernate.orm.jdbc.extract - extracted value (14:BIGINT) -> [1]
17:58:58.503 [https-jsse-nio-8443-exec-3] TRACE org.hibernate.orm.jdbc.extract - extracted value (20:BIGINT) -> [3]
17:58:58.503 [https-jsse-nio-8443-exec-3] TRACE org.hibernate.orm.jdbc.extract - extracted value (23:BIGINT) -> [1]
17:58:58.503 [https-jsse-nio-8443-exec-3] TRACE org.hibernate.orm.jdbc.extract - extracted value (21:BIGINT) -> [null]
17:58:58.503 [https-jsse-nio-8443-exec-3] TRACE org.hibernate.orm.jdbc.extract - extracted value (24:BIGINT) -> [54]
17:58:58.504 [https-jsse-nio-8443-exec-3] TRACE org.hibernate.orm.jdbc.extract - extracted value (26:BIGINT) -> [null]
17:58:58.504 [https-jsse-nio-8443-exec-3] TRACE org.hibernate.orm.jdbc.extract - extracted value (15:BOOLEAN) -> [false]
17:58:58.504 [https-jsse-nio-8443-exec-3] TRACE org.hibernate.orm.jdbc.extract - extracted value (16:VARCHAR) -> [TICKET_CREATE]
17:58:58.504 [https-jsse-nio-8443-exec-3] TRACE org.hibernate.orm.jdbc.extract - extracted value (12:BOOLEAN) -> [false]
17:58:58.504 [https-jsse-nio-8443-exec-3] TRACE org.hibernate.orm.jdbc.extract - extracted value (3:BOOLEAN) -> [true]
17:58:58.504 [https-jsse-nio-8443-exec-3] TRACE org.hibernate.orm.jdbc.extract - extracted value (4:BOOLEAN) -> [true]
17:58:58.504 [https-jsse-nio-8443-exec-3] TRACE org.hibernate.orm.jdbc.extract - extracted value (5:TIMESTAMP) -> [2026-07-15T10:11:55.759022]
17:58:58.504 [https-jsse-nio-8443-exec-3] TRACE org.hibernate.orm.jdbc.extract - extracted value (6:BOOLEAN) -> [true]
17:58:58.504 [https-jsse-nio-8443-exec-3] TRACE org.hibernate.orm.jdbc.extract - extracted value (7:BOOLEAN) -> [false]
17:58:58.504 [https-jsse-nio-8443-exec-3] TRACE org.hibernate.orm.jdbc.extract - extracted value (8:BOOLEAN) -> [true]
17:58:58.504 [https-jsse-nio-8443-exec-3] TRACE org.hibernate.orm.jdbc.extract - extracted value (9:VARCHAR) -> [$2a$12$pGZHMXEgTAfgatCgqkj6uuOfHiTD7wYxADVoQrlWQtumAAqOwT71.]
17:58:58.504 [https-jsse-nio-8443-exec-3] TRACE org.hibernate.orm.jdbc.extract - extracted value (25:BOOLEAN) -> [false]
17:58:58.504 [https-jsse-nio-8443-exec-3] TRACE org.hibernate.orm.jdbc.extract - extracted value (27:VARCHAR) -> [MAIN SECTION]
17:58:58.504 [https-jsse-nio-8443-exec-3] TRACE org.hibernate.orm.jdbc.extract - extracted value (22:BOOLEAN) -> [false]
17:58:58.504 [https-jsse-nio-8443-exec-3] TRACE org.hibernate.orm.jdbc.extract - extracted value (28:VARCHAR) -> [TRANSPORT]
17:58:58.504 [https-jsse-nio-8443-exec-3] TRACE org.hibernate.orm.jdbc.extract - extracted value (17:TIMESTAMP) -> [2026-01-19T10:41:35.312182]
17:58:58.504 [https-jsse-nio-8443-exec-3] TRACE org.hibernate.orm.jdbc.extract - extracted value (18:BOOLEAN) -> [false]
17:58:58.504 [https-jsse-nio-8443-exec-3] TRACE org.hibernate.orm.jdbc.extract - extracted value (19:INTEGER) -> [null]
17:58:58.504 [https-jsse-nio-8443-exec-3] TRACE org.hibernate.orm.jdbc.extract - extracted value (29:TINYINT) -> [Closed]
17:58:58.504 [https-jsse-nio-8443-exec-3] TRACE org.hibernate.orm.jdbc.extract - extracted value (30:VARCHAR) -> [first ticket]
17:58:58.505 [https-jsse-nio-8443-exec-3] DEBUG org.hibernate.SQL - 
    select
        csl1_0.parent_section_id,
        csl1_0.id,
        csl1_0.building_id,
        csl1_0.deleted,
        csl1_0.title 
    from
        section_table csl1_0 
    where
        csl1_0.parent_section_id=? 
        and (
            csl1_0.deleted = 0
        )
17:58:58.505 [https-jsse-nio-8443-exec-3] TRACE org.hibernate.orm.jdbc.bind - binding parameter (1:BIGINT) <- [1]
17:58:58.506 [https-jsse-nio-8443-exec-3] TRACE org.hibernate.orm.jdbc.extract - extracted value (1:BIGINT) -> [1]
17:58:58.506 [https-jsse-nio-8443-exec-3] TRACE org.hibernate.orm.jdbc.extract - extracted value (2:BIGINT) -> [2]
17:58:58.506 [https-jsse-nio-8443-exec-3] TRACE org.hibernate.orm.jdbc.extract - extracted value (3:BIGINT) -> [23]
17:58:58.506 [https-jsse-nio-8443-exec-3] TRACE org.hibernate.orm.jdbc.extract - extracted value (4:BOOLEAN) -> [false]
17:58:58.506 [https-jsse-nio-8443-exec-3] TRACE org.hibernate.orm.jdbc.extract - extracted value (5:VARCHAR) -> [HSE]
17:58:58.506 [https-jsse-nio-8443-exec-3] TRACE org.hibernate.orm.jdbc.extract - extracted value (1:BIGINT) -> [1]
17:58:58.506 [https-jsse-nio-8443-exec-3] TRACE org.hibernate.orm.jdbc.extract - extracted value (2:BIGINT) -> [3]
17:58:58.506 [https-jsse-nio-8443-exec-3] DEBUG org.hibernate.SQL - 
    select
        csl1_0.parent_section_id,
        csl1_0.id,
        csl1_0.building_id,
        csl1_0.deleted,
        csl1_0.title 
    from
        section_table csl1_0 
    where
        csl1_0.parent_section_id=? 
        and (
            csl1_0.deleted = 0
        )
17:58:58.506 [https-jsse-nio-8443-exec-3] TRACE org.hibernate.orm.jdbc.bind - binding parameter (1:BIGINT) <- [3]
17:58:58.507 [https-jsse-nio-8443-exec-3] TRACE org.hibernate.orm.jdbc.extract - extracted value (1:BIGINT) -> [3]
17:58:58.507 [https-jsse-nio-8443-exec-3] TRACE org.hibernate.orm.jdbc.extract - extracted value (2:BIGINT) -> [4]
17:58:58.507 [https-jsse-nio-8443-exec-3] TRACE org.hibernate.orm.jdbc.extract - extracted value (3:BIGINT) -> [23]
17:58:58.507 [https-jsse-nio-8443-exec-3] TRACE org.hibernate.orm.jdbc.extract - extracted value (4:BOOLEAN) -> [false]
17:58:58.507 [https-jsse-nio-8443-exec-3] TRACE org.hibernate.orm.jdbc.extract - extracted value (5:VARCHAR) -> [BUS]
17:58:58.507 [https-jsse-nio-8443-exec-3] TRACE org.hibernate.orm.jdbc.extract - extracted value (1:BIGINT) -> [3]
17:58:58.507 [https-jsse-nio-8443-exec-3] TRACE org.hibernate.orm.jdbc.extract - extracted value (2:BIGINT) -> [5]
17:58:58.507 [https-jsse-nio-8443-exec-3] TRACE org.hibernate.orm.jdbc.extract - extracted value (3:BIGINT) -> [null]
17:58:58.507 [https-jsse-nio-8443-exec-3] TRACE org.hibernate.orm.jdbc.extract - extracted value (4:BOOLEAN) -> [false]
17:58:58.507 [https-jsse-nio-8443-exec-3] TRACE org.hibernate.orm.jdbc.extract - extracted value (5:VARCHAR) -> [TAXI]
17:58:58.507 [https-jsse-nio-8443-exec-3] TRACE org.hibernate.orm.jdbc.extract - extracted value (1:BIGINT) -> [3]
17:58:58.507 [https-jsse-nio-8443-exec-3] TRACE org.hibernate.orm.jdbc.extract - extracted value (2:BIGINT) -> [21]
17:58:58.507 [https-jsse-nio-8443-exec-3] TRACE org.hibernate.orm.jdbc.extract - extracted value (3:BIGINT) -> [null]
17:58:58.507 [https-jsse-nio-8443-exec-3] TRACE org.hibernate.orm.jdbc.extract - extracted value (4:BOOLEAN) -> [false]
17:58:58.507 [https-jsse-nio-8443-exec-3] TRACE org.hibernate.orm.jdbc.extract - extracted value (5:VARCHAR) -> [TEST B]
17:58:58.507 [https-jsse-nio-8443-exec-3] DEBUG org.hibernate.SQL - 
    select
        csl1_0.parent_section_id,
        csl1_0.id,
        csl1_0.building_id,
        csl1_0.deleted,
        csl1_0.title 
    from
        section_table csl1_0 
    where
        csl1_0.parent_section_id=? 
        and (
            csl1_0.deleted = 0
        )
17:58:58.507 [https-jsse-nio-8443-exec-3] TRACE org.hibernate.orm.jdbc.bind - binding parameter (1:BIGINT) <- [21]
17:58:58.508 [https-jsse-nio-8443-exec-3] DEBUG org.hibernate.SQL - 
    select
        csl1_0.parent_section_id,
        csl1_0.id,
        csl1_0.building_id,
        csl1_0.deleted,
        csl1_0.title 
    from
        section_table csl1_0 
    where
        csl1_0.parent_section_id=? 
        and (
            csl1_0.deleted = 0
        )
17:58:58.508 [https-jsse-nio-8443-exec-3] TRACE org.hibernate.orm.jdbc.bind - binding parameter (1:BIGINT) <- [5]
17:58:58.509 [https-jsse-nio-8443-exec-3] DEBUG org.hibernate.SQL - 
    select
        csl1_0.parent_section_id,
        csl1_0.id,
        csl1_0.building_id,
        csl1_0.deleted,
        csl1_0.title 
    from
        section_table csl1_0 
    where
        csl1_0.parent_section_id=? 
        and (
            csl1_0.deleted = 0
        )
17:58:58.509 [https-jsse-nio-8443-exec-3] TRACE org.hibernate.orm.jdbc.bind - binding parameter (1:BIGINT) <- [4]
17:58:58.509 [https-jsse-nio-8443-exec-3] DEBUG org.hibernate.SQL - 
    select
        csl1_0.parent_section_id,
        csl1_0.id,
        csl1_0.building_id,
        csl1_0.deleted,
        csl1_0.title 
    from
        section_table csl1_0 
    where
        csl1_0.parent_section_id=? 
        and (
            csl1_0.deleted = 0
        )
17:58:58.509 [https-jsse-nio-8443-exec-3] TRACE org.hibernate.orm.jdbc.bind - binding parameter (1:BIGINT) <- [2]
17:58:58.511 [https-jsse-nio-8443-exec-3] DEBUG o.h.e.t.internal.TransactionImpl - committing
17:58:58.511 [https-jsse-nio-8443-exec-3] DEBUG o.s.jdbc.datasource.DataSourceUtils - Resetting read-only flag of JDBC Connection [HikariProxyConnection@2067909513 wrapping oracle.jdbc.driver.T4CConnection@1c3b0aa]
17:58:58.512 [https-jsse-nio-8443-exec-3] DEBUG org.hibernate.SQL - 
    /* <criteria> */ select
        m1_0.id,
        m1_0.content,
        m1_0.date_time,
        m1_0.deleted,
        m1_0.sender_role_name,
        m1_0.sender_username,
        m1_0.ticket_id 
    from
        message_tbl m1_0 
    where
        (
            m1_0.deleted = 0
        ) 
        and m1_0.ticket_id=? 
    order by
        m1_0.date_time
17:58:58.512 [https-jsse-nio-8443-exec-3] TRACE org.hibernate.orm.jdbc.bind - binding parameter (1:BIGINT) <- [1]
17:58:58.514 [https-jsse-nio-8443-exec-3] TRACE org.hibernate.orm.jdbc.extract - extracted value (1:BIGINT) -> [1]
17:58:58.514 [https-jsse-nio-8443-exec-3] TRACE org.hibernate.orm.jdbc.extract - extracted value (2:VARCHAR) -> [با سلام]
17:58:58.514 [https-jsse-nio-8443-exec-3] TRACE org.hibernate.orm.jdbc.extract - extracted value (3:TIMESTAMP) -> [2026-01-19T10:41:35.324782]
17:58:58.514 [https-jsse-nio-8443-exec-3] TRACE org.hibernate.orm.jdbc.extract - extracted value (4:BOOLEAN) -> [false]
17:58:58.514 [https-jsse-nio-8443-exec-3] TRACE org.hibernate.orm.jdbc.extract - extracted value (5:VARCHAR) -> [ROLE_CUSTOMER]
17:58:58.514 [https-jsse-nio-8443-exec-3] TRACE org.hibernate.orm.jdbc.extract - extracted value (6:VARCHAR) -> [hadan]
17:58:58.514 [https-jsse-nio-8443-exec-3] TRACE org.hibernate.orm.jdbc.extract - extracted value (7:BIGINT) -> [1]
17:58:58.515 [https-jsse-nio-8443-exec-3] TRACE org.hibernate.orm.jdbc.extract - extracted value (1:BIGINT) -> [2]
17:58:58.515 [https-jsse-nio-8443-exec-3] TRACE org.hibernate.orm.jdbc.extract - extracted value (2:VARCHAR) -> [null]
17:58:58.515 [https-jsse-nio-8443-exec-3] TRACE org.hibernate.orm.jdbc.extract - extracted value (3:TIMESTAMP) -> [2026-01-19T10:41:46.827994]
17:58:58.515 [https-jsse-nio-8443-exec-3] TRACE org.hibernate.orm.jdbc.extract - extracted value (4:BOOLEAN) -> [false]
17:58:58.515 [https-jsse-nio-8443-exec-3] TRACE org.hibernate.orm.jdbc.extract - extracted value (5:VARCHAR) -> [ROLE_CUSTOMER]
17:58:58.515 [https-jsse-nio-8443-exec-3] TRACE org.hibernate.orm.jdbc.extract - extracted value (6:VARCHAR) -> [hadan]
17:58:58.515 [https-jsse-nio-8443-exec-3] TRACE org.hibernate.orm.jdbc.extract - extracted value (7:BIGINT) -> [1]
17:58:58.515 [https-jsse-nio-8443-exec-3] TRACE org.hibernate.orm.jdbc.extract - extracted value (1:BIGINT) -> [3]
17:58:58.515 [https-jsse-nio-8443-exec-3] TRACE org.hibernate.orm.jdbc.extract - extracted value (2:VARCHAR) -> [عکس فرستادم]
17:58:58.515 [https-jsse-nio-8443-exec-3] TRACE org.hibernate.orm.jdbc.extract - extracted value (3:TIMESTAMP) -> [2026-01-19T10:42:02.618480]
17:58:58.515 [https-jsse-nio-8443-exec-3] TRACE org.hibernate.orm.jdbc.extract - extracted value (4:BOOLEAN) -> [false]
17:58:58.515 [https-jsse-nio-8443-exec-3] TRACE org.hibernate.orm.jdbc.extract - extracted value (5:VARCHAR) -> [ROLE_CUSTOMER]
17:58:58.515 [https-jsse-nio-8443-exec-3] TRACE org.hibernate.orm.jdbc.extract - extracted value (6:VARCHAR) -> [hadan]
17:58:58.515 [https-jsse-nio-8443-exec-3] TRACE org.hibernate.orm.jdbc.extract - extracted value (7:BIGINT) -> [1]
17:58:58.515 [https-jsse-nio-8443-exec-3] TRACE org.hibernate.orm.jdbc.extract - extracted value (1:BIGINT) -> [4]
17:58:58.515 [https-jsse-nio-8443-exec-3] TRACE org.hibernate.orm.jdbc.extract - extracted value (2:VARCHAR) -> [null]
17:58:58.515 [https-jsse-nio-8443-exec-3] TRACE org.hibernate.orm.jdbc.extract - extracted value (3:TIMESTAMP) -> [2026-01-19T10:42:25.008481]
17:58:58.515 [https-jsse-nio-8443-exec-3] TRACE org.hibernate.orm.jdbc.extract - extracted value (4:BOOLEAN) -> [false]
17:58:58.515 [https-jsse-nio-8443-exec-3] TRACE org.hibernate.orm.jdbc.extract - extracted value (5:VARCHAR) -> [ROLE_CUSTOMER]
17:58:58.515 [https-jsse-nio-8443-exec-3] TRACE org.hibernate.orm.jdbc.extract - extracted value (6:VARCHAR) -> [hadan]
17:58:58.515 [https-jsse-nio-8443-exec-3] TRACE org.hibernate.orm.jdbc.extract - extracted value (7:BIGINT) -> [1]
17:58:58.515 [https-jsse-nio-8443-exec-3] TRACE org.hibernate.orm.jdbc.extract - extracted value (1:BIGINT) -> [5]
17:58:58.515 [https-jsse-nio-8443-exec-3] TRACE org.hibernate.orm.jdbc.extract - extracted value (2:VARCHAR) -> [salam]
17:58:58.515 [https-jsse-nio-8443-exec-3] TRACE org.hibernate.orm.jdbc.extract - extracted value (3:TIMESTAMP) -> [2026-01-19T12:18:41.012601]
17:58:58.515 [https-jsse-nio-8443-exec-3] TRACE org.hibernate.orm.jdbc.extract - extracted value (4:BOOLEAN) -> [false]
17:58:58.515 [https-jsse-nio-8443-exec-3] TRACE org.hibernate.orm.jdbc.extract - extracted value (5:VARCHAR) -> [ROLE_ADMIN]
17:58:58.515 [https-jsse-nio-8443-exec-3] TRACE org.hibernate.orm.jdbc.extract - extracted value (6:VARCHAR) -> [ali]
17:58:58.515 [https-jsse-nio-8443-exec-3] TRACE org.hibernate.orm.jdbc.extract - extracted value (7:BIGINT) -> [1]
17:58:58.516 [https-jsse-nio-8443-exec-3] INFO  i.c.exception.ResponseAspect - Web Controller: showTicketMessages
17:58:58.533 [scheduling-1] DEBUG o.h.e.t.internal.TransactionImpl - On TransactionImpl creation, JpaCompliance#isJpaTransactionComplianceEnabled == false
17:58:58.533 [scheduling-1] DEBUG o.h.e.t.internal.TransactionImpl - begin
17:58:58.535 [scheduling-1] DEBUG org.hibernate.SQL - 
    /* <criteria> */ select
        oe1_0.id,
        oe1_0.aggregate_id,
        oe1_0.aggregate_type,
        oe1_0.created_at,
        oe1_0.deleted,
        oe1_0.event_type,
        oe1_0.payload,
        oe1_0.published 
    from
        outbox_tbl oe1_0 
    where
        (
            oe1_0.deleted = 0
        ) 
        and oe1_0.published=0 
    order by
        oe1_0.created_at
17:58:58.536 [scheduling-1] DEBUG o.h.e.t.internal.TransactionImpl - committing
17:58:58.538 [https-jsse-nio-8443-exec-3] DEBUG org.hibernate.SQL - 
    select
        a1_0.message_id,
        a1_0.id,
        a1_0.attach_time,
        a1_0.deleted,
        a1_0.description,
        a1_0.extracted_text,
        a1_0.file_name,
        a1_0.file_size,
        a1_0.file_type,
        a1_0.mongo_file_id 
    from
        attachment_tbl a1_0 
    where
        a1_0.message_id=? 
        and (
            a1_0.deleted = 0
        )
17:58:58.539 [https-jsse-nio-8443-exec-3] TRACE org.hibernate.orm.jdbc.bind - binding parameter (1:BIGINT) <- [1]
17:58:58.543 [https-jsse-nio-8443-exec-3] DEBUG org.hibernate.SQL - 
    select
        a1_0.message_id,
        a1_0.id,
        a1_0.attach_time,
        a1_0.deleted,
        a1_0.description,
        a1_0.extracted_text,
        a1_0.file_name,
        a1_0.file_size,
        a1_0.file_type,
        a1_0.mongo_file_id 
    from
        attachment_tbl a1_0 
    where
        a1_0.message_id=? 
        and (
            a1_0.deleted = 0
        )
17:58:58.544 [https-jsse-nio-8443-exec-3] TRACE org.hibernate.orm.jdbc.bind - binding parameter (1:BIGINT) <- [2]
17:58:58.545 [https-jsse-nio-8443-exec-3] TRACE org.hibernate.orm.jdbc.extract - extracted value (1:BIGINT) -> [2]
17:58:58.545 [https-jsse-nio-8443-exec-3] TRACE org.hibernate.orm.jdbc.extract - extracted value (2:BIGINT) -> [41]
17:58:58.547 [https-jsse-nio-8443-exec-3] DEBUG org.hibernate.SQL - 
    select
        p1_0.id,
        p1_0.deleted,
        p1_0.email,
        p1_0.first_name,
        p1_0.last_name,
        p1_0.phone,
        p1_0.attachment_id,
        p1_0.username 
    from
        profile_tbl p1_0 
    where
        p1_0.attachment_id=? 
        and (
            p1_0.deleted = 0
        )
17:58:58.547 [https-jsse-nio-8443-exec-3] TRACE org.hibernate.orm.jdbc.bind - binding parameter (1:BIGINT) <- [41]
17:58:58.548 [https-jsse-nio-8443-exec-3] TRACE org.hibernate.orm.jdbc.extract - extracted value (3:TIMESTAMP) -> [2026-01-19T10:41:46.881993]
17:58:58.548 [https-jsse-nio-8443-exec-3] TRACE org.hibernate.orm.jdbc.extract - extracted value (4:BOOLEAN) -> [false]
17:58:58.548 [https-jsse-nio-8443-exec-3] TRACE org.hibernate.orm.jdbc.extract - extracted value (5:VARCHAR) -> [null]
17:58:58.548 [https-jsse-nio-8443-exec-3] TRACE org.hibernate.orm.jdbc.extract - extracted value (6:VARCHAR) -> [null]
17:58:58.548 [https-jsse-nio-8443-exec-3] TRACE org.hibernate.orm.jdbc.extract - extracted value (7:VARCHAR) -> [545ty.jpg]
17:58:58.548 [https-jsse-nio-8443-exec-3] TRACE org.hibernate.orm.jdbc.extract - extracted value (8:BIGINT) -> [65295]
17:58:58.548 [https-jsse-nio-8443-exec-3] TRACE org.hibernate.orm.jdbc.extract - extracted value (9:TINYINT) -> [JPG]
17:58:58.548 [https-jsse-nio-8443-exec-3] TRACE org.hibernate.orm.jdbc.extract - extracted value (10:VARCHAR) -> [696dd932eca58453fd4abac2]
17:58:58.551 [https-jsse-nio-8443-exec-3] DEBUG org.hibernate.SQL - 
    select
        a1_0.message_id,
        a1_0.id,
        a1_0.attach_time,
        a1_0.deleted,
        a1_0.description,
        a1_0.extracted_text,
        a1_0.file_name,
        a1_0.file_size,
        a1_0.file_type,
        a1_0.mongo_file_id 
    from
        attachment_tbl a1_0 
    where
        a1_0.message_id=? 
        and (
            a1_0.deleted = 0
        )
17:58:58.551 [https-jsse-nio-8443-exec-3] TRACE org.hibernate.orm.jdbc.bind - binding parameter (1:BIGINT) <- [3]
17:58:58.552 [https-jsse-nio-8443-exec-3] TRACE org.hibernate.orm.jdbc.extract - extracted value (1:BIGINT) -> [3]
17:58:58.552 [https-jsse-nio-8443-exec-3] TRACE org.hibernate.orm.jdbc.extract - extracted value (2:BIGINT) -> [42]
17:58:58.552 [https-jsse-nio-8443-exec-3] DEBUG org.hibernate.SQL - 
    select
        p1_0.id,
        p1_0.deleted,
        p1_0.email,
        p1_0.first_name,
        p1_0.last_name,
        p1_0.phone,
        p1_0.attachment_id,
        p1_0.username 
    from
        profile_tbl p1_0 
    where
        p1_0.attachment_id=? 
        and (
            p1_0.deleted = 0
        )
17:58:58.552 [https-jsse-nio-8443-exec-3] TRACE org.hibernate.orm.jdbc.bind - binding parameter (1:BIGINT) <- [42]
17:58:58.553 [https-jsse-nio-8443-exec-3] TRACE org.hibernate.orm.jdbc.extract - extracted value (3:TIMESTAMP) -> [2026-01-19T10:42:02.623480]
17:58:58.553 [https-jsse-nio-8443-exec-3] TRACE org.hibernate.orm.jdbc.extract - extracted value (4:BOOLEAN) -> [false]
17:58:58.553 [https-jsse-nio-8443-exec-3] TRACE org.hibernate.orm.jdbc.extract - extracted value (5:VARCHAR) -> [null]
17:58:58.553 [https-jsse-nio-8443-exec-3] TRACE org.hibernate.orm.jdbc.extract - extracted value (6:VARCHAR) -> [null]
17:58:58.553 [https-jsse-nio-8443-exec-3] TRACE org.hibernate.orm.jdbc.extract - extracted value (7:VARCHAR) -> [216-2168192_raffle-tickets-vector.png]
17:58:58.553 [https-jsse-nio-8443-exec-3] TRACE org.hibernate.orm.jdbc.extract - extracted value (8:BIGINT) -> [131739]
17:58:58.553 [https-jsse-nio-8443-exec-3] TRACE org.hibernate.orm.jdbc.extract - extracted value (9:TINYINT) -> [PNG]
17:58:58.553 [https-jsse-nio-8443-exec-3] TRACE org.hibernate.orm.jdbc.extract - extracted value (10:VARCHAR) -> [696dd942eca58453fd4abac4]
17:58:58.555 [https-jsse-nio-8443-exec-3] DEBUG org.hibernate.SQL - 
    select
        a1_0.message_id,
        a1_0.id,
        a1_0.attach_time,
        a1_0.deleted,
        a1_0.description,
        a1_0.extracted_text,
        a1_0.file_name,
        a1_0.file_size,
        a1_0.file_type,
        a1_0.mongo_file_id 
    from
        attachment_tbl a1_0 
    where
        a1_0.message_id=? 
        and (
            a1_0.deleted = 0
        )
17:58:58.555 [https-jsse-nio-8443-exec-3] TRACE org.hibernate.orm.jdbc.bind - binding parameter (1:BIGINT) <- [4]
17:58:58.556 [https-jsse-nio-8443-exec-3] TRACE org.hibernate.orm.jdbc.extract - extracted value (1:BIGINT) -> [4]
17:58:58.556 [https-jsse-nio-8443-exec-3] TRACE org.hibernate.orm.jdbc.extract - extracted value (2:BIGINT) -> [43]
17:58:58.556 [https-jsse-nio-8443-exec-3] DEBUG org.hibernate.SQL - 
    select
        p1_0.id,
        p1_0.deleted,
        p1_0.email,
        p1_0.first_name,
        p1_0.last_name,
        p1_0.phone,
        p1_0.attachment_id,
        p1_0.username 
    from
        profile_tbl p1_0 
    where
        p1_0.attachment_id=? 
        and (
            p1_0.deleted = 0
        )
17:58:58.556 [https-jsse-nio-8443-exec-3] TRACE org.hibernate.orm.jdbc.bind - binding parameter (1:BIGINT) <- [43]
17:58:58.557 [https-jsse-nio-8443-exec-3] TRACE org.hibernate.orm.jdbc.extract - extracted value (3:TIMESTAMP) -> [2026-01-19T10:42:25.015480]
17:58:58.557 [https-jsse-nio-8443-exec-3] TRACE org.hibernate.orm.jdbc.extract - extracted value (4:BOOLEAN) -> [false]
17:58:58.557 [https-jsse-nio-8443-exec-3] TRACE org.hibernate.orm.jdbc.extract - extracted value (5:VARCHAR) -> [null]
17:58:58.557 [https-jsse-nio-8443-exec-3] TRACE org.hibernate.orm.jdbc.extract - extracted value (6:VARCHAR) -> [تراکنش موفق

انتقال وجه کارت به کارت
تاریخ ۷1 ۱۳۹۸/۱۱/۱۶
مبلغ ۰ ۱۹۹ ریال
کارت مبدا [ ۳[ 0۵ زوس باراد ض
کارت مقصد ۳ ۴ ۶ ۴ مس مدرد ۹
شماره مرجع 5 ۱۸۲۱۳۶

شماره مرجع بانک : ۹ ۷۷۹۸۵۴۲۳۶۲

کد پیگیری بانک : ۹۶۴۴۶۴ ۶۷ ۵۸۵۱۲

سفر به اروپا و روزانه یک گوشی هوشمند ویژه استفاده از خدمات
اپلیکیشن آپ,اطلاعات بیشتر در تلگرا ام آپ
۲۵6/۸۳3 //:
۵ که
۹ ای
]
17:58:58.557 [https-jsse-nio-8443-exec-3] TRACE org.hibernate.orm.jdbc.extract - extracted value (7:VARCHAR) -> [bill1.jpg]
17:58:58.557 [https-jsse-nio-8443-exec-3] TRACE org.hibernate.orm.jdbc.extract - extracted value (8:BIGINT) -> [508161]
17:58:58.557 [https-jsse-nio-8443-exec-3] TRACE org.hibernate.orm.jdbc.extract - extracted value (9:TINYINT) -> [JPG]
17:58:58.557 [https-jsse-nio-8443-exec-3] TRACE org.hibernate.orm.jdbc.extract - extracted value (10:VARCHAR) -> [696dd959eca58453fd4abac6]
17:58:58.560 [https-jsse-nio-8443-exec-3] DEBUG org.hibernate.SQL - 
    select
        a1_0.message_id,
        a1_0.id,
        a1_0.attach_time,
        a1_0.deleted,
        a1_0.description,
        a1_0.extracted_text,
        a1_0.file_name,
        a1_0.file_size,
        a1_0.file_type,
        a1_0.mongo_file_id 
    from
        attachment_tbl a1_0 
    where
        a1_0.message_id=? 
        and (
            a1_0.deleted = 0
        )
17:58:58.560 [https-jsse-nio-8443-exec-3] TRACE org.hibernate.orm.jdbc.bind - binding parameter (1:BIGINT) <- [5]
17:58:58.573 [https-jsse-nio-8443-exec-7] DEBUG o.s.security.web.FilterChainProxy - Securing GET /css/reset.css
17:58:58.573 [https-jsse-nio-8443-exec-4] DEBUG o.s.security.web.FilterChainProxy - Securing GET /css/fontawesome.css
17:58:58.573 [https-jsse-nio-8443-exec-9] DEBUG o.s.security.web.FilterChainProxy - Securing GET /css/bootstrap.min.css
17:58:58.573 [https-jsse-nio-8443-exec-7] DEBUG o.s.s.w.a.c.ChannelProcessingFilter - Request: filter invocation [GET /css/reset.css]; ConfigAttributes: [REQUIRES_SECURE_CHANNEL]
17:58:58.573 [https-jsse-nio-8443-exec-4] DEBUG o.s.s.w.a.c.ChannelProcessingFilter - Request: filter invocation [GET /css/fontawesome.css]; ConfigAttributes: [REQUIRES_SECURE_CHANNEL]
17:58:58.573 [https-jsse-nio-8443-exec-9] DEBUG o.s.s.w.a.c.ChannelProcessingFilter - Request: filter invocation [GET /css/bootstrap.min.css]; ConfigAttributes: [REQUIRES_SECURE_CHANNEL]
17:58:58.573 [https-jsse-nio-8443-exec-10] DEBUG o.s.security.web.FilterChainProxy - Securing GET /css/fonts.min.css
17:58:58.573 [https-jsse-nio-8443-exec-5] DEBUG o.s.security.web.FilterChainProxy - Securing GET /css/toast.css
17:58:58.573 [https-jsse-nio-8443-exec-10] DEBUG o.s.s.w.a.c.ChannelProcessingFilter - Request: filter invocation [GET /css/fonts.min.css]; ConfigAttributes: [REQUIRES_SECURE_CHANNEL]
17:58:58.573 [https-jsse-nio-8443-exec-9] DEBUG o.s.security.web.FilterChainProxy - Secured GET /css/bootstrap.min.css
17:58:58.573 [https-jsse-nio-8443-exec-8] DEBUG o.s.security.web.FilterChainProxy - Securing GET /css/styles.css
17:58:58.573 [https-jsse-nio-8443-exec-4] DEBUG o.s.security.web.FilterChainProxy - Secured GET /css/fontawesome.css
17:58:58.573 [https-jsse-nio-8443-exec-7] DEBUG o.s.security.web.FilterChainProxy - Secured GET /css/reset.css
17:58:58.573 [https-jsse-nio-8443-exec-5] DEBUG o.s.s.w.a.c.ChannelProcessingFilter - Request: filter invocation [GET /css/toast.css]; ConfigAttributes: [REQUIRES_SECURE_CHANNEL]
17:58:58.573 [https-jsse-nio-8443-exec-8] DEBUG o.s.s.w.a.c.ChannelProcessingFilter - Request: filter invocation [GET /css/styles.css]; ConfigAttributes: [REQUIRES_SECURE_CHANNEL]
17:58:58.574 [https-jsse-nio-8443-exec-10] DEBUG o.s.security.web.FilterChainProxy - Secured GET /css/fonts.min.css
17:58:58.574 [https-jsse-nio-8443-exec-5] DEBUG o.s.security.web.FilterChainProxy - Secured GET /css/toast.css
17:58:58.574 [https-jsse-nio-8443-exec-8] DEBUG o.s.security.web.FilterChainProxy - Secured GET /css/styles.css
17:58:58.575 [https-jsse-nio-8443-exec-7] DEBUG o.s.s.w.c.HttpSessionSecurityContextRepository - Retrieved SecurityContextImpl [Authentication=UsernamePasswordAuthenticationToken [Principal=ir.model.entity.CustomUserDetails@6e02eb1e, Credentials=[PROTECTED], Authenticated=true, Details=WebAuthenticationDetails [RemoteIpAddress=0:0:0:0:0:0:0:1, SessionId=null], Granted Authorities=[BUILDING_DELETE, TICKET_EDIT, BUILDING_EDIT, BUILDING_CREATE, ROLE_ADMIN, TICKET_CREATE, TICKET_DELETE]]]
17:58:58.575 [https-jsse-nio-8443-exec-5] DEBUG o.s.s.w.c.HttpSessionSecurityContextRepository - Retrieved SecurityContextImpl [Authentication=UsernamePasswordAuthenticationToken [Principal=ir.model.entity.CustomUserDetails@6e02eb1e, Credentials=[PROTECTED], Authenticated=true, Details=WebAuthenticationDetails [RemoteIpAddress=0:0:0:0:0:0:0:1, SessionId=null], Granted Authorities=[BUILDING_DELETE, TICKET_EDIT, BUILDING_EDIT, BUILDING_CREATE, ROLE_ADMIN, TICKET_CREATE, TICKET_DELETE]]]
17:58:58.575 [https-jsse-nio-8443-exec-10] DEBUG o.s.s.w.c.HttpSessionSecurityContextRepository - Retrieved SecurityContextImpl [Authentication=UsernamePasswordAuthenticationToken [Principal=ir.model.entity.CustomUserDetails@6e02eb1e, Credentials=[PROTECTED], Authenticated=true, Details=WebAuthenticationDetails [RemoteIpAddress=0:0:0:0:0:0:0:1, SessionId=null], Granted Authorities=[BUILDING_DELETE, TICKET_EDIT, BUILDING_EDIT, BUILDING_CREATE, ROLE_ADMIN, TICKET_CREATE, TICKET_DELETE]]]
17:58:58.575 [https-jsse-nio-8443-exec-8] DEBUG o.s.s.w.c.HttpSessionSecurityContextRepository - Retrieved SecurityContextImpl [Authentication=UsernamePasswordAuthenticationToken [Principal=ir.model.entity.CustomUserDetails@6e02eb1e, Credentials=[PROTECTED], Authenticated=true, Details=WebAuthenticationDetails [RemoteIpAddress=0:0:0:0:0:0:0:1, SessionId=null], Granted Authorities=[BUILDING_DELETE, TICKET_EDIT, BUILDING_EDIT, BUILDING_CREATE, ROLE_ADMIN, TICKET_CREATE, TICKET_DELETE]]]
17:58:58.578 [https-jsse-nio-8443-exec-2] DEBUG o.s.security.web.FilterChainProxy - Securing GET /rest/images/696dd932eca58453fd4abac2/raw
17:58:58.578 [https-jsse-nio-8443-exec-6] DEBUG o.s.security.web.FilterChainProxy - Securing GET /js/bootstrap.bundle.min.js
17:58:58.578 [https-jsse-nio-8443-exec-3] DEBUG o.s.security.web.FilterChainProxy - Securing GET /rest/images/696dd942eca58453fd4abac4/raw
17:58:58.578 [https-jsse-nio-8443-exec-1] DEBUG o.s.security.web.FilterChainProxy - Securing GET /icons/mftlogo.png
17:58:58.578 [https-jsse-nio-8443-exec-2] DEBUG o.s.s.w.a.c.ChannelProcessingFilter - Request: filter invocation [GET /rest/images/696dd932eca58453fd4abac2/raw]; ConfigAttributes: [REQUIRES_SECURE_CHANNEL]
17:58:58.578 [https-jsse-nio-8443-exec-3] DEBUG o.s.s.w.a.c.ChannelProcessingFilter - Request: filter invocation [GET /rest/images/696dd942eca58453fd4abac4/raw]; ConfigAttributes: [REQUIRES_SECURE_CHANNEL]
17:58:58.578 [https-jsse-nio-8443-exec-6] DEBUG o.s.s.w.a.c.ChannelProcessingFilter - Request: filter invocation [GET /js/bootstrap.bundle.min.js]; ConfigAttributes: [REQUIRES_SECURE_CHANNEL]
17:58:58.578 [https-jsse-nio-8443-exec-1] DEBUG o.s.s.w.a.c.ChannelProcessingFilter - Request: filter invocation [GET /icons/mftlogo.png]; ConfigAttributes: [REQUIRES_SECURE_CHANNEL]
17:58:58.578 [https-jsse-nio-8443-exec-6] DEBUG o.s.security.web.FilterChainProxy - Secured GET /js/bootstrap.bundle.min.js
17:58:58.578 [https-jsse-nio-8443-exec-3] DEBUG o.s.s.w.c.HttpSessionSecurityContextRepository - Retrieved SecurityContextImpl [Authentication=UsernamePasswordAuthenticationToken [Principal=ir.model.entity.CustomUserDetails@6e02eb1e, Credentials=[PROTECTED], Authenticated=true, Details=WebAuthenticationDetails [RemoteIpAddress=0:0:0:0:0:0:0:1, SessionId=null], Granted Authorities=[BUILDING_DELETE, TICKET_EDIT, BUILDING_EDIT, BUILDING_CREATE, ROLE_ADMIN, TICKET_CREATE, TICKET_DELETE]]]
17:58:58.578 [https-jsse-nio-8443-exec-2] DEBUG o.s.s.w.c.HttpSessionSecurityContextRepository - Retrieved SecurityContextImpl [Authentication=UsernamePasswordAuthenticationToken [Principal=ir.model.entity.CustomUserDetails@6e02eb1e, Credentials=[PROTECTED], Authenticated=true, Details=WebAuthenticationDetails [RemoteIpAddress=0:0:0:0:0:0:0:1, SessionId=null], Granted Authorities=[BUILDING_DELETE, TICKET_EDIT, BUILDING_EDIT, BUILDING_CREATE, ROLE_ADMIN, TICKET_CREATE, TICKET_DELETE]]]
17:58:58.579 [https-jsse-nio-8443-exec-3] DEBUG o.s.security.web.FilterChainProxy - Secured GET /rest/images/696dd942eca58453fd4abac4/raw
17:58:58.579 [https-jsse-nio-8443-exec-2] DEBUG o.s.security.web.FilterChainProxy - Secured GET /rest/images/696dd932eca58453fd4abac2/raw
17:58:58.579 [https-jsse-nio-8443-exec-1] DEBUG o.s.security.web.FilterChainProxy - Secured GET /icons/mftlogo.png
17:58:58.580 [https-jsse-nio-8443-exec-2] DEBUG o.s.jdbc.datasource.DataSourceUtils - Setting JDBC Connection [HikariProxyConnection@717509131 wrapping oracle.jdbc.driver.T4CConnection@97909f5] read-only
17:58:58.580 [https-jsse-nio-8443-exec-3] DEBUG o.s.jdbc.datasource.DataSourceUtils - Setting JDBC Connection [HikariProxyConnection@581265373 wrapping oracle.jdbc.driver.T4CConnection@1c3b0aa] read-only
17:58:58.581 [https-jsse-nio-8443-exec-2] DEBUG o.h.e.t.internal.TransactionImpl - On TransactionImpl creation, JpaCompliance#isJpaTransactionComplianceEnabled == false
17:58:58.581 [https-jsse-nio-8443-exec-3] DEBUG o.h.e.t.internal.TransactionImpl - On TransactionImpl creation, JpaCompliance#isJpaTransactionComplianceEnabled == false
17:58:58.581 [https-jsse-nio-8443-exec-2] DEBUG o.h.e.t.internal.TransactionImpl - begin
17:58:58.581 [https-jsse-nio-8443-exec-3] DEBUG o.h.e.t.internal.TransactionImpl - begin
17:58:58.582 [https-jsse-nio-8443-exec-1] DEBUG o.s.s.w.c.HttpSessionSecurityContextRepository - Retrieved SecurityContextImpl [Authentication=UsernamePasswordAuthenticationToken [Principal=ir.model.entity.CustomUserDetails@6e02eb1e, Credentials=[PROTECTED], Authenticated=true, Details=WebAuthenticationDetails [RemoteIpAddress=0:0:0:0:0:0:0:1, SessionId=null], Granted Authorities=[BUILDING_DELETE, TICKET_EDIT, BUILDING_EDIT, BUILDING_CREATE, ROLE_ADMIN, TICKET_CREATE, TICKET_DELETE]]]
17:58:58.584 [https-jsse-nio-8443-exec-7] DEBUG o.s.security.web.FilterChainProxy - Securing GET /rest/images/696dd959eca58453fd4abac6/raw
17:58:58.584 [https-jsse-nio-8443-exec-7] DEBUG o.s.s.w.a.c.ChannelProcessingFilter - Request: filter invocation [GET /rest/images/696dd959eca58453fd4abac6/raw]; ConfigAttributes: [REQUIRES_SECURE_CHANNEL]
17:58:58.585 [https-jsse-nio-8443-exec-7] DEBUG o.s.s.w.c.HttpSessionSecurityContextRepository - Retrieved SecurityContextImpl [Authentication=UsernamePasswordAuthenticationToken [Principal=ir.model.entity.CustomUserDetails@6e02eb1e, Credentials=[PROTECTED], Authenticated=true, Details=WebAuthenticationDetails [RemoteIpAddress=0:0:0:0:0:0:0:1, SessionId=null], Granted Authorities=[BUILDING_DELETE, TICKET_EDIT, BUILDING_EDIT, BUILDING_CREATE, ROLE_ADMIN, TICKET_CREATE, TICKET_DELETE]]]
17:58:58.585 [https-jsse-nio-8443-exec-7] DEBUG o.s.security.web.FilterChainProxy - Secured GET /rest/images/696dd959eca58453fd4abac6/raw
17:58:58.586 [https-jsse-nio-8443-exec-6] DEBUG o.s.s.w.c.HttpSessionSecurityContextRepository - Retrieved SecurityContextImpl [Authentication=UsernamePasswordAuthenticationToken [Principal=ir.model.entity.CustomUserDetails@6e02eb1e, Credentials=[PROTECTED], Authenticated=true, Details=WebAuthenticationDetails [RemoteIpAddress=0:0:0:0:0:0:0:1, SessionId=null], Granted Authorities=[BUILDING_DELETE, TICKET_EDIT, BUILDING_EDIT, BUILDING_CREATE, ROLE_ADMIN, TICKET_CREATE, TICKET_DELETE]]]
17:58:58.586 [https-jsse-nio-8443-exec-7] DEBUG o.s.jdbc.datasource.DataSourceUtils - Setting JDBC Connection [HikariProxyConnection@1465631613 wrapping oracle.jdbc.driver.T4CConnection@38b1f8c3] read-only
17:58:58.586 [https-jsse-nio-8443-exec-7] DEBUG o.h.e.t.internal.TransactionImpl - On TransactionImpl creation, JpaCompliance#isJpaTransactionComplianceEnabled == false
17:58:58.586 [https-jsse-nio-8443-exec-7] DEBUG o.h.e.t.internal.TransactionImpl - begin
17:58:58.587 [https-jsse-nio-8443-exec-6] DEBUG o.s.security.web.FilterChainProxy - Securing GET /js/fontawesome.js
17:58:58.588 [https-jsse-nio-8443-exec-6] DEBUG o.s.s.w.a.c.ChannelProcessingFilter - Request: filter invocation [GET /js/fontawesome.js]; ConfigAttributes: [REQUIRES_SECURE_CHANNEL]
17:58:58.588 [https-jsse-nio-8443-exec-6] DEBUG o.s.security.web.FilterChainProxy - Secured GET /js/fontawesome.js
17:58:58.588 [https-jsse-nio-8443-exec-9] DEBUG o.s.s.w.c.HttpSessionSecurityContextRepository - Retrieved SecurityContextImpl [Authentication=UsernamePasswordAuthenticationToken [Principal=ir.model.entity.CustomUserDetails@6e02eb1e, Credentials=[PROTECTED], Authenticated=true, Details=WebAuthenticationDetails [RemoteIpAddress=0:0:0:0:0:0:0:1, SessionId=null], Granted Authorities=[BUILDING_DELETE, TICKET_EDIT, BUILDING_EDIT, BUILDING_CREATE, ROLE_ADMIN, TICKET_CREATE, TICKET_DELETE]]]
17:58:58.590 [https-jsse-nio-8443-exec-5] DEBUG o.s.security.web.FilterChainProxy - Securing GET /js/toast.js
17:58:58.590 [https-jsse-nio-8443-exec-5] DEBUG o.s.s.w.a.c.ChannelProcessingFilter - Request: filter invocation [GET /js/toast.js]; ConfigAttributes: [REQUIRES_SECURE_CHANNEL]
17:58:58.590 [https-jsse-nio-8443-exec-5] DEBUG o.s.security.web.FilterChainProxy - Secured GET /js/toast.js
17:58:58.592 [https-jsse-nio-8443-exec-5] DEBUG o.s.s.w.c.HttpSessionSecurityContextRepository - Retrieved SecurityContextImpl [Authentication=UsernamePasswordAuthenticationToken [Principal=ir.model.entity.CustomUserDetails@6e02eb1e, Credentials=[PROTECTED], Authenticated=true, Details=WebAuthenticationDetails [RemoteIpAddress=0:0:0:0:0:0:0:1, SessionId=null], Granted Authorities=[BUILDING_DELETE, TICKET_EDIT, BUILDING_EDIT, BUILDING_CREATE, ROLE_ADMIN, TICKET_CREATE, TICKET_DELETE]]]
17:58:58.593 [https-jsse-nio-8443-exec-8] DEBUG o.s.security.web.FilterChainProxy - Securing GET /js/script.js
17:58:58.593 [https-jsse-nio-8443-exec-8] DEBUG o.s.s.w.a.c.ChannelProcessingFilter - Request: filter invocation [GET /js/script.js]; ConfigAttributes: [REQUIRES_SECURE_CHANNEL]
17:58:58.594 [https-jsse-nio-8443-exec-8] DEBUG o.s.security.web.FilterChainProxy - Secured GET /js/script.js
17:58:58.595 [https-jsse-nio-8443-exec-8] DEBUG o.s.s.w.c.HttpSessionSecurityContextRepository - Retrieved SecurityContextImpl [Authentication=UsernamePasswordAuthenticationToken [Principal=ir.model.entity.CustomUserDetails@6e02eb1e, Credentials=[PROTECTED], Authenticated=true, Details=WebAuthenticationDetails [RemoteIpAddress=0:0:0:0:0:0:0:1, SessionId=null], Granted Authorities=[BUILDING_DELETE, TICKET_EDIT, BUILDING_EDIT, BUILDING_CREATE, ROLE_ADMIN, TICKET_CREATE, TICKET_DELETE]]]
17:58:58.597 [https-jsse-nio-8443-exec-10] DEBUG o.s.security.web.FilterChainProxy - Securing GET /js/messages-api.js
17:58:58.597 [https-jsse-nio-8443-exec-10] DEBUG o.s.s.w.a.c.ChannelProcessingFilter - Request: filter invocation [GET /js/messages-api.js]; ConfigAttributes: [REQUIRES_SECURE_CHANNEL]
17:58:58.597 [https-jsse-nio-8443-exec-10] DEBUG o.s.security.web.FilterChainProxy - Secured GET /js/messages-api.js
17:58:58.603 [https-jsse-nio-8443-exec-4] DEBUG o.s.s.w.c.HttpSessionSecurityContextRepository - Retrieved SecurityContextImpl [Authentication=UsernamePasswordAuthenticationToken [Principal=ir.model.entity.CustomUserDetails@6e02eb1e, Credentials=[PROTECTED], Authenticated=true, Details=WebAuthenticationDetails [RemoteIpAddress=0:0:0:0:0:0:0:1, SessionId=null], Granted Authorities=[BUILDING_DELETE, TICKET_EDIT, BUILDING_EDIT, BUILDING_CREATE, ROLE_ADMIN, TICKET_CREATE, TICKET_DELETE]]]
17:58:58.620 [https-jsse-nio-8443-exec-7] DEBUG o.h.e.t.internal.TransactionImpl - committing
17:58:58.620 [https-jsse-nio-8443-exec-3] DEBUG o.h.e.t.internal.TransactionImpl - committing
17:58:58.620 [https-jsse-nio-8443-exec-2] DEBUG o.h.e.t.internal.TransactionImpl - committing
17:58:58.620 [https-jsse-nio-8443-exec-7] DEBUG o.s.jdbc.datasource.DataSourceUtils - Resetting read-only flag of JDBC Connection [HikariProxyConnection@1465631613 wrapping oracle.jdbc.driver.T4CConnection@38b1f8c3]
17:58:58.620 [https-jsse-nio-8443-exec-3] DEBUG o.s.jdbc.datasource.DataSourceUtils - Resetting read-only flag of JDBC Connection [HikariProxyConnection@581265373 wrapping oracle.jdbc.driver.T4CConnection@1c3b0aa]
17:58:58.621 [https-jsse-nio-8443-exec-2] DEBUG o.s.jdbc.datasource.DataSourceUtils - Resetting read-only flag of JDBC Connection [HikariProxyConnection@717509131 wrapping oracle.jdbc.driver.T4CConnection@97909f5]
17:58:58.622 [https-jsse-nio-8443-exec-10] DEBUG o.s.s.w.c.HttpSessionSecurityContextRepository - Retrieved SecurityContextImpl [Authentication=UsernamePasswordAuthenticationToken [Principal=ir.model.entity.CustomUserDetails@6e02eb1e, Credentials=[PROTECTED], Authenticated=true, Details=WebAuthenticationDetails [RemoteIpAddress=0:0:0:0:0:0:0:1, SessionId=null], Granted Authorities=[BUILDING_DELETE, TICKET_EDIT, BUILDING_EDIT, BUILDING_CREATE, ROLE_ADMIN, TICKET_CREATE, TICKET_DELETE]]]
17:58:58.624 [https-jsse-nio-8443-exec-7] INFO  i.c.exception.ResponseAspect - API: streamImage
17:58:58.624 [https-jsse-nio-8443-exec-2] INFO  i.c.exception.ResponseAspect - API: streamImage
17:58:58.624 [https-jsse-nio-8443-exec-3] INFO  i.c.exception.ResponseAspect - API: streamImage
17:58:58.646 [https-jsse-nio-8443-exec-1] DEBUG o.s.security.web.FilterChainProxy - Securing GET /webfonts/fa-solid-900.woff2
17:58:58.646 [https-jsse-nio-8443-exec-9] DEBUG o.s.security.web.FilterChainProxy - Securing GET /webfonts/fa-brands-400.woff2
17:58:58.646 [https-jsse-nio-8443-exec-9] DEBUG o.s.s.w.a.c.ChannelProcessingFilter - Request: filter invocation [GET /webfonts/fa-brands-400.woff2]; ConfigAttributes: [REQUIRES_SECURE_CHANNEL]
17:58:58.646 [https-jsse-nio-8443-exec-1] DEBUG o.s.s.w.a.c.ChannelProcessingFilter - Request: filter invocation [GET /webfonts/fa-solid-900.woff2]; ConfigAttributes: [REQUIRES_SECURE_CHANNEL]
17:58:58.646 [https-jsse-nio-8443-exec-9] DEBUG o.s.s.w.c.HttpSessionSecurityContextRepository - Retrieved SecurityContextImpl [Authentication=UsernamePasswordAuthenticationToken [Principal=ir.model.entity.CustomUserDetails@6e02eb1e, Credentials=[PROTECTED], Authenticated=true, Details=WebAuthenticationDetails [RemoteIpAddress=0:0:0:0:0:0:0:1, SessionId=null], Granted Authorities=[BUILDING_DELETE, TICKET_EDIT, BUILDING_EDIT, BUILDING_CREATE, ROLE_ADMIN, TICKET_CREATE, TICKET_DELETE]]]
17:58:58.646 [https-jsse-nio-8443-exec-1] DEBUG o.s.s.w.c.HttpSessionSecurityContextRepository - Retrieved SecurityContextImpl [Authentication=UsernamePasswordAuthenticationToken [Principal=ir.model.entity.CustomUserDetails@6e02eb1e, Credentials=[PROTECTED], Authenticated=true, Details=WebAuthenticationDetails [RemoteIpAddress=0:0:0:0:0:0:0:1, SessionId=null], Granted Authorities=[BUILDING_DELETE, TICKET_EDIT, BUILDING_EDIT, BUILDING_CREATE, ROLE_ADMIN, TICKET_CREATE, TICKET_DELETE]]]
17:58:58.646 [https-jsse-nio-8443-exec-9] DEBUG o.s.security.web.FilterChainProxy - Secured GET /webfonts/fa-brands-400.woff2
17:58:58.647 [https-jsse-nio-8443-exec-1] DEBUG o.s.security.web.FilterChainProxy - Secured GET /webfonts/fa-solid-900.woff2
17:58:58.659 [https-jsse-nio-8443-exec-7] WARN  o.h.e.jdbc.spi.SqlExceptionHelper - SQL Warning Code: 28002, SQLState: 99999
17:58:58.659 [https-jsse-nio-8443-exec-7] WARN  o.h.e.jdbc.spi.SqlExceptionHelper - ORA-28002: the password will expire within 2 days

17:58:59.100 [https-jsse-nio-8443-exec-6] DEBUG o.s.s.w.c.HttpSessionSecurityContextRepository - Retrieved SecurityContextImpl [Authentication=UsernamePasswordAuthenticationToken [Principal=ir.model.entity.CustomUserDetails@6e02eb1e, Credentials=[PROTECTED], Authenticated=true, Details=WebAuthenticationDetails [RemoteIpAddress=0:0:0:0:0:0:0:1, SessionId=null], Granted Authorities=[BUILDING_DELETE, TICKET_EDIT, BUILDING_EDIT, BUILDING_CREATE, ROLE_ADMIN, TICKET_CREATE, TICKET_DELETE]]]
17:59:00.553 [scheduling-1] DEBUG o.h.e.t.internal.TransactionImpl - On TransactionImpl creation, JpaCompliance#isJpaTransactionComplianceEnabled == false
17:59:00.553 [scheduling-1] DEBUG o.h.e.t.internal.TransactionImpl - begin
17:59:00.555 [scheduling-1] DEBUG org.hibernate.SQL - 
    /* <criteria> */ select
        oe1_0.id,
        oe1_0.aggregate_id,
        oe1_0.aggregate_type,
        oe1_0.created_at,
        oe1_0.deleted,
        oe1_0.event_type,
        oe1_0.payload,
        oe1_0.published 
    from
        outbox_tbl oe1_0 
    where
        (
            oe1_0.deleted = 0
        ) 
        and oe1_0.published=0 
    order by
        oe1_0.created_at
17:59:00.556 [scheduling-1] DEBUG o.h.e.t.internal.TransactionImpl - committing
17:59:02.570 [scheduling-1] DEBUG o.h.e.t.internal.TransactionImpl - On TransactionImpl creation, JpaCompliance#isJpaTransactionComplianceEnabled == false
17:59:02.570 [scheduling-1] DEBUG o.h.e.t.internal.TransactionImpl - begin
17:59:02.571 [scheduling-1] DEBUG org.hibernate.SQL - 
    /* <criteria> */ select
        oe1_0.id,
        oe1_0.aggregate_id,
        oe1_0.aggregate_type,
        oe1_0.created_at,
        oe1_0.deleted,
        oe1_0.event_type,
        oe1_0.payload,
        oe1_0.published 
    from
        outbox_tbl oe1_0 
    where
        (
            oe1_0.deleted = 0
        ) 
        and oe1_0.published=0 
    order by
        oe1_0.created_at
17:59:02.572 [scheduling-1] DEBUG o.h.e.t.internal.TransactionImpl - committing
17:59:04.587 [scheduling-1] DEBUG o.h.e.t.internal.TransactionImpl - On TransactionImpl creation, JpaCompliance#isJpaTransactionComplianceEnabled == false
17:59:04.587 [scheduling-1] DEBUG o.h.e.t.internal.TransactionImpl - begin
17:59:04.588 [scheduling-1] DEBUG org.hibernate.SQL - 
    /* <criteria> */ select
        oe1_0.id,
        oe1_0.aggregate_id,
        oe1_0.aggregate_type,
        oe1_0.created_at,
        oe1_0.deleted,
        oe1_0.event_type,
        oe1_0.payload,
        oe1_0.published 
    from
        outbox_tbl oe1_0 
    where
        (
            oe1_0.deleted = 0
        ) 
        and oe1_0.published=0 
    order by
        oe1_0.created_at
17:59:04.590 [scheduling-1] DEBUG o.h.e.t.internal.TransactionImpl - committing
17:59:06.603 [scheduling-1] DEBUG o.h.e.t.internal.TransactionImpl - On TransactionImpl creation, JpaCompliance#isJpaTransactionComplianceEnabled == false
17:59:06.603 [scheduling-1] DEBUG o.h.e.t.internal.TransactionImpl - begin
17:59:06.605 [scheduling-1] DEBUG org.hibernate.SQL - 
    /* <criteria> */ select
        oe1_0.id,
        oe1_0.aggregate_id,
        oe1_0.aggregate_type,
        oe1_0.created_at,
        oe1_0.deleted,
        oe1_0.event_type,
        oe1_0.payload,
        oe1_0.published 
    from
        outbox_tbl oe1_0 
    where
        (
            oe1_0.deleted = 0
        ) 
        and oe1_0.published=0 
    order by
        oe1_0.created_at
17:59:06.606 [scheduling-1] DEBUG o.h.e.t.internal.TransactionImpl - committing
17:59:07.375 [org.springframework.kafka.KafkaListenerEndpointContainer#0-0-C-1] INFO  o.a.k.c.c.i.ConsumerCoordinator - [Consumer clientId=consumer-building-service-updater-1, groupId=building-service-updater] Resetting generation and member id due to: consumer pro-actively leaving the group
17:59:07.375 [org.springframework.kafka.KafkaListenerEndpointContainer#0-0-C-1] INFO  o.a.k.c.c.i.ConsumerCoordinator - [Consumer clientId=consumer-building-service-updater-1, groupId=building-service-updater] Request joining group due to: consumer pro-actively leaving the group
17:59:07.375 [org.springframework.kafka.KafkaListenerEndpointContainer#0-0-C-1] INFO  o.a.k.c.c.i.LegacyKafkaConsumer - [Consumer clientId=consumer-building-service-updater-1, groupId=building-service-updater] Unsubscribed all topics or patterns and assigned partitions
17:59:07.377 [org.springframework.kafka.KafkaListenerEndpointContainer#0-0-C-1] INFO  o.a.k.c.c.i.ConsumerCoordinator - [Consumer clientId=consumer-building-service-updater-1, groupId=building-service-updater] Resetting generation and member id due to: consumer pro-actively leaving the group
17:59:07.377 [org.springframework.kafka.KafkaListenerEndpointContainer#0-0-C-1] INFO  o.a.k.c.c.i.ConsumerCoordinator - [Consumer clientId=consumer-building-service-updater-1, groupId=building-service-updater] Request joining group due to: consumer pro-actively leaving the group
17:59:07.384 [org.springframework.kafka.KafkaListenerEndpointContainer#0-0-C-1] INFO  o.a.kafka.common.metrics.Metrics - Metrics scheduler closed
17:59:07.384 [org.springframework.kafka.KafkaListenerEndpointContainer#0-0-C-1] INFO  o.a.kafka.common.metrics.Metrics - Closing reporter org.apache.kafka.common.metrics.JmxReporter
17:59:07.384 [org.springframework.kafka.KafkaListenerEndpointContainer#0-0-C-1] INFO  o.a.kafka.common.metrics.Metrics - Closing reporter org.apache.kafka.common.telemetry.internals.ClientTelemetryReporter
17:59:07.384 [org.springframework.kafka.KafkaListenerEndpointContainer#0-0-C-1] INFO  o.a.kafka.common.metrics.Metrics - Metrics reporters closed
17:59:07.403 [org.springframework.kafka.KafkaListenerEndpointContainer#0-0-C-1] INFO  o.a.kafka.common.utils.AppInfoParser - App info kafka.consumer for consumer-building-service-updater-1 unregistered
17:59:07.410 [org.springframework.kafka.KafkaListenerEndpointContainer#0-0-C-1] INFO  o.s.k.l.KafkaMessageListenerContainer - building-service-updater: Consumer stopped
17:59:07.413 [SpringApplicationShutdownHook] INFO  o.s.b.w.e.tomcat.GracefulShutdown - Commencing graceful shutdown. Waiting for active requests to complete
17:59:07.781 [tomcat-shutdown] INFO  o.s.b.w.e.tomcat.GracefulShutdown - Graceful shutdown complete
17:59:07.802 [SpringApplicationShutdownHook] INFO  o.s.o.j.LocalContainerEntityManagerFactoryBean - Closing JPA EntityManagerFactory for persistence unit 'default'
17:59:07.804 [SpringApplicationShutdownHook] INFO  com.zaxxer.hikari.HikariDataSource - HikariPool-1 - Shutdown initiated...
17:59:07.810 [SpringApplicationShutdownHook] INFO  com.zaxxer.hikari.HikariDataSource - HikariPool-1 - Shutdown completed.
18:12:00.476 [background-preinit] INFO  o.h.validator.internal.util.Version - HV000001: Hibernate Validator 8.0.2.Final
18:12:00.512 [restartedMain] INFO  ir.TicketingSpringSample - Starting TicketingSpringSample using Java 17.0.12 with PID 14536 (D:\JAVA\MFT learning\projects\Spring\ticketing_spring_sample\target\classes started by arbab in D:\JAVA\MFT learning\projects\Spring\ticketing_spring_sample)
18:12:00.513 [restartedMain] INFO  ir.TicketingSpringSample - The following 1 profile is active: "dev"
18:12:00.560 [restartedMain] INFO  o.s.b.d.restart.ChangeableUrls - The Class-Path manifest attribute in C:\Users\arbab\.m2\repository\com\oracle\database\jdbc\ojdbc11\21.9.0.0\ojdbc11-21.9.0.0.jar referenced one or more files that do not exist: file:/C:/Users/arbab/.m2/repository/com/oracle/database/jdbc/ojdbc11/21.9.0.0/oraclepki.jar
18:12:00.560 [restartedMain] INFO  o.s.b.d.e.DevToolsPropertyDefaultsPostProcessor - Devtools property defaults active! Set 'spring.devtools.add-properties' to 'false' to disable
18:12:00.560 [restartedMain] INFO  o.s.b.d.e.DevToolsPropertyDefaultsPostProcessor - For additional web related logging consider setting the 'logging.level.web' property to 'DEBUG'
18:12:01.193 [restartedMain] INFO  o.s.b.f.s.DefaultListableBeanFactory - Overriding bean definition for bean 'localeResolver' with a different definition: replacing [Root bean: class=null; scope=; abstract=false; lazyInit=null; autowireMode=3; dependencyCheck=0; autowireCandidate=true; primary=false; fallback=false; factoryBeanName=org.springframework.web.servlet.config.annotation.DelegatingWebMvcConfiguration; factoryMethodName=localeResolver; initMethodNames=null; destroyMethodNames=[(inferred)]; defined in class path resource [org/springframework/web/servlet/config/annotation/DelegatingWebMvcConfiguration.class]] with [Root bean: class=null; scope=; abstract=false; lazyInit=null; autowireMode=3; dependencyCheck=0; autowireCandidate=true; primary=false; fallback=false; factoryBeanName=webConfig; factoryMethodName=localeResolver; initMethodNames=null; destroyMethodNames=[(inferred)]; defined in class path resource [ir/config/WebConfig.class]]
18:12:01.198 [restartedMain] INFO  o.s.d.r.c.RepositoryConfigurationDelegate - Multiple Spring Data modules found, entering strict repository configuration mode
18:12:01.198 [restartedMain] INFO  o.s.d.r.c.RepositoryConfigurationDelegate - Bootstrapping Spring Data JPA repositories in DEFAULT mode.
18:12:01.308 [restartedMain] INFO  o.s.d.r.c.RepositoryConfigurationExtensionSupport - Spring Data JPA - Could not safely identify store assignment for repository candidate interface ir.repository.ImageRepository; If you want this repository to be a JPA repository, consider annotating your entities with one of these annotations: jakarta.persistence.Entity, jakarta.persistence.MappedSuperclass (preferred), or consider extending one of the following types with your repository: org.springframework.data.jpa.repository.JpaRepository
18:12:01.357 [restartedMain] INFO  o.s.d.r.c.RepositoryConfigurationDelegate - Finished Spring Data repository scanning in 152 ms. Found 10 JPA repository interfaces.
18:12:01.685 [restartedMain] INFO  o.s.d.r.c.RepositoryConfigurationDelegate - Multiple Spring Data modules found, entering strict repository configuration mode
18:12:01.685 [restartedMain] INFO  o.s.d.r.c.RepositoryConfigurationDelegate - Bootstrapping Spring Data MongoDB repositories in DEFAULT mode.
18:12:01.697 [restartedMain] INFO  o.s.d.r.c.RepositoryConfigurationExtensionSupport - Spring Data MongoDB - Could not safely identify store assignment for repository candidate interface ir.repository.AttachmentRepository; If you want this repository to be a MongoDB repository, consider annotating your entities with one of these annotations: org.springframework.data.mongodb.core.mapping.Document (preferred), or consider extending one of the following types with your repository: org.springframework.data.mongodb.repository.MongoRepository
18:12:01.697 [restartedMain] INFO  o.s.d.r.c.RepositoryConfigurationExtensionSupport - Spring Data MongoDB - Could not safely identify store assignment for repository candidate interface ir.repository.BuildingRepository; If you want this repository to be a MongoDB repository, consider annotating your entities with one of these annotations: org.springframework.data.mongodb.core.mapping.Document (preferred), or consider extending one of the following types with your repository: org.springframework.data.mongodb.repository.MongoRepository
18:12:01.698 [restartedMain] INFO  o.s.d.r.c.RepositoryConfigurationExtensionSupport - Spring Data MongoDB - Could not safely identify store assignment for repository candidate interface ir.repository.MessageRepository; If you want this repository to be a MongoDB repository, consider annotating your entities with one of these annotations: org.springframework.data.mongodb.core.mapping.Document (preferred), or consider extending one of the following types with your repository: org.springframework.data.mongodb.repository.MongoRepository
18:12:01.698 [restartedMain] INFO  o.s.d.r.c.RepositoryConfigurationExtensionSupport - Spring Data MongoDB - Could not safely identify store assignment for repository candidate interface ir.repository.OutboxRepository; If you want this repository to be a MongoDB repository, consider annotating your entities with one of these annotations: org.springframework.data.mongodb.core.mapping.Document (preferred), or consider extending one of the following types with your repository: org.springframework.data.mongodb.repository.MongoRepository
18:12:01.698 [restartedMain] INFO  o.s.d.r.c.RepositoryConfigurationExtensionSupport - Spring Data MongoDB - Could not safely identify store assignment for repository candidate interface ir.repository.PermissionRepository; If you want this repository to be a MongoDB repository, consider annotating your entities with one of these annotations: org.springframework.data.mongodb.core.mapping.Document (preferred), or consider extending one of the following types with your repository: org.springframework.data.mongodb.repository.MongoRepository
18:12:01.698 [restartedMain] INFO  o.s.d.r.c.RepositoryConfigurationExtensionSupport - Spring Data MongoDB - Could not safely identify store assignment for repository candidate interface ir.repository.ProfileRepository; If you want this repository to be a MongoDB repository, consider annotating your entities with one of these annotations: org.springframework.data.mongodb.core.mapping.Document (preferred), or consider extending one of the following types with your repository: org.springframework.data.mongodb.repository.MongoRepository
18:12:01.698 [restartedMain] INFO  o.s.d.r.c.RepositoryConfigurationExtensionSupport - Spring Data MongoDB - Could not safely identify store assignment for repository candidate interface ir.repository.RoleRepository; If you want this repository to be a MongoDB repository, consider annotating your entities with one of these annotations: org.springframework.data.mongodb.core.mapping.Document (preferred), or consider extending one of the following types with your repository: org.springframework.data.mongodb.repository.MongoRepository
18:12:01.699 [restartedMain] INFO  o.s.d.r.c.RepositoryConfigurationExtensionSupport - Spring Data MongoDB - Could not safely identify store assignment for repository candidate interface ir.repository.SectionRepository; If you want this repository to be a MongoDB repository, consider annotating your entities with one of these annotations: org.springframework.data.mongodb.core.mapping.Document (preferred), or consider extending one of the following types with your repository: org.springframework.data.mongodb.repository.MongoRepository
18:12:01.699 [restartedMain] INFO  o.s.d.r.c.RepositoryConfigurationExtensionSupport - Spring Data MongoDB - Could not safely identify store assignment for repository candidate interface ir.repository.TicketRepository; If you want this repository to be a MongoDB repository, consider annotating your entities with one of these annotations: org.springframework.data.mongodb.core.mapping.Document (preferred), or consider extending one of the following types with your repository: org.springframework.data.mongodb.repository.MongoRepository
18:12:01.699 [restartedMain] INFO  o.s.d.r.c.RepositoryConfigurationExtensionSupport - Spring Data MongoDB - Could not safely identify store assignment for repository candidate interface ir.repository.UserRepository; If you want this repository to be a MongoDB repository, consider annotating your entities with one of these annotations: org.springframework.data.mongodb.core.mapping.Document (preferred), or consider extending one of the following types with your repository: org.springframework.data.mongodb.repository.MongoRepository
18:12:01.704 [restartedMain] INFO  o.s.d.r.c.RepositoryConfigurationDelegate - Finished Spring Data repository scanning in 17 ms. Found 1 MongoDB repository interface.
18:12:01.711 [restartedMain] INFO  o.s.d.r.c.RepositoryConfigurationDelegate - Multiple Spring Data modules found, entering strict repository configuration mode
18:12:01.712 [restartedMain] INFO  o.s.d.r.c.RepositoryConfigurationDelegate - Bootstrapping Spring Data Redis repositories in DEFAULT mode.
18:12:01.722 [restartedMain] INFO  o.s.d.r.c.RepositoryConfigurationExtensionSupport - Spring Data Redis - Could not safely identify store assignment for repository candidate interface ir.repository.AttachmentRepository; If you want this repository to be a Redis repository, consider annotating your entities with one of these annotations: org.springframework.data.redis.core.RedisHash (preferred), or consider extending one of the following types with your repository: org.springframework.data.keyvalue.repository.KeyValueRepository
18:12:01.722 [restartedMain] INFO  o.s.d.r.c.RepositoryConfigurationExtensionSupport - Spring Data Redis - Could not safely identify store assignment for repository candidate interface ir.repository.BuildingRepository; If you want this repository to be a Redis repository, consider annotating your entities with one of these annotations: org.springframework.data.redis.core.RedisHash (preferred), or consider extending one of the following types with your repository: org.springframework.data.keyvalue.repository.KeyValueRepository
18:12:01.722 [restartedMain] INFO  o.s.d.r.c.RepositoryConfigurationExtensionSupport - Spring Data Redis - Could not safely identify store assignment for repository candidate interface ir.repository.ImageRepository; If you want this repository to be a Redis repository, consider annotating your entities with one of these annotations: org.springframework.data.redis.core.RedisHash (preferred), or consider extending one of the following types with your repository: org.springframework.data.keyvalue.repository.KeyValueRepository
18:12:01.722 [restartedMain] INFO  o.s.d.r.c.RepositoryConfigurationExtensionSupport - Spring Data Redis - Could not safely identify store assignment for repository candidate interface ir.repository.MessageRepository; If you want this repository to be a Redis repository, consider annotating your entities with one of these annotations: org.springframework.data.redis.core.RedisHash (preferred), or consider extending one of the following types with your repository: org.springframework.data.keyvalue.repository.KeyValueRepository
18:12:01.722 [restartedMain] INFO  o.s.d.r.c.RepositoryConfigurationExtensionSupport - Spring Data Redis - Could not safely identify store assignment for repository candidate interface ir.repository.OutboxRepository; If you want this repository to be a Redis repository, consider annotating your entities with one of these annotations: org.springframework.data.redis.core.RedisHash (preferred), or consider extending one of the following types with your repository: org.springframework.data.keyvalue.repository.KeyValueRepository
18:12:01.722 [restartedMain] INFO  o.s.d.r.c.RepositoryConfigurationExtensionSupport - Spring Data Redis - Could not safely identify store assignment for repository candidate interface ir.repository.PermissionRepository; If you want this repository to be a Redis repository, consider annotating your entities with one of these annotations: org.springframework.data.redis.core.RedisHash (preferred), or consider extending one of the following types with your repository: org.springframework.data.keyvalue.repository.KeyValueRepository
18:12:01.722 [restartedMain] INFO  o.s.d.r.c.RepositoryConfigurationExtensionSupport - Spring Data Redis - Could not safely identify store assignment for repository candidate interface ir.repository.ProfileRepository; If you want this repository to be a Redis repository, consider annotating your entities with one of these annotations: org.springframework.data.redis.core.RedisHash (preferred), or consider extending one of the following types with your repository: org.springframework.data.keyvalue.repository.KeyValueRepository
18:12:01.723 [restartedMain] INFO  o.s.d.r.c.RepositoryConfigurationExtensionSupport - Spring Data Redis - Could not safely identify store assignment for repository candidate interface ir.repository.RoleRepository; If you want this repository to be a Redis repository, consider annotating your entities with one of these annotations: org.springframework.data.redis.core.RedisHash (preferred), or consider extending one of the following types with your repository: org.springframework.data.keyvalue.repository.KeyValueRepository
18:12:01.723 [restartedMain] INFO  o.s.d.r.c.RepositoryConfigurationExtensionSupport - Spring Data Redis - Could not safely identify store assignment for repository candidate interface ir.repository.SectionRepository; If you want this repository to be a Redis repository, consider annotating your entities with one of these annotations: org.springframework.data.redis.core.RedisHash (preferred), or consider extending one of the following types with your repository: org.springframework.data.keyvalue.repository.KeyValueRepository
18:12:01.723 [restartedMain] INFO  o.s.d.r.c.RepositoryConfigurationExtensionSupport - Spring Data Redis - Could not safely identify store assignment for repository candidate interface ir.repository.TicketRepository; If you want this repository to be a Redis repository, consider annotating your entities with one of these annotations: org.springframework.data.redis.core.RedisHash (preferred), or consider extending one of the following types with your repository: org.springframework.data.keyvalue.repository.KeyValueRepository
18:12:01.723 [restartedMain] INFO  o.s.d.r.c.RepositoryConfigurationExtensionSupport - Spring Data Redis - Could not safely identify store assignment for repository candidate interface ir.repository.UserRepository; If you want this repository to be a Redis repository, consider annotating your entities with one of these annotations: org.springframework.data.redis.core.RedisHash (preferred), or consider extending one of the following types with your repository: org.springframework.data.keyvalue.repository.KeyValueRepository
18:12:01.723 [restartedMain] INFO  o.s.d.r.c.RepositoryConfigurationDelegate - Finished Spring Data repository scanning in 5 ms. Found 0 Redis repository interfaces.
18:12:01.939 [restartedMain] INFO  o.s.cloud.context.scope.GenericScope - BeanFactory id=ec8fb375-c6ee-30e9-97e1-8f7fc9dca91b
18:12:02.644 [restartedMain] INFO  o.s.b.w.e.tomcat.TomcatWebServer - Tomcat initialized with port 8443 (https)
18:12:02.652 [restartedMain] INFO  o.a.coyote.http11.Http11NioProtocol - Initializing ProtocolHandler ["https-jsse-nio-8443"]
18:12:02.654 [restartedMain] INFO  o.a.catalina.core.StandardService - Starting service [Tomcat]
18:12:02.655 [restartedMain] INFO  o.a.catalina.core.StandardEngine - Starting Servlet engine: [Apache Tomcat/10.1.36]
18:12:02.697 [restartedMain] INFO  o.a.c.c.C.[Tomcat].[localhost].[/] - Initializing Spring embedded WebApplicationContext
18:12:02.697 [restartedMain] INFO  o.s.b.w.s.c.ServletWebServerApplicationContext - Root WebApplicationContext: initialization completed in 2128 ms
18:12:03.101 [restartedMain] INFO  o.h.jpa.internal.util.LogHelper - HHH000204: Processing PersistenceUnitInfo [name: default]
18:12:03.140 [restartedMain] INFO  org.hibernate.Version - HHH000412: Hibernate ORM core version 6.6.8.Final
18:12:03.165 [restartedMain] INFO  o.h.c.i.RegionFactoryInitiator - HHH000026: Second-level cache disabled
18:12:03.344 [restartedMain] INFO  o.s.o.j.p.SpringPersistenceUnitInfo - No LoadTimeWeaver setup: ignoring JPA class transformer
18:12:03.365 [restartedMain] INFO  com.zaxxer.hikari.HikariDataSource - HikariPool-1 - Starting...
18:12:03.554 [restartedMain] INFO  com.zaxxer.hikari.pool.HikariPool - HikariPool-1 - Added connection oracle.jdbc.driver.T4CConnection@43b4f788
18:12:03.556 [restartedMain] INFO  com.zaxxer.hikari.HikariDataSource - HikariPool-1 - Start completed.
18:12:03.665 [restartedMain] WARN  org.hibernate.orm.deprecation - HHH90000025: OracleDialect does not need to be specified explicitly using 'hibernate.dialect' (remove the property setting and it will be selected by default)
18:12:03.684 [restartedMain] INFO  o.hibernate.orm.connections.pooling - HHH10001005: Database info:
	Database JDBC URL [Connecting through datasource 'HikariDataSource (HikariPool-1)']
	Database driver: undefined/unknown
	Database version: 21.0
	Autocommit mode: undefined/unknown
	Isolation level: undefined/unknown
	Minimum pool size: undefined/unknown
	Maximum pool size: undefined/unknown
18:12:04.601 [restartedMain] INFO  o.h.e.t.j.p.i.JtaPlatformInitiator - HHH000489: No JTA platform available (set 'hibernate.transaction.jta.platform' to enable JTA platform integration)
18:12:04.756 [restartedMain] DEBUG org.hibernate.SQL - 
    alter table attachment_tbl 
       modify file_type smallint
18:12:04.770 [restartedMain] DEBUG org.hibernate.SQL - 
    alter table ticket_tbl 
       modify status smallint
18:12:04.829 [restartedMain] INFO  o.s.o.j.LocalContainerEntityManagerFactoryBean - Initialized JPA EntityManagerFactory for persistence unit 'default'
18:12:05.542 [restartedMain] INFO  o.s.d.j.r.query.QueryEnhancerFactory - Hibernate is in classpath; If applicable, HQL parser will be used.
18:12:06.075 [restartedMain] TRACE o.s.c.a.AnnotationCacheOperationSource - Adding cacheable method 'update' with operations: [Builder[public ir.model.entity.Section ir.service.impl.SectionServiceImpl.update(java.lang.Long,ir.model.entity.Section)] caches=[sections, sectionsPageable, sectionsFilter] | key='' | keyGenerator='' | cacheManager='' | cacheResolver='' | condition='',true,false]
18:12:06.078 [restartedMain] TRACE o.s.c.a.AnnotationCacheOperationSource - Adding cacheable method 'save' with operations: [Builder[public ir.model.entity.Section ir.service.impl.SectionServiceImpl.save(ir.model.entity.Section)] caches=[sections, sectionsPageable, sectionsFilter] | key='' | keyGenerator='' | cacheManager='' | cacheResolver='' | condition='',true,false]
18:12:06.078 [restartedMain] TRACE o.s.c.a.AnnotationCacheOperationSource - Adding cacheable method 'findAll' with operations: [Builder[public org.springframework.data.domain.Page ir.service.impl.SectionServiceImpl.findAll(org.springframework.data.domain.Pageable)] caches=[sectionsPageable] | key='' | keyGenerator='' | cacheManager='' | cacheResolver='' | condition='' | unless='' | sync='false']
18:12:06.079 [restartedMain] TRACE o.s.c.a.AnnotationCacheOperationSource - Adding cacheable method 'findAll' with operations: [Builder[public java.util.List ir.service.impl.SectionServiceImpl.findAll()] caches=[sections] | key='' | keyGenerator='' | cacheManager='' | cacheResolver='' | condition='' | unless='' | sync='false']
18:12:06.079 [restartedMain] TRACE o.s.c.a.AnnotationCacheOperationSource - Adding cacheable method 'deleteById' with operations: [Builder[public void ir.service.impl.SectionServiceImpl.deleteById(java.lang.Long)] caches=[sections, sectionsPageable, sectionsFilter] | key='' | keyGenerator='' | cacheManager='' | cacheResolver='' | condition='',true,false]
18:12:06.079 [restartedMain] TRACE o.s.c.a.AnnotationCacheOperationSource - Adding cacheable method 'saveAll' with operations: [Builder[public java.util.List ir.service.impl.SectionServiceImpl.saveAll(java.util.List)] caches=[sections, sectionsPageable, sectionsFilter] | key='' | keyGenerator='' | cacheManager='' | cacheResolver='' | condition='',true,false]
18:12:06.079 [restartedMain] TRACE o.s.c.a.AnnotationCacheOperationSource - Adding cacheable method 'findAllForFilter' with operations: [Builder[public java.util.List ir.service.impl.SectionServiceImpl.findAllForFilter()] caches=[sectionsFilter] | key='' | keyGenerator='' | cacheManager='' | cacheResolver='' | condition='' | unless='' | sync='false']
18:12:06.329 [restartedMain] INFO  org.mongodb.driver.client - MongoClient with metadata {"driver": {"name": "mongo-java-driver|sync|spring-boot", "version": "5.2.1"}, "os": {"type": "Windows", "name": "Windows 10", "architecture": "amd64", "version": "10.0"}, "platform": "Java/Oracle Corporation/17.0.12+8-LTS-286"} created with settings MongoClientSettings{readPreference=primary, writeConcern=WriteConcern{w=null, wTimeout=null ms, journal=null}, retryWrites=true, retryReads=true, readConcern=ReadConcern{level=null}, credential=null, transportSettings=null, commandListeners=[io.micrometer.core.instrument.binder.mongodb.MongoMetricsCommandListener@539eca89], codecRegistry=ProvidersCodecRegistry{codecProviders=[ValueCodecProvider{}, BsonValueCodecProvider{}, DBRefCodecProvider{}, DBObjectCodecProvider{}, DocumentCodecProvider{}, CollectionCodecProvider{}, IterableCodecProvider{}, MapCodecProvider{}, GeoJsonCodecProvider{}, GridFSFileCodecProvider{}, Jsr310CodecProvider{}, JsonObjectCodecProvider{}, BsonCodecProvider{}, EnumCodecProvider{}, com.mongodb.client.model.mql.ExpressionCodecProvider@47aa00ec, com.mongodb.Jep395RecordCodecProvider@612b0730, com.mongodb.KotlinCodecProvider@48d61646]}, loggerSettings=LoggerSettings{maxDocumentLength=1000}, clusterSettings={hosts=[localhost:27017], srvServiceName=mongodb, mode=SINGLE, requiredClusterType=UNKNOWN, requiredReplicaSetName='null', serverSelector='null', clusterListeners='[]', serverSelectionTimeout='30000 ms', localThreshold='15 ms'}, socketSettings=SocketSettings{connectTimeoutMS=10000, readTimeoutMS=0, receiveBufferSize=0, proxySettings=ProxySettings{host=null, port=null, username=null, password=null}}, heartbeatSocketSettings=SocketSettings{connectTimeoutMS=10000, readTimeoutMS=10000, receiveBufferSize=0, proxySettings=ProxySettings{host=null, port=null, username=null, password=null}}, connectionPoolSettings=ConnectionPoolSettings{maxSize=100, minSize=0, maxWaitTimeMS=120000, maxConnectionLifeTimeMS=0, maxConnectionIdleTimeMS=0, maintenanceInitialDelayMS=0, maintenanceFrequencyMS=60000, connectionPoolListeners=[io.micrometer.core.instrument.binder.mongodb.MongoMetricsConnectionPoolListener@5e012dfb], maxConnecting=2}, serverSettings=ServerSettings{heartbeatFrequencyMS=10000, minHeartbeatFrequencyMS=500, serverMonitoringMode=AUTO, serverListeners='[]', serverMonitorListeners='[]'}, sslSettings=SslSettings{enabled=false, invalidHostNameAllowed=false, context=null}, applicationName='null', compressorList=[], uuidRepresentation=JAVA_LEGACY, serverApi=null, autoEncryptionSettings=null, dnsClient=null, inetAddressResolver=null, contextProvider=null, timeoutMS=null}
18:12:06.341 [cluster-ClusterId{value='6972373e71b41c1c0a781361', description='null'}-localhost:27017] INFO  org.mongodb.driver.cluster - Monitor thread successfully connected to server with description ServerDescription{address=localhost:27017, type=STANDALONE, cryptd=false, state=CONNECTED, ok=true, minWireVersion=0, maxWireVersion=27, maxDocumentSize=16777216, logicalSessionTimeoutMinutes=30, roundTripTimeNanos=20919700, minRoundTripTimeNanos=0}
18:12:06.493 [restartedMain] INFO  o.s.b.d.a.OptionalLiveReloadServer - LiveReload server is running on port 35729
18:12:06.832 [restartedMain] WARN  o.s.b.a.o.j.JpaBaseConfiguration$JpaWebConfiguration - spring.jpa.open-in-view is enabled by default. Therefore, database queries may be performed during view rendering. Explicitly configure spring.jpa.open-in-view to disable this warning
18:12:07.536 [restartedMain] INFO  o.s.s.c.a.a.c.InitializeAuthenticationProviderBeanManagerConfigurer$InitializeAuthenticationProviderManagerConfigurer - Global AuthenticationManager configured with AuthenticationProvider bean with name authenticationProvider
18:12:07.537 [restartedMain] WARN  o.s.s.c.a.a.c.InitializeUserDetailsBeanManagerConfigurer$InitializeUserDetailsManagerConfigurer - Global AuthenticationManager configured with an AuthenticationProvider bean. UserDetailsService beans will not be used by Spring Security for automatically configuring username/password login. Consider removing the AuthenticationProvider bean. Alternatively, consider using the UserDetailsService in a manually instantiated DaoAuthenticationProvider. If the current configuration is intentional, to turn off this warning, increase the logging level of 'org.springframework.security.config.annotation.authentication.configuration.InitializeUserDetailsBeanManagerConfigurer' to ERROR
18:12:08.223 [restartedMain] INFO  o.s.b.a.e.web.EndpointLinksResolver - Exposing 3 endpoints beneath base path '/actuator'
18:12:08.420 [restartedMain] INFO  o.s.s.w.a.c.ChannelProcessingFilter - Validated configuration attributes
18:12:08.424 [restartedMain] DEBUG o.s.s.web.DefaultSecurityFilterChain - Will secure any request with filters: DisableEncodeUrlFilter, ChannelProcessingFilter, WebAsyncManagerIntegrationFilter, SecurityContextHolderFilter, HeaderWriterFilter, CorsFilter, CsrfFilter, LogoutFilter, UsernamePasswordAuthenticationFilter, ConcurrentSessionFilter, RequestCacheAwareFilter, SecurityContextHolderAwareRequestFilter, AnonymousAuthenticationFilter, SessionManagementFilter, ExceptionTranslationFilter, AuthorizationFilter
18:12:09.185 [restartedMain] INFO  o.s.b.a.h.H2ConsoleAutoConfiguration - H2 console available at '/h2-console'. Database available at 'jdbc:oracle:thin:@localhost:1521:xe'
18:12:10.511 [restartedMain] INFO  o.s.cloud.commons.util.InetUtils - Cannot determine local hostname
18:12:10.625 [restartedMain] INFO  o.a.coyote.http11.Http11NioProtocol - Starting ProtocolHandler ["https-jsse-nio-8443"]
18:12:10.681 [restartedMain] INFO  o.a.t.u.net.NioEndpoint.certificate - Connector [https-jsse-nio-8443], TLS virtual host [_default_], certificate type [UNDEFINED] configured from keystore [C:\Users\arbab\.keystore] using alias [ticketingkey] with trust store [null]
18:12:10.693 [restartedMain] INFO  o.s.b.w.e.tomcat.TomcatWebServer - Tomcat started on port 8443 (https) with context path '/'
18:12:11.843 [restartedMain] INFO  o.s.cloud.commons.util.InetUtils - Cannot determine local hostname
18:12:11.869 [restartedMain] INFO  o.a.k.c.consumer.ConsumerConfig - ConsumerConfig values: 
	allow.auto.create.topics = true
	auto.commit.interval.ms = 5000
	auto.include.jmx.reporter = true
	auto.offset.reset = earliest
	bootstrap.servers = [100.99.137.56:9092]
	check.crcs = true
	client.dns.lookup = use_all_dns_ips
	client.id = consumer-building-service-updater-1
	client.rack = 
	connections.max.idle.ms = 540000
	default.api.timeout.ms = 60000
	enable.auto.commit = false
	enable.metrics.push = true
	exclude.internal.topics = true
	fetch.max.bytes = 52428800
	fetch.max.wait.ms = 500
	fetch.min.bytes = 1
	group.id = building-service-updater
	group.instance.id = null
	group.protocol = classic
	group.remote.assignor = null
	heartbeat.interval.ms = 3000
	interceptor.classes = []
	internal.leave.group.on.close = true
	internal.throw.on.fetch.stable.offset.unsupported = false
	isolation.level = read_uncommitted
	key.deserializer = class org.apache.kafka.common.serialization.StringDeserializer
	max.partition.fetch.bytes = 1048576
	max.poll.interval.ms = 300000
	max.poll.records = 500
	metadata.max.age.ms = 300000
	metadata.recovery.strategy = none
	metric.reporters = []
	metrics.num.samples = 2
	metrics.recording.level = INFO
	metrics.sample.window.ms = 30000
	partition.assignment.strategy = [class org.apache.kafka.clients.consumer.RangeAssignor, class org.apache.kafka.clients.consumer.CooperativeStickyAssignor]
	receive.buffer.bytes = 65536
	reconnect.backoff.max.ms = 1000
	reconnect.backoff.ms = 50
	request.timeout.ms = 30000
	retry.backoff.max.ms = 1000
	retry.backoff.ms = 100
	sasl.client.callback.handler.class = null
	sasl.jaas.config = null
	sasl.kerberos.kinit.cmd = /usr/bin/kinit
	sasl.kerberos.min.time.before.relogin = 60000
	sasl.kerberos.service.name = null
	sasl.kerberos.ticket.renew.jitter = 0.05
	sasl.kerberos.ticket.renew.window.factor = 0.8
	sasl.login.callback.handler.class = null
	sasl.login.class = null
	sasl.login.connect.timeout.ms = null
	sasl.login.read.timeout.ms = null
	sasl.login.refresh.buffer.seconds = 300
	sasl.login.refresh.min.period.seconds = 60
	sasl.login.refresh.window.factor = 0.8
	sasl.login.refresh.window.jitter = 0.05
	sasl.login.retry.backoff.max.ms = 10000
	sasl.login.retry.backoff.ms = 100
	sasl.mechanism = GSSAPI
	sasl.oauthbearer.clock.skew.seconds = 30
	sasl.oauthbearer.expected.audience = null
	sasl.oauthbearer.expected.issuer = null
	sasl.oauthbearer.jwks.endpoint.refresh.ms = 3600000
	sasl.oauthbearer.jwks.endpoint.retry.backoff.max.ms = 10000
	sasl.oauthbearer.jwks.endpoint.retry.backoff.ms = 100
	sasl.oauthbearer.jwks.endpoint.url = null
	sasl.oauthbearer.scope.claim.name = scope
	sasl.oauthbearer.sub.claim.name = sub
	sasl.oauthbearer.token.endpoint.url = null
	security.protocol = PLAINTEXT
	security.providers = null
	send.buffer.bytes = 131072
	session.timeout.ms = 45000
	socket.connection.setup.timeout.max.ms = 30000
	socket.connection.setup.timeout.ms = 10000
	ssl.cipher.suites = null
	ssl.enabled.protocols = [TLSv1.2, TLSv1.3]
	ssl.endpoint.identification.algorithm = https
	ssl.engine.factory.class = null
	ssl.key.password = null
	ssl.keymanager.algorithm = SunX509
	ssl.keystore.certificate.chain = null
	ssl.keystore.key = null
	ssl.keystore.location = null
	ssl.keystore.password = null
	ssl.keystore.type = JKS
	ssl.protocol = TLSv1.3
	ssl.provider = null
	ssl.secure.random.implementation = null
	ssl.trustmanager.algorithm = PKIX
	ssl.truststore.certificates = null
	ssl.truststore.location = null
	ssl.truststore.password = null
	ssl.truststore.type = JKS
	value.deserializer = class org.apache.kafka.common.serialization.StringDeserializer

18:12:11.902 [restartedMain] INFO  o.a.k.c.t.i.KafkaMetricsCollector - initializing Kafka metrics collector
18:12:11.973 [restartedMain] INFO  o.a.kafka.common.utils.AppInfoParser - Kafka version: 3.8.1
18:12:11.973 [restartedMain] INFO  o.a.kafka.common.utils.AppInfoParser - Kafka commitId: 70d6ff42debf7e17
18:12:11.973 [restartedMain] INFO  o.a.kafka.common.utils.AppInfoParser - Kafka startTimeMs: 1769092931972
18:12:11.983 [restartedMain] INFO  o.a.k.c.c.i.LegacyKafkaConsumer - [Consumer clientId=consumer-building-service-updater-1, groupId=building-service-updater] Subscribed to topic(s): address-created-topic
18:12:12.005 [restartedMain] INFO  ir.TicketingSpringSample - Started TicketingSpringSample in 12.967 seconds (process running for 13.775)
18:12:12.019 [scheduling-1] DEBUG o.h.e.t.internal.TransactionImpl - On TransactionImpl creation, JpaCompliance#isJpaTransactionComplianceEnabled == false
18:12:12.019 [restartedMain] TRACE o.s.c.interceptor.CacheInterceptor - Computed cache key 'SimpleKey []' for operation Builder[public java.util.List ir.service.impl.SectionServiceImpl.findAll()] caches=[sections] | key='' | keyGenerator='' | cacheManager='' | cacheResolver='' | condition='' | unless='' | sync='false'
18:12:12.019 [scheduling-1] DEBUG o.h.e.t.internal.TransactionImpl - begin
18:12:12.020 [restartedMain] TRACE o.s.c.interceptor.CacheInterceptor - No cache entry for key 'SimpleKey []' in cache(s) [sections]
18:12:12.023 [restartedMain] DEBUG o.s.jdbc.datasource.DataSourceUtils - Setting JDBC Connection [HikariProxyConnection@2029579641 wrapping oracle.jdbc.driver.T4CConnection@65ec4ebd] read-only
18:12:12.024 [restartedMain] DEBUG o.h.e.t.internal.TransactionImpl - On TransactionImpl creation, JpaCompliance#isJpaTransactionComplianceEnabled == false
18:12:12.024 [restartedMain] DEBUG o.h.e.t.internal.TransactionImpl - begin
18:12:12.083 [scheduling-1] DEBUG org.hibernate.SQL - 
    /* <criteria> */ select
        oe1_0.id,
        oe1_0.aggregate_id,
        oe1_0.aggregate_type,
        oe1_0.created_at,
        oe1_0.deleted,
        oe1_0.event_type,
        oe1_0.payload,
        oe1_0.published 
    from
        outbox_tbl oe1_0 
    where
        (
            oe1_0.deleted = 0
        ) 
        and oe1_0.published=0 
    order by
        oe1_0.created_at
18:12:12.083 [restartedMain] DEBUG org.hibernate.SQL - 
    /* <criteria> */ select
        s1_0.id,
        s1_0.building_id,
        s1_0.deleted,
        s1_0.parent_section_id,
        s1_0.title 
    from
        section_table s1_0 
    where
        (
            s1_0.deleted = 0
        )
18:12:12.104 [restartedMain] TRACE org.hibernate.orm.jdbc.extract - extracted value (1:BIGINT) -> [1]
18:12:12.108 [restartedMain] TRACE org.hibernate.orm.jdbc.extract - extracted value (2:BIGINT) -> [54]
18:12:12.110 [scheduling-1] DEBUG o.h.e.t.internal.TransactionImpl - committing
18:12:12.116 [restartedMain] TRACE org.hibernate.orm.jdbc.extract - extracted value (4:BIGINT) -> [null]
18:12:12.117 [restartedMain] TRACE org.hibernate.orm.jdbc.extract - extracted value (3:BOOLEAN) -> [false]
18:12:12.117 [restartedMain] TRACE org.hibernate.orm.jdbc.extract - extracted value (5:VARCHAR) -> [MAIN SECTION]
18:12:12.121 [restartedMain] TRACE org.hibernate.orm.jdbc.extract - extracted value (1:BIGINT) -> [2]
18:12:12.121 [restartedMain] TRACE org.hibernate.orm.jdbc.extract - extracted value (2:BIGINT) -> [23]
18:12:12.121 [restartedMain] TRACE org.hibernate.orm.jdbc.extract - extracted value (4:BIGINT) -> [1]
18:12:12.121 [restartedMain] TRACE org.hibernate.orm.jdbc.extract - extracted value (3:BOOLEAN) -> [false]
18:12:12.121 [restartedMain] TRACE org.hibernate.orm.jdbc.extract - extracted value (5:VARCHAR) -> [HSE]
18:12:12.122 [restartedMain] TRACE org.hibernate.orm.jdbc.extract - extracted value (1:BIGINT) -> [3]
18:12:12.122 [restartedMain] TRACE org.hibernate.orm.jdbc.extract - extracted value (2:BIGINT) -> [null]
18:12:12.122 [restartedMain] TRACE org.hibernate.orm.jdbc.extract - extracted value (4:BIGINT) -> [1]
18:12:12.122 [restartedMain] TRACE org.hibernate.orm.jdbc.extract - extracted value (3:BOOLEAN) -> [false]
18:12:12.122 [restartedMain] TRACE org.hibernate.orm.jdbc.extract - extracted value (5:VARCHAR) -> [TRANSPORT]
18:12:12.122 [restartedMain] TRACE org.hibernate.orm.jdbc.extract - extracted value (1:BIGINT) -> [4]
18:12:12.122 [restartedMain] TRACE org.hibernate.orm.jdbc.extract - extracted value (2:BIGINT) -> [23]
18:12:12.122 [restartedMain] TRACE org.hibernate.orm.jdbc.extract - extracted value (4:BIGINT) -> [3]
18:12:12.122 [restartedMain] TRACE org.hibernate.orm.jdbc.extract - extracted value (3:BOOLEAN) -> [false]
18:12:12.122 [restartedMain] TRACE org.hibernate.orm.jdbc.extract - extracted value (5:VARCHAR) -> [BUS]
18:12:12.122 [restartedMain] TRACE org.hibernate.orm.jdbc.extract - extracted value (1:BIGINT) -> [5]
18:12:12.122 [restartedMain] TRACE org.hibernate.orm.jdbc.extract - extracted value (2:BIGINT) -> [null]
18:12:12.123 [restartedMain] TRACE org.hibernate.orm.jdbc.extract - extracted value (4:BIGINT) -> [3]
18:12:12.123 [restartedMain] TRACE org.hibernate.orm.jdbc.extract - extracted value (3:BOOLEAN) -> [false]
18:12:12.123 [restartedMain] TRACE org.hibernate.orm.jdbc.extract - extracted value (5:VARCHAR) -> [TAXI]
18:12:12.123 [restartedMain] TRACE org.hibernate.orm.jdbc.extract - extracted value (1:BIGINT) -> [21]
18:12:12.123 [restartedMain] TRACE org.hibernate.orm.jdbc.extract - extracted value (2:BIGINT) -> [null]
18:12:12.123 [restartedMain] TRACE org.hibernate.orm.jdbc.extract - extracted value (4:BIGINT) -> [3]
18:12:12.123 [restartedMain] TRACE org.hibernate.orm.jdbc.extract - extracted value (3:BOOLEAN) -> [false]
18:12:12.123 [restartedMain] TRACE org.hibernate.orm.jdbc.extract - extracted value (5:VARCHAR) -> [TEST B]
18:12:12.127 [restartedMain] DEBUG org.hibernate.SQL - 
    select
        csl1_0.parent_section_id,
        csl1_0.id,
        csl1_0.building_id,
        csl1_0.deleted,
        csl1_0.title 
    from
        section_table csl1_0 
    where
        csl1_0.parent_section_id=? 
        and (
            csl1_0.deleted = 0
        )
18:12:12.128 [restartedMain] TRACE org.hibernate.orm.jdbc.bind - binding parameter (1:BIGINT) <- [21]
18:12:12.137 [restartedMain] DEBUG org.hibernate.SQL - 
    select
        csl1_0.parent_section_id,
        csl1_0.id,
        csl1_0.building_id,
        csl1_0.deleted,
        csl1_0.title 
    from
        section_table csl1_0 
    where
        csl1_0.parent_section_id=? 
        and (
            csl1_0.deleted = 0
        )
18:12:12.137 [restartedMain] TRACE org.hibernate.orm.jdbc.bind - binding parameter (1:BIGINT) <- [5]
18:12:12.138 [restartedMain] DEBUG org.hibernate.SQL - 
    select
        csl1_0.parent_section_id,
        csl1_0.id,
        csl1_0.building_id,
        csl1_0.deleted,
        csl1_0.title 
    from
        section_table csl1_0 
    where
        csl1_0.parent_section_id=? 
        and (
            csl1_0.deleted = 0
        )
18:12:12.138 [restartedMain] TRACE org.hibernate.orm.jdbc.bind - binding parameter (1:BIGINT) <- [4]
18:12:12.139 [restartedMain] DEBUG org.hibernate.SQL - 
    select
        csl1_0.parent_section_id,
        csl1_0.id,
        csl1_0.building_id,
        csl1_0.deleted,
        csl1_0.title 
    from
        section_table csl1_0 
    where
        csl1_0.parent_section_id=? 
        and (
            csl1_0.deleted = 0
        )
18:12:12.139 [restartedMain] TRACE org.hibernate.orm.jdbc.bind - binding parameter (1:BIGINT) <- [3]
18:12:12.140 [restartedMain] TRACE org.hibernate.orm.jdbc.extract - extracted value (1:BIGINT) -> [3]
18:12:12.140 [restartedMain] TRACE org.hibernate.orm.jdbc.extract - extracted value (2:BIGINT) -> [4]
18:12:12.141 [restartedMain] TRACE org.hibernate.orm.jdbc.extract - extracted value (1:BIGINT) -> [3]
18:12:12.141 [restartedMain] TRACE org.hibernate.orm.jdbc.extract - extracted value (2:BIGINT) -> [5]
18:12:12.141 [restartedMain] TRACE org.hibernate.orm.jdbc.extract - extracted value (1:BIGINT) -> [3]
18:12:12.141 [restartedMain] TRACE org.hibernate.orm.jdbc.extract - extracted value (2:BIGINT) -> [21]
18:12:12.142 [restartedMain] DEBUG org.hibernate.SQL - 
    select
        csl1_0.parent_section_id,
        csl1_0.id,
        csl1_0.building_id,
        csl1_0.deleted,
        csl1_0.title 
    from
        section_table csl1_0 
    where
        csl1_0.parent_section_id=? 
        and (
            csl1_0.deleted = 0
        )
18:12:12.142 [restartedMain] TRACE org.hibernate.orm.jdbc.bind - binding parameter (1:BIGINT) <- [2]
18:12:12.143 [restartedMain] DEBUG org.hibernate.SQL - 
    select
        csl1_0.parent_section_id,
        csl1_0.id,
        csl1_0.building_id,
        csl1_0.deleted,
        csl1_0.title 
    from
        section_table csl1_0 
    where
        csl1_0.parent_section_id=? 
        and (
            csl1_0.deleted = 0
        )
18:12:12.143 [restartedMain] TRACE org.hibernate.orm.jdbc.bind - binding parameter (1:BIGINT) <- [1]
18:12:12.144 [restartedMain] TRACE org.hibernate.orm.jdbc.extract - extracted value (1:BIGINT) -> [1]
18:12:12.144 [restartedMain] TRACE org.hibernate.orm.jdbc.extract - extracted value (2:BIGINT) -> [2]
18:12:12.144 [restartedMain] TRACE org.hibernate.orm.jdbc.extract - extracted value (1:BIGINT) -> [1]
18:12:12.144 [restartedMain] TRACE org.hibernate.orm.jdbc.extract - extracted value (2:BIGINT) -> [3]
18:12:12.145 [restartedMain] DEBUG o.h.e.t.internal.TransactionImpl - committing
18:12:12.145 [restartedMain] DEBUG o.s.jdbc.datasource.DataSourceUtils - Resetting read-only flag of JDBC Connection [HikariProxyConnection@2029579641 wrapping oracle.jdbc.driver.T4CConnection@65ec4ebd]
18:12:12.146 [restartedMain] WARN  o.h.e.jdbc.spi.SqlExceptionHelper - SQL Warning Code: 28002, SQLState: 99999
18:12:12.146 [restartedMain] WARN  o.h.e.jdbc.spi.SqlExceptionHelper - ORA-28002: the password will expire within 2 days

18:12:12.148 [restartedMain] TRACE o.s.c.interceptor.CacheInterceptor - Creating cache entry for key 'SimpleKey []' in cache(s) [sections]
18:12:12.148 [restartedMain] TRACE o.s.c.interceptor.CacheInterceptor - Computed cache key 'Page request [number: 0, size 50, sort: UNSORTED]' for operation Builder[public org.springframework.data.domain.Page ir.service.impl.SectionServiceImpl.findAll(org.springframework.data.domain.Pageable)] caches=[sectionsPageable] | key='' | keyGenerator='' | cacheManager='' | cacheResolver='' | condition='' | unless='' | sync='false'
18:12:12.148 [restartedMain] TRACE o.s.c.interceptor.CacheInterceptor - No cache entry for key 'Page request [number: 0, size 50, sort: UNSORTED]' in cache(s) [sectionsPageable]
18:12:12.148 [restartedMain] DEBUG o.s.jdbc.datasource.DataSourceUtils - Setting JDBC Connection [HikariProxyConnection@1008901402 wrapping oracle.jdbc.driver.T4CConnection@65ec4ebd] read-only
18:12:12.148 [restartedMain] DEBUG o.h.e.t.internal.TransactionImpl - On TransactionImpl creation, JpaCompliance#isJpaTransactionComplianceEnabled == false
18:12:12.148 [restartedMain] DEBUG o.h.e.t.internal.TransactionImpl - begin
18:12:12.150 [restartedMain] DEBUG org.hibernate.SQL - 
    /* <criteria> */ select
        s1_0.id,
        s1_0.building_id,
        s1_0.deleted,
        s1_0.parent_section_id,
        s1_0.title 
    from
        section_table s1_0 
    where
        (
            s1_0.deleted = 0
        ) 
    offset
        ? rows 
    fetch
        first ? rows only
18:12:12.151 [restartedMain] TRACE org.hibernate.orm.jdbc.bind - binding parameter (1:INTEGER) <- [0]
18:12:12.151 [restartedMain] TRACE org.hibernate.orm.jdbc.bind - binding parameter (2:INTEGER) <- [50]
18:12:12.152 [restartedMain] TRACE org.hibernate.orm.jdbc.extract - extracted value (1:BIGINT) -> [1]
18:12:12.152 [restartedMain] TRACE org.hibernate.orm.jdbc.extract - extracted value (2:BIGINT) -> [54]
18:12:12.152 [restartedMain] TRACE org.hibernate.orm.jdbc.extract - extracted value (4:BIGINT) -> [null]
18:12:12.153 [restartedMain] TRACE org.hibernate.orm.jdbc.extract - extracted value (3:BOOLEAN) -> [false]
18:12:12.153 [restartedMain] TRACE org.hibernate.orm.jdbc.extract - extracted value (5:VARCHAR) -> [MAIN SECTION]
18:12:12.153 [restartedMain] TRACE org.hibernate.orm.jdbc.extract - extracted value (1:BIGINT) -> [2]
18:12:12.153 [restartedMain] TRACE org.hibernate.orm.jdbc.extract - extracted value (2:BIGINT) -> [23]
18:12:12.153 [restartedMain] TRACE org.hibernate.orm.jdbc.extract - extracted value (4:BIGINT) -> [1]
18:12:12.153 [restartedMain] TRACE org.hibernate.orm.jdbc.extract - extracted value (3:BOOLEAN) -> [false]
18:12:12.153 [restartedMain] TRACE org.hibernate.orm.jdbc.extract - extracted value (5:VARCHAR) -> [HSE]
18:12:12.153 [restartedMain] TRACE org.hibernate.orm.jdbc.extract - extracted value (1:BIGINT) -> [3]
18:12:12.153 [restartedMain] TRACE org.hibernate.orm.jdbc.extract - extracted value (2:BIGINT) -> [null]
18:12:12.153 [restartedMain] TRACE org.hibernate.orm.jdbc.extract - extracted value (4:BIGINT) -> [1]
18:12:12.153 [restartedMain] TRACE org.hibernate.orm.jdbc.extract - extracted value (3:BOOLEAN) -> [false]
18:12:12.153 [restartedMain] TRACE org.hibernate.orm.jdbc.extract - extracted value (5:VARCHAR) -> [TRANSPORT]
18:12:12.153 [restartedMain] TRACE org.hibernate.orm.jdbc.extract - extracted value (1:BIGINT) -> [4]
18:12:12.153 [restartedMain] TRACE org.hibernate.orm.jdbc.extract - extracted value (2:BIGINT) -> [23]
18:12:12.153 [restartedMain] TRACE org.hibernate.orm.jdbc.extract - extracted value (4:BIGINT) -> [3]
18:12:12.153 [restartedMain] TRACE org.hibernate.orm.jdbc.extract - extracted value (3:BOOLEAN) -> [false]
18:12:12.154 [restartedMain] TRACE org.hibernate.orm.jdbc.extract - extracted value (5:VARCHAR) -> [BUS]
18:12:12.154 [restartedMain] TRACE org.hibernate.orm.jdbc.extract - extracted value (1:BIGINT) -> [5]
18:12:12.154 [restartedMain] TRACE org.hibernate.orm.jdbc.extract - extracted value (2:BIGINT) -> [null]
18:12:12.154 [restartedMain] TRACE org.hibernate.orm.jdbc.extract - extracted value (4:BIGINT) -> [3]
18:12:12.154 [restartedMain] TRACE org.hibernate.orm.jdbc.extract - extracted value (3:BOOLEAN) -> [false]
18:12:12.154 [restartedMain] TRACE org.hibernate.orm.jdbc.extract - extracted value (5:VARCHAR) -> [TAXI]
18:12:12.154 [restartedMain] TRACE org.hibernate.orm.jdbc.extract - extracted value (1:BIGINT) -> [21]
18:12:12.154 [restartedMain] TRACE org.hibernate.orm.jdbc.extract - extracted value (2:BIGINT) -> [null]
18:12:12.154 [restartedMain] TRACE org.hibernate.orm.jdbc.extract - extracted value (4:BIGINT) -> [3]
18:12:12.154 [restartedMain] TRACE org.hibernate.orm.jdbc.extract - extracted value (3:BOOLEAN) -> [false]
18:12:12.154 [restartedMain] TRACE org.hibernate.orm.jdbc.extract - extracted value (5:VARCHAR) -> [TEST B]
18:12:12.154 [restartedMain] DEBUG org.hibernate.SQL - 
    select
        csl1_0.parent_section_id,
        csl1_0.id,
        csl1_0.building_id,
        csl1_0.deleted,
        csl1_0.title 
    from
        section_table csl1_0 
    where
        csl1_0.parent_section_id=? 
        and (
            csl1_0.deleted = 0
        )
18:12:12.155 [restartedMain] TRACE org.hibernate.orm.jdbc.bind - binding parameter (1:BIGINT) <- [21]
18:12:12.155 [restartedMain] DEBUG org.hibernate.SQL - 
    select
        csl1_0.parent_section_id,
        csl1_0.id,
        csl1_0.building_id,
        csl1_0.deleted,
        csl1_0.title 
    from
        section_table csl1_0 
    where
        csl1_0.parent_section_id=? 
        and (
            csl1_0.deleted = 0
        )
18:12:12.156 [restartedMain] TRACE org.hibernate.orm.jdbc.bind - binding parameter (1:BIGINT) <- [5]
18:12:12.156 [restartedMain] DEBUG org.hibernate.SQL - 
    select
        csl1_0.parent_section_id,
        csl1_0.id,
        csl1_0.building_id,
        csl1_0.deleted,
        csl1_0.title 
    from
        section_table csl1_0 
    where
        csl1_0.parent_section_id=? 
        and (
            csl1_0.deleted = 0
        )
18:12:12.156 [restartedMain] TRACE org.hibernate.orm.jdbc.bind - binding parameter (1:BIGINT) <- [4]
18:12:12.157 [restartedMain] DEBUG org.hibernate.SQL - 
    select
        csl1_0.parent_section_id,
        csl1_0.id,
        csl1_0.building_id,
        csl1_0.deleted,
        csl1_0.title 
    from
        section_table csl1_0 
    where
        csl1_0.parent_section_id=? 
        and (
            csl1_0.deleted = 0
        )
18:12:12.157 [restartedMain] TRACE org.hibernate.orm.jdbc.bind - binding parameter (1:BIGINT) <- [3]
18:12:12.158 [restartedMain] TRACE org.hibernate.orm.jdbc.extract - extracted value (1:BIGINT) -> [3]
18:12:12.158 [restartedMain] TRACE org.hibernate.orm.jdbc.extract - extracted value (2:BIGINT) -> [4]
18:12:12.158 [restartedMain] TRACE org.hibernate.orm.jdbc.extract - extracted value (1:BIGINT) -> [3]
18:12:12.158 [restartedMain] TRACE org.hibernate.orm.jdbc.extract - extracted value (2:BIGINT) -> [5]
18:12:12.158 [restartedMain] TRACE org.hibernate.orm.jdbc.extract - extracted value (1:BIGINT) -> [3]
18:12:12.158 [restartedMain] TRACE org.hibernate.orm.jdbc.extract - extracted value (2:BIGINT) -> [21]
18:12:12.158 [restartedMain] DEBUG org.hibernate.SQL - 
    select
        csl1_0.parent_section_id,
        csl1_0.id,
        csl1_0.building_id,
        csl1_0.deleted,
        csl1_0.title 
    from
        section_table csl1_0 
    where
        csl1_0.parent_section_id=? 
        and (
            csl1_0.deleted = 0
        )
18:12:12.158 [restartedMain] TRACE org.hibernate.orm.jdbc.bind - binding parameter (1:BIGINT) <- [2]
18:12:12.159 [restartedMain] DEBUG org.hibernate.SQL - 
    select
        csl1_0.parent_section_id,
        csl1_0.id,
        csl1_0.building_id,
        csl1_0.deleted,
        csl1_0.title 
    from
        section_table csl1_0 
    where
        csl1_0.parent_section_id=? 
        and (
            csl1_0.deleted = 0
        )
18:12:12.159 [restartedMain] TRACE org.hibernate.orm.jdbc.bind - binding parameter (1:BIGINT) <- [1]
18:12:12.159 [restartedMain] TRACE org.hibernate.orm.jdbc.extract - extracted value (1:BIGINT) -> [1]
18:12:12.159 [restartedMain] TRACE org.hibernate.orm.jdbc.extract - extracted value (2:BIGINT) -> [2]
18:12:12.160 [restartedMain] TRACE org.hibernate.orm.jdbc.extract - extracted value (1:BIGINT) -> [1]
18:12:12.160 [restartedMain] TRACE org.hibernate.orm.jdbc.extract - extracted value (2:BIGINT) -> [3]
18:12:12.162 [restartedMain] DEBUG o.h.e.t.internal.TransactionImpl - committing
18:12:12.162 [restartedMain] DEBUG o.s.jdbc.datasource.DataSourceUtils - Resetting read-only flag of JDBC Connection [HikariProxyConnection@1008901402 wrapping oracle.jdbc.driver.T4CConnection@65ec4ebd]
18:12:12.162 [restartedMain] TRACE o.s.c.interceptor.CacheInterceptor - Creating cache entry for key 'Page request [number: 0, size 50, sort: UNSORTED]' in cache(s) [sectionsPageable]
18:12:12.162 [restartedMain] TRACE o.s.c.interceptor.CacheInterceptor - Computed cache key 'SimpleKey []' for operation Builder[public java.util.List ir.service.impl.SectionServiceImpl.findAllForFilter()] caches=[sectionsFilter] | key='' | keyGenerator='' | cacheManager='' | cacheResolver='' | condition='' | unless='' | sync='false'
18:12:12.163 [restartedMain] TRACE o.s.c.interceptor.CacheInterceptor - No cache entry for key 'SimpleKey []' in cache(s) [sectionsFilter]
18:12:12.163 [restartedMain] DEBUG o.s.jdbc.datasource.DataSourceUtils - Setting JDBC Connection [HikariProxyConnection@539162685 wrapping oracle.jdbc.driver.T4CConnection@65ec4ebd] read-only
18:12:12.163 [restartedMain] DEBUG o.h.e.t.internal.TransactionImpl - On TransactionImpl creation, JpaCompliance#isJpaTransactionComplianceEnabled == false
18:12:12.163 [restartedMain] DEBUG o.h.e.t.internal.TransactionImpl - begin
18:12:12.167 [restartedMain] DEBUG org.hibernate.SQL - 
    /* SELECT
        new  ir.dto.SectionFilterDto(s.id, s.title) 
    FROM
        sectionEntity s 
    where
        s.deleted = false */ select
            s1_0.id,
            s1_0.title 
        from
            section_table s1_0 
        where
            (
                s1_0.deleted = 0
            ) 
            and s1_0.deleted=0
18:12:12.169 [restartedMain] TRACE org.hibernate.orm.jdbc.extract - extracted value (1:BIGINT) -> [1]
18:12:12.169 [restartedMain] TRACE org.hibernate.orm.jdbc.extract - extracted value (2:VARCHAR) -> [MAIN SECTION]
18:12:12.169 [restartedMain] TRACE org.hibernate.orm.jdbc.extract - extracted value (1:BIGINT) -> [2]
18:12:12.169 [restartedMain] TRACE org.hibernate.orm.jdbc.extract - extracted value (2:VARCHAR) -> [HSE]
18:12:12.169 [restartedMain] TRACE org.hibernate.orm.jdbc.extract - extracted value (1:BIGINT) -> [3]
18:12:12.169 [restartedMain] TRACE org.hibernate.orm.jdbc.extract - extracted value (2:VARCHAR) -> [TRANSPORT]
18:12:12.169 [restartedMain] TRACE org.hibernate.orm.jdbc.extract - extracted value (1:BIGINT) -> [4]
18:12:12.169 [restartedMain] TRACE org.hibernate.orm.jdbc.extract - extracted value (2:VARCHAR) -> [BUS]
18:12:12.169 [restartedMain] TRACE org.hibernate.orm.jdbc.extract - extracted value (1:BIGINT) -> [5]
18:12:12.169 [restartedMain] TRACE org.hibernate.orm.jdbc.extract - extracted value (2:VARCHAR) -> [TAXI]
18:12:12.169 [restartedMain] TRACE org.hibernate.orm.jdbc.extract - extracted value (1:BIGINT) -> [21]
18:12:12.169 [restartedMain] TRACE org.hibernate.orm.jdbc.extract - extracted value (2:VARCHAR) -> [TEST B]
18:12:12.170 [restartedMain] DEBUG o.h.e.t.internal.TransactionImpl - committing
18:12:12.170 [restartedMain] DEBUG o.s.jdbc.datasource.DataSourceUtils - Resetting read-only flag of JDBC Connection [HikariProxyConnection@539162685 wrapping oracle.jdbc.driver.T4CConnection@65ec4ebd]
18:12:12.171 [restartedMain] TRACE o.s.c.interceptor.CacheInterceptor - Creating cache entry for key 'SimpleKey []' in cache(s) [sectionsFilter]
18:12:12.171 [restartedMain] INFO  ir.config.SectionCacheWarmup - **************************************************************  cache sections  ***************************************************************
18:12:12.172 [restartedMain] INFO  ir.TicketingSpringSample - **************************************************************Spring Boot Application Started
18:12:12.817 [RMI TCP Connection(2)-169.254.83.107] INFO  o.a.c.c.C.[Tomcat].[localhost].[/] - Initializing Spring DispatcherServlet 'dispatcherServlet'
18:12:12.817 [RMI TCP Connection(2)-169.254.83.107] INFO  o.s.web.servlet.DispatcherServlet - Initializing Servlet 'dispatcherServlet'
18:12:12.823 [RMI TCP Connection(2)-169.254.83.107] INFO  o.s.web.servlet.DispatcherServlet - Completed initialization in 6 ms
18:12:12.946 [RMI TCP Connection(1)-169.254.83.107] DEBUG o.s.jdbc.datasource.DataSourceUtils - Fetching JDBC Connection from DataSource
18:12:12.952 [RMI TCP Connection(1)-169.254.83.107] DEBUG o.s.jdbc.datasource.DataSourceUtils - Fetching JDBC Connection from DataSource
18:12:13.408 [boundedElastic-1] WARN  o.s.b.a.d.r.RedisReactiveHealthIndicator - Redis health check failed
org.springframework.data.redis.RedisConnectionFailureException: Unable to connect to Redis
	at org.springframework.data.redis.connection.lettuce.LettuceConnectionFactory$ExceptionTranslatingConnectionProvider.translateException(LettuceConnectionFactory.java:1858)
	at org.springframework.data.redis.connection.lettuce.LettuceConnectionFactory$ExceptionTranslatingConnectionProvider.getConnection(LettuceConnectionFactory.java:1789)
	at org.springframework.data.redis.connection.lettuce.LettuceConnectionFactory$SharedConnection.getNativeConnection(LettuceConnectionFactory.java:1586)
	at org.springframework.data.redis.connection.lettuce.LettuceConnectionFactory$SharedConnection.lambda$getConnection$0(LettuceConnectionFactory.java:1566)
	at org.springframework.data.redis.connection.lettuce.LettuceConnectionFactory.doInLock(LettuceConnectionFactory.java:1527)
	at org.springframework.data.redis.connection.lettuce.LettuceConnectionFactory$SharedConnection.getConnection(LettuceConnectionFactory.java:1563)
	at org.springframework.data.redis.connection.lettuce.LettuceConnectionFactory.getSharedReactiveConnection(LettuceConnectionFactory.java:1274)
	at org.springframework.data.redis.connection.lettuce.LettuceConnectionFactory.getReactiveConnection(LettuceConnectionFactory.java:1149)
	at org.springframework.data.redis.connection.lettuce.LettuceConnectionFactory.getReactiveConnection(LettuceConnectionFactory.java:120)
	at reactor.core.publisher.MonoSupplier.call(MonoSupplier.java:67)
	at reactor.core.publisher.FluxSubscribeOnCallable$CallableSubscribeOnSubscription.run(FluxSubscribeOnCallable.java:228)
	at reactor.core.scheduler.SchedulerTask.call(SchedulerTask.java:68)
	at reactor.core.scheduler.SchedulerTask.call(SchedulerTask.java:28)
	at java.base/java.util.concurrent.FutureTask.run(FutureTask.java:264)
	at java.base/java.util.concurrent.ScheduledThreadPoolExecutor$ScheduledFutureTask.run(ScheduledThreadPoolExecutor.java:304)
	at java.base/java.util.concurrent.ThreadPoolExecutor.runWorker(ThreadPoolExecutor.java:1136)
	at java.base/java.util.concurrent.ThreadPoolExecutor$Worker.run(ThreadPoolExecutor.java:635)
	at java.base/java.lang.Thread.run(Thread.java:842)
Caused by: io.lettuce.core.RedisConnectionException: Unable to connect to localhost/<unresolved>:6379
	at io.lettuce.core.RedisConnectionException.create(RedisConnectionException.java:63)
	at io.lettuce.core.RedisConnectionException.create(RedisConnectionException.java:41)
	at io.lettuce.core.AbstractRedisClient.getConnection(AbstractRedisClient.java:354)
	at io.lettuce.core.RedisClient.connect(RedisClient.java:219)
	at org.springframework.data.redis.connection.lettuce.StandaloneConnectionProvider.lambda$getConnection$1(StandaloneConnectionProvider.java:112)
	at java.base/java.util.Optional.orElseGet(Optional.java:364)
	at org.springframework.data.redis.connection.lettuce.StandaloneConnectionProvider.getConnection(StandaloneConnectionProvider.java:112)
	at org.springframework.data.redis.connection.lettuce.LettuceConnectionFactory$ExceptionTranslatingConnectionProvider.getConnection(LettuceConnectionFactory.java:1787)
	... 16 common frames omitted
Caused by: io.netty.channel.AbstractChannel$AnnotatedConnectException: Connection refused: no further information: localhost/127.0.0.1:6379
Caused by: java.net.ConnectException: Connection refused: no further information
	at java.base/sun.nio.ch.Net.pollConnect(Native Method)
	at java.base/sun.nio.ch.Net.pollConnectNow(Net.java:672)
	at java.base/sun.nio.ch.SocketChannelImpl.finishConnect(SocketChannelImpl.java:946)
	at io.netty.channel.socket.nio.NioSocketChannel.doFinishConnect(NioSocketChannel.java:336)
	at io.netty.channel.nio.AbstractNioChannel$AbstractNioUnsafe.finishConnect(AbstractNioChannel.java:339)
	at io.netty.channel.nio.NioEventLoop.processSelectedKey(NioEventLoop.java:784)
	at io.netty.channel.nio.NioEventLoop.processSelectedKeysOptimized(NioEventLoop.java:732)
	at io.netty.channel.nio.NioEventLoop.processSelectedKeys(NioEventLoop.java:658)
	at io.netty.channel.nio.NioEventLoop.run(NioEventLoop.java:562)
	at io.netty.util.concurrent.SingleThreadEventExecutor$4.run(SingleThreadEventExecutor.java:998)
	at io.netty.util.internal.ThreadExecutorMap$2.run(ThreadExecutorMap.java:74)
	at io.netty.util.concurrent.FastThreadLocalRunnable.run(FastThreadLocalRunnable.java:30)
	at java.base/java.lang.Thread.run(Thread.java:842)
18:12:14.126 [scheduling-1] DEBUG o.h.e.t.internal.TransactionImpl - On TransactionImpl creation, JpaCompliance#isJpaTransactionComplianceEnabled == false
18:12:14.126 [scheduling-1] DEBUG o.h.e.t.internal.TransactionImpl - begin
18:12:14.128 [scheduling-1] DEBUG org.hibernate.SQL - 
    /* <criteria> */ select
        oe1_0.id,
        oe1_0.aggregate_id,
        oe1_0.aggregate_type,
        oe1_0.created_at,
        oe1_0.deleted,
        oe1_0.event_type,
        oe1_0.payload,
        oe1_0.published 
    from
        outbox_tbl oe1_0 
    where
        (
            oe1_0.deleted = 0
        ) 
        and oe1_0.published=0 
    order by
        oe1_0.created_at
18:12:14.130 [scheduling-1] DEBUG o.h.e.t.internal.TransactionImpl - committing
18:12:16.135 [scheduling-1] DEBUG o.h.e.t.internal.TransactionImpl - On TransactionImpl creation, JpaCompliance#isJpaTransactionComplianceEnabled == false
18:12:16.135 [scheduling-1] DEBUG o.h.e.t.internal.TransactionImpl - begin
18:12:16.137 [scheduling-1] DEBUG org.hibernate.SQL - 
    /* <criteria> */ select
        oe1_0.id,
        oe1_0.aggregate_id,
        oe1_0.aggregate_type,
        oe1_0.created_at,
        oe1_0.deleted,
        oe1_0.event_type,
        oe1_0.payload,
        oe1_0.published 
    from
        outbox_tbl oe1_0 
    where
        (
            oe1_0.deleted = 0
        ) 
        and oe1_0.published=0 
    order by
        oe1_0.created_at
18:12:16.138 [scheduling-1] DEBUG o.h.e.t.internal.TransactionImpl - committing
18:12:16.822 [https-jsse-nio-8443-exec-4] DEBUG o.s.security.web.FilterChainProxy - Securing GET /tickets/1
18:12:16.829 [https-jsse-nio-8443-exec-4] DEBUG o.s.s.w.a.c.ChannelProcessingFilter - Request: filter invocation [GET /tickets/1]; ConfigAttributes: [REQUIRES_SECURE_CHANNEL]
18:12:16.842 [https-jsse-nio-8443-exec-4] DEBUG o.s.s.w.c.HttpSessionSecurityContextRepository - Retrieved SecurityContextImpl [Authentication=UsernamePasswordAuthenticationToken [Principal=ir.model.entity.CustomUserDetails@7150f23e, Credentials=[PROTECTED], Authenticated=true, Details=WebAuthenticationDetails [RemoteIpAddress=0:0:0:0:0:0:0:1, SessionId=null], Granted Authorities=[BUILDING_DELETE, TICKET_EDIT, BUILDING_EDIT, BUILDING_CREATE, ROLE_ADMIN, TICKET_CREATE, TICKET_DELETE]]]
18:12:16.843 [https-jsse-nio-8443-exec-4] DEBUG o.s.security.web.FilterChainProxy - Secured GET /tickets/1
18:12:16.868 [https-jsse-nio-8443-exec-4] DEBUG o.s.jdbc.datasource.DataSourceUtils - Setting JDBC Connection [HikariProxyConnection@1271007431 wrapping oracle.jdbc.driver.T4CConnection@43b4f788] read-only
18:12:16.868 [https-jsse-nio-8443-exec-4] DEBUG o.h.e.t.internal.TransactionImpl - On TransactionImpl creation, JpaCompliance#isJpaTransactionComplianceEnabled == false
18:12:16.868 [https-jsse-nio-8443-exec-4] DEBUG o.h.e.t.internal.TransactionImpl - begin
18:12:16.872 [https-jsse-nio-8443-exec-4] DEBUG org.hibernate.SQL - 
    select
        t1_0.id,
        c1_0.username,
        c1_0.account_non_expired,
        c1_0.account_non_locked,
        c1_0.credentials_expiry_date,
        c1_0.credentials_non_expired,
        c1_0.deleted,
        c1_0.enabled,
        c1_0.password,
        rs1_0.username,
        rs1_1.name,
        rs1_1.deleted,
        ps1_0.role_name,
        ps1_1.id,
        ps1_1.deleted,
        ps1_1.permission,
        t1_0.date_time,
        t1_0.deleted,
        t1_0.score,
        s1_0.id,
        s1_0.building_id,
        s1_0.deleted,
        ps2_0.id,
        ps2_0.building_id,
        ps2_0.deleted,
        ps2_0.parent_section_id,
        ps2_0.title,
        s1_0.title,
        t1_0.status,
        t1_0.title 
    from
        ticket_tbl t1_0 
    left join
        user_tbl c1_0 
            on c1_0.username=t1_0.customer 
            and (c1_0.deleted = 0) 
    left join
        (user_role_tbl rs1_0 
    join
        role_tbl rs1_1 
            on rs1_1.name=rs1_0.role_name) 
        on c1_0.username=rs1_0.username 
        and ( rs1_1.deleted = 0) 
    left join
        (role_permission_tbl ps1_0 
    join
        permission_tbl ps1_1 
            on ps1_1.id=ps1_0.permission) 
        on rs1_1.name=ps1_0.role_name 
        and ( ps1_1.deleted = 0) 
    left join
        section_table s1_0 
            on s1_0.id=t1_0.section_id 
            and (s1_0.deleted = 0) 
    left join
        section_table ps2_0 
            on ps2_0.id=s1_0.parent_section_id 
            and (ps2_0.deleted = 0) 
    where
        t1_0.id=? 
        and (
            t1_0.deleted = 0
        )
18:12:16.872 [https-jsse-nio-8443-exec-4] TRACE org.hibernate.orm.jdbc.bind - binding parameter (1:BIGINT) <- [1]
18:12:16.891 [https-jsse-nio-8443-exec-4] TRACE org.hibernate.orm.jdbc.extract - extracted value (2:VARCHAR) -> [hadan]
18:12:16.891 [https-jsse-nio-8443-exec-4] TRACE org.hibernate.orm.jdbc.extract - extracted value (10:VARCHAR) -> [hadan]
18:12:16.891 [https-jsse-nio-8443-exec-4] TRACE org.hibernate.orm.jdbc.extract - extracted value (11:VARCHAR) -> [ROLE_CUSTOMER]
18:12:16.891 [https-jsse-nio-8443-exec-4] TRACE org.hibernate.orm.jdbc.extract - extracted value (13:VARCHAR) -> [ROLE_CUSTOMER]
18:12:16.891 [https-jsse-nio-8443-exec-4] TRACE org.hibernate.orm.jdbc.extract - extracted value (14:BIGINT) -> [1]
18:12:16.891 [https-jsse-nio-8443-exec-4] TRACE org.hibernate.orm.jdbc.extract - extracted value (20:BIGINT) -> [3]
18:12:16.891 [https-jsse-nio-8443-exec-4] TRACE org.hibernate.orm.jdbc.extract - extracted value (23:BIGINT) -> [1]
18:12:16.891 [https-jsse-nio-8443-exec-4] TRACE org.hibernate.orm.jdbc.extract - extracted value (21:BIGINT) -> [null]
18:12:16.891 [https-jsse-nio-8443-exec-4] TRACE org.hibernate.orm.jdbc.extract - extracted value (24:BIGINT) -> [54]
18:12:16.892 [https-jsse-nio-8443-exec-4] TRACE org.hibernate.orm.jdbc.extract - extracted value (26:BIGINT) -> [null]
18:12:16.892 [https-jsse-nio-8443-exec-4] TRACE org.hibernate.orm.jdbc.extract - extracted value (15:BOOLEAN) -> [false]
18:12:16.892 [https-jsse-nio-8443-exec-4] TRACE org.hibernate.orm.jdbc.extract - extracted value (16:VARCHAR) -> [TICKET_CREATE]
18:12:16.892 [https-jsse-nio-8443-exec-4] TRACE org.hibernate.orm.jdbc.extract - extracted value (12:BOOLEAN) -> [false]
18:12:16.892 [https-jsse-nio-8443-exec-4] TRACE org.hibernate.orm.jdbc.extract - extracted value (3:BOOLEAN) -> [true]
18:12:16.892 [https-jsse-nio-8443-exec-4] TRACE org.hibernate.orm.jdbc.extract - extracted value (4:BOOLEAN) -> [true]
18:12:16.892 [https-jsse-nio-8443-exec-4] TRACE org.hibernate.orm.jdbc.extract - extracted value (5:TIMESTAMP) -> [2026-07-15T10:11:55.759022]
18:12:16.893 [https-jsse-nio-8443-exec-4] TRACE org.hibernate.orm.jdbc.extract - extracted value (6:BOOLEAN) -> [true]
18:12:16.893 [https-jsse-nio-8443-exec-4] TRACE org.hibernate.orm.jdbc.extract - extracted value (7:BOOLEAN) -> [false]
18:12:16.893 [https-jsse-nio-8443-exec-4] TRACE org.hibernate.orm.jdbc.extract - extracted value (8:BOOLEAN) -> [true]
18:12:16.893 [https-jsse-nio-8443-exec-4] TRACE org.hibernate.orm.jdbc.extract - extracted value (9:VARCHAR) -> [$2a$12$pGZHMXEgTAfgatCgqkj6uuOfHiTD7wYxADVoQrlWQtumAAqOwT71.]
18:12:16.893 [https-jsse-nio-8443-exec-4] TRACE org.hibernate.orm.jdbc.extract - extracted value (25:BOOLEAN) -> [false]
18:12:16.893 [https-jsse-nio-8443-exec-4] TRACE org.hibernate.orm.jdbc.extract - extracted value (27:VARCHAR) -> [MAIN SECTION]
18:12:16.893 [https-jsse-nio-8443-exec-4] TRACE org.hibernate.orm.jdbc.extract - extracted value (22:BOOLEAN) -> [false]
18:12:16.893 [https-jsse-nio-8443-exec-4] TRACE org.hibernate.orm.jdbc.extract - extracted value (28:VARCHAR) -> [TRANSPORT]
18:12:16.893 [https-jsse-nio-8443-exec-4] TRACE org.hibernate.orm.jdbc.extract - extracted value (17:TIMESTAMP) -> [2026-01-19T10:41:35.312182]
18:12:16.893 [https-jsse-nio-8443-exec-4] TRACE org.hibernate.orm.jdbc.extract - extracted value (18:BOOLEAN) -> [false]
18:12:16.893 [https-jsse-nio-8443-exec-4] TRACE org.hibernate.orm.jdbc.extract - extracted value (19:INTEGER) -> [null]
18:12:16.893 [https-jsse-nio-8443-exec-4] TRACE org.hibernate.orm.jdbc.extract - extracted value (29:TINYINT) -> [Closed]
18:12:16.893 [https-jsse-nio-8443-exec-4] TRACE org.hibernate.orm.jdbc.extract - extracted value (30:VARCHAR) -> [first ticket]
18:12:16.893 [https-jsse-nio-8443-exec-4] DEBUG org.hibernate.SQL - 
    select
        csl1_0.parent_section_id,
        csl1_0.id,
        csl1_0.building_id,
        csl1_0.deleted,
        csl1_0.title 
    from
        section_table csl1_0 
    where
        csl1_0.parent_section_id=? 
        and (
            csl1_0.deleted = 0
        )
18:12:16.894 [https-jsse-nio-8443-exec-4] TRACE org.hibernate.orm.jdbc.bind - binding parameter (1:BIGINT) <- [1]
18:12:16.894 [https-jsse-nio-8443-exec-4] TRACE org.hibernate.orm.jdbc.extract - extracted value (1:BIGINT) -> [1]
18:12:16.894 [https-jsse-nio-8443-exec-4] TRACE org.hibernate.orm.jdbc.extract - extracted value (2:BIGINT) -> [2]
18:12:16.894 [https-jsse-nio-8443-exec-4] TRACE org.hibernate.orm.jdbc.extract - extracted value (3:BIGINT) -> [23]
18:12:16.895 [https-jsse-nio-8443-exec-4] TRACE org.hibernate.orm.jdbc.extract - extracted value (4:BOOLEAN) -> [false]
18:12:16.895 [https-jsse-nio-8443-exec-4] TRACE org.hibernate.orm.jdbc.extract - extracted value (5:VARCHAR) -> [HSE]
18:12:16.895 [https-jsse-nio-8443-exec-4] TRACE org.hibernate.orm.jdbc.extract - extracted value (1:BIGINT) -> [1]
18:12:16.895 [https-jsse-nio-8443-exec-4] TRACE org.hibernate.orm.jdbc.extract - extracted value (2:BIGINT) -> [3]
18:12:16.896 [https-jsse-nio-8443-exec-4] DEBUG org.hibernate.SQL - 
    select
        csl1_0.parent_section_id,
        csl1_0.id,
        csl1_0.building_id,
        csl1_0.deleted,
        csl1_0.title 
    from
        section_table csl1_0 
    where
        csl1_0.parent_section_id=? 
        and (
            csl1_0.deleted = 0
        )
18:12:16.896 [https-jsse-nio-8443-exec-4] TRACE org.hibernate.orm.jdbc.bind - binding parameter (1:BIGINT) <- [3]
18:12:16.896 [https-jsse-nio-8443-exec-4] TRACE org.hibernate.orm.jdbc.extract - extracted value (1:BIGINT) -> [3]
18:12:16.896 [https-jsse-nio-8443-exec-4] TRACE org.hibernate.orm.jdbc.extract - extracted value (2:BIGINT) -> [4]
18:12:16.896 [https-jsse-nio-8443-exec-4] TRACE org.hibernate.orm.jdbc.extract - extracted value (3:BIGINT) -> [23]
18:12:16.897 [https-jsse-nio-8443-exec-4] TRACE org.hibernate.orm.jdbc.extract - extracted value (4:BOOLEAN) -> [false]
18:12:16.897 [https-jsse-nio-8443-exec-4] TRACE org.hibernate.orm.jdbc.extract - extracted value (5:VARCHAR) -> [BUS]
18:12:16.897 [https-jsse-nio-8443-exec-4] TRACE org.hibernate.orm.jdbc.extract - extracted value (1:BIGINT) -> [3]
18:12:16.897 [https-jsse-nio-8443-exec-4] TRACE org.hibernate.orm.jdbc.extract - extracted value (2:BIGINT) -> [5]
18:12:16.897 [https-jsse-nio-8443-exec-4] TRACE org.hibernate.orm.jdbc.extract - extracted value (3:BIGINT) -> [null]
18:12:16.897 [https-jsse-nio-8443-exec-4] TRACE org.hibernate.orm.jdbc.extract - extracted value (4:BOOLEAN) -> [false]
18:12:16.897 [https-jsse-nio-8443-exec-4] TRACE org.hibernate.orm.jdbc.extract - extracted value (5:VARCHAR) -> [TAXI]
18:12:16.897 [https-jsse-nio-8443-exec-4] TRACE org.hibernate.orm.jdbc.extract - extracted value (1:BIGINT) -> [3]
18:12:16.897 [https-jsse-nio-8443-exec-4] TRACE org.hibernate.orm.jdbc.extract - extracted value (2:BIGINT) -> [21]
18:12:16.897 [https-jsse-nio-8443-exec-4] TRACE org.hibernate.orm.jdbc.extract - extracted value (3:BIGINT) -> [null]
18:12:16.897 [https-jsse-nio-8443-exec-4] TRACE org.hibernate.orm.jdbc.extract - extracted value (4:BOOLEAN) -> [false]
18:12:16.897 [https-jsse-nio-8443-exec-4] TRACE org.hibernate.orm.jdbc.extract - extracted value (5:VARCHAR) -> [TEST B]
18:12:16.898 [https-jsse-nio-8443-exec-4] DEBUG org.hibernate.SQL - 
    select
        csl1_0.parent_section_id,
        csl1_0.id,
        csl1_0.building_id,
        csl1_0.deleted,
        csl1_0.title 
    from
        section_table csl1_0 
    where
        csl1_0.parent_section_id=? 
        and (
            csl1_0.deleted = 0
        )
18:12:16.898 [https-jsse-nio-8443-exec-4] TRACE org.hibernate.orm.jdbc.bind - binding parameter (1:BIGINT) <- [21]
18:12:16.899 [https-jsse-nio-8443-exec-4] DEBUG org.hibernate.SQL - 
    select
        csl1_0.parent_section_id,
        csl1_0.id,
        csl1_0.building_id,
        csl1_0.deleted,
        csl1_0.title 
    from
        section_table csl1_0 
    where
        csl1_0.parent_section_id=? 
        and (
            csl1_0.deleted = 0
        )
18:12:16.899 [https-jsse-nio-8443-exec-4] TRACE org.hibernate.orm.jdbc.bind - binding parameter (1:BIGINT) <- [5]
18:12:16.899 [https-jsse-nio-8443-exec-4] DEBUG org.hibernate.SQL - 
    select
        csl1_0.parent_section_id,
        csl1_0.id,
        csl1_0.building_id,
        csl1_0.deleted,
        csl1_0.title 
    from
        section_table csl1_0 
    where
        csl1_0.parent_section_id=? 
        and (
            csl1_0.deleted = 0
        )
18:12:16.899 [https-jsse-nio-8443-exec-4] TRACE org.hibernate.orm.jdbc.bind - binding parameter (1:BIGINT) <- [4]
18:12:16.900 [https-jsse-nio-8443-exec-4] DEBUG org.hibernate.SQL - 
    select
        csl1_0.parent_section_id,
        csl1_0.id,
        csl1_0.building_id,
        csl1_0.deleted,
        csl1_0.title 
    from
        section_table csl1_0 
    where
        csl1_0.parent_section_id=? 
        and (
            csl1_0.deleted = 0
        )
18:12:16.900 [https-jsse-nio-8443-exec-4] TRACE org.hibernate.orm.jdbc.bind - binding parameter (1:BIGINT) <- [2]
18:12:16.901 [https-jsse-nio-8443-exec-4] DEBUG o.h.e.t.internal.TransactionImpl - committing
18:12:16.901 [https-jsse-nio-8443-exec-4] DEBUG o.s.jdbc.datasource.DataSourceUtils - Resetting read-only flag of JDBC Connection [HikariProxyConnection@1271007431 wrapping oracle.jdbc.driver.T4CConnection@43b4f788]
18:12:16.907 [https-jsse-nio-8443-exec-4] DEBUG org.hibernate.SQL - 
    /* <criteria> */ select
        m1_0.id,
        m1_0.content,
        m1_0.date_time,
        m1_0.deleted,
        m1_0.sender_role_name,
        m1_0.sender_username,
        m1_0.ticket_id 
    from
        message_tbl m1_0 
    where
        (
            m1_0.deleted = 0
        ) 
        and m1_0.ticket_id=? 
    order by
        m1_0.date_time
18:12:16.907 [https-jsse-nio-8443-exec-4] TRACE org.hibernate.orm.jdbc.bind - binding parameter (1:BIGINT) <- [1]
18:12:16.908 [https-jsse-nio-8443-exec-4] TRACE org.hibernate.orm.jdbc.extract - extracted value (1:BIGINT) -> [1]
18:12:16.908 [https-jsse-nio-8443-exec-4] TRACE org.hibernate.orm.jdbc.extract - extracted value (2:VARCHAR) -> [با سلام]
18:12:16.909 [https-jsse-nio-8443-exec-4] TRACE org.hibernate.orm.jdbc.extract - extracted value (3:TIMESTAMP) -> [2026-01-19T10:41:35.324782]
18:12:16.909 [https-jsse-nio-8443-exec-4] TRACE org.hibernate.orm.jdbc.extract - extracted value (4:BOOLEAN) -> [false]
18:12:16.909 [https-jsse-nio-8443-exec-4] TRACE org.hibernate.orm.jdbc.extract - extracted value (5:VARCHAR) -> [ROLE_CUSTOMER]
18:12:16.909 [https-jsse-nio-8443-exec-4] TRACE org.hibernate.orm.jdbc.extract - extracted value (6:VARCHAR) -> [hadan]
18:12:16.909 [https-jsse-nio-8443-exec-4] TRACE org.hibernate.orm.jdbc.extract - extracted value (7:BIGINT) -> [1]
18:12:16.909 [https-jsse-nio-8443-exec-4] TRACE org.hibernate.orm.jdbc.extract - extracted value (1:BIGINT) -> [2]
18:12:16.909 [https-jsse-nio-8443-exec-4] TRACE org.hibernate.orm.jdbc.extract - extracted value (2:VARCHAR) -> [null]
18:12:16.909 [https-jsse-nio-8443-exec-4] TRACE org.hibernate.orm.jdbc.extract - extracted value (3:TIMESTAMP) -> [2026-01-19T10:41:46.827994]
18:12:16.909 [https-jsse-nio-8443-exec-4] TRACE org.hibernate.orm.jdbc.extract - extracted value (4:BOOLEAN) -> [false]
18:12:16.909 [https-jsse-nio-8443-exec-4] TRACE org.hibernate.orm.jdbc.extract - extracted value (5:VARCHAR) -> [ROLE_CUSTOMER]
18:12:16.909 [https-jsse-nio-8443-exec-4] TRACE org.hibernate.orm.jdbc.extract - extracted value (6:VARCHAR) -> [hadan]
18:12:16.909 [https-jsse-nio-8443-exec-4] TRACE org.hibernate.orm.jdbc.extract - extracted value (7:BIGINT) -> [1]
18:12:16.909 [https-jsse-nio-8443-exec-4] TRACE org.hibernate.orm.jdbc.extract - extracted value (1:BIGINT) -> [3]
18:12:16.909 [https-jsse-nio-8443-exec-4] TRACE org.hibernate.orm.jdbc.extract - extracted value (2:VARCHAR) -> [عکس فرستادم]
18:12:16.909 [https-jsse-nio-8443-exec-4] TRACE org.hibernate.orm.jdbc.extract - extracted value (3:TIMESTAMP) -> [2026-01-19T10:42:02.618480]
18:12:16.909 [https-jsse-nio-8443-exec-4] TRACE org.hibernate.orm.jdbc.extract - extracted value (4:BOOLEAN) -> [false]
18:12:16.909 [https-jsse-nio-8443-exec-4] TRACE org.hibernate.orm.jdbc.extract - extracted value (5:VARCHAR) -> [ROLE_CUSTOMER]
18:12:16.909 [https-jsse-nio-8443-exec-4] TRACE org.hibernate.orm.jdbc.extract - extracted value (6:VARCHAR) -> [hadan]
18:12:16.909 [https-jsse-nio-8443-exec-4] TRACE org.hibernate.orm.jdbc.extract - extracted value (7:BIGINT) -> [1]
18:12:16.909 [https-jsse-nio-8443-exec-4] TRACE org.hibernate.orm.jdbc.extract - extracted value (1:BIGINT) -> [4]
18:12:16.909 [https-jsse-nio-8443-exec-4] TRACE org.hibernate.orm.jdbc.extract - extracted value (2:VARCHAR) -> [null]
18:12:16.910 [https-jsse-nio-8443-exec-4] TRACE org.hibernate.orm.jdbc.extract - extracted value (3:TIMESTAMP) -> [2026-01-19T10:42:25.008481]
18:12:16.910 [https-jsse-nio-8443-exec-4] TRACE org.hibernate.orm.jdbc.extract - extracted value (4:BOOLEAN) -> [false]
18:12:16.910 [https-jsse-nio-8443-exec-4] TRACE org.hibernate.orm.jdbc.extract - extracted value (5:VARCHAR) -> [ROLE_CUSTOMER]
18:12:16.910 [https-jsse-nio-8443-exec-4] TRACE org.hibernate.orm.jdbc.extract - extracted value (6:VARCHAR) -> [hadan]
18:12:16.910 [https-jsse-nio-8443-exec-4] TRACE org.hibernate.orm.jdbc.extract - extracted value (7:BIGINT) -> [1]
18:12:16.910 [https-jsse-nio-8443-exec-4] TRACE org.hibernate.orm.jdbc.extract - extracted value (1:BIGINT) -> [5]
18:12:16.910 [https-jsse-nio-8443-exec-4] TRACE org.hibernate.orm.jdbc.extract - extracted value (2:VARCHAR) -> [salam]
18:12:16.910 [https-jsse-nio-8443-exec-4] TRACE org.hibernate.orm.jdbc.extract - extracted value (3:TIMESTAMP) -> [2026-01-19T12:18:41.012601]
18:12:16.910 [https-jsse-nio-8443-exec-4] TRACE org.hibernate.orm.jdbc.extract - extracted value (4:BOOLEAN) -> [false]
18:12:16.910 [https-jsse-nio-8443-exec-4] TRACE org.hibernate.orm.jdbc.extract - extracted value (5:VARCHAR) -> [ROLE_ADMIN]
18:12:16.910 [https-jsse-nio-8443-exec-4] TRACE org.hibernate.orm.jdbc.extract - extracted value (6:VARCHAR) -> [ali]
18:12:16.910 [https-jsse-nio-8443-exec-4] TRACE org.hibernate.orm.jdbc.extract - extracted value (7:BIGINT) -> [1]
18:12:16.912 [https-jsse-nio-8443-exec-4] INFO  i.c.exception.ResponseAspect - Web Controller: showTicketMessages
18:12:17.204 [https-jsse-nio-8443-exec-4] DEBUG org.hibernate.SQL - 
    select
        a1_0.message_id,
        a1_0.id,
        a1_0.attach_time,
        a1_0.deleted,
        a1_0.description,
        a1_0.extracted_text,
        a1_0.file_name,
        a1_0.file_size,
        a1_0.file_type,
        a1_0.mongo_file_id 
    from
        attachment_tbl a1_0 
    where
        a1_0.message_id=? 
        and (
            a1_0.deleted = 0
        )
18:12:17.204 [https-jsse-nio-8443-exec-4] TRACE org.hibernate.orm.jdbc.bind - binding parameter (1:BIGINT) <- [1]
18:12:17.214 [https-jsse-nio-8443-exec-4] DEBUG org.hibernate.SQL - 
    select
        a1_0.message_id,
        a1_0.id,
        a1_0.attach_time,
        a1_0.deleted,
        a1_0.description,
        a1_0.extracted_text,
        a1_0.file_name,
        a1_0.file_size,
        a1_0.file_type,
        a1_0.mongo_file_id 
    from
        attachment_tbl a1_0 
    where
        a1_0.message_id=? 
        and (
            a1_0.deleted = 0
        )
18:12:17.214 [https-jsse-nio-8443-exec-4] TRACE org.hibernate.orm.jdbc.bind - binding parameter (1:BIGINT) <- [2]
18:12:17.215 [https-jsse-nio-8443-exec-4] TRACE org.hibernate.orm.jdbc.extract - extracted value (1:BIGINT) -> [2]
18:12:17.215 [https-jsse-nio-8443-exec-4] TRACE org.hibernate.orm.jdbc.extract - extracted value (2:BIGINT) -> [41]
18:12:17.217 [https-jsse-nio-8443-exec-4] DEBUG org.hibernate.SQL - 
    select
        p1_0.id,
        p1_0.deleted,
        p1_0.email,
        p1_0.first_name,
        p1_0.last_name,
        p1_0.phone,
        p1_0.attachment_id,
        p1_0.username 
    from
        profile_tbl p1_0 
    where
        p1_0.attachment_id=? 
        and (
            p1_0.deleted = 0
        )
18:12:17.217 [https-jsse-nio-8443-exec-4] TRACE org.hibernate.orm.jdbc.bind - binding parameter (1:BIGINT) <- [41]
18:12:17.218 [https-jsse-nio-8443-exec-4] TRACE org.hibernate.orm.jdbc.extract - extracted value (3:TIMESTAMP) -> [2026-01-19T10:41:46.881993]
18:12:17.218 [https-jsse-nio-8443-exec-4] TRACE org.hibernate.orm.jdbc.extract - extracted value (4:BOOLEAN) -> [false]
18:12:17.218 [https-jsse-nio-8443-exec-4] TRACE org.hibernate.orm.jdbc.extract - extracted value (5:VARCHAR) -> [null]
18:12:17.218 [https-jsse-nio-8443-exec-4] TRACE org.hibernate.orm.jdbc.extract - extracted value (6:VARCHAR) -> [null]
18:12:17.219 [https-jsse-nio-8443-exec-4] TRACE org.hibernate.orm.jdbc.extract - extracted value (7:VARCHAR) -> [545ty.jpg]
18:12:17.219 [https-jsse-nio-8443-exec-4] TRACE org.hibernate.orm.jdbc.extract - extracted value (8:BIGINT) -> [65295]
18:12:17.219 [https-jsse-nio-8443-exec-4] TRACE org.hibernate.orm.jdbc.extract - extracted value (9:TINYINT) -> [JPG]
18:12:17.219 [https-jsse-nio-8443-exec-4] TRACE org.hibernate.orm.jdbc.extract - extracted value (10:VARCHAR) -> [696dd932eca58453fd4abac2]
18:12:17.222 [https-jsse-nio-8443-exec-4] DEBUG org.hibernate.SQL - 
    select
        a1_0.message_id,
        a1_0.id,
        a1_0.attach_time,
        a1_0.deleted,
        a1_0.description,
        a1_0.extracted_text,
        a1_0.file_name,
        a1_0.file_size,
        a1_0.file_type,
        a1_0.mongo_file_id 
    from
        attachment_tbl a1_0 
    where
        a1_0.message_id=? 
        and (
            a1_0.deleted = 0
        )
18:12:17.222 [https-jsse-nio-8443-exec-4] TRACE org.hibernate.orm.jdbc.bind - binding parameter (1:BIGINT) <- [3]
18:12:17.223 [https-jsse-nio-8443-exec-4] TRACE org.hibernate.orm.jdbc.extract - extracted value (1:BIGINT) -> [3]
18:12:17.223 [https-jsse-nio-8443-exec-4] TRACE org.hibernate.orm.jdbc.extract - extracted value (2:BIGINT) -> [42]
18:12:17.223 [https-jsse-nio-8443-exec-4] DEBUG org.hibernate.SQL - 
    select
        p1_0.id,
        p1_0.deleted,
        p1_0.email,
        p1_0.first_name,
        p1_0.last_name,
        p1_0.phone,
        p1_0.attachment_id,
        p1_0.username 
    from
        profile_tbl p1_0 
    where
        p1_0.attachment_id=? 
        and (
            p1_0.deleted = 0
        )
18:12:17.224 [https-jsse-nio-8443-exec-4] TRACE org.hibernate.orm.jdbc.bind - binding parameter (1:BIGINT) <- [42]
18:12:17.224 [https-jsse-nio-8443-exec-4] TRACE org.hibernate.orm.jdbc.extract - extracted value (3:TIMESTAMP) -> [2026-01-19T10:42:02.623480]
18:12:17.224 [https-jsse-nio-8443-exec-4] TRACE org.hibernate.orm.jdbc.extract - extracted value (4:BOOLEAN) -> [false]
18:12:17.224 [https-jsse-nio-8443-exec-4] TRACE org.hibernate.orm.jdbc.extract - extracted value (5:VARCHAR) -> [null]
18:12:17.224 [https-jsse-nio-8443-exec-4] TRACE org.hibernate.orm.jdbc.extract - extracted value (6:VARCHAR) -> [null]
18:12:17.224 [https-jsse-nio-8443-exec-4] TRACE org.hibernate.orm.jdbc.extract - extracted value (7:VARCHAR) -> [216-2168192_raffle-tickets-vector.png]
18:12:17.224 [https-jsse-nio-8443-exec-4] TRACE org.hibernate.orm.jdbc.extract - extracted value (8:BIGINT) -> [131739]
18:12:17.224 [https-jsse-nio-8443-exec-4] TRACE org.hibernate.orm.jdbc.extract - extracted value (9:TINYINT) -> [PNG]
18:12:17.224 [https-jsse-nio-8443-exec-4] TRACE org.hibernate.orm.jdbc.extract - extracted value (10:VARCHAR) -> [696dd942eca58453fd4abac4]
18:12:17.226 [https-jsse-nio-8443-exec-4] DEBUG org.hibernate.SQL - 
    select
        a1_0.message_id,
        a1_0.id,
        a1_0.attach_time,
        a1_0.deleted,
        a1_0.description,
        a1_0.extracted_text,
        a1_0.file_name,
        a1_0.file_size,
        a1_0.file_type,
        a1_0.mongo_file_id 
    from
        attachment_tbl a1_0 
    where
        a1_0.message_id=? 
        and (
            a1_0.deleted = 0
        )
18:12:17.227 [https-jsse-nio-8443-exec-4] TRACE org.hibernate.orm.jdbc.bind - binding parameter (1:BIGINT) <- [4]
18:12:17.227 [https-jsse-nio-8443-exec-4] TRACE org.hibernate.orm.jdbc.extract - extracted value (1:BIGINT) -> [4]
18:12:17.228 [https-jsse-nio-8443-exec-4] TRACE org.hibernate.orm.jdbc.extract - extracted value (2:BIGINT) -> [43]
18:12:17.228 [https-jsse-nio-8443-exec-4] DEBUG org.hibernate.SQL - 
    select
        p1_0.id,
        p1_0.deleted,
        p1_0.email,
        p1_0.first_name,
        p1_0.last_name,
        p1_0.phone,
        p1_0.attachment_id,
        p1_0.username 
    from
        profile_tbl p1_0 
    where
        p1_0.attachment_id=? 
        and (
            p1_0.deleted = 0
        )
18:12:17.228 [https-jsse-nio-8443-exec-4] TRACE org.hibernate.orm.jdbc.bind - binding parameter (1:BIGINT) <- [43]
18:12:17.228 [https-jsse-nio-8443-exec-4] TRACE org.hibernate.orm.jdbc.extract - extracted value (3:TIMESTAMP) -> [2026-01-19T10:42:25.015480]
18:12:17.228 [https-jsse-nio-8443-exec-4] TRACE org.hibernate.orm.jdbc.extract - extracted value (4:BOOLEAN) -> [false]
18:12:17.228 [https-jsse-nio-8443-exec-4] TRACE org.hibernate.orm.jdbc.extract - extracted value (5:VARCHAR) -> [null]
18:12:17.229 [https-jsse-nio-8443-exec-4] TRACE org.hibernate.orm.jdbc.extract - extracted value (6:VARCHAR) -> [تراکنش موفق

انتقال وجه کارت به کارت
تاریخ ۷1 ۱۳۹۸/۱۱/۱۶
مبلغ ۰ ۱۹۹ ریال
کارت مبدا [ ۳[ 0۵ زوس باراد ض
کارت مقصد ۳ ۴ ۶ ۴ مس مدرد ۹
شماره مرجع 5 ۱۸۲۱۳۶

شماره مرجع بانک : ۹ ۷۷۹۸۵۴۲۳۶۲

کد پیگیری بانک : ۹۶۴۴۶۴ ۶۷ ۵۸۵۱۲

سفر به اروپا و روزانه یک گوشی هوشمند ویژه استفاده از خدمات
اپلیکیشن آپ,اطلاعات بیشتر در تلگرا ام آپ
۲۵6/۸۳3 //:
۵ که
۹ ای
]
18:12:17.229 [https-jsse-nio-8443-exec-4] TRACE org.hibernate.orm.jdbc.extract - extracted value (7:VARCHAR) -> [bill1.jpg]
18:12:17.229 [https-jsse-nio-8443-exec-4] TRACE org.hibernate.orm.jdbc.extract - extracted value (8:BIGINT) -> [508161]
18:12:17.229 [https-jsse-nio-8443-exec-4] TRACE org.hibernate.orm.jdbc.extract - extracted value (9:TINYINT) -> [JPG]
18:12:17.229 [https-jsse-nio-8443-exec-4] TRACE org.hibernate.orm.jdbc.extract - extracted value (10:VARCHAR) -> [696dd959eca58453fd4abac6]
18:12:17.232 [https-jsse-nio-8443-exec-4] DEBUG org.hibernate.SQL - 
    select
        a1_0.message_id,
        a1_0.id,
        a1_0.attach_time,
        a1_0.deleted,
        a1_0.description,
        a1_0.extracted_text,
        a1_0.file_name,
        a1_0.file_size,
        a1_0.file_type,
        a1_0.mongo_file_id 
    from
        attachment_tbl a1_0 
    where
        a1_0.message_id=? 
        and (
            a1_0.deleted = 0
        )
18:12:17.232 [https-jsse-nio-8443-exec-4] TRACE org.hibernate.orm.jdbc.bind - binding parameter (1:BIGINT) <- [5]
18:12:17.253 [https-jsse-nio-8443-exec-3] DEBUG o.s.security.web.FilterChainProxy - Securing GET /css/reset.css
18:12:17.254 [https-jsse-nio-8443-exec-3] DEBUG o.s.s.w.a.c.ChannelProcessingFilter - Request: filter invocation [GET /css/reset.css]; ConfigAttributes: [REQUIRES_SECURE_CHANNEL]
18:12:17.254 [https-jsse-nio-8443-exec-3] DEBUG o.s.security.web.FilterChainProxy - Secured GET /css/reset.css
18:12:17.262 [https-jsse-nio-8443-exec-3] DEBUG o.s.s.w.c.HttpSessionSecurityContextRepository - Retrieved SecurityContextImpl [Authentication=UsernamePasswordAuthenticationToken [Principal=ir.model.entity.CustomUserDetails@7150f23e, Credentials=[PROTECTED], Authenticated=true, Details=WebAuthenticationDetails [RemoteIpAddress=0:0:0:0:0:0:0:1, SessionId=null], Granted Authorities=[BUILDING_DELETE, TICKET_EDIT, BUILDING_EDIT, BUILDING_CREATE, ROLE_ADMIN, TICKET_CREATE, TICKET_DELETE]]]
18:12:17.265 [https-jsse-nio-8443-exec-3] DEBUG o.s.security.web.FilterChainProxy - Securing GET /css/fontawesome.css
18:12:17.265 [https-jsse-nio-8443-exec-3] DEBUG o.s.s.w.a.c.ChannelProcessingFilter - Request: filter invocation [GET /css/fontawesome.css]; ConfigAttributes: [REQUIRES_SECURE_CHANNEL]
18:12:17.266 [https-jsse-nio-8443-exec-3] DEBUG o.s.security.web.FilterChainProxy - Secured GET /css/fontawesome.css
18:12:17.284 [https-jsse-nio-8443-exec-9] DEBUG o.s.security.web.FilterChainProxy - Securing GET /css/toast.css
18:12:17.285 [https-jsse-nio-8443-exec-9] DEBUG o.s.s.w.a.c.ChannelProcessingFilter - Request: filter invocation [GET /css/toast.css]; ConfigAttributes: [REQUIRES_SECURE_CHANNEL]
18:12:17.286 [https-jsse-nio-8443-exec-9] DEBUG o.s.security.web.FilterChainProxy - Secured GET /css/toast.css
18:12:17.288 [https-jsse-nio-8443-exec-9] DEBUG o.s.s.w.c.HttpSessionSecurityContextRepository - Retrieved SecurityContextImpl [Authentication=UsernamePasswordAuthenticationToken [Principal=ir.model.entity.CustomUserDetails@7150f23e, Credentials=[PROTECTED], Authenticated=true, Details=WebAuthenticationDetails [RemoteIpAddress=0:0:0:0:0:0:0:1, SessionId=null], Granted Authorities=[BUILDING_DELETE, TICKET_EDIT, BUILDING_EDIT, BUILDING_CREATE, ROLE_ADMIN, TICKET_CREATE, TICKET_DELETE]]]
18:12:17.289 [https-jsse-nio-8443-exec-6] DEBUG o.s.security.web.FilterChainProxy - Securing GET /css/styles.css
18:12:17.290 [https-jsse-nio-8443-exec-6] DEBUG o.s.s.w.a.c.ChannelProcessingFilter - Request: filter invocation [GET /css/styles.css]; ConfigAttributes: [REQUIRES_SECURE_CHANNEL]
18:12:17.290 [https-jsse-nio-8443-exec-9] DEBUG o.s.security.web.FilterChainProxy - Securing GET /css/bootstrap.min.css
18:12:17.290 [https-jsse-nio-8443-exec-9] DEBUG o.s.s.w.a.c.ChannelProcessingFilter - Request: filter invocation [GET /css/bootstrap.min.css]; ConfigAttributes: [REQUIRES_SECURE_CHANNEL]
18:12:17.291 [https-jsse-nio-8443-exec-1] DEBUG o.s.security.web.FilterChainProxy - Securing GET /css/fonts.min.css
18:12:17.291 [https-jsse-nio-8443-exec-6] DEBUG o.s.security.web.FilterChainProxy - Secured GET /css/styles.css
18:12:17.291 [https-jsse-nio-8443-exec-1] DEBUG o.s.s.w.a.c.ChannelProcessingFilter - Request: filter invocation [GET /css/fonts.min.css]; ConfigAttributes: [REQUIRES_SECURE_CHANNEL]
18:12:17.291 [https-jsse-nio-8443-exec-9] DEBUG o.s.security.web.FilterChainProxy - Secured GET /css/bootstrap.min.css
18:12:17.292 [https-jsse-nio-8443-exec-2] DEBUG o.s.security.web.FilterChainProxy - Securing GET /js/bootstrap.bundle.min.js
18:12:17.292 [https-jsse-nio-8443-exec-1] DEBUG o.s.security.web.FilterChainProxy - Secured GET /css/fonts.min.css
18:12:17.292 [https-jsse-nio-8443-exec-2] DEBUG o.s.s.w.a.c.ChannelProcessingFilter - Request: filter invocation [GET /js/bootstrap.bundle.min.js]; ConfigAttributes: [REQUIRES_SECURE_CHANNEL]
18:12:17.293 [https-jsse-nio-8443-exec-8] DEBUG o.s.security.web.FilterChainProxy - Securing GET /icons/mftlogo.png
18:12:17.293 [https-jsse-nio-8443-exec-8] DEBUG o.s.s.w.a.c.ChannelProcessingFilter - Request: filter invocation [GET /icons/mftlogo.png]; ConfigAttributes: [REQUIRES_SECURE_CHANNEL]
18:12:17.294 [https-jsse-nio-8443-exec-2] DEBUG o.s.security.web.FilterChainProxy - Secured GET /js/bootstrap.bundle.min.js
18:12:17.294 [https-jsse-nio-8443-exec-6] DEBUG o.s.s.w.c.HttpSessionSecurityContextRepository - Retrieved SecurityContextImpl [Authentication=UsernamePasswordAuthenticationToken [Principal=ir.model.entity.CustomUserDetails@7150f23e, Credentials=[PROTECTED], Authenticated=true, Details=WebAuthenticationDetails [RemoteIpAddress=0:0:0:0:0:0:0:1, SessionId=null], Granted Authorities=[BUILDING_DELETE, TICKET_EDIT, BUILDING_EDIT, BUILDING_CREATE, ROLE_ADMIN, TICKET_CREATE, TICKET_DELETE]]]
18:12:17.295 [https-jsse-nio-8443-exec-1] DEBUG o.s.s.w.c.HttpSessionSecurityContextRepository - Retrieved SecurityContextImpl [Authentication=UsernamePasswordAuthenticationToken [Principal=ir.model.entity.CustomUserDetails@7150f23e, Credentials=[PROTECTED], Authenticated=true, Details=WebAuthenticationDetails [RemoteIpAddress=0:0:0:0:0:0:0:1, SessionId=null], Granted Authorities=[BUILDING_DELETE, TICKET_EDIT, BUILDING_EDIT, BUILDING_CREATE, ROLE_ADMIN, TICKET_CREATE, TICKET_DELETE]]]
18:12:17.295 [https-jsse-nio-8443-exec-8] DEBUG o.s.security.web.FilterChainProxy - Secured GET /icons/mftlogo.png
18:12:17.297 [https-jsse-nio-8443-exec-1] DEBUG o.s.security.web.FilterChainProxy - Securing GET /rest/images/696dd932eca58453fd4abac2/raw
18:12:17.297 [https-jsse-nio-8443-exec-6] DEBUG o.s.security.web.FilterChainProxy - Securing GET /rest/images/696dd942eca58453fd4abac4/raw
18:12:17.297 [https-jsse-nio-8443-exec-1] DEBUG o.s.s.w.a.c.ChannelProcessingFilter - Request: filter invocation [GET /rest/images/696dd932eca58453fd4abac2/raw]; ConfigAttributes: [REQUIRES_SECURE_CHANNEL]
18:12:17.297 [https-jsse-nio-8443-exec-6] DEBUG o.s.s.w.a.c.ChannelProcessingFilter - Request: filter invocation [GET /rest/images/696dd942eca58453fd4abac4/raw]; ConfigAttributes: [REQUIRES_SECURE_CHANNEL]
18:12:17.298 [https-jsse-nio-8443-exec-1] DEBUG o.s.s.w.c.HttpSessionSecurityContextRepository - Retrieved SecurityContextImpl [Authentication=UsernamePasswordAuthenticationToken [Principal=ir.model.entity.CustomUserDetails@7150f23e, Credentials=[PROTECTED], Authenticated=true, Details=WebAuthenticationDetails [RemoteIpAddress=0:0:0:0:0:0:0:1, SessionId=null], Granted Authorities=[BUILDING_DELETE, TICKET_EDIT, BUILDING_EDIT, BUILDING_CREATE, ROLE_ADMIN, TICKET_CREATE, TICKET_DELETE]]]
18:12:17.298 [https-jsse-nio-8443-exec-1] DEBUG o.s.security.web.FilterChainProxy - Secured GET /rest/images/696dd932eca58453fd4abac2/raw
18:12:17.298 [https-jsse-nio-8443-exec-6] DEBUG o.s.s.w.c.HttpSessionSecurityContextRepository - Retrieved SecurityContextImpl [Authentication=UsernamePasswordAuthenticationToken [Principal=ir.model.entity.CustomUserDetails@7150f23e, Credentials=[PROTECTED], Authenticated=true, Details=WebAuthenticationDetails [RemoteIpAddress=0:0:0:0:0:0:0:1, SessionId=null], Granted Authorities=[BUILDING_DELETE, TICKET_EDIT, BUILDING_EDIT, BUILDING_CREATE, ROLE_ADMIN, TICKET_CREATE, TICKET_DELETE]]]
18:12:17.299 [https-jsse-nio-8443-exec-6] DEBUG o.s.security.web.FilterChainProxy - Secured GET /rest/images/696dd942eca58453fd4abac4/raw
18:12:17.300 [https-jsse-nio-8443-exec-8] DEBUG o.s.s.w.c.HttpSessionSecurityContextRepository - Retrieved SecurityContextImpl [Authentication=UsernamePasswordAuthenticationToken [Principal=ir.model.entity.CustomUserDetails@7150f23e, Credentials=[PROTECTED], Authenticated=true, Details=WebAuthenticationDetails [RemoteIpAddress=0:0:0:0:0:0:0:1, SessionId=null], Granted Authorities=[BUILDING_DELETE, TICKET_EDIT, BUILDING_EDIT, BUILDING_CREATE, ROLE_ADMIN, TICKET_CREATE, TICKET_DELETE]]]
18:12:17.301 [https-jsse-nio-8443-exec-6] DEBUG o.s.jdbc.datasource.DataSourceUtils - Setting JDBC Connection [HikariProxyConnection@406896323 wrapping oracle.jdbc.driver.T4CConnection@43b4f788] read-only
18:12:17.301 [https-jsse-nio-8443-exec-6] DEBUG o.h.e.t.internal.TransactionImpl - On TransactionImpl creation, JpaCompliance#isJpaTransactionComplianceEnabled == false
18:12:17.301 [https-jsse-nio-8443-exec-6] DEBUG o.h.e.t.internal.TransactionImpl - begin
18:12:17.302 [https-jsse-nio-8443-exec-1] DEBUG o.s.jdbc.datasource.DataSourceUtils - Setting JDBC Connection [HikariProxyConnection@878979002 wrapping oracle.jdbc.driver.T4CConnection@65ec4ebd] read-only
18:12:17.302 [https-jsse-nio-8443-exec-1] DEBUG o.h.e.t.internal.TransactionImpl - On TransactionImpl creation, JpaCompliance#isJpaTransactionComplianceEnabled == false
18:12:17.302 [https-jsse-nio-8443-exec-1] DEBUG o.h.e.t.internal.TransactionImpl - begin
18:12:17.302 [https-jsse-nio-8443-exec-8] DEBUG o.s.security.web.FilterChainProxy - Securing GET /rest/images/696dd959eca58453fd4abac6/raw
18:12:17.302 [https-jsse-nio-8443-exec-8] DEBUG o.s.s.w.a.c.ChannelProcessingFilter - Request: filter invocation [GET /rest/images/696dd959eca58453fd4abac6/raw]; ConfigAttributes: [REQUIRES_SECURE_CHANNEL]
18:12:17.303 [https-jsse-nio-8443-exec-8] DEBUG o.s.s.w.c.HttpSessionSecurityContextRepository - Retrieved SecurityContextImpl [Authentication=UsernamePasswordAuthenticationToken [Principal=ir.model.entity.CustomUserDetails@7150f23e, Credentials=[PROTECTED], Authenticated=true, Details=WebAuthenticationDetails [RemoteIpAddress=0:0:0:0:0:0:0:1, SessionId=null], Granted Authorities=[BUILDING_DELETE, TICKET_EDIT, BUILDING_EDIT, BUILDING_CREATE, ROLE_ADMIN, TICKET_CREATE, TICKET_DELETE]]]
18:12:17.303 [https-jsse-nio-8443-exec-2] DEBUG o.s.s.w.c.HttpSessionSecurityContextRepository - Retrieved SecurityContextImpl [Authentication=UsernamePasswordAuthenticationToken [Principal=ir.model.entity.CustomUserDetails@7150f23e, Credentials=[PROTECTED], Authenticated=true, Details=WebAuthenticationDetails [RemoteIpAddress=0:0:0:0:0:0:0:1, SessionId=null], Granted Authorities=[BUILDING_DELETE, TICKET_EDIT, BUILDING_EDIT, BUILDING_CREATE, ROLE_ADMIN, TICKET_CREATE, TICKET_DELETE]]]
18:12:17.303 [https-jsse-nio-8443-exec-8] DEBUG o.s.security.web.FilterChainProxy - Secured GET /rest/images/696dd959eca58453fd4abac6/raw
18:12:17.305 [https-jsse-nio-8443-exec-2] DEBUG o.s.security.web.FilterChainProxy - Securing GET /js/fontawesome.js
18:12:17.305 [https-jsse-nio-8443-exec-2] DEBUG o.s.s.w.a.c.ChannelProcessingFilter - Request: filter invocation [GET /js/fontawesome.js]; ConfigAttributes: [REQUIRES_SECURE_CHANNEL]
18:12:17.305 [https-jsse-nio-8443-exec-2] DEBUG o.s.security.web.FilterChainProxy - Secured GET /js/fontawesome.js
18:12:17.306 [https-jsse-nio-8443-exec-8] DEBUG o.s.jdbc.datasource.DataSourceUtils - Setting JDBC Connection [HikariProxyConnection@504852141 wrapping oracle.jdbc.driver.T4CConnection@1221eb59] read-only
18:12:17.306 [https-jsse-nio-8443-exec-8] DEBUG o.h.e.t.internal.TransactionImpl - On TransactionImpl creation, JpaCompliance#isJpaTransactionComplianceEnabled == false
18:12:17.306 [https-jsse-nio-8443-exec-8] DEBUG o.h.e.t.internal.TransactionImpl - begin
18:12:17.311 [https-jsse-nio-8443-exec-9] DEBUG o.s.s.w.c.HttpSessionSecurityContextRepository - Retrieved SecurityContextImpl [Authentication=UsernamePasswordAuthenticationToken [Principal=ir.model.entity.CustomUserDetails@7150f23e, Credentials=[PROTECTED], Authenticated=true, Details=WebAuthenticationDetails [RemoteIpAddress=0:0:0:0:0:0:0:1, SessionId=null], Granted Authorities=[BUILDING_DELETE, TICKET_EDIT, BUILDING_EDIT, BUILDING_CREATE, ROLE_ADMIN, TICKET_CREATE, TICKET_DELETE]]]
18:12:17.311 [https-jsse-nio-8443-exec-3] DEBUG o.s.s.w.c.HttpSessionSecurityContextRepository - Retrieved SecurityContextImpl [Authentication=UsernamePasswordAuthenticationToken [Principal=ir.model.entity.CustomUserDetails@7150f23e, Credentials=[PROTECTED], Authenticated=true, Details=WebAuthenticationDetails [RemoteIpAddress=0:0:0:0:0:0:0:1, SessionId=null], Granted Authorities=[BUILDING_DELETE, TICKET_EDIT, BUILDING_EDIT, BUILDING_CREATE, ROLE_ADMIN, TICKET_CREATE, TICKET_DELETE]]]
18:12:17.326 [https-jsse-nio-8443-exec-3] DEBUG o.s.security.web.FilterChainProxy - Securing GET /js/toast.js
18:12:17.326 [https-jsse-nio-8443-exec-9] DEBUG o.s.security.web.FilterChainProxy - Securing GET /js/script.js
18:12:17.326 [https-jsse-nio-8443-exec-3] DEBUG o.s.s.w.a.c.ChannelProcessingFilter - Request: filter invocation [GET /js/toast.js]; ConfigAttributes: [REQUIRES_SECURE_CHANNEL]
18:12:17.326 [https-jsse-nio-8443-exec-9] DEBUG o.s.s.w.a.c.ChannelProcessingFilter - Request: filter invocation [GET /js/script.js]; ConfigAttributes: [REQUIRES_SECURE_CHANNEL]
18:12:17.327 [https-jsse-nio-8443-exec-9] DEBUG o.s.security.web.FilterChainProxy - Secured GET /js/script.js
18:12:17.327 [https-jsse-nio-8443-exec-3] DEBUG o.s.security.web.FilterChainProxy - Secured GET /js/toast.js
18:12:17.330 [https-jsse-nio-8443-exec-3] DEBUG o.s.s.w.c.HttpSessionSecurityContextRepository - Retrieved SecurityContextImpl [Authentication=UsernamePasswordAuthenticationToken [Principal=ir.model.entity.CustomUserDetails@7150f23e, Credentials=[PROTECTED], Authenticated=true, Details=WebAuthenticationDetails [RemoteIpAddress=0:0:0:0:0:0:0:1, SessionId=null], Granted Authorities=[BUILDING_DELETE, TICKET_EDIT, BUILDING_EDIT, BUILDING_CREATE, ROLE_ADMIN, TICKET_CREATE, TICKET_DELETE]]]
18:12:17.329 [https-jsse-nio-8443-exec-9] DEBUG o.s.s.w.c.HttpSessionSecurityContextRepository - Retrieved SecurityContextImpl [Authentication=UsernamePasswordAuthenticationToken [Principal=ir.model.entity.CustomUserDetails@7150f23e, Credentials=[PROTECTED], Authenticated=true, Details=WebAuthenticationDetails [RemoteIpAddress=0:0:0:0:0:0:0:1, SessionId=null], Granted Authorities=[BUILDING_DELETE, TICKET_EDIT, BUILDING_EDIT, BUILDING_CREATE, ROLE_ADMIN, TICKET_CREATE, TICKET_DELETE]]]
18:12:17.332 [https-jsse-nio-8443-exec-7] DEBUG o.s.security.web.FilterChainProxy - Securing GET /js/messages-api.js
18:12:17.333 [https-jsse-nio-8443-exec-7] DEBUG o.s.s.w.a.c.ChannelProcessingFilter - Request: filter invocation [GET /js/messages-api.js]; ConfigAttributes: [REQUIRES_SECURE_CHANNEL]
18:12:17.334 [https-jsse-nio-8443-exec-7] DEBUG o.s.security.web.FilterChainProxy - Secured GET /js/messages-api.js
18:12:17.364 [https-jsse-nio-8443-exec-5] DEBUG o.s.security.web.FilterChainProxy - Securing GET /webfonts/fa-solid-900.woff2
18:12:17.365 [https-jsse-nio-8443-exec-5] DEBUG o.s.s.w.a.c.ChannelProcessingFilter - Request: filter invocation [GET /webfonts/fa-solid-900.woff2]; ConfigAttributes: [REQUIRES_SECURE_CHANNEL]
18:12:17.366 [https-jsse-nio-8443-exec-8] DEBUG o.h.e.t.internal.TransactionImpl - committing
18:12:17.366 [https-jsse-nio-8443-exec-6] DEBUG o.h.e.t.internal.TransactionImpl - committing
18:12:17.367 [https-jsse-nio-8443-exec-8] DEBUG o.s.jdbc.datasource.DataSourceUtils - Resetting read-only flag of JDBC Connection [HikariProxyConnection@504852141 wrapping oracle.jdbc.driver.T4CConnection@1221eb59]
18:12:17.367 [https-jsse-nio-8443-exec-6] DEBUG o.s.jdbc.datasource.DataSourceUtils - Resetting read-only flag of JDBC Connection [HikariProxyConnection@406896323 wrapping oracle.jdbc.driver.T4CConnection@43b4f788]
18:12:17.367 [https-jsse-nio-8443-exec-1] DEBUG o.h.e.t.internal.TransactionImpl - committing
18:12:17.377 [https-jsse-nio-8443-exec-1] DEBUG o.s.jdbc.datasource.DataSourceUtils - Resetting read-only flag of JDBC Connection [HikariProxyConnection@878979002 wrapping oracle.jdbc.driver.T4CConnection@65ec4ebd]
18:12:17.378 [https-jsse-nio-8443-exec-7] DEBUG o.s.s.w.c.HttpSessionSecurityContextRepository - Retrieved SecurityContextImpl [Authentication=UsernamePasswordAuthenticationToken [Principal=ir.model.entity.CustomUserDetails@7150f23e, Credentials=[PROTECTED], Authenticated=true, Details=WebAuthenticationDetails [RemoteIpAddress=0:0:0:0:0:0:0:1, SessionId=null], Granted Authorities=[BUILDING_DELETE, TICKET_EDIT, BUILDING_EDIT, BUILDING_CREATE, ROLE_ADMIN, TICKET_CREATE, TICKET_DELETE]]]
18:12:17.379 [https-jsse-nio-8443-exec-8] INFO  i.c.exception.ResponseAspect - API: streamImage
18:12:17.379 [https-jsse-nio-8443-exec-1] INFO  i.c.exception.ResponseAspect - API: streamImage
18:12:17.379 [https-jsse-nio-8443-exec-6] INFO  i.c.exception.ResponseAspect - API: streamImage
18:12:17.381 [https-jsse-nio-8443-exec-10] DEBUG o.s.security.web.FilterChainProxy - Securing GET /webfonts/fa-brands-400.woff2
18:12:17.381 [https-jsse-nio-8443-exec-10] DEBUG o.s.s.w.a.c.ChannelProcessingFilter - Request: filter invocation [GET /webfonts/fa-brands-400.woff2]; ConfigAttributes: [REQUIRES_SECURE_CHANNEL]
18:12:17.394 [https-jsse-nio-8443-exec-10] DEBUG o.s.s.w.c.HttpSessionSecurityContextRepository - Retrieved SecurityContextImpl [Authentication=UsernamePasswordAuthenticationToken [Principal=ir.model.entity.CustomUserDetails@7150f23e, Credentials=[PROTECTED], Authenticated=true, Details=WebAuthenticationDetails [RemoteIpAddress=0:0:0:0:0:0:0:1, SessionId=null], Granted Authorities=[BUILDING_DELETE, TICKET_EDIT, BUILDING_EDIT, BUILDING_CREATE, ROLE_ADMIN, TICKET_CREATE, TICKET_DELETE]]]
18:12:17.394 [https-jsse-nio-8443-exec-5] DEBUG o.s.s.w.c.HttpSessionSecurityContextRepository - Retrieved SecurityContextImpl [Authentication=UsernamePasswordAuthenticationToken [Principal=ir.model.entity.CustomUserDetails@7150f23e, Credentials=[PROTECTED], Authenticated=true, Details=WebAuthenticationDetails [RemoteIpAddress=0:0:0:0:0:0:0:1, SessionId=null], Granted Authorities=[BUILDING_DELETE, TICKET_EDIT, BUILDING_EDIT, BUILDING_CREATE, ROLE_ADMIN, TICKET_CREATE, TICKET_DELETE]]]
18:12:17.395 [https-jsse-nio-8443-exec-10] DEBUG o.s.security.web.FilterChainProxy - Secured GET /webfonts/fa-brands-400.woff2
18:12:17.395 [https-jsse-nio-8443-exec-5] DEBUG o.s.security.web.FilterChainProxy - Secured GET /webfonts/fa-solid-900.woff2
18:12:17.427 [https-jsse-nio-8443-exec-8] WARN  o.h.e.jdbc.spi.SqlExceptionHelper - SQL Warning Code: 28002, SQLState: 99999
18:12:17.427 [https-jsse-nio-8443-exec-8] WARN  o.h.e.jdbc.spi.SqlExceptionHelper - ORA-28002: the password will expire within 2 days

18:12:17.876 [https-jsse-nio-8443-exec-2] DEBUG o.s.s.w.c.HttpSessionSecurityContextRepository - Retrieved SecurityContextImpl [Authentication=UsernamePasswordAuthenticationToken [Principal=ir.model.entity.CustomUserDetails@7150f23e, Credentials=[PROTECTED], Authenticated=true, Details=WebAuthenticationDetails [RemoteIpAddress=0:0:0:0:0:0:0:1, SessionId=null], Granted Authorities=[BUILDING_DELETE, TICKET_EDIT, BUILDING_EDIT, BUILDING_CREATE, ROLE_ADMIN, TICKET_CREATE, TICKET_DELETE]]]
18:12:17.995 [https-jsse-nio-8443-exec-4] DEBUG o.s.security.web.FilterChainProxy - Securing GET /icons/mftlogo.png
18:12:17.995 [https-jsse-nio-8443-exec-4] DEBUG o.s.s.w.a.c.ChannelProcessingFilter - Request: filter invocation [GET /icons/mftlogo.png]; ConfigAttributes: [REQUIRES_SECURE_CHANNEL]
18:12:17.996 [https-jsse-nio-8443-exec-4] DEBUG o.s.security.web.FilterChainProxy - Secured GET /icons/mftlogo.png
18:12:17.998 [https-jsse-nio-8443-exec-4] DEBUG o.s.s.w.c.HttpSessionSecurityContextRepository - Retrieved SecurityContextImpl [Authentication=UsernamePasswordAuthenticationToken [Principal=ir.model.entity.CustomUserDetails@7150f23e, Credentials=[PROTECTED], Authenticated=true, Details=WebAuthenticationDetails [RemoteIpAddress=0:0:0:0:0:0:0:1, SessionId=null], Granted Authorities=[BUILDING_DELETE, TICKET_EDIT, BUILDING_EDIT, BUILDING_CREATE, ROLE_ADMIN, TICKET_CREATE, TICKET_DELETE]]]
18:12:18.150 [scheduling-1] DEBUG o.h.e.t.internal.TransactionImpl - On TransactionImpl creation, JpaCompliance#isJpaTransactionComplianceEnabled == false
18:12:18.150 [scheduling-1] DEBUG o.h.e.t.internal.TransactionImpl - begin
18:12:18.151 [scheduling-1] DEBUG org.hibernate.SQL - 
    /* <criteria> */ select
        oe1_0.id,
        oe1_0.aggregate_id,
        oe1_0.aggregate_type,
        oe1_0.created_at,
        oe1_0.deleted,
        oe1_0.event_type,
        oe1_0.payload,
        oe1_0.published 
    from
        outbox_tbl oe1_0 
    where
        (
            oe1_0.deleted = 0
        ) 
        and oe1_0.published=0 
    order by
        oe1_0.created_at
18:12:18.152 [scheduling-1] DEBUG o.h.e.t.internal.TransactionImpl - committing
18:12:20.159 [scheduling-1] DEBUG o.h.e.t.internal.TransactionImpl - On TransactionImpl creation, JpaCompliance#isJpaTransactionComplianceEnabled == false
18:12:20.159 [scheduling-1] DEBUG o.h.e.t.internal.TransactionImpl - begin
18:12:20.162 [scheduling-1] DEBUG org.hibernate.SQL - 
    /* <criteria> */ select
        oe1_0.id,
        oe1_0.aggregate_id,
        oe1_0.aggregate_type,
        oe1_0.created_at,
        oe1_0.deleted,
        oe1_0.event_type,
        oe1_0.payload,
        oe1_0.published 
    from
        outbox_tbl oe1_0 
    where
        (
            oe1_0.deleted = 0
        ) 
        and oe1_0.published=0 
    order by
        oe1_0.created_at
18:12:20.162 [scheduling-1] DEBUG o.h.e.t.internal.TransactionImpl - committing
18:12:22.165 [scheduling-1] DEBUG o.h.e.t.internal.TransactionImpl - On TransactionImpl creation, JpaCompliance#isJpaTransactionComplianceEnabled == false
18:12:22.165 [scheduling-1] DEBUG o.h.e.t.internal.TransactionImpl - begin
18:12:22.166 [scheduling-1] DEBUG org.hibernate.SQL - 
    /* <criteria> */ select
        oe1_0.id,
        oe1_0.aggregate_id,
        oe1_0.aggregate_type,
        oe1_0.created_at,
        oe1_0.deleted,
        oe1_0.event_type,
        oe1_0.payload,
        oe1_0.published 
    from
        outbox_tbl oe1_0 
    where
        (
            oe1_0.deleted = 0
        ) 
        and oe1_0.published=0 
    order by
        oe1_0.created_at
18:12:22.167 [scheduling-1] DEBUG o.h.e.t.internal.TransactionImpl - committing
18:12:23.570 [org.springframework.kafka.KafkaListenerEndpointContainer#0-0-C-1] INFO  o.apache.kafka.clients.NetworkClient - [Consumer clientId=consumer-building-service-updater-1, groupId=building-service-updater] Disconnecting from node -1 due to socket connection setup timeout. The timeout value is 11536 ms.
18:12:23.571 [org.springframework.kafka.KafkaListenerEndpointContainer#0-0-C-1] WARN  o.apache.kafka.clients.NetworkClient - [Consumer clientId=consumer-building-service-updater-1, groupId=building-service-updater] Bootstrap broker 100.99.137.56:9092 (id: -1 rack: null) disconnected
18:12:24.169 [scheduling-1] DEBUG o.h.e.t.internal.TransactionImpl - On TransactionImpl creation, JpaCompliance#isJpaTransactionComplianceEnabled == false
18:12:24.169 [scheduling-1] DEBUG o.h.e.t.internal.TransactionImpl - begin
18:12:24.171 [scheduling-1] DEBUG org.hibernate.SQL - 
    /* <criteria> */ select
        oe1_0.id,
        oe1_0.aggregate_id,
        oe1_0.aggregate_type,
        oe1_0.created_at,
        oe1_0.deleted,
        oe1_0.event_type,
        oe1_0.payload,
        oe1_0.published 
    from
        outbox_tbl oe1_0 
    where
        (
            oe1_0.deleted = 0
        ) 
        and oe1_0.published=0 
    order by
        oe1_0.created_at
18:12:24.172 [scheduling-1] DEBUG o.h.e.t.internal.TransactionImpl - committing
18:12:26.177 [scheduling-1] DEBUG o.h.e.t.internal.TransactionImpl - On TransactionImpl creation, JpaCompliance#isJpaTransactionComplianceEnabled == false
18:12:26.177 [scheduling-1] DEBUG o.h.e.t.internal.TransactionImpl - begin
18:12:26.179 [scheduling-1] DEBUG org.hibernate.SQL - 
    /* <criteria> */ select
        oe1_0.id,
        oe1_0.aggregate_id,
        oe1_0.aggregate_type,
        oe1_0.created_at,
        oe1_0.deleted,
        oe1_0.event_type,
        oe1_0.payload,
        oe1_0.published 
    from
        outbox_tbl oe1_0 
    where
        (
            oe1_0.deleted = 0
        ) 
        and oe1_0.published=0 
    order by
        oe1_0.created_at
18:12:26.180 [scheduling-1] DEBUG o.h.e.t.internal.TransactionImpl - committing
18:12:28.186 [scheduling-1] DEBUG o.h.e.t.internal.TransactionImpl - On TransactionImpl creation, JpaCompliance#isJpaTransactionComplianceEnabled == false
18:12:28.186 [scheduling-1] DEBUG o.h.e.t.internal.TransactionImpl - begin
18:12:28.188 [scheduling-1] DEBUG org.hibernate.SQL - 
    /* <criteria> */ select
        oe1_0.id,
        oe1_0.aggregate_id,
        oe1_0.aggregate_type,
        oe1_0.created_at,
        oe1_0.deleted,
        oe1_0.event_type,
        oe1_0.payload,
        oe1_0.published 
    from
        outbox_tbl oe1_0 
    where
        (
            oe1_0.deleted = 0
        ) 
        and oe1_0.published=0 
    order by
        oe1_0.created_at
18:12:28.189 [scheduling-1] DEBUG o.h.e.t.internal.TransactionImpl - committing
18:12:30.193 [scheduling-1] DEBUG o.h.e.t.internal.TransactionImpl - On TransactionImpl creation, JpaCompliance#isJpaTransactionComplianceEnabled == false
18:12:30.194 [scheduling-1] DEBUG o.h.e.t.internal.TransactionImpl - begin
18:12:30.197 [scheduling-1] DEBUG org.hibernate.SQL - 
    /* <criteria> */ select
        oe1_0.id,
        oe1_0.aggregate_id,
        oe1_0.aggregate_type,
        oe1_0.created_at,
        oe1_0.deleted,
        oe1_0.event_type,
        oe1_0.payload,
        oe1_0.published 
    from
        outbox_tbl oe1_0 
    where
        (
            oe1_0.deleted = 0
        ) 
        and oe1_0.published=0 
    order by
        oe1_0.created_at
18:12:30.201 [scheduling-1] DEBUG o.h.e.t.internal.TransactionImpl - committing
18:12:32.205 [scheduling-1] DEBUG o.h.e.t.internal.TransactionImpl - On TransactionImpl creation, JpaCompliance#isJpaTransactionComplianceEnabled == false
18:12:32.205 [scheduling-1] DEBUG o.h.e.t.internal.TransactionImpl - begin
18:12:32.207 [scheduling-1] DEBUG org.hibernate.SQL - 
    /* <criteria> */ select
        oe1_0.id,
        oe1_0.aggregate_id,
        oe1_0.aggregate_type,
        oe1_0.created_at,
        oe1_0.deleted,
        oe1_0.event_type,
        oe1_0.payload,
        oe1_0.published 
    from
        outbox_tbl oe1_0 
    where
        (
            oe1_0.deleted = 0
        ) 
        and oe1_0.published=0 
    order by
        oe1_0.created_at
18:12:32.208 [scheduling-1] DEBUG o.h.e.t.internal.TransactionImpl - committing
18:12:32.698 [https-jsse-nio-8443-exec-9] DEBUG o.s.security.web.FilterChainProxy - Securing GET /tickets/1
18:12:32.698 [https-jsse-nio-8443-exec-9] DEBUG o.s.s.w.a.c.ChannelProcessingFilter - Request: filter invocation [GET /tickets/1]; ConfigAttributes: [REQUIRES_SECURE_CHANNEL]
18:12:32.699 [https-jsse-nio-8443-exec-9] DEBUG o.s.s.w.c.HttpSessionSecurityContextRepository - Retrieved SecurityContextImpl [Authentication=UsernamePasswordAuthenticationToken [Principal=ir.model.entity.CustomUserDetails@7150f23e, Credentials=[PROTECTED], Authenticated=true, Details=WebAuthenticationDetails [RemoteIpAddress=0:0:0:0:0:0:0:1, SessionId=null], Granted Authorities=[BUILDING_DELETE, TICKET_EDIT, BUILDING_EDIT, BUILDING_CREATE, ROLE_ADMIN, TICKET_CREATE, TICKET_DELETE]]]
18:12:32.699 [https-jsse-nio-8443-exec-9] DEBUG o.s.security.web.FilterChainProxy - Secured GET /tickets/1
18:12:32.700 [https-jsse-nio-8443-exec-9] DEBUG o.s.jdbc.datasource.DataSourceUtils - Setting JDBC Connection [HikariProxyConnection@1547463912 wrapping oracle.jdbc.driver.T4CConnection@43b4f788] read-only
18:12:32.700 [https-jsse-nio-8443-exec-9] DEBUG o.h.e.t.internal.TransactionImpl - On TransactionImpl creation, JpaCompliance#isJpaTransactionComplianceEnabled == false
18:12:32.701 [https-jsse-nio-8443-exec-9] DEBUG o.h.e.t.internal.TransactionImpl - begin
18:12:32.701 [https-jsse-nio-8443-exec-9] DEBUG org.hibernate.SQL - 
    select
        t1_0.id,
        c1_0.username,
        c1_0.account_non_expired,
        c1_0.account_non_locked,
        c1_0.credentials_expiry_date,
        c1_0.credentials_non_expired,
        c1_0.deleted,
        c1_0.enabled,
        c1_0.password,
        rs1_0.username,
        rs1_1.name,
        rs1_1.deleted,
        ps1_0.role_name,
        ps1_1.id,
        ps1_1.deleted,
        ps1_1.permission,
        t1_0.date_time,
        t1_0.deleted,
        t1_0.score,
        s1_0.id,
        s1_0.building_id,
        s1_0.deleted,
        ps2_0.id,
        ps2_0.building_id,
        ps2_0.deleted,
        ps2_0.parent_section_id,
        ps2_0.title,
        s1_0.title,
        t1_0.status,
        t1_0.title 
    from
        ticket_tbl t1_0 
    left join
        user_tbl c1_0 
            on c1_0.username=t1_0.customer 
            and (c1_0.deleted = 0) 
    left join
        (user_role_tbl rs1_0 
    join
        role_tbl rs1_1 
            on rs1_1.name=rs1_0.role_name) 
        on c1_0.username=rs1_0.username 
        and ( rs1_1.deleted = 0) 
    left join
        (role_permission_tbl ps1_0 
    join
        permission_tbl ps1_1 
            on ps1_1.id=ps1_0.permission) 
        on rs1_1.name=ps1_0.role_name 
        and ( ps1_1.deleted = 0) 
    left join
        section_table s1_0 
            on s1_0.id=t1_0.section_id 
            and (s1_0.deleted = 0) 
    left join
        section_table ps2_0 
            on ps2_0.id=s1_0.parent_section_id 
            and (ps2_0.deleted = 0) 
    where
        t1_0.id=? 
        and (
            t1_0.deleted = 0
        )
18:12:32.702 [https-jsse-nio-8443-exec-9] TRACE org.hibernate.orm.jdbc.bind - binding parameter (1:BIGINT) <- [1]
18:12:32.703 [https-jsse-nio-8443-exec-9] TRACE org.hibernate.orm.jdbc.extract - extracted value (2:VARCHAR) -> [hadan]
18:12:32.703 [https-jsse-nio-8443-exec-9] TRACE org.hibernate.orm.jdbc.extract - extracted value (10:VARCHAR) -> [hadan]
18:12:32.703 [https-jsse-nio-8443-exec-9] TRACE org.hibernate.orm.jdbc.extract - extracted value (11:VARCHAR) -> [ROLE_CUSTOMER]
18:12:32.703 [https-jsse-nio-8443-exec-9] TRACE org.hibernate.orm.jdbc.extract - extracted value (13:VARCHAR) -> [ROLE_CUSTOMER]
18:12:32.703 [https-jsse-nio-8443-exec-9] TRACE org.hibernate.orm.jdbc.extract - extracted value (14:BIGINT) -> [1]
18:12:32.703 [https-jsse-nio-8443-exec-9] TRACE org.hibernate.orm.jdbc.extract - extracted value (20:BIGINT) -> [3]
18:12:32.703 [https-jsse-nio-8443-exec-9] TRACE org.hibernate.orm.jdbc.extract - extracted value (23:BIGINT) -> [1]
18:12:32.704 [https-jsse-nio-8443-exec-9] TRACE org.hibernate.orm.jdbc.extract - extracted value (21:BIGINT) -> [null]
18:12:32.704 [https-jsse-nio-8443-exec-9] TRACE org.hibernate.orm.jdbc.extract - extracted value (24:BIGINT) -> [54]
18:12:32.704 [https-jsse-nio-8443-exec-9] TRACE org.hibernate.orm.jdbc.extract - extracted value (26:BIGINT) -> [null]
18:12:32.704 [https-jsse-nio-8443-exec-9] TRACE org.hibernate.orm.jdbc.extract - extracted value (15:BOOLEAN) -> [false]
18:12:32.704 [https-jsse-nio-8443-exec-9] TRACE org.hibernate.orm.jdbc.extract - extracted value (16:VARCHAR) -> [TICKET_CREATE]
18:12:32.704 [https-jsse-nio-8443-exec-9] TRACE org.hibernate.orm.jdbc.extract - extracted value (12:BOOLEAN) -> [false]
18:12:32.704 [https-jsse-nio-8443-exec-9] TRACE org.hibernate.orm.jdbc.extract - extracted value (3:BOOLEAN) -> [true]
18:12:32.704 [https-jsse-nio-8443-exec-9] TRACE org.hibernate.orm.jdbc.extract - extracted value (4:BOOLEAN) -> [true]
18:12:32.705 [https-jsse-nio-8443-exec-9] TRACE org.hibernate.orm.jdbc.extract - extracted value (5:TIMESTAMP) -> [2026-07-15T10:11:55.759022]
18:12:32.705 [https-jsse-nio-8443-exec-9] TRACE org.hibernate.orm.jdbc.extract - extracted value (6:BOOLEAN) -> [true]
18:12:32.705 [https-jsse-nio-8443-exec-9] TRACE org.hibernate.orm.jdbc.extract - extracted value (7:BOOLEAN) -> [false]
18:12:32.705 [https-jsse-nio-8443-exec-9] TRACE org.hibernate.orm.jdbc.extract - extracted value (8:BOOLEAN) -> [true]
18:12:32.705 [https-jsse-nio-8443-exec-9] TRACE org.hibernate.orm.jdbc.extract - extracted value (9:VARCHAR) -> [$2a$12$pGZHMXEgTAfgatCgqkj6uuOfHiTD7wYxADVoQrlWQtumAAqOwT71.]
18:12:32.705 [https-jsse-nio-8443-exec-9] TRACE org.hibernate.orm.jdbc.extract - extracted value (25:BOOLEAN) -> [false]
18:12:32.705 [https-jsse-nio-8443-exec-9] TRACE org.hibernate.orm.jdbc.extract - extracted value (27:VARCHAR) -> [MAIN SECTION]
18:12:32.705 [https-jsse-nio-8443-exec-9] TRACE org.hibernate.orm.jdbc.extract - extracted value (22:BOOLEAN) -> [false]
18:12:32.705 [https-jsse-nio-8443-exec-9] TRACE org.hibernate.orm.jdbc.extract - extracted value (28:VARCHAR) -> [TRANSPORT]
18:12:32.705 [https-jsse-nio-8443-exec-9] TRACE org.hibernate.orm.jdbc.extract - extracted value (17:TIMESTAMP) -> [2026-01-19T10:41:35.312182]
18:12:32.705 [https-jsse-nio-8443-exec-9] TRACE org.hibernate.orm.jdbc.extract - extracted value (18:BOOLEAN) -> [false]
18:12:32.705 [https-jsse-nio-8443-exec-9] TRACE org.hibernate.orm.jdbc.extract - extracted value (19:INTEGER) -> [null]
18:12:32.705 [https-jsse-nio-8443-exec-9] TRACE org.hibernate.orm.jdbc.extract - extracted value (29:TINYINT) -> [Closed]
18:12:32.705 [https-jsse-nio-8443-exec-9] TRACE org.hibernate.orm.jdbc.extract - extracted value (30:VARCHAR) -> [first ticket]
18:12:32.706 [https-jsse-nio-8443-exec-9] DEBUG org.hibernate.SQL - 
    select
        csl1_0.parent_section_id,
        csl1_0.id,
        csl1_0.building_id,
        csl1_0.deleted,
        csl1_0.title 
    from
        section_table csl1_0 
    where
        csl1_0.parent_section_id=? 
        and (
            csl1_0.deleted = 0
        )
18:12:32.706 [https-jsse-nio-8443-exec-9] TRACE org.hibernate.orm.jdbc.bind - binding parameter (1:BIGINT) <- [1]
18:12:32.707 [https-jsse-nio-8443-exec-9] TRACE org.hibernate.orm.jdbc.extract - extracted value (1:BIGINT) -> [1]
18:12:32.707 [https-jsse-nio-8443-exec-9] TRACE org.hibernate.orm.jdbc.extract - extracted value (2:BIGINT) -> [2]
18:12:32.707 [https-jsse-nio-8443-exec-9] TRACE org.hibernate.orm.jdbc.extract - extracted value (3:BIGINT) -> [23]
18:12:32.707 [https-jsse-nio-8443-exec-9] TRACE org.hibernate.orm.jdbc.extract - extracted value (4:BOOLEAN) -> [false]
18:12:32.707 [https-jsse-nio-8443-exec-9] TRACE org.hibernate.orm.jdbc.extract - extracted value (5:VARCHAR) -> [HSE]
18:12:32.707 [https-jsse-nio-8443-exec-9] TRACE org.hibernate.orm.jdbc.extract - extracted value (1:BIGINT) -> [1]
18:12:32.707 [https-jsse-nio-8443-exec-9] TRACE org.hibernate.orm.jdbc.extract - extracted value (2:BIGINT) -> [3]
18:12:32.707 [https-jsse-nio-8443-exec-9] DEBUG org.hibernate.SQL - 
    select
        csl1_0.parent_section_id,
        csl1_0.id,
        csl1_0.building_id,
        csl1_0.deleted,
        csl1_0.title 
    from
        section_table csl1_0 
    where
        csl1_0.parent_section_id=? 
        and (
            csl1_0.deleted = 0
        )
18:12:32.707 [https-jsse-nio-8443-exec-9] TRACE org.hibernate.orm.jdbc.bind - binding parameter (1:BIGINT) <- [3]
18:12:32.708 [https-jsse-nio-8443-exec-9] TRACE org.hibernate.orm.jdbc.extract - extracted value (1:BIGINT) -> [3]
18:12:32.708 [https-jsse-nio-8443-exec-9] TRACE org.hibernate.orm.jdbc.extract - extracted value (2:BIGINT) -> [4]
18:12:32.708 [https-jsse-nio-8443-exec-9] TRACE org.hibernate.orm.jdbc.extract - extracted value (3:BIGINT) -> [23]
18:12:32.708 [https-jsse-nio-8443-exec-9] TRACE org.hibernate.orm.jdbc.extract - extracted value (4:BOOLEAN) -> [false]
18:12:32.709 [https-jsse-nio-8443-exec-9] TRACE org.hibernate.orm.jdbc.extract - extracted value (5:VARCHAR) -> [BUS]
18:12:32.709 [https-jsse-nio-8443-exec-9] TRACE org.hibernate.orm.jdbc.extract - extracted value (1:BIGINT) -> [3]
18:12:32.709 [https-jsse-nio-8443-exec-9] TRACE org.hibernate.orm.jdbc.extract - extracted value (2:BIGINT) -> [5]
18:12:32.709 [https-jsse-nio-8443-exec-9] TRACE org.hibernate.orm.jdbc.extract - extracted value (3:BIGINT) -> [null]
18:12:32.709 [https-jsse-nio-8443-exec-9] TRACE org.hibernate.orm.jdbc.extract - extracted value (4:BOOLEAN) -> [false]
18:12:32.709 [https-jsse-nio-8443-exec-9] TRACE org.hibernate.orm.jdbc.extract - extracted value (5:VARCHAR) -> [TAXI]
18:12:32.709 [https-jsse-nio-8443-exec-9] TRACE org.hibernate.orm.jdbc.extract - extracted value (1:BIGINT) -> [3]
18:12:32.709 [https-jsse-nio-8443-exec-9] TRACE org.hibernate.orm.jdbc.extract - extracted value (2:BIGINT) -> [21]
18:12:32.709 [https-jsse-nio-8443-exec-9] TRACE org.hibernate.orm.jdbc.extract - extracted value (3:BIGINT) -> [null]
18:12:32.709 [https-jsse-nio-8443-exec-9] TRACE org.hibernate.orm.jdbc.extract - extracted value (4:BOOLEAN) -> [false]
18:12:32.709 [https-jsse-nio-8443-exec-9] TRACE org.hibernate.orm.jdbc.extract - extracted value (5:VARCHAR) -> [TEST B]
18:12:32.710 [https-jsse-nio-8443-exec-9] DEBUG org.hibernate.SQL - 
    select
        csl1_0.parent_section_id,
        csl1_0.id,
        csl1_0.building_id,
        csl1_0.deleted,
        csl1_0.title 
    from
        section_table csl1_0 
    where
        csl1_0.parent_section_id=? 
        and (
            csl1_0.deleted = 0
        )
18:12:32.710 [https-jsse-nio-8443-exec-9] TRACE org.hibernate.orm.jdbc.bind - binding parameter (1:BIGINT) <- [21]
18:12:32.711 [https-jsse-nio-8443-exec-9] DEBUG org.hibernate.SQL - 
    select
        csl1_0.parent_section_id,
        csl1_0.id,
        csl1_0.building_id,
        csl1_0.deleted,
        csl1_0.title 
    from
        section_table csl1_0 
    where
        csl1_0.parent_section_id=? 
        and (
            csl1_0.deleted = 0
        )
18:12:32.711 [https-jsse-nio-8443-exec-9] TRACE org.hibernate.orm.jdbc.bind - binding parameter (1:BIGINT) <- [5]
18:12:32.712 [https-jsse-nio-8443-exec-9] DEBUG org.hibernate.SQL - 
    select
        csl1_0.parent_section_id,
        csl1_0.id,
        csl1_0.building_id,
        csl1_0.deleted,
        csl1_0.title 
    from
        section_table csl1_0 
    where
        csl1_0.parent_section_id=? 
        and (
            csl1_0.deleted = 0
        )
18:12:32.712 [https-jsse-nio-8443-exec-9] TRACE org.hibernate.orm.jdbc.bind - binding parameter (1:BIGINT) <- [4]
18:12:32.713 [https-jsse-nio-8443-exec-9] DEBUG org.hibernate.SQL - 
    select
        csl1_0.parent_section_id,
        csl1_0.id,
        csl1_0.building_id,
        csl1_0.deleted,
        csl1_0.title 
    from
        section_table csl1_0 
    where
        csl1_0.parent_section_id=? 
        and (
            csl1_0.deleted = 0
        )
18:12:32.713 [https-jsse-nio-8443-exec-9] TRACE org.hibernate.orm.jdbc.bind - binding parameter (1:BIGINT) <- [2]
18:12:32.714 [https-jsse-nio-8443-exec-9] DEBUG o.h.e.t.internal.TransactionImpl - committing
18:12:32.714 [https-jsse-nio-8443-exec-9] DEBUG o.s.jdbc.datasource.DataSourceUtils - Resetting read-only flag of JDBC Connection [HikariProxyConnection@1547463912 wrapping oracle.jdbc.driver.T4CConnection@43b4f788]
18:12:32.715 [https-jsse-nio-8443-exec-9] DEBUG org.hibernate.SQL - 
    /* <criteria> */ select
        m1_0.id,
        m1_0.content,
        m1_0.date_time,
        m1_0.deleted,
        m1_0.sender_role_name,
        m1_0.sender_username,
        m1_0.ticket_id 
    from
        message_tbl m1_0 
    where
        (
            m1_0.deleted = 0
        ) 
        and m1_0.ticket_id=? 
    order by
        m1_0.date_time
18:12:32.715 [https-jsse-nio-8443-exec-9] TRACE org.hibernate.orm.jdbc.bind - binding parameter (1:BIGINT) <- [1]
18:12:32.716 [https-jsse-nio-8443-exec-9] TRACE org.hibernate.orm.jdbc.extract - extracted value (1:BIGINT) -> [1]
18:12:32.717 [https-jsse-nio-8443-exec-9] TRACE org.hibernate.orm.jdbc.extract - extracted value (2:VARCHAR) -> [با سلام]
18:12:32.717 [https-jsse-nio-8443-exec-9] TRACE org.hibernate.orm.jdbc.extract - extracted value (3:TIMESTAMP) -> [2026-01-19T10:41:35.324782]
18:12:32.717 [https-jsse-nio-8443-exec-9] TRACE org.hibernate.orm.jdbc.extract - extracted value (4:BOOLEAN) -> [false]
18:12:32.717 [https-jsse-nio-8443-exec-9] TRACE org.hibernate.orm.jdbc.extract - extracted value (5:VARCHAR) -> [ROLE_CUSTOMER]
18:12:32.717 [https-jsse-nio-8443-exec-9] TRACE org.hibernate.orm.jdbc.extract - extracted value (6:VARCHAR) -> [hadan]
18:12:32.717 [https-jsse-nio-8443-exec-9] TRACE org.hibernate.orm.jdbc.extract - extracted value (7:BIGINT) -> [1]
18:12:32.717 [https-jsse-nio-8443-exec-9] TRACE org.hibernate.orm.jdbc.extract - extracted value (1:BIGINT) -> [2]
18:12:32.717 [https-jsse-nio-8443-exec-9] TRACE org.hibernate.orm.jdbc.extract - extracted value (2:VARCHAR) -> [null]
18:12:32.717 [https-jsse-nio-8443-exec-9] TRACE org.hibernate.orm.jdbc.extract - extracted value (3:TIMESTAMP) -> [2026-01-19T10:41:46.827994]
18:12:32.717 [https-jsse-nio-8443-exec-9] TRACE org.hibernate.orm.jdbc.extract - extracted value (4:BOOLEAN) -> [false]
18:12:32.717 [https-jsse-nio-8443-exec-9] TRACE org.hibernate.orm.jdbc.extract - extracted value (5:VARCHAR) -> [ROLE_CUSTOMER]
18:12:32.717 [https-jsse-nio-8443-exec-9] TRACE org.hibernate.orm.jdbc.extract - extracted value (6:VARCHAR) -> [hadan]
18:12:32.717 [https-jsse-nio-8443-exec-9] TRACE org.hibernate.orm.jdbc.extract - extracted value (7:BIGINT) -> [1]
18:12:32.718 [https-jsse-nio-8443-exec-9] TRACE org.hibernate.orm.jdbc.extract - extracted value (1:BIGINT) -> [3]
18:12:32.718 [https-jsse-nio-8443-exec-9] TRACE org.hibernate.orm.jdbc.extract - extracted value (2:VARCHAR) -> [عکس فرستادم]
18:12:32.718 [https-jsse-nio-8443-exec-9] TRACE org.hibernate.orm.jdbc.extract - extracted value (3:TIMESTAMP) -> [2026-01-19T10:42:02.618480]
18:12:32.718 [https-jsse-nio-8443-exec-9] TRACE org.hibernate.orm.jdbc.extract - extracted value (4:BOOLEAN) -> [false]
18:12:32.718 [https-jsse-nio-8443-exec-9] TRACE org.hibernate.orm.jdbc.extract - extracted value (5:VARCHAR) -> [ROLE_CUSTOMER]
18:12:32.718 [https-jsse-nio-8443-exec-9] TRACE org.hibernate.orm.jdbc.extract - extracted value (6:VARCHAR) -> [hadan]
18:12:32.718 [https-jsse-nio-8443-exec-9] TRACE org.hibernate.orm.jdbc.extract - extracted value (7:BIGINT) -> [1]
18:12:32.718 [https-jsse-nio-8443-exec-9] TRACE org.hibernate.orm.jdbc.extract - extracted value (1:BIGINT) -> [4]
18:12:32.718 [https-jsse-nio-8443-exec-9] TRACE org.hibernate.orm.jdbc.extract - extracted value (2:VARCHAR) -> [null]
18:12:32.718 [https-jsse-nio-8443-exec-9] TRACE org.hibernate.orm.jdbc.extract - extracted value (3:TIMESTAMP) -> [2026-01-19T10:42:25.008481]
18:12:32.718 [https-jsse-nio-8443-exec-9] TRACE org.hibernate.orm.jdbc.extract - extracted value (4:BOOLEAN) -> [false]
18:12:32.718 [https-jsse-nio-8443-exec-9] TRACE org.hibernate.orm.jdbc.extract - extracted value (5:VARCHAR) -> [ROLE_CUSTOMER]
18:12:32.718 [https-jsse-nio-8443-exec-9] TRACE org.hibernate.orm.jdbc.extract - extracted value (6:VARCHAR) -> [hadan]
18:12:32.718 [https-jsse-nio-8443-exec-9] TRACE org.hibernate.orm.jdbc.extract - extracted value (7:BIGINT) -> [1]
18:12:32.718 [https-jsse-nio-8443-exec-9] TRACE org.hibernate.orm.jdbc.extract - extracted value (1:BIGINT) -> [5]
18:12:32.719 [https-jsse-nio-8443-exec-9] TRACE org.hibernate.orm.jdbc.extract - extracted value (2:VARCHAR) -> [salam]
18:12:32.719 [https-jsse-nio-8443-exec-9] TRACE org.hibernate.orm.jdbc.extract - extracted value (3:TIMESTAMP) -> [2026-01-19T12:18:41.012601]
18:12:32.719 [https-jsse-nio-8443-exec-9] TRACE org.hibernate.orm.jdbc.extract - extracted value (4:BOOLEAN) -> [false]
18:12:32.719 [https-jsse-nio-8443-exec-9] TRACE org.hibernate.orm.jdbc.extract - extracted value (5:VARCHAR) -> [ROLE_ADMIN]
18:12:32.719 [https-jsse-nio-8443-exec-9] TRACE org.hibernate.orm.jdbc.extract - extracted value (6:VARCHAR) -> [ali]
18:12:32.719 [https-jsse-nio-8443-exec-9] TRACE org.hibernate.orm.jdbc.extract - extracted value (7:BIGINT) -> [1]
18:12:32.719 [https-jsse-nio-8443-exec-9] INFO  i.c.exception.ResponseAspect - Web Controller: showTicketMessages
18:12:32.748 [https-jsse-nio-8443-exec-9] DEBUG org.hibernate.SQL - 
    select
        a1_0.message_id,
        a1_0.id,
        a1_0.attach_time,
        a1_0.deleted,
        a1_0.description,
        a1_0.extracted_text,
        a1_0.file_name,
        a1_0.file_size,
        a1_0.file_type,
        a1_0.mongo_file_id 
    from
        attachment_tbl a1_0 
    where
        a1_0.message_id=? 
        and (
            a1_0.deleted = 0
        )
18:12:32.748 [https-jsse-nio-8443-exec-9] TRACE org.hibernate.orm.jdbc.bind - binding parameter (1:BIGINT) <- [1]
18:12:32.751 [https-jsse-nio-8443-exec-9] DEBUG org.hibernate.SQL - 
    select
        a1_0.message_id,
        a1_0.id,
        a1_0.attach_time,
        a1_0.deleted,
        a1_0.description,
        a1_0.extracted_text,
        a1_0.file_name,
        a1_0.file_size,
        a1_0.file_type,
        a1_0.mongo_file_id 
    from
        attachment_tbl a1_0 
    where
        a1_0.message_id=? 
        and (
            a1_0.deleted = 0
        )
18:12:32.751 [https-jsse-nio-8443-exec-9] TRACE org.hibernate.orm.jdbc.bind - binding parameter (1:BIGINT) <- [2]
18:12:32.752 [https-jsse-nio-8443-exec-9] TRACE org.hibernate.orm.jdbc.extract - extracted value (1:BIGINT) -> [2]
18:12:32.752 [https-jsse-nio-8443-exec-9] TRACE org.hibernate.orm.jdbc.extract - extracted value (2:BIGINT) -> [41]
18:12:32.752 [https-jsse-nio-8443-exec-9] DEBUG org.hibernate.SQL - 
    select
        p1_0.id,
        p1_0.deleted,
        p1_0.email,
        p1_0.first_name,
        p1_0.last_name,
        p1_0.phone,
        p1_0.attachment_id,
        p1_0.username 
    from
        profile_tbl p1_0 
    where
        p1_0.attachment_id=? 
        and (
            p1_0.deleted = 0
        )
18:12:32.753 [https-jsse-nio-8443-exec-9] TRACE org.hibernate.orm.jdbc.bind - binding parameter (1:BIGINT) <- [41]
18:12:32.753 [https-jsse-nio-8443-exec-9] TRACE org.hibernate.orm.jdbc.extract - extracted value (3:TIMESTAMP) -> [2026-01-19T10:41:46.881993]
18:12:32.753 [https-jsse-nio-8443-exec-9] TRACE org.hibernate.orm.jdbc.extract - extracted value (4:BOOLEAN) -> [false]
18:12:32.753 [https-jsse-nio-8443-exec-9] TRACE org.hibernate.orm.jdbc.extract - extracted value (5:VARCHAR) -> [null]
18:12:32.753 [https-jsse-nio-8443-exec-9] TRACE org.hibernate.orm.jdbc.extract - extracted value (6:VARCHAR) -> [null]
18:12:32.753 [https-jsse-nio-8443-exec-9] TRACE org.hibernate.orm.jdbc.extract - extracted value (7:VARCHAR) -> [545ty.jpg]
18:12:32.753 [https-jsse-nio-8443-exec-9] TRACE org.hibernate.orm.jdbc.extract - extracted value (8:BIGINT) -> [65295]
18:12:32.753 [https-jsse-nio-8443-exec-9] TRACE org.hibernate.orm.jdbc.extract - extracted value (9:TINYINT) -> [JPG]
18:12:32.753 [https-jsse-nio-8443-exec-9] TRACE org.hibernate.orm.jdbc.extract - extracted value (10:VARCHAR) -> [696dd932eca58453fd4abac2]
18:12:32.755 [https-jsse-nio-8443-exec-9] DEBUG org.hibernate.SQL - 
    select
        a1_0.message_id,
        a1_0.id,
        a1_0.attach_time,
        a1_0.deleted,
        a1_0.description,
        a1_0.extracted_text,
        a1_0.file_name,
        a1_0.file_size,
        a1_0.file_type,
        a1_0.mongo_file_id 
    from
        attachment_tbl a1_0 
    where
        a1_0.message_id=? 
        and (
            a1_0.deleted = 0
        )
18:12:32.756 [https-jsse-nio-8443-exec-9] TRACE org.hibernate.orm.jdbc.bind - binding parameter (1:BIGINT) <- [3]
18:12:32.757 [https-jsse-nio-8443-exec-9] TRACE org.hibernate.orm.jdbc.extract - extracted value (1:BIGINT) -> [3]
18:12:32.757 [https-jsse-nio-8443-exec-9] TRACE org.hibernate.orm.jdbc.extract - extracted value (2:BIGINT) -> [42]
18:12:32.757 [https-jsse-nio-8443-exec-9] DEBUG org.hibernate.SQL - 
    select
        p1_0.id,
        p1_0.deleted,
        p1_0.email,
        p1_0.first_name,
        p1_0.last_name,
        p1_0.phone,
        p1_0.attachment_id,
        p1_0.username 
    from
        profile_tbl p1_0 
    where
        p1_0.attachment_id=? 
        and (
            p1_0.deleted = 0
        )
18:12:32.757 [https-jsse-nio-8443-exec-9] TRACE org.hibernate.orm.jdbc.bind - binding parameter (1:BIGINT) <- [42]
18:12:32.758 [https-jsse-nio-8443-exec-9] TRACE org.hibernate.orm.jdbc.extract - extracted value (3:TIMESTAMP) -> [2026-01-19T10:42:02.623480]
18:12:32.758 [https-jsse-nio-8443-exec-9] TRACE org.hibernate.orm.jdbc.extract - extracted value (4:BOOLEAN) -> [false]
18:12:32.758 [https-jsse-nio-8443-exec-9] TRACE org.hibernate.orm.jdbc.extract - extracted value (5:VARCHAR) -> [null]
18:12:32.758 [https-jsse-nio-8443-exec-9] TRACE org.hibernate.orm.jdbc.extract - extracted value (6:VARCHAR) -> [null]
18:12:32.758 [https-jsse-nio-8443-exec-9] TRACE org.hibernate.orm.jdbc.extract - extracted value (7:VARCHAR) -> [216-2168192_raffle-tickets-vector.png]
18:12:32.758 [https-jsse-nio-8443-exec-9] TRACE org.hibernate.orm.jdbc.extract - extracted value (8:BIGINT) -> [131739]
18:12:32.758 [https-jsse-nio-8443-exec-9] TRACE org.hibernate.orm.jdbc.extract - extracted value (9:TINYINT) -> [PNG]
18:12:32.758 [https-jsse-nio-8443-exec-9] TRACE org.hibernate.orm.jdbc.extract - extracted value (10:VARCHAR) -> [696dd942eca58453fd4abac4]
18:12:32.761 [https-jsse-nio-8443-exec-9] DEBUG org.hibernate.SQL - 
    select
        a1_0.message_id,
        a1_0.id,
        a1_0.attach_time,
        a1_0.deleted,
        a1_0.description,
        a1_0.extracted_text,
        a1_0.file_name,
        a1_0.file_size,
        a1_0.file_type,
        a1_0.mongo_file_id 
    from
        attachment_tbl a1_0 
    where
        a1_0.message_id=? 
        and (
            a1_0.deleted = 0
        )
18:12:32.761 [https-jsse-nio-8443-exec-9] TRACE org.hibernate.orm.jdbc.bind - binding parameter (1:BIGINT) <- [4]
18:12:32.762 [https-jsse-nio-8443-exec-9] TRACE org.hibernate.orm.jdbc.extract - extracted value (1:BIGINT) -> [4]
18:12:32.762 [https-jsse-nio-8443-exec-9] TRACE org.hibernate.orm.jdbc.extract - extracted value (2:BIGINT) -> [43]
18:12:32.763 [https-jsse-nio-8443-exec-9] DEBUG org.hibernate.SQL - 
    select
        p1_0.id,
        p1_0.deleted,
        p1_0.email,
        p1_0.first_name,
        p1_0.last_name,
        p1_0.phone,
        p1_0.attachment_id,
        p1_0.username 
    from
        profile_tbl p1_0 
    where
        p1_0.attachment_id=? 
        and (
            p1_0.deleted = 0
        )
18:12:32.763 [https-jsse-nio-8443-exec-9] TRACE org.hibernate.orm.jdbc.bind - binding parameter (1:BIGINT) <- [43]
18:12:32.763 [https-jsse-nio-8443-exec-9] TRACE org.hibernate.orm.jdbc.extract - extracted value (3:TIMESTAMP) -> [2026-01-19T10:42:25.015480]
18:12:32.764 [https-jsse-nio-8443-exec-9] TRACE org.hibernate.orm.jdbc.extract - extracted value (4:BOOLEAN) -> [false]
18:12:32.764 [https-jsse-nio-8443-exec-9] TRACE org.hibernate.orm.jdbc.extract - extracted value (5:VARCHAR) -> [null]
18:12:32.764 [https-jsse-nio-8443-exec-9] TRACE org.hibernate.orm.jdbc.extract - extracted value (6:VARCHAR) -> [تراکنش موفق

انتقال وجه کارت به کارت
تاریخ ۷1 ۱۳۹۸/۱۱/۱۶
مبلغ ۰ ۱۹۹ ریال
کارت مبدا [ ۳[ 0۵ زوس باراد ض
کارت مقصد ۳ ۴ ۶ ۴ مس مدرد ۹
شماره مرجع 5 ۱۸۲۱۳۶

شماره مرجع بانک : ۹ ۷۷۹۸۵۴۲۳۶۲

کد پیگیری بانک : ۹۶۴۴۶۴ ۶۷ ۵۸۵۱۲

سفر به اروپا و روزانه یک گوشی هوشمند ویژه استفاده از خدمات
اپلیکیشن آپ,اطلاعات بیشتر در تلگرا ام آپ
۲۵6/۸۳3 //:
۵ که
۹ ای
]
18:12:32.764 [https-jsse-nio-8443-exec-9] TRACE org.hibernate.orm.jdbc.extract - extracted value (7:VARCHAR) -> [bill1.jpg]
18:12:32.764 [https-jsse-nio-8443-exec-9] TRACE org.hibernate.orm.jdbc.extract - extracted value (8:BIGINT) -> [508161]
18:12:32.764 [https-jsse-nio-8443-exec-9] TRACE org.hibernate.orm.jdbc.extract - extracted value (9:TINYINT) -> [JPG]
18:12:32.764 [https-jsse-nio-8443-exec-9] TRACE org.hibernate.orm.jdbc.extract - extracted value (10:VARCHAR) -> [696dd959eca58453fd4abac6]
18:12:32.766 [https-jsse-nio-8443-exec-9] DEBUG org.hibernate.SQL - 
    select
        a1_0.message_id,
        a1_0.id,
        a1_0.attach_time,
        a1_0.deleted,
        a1_0.description,
        a1_0.extracted_text,
        a1_0.file_name,
        a1_0.file_size,
        a1_0.file_type,
        a1_0.mongo_file_id 
    from
        attachment_tbl a1_0 
    where
        a1_0.message_id=? 
        and (
            a1_0.deleted = 0
        )
18:12:32.767 [https-jsse-nio-8443-exec-9] TRACE org.hibernate.orm.jdbc.bind - binding parameter (1:BIGINT) <- [5]
18:12:32.787 [https-jsse-nio-8443-exec-7] DEBUG o.s.security.web.FilterChainProxy - Securing GET /css/bootstrap.min.css
18:12:32.787 [https-jsse-nio-8443-exec-3] DEBUG o.s.security.web.FilterChainProxy - Securing GET /css/reset.css
18:12:32.787 [https-jsse-nio-8443-exec-7] DEBUG o.s.s.w.a.c.ChannelProcessingFilter - Request: filter invocation [GET /css/bootstrap.min.css]; ConfigAttributes: [REQUIRES_SECURE_CHANNEL]
18:12:32.788 [https-jsse-nio-8443-exec-3] DEBUG o.s.s.w.a.c.ChannelProcessingFilter - Request: filter invocation [GET /css/reset.css]; ConfigAttributes: [REQUIRES_SECURE_CHANNEL]
18:12:32.788 [https-jsse-nio-8443-exec-1] DEBUG o.s.security.web.FilterChainProxy - Securing GET /css/fontawesome.css
18:12:32.788 [https-jsse-nio-8443-exec-3] DEBUG o.s.security.web.FilterChainProxy - Secured GET /css/reset.css
18:12:32.788 [https-jsse-nio-8443-exec-1] DEBUG o.s.s.w.a.c.ChannelProcessingFilter - Request: filter invocation [GET /css/fontawesome.css]; ConfigAttributes: [REQUIRES_SECURE_CHANNEL]
18:12:32.789 [https-jsse-nio-8443-exec-6] DEBUG o.s.security.web.FilterChainProxy - Securing GET /css/fonts.min.css
18:12:32.789 [https-jsse-nio-8443-exec-10] DEBUG o.s.security.web.FilterChainProxy - Securing GET /css/toast.css
18:12:32.789 [https-jsse-nio-8443-exec-5] DEBUG o.s.security.web.FilterChainProxy - Securing GET /css/styles.css
18:12:32.789 [https-jsse-nio-8443-exec-6] DEBUG o.s.s.w.a.c.ChannelProcessingFilter - Request: filter invocation [GET /css/fonts.min.css]; ConfigAttributes: [REQUIRES_SECURE_CHANNEL]
18:12:32.789 [https-jsse-nio-8443-exec-10] DEBUG o.s.s.w.a.c.ChannelProcessingFilter - Request: filter invocation [GET /css/toast.css]; ConfigAttributes: [REQUIRES_SECURE_CHANNEL]
18:12:32.789 [https-jsse-nio-8443-exec-5] DEBUG o.s.s.w.a.c.ChannelProcessingFilter - Request: filter invocation [GET /css/styles.css]; ConfigAttributes: [REQUIRES_SECURE_CHANNEL]
18:12:32.789 [https-jsse-nio-8443-exec-7] DEBUG o.s.security.web.FilterChainProxy - Secured GET /css/bootstrap.min.css
18:12:32.789 [https-jsse-nio-8443-exec-5] DEBUG o.s.security.web.FilterChainProxy - Secured GET /css/styles.css
18:12:32.789 [https-jsse-nio-8443-exec-6] DEBUG o.s.security.web.FilterChainProxy - Secured GET /css/fonts.min.css
18:12:32.789 [https-jsse-nio-8443-exec-10] DEBUG o.s.security.web.FilterChainProxy - Secured GET /css/toast.css
18:12:32.789 [https-jsse-nio-8443-exec-1] DEBUG o.s.security.web.FilterChainProxy - Secured GET /css/fontawesome.css
18:12:32.790 [https-jsse-nio-8443-exec-3] DEBUG o.s.s.w.c.HttpSessionSecurityContextRepository - Retrieved SecurityContextImpl [Authentication=UsernamePasswordAuthenticationToken [Principal=ir.model.entity.CustomUserDetails@7150f23e, Credentials=[PROTECTED], Authenticated=true, Details=WebAuthenticationDetails [RemoteIpAddress=0:0:0:0:0:0:0:1, SessionId=null], Granted Authorities=[BUILDING_DELETE, TICKET_EDIT, BUILDING_EDIT, BUILDING_CREATE, ROLE_ADMIN, TICKET_CREATE, TICKET_DELETE]]]
18:12:32.791 [https-jsse-nio-8443-exec-10] DEBUG o.s.s.w.c.HttpSessionSecurityContextRepository - Retrieved SecurityContextImpl [Authentication=UsernamePasswordAuthenticationToken [Principal=ir.model.entity.CustomUserDetails@7150f23e, Credentials=[PROTECTED], Authenticated=true, Details=WebAuthenticationDetails [RemoteIpAddress=0:0:0:0:0:0:0:1, SessionId=null], Granted Authorities=[BUILDING_DELETE, TICKET_EDIT, BUILDING_EDIT, BUILDING_CREATE, ROLE_ADMIN, TICKET_CREATE, TICKET_DELETE]]]
18:12:32.791 [https-jsse-nio-8443-exec-5] DEBUG o.s.s.w.c.HttpSessionSecurityContextRepository - Retrieved SecurityContextImpl [Authentication=UsernamePasswordAuthenticationToken [Principal=ir.model.entity.CustomUserDetails@7150f23e, Credentials=[PROTECTED], Authenticated=true, Details=WebAuthenticationDetails [RemoteIpAddress=0:0:0:0:0:0:0:1, SessionId=null], Granted Authorities=[BUILDING_DELETE, TICKET_EDIT, BUILDING_EDIT, BUILDING_CREATE, ROLE_ADMIN, TICKET_CREATE, TICKET_DELETE]]]
18:12:32.791 [https-jsse-nio-8443-exec-6] DEBUG o.s.s.w.c.HttpSessionSecurityContextRepository - Retrieved SecurityContextImpl [Authentication=UsernamePasswordAuthenticationToken [Principal=ir.model.entity.CustomUserDetails@7150f23e, Credentials=[PROTECTED], Authenticated=true, Details=WebAuthenticationDetails [RemoteIpAddress=0:0:0:0:0:0:0:1, SessionId=null], Granted Authorities=[BUILDING_DELETE, TICKET_EDIT, BUILDING_EDIT, BUILDING_CREATE, ROLE_ADMIN, TICKET_CREATE, TICKET_DELETE]]]
18:12:32.793 [https-jsse-nio-8443-exec-3] DEBUG o.s.security.web.FilterChainProxy - Securing GET /js/bootstrap.bundle.min.js
18:12:32.793 [https-jsse-nio-8443-exec-3] DEBUG o.s.s.w.a.c.ChannelProcessingFilter - Request: filter invocation [GET /js/bootstrap.bundle.min.js]; ConfigAttributes: [REQUIRES_SECURE_CHANNEL]
18:12:32.794 [https-jsse-nio-8443-exec-3] DEBUG o.s.security.web.FilterChainProxy - Secured GET /js/bootstrap.bundle.min.js
18:12:32.794 [https-jsse-nio-8443-exec-2] DEBUG o.s.security.web.FilterChainProxy - Securing GET /rest/images/696dd932eca58453fd4abac2/raw
18:12:32.794 [https-jsse-nio-8443-exec-4] DEBUG o.s.security.web.FilterChainProxy - Securing GET /rest/images/696dd942eca58453fd4abac4/raw
18:12:32.795 [https-jsse-nio-8443-exec-2] DEBUG o.s.s.w.a.c.ChannelProcessingFilter - Request: filter invocation [GET /rest/images/696dd932eca58453fd4abac2/raw]; ConfigAttributes: [REQUIRES_SECURE_CHANNEL]
18:12:32.795 [https-jsse-nio-8443-exec-4] DEBUG o.s.s.w.a.c.ChannelProcessingFilter - Request: filter invocation [GET /rest/images/696dd942eca58453fd4abac4/raw]; ConfigAttributes: [REQUIRES_SECURE_CHANNEL]
18:12:32.795 [https-jsse-nio-8443-exec-8] DEBUG o.s.security.web.FilterChainProxy - Securing GET /icons/mftlogo.png
18:12:32.795 [https-jsse-nio-8443-exec-8] DEBUG o.s.s.w.a.c.ChannelProcessingFilter - Request: filter invocation [GET /icons/mftlogo.png]; ConfigAttributes: [REQUIRES_SECURE_CHANNEL]
18:12:32.795 [https-jsse-nio-8443-exec-2] DEBUG o.s.s.w.c.HttpSessionSecurityContextRepository - Retrieved SecurityContextImpl [Authentication=UsernamePasswordAuthenticationToken [Principal=ir.model.entity.CustomUserDetails@7150f23e, Credentials=[PROTECTED], Authenticated=true, Details=WebAuthenticationDetails [RemoteIpAddress=0:0:0:0:0:0:0:1, SessionId=null], Granted Authorities=[BUILDING_DELETE, TICKET_EDIT, BUILDING_EDIT, BUILDING_CREATE, ROLE_ADMIN, TICKET_CREATE, TICKET_DELETE]]]
18:12:32.796 [https-jsse-nio-8443-exec-2] DEBUG o.s.security.web.FilterChainProxy - Secured GET /rest/images/696dd932eca58453fd4abac2/raw
18:12:32.796 [https-jsse-nio-8443-exec-4] DEBUG o.s.s.w.c.HttpSessionSecurityContextRepository - Retrieved SecurityContextImpl [Authentication=UsernamePasswordAuthenticationToken [Principal=ir.model.entity.CustomUserDetails@7150f23e, Credentials=[PROTECTED], Authenticated=true, Details=WebAuthenticationDetails [RemoteIpAddress=0:0:0:0:0:0:0:1, SessionId=null], Granted Authorities=[BUILDING_DELETE, TICKET_EDIT, BUILDING_EDIT, BUILDING_CREATE, ROLE_ADMIN, TICKET_CREATE, TICKET_DELETE]]]
18:12:32.796 [https-jsse-nio-8443-exec-4] DEBUG o.s.security.web.FilterChainProxy - Secured GET /rest/images/696dd942eca58453fd4abac4/raw
18:12:32.796 [https-jsse-nio-8443-exec-8] DEBUG o.s.security.web.FilterChainProxy - Secured GET /icons/mftlogo.png
18:12:32.796 [https-jsse-nio-8443-exec-2] DEBUG o.s.jdbc.datasource.DataSourceUtils - Setting JDBC Connection [HikariProxyConnection@1138547686 wrapping oracle.jdbc.driver.T4CConnection@43b4f788] read-only
18:12:32.797 [https-jsse-nio-8443-exec-2] DEBUG o.h.e.t.internal.TransactionImpl - On TransactionImpl creation, JpaCompliance#isJpaTransactionComplianceEnabled == false
18:12:32.797 [https-jsse-nio-8443-exec-2] DEBUG o.h.e.t.internal.TransactionImpl - begin
18:12:32.798 [https-jsse-nio-8443-exec-4] DEBUG o.s.jdbc.datasource.DataSourceUtils - Setting JDBC Connection [HikariProxyConnection@1667973959 wrapping oracle.jdbc.driver.T4CConnection@65ec4ebd] read-only
18:12:32.799 [https-jsse-nio-8443-exec-4] DEBUG o.h.e.t.internal.TransactionImpl - On TransactionImpl creation, JpaCompliance#isJpaTransactionComplianceEnabled == false
18:12:32.799 [https-jsse-nio-8443-exec-4] DEBUG o.h.e.t.internal.TransactionImpl - begin
18:12:32.800 [https-jsse-nio-8443-exec-2] DEBUG o.h.e.t.internal.TransactionImpl - committing
18:12:32.800 [https-jsse-nio-8443-exec-2] DEBUG o.s.jdbc.datasource.DataSourceUtils - Resetting read-only flag of JDBC Connection [HikariProxyConnection@1138547686 wrapping oracle.jdbc.driver.T4CConnection@43b4f788]
18:12:32.800 [https-jsse-nio-8443-exec-2] INFO  i.c.exception.ResponseAspect - API: streamImage
18:12:32.801 [https-jsse-nio-8443-exec-8] DEBUG o.s.s.w.c.HttpSessionSecurityContextRepository - Retrieved SecurityContextImpl [Authentication=UsernamePasswordAuthenticationToken [Principal=ir.model.entity.CustomUserDetails@7150f23e, Credentials=[PROTECTED], Authenticated=true, Details=WebAuthenticationDetails [RemoteIpAddress=0:0:0:0:0:0:0:1, SessionId=null], Granted Authorities=[BUILDING_DELETE, TICKET_EDIT, BUILDING_EDIT, BUILDING_CREATE, ROLE_ADMIN, TICKET_CREATE, TICKET_DELETE]]]
18:12:32.801 [https-jsse-nio-8443-exec-4] DEBUG o.h.e.t.internal.TransactionImpl - committing
18:12:32.802 [https-jsse-nio-8443-exec-4] DEBUG o.s.jdbc.datasource.DataSourceUtils - Resetting read-only flag of JDBC Connection [HikariProxyConnection@1667973959 wrapping oracle.jdbc.driver.T4CConnection@65ec4ebd]
18:12:32.802 [https-jsse-nio-8443-exec-4] INFO  i.c.exception.ResponseAspect - API: streamImage
18:12:32.802 [https-jsse-nio-8443-exec-3] DEBUG o.s.s.w.c.HttpSessionSecurityContextRepository - Retrieved SecurityContextImpl [Authentication=UsernamePasswordAuthenticationToken [Principal=ir.model.entity.CustomUserDetails@7150f23e, Credentials=[PROTECTED], Authenticated=true, Details=WebAuthenticationDetails [RemoteIpAddress=0:0:0:0:0:0:0:1, SessionId=null], Granted Authorities=[BUILDING_DELETE, TICKET_EDIT, BUILDING_EDIT, BUILDING_CREATE, ROLE_ADMIN, TICKET_CREATE, TICKET_DELETE]]]
18:12:32.805 [https-jsse-nio-8443-exec-5] DEBUG o.s.security.web.FilterChainProxy - Securing GET /js/fontawesome.js
18:12:32.805 [https-jsse-nio-8443-exec-5] DEBUG o.s.s.w.a.c.ChannelProcessingFilter - Request: filter invocation [GET /js/fontawesome.js]; ConfigAttributes: [REQUIRES_SECURE_CHANNEL]
18:12:32.805 [https-jsse-nio-8443-exec-9] DEBUG o.s.security.web.FilterChainProxy - Securing GET /rest/images/696dd959eca58453fd4abac6/raw
18:12:32.805 [https-jsse-nio-8443-exec-9] DEBUG o.s.s.w.a.c.ChannelProcessingFilter - Request: filter invocation [GET /rest/images/696dd959eca58453fd4abac6/raw]; ConfigAttributes: [REQUIRES_SECURE_CHANNEL]
18:12:32.806 [https-jsse-nio-8443-exec-5] DEBUG o.s.security.web.FilterChainProxy - Secured GET /js/fontawesome.js
18:12:32.806 [https-jsse-nio-8443-exec-9] DEBUG o.s.s.w.c.HttpSessionSecurityContextRepository - Retrieved SecurityContextImpl [Authentication=UsernamePasswordAuthenticationToken [Principal=ir.model.entity.CustomUserDetails@7150f23e, Credentials=[PROTECTED], Authenticated=true, Details=WebAuthenticationDetails [RemoteIpAddress=0:0:0:0:0:0:0:1, SessionId=null], Granted Authorities=[BUILDING_DELETE, TICKET_EDIT, BUILDING_EDIT, BUILDING_CREATE, ROLE_ADMIN, TICKET_CREATE, TICKET_DELETE]]]
18:12:32.808 [https-jsse-nio-8443-exec-9] DEBUG o.s.security.web.FilterChainProxy - Secured GET /rest/images/696dd959eca58453fd4abac6/raw
18:12:32.808 [https-jsse-nio-8443-exec-7] DEBUG o.s.s.w.c.HttpSessionSecurityContextRepository - Retrieved SecurityContextImpl [Authentication=UsernamePasswordAuthenticationToken [Principal=ir.model.entity.CustomUserDetails@7150f23e, Credentials=[PROTECTED], Authenticated=true, Details=WebAuthenticationDetails [RemoteIpAddress=0:0:0:0:0:0:0:1, SessionId=null], Granted Authorities=[BUILDING_DELETE, TICKET_EDIT, BUILDING_EDIT, BUILDING_CREATE, ROLE_ADMIN, TICKET_CREATE, TICKET_DELETE]]]
18:12:32.809 [https-jsse-nio-8443-exec-9] DEBUG o.s.jdbc.datasource.DataSourceUtils - Setting JDBC Connection [HikariProxyConnection@1575961726 wrapping oracle.jdbc.driver.T4CConnection@43b4f788] read-only
18:12:32.809 [https-jsse-nio-8443-exec-9] DEBUG o.h.e.t.internal.TransactionImpl - On TransactionImpl creation, JpaCompliance#isJpaTransactionComplianceEnabled == false
18:12:32.809 [https-jsse-nio-8443-exec-9] DEBUG o.h.e.t.internal.TransactionImpl - begin
18:12:32.809 [https-jsse-nio-8443-exec-6] DEBUG o.s.security.web.FilterChainProxy - Securing GET /js/toast.js
18:12:32.810 [https-jsse-nio-8443-exec-6] DEBUG o.s.s.w.a.c.ChannelProcessingFilter - Request: filter invocation [GET /js/toast.js]; ConfigAttributes: [REQUIRES_SECURE_CHANNEL]
18:12:32.810 [https-jsse-nio-8443-exec-6] DEBUG o.s.security.web.FilterChainProxy - Secured GET /js/toast.js
18:12:32.811 [https-jsse-nio-8443-exec-10] DEBUG o.s.security.web.FilterChainProxy - Securing GET /js/script.js
18:12:32.811 [https-jsse-nio-8443-exec-10] DEBUG o.s.s.w.a.c.ChannelProcessingFilter - Request: filter invocation [GET /js/script.js]; ConfigAttributes: [REQUIRES_SECURE_CHANNEL]
18:12:32.812 [https-jsse-nio-8443-exec-10] DEBUG o.s.security.web.FilterChainProxy - Secured GET /js/script.js
18:12:32.812 [https-jsse-nio-8443-exec-6] DEBUG o.s.s.w.c.HttpSessionSecurityContextRepository - Retrieved SecurityContextImpl [Authentication=UsernamePasswordAuthenticationToken [Principal=ir.model.entity.CustomUserDetails@7150f23e, Credentials=[PROTECTED], Authenticated=true, Details=WebAuthenticationDetails [RemoteIpAddress=0:0:0:0:0:0:0:1, SessionId=null], Granted Authorities=[BUILDING_DELETE, TICKET_EDIT, BUILDING_EDIT, BUILDING_CREATE, ROLE_ADMIN, TICKET_CREATE, TICKET_DELETE]]]
18:12:32.814 [https-jsse-nio-8443-exec-9] DEBUG o.h.e.t.internal.TransactionImpl - committing
18:12:32.815 [https-jsse-nio-8443-exec-9] DEBUG o.s.jdbc.datasource.DataSourceUtils - Resetting read-only flag of JDBC Connection [HikariProxyConnection@1575961726 wrapping oracle.jdbc.driver.T4CConnection@43b4f788]
18:12:32.815 [https-jsse-nio-8443-exec-9] INFO  i.c.exception.ResponseAspect - API: streamImage
18:12:32.815 [https-jsse-nio-8443-exec-10] DEBUG o.s.s.w.c.HttpSessionSecurityContextRepository - Retrieved SecurityContextImpl [Authentication=UsernamePasswordAuthenticationToken [Principal=ir.model.entity.CustomUserDetails@7150f23e, Credentials=[PROTECTED], Authenticated=true, Details=WebAuthenticationDetails [RemoteIpAddress=0:0:0:0:0:0:0:1, SessionId=null], Granted Authorities=[BUILDING_DELETE, TICKET_EDIT, BUILDING_EDIT, BUILDING_CREATE, ROLE_ADMIN, TICKET_CREATE, TICKET_DELETE]]]
18:12:32.817 [https-jsse-nio-8443-exec-8] DEBUG o.s.security.web.FilterChainProxy - Securing GET /js/messages-api.js
18:12:32.817 [https-jsse-nio-8443-exec-8] DEBUG o.s.s.w.a.c.ChannelProcessingFilter - Request: filter invocation [GET /js/messages-api.js]; ConfigAttributes: [REQUIRES_SECURE_CHANNEL]
18:12:32.818 [https-jsse-nio-8443-exec-8] DEBUG o.s.security.web.FilterChainProxy - Secured GET /js/messages-api.js
18:12:32.821 [https-jsse-nio-8443-exec-8] DEBUG o.s.s.w.c.HttpSessionSecurityContextRepository - Retrieved SecurityContextImpl [Authentication=UsernamePasswordAuthenticationToken [Principal=ir.model.entity.CustomUserDetails@7150f23e, Credentials=[PROTECTED], Authenticated=true, Details=WebAuthenticationDetails [RemoteIpAddress=0:0:0:0:0:0:0:1, SessionId=null], Granted Authorities=[BUILDING_DELETE, TICKET_EDIT, BUILDING_EDIT, BUILDING_CREATE, ROLE_ADMIN, TICKET_CREATE, TICKET_DELETE]]]
18:12:32.830 [https-jsse-nio-8443-exec-1] DEBUG o.s.s.w.c.HttpSessionSecurityContextRepository - Retrieved SecurityContextImpl [Authentication=UsernamePasswordAuthenticationToken [Principal=ir.model.entity.CustomUserDetails@7150f23e, Credentials=[PROTECTED], Authenticated=true, Details=WebAuthenticationDetails [RemoteIpAddress=0:0:0:0:0:0:0:1, SessionId=null], Granted Authorities=[BUILDING_DELETE, TICKET_EDIT, BUILDING_EDIT, BUILDING_CREATE, ROLE_ADMIN, TICKET_CREATE, TICKET_DELETE]]]
18:12:32.867 [https-jsse-nio-8443-exec-3] DEBUG o.s.security.web.FilterChainProxy - Securing GET /webfonts/fa-solid-900.woff2
18:12:32.867 [https-jsse-nio-8443-exec-2] DEBUG o.s.security.web.FilterChainProxy - Securing GET /webfonts/fa-brands-400.woff2
18:12:32.867 [https-jsse-nio-8443-exec-3] DEBUG o.s.s.w.a.c.ChannelProcessingFilter - Request: filter invocation [GET /webfonts/fa-solid-900.woff2]; ConfigAttributes: [REQUIRES_SECURE_CHANNEL]
18:12:32.867 [https-jsse-nio-8443-exec-2] DEBUG o.s.s.w.a.c.ChannelProcessingFilter - Request: filter invocation [GET /webfonts/fa-brands-400.woff2]; ConfigAttributes: [REQUIRES_SECURE_CHANNEL]
18:12:32.868 [https-jsse-nio-8443-exec-3] DEBUG o.s.s.w.c.HttpSessionSecurityContextRepository - Retrieved SecurityContextImpl [Authentication=UsernamePasswordAuthenticationToken [Principal=ir.model.entity.CustomUserDetails@7150f23e, Credentials=[PROTECTED], Authenticated=true, Details=WebAuthenticationDetails [RemoteIpAddress=0:0:0:0:0:0:0:1, SessionId=null], Granted Authorities=[BUILDING_DELETE, TICKET_EDIT, BUILDING_EDIT, BUILDING_CREATE, ROLE_ADMIN, TICKET_CREATE, TICKET_DELETE]]]
18:12:32.868 [https-jsse-nio-8443-exec-2] DEBUG o.s.s.w.c.HttpSessionSecurityContextRepository - Retrieved SecurityContextImpl [Authentication=UsernamePasswordAuthenticationToken [Principal=ir.model.entity.CustomUserDetails@7150f23e, Credentials=[PROTECTED], Authenticated=true, Details=WebAuthenticationDetails [RemoteIpAddress=0:0:0:0:0:0:0:1, SessionId=null], Granted Authorities=[BUILDING_DELETE, TICKET_EDIT, BUILDING_EDIT, BUILDING_CREATE, ROLE_ADMIN, TICKET_CREATE, TICKET_DELETE]]]
18:12:32.869 [https-jsse-nio-8443-exec-2] DEBUG o.s.security.web.FilterChainProxy - Secured GET /webfonts/fa-brands-400.woff2
18:12:32.869 [https-jsse-nio-8443-exec-3] DEBUG o.s.security.web.FilterChainProxy - Secured GET /webfonts/fa-solid-900.woff2
18:12:33.427 [https-jsse-nio-8443-exec-5] DEBUG o.s.s.w.c.HttpSessionSecurityContextRepository - Retrieved SecurityContextImpl [Authentication=UsernamePasswordAuthenticationToken [Principal=ir.model.entity.CustomUserDetails@7150f23e, Credentials=[PROTECTED], Authenticated=true, Details=WebAuthenticationDetails [RemoteIpAddress=0:0:0:0:0:0:0:1, SessionId=null], Granted Authorities=[BUILDING_DELETE, TICKET_EDIT, BUILDING_EDIT, BUILDING_CREATE, ROLE_ADMIN, TICKET_CREATE, TICKET_DELETE]]]
18:12:33.519 [https-jsse-nio-8443-exec-7] DEBUG o.s.security.web.FilterChainProxy - Securing GET /icons/mftlogo.png
18:12:33.519 [https-jsse-nio-8443-exec-7] DEBUG o.s.s.w.a.c.ChannelProcessingFilter - Request: filter invocation [GET /icons/mftlogo.png]; ConfigAttributes: [REQUIRES_SECURE_CHANNEL]
18:12:33.520 [https-jsse-nio-8443-exec-7] DEBUG o.s.security.web.FilterChainProxy - Secured GET /icons/mftlogo.png
18:12:33.522 [https-jsse-nio-8443-exec-7] DEBUG o.s.s.w.c.HttpSessionSecurityContextRepository - Retrieved SecurityContextImpl [Authentication=UsernamePasswordAuthenticationToken [Principal=ir.model.entity.CustomUserDetails@7150f23e, Credentials=[PROTECTED], Authenticated=true, Details=WebAuthenticationDetails [RemoteIpAddress=0:0:0:0:0:0:0:1, SessionId=null], Granted Authorities=[BUILDING_DELETE, TICKET_EDIT, BUILDING_EDIT, BUILDING_CREATE, ROLE_ADMIN, TICKET_CREATE, TICKET_DELETE]]]
18:12:34.209 [scheduling-1] DEBUG o.h.e.t.internal.TransactionImpl - On TransactionImpl creation, JpaCompliance#isJpaTransactionComplianceEnabled == false
18:12:34.209 [scheduling-1] DEBUG o.h.e.t.internal.TransactionImpl - begin
18:12:34.211 [scheduling-1] DEBUG org.hibernate.SQL - 
    /* <criteria> */ select
        oe1_0.id,
        oe1_0.aggregate_id,
        oe1_0.aggregate_type,
        oe1_0.created_at,
        oe1_0.deleted,
        oe1_0.event_type,
        oe1_0.payload,
        oe1_0.published 
    from
        outbox_tbl oe1_0 
    where
        (
            oe1_0.deleted = 0
        ) 
        and oe1_0.published=0 
    order by
        oe1_0.created_at
18:12:34.212 [scheduling-1] DEBUG o.h.e.t.internal.TransactionImpl - committing
18:12:36.214 [scheduling-1] DEBUG o.h.e.t.internal.TransactionImpl - On TransactionImpl creation, JpaCompliance#isJpaTransactionComplianceEnabled == false
18:12:36.214 [scheduling-1] DEBUG o.h.e.t.internal.TransactionImpl - begin
18:12:36.216 [scheduling-1] DEBUG org.hibernate.SQL - 
    /* <criteria> */ select
        oe1_0.id,
        oe1_0.aggregate_id,
        oe1_0.aggregate_type,
        oe1_0.created_at,
        oe1_0.deleted,
        oe1_0.event_type,
        oe1_0.payload,
        oe1_0.published 
    from
        outbox_tbl oe1_0 
    where
        (
            oe1_0.deleted = 0
        ) 
        and oe1_0.published=0 
    order by
        oe1_0.created_at
18:12:36.217 [scheduling-1] DEBUG o.h.e.t.internal.TransactionImpl - committing
18:12:38.226 [scheduling-1] DEBUG o.h.e.t.internal.TransactionImpl - On TransactionImpl creation, JpaCompliance#isJpaTransactionComplianceEnabled == false
18:12:38.226 [scheduling-1] DEBUG o.h.e.t.internal.TransactionImpl - begin
18:12:38.228 [scheduling-1] DEBUG org.hibernate.SQL - 
    /* <criteria> */ select
        oe1_0.id,
        oe1_0.aggregate_id,
        oe1_0.aggregate_type,
        oe1_0.created_at,
        oe1_0.deleted,
        oe1_0.event_type,
        oe1_0.payload,
        oe1_0.published 
    from
        outbox_tbl oe1_0 
    where
        (
            oe1_0.deleted = 0
        ) 
        and oe1_0.published=0 
    order by
        oe1_0.created_at
18:12:38.229 [scheduling-1] DEBUG o.h.e.t.internal.TransactionImpl - committing
18:12:40.236 [scheduling-1] DEBUG o.h.e.t.internal.TransactionImpl - On TransactionImpl creation, JpaCompliance#isJpaTransactionComplianceEnabled == false
18:12:40.236 [scheduling-1] DEBUG o.h.e.t.internal.TransactionImpl - begin
18:12:40.238 [scheduling-1] DEBUG org.hibernate.SQL - 
    /* <criteria> */ select
        oe1_0.id,
        oe1_0.aggregate_id,
        oe1_0.aggregate_type,
        oe1_0.created_at,
        oe1_0.deleted,
        oe1_0.event_type,
        oe1_0.payload,
        oe1_0.published 
    from
        outbox_tbl oe1_0 
    where
        (
            oe1_0.deleted = 0
        ) 
        and oe1_0.published=0 
    order by
        oe1_0.created_at
18:12:40.239 [scheduling-1] DEBUG o.h.e.t.internal.TransactionImpl - committing
18:12:42.242 [scheduling-1] DEBUG o.h.e.t.internal.TransactionImpl - On TransactionImpl creation, JpaCompliance#isJpaTransactionComplianceEnabled == false
18:12:42.242 [scheduling-1] DEBUG o.h.e.t.internal.TransactionImpl - begin
18:12:42.244 [scheduling-1] DEBUG org.hibernate.SQL - 
    /* <criteria> */ select
        oe1_0.id,
        oe1_0.aggregate_id,
        oe1_0.aggregate_type,
        oe1_0.created_at,
        oe1_0.deleted,
        oe1_0.event_type,
        oe1_0.payload,
        oe1_0.published 
    from
        outbox_tbl oe1_0 
    where
        (
            oe1_0.deleted = 0
        ) 
        and oe1_0.published=0 
    order by
        oe1_0.created_at
18:12:42.245 [scheduling-1] DEBUG o.h.e.t.internal.TransactionImpl - committing
18:12:44.010 [org.springframework.kafka.KafkaListenerEndpointContainer#0-0-C-1] INFO  o.apache.kafka.clients.NetworkClient - [Consumer clientId=consumer-building-service-updater-1, groupId=building-service-updater] Disconnecting from node -1 due to socket connection setup timeout. The timeout value is 20287 ms.
18:12:44.010 [org.springframework.kafka.KafkaListenerEndpointContainer#0-0-C-1] WARN  o.apache.kafka.clients.NetworkClient - [Consumer clientId=consumer-building-service-updater-1, groupId=building-service-updater] Bootstrap broker 100.99.137.56:9092 (id: -1 rack: null) disconnected
18:12:44.260 [scheduling-1] DEBUG o.h.e.t.internal.TransactionImpl - On TransactionImpl creation, JpaCompliance#isJpaTransactionComplianceEnabled == false
18:12:44.260 [scheduling-1] DEBUG o.h.e.t.internal.TransactionImpl - begin
18:12:44.261 [scheduling-1] DEBUG org.hibernate.SQL - 
    /* <criteria> */ select
        oe1_0.id,
        oe1_0.aggregate_id,
        oe1_0.aggregate_type,
        oe1_0.created_at,
        oe1_0.deleted,
        oe1_0.event_type,
        oe1_0.payload,
        oe1_0.published 
    from
        outbox_tbl oe1_0 
    where
        (
            oe1_0.deleted = 0
        ) 
        and oe1_0.published=0 
    order by
        oe1_0.created_at
18:12:44.262 [scheduling-1] DEBUG o.h.e.t.internal.TransactionImpl - committing
18:12:46.272 [scheduling-1] DEBUG o.h.e.t.internal.TransactionImpl - On TransactionImpl creation, JpaCompliance#isJpaTransactionComplianceEnabled == false
18:12:46.272 [scheduling-1] DEBUG o.h.e.t.internal.TransactionImpl - begin
18:12:46.273 [scheduling-1] DEBUG org.hibernate.SQL - 
    /* <criteria> */ select
        oe1_0.id,
        oe1_0.aggregate_id,
        oe1_0.aggregate_type,
        oe1_0.created_at,
        oe1_0.deleted,
        oe1_0.event_type,
        oe1_0.payload,
        oe1_0.published 
    from
        outbox_tbl oe1_0 
    where
        (
            oe1_0.deleted = 0
        ) 
        and oe1_0.published=0 
    order by
        oe1_0.created_at
18:12:46.274 [scheduling-1] DEBUG o.h.e.t.internal.TransactionImpl - committing
18:12:48.281 [scheduling-1] DEBUG o.h.e.t.internal.TransactionImpl - On TransactionImpl creation, JpaCompliance#isJpaTransactionComplianceEnabled == false
18:12:48.281 [scheduling-1] DEBUG o.h.e.t.internal.TransactionImpl - begin
18:12:48.282 [scheduling-1] DEBUG org.hibernate.SQL - 
    /* <criteria> */ select
        oe1_0.id,
        oe1_0.aggregate_id,
        oe1_0.aggregate_type,
        oe1_0.created_at,
        oe1_0.deleted,
        oe1_0.event_type,
        oe1_0.payload,
        oe1_0.published 
    from
        outbox_tbl oe1_0 
    where
        (
            oe1_0.deleted = 0
        ) 
        and oe1_0.published=0 
    order by
        oe1_0.created_at
18:12:48.283 [scheduling-1] DEBUG o.h.e.t.internal.TransactionImpl - committing
18:12:50.288 [scheduling-1] DEBUG o.h.e.t.internal.TransactionImpl - On TransactionImpl creation, JpaCompliance#isJpaTransactionComplianceEnabled == false
18:12:50.288 [scheduling-1] DEBUG o.h.e.t.internal.TransactionImpl - begin
18:12:50.290 [scheduling-1] DEBUG org.hibernate.SQL - 
    /* <criteria> */ select
        oe1_0.id,
        oe1_0.aggregate_id,
        oe1_0.aggregate_type,
        oe1_0.created_at,
        oe1_0.deleted,
        oe1_0.event_type,
        oe1_0.payload,
        oe1_0.published 
    from
        outbox_tbl oe1_0 
    where
        (
            oe1_0.deleted = 0
        ) 
        and oe1_0.published=0 
    order by
        oe1_0.created_at
18:12:50.291 [scheduling-1] DEBUG o.h.e.t.internal.TransactionImpl - committing
18:12:52.295 [scheduling-1] DEBUG o.h.e.t.internal.TransactionImpl - On TransactionImpl creation, JpaCompliance#isJpaTransactionComplianceEnabled == false
18:12:52.296 [scheduling-1] DEBUG o.h.e.t.internal.TransactionImpl - begin
18:12:52.297 [scheduling-1] DEBUG org.hibernate.SQL - 
    /* <criteria> */ select
        oe1_0.id,
        oe1_0.aggregate_id,
        oe1_0.aggregate_type,
        oe1_0.created_at,
        oe1_0.deleted,
        oe1_0.event_type,
        oe1_0.payload,
        oe1_0.published 
    from
        outbox_tbl oe1_0 
    where
        (
            oe1_0.deleted = 0
        ) 
        and oe1_0.published=0 
    order by
        oe1_0.created_at
18:12:52.298 [scheduling-1] DEBUG o.h.e.t.internal.TransactionImpl - committing
18:12:54.300 [scheduling-1] DEBUG o.h.e.t.internal.TransactionImpl - On TransactionImpl creation, JpaCompliance#isJpaTransactionComplianceEnabled == false
18:12:54.300 [scheduling-1] DEBUG o.h.e.t.internal.TransactionImpl - begin
18:12:54.301 [scheduling-1] DEBUG org.hibernate.SQL - 
    /* <criteria> */ select
        oe1_0.id,
        oe1_0.aggregate_id,
        oe1_0.aggregate_type,
        oe1_0.created_at,
        oe1_0.deleted,
        oe1_0.event_type,
        oe1_0.payload,
        oe1_0.published 
    from
        outbox_tbl oe1_0 
    where
        (
            oe1_0.deleted = 0
        ) 
        and oe1_0.published=0 
    order by
        oe1_0.created_at
18:12:54.302 [scheduling-1] DEBUG o.h.e.t.internal.TransactionImpl - committing
18:12:56.303 [scheduling-1] DEBUG o.h.e.t.internal.TransactionImpl - On TransactionImpl creation, JpaCompliance#isJpaTransactionComplianceEnabled == false
18:12:56.303 [scheduling-1] DEBUG o.h.e.t.internal.TransactionImpl - begin
18:12:56.305 [scheduling-1] DEBUG org.hibernate.SQL - 
    /* <criteria> */ select
        oe1_0.id,
        oe1_0.aggregate_id,
        oe1_0.aggregate_type,
        oe1_0.created_at,
        oe1_0.deleted,
        oe1_0.event_type,
        oe1_0.payload,
        oe1_0.published 
    from
        outbox_tbl oe1_0 
    where
        (
            oe1_0.deleted = 0
        ) 
        and oe1_0.published=0 
    order by
        oe1_0.created_at
18:12:56.306 [scheduling-1] DEBUG o.h.e.t.internal.TransactionImpl - committing
18:12:58.309 [scheduling-1] DEBUG o.h.e.t.internal.TransactionImpl - On TransactionImpl creation, JpaCompliance#isJpaTransactionComplianceEnabled == false
18:12:58.309 [scheduling-1] DEBUG o.h.e.t.internal.TransactionImpl - begin
18:12:58.311 [scheduling-1] DEBUG org.hibernate.SQL - 
    /* <criteria> */ select
        oe1_0.id,
        oe1_0.aggregate_id,
        oe1_0.aggregate_type,
        oe1_0.created_at,
        oe1_0.deleted,
        oe1_0.event_type,
        oe1_0.payload,
        oe1_0.published 
    from
        outbox_tbl oe1_0 
    where
        (
            oe1_0.deleted = 0
        ) 
        and oe1_0.published=0 
    order by
        oe1_0.created_at
18:12:58.312 [scheduling-1] DEBUG o.h.e.t.internal.TransactionImpl - committing
18:13:00.313 [scheduling-1] DEBUG o.h.e.t.internal.TransactionImpl - On TransactionImpl creation, JpaCompliance#isJpaTransactionComplianceEnabled == false
18:13:00.313 [scheduling-1] DEBUG o.h.e.t.internal.TransactionImpl - begin
18:13:00.315 [scheduling-1] DEBUG org.hibernate.SQL - 
    /* <criteria> */ select
        oe1_0.id,
        oe1_0.aggregate_id,
        oe1_0.aggregate_type,
        oe1_0.created_at,
        oe1_0.deleted,
        oe1_0.event_type,
        oe1_0.payload,
        oe1_0.published 
    from
        outbox_tbl oe1_0 
    where
        (
            oe1_0.deleted = 0
        ) 
        and oe1_0.published=0 
    order by
        oe1_0.created_at
18:13:00.315 [scheduling-1] DEBUG o.h.e.t.internal.TransactionImpl - committing
18:13:02.321 [scheduling-1] DEBUG o.h.e.t.internal.TransactionImpl - On TransactionImpl creation, JpaCompliance#isJpaTransactionComplianceEnabled == false
18:13:02.322 [scheduling-1] DEBUG o.h.e.t.internal.TransactionImpl - begin
18:13:02.323 [scheduling-1] DEBUG org.hibernate.SQL - 
    /* <criteria> */ select
        oe1_0.id,
        oe1_0.aggregate_id,
        oe1_0.aggregate_type,
        oe1_0.created_at,
        oe1_0.deleted,
        oe1_0.event_type,
        oe1_0.payload,
        oe1_0.published 
    from
        outbox_tbl oe1_0 
    where
        (
            oe1_0.deleted = 0
        ) 
        and oe1_0.published=0 
    order by
        oe1_0.created_at
18:13:02.324 [scheduling-1] DEBUG o.h.e.t.internal.TransactionImpl - committing
18:13:04.328 [scheduling-1] DEBUG o.h.e.t.internal.TransactionImpl - On TransactionImpl creation, JpaCompliance#isJpaTransactionComplianceEnabled == false
18:13:04.329 [scheduling-1] DEBUG o.h.e.t.internal.TransactionImpl - begin
18:13:04.329 [scheduling-1] DEBUG org.hibernate.SQL - 
    /* <criteria> */ select
        oe1_0.id,
        oe1_0.aggregate_id,
        oe1_0.aggregate_type,
        oe1_0.created_at,
        oe1_0.deleted,
        oe1_0.event_type,
        oe1_0.payload,
        oe1_0.published 
    from
        outbox_tbl oe1_0 
    where
        (
            oe1_0.deleted = 0
        ) 
        and oe1_0.published=0 
    order by
        oe1_0.created_at
18:13:04.330 [scheduling-1] DEBUG o.h.e.t.internal.TransactionImpl - committing
18:13:05.151 [org.springframework.kafka.KafkaListenerEndpointContainer#0-0-C-1] INFO  o.apache.kafka.clients.NetworkClient - [Consumer clientId=consumer-building-service-updater-1, groupId=building-service-updater] Node -1 disconnected.
18:13:05.151 [org.springframework.kafka.KafkaListenerEndpointContainer#0-0-C-1] WARN  o.apache.kafka.clients.NetworkClient - [Consumer clientId=consumer-building-service-updater-1, groupId=building-service-updater] Connection to node -1 (/100.99.137.56:9092) could not be established. Node may not be available.
18:13:05.151 [org.springframework.kafka.KafkaListenerEndpointContainer#0-0-C-1] WARN  o.apache.kafka.clients.NetworkClient - [Consumer clientId=consumer-building-service-updater-1, groupId=building-service-updater] Bootstrap broker 100.99.137.56:9092 (id: -1 rack: null) disconnected
18:13:06.333 [scheduling-1] DEBUG o.h.e.t.internal.TransactionImpl - On TransactionImpl creation, JpaCompliance#isJpaTransactionComplianceEnabled == false
18:13:06.333 [scheduling-1] DEBUG o.h.e.t.internal.TransactionImpl - begin
18:13:06.334 [scheduling-1] DEBUG org.hibernate.SQL - 
    /* <criteria> */ select
        oe1_0.id,
        oe1_0.aggregate_id,
        oe1_0.aggregate_type,
        oe1_0.created_at,
        oe1_0.deleted,
        oe1_0.event_type,
        oe1_0.payload,
        oe1_0.published 
    from
        outbox_tbl oe1_0 
    where
        (
            oe1_0.deleted = 0
        ) 
        and oe1_0.published=0 
    order by
        oe1_0.created_at
18:13:06.335 [scheduling-1] DEBUG o.h.e.t.internal.TransactionImpl - committing
18:13:08.336 [scheduling-1] DEBUG o.h.e.t.internal.TransactionImpl - On TransactionImpl creation, JpaCompliance#isJpaTransactionComplianceEnabled == false
18:13:08.336 [scheduling-1] DEBUG o.h.e.t.internal.TransactionImpl - begin
18:13:08.338 [scheduling-1] DEBUG org.hibernate.SQL - 
    /* <criteria> */ select
        oe1_0.id,
        oe1_0.aggregate_id,
        oe1_0.aggregate_type,
        oe1_0.created_at,
        oe1_0.deleted,
        oe1_0.event_type,
        oe1_0.payload,
        oe1_0.published 
    from
        outbox_tbl oe1_0 
    where
        (
            oe1_0.deleted = 0
        ) 
        and oe1_0.published=0 
    order by
        oe1_0.created_at
18:13:08.339 [scheduling-1] DEBUG o.h.e.t.internal.TransactionImpl - committing
18:13:10.340 [scheduling-1] DEBUG o.h.e.t.internal.TransactionImpl - On TransactionImpl creation, JpaCompliance#isJpaTransactionComplianceEnabled == false
18:13:10.340 [scheduling-1] DEBUG o.h.e.t.internal.TransactionImpl - begin
18:13:10.343 [scheduling-1] DEBUG org.hibernate.SQL - 
    /* <criteria> */ select
        oe1_0.id,
        oe1_0.aggregate_id,
        oe1_0.aggregate_type,
        oe1_0.created_at,
        oe1_0.deleted,
        oe1_0.event_type,
        oe1_0.payload,
        oe1_0.published 
    from
        outbox_tbl oe1_0 
    where
        (
            oe1_0.deleted = 0
        ) 
        and oe1_0.published=0 
    order by
        oe1_0.created_at
18:13:10.345 [scheduling-1] DEBUG o.h.e.t.internal.TransactionImpl - committing
18:13:12.351 [scheduling-1] DEBUG o.h.e.t.internal.TransactionImpl - On TransactionImpl creation, JpaCompliance#isJpaTransactionComplianceEnabled == false
18:13:12.351 [scheduling-1] DEBUG o.h.e.t.internal.TransactionImpl - begin
18:13:12.352 [scheduling-1] DEBUG org.hibernate.SQL - 
    /* <criteria> */ select
        oe1_0.id,
        oe1_0.aggregate_id,
        oe1_0.aggregate_type,
        oe1_0.created_at,
        oe1_0.deleted,
        oe1_0.event_type,
        oe1_0.payload,
        oe1_0.published 
    from
        outbox_tbl oe1_0 
    where
        (
            oe1_0.deleted = 0
        ) 
        and oe1_0.published=0 
    order by
        oe1_0.created_at
18:13:12.353 [scheduling-1] DEBUG o.h.e.t.internal.TransactionImpl - committing
18:13:14.361 [scheduling-1] DEBUG o.h.e.t.internal.TransactionImpl - On TransactionImpl creation, JpaCompliance#isJpaTransactionComplianceEnabled == false
18:13:14.361 [scheduling-1] DEBUG o.h.e.t.internal.TransactionImpl - begin
18:13:14.363 [scheduling-1] DEBUG org.hibernate.SQL - 
    /* <criteria> */ select
        oe1_0.id,
        oe1_0.aggregate_id,
        oe1_0.aggregate_type,
        oe1_0.created_at,
        oe1_0.deleted,
        oe1_0.event_type,
        oe1_0.payload,
        oe1_0.published 
    from
        outbox_tbl oe1_0 
    where
        (
            oe1_0.deleted = 0
        ) 
        and oe1_0.published=0 
    order by
        oe1_0.created_at
18:13:14.363 [scheduling-1] DEBUG o.h.e.t.internal.TransactionImpl - committing
18:13:16.379 [scheduling-1] DEBUG o.h.e.t.internal.TransactionImpl - On TransactionImpl creation, JpaCompliance#isJpaTransactionComplianceEnabled == false
18:13:16.379 [scheduling-1] DEBUG o.h.e.t.internal.TransactionImpl - begin
18:13:16.380 [scheduling-1] DEBUG org.hibernate.SQL - 
    /* <criteria> */ select
        oe1_0.id,
        oe1_0.aggregate_id,
        oe1_0.aggregate_type,
        oe1_0.created_at,
        oe1_0.deleted,
        oe1_0.event_type,
        oe1_0.payload,
        oe1_0.published 
    from
        outbox_tbl oe1_0 
    where
        (
            oe1_0.deleted = 0
        ) 
        and oe1_0.published=0 
    order by
        oe1_0.created_at
18:13:16.381 [scheduling-1] DEBUG o.h.e.t.internal.TransactionImpl - committing
18:13:18.383 [scheduling-1] DEBUG o.h.e.t.internal.TransactionImpl - On TransactionImpl creation, JpaCompliance#isJpaTransactionComplianceEnabled == false
18:13:18.383 [scheduling-1] DEBUG o.h.e.t.internal.TransactionImpl - begin
18:13:18.385 [scheduling-1] DEBUG org.hibernate.SQL - 
    /* <criteria> */ select
        oe1_0.id,
        oe1_0.aggregate_id,
        oe1_0.aggregate_type,
        oe1_0.created_at,
        oe1_0.deleted,
        oe1_0.event_type,
        oe1_0.payload,
        oe1_0.published 
    from
        outbox_tbl oe1_0 
    where
        (
            oe1_0.deleted = 0
        ) 
        and oe1_0.published=0 
    order by
        oe1_0.created_at
18:13:18.386 [scheduling-1] DEBUG o.h.e.t.internal.TransactionImpl - committing
18:13:20.137 [https-jsse-nio-8443-exec-6] DEBUG o.s.security.web.FilterChainProxy - Securing GET /tickets/1
18:13:20.138 [https-jsse-nio-8443-exec-6] DEBUG o.s.s.w.a.c.ChannelProcessingFilter - Request: filter invocation [GET /tickets/1]; ConfigAttributes: [REQUIRES_SECURE_CHANNEL]
18:13:20.138 [https-jsse-nio-8443-exec-6] DEBUG o.s.s.w.c.HttpSessionSecurityContextRepository - Retrieved SecurityContextImpl [Authentication=UsernamePasswordAuthenticationToken [Principal=ir.model.entity.CustomUserDetails@7150f23e, Credentials=[PROTECTED], Authenticated=true, Details=WebAuthenticationDetails [RemoteIpAddress=0:0:0:0:0:0:0:1, SessionId=null], Granted Authorities=[BUILDING_DELETE, TICKET_EDIT, BUILDING_EDIT, BUILDING_CREATE, ROLE_ADMIN, TICKET_CREATE, TICKET_DELETE]]]
18:13:20.138 [https-jsse-nio-8443-exec-6] DEBUG o.s.security.web.FilterChainProxy - Secured GET /tickets/1
18:13:20.140 [https-jsse-nio-8443-exec-6] DEBUG o.s.jdbc.datasource.DataSourceUtils - Setting JDBC Connection [HikariProxyConnection@2044229057 wrapping oracle.jdbc.driver.T4CConnection@43b4f788] read-only
18:13:20.140 [https-jsse-nio-8443-exec-6] DEBUG o.h.e.t.internal.TransactionImpl - On TransactionImpl creation, JpaCompliance#isJpaTransactionComplianceEnabled == false
18:13:20.140 [https-jsse-nio-8443-exec-6] DEBUG o.h.e.t.internal.TransactionImpl - begin
18:13:20.140 [https-jsse-nio-8443-exec-6] DEBUG org.hibernate.SQL - 
    select
        t1_0.id,
        c1_0.username,
        c1_0.account_non_expired,
        c1_0.account_non_locked,
        c1_0.credentials_expiry_date,
        c1_0.credentials_non_expired,
        c1_0.deleted,
        c1_0.enabled,
        c1_0.password,
        rs1_0.username,
        rs1_1.name,
        rs1_1.deleted,
        ps1_0.role_name,
        ps1_1.id,
        ps1_1.deleted,
        ps1_1.permission,
        t1_0.date_time,
        t1_0.deleted,
        t1_0.score,
        s1_0.id,
        s1_0.building_id,
        s1_0.deleted,
        ps2_0.id,
        ps2_0.building_id,
        ps2_0.deleted,
        ps2_0.parent_section_id,
        ps2_0.title,
        s1_0.title,
        t1_0.status,
        t1_0.title 
    from
        ticket_tbl t1_0 
    left join
        user_tbl c1_0 
            on c1_0.username=t1_0.customer 
            and (c1_0.deleted = 0) 
    left join
        (user_role_tbl rs1_0 
    join
        role_tbl rs1_1 
            on rs1_1.name=rs1_0.role_name) 
        on c1_0.username=rs1_0.username 
        and ( rs1_1.deleted = 0) 
    left join
        (role_permission_tbl ps1_0 
    join
        permission_tbl ps1_1 
            on ps1_1.id=ps1_0.permission) 
        on rs1_1.name=ps1_0.role_name 
        and ( ps1_1.deleted = 0) 
    left join
        section_table s1_0 
            on s1_0.id=t1_0.section_id 
            and (s1_0.deleted = 0) 
    left join
        section_table ps2_0 
            on ps2_0.id=s1_0.parent_section_id 
            and (ps2_0.deleted = 0) 
    where
        t1_0.id=? 
        and (
            t1_0.deleted = 0
        )
18:13:20.140 [https-jsse-nio-8443-exec-6] TRACE org.hibernate.orm.jdbc.bind - binding parameter (1:BIGINT) <- [1]
18:13:20.141 [https-jsse-nio-8443-exec-6] TRACE org.hibernate.orm.jdbc.extract - extracted value (2:VARCHAR) -> [hadan]
18:13:20.141 [https-jsse-nio-8443-exec-6] TRACE org.hibernate.orm.jdbc.extract - extracted value (10:VARCHAR) -> [hadan]
18:13:20.141 [https-jsse-nio-8443-exec-6] TRACE org.hibernate.orm.jdbc.extract - extracted value (11:VARCHAR) -> [ROLE_CUSTOMER]
18:13:20.141 [https-jsse-nio-8443-exec-6] TRACE org.hibernate.orm.jdbc.extract - extracted value (13:VARCHAR) -> [ROLE_CUSTOMER]
18:13:20.141 [https-jsse-nio-8443-exec-6] TRACE org.hibernate.orm.jdbc.extract - extracted value (14:BIGINT) -> [1]
18:13:20.141 [https-jsse-nio-8443-exec-6] TRACE org.hibernate.orm.jdbc.extract - extracted value (20:BIGINT) -> [3]
18:13:20.141 [https-jsse-nio-8443-exec-6] TRACE org.hibernate.orm.jdbc.extract - extracted value (23:BIGINT) -> [1]
18:13:20.141 [https-jsse-nio-8443-exec-6] TRACE org.hibernate.orm.jdbc.extract - extracted value (21:BIGINT) -> [null]
18:13:20.142 [https-jsse-nio-8443-exec-6] TRACE org.hibernate.orm.jdbc.extract - extracted value (24:BIGINT) -> [54]
18:13:20.142 [https-jsse-nio-8443-exec-6] TRACE org.hibernate.orm.jdbc.extract - extracted value (26:BIGINT) -> [null]
18:13:20.142 [https-jsse-nio-8443-exec-6] TRACE org.hibernate.orm.jdbc.extract - extracted value (15:BOOLEAN) -> [false]
18:13:20.142 [https-jsse-nio-8443-exec-6] TRACE org.hibernate.orm.jdbc.extract - extracted value (16:VARCHAR) -> [TICKET_CREATE]
18:13:20.142 [https-jsse-nio-8443-exec-6] TRACE org.hibernate.orm.jdbc.extract - extracted value (12:BOOLEAN) -> [false]
18:13:20.142 [https-jsse-nio-8443-exec-6] TRACE org.hibernate.orm.jdbc.extract - extracted value (3:BOOLEAN) -> [true]
18:13:20.142 [https-jsse-nio-8443-exec-6] TRACE org.hibernate.orm.jdbc.extract - extracted value (4:BOOLEAN) -> [true]
18:13:20.142 [https-jsse-nio-8443-exec-6] TRACE org.hibernate.orm.jdbc.extract - extracted value (5:TIMESTAMP) -> [2026-07-15T10:11:55.759022]
18:13:20.142 [https-jsse-nio-8443-exec-6] TRACE org.hibernate.orm.jdbc.extract - extracted value (6:BOOLEAN) -> [true]
18:13:20.142 [https-jsse-nio-8443-exec-6] TRACE org.hibernate.orm.jdbc.extract - extracted value (7:BOOLEAN) -> [false]
18:13:20.142 [https-jsse-nio-8443-exec-6] TRACE org.hibernate.orm.jdbc.extract - extracted value (8:BOOLEAN) -> [true]
18:13:20.142 [https-jsse-nio-8443-exec-6] TRACE org.hibernate.orm.jdbc.extract - extracted value (9:VARCHAR) -> [$2a$12$pGZHMXEgTAfgatCgqkj6uuOfHiTD7wYxADVoQrlWQtumAAqOwT71.]
18:13:20.142 [https-jsse-nio-8443-exec-6] TRACE org.hibernate.orm.jdbc.extract - extracted value (25:BOOLEAN) -> [false]
18:13:20.142 [https-jsse-nio-8443-exec-6] TRACE org.hibernate.orm.jdbc.extract - extracted value (27:VARCHAR) -> [MAIN SECTION]
18:13:20.142 [https-jsse-nio-8443-exec-6] TRACE org.hibernate.orm.jdbc.extract - extracted value (22:BOOLEAN) -> [false]
18:13:20.142 [https-jsse-nio-8443-exec-6] TRACE org.hibernate.orm.jdbc.extract - extracted value (28:VARCHAR) -> [TRANSPORT]
18:13:20.142 [https-jsse-nio-8443-exec-6] TRACE org.hibernate.orm.jdbc.extract - extracted value (17:TIMESTAMP) -> [2026-01-19T10:41:35.312182]
18:13:20.142 [https-jsse-nio-8443-exec-6] TRACE org.hibernate.orm.jdbc.extract - extracted value (18:BOOLEAN) -> [false]
18:13:20.142 [https-jsse-nio-8443-exec-6] TRACE org.hibernate.orm.jdbc.extract - extracted value (19:INTEGER) -> [null]
18:13:20.142 [https-jsse-nio-8443-exec-6] TRACE org.hibernate.orm.jdbc.extract - extracted value (29:TINYINT) -> [Closed]
18:13:20.142 [https-jsse-nio-8443-exec-6] TRACE org.hibernate.orm.jdbc.extract - extracted value (30:VARCHAR) -> [first ticket]
18:13:20.142 [https-jsse-nio-8443-exec-6] DEBUG org.hibernate.SQL - 
    select
        csl1_0.parent_section_id,
        csl1_0.id,
        csl1_0.building_id,
        csl1_0.deleted,
        csl1_0.title 
    from
        section_table csl1_0 
    where
        csl1_0.parent_section_id=? 
        and (
            csl1_0.deleted = 0
        )
18:13:20.143 [https-jsse-nio-8443-exec-6] TRACE org.hibernate.orm.jdbc.bind - binding parameter (1:BIGINT) <- [1]
18:13:20.143 [https-jsse-nio-8443-exec-6] TRACE org.hibernate.orm.jdbc.extract - extracted value (1:BIGINT) -> [1]
18:13:20.143 [https-jsse-nio-8443-exec-6] TRACE org.hibernate.orm.jdbc.extract - extracted value (2:BIGINT) -> [2]
18:13:20.143 [https-jsse-nio-8443-exec-6] TRACE org.hibernate.orm.jdbc.extract - extracted value (3:BIGINT) -> [23]
18:13:20.144 [https-jsse-nio-8443-exec-6] TRACE org.hibernate.orm.jdbc.extract - extracted value (4:BOOLEAN) -> [false]
18:13:20.144 [https-jsse-nio-8443-exec-6] TRACE org.hibernate.orm.jdbc.extract - extracted value (5:VARCHAR) -> [HSE]
18:13:20.144 [https-jsse-nio-8443-exec-6] TRACE org.hibernate.orm.jdbc.extract - extracted value (1:BIGINT) -> [1]
18:13:20.144 [https-jsse-nio-8443-exec-6] TRACE org.hibernate.orm.jdbc.extract - extracted value (2:BIGINT) -> [3]
18:13:20.144 [https-jsse-nio-8443-exec-6] DEBUG org.hibernate.SQL - 
    select
        csl1_0.parent_section_id,
        csl1_0.id,
        csl1_0.building_id,
        csl1_0.deleted,
        csl1_0.title 
    from
        section_table csl1_0 
    where
        csl1_0.parent_section_id=? 
        and (
            csl1_0.deleted = 0
        )
18:13:20.144 [https-jsse-nio-8443-exec-6] TRACE org.hibernate.orm.jdbc.bind - binding parameter (1:BIGINT) <- [3]
18:13:20.145 [https-jsse-nio-8443-exec-6] TRACE org.hibernate.orm.jdbc.extract - extracted value (1:BIGINT) -> [3]
18:13:20.145 [https-jsse-nio-8443-exec-6] TRACE org.hibernate.orm.jdbc.extract - extracted value (2:BIGINT) -> [4]
18:13:20.145 [https-jsse-nio-8443-exec-6] TRACE org.hibernate.orm.jdbc.extract - extracted value (3:BIGINT) -> [23]
18:13:20.145 [https-jsse-nio-8443-exec-6] TRACE org.hibernate.orm.jdbc.extract - extracted value (4:BOOLEAN) -> [false]
18:13:20.145 [https-jsse-nio-8443-exec-6] TRACE org.hibernate.orm.jdbc.extract - extracted value (5:VARCHAR) -> [BUS]
18:13:20.145 [https-jsse-nio-8443-exec-6] TRACE org.hibernate.orm.jdbc.extract - extracted value (1:BIGINT) -> [3]
18:13:20.145 [https-jsse-nio-8443-exec-6] TRACE org.hibernate.orm.jdbc.extract - extracted value (2:BIGINT) -> [5]
18:13:20.145 [https-jsse-nio-8443-exec-6] TRACE org.hibernate.orm.jdbc.extract - extracted value (3:BIGINT) -> [null]
18:13:20.145 [https-jsse-nio-8443-exec-6] TRACE org.hibernate.orm.jdbc.extract - extracted value (4:BOOLEAN) -> [false]
18:13:20.145 [https-jsse-nio-8443-exec-6] TRACE org.hibernate.orm.jdbc.extract - extracted value (5:VARCHAR) -> [TAXI]
18:13:20.145 [https-jsse-nio-8443-exec-6] TRACE org.hibernate.orm.jdbc.extract - extracted value (1:BIGINT) -> [3]
18:13:20.145 [https-jsse-nio-8443-exec-6] TRACE org.hibernate.orm.jdbc.extract - extracted value (2:BIGINT) -> [21]
18:13:20.145 [https-jsse-nio-8443-exec-6] TRACE org.hibernate.orm.jdbc.extract - extracted value (3:BIGINT) -> [null]
18:13:20.145 [https-jsse-nio-8443-exec-6] TRACE org.hibernate.orm.jdbc.extract - extracted value (4:BOOLEAN) -> [false]
18:13:20.145 [https-jsse-nio-8443-exec-6] TRACE org.hibernate.orm.jdbc.extract - extracted value (5:VARCHAR) -> [TEST B]
18:13:20.145 [https-jsse-nio-8443-exec-6] DEBUG org.hibernate.SQL - 
    select
        csl1_0.parent_section_id,
        csl1_0.id,
        csl1_0.building_id,
        csl1_0.deleted,
        csl1_0.title 
    from
        section_table csl1_0 
    where
        csl1_0.parent_section_id=? 
        and (
            csl1_0.deleted = 0
        )
18:13:20.146 [https-jsse-nio-8443-exec-6] TRACE org.hibernate.orm.jdbc.bind - binding parameter (1:BIGINT) <- [21]
18:13:20.146 [https-jsse-nio-8443-exec-6] DEBUG org.hibernate.SQL - 
    select
        csl1_0.parent_section_id,
        csl1_0.id,
        csl1_0.building_id,
        csl1_0.deleted,
        csl1_0.title 
    from
        section_table csl1_0 
    where
        csl1_0.parent_section_id=? 
        and (
            csl1_0.deleted = 0
        )
18:13:20.146 [https-jsse-nio-8443-exec-6] TRACE org.hibernate.orm.jdbc.bind - binding parameter (1:BIGINT) <- [5]
18:13:20.147 [https-jsse-nio-8443-exec-6] DEBUG org.hibernate.SQL - 
    select
        csl1_0.parent_section_id,
        csl1_0.id,
        csl1_0.building_id,
        csl1_0.deleted,
        csl1_0.title 
    from
        section_table csl1_0 
    where
        csl1_0.parent_section_id=? 
        and (
            csl1_0.deleted = 0
        )
18:13:20.147 [https-jsse-nio-8443-exec-6] TRACE org.hibernate.orm.jdbc.bind - binding parameter (1:BIGINT) <- [4]
18:13:20.148 [https-jsse-nio-8443-exec-6] DEBUG org.hibernate.SQL - 
    select
        csl1_0.parent_section_id,
        csl1_0.id,
        csl1_0.building_id,
        csl1_0.deleted,
        csl1_0.title 
    from
        section_table csl1_0 
    where
        csl1_0.parent_section_id=? 
        and (
            csl1_0.deleted = 0
        )
18:13:20.148 [https-jsse-nio-8443-exec-6] TRACE org.hibernate.orm.jdbc.bind - binding parameter (1:BIGINT) <- [2]
18:13:20.149 [https-jsse-nio-8443-exec-6] DEBUG o.h.e.t.internal.TransactionImpl - committing
18:13:20.149 [https-jsse-nio-8443-exec-6] DEBUG o.s.jdbc.datasource.DataSourceUtils - Resetting read-only flag of JDBC Connection [HikariProxyConnection@2044229057 wrapping oracle.jdbc.driver.T4CConnection@43b4f788]
18:13:20.150 [https-jsse-nio-8443-exec-6] DEBUG org.hibernate.SQL - 
    /* <criteria> */ select
        m1_0.id,
        m1_0.content,
        m1_0.date_time,
        m1_0.deleted,
        m1_0.sender_role_name,
        m1_0.sender_username,
        m1_0.ticket_id 
    from
        message_tbl m1_0 
    where
        (
            m1_0.deleted = 0
        ) 
        and m1_0.ticket_id=? 
    order by
        m1_0.date_time
18:13:20.150 [https-jsse-nio-8443-exec-6] TRACE org.hibernate.orm.jdbc.bind - binding parameter (1:BIGINT) <- [1]
18:13:20.151 [https-jsse-nio-8443-exec-6] TRACE org.hibernate.orm.jdbc.extract - extracted value (1:BIGINT) -> [1]
18:13:20.151 [https-jsse-nio-8443-exec-6] TRACE org.hibernate.orm.jdbc.extract - extracted value (2:VARCHAR) -> [با سلام]
18:13:20.151 [https-jsse-nio-8443-exec-6] TRACE org.hibernate.orm.jdbc.extract - extracted value (3:TIMESTAMP) -> [2026-01-19T10:41:35.324782]
18:13:20.151 [https-jsse-nio-8443-exec-6] TRACE org.hibernate.orm.jdbc.extract - extracted value (4:BOOLEAN) -> [false]
18:13:20.151 [https-jsse-nio-8443-exec-6] TRACE org.hibernate.orm.jdbc.extract - extracted value (5:VARCHAR) -> [ROLE_CUSTOMER]
18:13:20.151 [https-jsse-nio-8443-exec-6] TRACE org.hibernate.orm.jdbc.extract - extracted value (6:VARCHAR) -> [hadan]
18:13:20.151 [https-jsse-nio-8443-exec-6] TRACE org.hibernate.orm.jdbc.extract - extracted value (7:BIGINT) -> [1]
18:13:20.151 [https-jsse-nio-8443-exec-6] TRACE org.hibernate.orm.jdbc.extract - extracted value (1:BIGINT) -> [2]
18:13:20.151 [https-jsse-nio-8443-exec-6] TRACE org.hibernate.orm.jdbc.extract - extracted value (2:VARCHAR) -> [null]
18:13:20.151 [https-jsse-nio-8443-exec-6] TRACE org.hibernate.orm.jdbc.extract - extracted value (3:TIMESTAMP) -> [2026-01-19T10:41:46.827994]
18:13:20.151 [https-jsse-nio-8443-exec-6] TRACE org.hibernate.orm.jdbc.extract - extracted value (4:BOOLEAN) -> [false]
18:13:20.151 [https-jsse-nio-8443-exec-6] TRACE org.hibernate.orm.jdbc.extract - extracted value (5:VARCHAR) -> [ROLE_CUSTOMER]
18:13:20.151 [https-jsse-nio-8443-exec-6] TRACE org.hibernate.orm.jdbc.extract - extracted value (6:VARCHAR) -> [hadan]
18:13:20.151 [https-jsse-nio-8443-exec-6] TRACE org.hibernate.orm.jdbc.extract - extracted value (7:BIGINT) -> [1]
18:13:20.151 [https-jsse-nio-8443-exec-6] TRACE org.hibernate.orm.jdbc.extract - extracted value (1:BIGINT) -> [3]
18:13:20.151 [https-jsse-nio-8443-exec-6] TRACE org.hibernate.orm.jdbc.extract - extracted value (2:VARCHAR) -> [عکس فرستادم]
18:13:20.151 [https-jsse-nio-8443-exec-6] TRACE org.hibernate.orm.jdbc.extract - extracted value (3:TIMESTAMP) -> [2026-01-19T10:42:02.618480]
18:13:20.151 [https-jsse-nio-8443-exec-6] TRACE org.hibernate.orm.jdbc.extract - extracted value (4:BOOLEAN) -> [false]
18:13:20.152 [https-jsse-nio-8443-exec-6] TRACE org.hibernate.orm.jdbc.extract - extracted value (5:VARCHAR) -> [ROLE_CUSTOMER]
18:13:20.152 [https-jsse-nio-8443-exec-6] TRACE org.hibernate.orm.jdbc.extract - extracted value (6:VARCHAR) -> [hadan]
18:13:20.152 [https-jsse-nio-8443-exec-6] TRACE org.hibernate.orm.jdbc.extract - extracted value (7:BIGINT) -> [1]
18:13:20.152 [https-jsse-nio-8443-exec-6] TRACE org.hibernate.orm.jdbc.extract - extracted value (1:BIGINT) -> [4]
18:13:20.152 [https-jsse-nio-8443-exec-6] TRACE org.hibernate.orm.jdbc.extract - extracted value (2:VARCHAR) -> [null]
18:13:20.152 [https-jsse-nio-8443-exec-6] TRACE org.hibernate.orm.jdbc.extract - extracted value (3:TIMESTAMP) -> [2026-01-19T10:42:25.008481]
18:13:20.152 [https-jsse-nio-8443-exec-6] TRACE org.hibernate.orm.jdbc.extract - extracted value (4:BOOLEAN) -> [false]
18:13:20.152 [https-jsse-nio-8443-exec-6] TRACE org.hibernate.orm.jdbc.extract - extracted value (5:VARCHAR) -> [ROLE_CUSTOMER]
18:13:20.152 [https-jsse-nio-8443-exec-6] TRACE org.hibernate.orm.jdbc.extract - extracted value (6:VARCHAR) -> [hadan]
18:13:20.152 [https-jsse-nio-8443-exec-6] TRACE org.hibernate.orm.jdbc.extract - extracted value (7:BIGINT) -> [1]
18:13:20.152 [https-jsse-nio-8443-exec-6] TRACE org.hibernate.orm.jdbc.extract - extracted value (1:BIGINT) -> [5]
18:13:20.152 [https-jsse-nio-8443-exec-6] TRACE org.hibernate.orm.jdbc.extract - extracted value (2:VARCHAR) -> [salam]
18:13:20.152 [https-jsse-nio-8443-exec-6] TRACE org.hibernate.orm.jdbc.extract - extracted value (3:TIMESTAMP) -> [2026-01-19T12:18:41.012601]
18:13:20.152 [https-jsse-nio-8443-exec-6] TRACE org.hibernate.orm.jdbc.extract - extracted value (4:BOOLEAN) -> [false]
18:13:20.152 [https-jsse-nio-8443-exec-6] TRACE org.hibernate.orm.jdbc.extract - extracted value (5:VARCHAR) -> [ROLE_ADMIN]
18:13:20.152 [https-jsse-nio-8443-exec-6] TRACE org.hibernate.orm.jdbc.extract - extracted value (6:VARCHAR) -> [ali]
18:13:20.152 [https-jsse-nio-8443-exec-6] TRACE org.hibernate.orm.jdbc.extract - extracted value (7:BIGINT) -> [1]
18:13:20.152 [https-jsse-nio-8443-exec-6] INFO  i.c.exception.ResponseAspect - Web Controller: showTicketMessages
18:13:20.181 [https-jsse-nio-8443-exec-6] DEBUG org.hibernate.SQL - 
    select
        a1_0.message_id,
        a1_0.id,
        a1_0.attach_time,
        a1_0.deleted,
        a1_0.description,
        a1_0.extracted_text,
        a1_0.file_name,
        a1_0.file_size,
        a1_0.file_type,
        a1_0.mongo_file_id 
    from
        attachment_tbl a1_0 
    where
        a1_0.message_id=? 
        and (
            a1_0.deleted = 0
        )
18:13:20.181 [https-jsse-nio-8443-exec-6] TRACE org.hibernate.orm.jdbc.bind - binding parameter (1:BIGINT) <- [1]
18:13:20.183 [https-jsse-nio-8443-exec-6] DEBUG org.hibernate.SQL - 
    select
        a1_0.message_id,
        a1_0.id,
        a1_0.attach_time,
        a1_0.deleted,
        a1_0.description,
        a1_0.extracted_text,
        a1_0.file_name,
        a1_0.file_size,
        a1_0.file_type,
        a1_0.mongo_file_id 
    from
        attachment_tbl a1_0 
    where
        a1_0.message_id=? 
        and (
            a1_0.deleted = 0
        )
18:13:20.184 [https-jsse-nio-8443-exec-6] TRACE org.hibernate.orm.jdbc.bind - binding parameter (1:BIGINT) <- [2]
18:13:20.185 [https-jsse-nio-8443-exec-6] TRACE org.hibernate.orm.jdbc.extract - extracted value (1:BIGINT) -> [2]
18:13:20.185 [https-jsse-nio-8443-exec-6] TRACE org.hibernate.orm.jdbc.extract - extracted value (2:BIGINT) -> [41]
18:13:20.185 [https-jsse-nio-8443-exec-6] DEBUG org.hibernate.SQL - 
    select
        p1_0.id,
        p1_0.deleted,
        p1_0.email,
        p1_0.first_name,
        p1_0.last_name,
        p1_0.phone,
        p1_0.attachment_id,
        p1_0.username 
    from
        profile_tbl p1_0 
    where
        p1_0.attachment_id=? 
        and (
            p1_0.deleted = 0
        )
18:13:20.185 [https-jsse-nio-8443-exec-6] TRACE org.hibernate.orm.jdbc.bind - binding parameter (1:BIGINT) <- [41]
18:13:20.186 [https-jsse-nio-8443-exec-6] TRACE org.hibernate.orm.jdbc.extract - extracted value (3:TIMESTAMP) -> [2026-01-19T10:41:46.881993]
18:13:20.186 [https-jsse-nio-8443-exec-6] TRACE org.hibernate.orm.jdbc.extract - extracted value (4:BOOLEAN) -> [false]
18:13:20.186 [https-jsse-nio-8443-exec-6] TRACE org.hibernate.orm.jdbc.extract - extracted value (5:VARCHAR) -> [null]
18:13:20.186 [https-jsse-nio-8443-exec-6] TRACE org.hibernate.orm.jdbc.extract - extracted value (6:VARCHAR) -> [null]
18:13:20.186 [https-jsse-nio-8443-exec-6] TRACE org.hibernate.orm.jdbc.extract - extracted value (7:VARCHAR) -> [545ty.jpg]
18:13:20.186 [https-jsse-nio-8443-exec-6] TRACE org.hibernate.orm.jdbc.extract - extracted value (8:BIGINT) -> [65295]
18:13:20.186 [https-jsse-nio-8443-exec-6] TRACE org.hibernate.orm.jdbc.extract - extracted value (9:TINYINT) -> [JPG]
18:13:20.186 [https-jsse-nio-8443-exec-6] TRACE org.hibernate.orm.jdbc.extract - extracted value (10:VARCHAR) -> [696dd932eca58453fd4abac2]
18:13:20.188 [https-jsse-nio-8443-exec-6] DEBUG org.hibernate.SQL - 
    select
        a1_0.message_id,
        a1_0.id,
        a1_0.attach_time,
        a1_0.deleted,
        a1_0.description,
        a1_0.extracted_text,
        a1_0.file_name,
        a1_0.file_size,
        a1_0.file_type,
        a1_0.mongo_file_id 
    from
        attachment_tbl a1_0 
    where
        a1_0.message_id=? 
        and (
            a1_0.deleted = 0
        )
18:13:20.188 [https-jsse-nio-8443-exec-6] TRACE org.hibernate.orm.jdbc.bind - binding parameter (1:BIGINT) <- [3]
18:13:20.189 [https-jsse-nio-8443-exec-6] TRACE org.hibernate.orm.jdbc.extract - extracted value (1:BIGINT) -> [3]
18:13:20.189 [https-jsse-nio-8443-exec-6] TRACE org.hibernate.orm.jdbc.extract - extracted value (2:BIGINT) -> [42]
18:13:20.190 [https-jsse-nio-8443-exec-6] DEBUG org.hibernate.SQL - 
    select
        p1_0.id,
        p1_0.deleted,
        p1_0.email,
        p1_0.first_name,
        p1_0.last_name,
        p1_0.phone,
        p1_0.attachment_id,
        p1_0.username 
    from
        profile_tbl p1_0 
    where
        p1_0.attachment_id=? 
        and (
            p1_0.deleted = 0
        )
18:13:20.190 [https-jsse-nio-8443-exec-6] TRACE org.hibernate.orm.jdbc.bind - binding parameter (1:BIGINT) <- [42]
18:13:20.190 [https-jsse-nio-8443-exec-6] TRACE org.hibernate.orm.jdbc.extract - extracted value (3:TIMESTAMP) -> [2026-01-19T10:42:02.623480]
18:13:20.190 [https-jsse-nio-8443-exec-6] TRACE org.hibernate.orm.jdbc.extract - extracted value (4:BOOLEAN) -> [false]
18:13:20.191 [https-jsse-nio-8443-exec-6] TRACE org.hibernate.orm.jdbc.extract - extracted value (5:VARCHAR) -> [null]
18:13:20.191 [https-jsse-nio-8443-exec-6] TRACE org.hibernate.orm.jdbc.extract - extracted value (6:VARCHAR) -> [null]
18:13:20.191 [https-jsse-nio-8443-exec-6] TRACE org.hibernate.orm.jdbc.extract - extracted value (7:VARCHAR) -> [216-2168192_raffle-tickets-vector.png]
18:13:20.191 [https-jsse-nio-8443-exec-6] TRACE org.hibernate.orm.jdbc.extract - extracted value (8:BIGINT) -> [131739]
18:13:20.191 [https-jsse-nio-8443-exec-6] TRACE org.hibernate.orm.jdbc.extract - extracted value (9:TINYINT) -> [PNG]
18:13:20.191 [https-jsse-nio-8443-exec-6] TRACE org.hibernate.orm.jdbc.extract - extracted value (10:VARCHAR) -> [696dd942eca58453fd4abac4]
18:13:20.192 [https-jsse-nio-8443-exec-6] DEBUG org.hibernate.SQL - 
    select
        a1_0.message_id,
        a1_0.id,
        a1_0.attach_time,
        a1_0.deleted,
        a1_0.description,
        a1_0.extracted_text,
        a1_0.file_name,
        a1_0.file_size,
        a1_0.file_type,
        a1_0.mongo_file_id 
    from
        attachment_tbl a1_0 
    where
        a1_0.message_id=? 
        and (
            a1_0.deleted = 0
        )
18:13:20.192 [https-jsse-nio-8443-exec-6] TRACE org.hibernate.orm.jdbc.bind - binding parameter (1:BIGINT) <- [4]
18:13:20.193 [https-jsse-nio-8443-exec-6] TRACE org.hibernate.orm.jdbc.extract - extracted value (1:BIGINT) -> [4]
18:13:20.193 [https-jsse-nio-8443-exec-6] TRACE org.hibernate.orm.jdbc.extract - extracted value (2:BIGINT) -> [43]
18:13:20.193 [https-jsse-nio-8443-exec-6] DEBUG org.hibernate.SQL - 
    select
        p1_0.id,
        p1_0.deleted,
        p1_0.email,
        p1_0.first_name,
        p1_0.last_name,
        p1_0.phone,
        p1_0.attachment_id,
        p1_0.username 
    from
        profile_tbl p1_0 
    where
        p1_0.attachment_id=? 
        and (
            p1_0.deleted = 0
        )
18:13:20.193 [https-jsse-nio-8443-exec-6] TRACE org.hibernate.orm.jdbc.bind - binding parameter (1:BIGINT) <- [43]
18:13:20.194 [https-jsse-nio-8443-exec-6] TRACE org.hibernate.orm.jdbc.extract - extracted value (3:TIMESTAMP) -> [2026-01-19T10:42:25.015480]
18:13:20.194 [https-jsse-nio-8443-exec-6] TRACE org.hibernate.orm.jdbc.extract - extracted value (4:BOOLEAN) -> [false]
18:13:20.194 [https-jsse-nio-8443-exec-6] TRACE org.hibernate.orm.jdbc.extract - extracted value (5:VARCHAR) -> [null]
18:13:20.194 [https-jsse-nio-8443-exec-6] TRACE org.hibernate.orm.jdbc.extract - extracted value (6:VARCHAR) -> [تراکنش موفق

انتقال وجه کارت به کارت
تاریخ ۷1 ۱۳۹۸/۱۱/۱۶
مبلغ ۰ ۱۹۹ ریال
کارت مبدا [ ۳[ 0۵ زوس باراد ض
کارت مقصد ۳ ۴ ۶ ۴ مس مدرد ۹
شماره مرجع 5 ۱۸۲۱۳۶

شماره مرجع بانک : ۹ ۷۷۹۸۵۴۲۳۶۲

کد پیگیری بانک : ۹۶۴۴۶۴ ۶۷ ۵۸۵۱۲

سفر به اروپا و روزانه یک گوشی هوشمند ویژه استفاده از خدمات
اپلیکیشن آپ,اطلاعات بیشتر در تلگرا ام آپ
۲۵6/۸۳3 //:
۵ که
۹ ای
]
18:13:20.194 [https-jsse-nio-8443-exec-6] TRACE org.hibernate.orm.jdbc.extract - extracted value (7:VARCHAR) -> [bill1.jpg]
18:13:20.194 [https-jsse-nio-8443-exec-6] TRACE org.hibernate.orm.jdbc.extract - extracted value (8:BIGINT) -> [508161]
18:13:20.194 [https-jsse-nio-8443-exec-6] TRACE org.hibernate.orm.jdbc.extract - extracted value (9:TINYINT) -> [JPG]
18:13:20.194 [https-jsse-nio-8443-exec-6] TRACE org.hibernate.orm.jdbc.extract - extracted value (10:VARCHAR) -> [696dd959eca58453fd4abac6]
18:13:20.196 [https-jsse-nio-8443-exec-6] DEBUG org.hibernate.SQL - 
    select
        a1_0.message_id,
        a1_0.id,
        a1_0.attach_time,
        a1_0.deleted,
        a1_0.description,
        a1_0.extracted_text,
        a1_0.file_name,
        a1_0.file_size,
        a1_0.file_type,
        a1_0.mongo_file_id 
    from
        attachment_tbl a1_0 
    where
        a1_0.message_id=? 
        and (
            a1_0.deleted = 0
        )
18:13:20.196 [https-jsse-nio-8443-exec-6] TRACE org.hibernate.orm.jdbc.bind - binding parameter (1:BIGINT) <- [5]
18:13:20.211 [https-jsse-nio-8443-exec-4] DEBUG o.s.security.web.FilterChainProxy - Securing GET /css/reset.css
18:13:20.211 [https-jsse-nio-8443-exec-10] DEBUG o.s.security.web.FilterChainProxy - Securing GET /css/bootstrap.min.css
18:13:20.211 [https-jsse-nio-8443-exec-4] DEBUG o.s.s.w.a.c.ChannelProcessingFilter - Request: filter invocation [GET /css/reset.css]; ConfigAttributes: [REQUIRES_SECURE_CHANNEL]
18:13:20.211 [https-jsse-nio-8443-exec-10] DEBUG o.s.s.w.a.c.ChannelProcessingFilter - Request: filter invocation [GET /css/bootstrap.min.css]; ConfigAttributes: [REQUIRES_SECURE_CHANNEL]
18:13:20.211 [https-jsse-nio-8443-exec-8] DEBUG o.s.security.web.FilterChainProxy - Securing GET /css/fontawesome.css
18:13:20.211 [https-jsse-nio-8443-exec-1] DEBUG o.s.security.web.FilterChainProxy - Securing GET /css/fonts.min.css
18:13:20.211 [https-jsse-nio-8443-exec-1] DEBUG o.s.s.w.a.c.ChannelProcessingFilter - Request: filter invocation [GET /css/fonts.min.css]; ConfigAttributes: [REQUIRES_SECURE_CHANNEL]
18:13:20.212 [https-jsse-nio-8443-exec-4] DEBUG o.s.security.web.FilterChainProxy - Secured GET /css/reset.css
18:13:20.212 [https-jsse-nio-8443-exec-1] DEBUG o.s.security.web.FilterChainProxy - Secured GET /css/fonts.min.css
18:13:20.211 [https-jsse-nio-8443-exec-8] DEBUG o.s.s.w.a.c.ChannelProcessingFilter - Request: filter invocation [GET /css/fontawesome.css]; ConfigAttributes: [REQUIRES_SECURE_CHANNEL]
18:13:20.212 [https-jsse-nio-8443-exec-10] DEBUG o.s.security.web.FilterChainProxy - Secured GET /css/bootstrap.min.css
18:13:20.212 [https-jsse-nio-8443-exec-9] DEBUG o.s.security.web.FilterChainProxy - Securing GET /css/toast.css
18:13:20.212 [https-jsse-nio-8443-exec-9] DEBUG o.s.s.w.a.c.ChannelProcessingFilter - Request: filter invocation [GET /css/toast.css]; ConfigAttributes: [REQUIRES_SECURE_CHANNEL]
18:13:20.213 [https-jsse-nio-8443-exec-8] DEBUG o.s.security.web.FilterChainProxy - Secured GET /css/fontawesome.css
18:13:20.213 [https-jsse-nio-8443-exec-9] DEBUG o.s.security.web.FilterChainProxy - Secured GET /css/toast.css
18:13:20.213 [https-jsse-nio-8443-exec-4] DEBUG o.s.s.w.c.HttpSessionSecurityContextRepository - Retrieved SecurityContextImpl [Authentication=UsernamePasswordAuthenticationToken [Principal=ir.model.entity.CustomUserDetails@7150f23e, Credentials=[PROTECTED], Authenticated=true, Details=WebAuthenticationDetails [RemoteIpAddress=0:0:0:0:0:0:0:1, SessionId=null], Granted Authorities=[BUILDING_DELETE, TICKET_EDIT, BUILDING_EDIT, BUILDING_CREATE, ROLE_ADMIN, TICKET_CREATE, TICKET_DELETE]]]
18:13:20.214 [https-jsse-nio-8443-exec-1] DEBUG o.s.s.w.c.HttpSessionSecurityContextRepository - Retrieved SecurityContextImpl [Authentication=UsernamePasswordAuthenticationToken [Principal=ir.model.entity.CustomUserDetails@7150f23e, Credentials=[PROTECTED], Authenticated=true, Details=WebAuthenticationDetails [RemoteIpAddress=0:0:0:0:0:0:0:1, SessionId=null], Granted Authorities=[BUILDING_DELETE, TICKET_EDIT, BUILDING_EDIT, BUILDING_CREATE, ROLE_ADMIN, TICKET_CREATE, TICKET_DELETE]]]
18:13:20.214 [https-jsse-nio-8443-exec-2] DEBUG o.s.security.web.FilterChainProxy - Securing GET /css/styles.css
18:13:20.215 [https-jsse-nio-8443-exec-2] DEBUG o.s.s.w.a.c.ChannelProcessingFilter - Request: filter invocation [GET /css/styles.css]; ConfigAttributes: [REQUIRES_SECURE_CHANNEL]
18:13:20.215 [https-jsse-nio-8443-exec-9] DEBUG o.s.s.w.c.HttpSessionSecurityContextRepository - Retrieved SecurityContextImpl [Authentication=UsernamePasswordAuthenticationToken [Principal=ir.model.entity.CustomUserDetails@7150f23e, Credentials=[PROTECTED], Authenticated=true, Details=WebAuthenticationDetails [RemoteIpAddress=0:0:0:0:0:0:0:1, SessionId=null], Granted Authorities=[BUILDING_DELETE, TICKET_EDIT, BUILDING_EDIT, BUILDING_CREATE, ROLE_ADMIN, TICKET_CREATE, TICKET_DELETE]]]
18:13:20.216 [https-jsse-nio-8443-exec-2] DEBUG o.s.security.web.FilterChainProxy - Secured GET /css/styles.css
18:13:20.217 [https-jsse-nio-8443-exec-3] DEBUG o.s.security.web.FilterChainProxy - Securing GET /js/bootstrap.bundle.min.js
18:13:20.217 [https-jsse-nio-8443-exec-3] DEBUG o.s.s.w.a.c.ChannelProcessingFilter - Request: filter invocation [GET /js/bootstrap.bundle.min.js]; ConfigAttributes: [REQUIRES_SECURE_CHANNEL]
18:13:20.218 [https-jsse-nio-8443-exec-3] DEBUG o.s.security.web.FilterChainProxy - Secured GET /js/bootstrap.bundle.min.js
18:13:20.219 [https-jsse-nio-8443-exec-7] DEBUG o.s.security.web.FilterChainProxy - Securing GET /rest/images/696dd932eca58453fd4abac2/raw
18:13:20.219 [https-jsse-nio-8443-exec-5] DEBUG o.s.security.web.FilterChainProxy - Securing GET /icons/mftlogo.png
18:13:20.219 [https-jsse-nio-8443-exec-5] DEBUG o.s.s.w.a.c.ChannelProcessingFilter - Request: filter invocation [GET /icons/mftlogo.png]; ConfigAttributes: [REQUIRES_SECURE_CHANNEL]
18:13:20.219 [https-jsse-nio-8443-exec-7] DEBUG o.s.s.w.a.c.ChannelProcessingFilter - Request: filter invocation [GET /rest/images/696dd932eca58453fd4abac2/raw]; ConfigAttributes: [REQUIRES_SECURE_CHANNEL]
18:13:20.219 [https-jsse-nio-8443-exec-2] DEBUG o.s.s.w.c.HttpSessionSecurityContextRepository - Retrieved SecurityContextImpl [Authentication=UsernamePasswordAuthenticationToken [Principal=ir.model.entity.CustomUserDetails@7150f23e, Credentials=[PROTECTED], Authenticated=true, Details=WebAuthenticationDetails [RemoteIpAddress=0:0:0:0:0:0:0:1, SessionId=null], Granted Authorities=[BUILDING_DELETE, TICKET_EDIT, BUILDING_EDIT, BUILDING_CREATE, ROLE_ADMIN, TICKET_CREATE, TICKET_DELETE]]]
18:13:20.220 [https-jsse-nio-8443-exec-7] DEBUG o.s.s.w.c.HttpSessionSecurityContextRepository - Retrieved SecurityContextImpl [Authentication=UsernamePasswordAuthenticationToken [Principal=ir.model.entity.CustomUserDetails@7150f23e, Credentials=[PROTECTED], Authenticated=true, Details=WebAuthenticationDetails [RemoteIpAddress=0:0:0:0:0:0:0:1, SessionId=null], Granted Authorities=[BUILDING_DELETE, TICKET_EDIT, BUILDING_EDIT, BUILDING_CREATE, ROLE_ADMIN, TICKET_CREATE, TICKET_DELETE]]]
18:13:20.220 [https-jsse-nio-8443-exec-5] DEBUG o.s.security.web.FilterChainProxy - Secured GET /icons/mftlogo.png
18:13:20.220 [https-jsse-nio-8443-exec-7] DEBUG o.s.security.web.FilterChainProxy - Secured GET /rest/images/696dd932eca58453fd4abac2/raw
18:13:20.221 [https-jsse-nio-8443-exec-7] DEBUG o.s.jdbc.datasource.DataSourceUtils - Setting JDBC Connection [HikariProxyConnection@407821603 wrapping oracle.jdbc.driver.T4CConnection@43b4f788] read-only
18:13:20.221 [https-jsse-nio-8443-exec-6] DEBUG o.s.security.web.FilterChainProxy - Securing GET /rest/images/696dd942eca58453fd4abac4/raw
18:13:20.221 [https-jsse-nio-8443-exec-7] DEBUG o.h.e.t.internal.TransactionImpl - On TransactionImpl creation, JpaCompliance#isJpaTransactionComplianceEnabled == false
18:13:20.221 [https-jsse-nio-8443-exec-7] DEBUG o.h.e.t.internal.TransactionImpl - begin
18:13:20.221 [https-jsse-nio-8443-exec-6] DEBUG o.s.s.w.a.c.ChannelProcessingFilter - Request: filter invocation [GET /rest/images/696dd942eca58453fd4abac4/raw]; ConfigAttributes: [REQUIRES_SECURE_CHANNEL]
18:13:20.222 [https-jsse-nio-8443-exec-6] DEBUG o.s.s.w.c.HttpSessionSecurityContextRepository - Retrieved SecurityContextImpl [Authentication=UsernamePasswordAuthenticationToken [Principal=ir.model.entity.CustomUserDetails@7150f23e, Credentials=[PROTECTED], Authenticated=true, Details=WebAuthenticationDetails [RemoteIpAddress=0:0:0:0:0:0:0:1, SessionId=null], Granted Authorities=[BUILDING_DELETE, TICKET_EDIT, BUILDING_EDIT, BUILDING_CREATE, ROLE_ADMIN, TICKET_CREATE, TICKET_DELETE]]]
18:13:20.222 [https-jsse-nio-8443-exec-6] DEBUG o.s.security.web.FilterChainProxy - Secured GET /rest/images/696dd942eca58453fd4abac4/raw
18:13:20.224 [https-jsse-nio-8443-exec-5] DEBUG o.s.s.w.c.HttpSessionSecurityContextRepository - Retrieved SecurityContextImpl [Authentication=UsernamePasswordAuthenticationToken [Principal=ir.model.entity.CustomUserDetails@7150f23e, Credentials=[PROTECTED], Authenticated=true, Details=WebAuthenticationDetails [RemoteIpAddress=0:0:0:0:0:0:0:1, SessionId=null], Granted Authorities=[BUILDING_DELETE, TICKET_EDIT, BUILDING_EDIT, BUILDING_CREATE, ROLE_ADMIN, TICKET_CREATE, TICKET_DELETE]]]
18:13:20.224 [https-jsse-nio-8443-exec-7] DEBUG o.h.e.t.internal.TransactionImpl - committing
18:13:20.225 [https-jsse-nio-8443-exec-7] DEBUG o.s.jdbc.datasource.DataSourceUtils - Resetting read-only flag of JDBC Connection [HikariProxyConnection@407821603 wrapping oracle.jdbc.driver.T4CConnection@43b4f788]
18:13:20.225 [https-jsse-nio-8443-exec-7] INFO  i.c.exception.ResponseAspect - API: streamImage
18:13:20.225 [https-jsse-nio-8443-exec-6] DEBUG o.s.jdbc.datasource.DataSourceUtils - Setting JDBC Connection [HikariProxyConnection@1817953494 wrapping oracle.jdbc.driver.T4CConnection@65ec4ebd] read-only
18:13:20.225 [https-jsse-nio-8443-exec-6] DEBUG o.h.e.t.internal.TransactionImpl - On TransactionImpl creation, JpaCompliance#isJpaTransactionComplianceEnabled == false
18:13:20.225 [https-jsse-nio-8443-exec-6] DEBUG o.h.e.t.internal.TransactionImpl - begin
18:13:20.226 [https-jsse-nio-8443-exec-4] DEBUG o.s.security.web.FilterChainProxy - Securing GET /rest/images/696dd959eca58453fd4abac6/raw
18:13:20.226 [https-jsse-nio-8443-exec-4] DEBUG o.s.s.w.a.c.ChannelProcessingFilter - Request: filter invocation [GET /rest/images/696dd959eca58453fd4abac6/raw]; ConfigAttributes: [REQUIRES_SECURE_CHANNEL]
18:13:20.227 [https-jsse-nio-8443-exec-4] DEBUG o.s.s.w.c.HttpSessionSecurityContextRepository - Retrieved SecurityContextImpl [Authentication=UsernamePasswordAuthenticationToken [Principal=ir.model.entity.CustomUserDetails@7150f23e, Credentials=[PROTECTED], Authenticated=true, Details=WebAuthenticationDetails [RemoteIpAddress=0:0:0:0:0:0:0:1, SessionId=null], Granted Authorities=[BUILDING_DELETE, TICKET_EDIT, BUILDING_EDIT, BUILDING_CREATE, ROLE_ADMIN, TICKET_CREATE, TICKET_DELETE]]]
18:13:20.227 [https-jsse-nio-8443-exec-4] DEBUG o.s.security.web.FilterChainProxy - Secured GET /rest/images/696dd959eca58453fd4abac6/raw
18:13:20.227 [https-jsse-nio-8443-exec-3] DEBUG o.s.s.w.c.HttpSessionSecurityContextRepository - Retrieved SecurityContextImpl [Authentication=UsernamePasswordAuthenticationToken [Principal=ir.model.entity.CustomUserDetails@7150f23e, Credentials=[PROTECTED], Authenticated=true, Details=WebAuthenticationDetails [RemoteIpAddress=0:0:0:0:0:0:0:1, SessionId=null], Granted Authorities=[BUILDING_DELETE, TICKET_EDIT, BUILDING_EDIT, BUILDING_CREATE, ROLE_ADMIN, TICKET_CREATE, TICKET_DELETE]]]
18:13:20.228 [https-jsse-nio-8443-exec-6] DEBUG o.h.e.t.internal.TransactionImpl - committing
18:13:20.228 [https-jsse-nio-8443-exec-6] DEBUG o.s.jdbc.datasource.DataSourceUtils - Resetting read-only flag of JDBC Connection [HikariProxyConnection@1817953494 wrapping oracle.jdbc.driver.T4CConnection@65ec4ebd]
18:13:20.228 [https-jsse-nio-8443-exec-6] INFO  i.c.exception.ResponseAspect - API: streamImage
18:13:20.230 [https-jsse-nio-8443-exec-1] DEBUG o.s.security.web.FilterChainProxy - Securing GET /js/fontawesome.js
18:13:20.230 [https-jsse-nio-8443-exec-1] DEBUG o.s.s.w.a.c.ChannelProcessingFilter - Request: filter invocation [GET /js/fontawesome.js]; ConfigAttributes: [REQUIRES_SECURE_CHANNEL]
18:13:20.230 [https-jsse-nio-8443-exec-4] DEBUG o.s.jdbc.datasource.DataSourceUtils - Setting JDBC Connection [HikariProxyConnection@1563406051 wrapping oracle.jdbc.driver.T4CConnection@1221eb59] read-only
18:13:20.230 [https-jsse-nio-8443-exec-4] DEBUG o.h.e.t.internal.TransactionImpl - On TransactionImpl creation, JpaCompliance#isJpaTransactionComplianceEnabled == false
18:13:20.230 [https-jsse-nio-8443-exec-4] DEBUG o.h.e.t.internal.TransactionImpl - begin
18:13:20.230 [https-jsse-nio-8443-exec-1] DEBUG o.s.security.web.FilterChainProxy - Secured GET /js/fontawesome.js
18:13:20.231 [https-jsse-nio-8443-exec-10] DEBUG o.s.s.w.c.HttpSessionSecurityContextRepository - Retrieved SecurityContextImpl [Authentication=UsernamePasswordAuthenticationToken [Principal=ir.model.entity.CustomUserDetails@7150f23e, Credentials=[PROTECTED], Authenticated=true, Details=WebAuthenticationDetails [RemoteIpAddress=0:0:0:0:0:0:0:1, SessionId=null], Granted Authorities=[BUILDING_DELETE, TICKET_EDIT, BUILDING_EDIT, BUILDING_CREATE, ROLE_ADMIN, TICKET_CREATE, TICKET_DELETE]]]
18:13:20.233 [https-jsse-nio-8443-exec-4] DEBUG o.h.e.t.internal.TransactionImpl - committing
18:13:20.234 [https-jsse-nio-8443-exec-4] DEBUG o.s.jdbc.datasource.DataSourceUtils - Resetting read-only flag of JDBC Connection [HikariProxyConnection@1563406051 wrapping oracle.jdbc.driver.T4CConnection@1221eb59]
18:13:20.234 [https-jsse-nio-8443-exec-4] INFO  i.c.exception.ResponseAspect - API: streamImage
18:13:20.234 [https-jsse-nio-8443-exec-9] DEBUG o.s.security.web.FilterChainProxy - Securing GET /js/toast.js
18:13:20.234 [https-jsse-nio-8443-exec-9] DEBUG o.s.s.w.a.c.ChannelProcessingFilter - Request: filter invocation [GET /js/toast.js]; ConfigAttributes: [REQUIRES_SECURE_CHANNEL]
18:13:20.235 [https-jsse-nio-8443-exec-9] DEBUG o.s.security.web.FilterChainProxy - Secured GET /js/toast.js
18:13:20.235 [https-jsse-nio-8443-exec-2] DEBUG o.s.security.web.FilterChainProxy - Securing GET /js/script.js
18:13:20.235 [https-jsse-nio-8443-exec-2] DEBUG o.s.s.w.a.c.ChannelProcessingFilter - Request: filter invocation [GET /js/script.js]; ConfigAttributes: [REQUIRES_SECURE_CHANNEL]
18:13:20.236 [https-jsse-nio-8443-exec-2] DEBUG o.s.security.web.FilterChainProxy - Secured GET /js/script.js
18:13:20.237 [https-jsse-nio-8443-exec-9] DEBUG o.s.s.w.c.HttpSessionSecurityContextRepository - Retrieved SecurityContextImpl [Authentication=UsernamePasswordAuthenticationToken [Principal=ir.model.entity.CustomUserDetails@7150f23e, Credentials=[PROTECTED], Authenticated=true, Details=WebAuthenticationDetails [RemoteIpAddress=0:0:0:0:0:0:0:1, SessionId=null], Granted Authorities=[BUILDING_DELETE, TICKET_EDIT, BUILDING_EDIT, BUILDING_CREATE, ROLE_ADMIN, TICKET_CREATE, TICKET_DELETE]]]
18:13:20.238 [https-jsse-nio-8443-exec-2] DEBUG o.s.s.w.c.HttpSessionSecurityContextRepository - Retrieved SecurityContextImpl [Authentication=UsernamePasswordAuthenticationToken [Principal=ir.model.entity.CustomUserDetails@7150f23e, Credentials=[PROTECTED], Authenticated=true, Details=WebAuthenticationDetails [RemoteIpAddress=0:0:0:0:0:0:0:1, SessionId=null], Granted Authorities=[BUILDING_DELETE, TICKET_EDIT, BUILDING_EDIT, BUILDING_CREATE, ROLE_ADMIN, TICKET_CREATE, TICKET_DELETE]]]
18:13:20.240 [https-jsse-nio-8443-exec-5] DEBUG o.s.security.web.FilterChainProxy - Securing GET /js/messages-api.js
18:13:20.240 [https-jsse-nio-8443-exec-5] DEBUG o.s.s.w.a.c.ChannelProcessingFilter - Request: filter invocation [GET /js/messages-api.js]; ConfigAttributes: [REQUIRES_SECURE_CHANNEL]
18:13:20.241 [https-jsse-nio-8443-exec-5] DEBUG o.s.security.web.FilterChainProxy - Secured GET /js/messages-api.js
18:13:20.243 [https-jsse-nio-8443-exec-5] DEBUG o.s.s.w.c.HttpSessionSecurityContextRepository - Retrieved SecurityContextImpl [Authentication=UsernamePasswordAuthenticationToken [Principal=ir.model.entity.CustomUserDetails@7150f23e, Credentials=[PROTECTED], Authenticated=true, Details=WebAuthenticationDetails [RemoteIpAddress=0:0:0:0:0:0:0:1, SessionId=null], Granted Authorities=[BUILDING_DELETE, TICKET_EDIT, BUILDING_EDIT, BUILDING_CREATE, ROLE_ADMIN, TICKET_CREATE, TICKET_DELETE]]]
18:13:20.253 [https-jsse-nio-8443-exec-8] DEBUG o.s.s.w.c.HttpSessionSecurityContextRepository - Retrieved SecurityContextImpl [Authentication=UsernamePasswordAuthenticationToken [Principal=ir.model.entity.CustomUserDetails@7150f23e, Credentials=[PROTECTED], Authenticated=true, Details=WebAuthenticationDetails [RemoteIpAddress=0:0:0:0:0:0:0:1, SessionId=null], Granted Authorities=[BUILDING_DELETE, TICKET_EDIT, BUILDING_EDIT, BUILDING_CREATE, ROLE_ADMIN, TICKET_CREATE, TICKET_DELETE]]]
18:13:20.290 [https-jsse-nio-8443-exec-3] DEBUG o.s.security.web.FilterChainProxy - Securing GET /webfonts/fa-solid-900.woff2
18:13:20.290 [https-jsse-nio-8443-exec-3] DEBUG o.s.s.w.a.c.ChannelProcessingFilter - Request: filter invocation [GET /webfonts/fa-solid-900.woff2]; ConfigAttributes: [REQUIRES_SECURE_CHANNEL]
18:13:20.291 [https-jsse-nio-8443-exec-10] DEBUG o.s.security.web.FilterChainProxy - Securing GET /webfonts/fa-brands-400.woff2
18:13:20.291 [https-jsse-nio-8443-exec-3] DEBUG o.s.s.w.c.HttpSessionSecurityContextRepository - Retrieved SecurityContextImpl [Authentication=UsernamePasswordAuthenticationToken [Principal=ir.model.entity.CustomUserDetails@7150f23e, Credentials=[PROTECTED], Authenticated=true, Details=WebAuthenticationDetails [RemoteIpAddress=0:0:0:0:0:0:0:1, SessionId=null], Granted Authorities=[BUILDING_DELETE, TICKET_EDIT, BUILDING_EDIT, BUILDING_CREATE, ROLE_ADMIN, TICKET_CREATE, TICKET_DELETE]]]
18:13:20.291 [https-jsse-nio-8443-exec-10] DEBUG o.s.s.w.a.c.ChannelProcessingFilter - Request: filter invocation [GET /webfonts/fa-brands-400.woff2]; ConfigAttributes: [REQUIRES_SECURE_CHANNEL]
18:13:20.291 [https-jsse-nio-8443-exec-3] DEBUG o.s.security.web.FilterChainProxy - Secured GET /webfonts/fa-solid-900.woff2
18:13:20.292 [https-jsse-nio-8443-exec-10] DEBUG o.s.s.w.c.HttpSessionSecurityContextRepository - Retrieved SecurityContextImpl [Authentication=UsernamePasswordAuthenticationToken [Principal=ir.model.entity.CustomUserDetails@7150f23e, Credentials=[PROTECTED], Authenticated=true, Details=WebAuthenticationDetails [RemoteIpAddress=0:0:0:0:0:0:0:1, SessionId=null], Granted Authorities=[BUILDING_DELETE, TICKET_EDIT, BUILDING_EDIT, BUILDING_CREATE, ROLE_ADMIN, TICKET_CREATE, TICKET_DELETE]]]
18:13:20.292 [https-jsse-nio-8443-exec-10] DEBUG o.s.security.web.FilterChainProxy - Secured GET /webfonts/fa-brands-400.woff2
18:13:20.387 [scheduling-1] DEBUG o.h.e.t.internal.TransactionImpl - On TransactionImpl creation, JpaCompliance#isJpaTransactionComplianceEnabled == false
18:13:20.387 [scheduling-1] DEBUG o.h.e.t.internal.TransactionImpl - begin
18:13:20.388 [scheduling-1] DEBUG org.hibernate.SQL - 
    /* <criteria> */ select
        oe1_0.id,
        oe1_0.aggregate_id,
        oe1_0.aggregate_type,
        oe1_0.created_at,
        oe1_0.deleted,
        oe1_0.event_type,
        oe1_0.payload,
        oe1_0.published 
    from
        outbox_tbl oe1_0 
    where
        (
            oe1_0.deleted = 0
        ) 
        and oe1_0.published=0 
    order by
        oe1_0.created_at
18:13:20.390 [scheduling-1] DEBUG o.h.e.t.internal.TransactionImpl - committing
18:13:20.872 [https-jsse-nio-8443-exec-1] DEBUG o.s.s.w.c.HttpSessionSecurityContextRepository - Retrieved SecurityContextImpl [Authentication=UsernamePasswordAuthenticationToken [Principal=ir.model.entity.CustomUserDetails@7150f23e, Credentials=[PROTECTED], Authenticated=true, Details=WebAuthenticationDetails [RemoteIpAddress=0:0:0:0:0:0:0:1, SessionId=null], Granted Authorities=[BUILDING_DELETE, TICKET_EDIT, BUILDING_EDIT, BUILDING_CREATE, ROLE_ADMIN, TICKET_CREATE, TICKET_DELETE]]]
18:13:20.970 [https-jsse-nio-8443-exec-7] DEBUG o.s.security.web.FilterChainProxy - Securing GET /icons/mftlogo.png
18:13:20.971 [https-jsse-nio-8443-exec-7] DEBUG o.s.s.w.a.c.ChannelProcessingFilter - Request: filter invocation [GET /icons/mftlogo.png]; ConfigAttributes: [REQUIRES_SECURE_CHANNEL]
18:13:20.971 [https-jsse-nio-8443-exec-7] DEBUG o.s.security.web.FilterChainProxy - Secured GET /icons/mftlogo.png
18:13:20.973 [https-jsse-nio-8443-exec-7] DEBUG o.s.s.w.c.HttpSessionSecurityContextRepository - Retrieved SecurityContextImpl [Authentication=UsernamePasswordAuthenticationToken [Principal=ir.model.entity.CustomUserDetails@7150f23e, Credentials=[PROTECTED], Authenticated=true, Details=WebAuthenticationDetails [RemoteIpAddress=0:0:0:0:0:0:0:1, SessionId=null], Granted Authorities=[BUILDING_DELETE, TICKET_EDIT, BUILDING_EDIT, BUILDING_CREATE, ROLE_ADMIN, TICKET_CREATE, TICKET_DELETE]]]
18:13:22.393 [scheduling-1] DEBUG o.h.e.t.internal.TransactionImpl - On TransactionImpl creation, JpaCompliance#isJpaTransactionComplianceEnabled == false
18:13:22.393 [scheduling-1] DEBUG o.h.e.t.internal.TransactionImpl - begin
18:13:22.394 [scheduling-1] DEBUG org.hibernate.SQL - 
    /* <criteria> */ select
        oe1_0.id,
        oe1_0.aggregate_id,
        oe1_0.aggregate_type,
        oe1_0.created_at,
        oe1_0.deleted,
        oe1_0.event_type,
        oe1_0.payload,
        oe1_0.published 
    from
        outbox_tbl oe1_0 
    where
        (
            oe1_0.deleted = 0
        ) 
        and oe1_0.published=0 
    order by
        oe1_0.created_at
18:13:22.395 [scheduling-1] DEBUG o.h.e.t.internal.TransactionImpl - committing
18:13:24.396 [scheduling-1] DEBUG o.h.e.t.internal.TransactionImpl - On TransactionImpl creation, JpaCompliance#isJpaTransactionComplianceEnabled == false
18:13:24.397 [scheduling-1] DEBUG o.h.e.t.internal.TransactionImpl - begin
18:13:24.398 [scheduling-1] DEBUG org.hibernate.SQL - 
    /* <criteria> */ select
        oe1_0.id,
        oe1_0.aggregate_id,
        oe1_0.aggregate_type,
        oe1_0.created_at,
        oe1_0.deleted,
        oe1_0.event_type,
        oe1_0.payload,
        oe1_0.published 
    from
        outbox_tbl oe1_0 
    where
        (
            oe1_0.deleted = 0
        ) 
        and oe1_0.published=0 
    order by
        oe1_0.created_at
18:13:24.400 [scheduling-1] DEBUG o.h.e.t.internal.TransactionImpl - committing
18:13:26.401 [scheduling-1] DEBUG o.h.e.t.internal.TransactionImpl - On TransactionImpl creation, JpaCompliance#isJpaTransactionComplianceEnabled == false
18:13:26.401 [scheduling-1] DEBUG o.h.e.t.internal.TransactionImpl - begin
18:13:26.403 [scheduling-1] DEBUG org.hibernate.SQL - 
    /* <criteria> */ select
        oe1_0.id,
        oe1_0.aggregate_id,
        oe1_0.aggregate_type,
        oe1_0.created_at,
        oe1_0.deleted,
        oe1_0.event_type,
        oe1_0.payload,
        oe1_0.published 
    from
        outbox_tbl oe1_0 
    where
        (
            oe1_0.deleted = 0
        ) 
        and oe1_0.published=0 
    order by
        oe1_0.created_at
18:13:26.404 [scheduling-1] DEBUG o.h.e.t.internal.TransactionImpl - committing
18:13:26.433 [org.springframework.kafka.KafkaListenerEndpointContainer#0-0-C-1] INFO  o.apache.kafka.clients.NetworkClient - [Consumer clientId=consumer-building-service-updater-1, groupId=building-service-updater] Node -1 disconnected.
18:13:26.433 [org.springframework.kafka.KafkaListenerEndpointContainer#0-0-C-1] WARN  o.apache.kafka.clients.NetworkClient - [Consumer clientId=consumer-building-service-updater-1, groupId=building-service-updater] Connection to node -1 (/100.99.137.56:9092) could not be established. Node may not be available.
18:13:26.433 [org.springframework.kafka.KafkaListenerEndpointContainer#0-0-C-1] WARN  o.apache.kafka.clients.NetworkClient - [Consumer clientId=consumer-building-service-updater-1, groupId=building-service-updater] Bootstrap broker 100.99.137.56:9092 (id: -1 rack: null) disconnected
18:13:28.418 [scheduling-1] DEBUG o.h.e.t.internal.TransactionImpl - On TransactionImpl creation, JpaCompliance#isJpaTransactionComplianceEnabled == false
18:13:28.418 [scheduling-1] DEBUG o.h.e.t.internal.TransactionImpl - begin
18:13:28.420 [scheduling-1] DEBUG org.hibernate.SQL - 
    /* <criteria> */ select
        oe1_0.id,
        oe1_0.aggregate_id,
        oe1_0.aggregate_type,
        oe1_0.created_at,
        oe1_0.deleted,
        oe1_0.event_type,
        oe1_0.payload,
        oe1_0.published 
    from
        outbox_tbl oe1_0 
    where
        (
            oe1_0.deleted = 0
        ) 
        and oe1_0.published=0 
    order by
        oe1_0.created_at
18:13:28.421 [scheduling-1] DEBUG o.h.e.t.internal.TransactionImpl - committing
18:13:30.423 [scheduling-1] DEBUG o.h.e.t.internal.TransactionImpl - On TransactionImpl creation, JpaCompliance#isJpaTransactionComplianceEnabled == false
18:13:30.423 [scheduling-1] DEBUG o.h.e.t.internal.TransactionImpl - begin
18:13:30.425 [scheduling-1] DEBUG org.hibernate.SQL - 
    /* <criteria> */ select
        oe1_0.id,
        oe1_0.aggregate_id,
        oe1_0.aggregate_type,
        oe1_0.created_at,
        oe1_0.deleted,
        oe1_0.event_type,
        oe1_0.payload,
        oe1_0.published 
    from
        outbox_tbl oe1_0 
    where
        (
            oe1_0.deleted = 0
        ) 
        and oe1_0.published=0 
    order by
        oe1_0.created_at
18:13:30.426 [scheduling-1] DEBUG o.h.e.t.internal.TransactionImpl - committing
18:13:32.433 [scheduling-1] DEBUG o.h.e.t.internal.TransactionImpl - On TransactionImpl creation, JpaCompliance#isJpaTransactionComplianceEnabled == false
18:13:32.433 [scheduling-1] DEBUG o.h.e.t.internal.TransactionImpl - begin
18:13:32.435 [scheduling-1] DEBUG org.hibernate.SQL - 
    /* <criteria> */ select
        oe1_0.id,
        oe1_0.aggregate_id,
        oe1_0.aggregate_type,
        oe1_0.created_at,
        oe1_0.deleted,
        oe1_0.event_type,
        oe1_0.payload,
        oe1_0.published 
    from
        outbox_tbl oe1_0 
    where
        (
            oe1_0.deleted = 0
        ) 
        and oe1_0.published=0 
    order by
        oe1_0.created_at
18:13:32.436 [scheduling-1] DEBUG o.h.e.t.internal.TransactionImpl - committing
18:13:34.444 [scheduling-1] DEBUG o.h.e.t.internal.TransactionImpl - On TransactionImpl creation, JpaCompliance#isJpaTransactionComplianceEnabled == false
18:13:34.444 [scheduling-1] DEBUG o.h.e.t.internal.TransactionImpl - begin
18:13:34.445 [scheduling-1] DEBUG org.hibernate.SQL - 
    /* <criteria> */ select
        oe1_0.id,
        oe1_0.aggregate_id,
        oe1_0.aggregate_type,
        oe1_0.created_at,
        oe1_0.deleted,
        oe1_0.event_type,
        oe1_0.payload,
        oe1_0.published 
    from
        outbox_tbl oe1_0 
    where
        (
            oe1_0.deleted = 0
        ) 
        and oe1_0.published=0 
    order by
        oe1_0.created_at
18:13:34.446 [scheduling-1] DEBUG o.h.e.t.internal.TransactionImpl - committing
18:13:36.458 [scheduling-1] DEBUG o.h.e.t.internal.TransactionImpl - On TransactionImpl creation, JpaCompliance#isJpaTransactionComplianceEnabled == false
18:13:36.458 [scheduling-1] DEBUG o.h.e.t.internal.TransactionImpl - begin
18:13:36.459 [scheduling-1] DEBUG org.hibernate.SQL - 
    /* <criteria> */ select
        oe1_0.id,
        oe1_0.aggregate_id,
        oe1_0.aggregate_type,
        oe1_0.created_at,
        oe1_0.deleted,
        oe1_0.event_type,
        oe1_0.payload,
        oe1_0.published 
    from
        outbox_tbl oe1_0 
    where
        (
            oe1_0.deleted = 0
        ) 
        and oe1_0.published=0 
    order by
        oe1_0.created_at
18:13:36.460 [scheduling-1] DEBUG o.h.e.t.internal.TransactionImpl - committing
18:13:38.461 [scheduling-1] DEBUG o.h.e.t.internal.TransactionImpl - On TransactionImpl creation, JpaCompliance#isJpaTransactionComplianceEnabled == false
18:13:38.461 [scheduling-1] DEBUG o.h.e.t.internal.TransactionImpl - begin
18:13:38.462 [scheduling-1] DEBUG org.hibernate.SQL - 
    /* <criteria> */ select
        oe1_0.id,
        oe1_0.aggregate_id,
        oe1_0.aggregate_type,
        oe1_0.created_at,
        oe1_0.deleted,
        oe1_0.event_type,
        oe1_0.payload,
        oe1_0.published 
    from
        outbox_tbl oe1_0 
    where
        (
            oe1_0.deleted = 0
        ) 
        and oe1_0.published=0 
    order by
        oe1_0.created_at
18:13:38.463 [scheduling-1] DEBUG o.h.e.t.internal.TransactionImpl - committing
18:13:40.465 [scheduling-1] DEBUG o.h.e.t.internal.TransactionImpl - On TransactionImpl creation, JpaCompliance#isJpaTransactionComplianceEnabled == false
18:13:40.465 [scheduling-1] DEBUG o.h.e.t.internal.TransactionImpl - begin
18:13:40.466 [scheduling-1] DEBUG org.hibernate.SQL - 
    /* <criteria> */ select
        oe1_0.id,
        oe1_0.aggregate_id,
        oe1_0.aggregate_type,
        oe1_0.created_at,
        oe1_0.deleted,
        oe1_0.event_type,
        oe1_0.payload,
        oe1_0.published 
    from
        outbox_tbl oe1_0 
    where
        (
            oe1_0.deleted = 0
        ) 
        and oe1_0.published=0 
    order by
        oe1_0.created_at
18:13:40.467 [scheduling-1] DEBUG o.h.e.t.internal.TransactionImpl - committing
18:13:42.468 [scheduling-1] DEBUG o.h.e.t.internal.TransactionImpl - On TransactionImpl creation, JpaCompliance#isJpaTransactionComplianceEnabled == false
18:13:42.468 [scheduling-1] DEBUG o.h.e.t.internal.TransactionImpl - begin
18:13:42.470 [scheduling-1] DEBUG org.hibernate.SQL - 
    /* <criteria> */ select
        oe1_0.id,
        oe1_0.aggregate_id,
        oe1_0.aggregate_type,
        oe1_0.created_at,
        oe1_0.deleted,
        oe1_0.event_type,
        oe1_0.payload,
        oe1_0.published 
    from
        outbox_tbl oe1_0 
    where
        (
            oe1_0.deleted = 0
        ) 
        and oe1_0.published=0 
    order by
        oe1_0.created_at
18:13:42.471 [scheduling-1] DEBUG o.h.e.t.internal.TransactionImpl - committing
18:13:44.473 [scheduling-1] DEBUG o.h.e.t.internal.TransactionImpl - On TransactionImpl creation, JpaCompliance#isJpaTransactionComplianceEnabled == false
18:13:44.473 [scheduling-1] DEBUG o.h.e.t.internal.TransactionImpl - begin
18:13:44.474 [scheduling-1] DEBUG org.hibernate.SQL - 
    /* <criteria> */ select
        oe1_0.id,
        oe1_0.aggregate_id,
        oe1_0.aggregate_type,
        oe1_0.created_at,
        oe1_0.deleted,
        oe1_0.event_type,
        oe1_0.payload,
        oe1_0.published 
    from
        outbox_tbl oe1_0 
    where
        (
            oe1_0.deleted = 0
        ) 
        and oe1_0.published=0 
    order by
        oe1_0.created_at
18:13:44.474 [scheduling-1] DEBUG o.h.e.t.internal.TransactionImpl - committing
18:13:46.476 [scheduling-1] DEBUG o.h.e.t.internal.TransactionImpl - On TransactionImpl creation, JpaCompliance#isJpaTransactionComplianceEnabled == false
18:13:46.476 [scheduling-1] DEBUG o.h.e.t.internal.TransactionImpl - begin
18:13:46.478 [scheduling-1] DEBUG org.hibernate.SQL - 
    /* <criteria> */ select
        oe1_0.id,
        oe1_0.aggregate_id,
        oe1_0.aggregate_type,
        oe1_0.created_at,
        oe1_0.deleted,
        oe1_0.event_type,
        oe1_0.payload,
        oe1_0.published 
    from
        outbox_tbl oe1_0 
    where
        (
            oe1_0.deleted = 0
        ) 
        and oe1_0.published=0 
    order by
        oe1_0.created_at
18:13:46.479 [scheduling-1] DEBUG o.h.e.t.internal.TransactionImpl - committing
18:13:47.906 [org.springframework.kafka.KafkaListenerEndpointContainer#0-0-C-1] INFO  o.apache.kafka.clients.NetworkClient - [Consumer clientId=consumer-building-service-updater-1, groupId=building-service-updater] Node -1 disconnected.
18:13:47.906 [org.springframework.kafka.KafkaListenerEndpointContainer#0-0-C-1] WARN  o.apache.kafka.clients.NetworkClient - [Consumer clientId=consumer-building-service-updater-1, groupId=building-service-updater] Connection to node -1 (/100.99.137.56:9092) could not be established. Node may not be available.
18:13:47.906 [org.springframework.kafka.KafkaListenerEndpointContainer#0-0-C-1] WARN  o.apache.kafka.clients.NetworkClient - [Consumer clientId=consumer-building-service-updater-1, groupId=building-service-updater] Bootstrap broker 100.99.137.56:9092 (id: -1 rack: null) disconnected
18:13:48.483 [scheduling-1] DEBUG o.h.e.t.internal.TransactionImpl - On TransactionImpl creation, JpaCompliance#isJpaTransactionComplianceEnabled == false
18:13:48.483 [scheduling-1] DEBUG o.h.e.t.internal.TransactionImpl - begin
18:13:48.485 [scheduling-1] DEBUG org.hibernate.SQL - 
    /* <criteria> */ select
        oe1_0.id,
        oe1_0.aggregate_id,
        oe1_0.aggregate_type,
        oe1_0.created_at,
        oe1_0.deleted,
        oe1_0.event_type,
        oe1_0.payload,
        oe1_0.published 
    from
        outbox_tbl oe1_0 
    where
        (
            oe1_0.deleted = 0
        ) 
        and oe1_0.published=0 
    order by
        oe1_0.created_at
18:13:48.486 [scheduling-1] DEBUG o.h.e.t.internal.TransactionImpl - committing
18:13:50.507 [scheduling-1] DEBUG o.h.e.t.internal.TransactionImpl - On TransactionImpl creation, JpaCompliance#isJpaTransactionComplianceEnabled == false
18:13:50.507 [scheduling-1] DEBUG o.h.e.t.internal.TransactionImpl - begin
18:13:50.508 [scheduling-1] DEBUG org.hibernate.SQL - 
    /* <criteria> */ select
        oe1_0.id,
        oe1_0.aggregate_id,
        oe1_0.aggregate_type,
        oe1_0.created_at,
        oe1_0.deleted,
        oe1_0.event_type,
        oe1_0.payload,
        oe1_0.published 
    from
        outbox_tbl oe1_0 
    where
        (
            oe1_0.deleted = 0
        ) 
        and oe1_0.published=0 
    order by
        oe1_0.created_at
18:13:50.510 [scheduling-1] DEBUG o.h.e.t.internal.TransactionImpl - committing
18:13:52.510 [scheduling-1] DEBUG o.h.e.t.internal.TransactionImpl - On TransactionImpl creation, JpaCompliance#isJpaTransactionComplianceEnabled == false
18:13:52.510 [scheduling-1] DEBUG o.h.e.t.internal.TransactionImpl - begin
18:13:52.512 [scheduling-1] DEBUG org.hibernate.SQL - 
    /* <criteria> */ select
        oe1_0.id,
        oe1_0.aggregate_id,
        oe1_0.aggregate_type,
        oe1_0.created_at,
        oe1_0.deleted,
        oe1_0.event_type,
        oe1_0.payload,
        oe1_0.published 
    from
        outbox_tbl oe1_0 
    where
        (
            oe1_0.deleted = 0
        ) 
        and oe1_0.published=0 
    order by
        oe1_0.created_at
18:13:52.514 [scheduling-1] DEBUG o.h.e.t.internal.TransactionImpl - committing
18:13:54.520 [scheduling-1] DEBUG o.h.e.t.internal.TransactionImpl - On TransactionImpl creation, JpaCompliance#isJpaTransactionComplianceEnabled == false
18:13:54.520 [scheduling-1] DEBUG o.h.e.t.internal.TransactionImpl - begin
18:13:54.522 [scheduling-1] DEBUG org.hibernate.SQL - 
    /* <criteria> */ select
        oe1_0.id,
        oe1_0.aggregate_id,
        oe1_0.aggregate_type,
        oe1_0.created_at,
        oe1_0.deleted,
        oe1_0.event_type,
        oe1_0.payload,
        oe1_0.published 
    from
        outbox_tbl oe1_0 
    where
        (
            oe1_0.deleted = 0
        ) 
        and oe1_0.published=0 
    order by
        oe1_0.created_at
18:13:54.523 [scheduling-1] DEBUG o.h.e.t.internal.TransactionImpl - committing
18:13:56.481 [https-jsse-nio-8443-exec-9] DEBUG o.s.security.web.FilterChainProxy - Securing GET /tickets/1
18:13:56.481 [https-jsse-nio-8443-exec-9] DEBUG o.s.s.w.a.c.ChannelProcessingFilter - Request: filter invocation [GET /tickets/1]; ConfigAttributes: [REQUIRES_SECURE_CHANNEL]
18:13:56.482 [https-jsse-nio-8443-exec-9] DEBUG o.s.s.w.c.HttpSessionSecurityContextRepository - Retrieved SecurityContextImpl [Authentication=UsernamePasswordAuthenticationToken [Principal=ir.model.entity.CustomUserDetails@7150f23e, Credentials=[PROTECTED], Authenticated=true, Details=WebAuthenticationDetails [RemoteIpAddress=0:0:0:0:0:0:0:1, SessionId=null], Granted Authorities=[BUILDING_DELETE, TICKET_EDIT, BUILDING_EDIT, BUILDING_CREATE, ROLE_ADMIN, TICKET_CREATE, TICKET_DELETE]]]
18:13:56.482 [https-jsse-nio-8443-exec-9] DEBUG o.s.security.web.FilterChainProxy - Secured GET /tickets/1
18:13:56.483 [https-jsse-nio-8443-exec-9] DEBUG o.s.jdbc.datasource.DataSourceUtils - Setting JDBC Connection [HikariProxyConnection@1864312211 wrapping oracle.jdbc.driver.T4CConnection@43b4f788] read-only
18:13:56.483 [https-jsse-nio-8443-exec-9] DEBUG o.h.e.t.internal.TransactionImpl - On TransactionImpl creation, JpaCompliance#isJpaTransactionComplianceEnabled == false
18:13:56.483 [https-jsse-nio-8443-exec-9] DEBUG o.h.e.t.internal.TransactionImpl - begin
18:13:56.484 [https-jsse-nio-8443-exec-9] DEBUG org.hibernate.SQL - 
    select
        t1_0.id,
        c1_0.username,
        c1_0.account_non_expired,
        c1_0.account_non_locked,
        c1_0.credentials_expiry_date,
        c1_0.credentials_non_expired,
        c1_0.deleted,
        c1_0.enabled,
        c1_0.password,
        rs1_0.username,
        rs1_1.name,
        rs1_1.deleted,
        ps1_0.role_name,
        ps1_1.id,
        ps1_1.deleted,
        ps1_1.permission,
        t1_0.date_time,
        t1_0.deleted,
        t1_0.score,
        s1_0.id,
        s1_0.building_id,
        s1_0.deleted,
        ps2_0.id,
        ps2_0.building_id,
        ps2_0.deleted,
        ps2_0.parent_section_id,
        ps2_0.title,
        s1_0.title,
        t1_0.status,
        t1_0.title 
    from
        ticket_tbl t1_0 
    left join
        user_tbl c1_0 
            on c1_0.username=t1_0.customer 
            and (c1_0.deleted = 0) 
    left join
        (user_role_tbl rs1_0 
    join
        role_tbl rs1_1 
            on rs1_1.name=rs1_0.role_name) 
        on c1_0.username=rs1_0.username 
        and ( rs1_1.deleted = 0) 
    left join
        (role_permission_tbl ps1_0 
    join
        permission_tbl ps1_1 
            on ps1_1.id=ps1_0.permission) 
        on rs1_1.name=ps1_0.role_name 
        and ( ps1_1.deleted = 0) 
    left join
        section_table s1_0 
            on s1_0.id=t1_0.section_id 
            and (s1_0.deleted = 0) 
    left join
        section_table ps2_0 
            on ps2_0.id=s1_0.parent_section_id 
            and (ps2_0.deleted = 0) 
    where
        t1_0.id=? 
        and (
            t1_0.deleted = 0
        )
18:13:56.484 [https-jsse-nio-8443-exec-9] TRACE org.hibernate.orm.jdbc.bind - binding parameter (1:BIGINT) <- [1]
18:13:56.485 [https-jsse-nio-8443-exec-9] TRACE org.hibernate.orm.jdbc.extract - extracted value (2:VARCHAR) -> [hadan]
18:13:56.485 [https-jsse-nio-8443-exec-9] TRACE org.hibernate.orm.jdbc.extract - extracted value (10:VARCHAR) -> [hadan]
18:13:56.485 [https-jsse-nio-8443-exec-9] TRACE org.hibernate.orm.jdbc.extract - extracted value (11:VARCHAR) -> [ROLE_CUSTOMER]
18:13:56.485 [https-jsse-nio-8443-exec-9] TRACE org.hibernate.orm.jdbc.extract - extracted value (13:VARCHAR) -> [ROLE_CUSTOMER]
18:13:56.485 [https-jsse-nio-8443-exec-9] TRACE org.hibernate.orm.jdbc.extract - extracted value (14:BIGINT) -> [1]
18:13:56.485 [https-jsse-nio-8443-exec-9] TRACE org.hibernate.orm.jdbc.extract - extracted value (20:BIGINT) -> [3]
18:13:56.485 [https-jsse-nio-8443-exec-9] TRACE org.hibernate.orm.jdbc.extract - extracted value (23:BIGINT) -> [1]
18:13:56.485 [https-jsse-nio-8443-exec-9] TRACE org.hibernate.orm.jdbc.extract - extracted value (21:BIGINT) -> [null]
18:13:56.485 [https-jsse-nio-8443-exec-9] TRACE org.hibernate.orm.jdbc.extract - extracted value (24:BIGINT) -> [54]
18:13:56.485 [https-jsse-nio-8443-exec-9] TRACE org.hibernate.orm.jdbc.extract - extracted value (26:BIGINT) -> [null]
18:13:56.485 [https-jsse-nio-8443-exec-9] TRACE org.hibernate.orm.jdbc.extract - extracted value (15:BOOLEAN) -> [false]
18:13:56.485 [https-jsse-nio-8443-exec-9] TRACE org.hibernate.orm.jdbc.extract - extracted value (16:VARCHAR) -> [TICKET_CREATE]
18:13:56.485 [https-jsse-nio-8443-exec-9] TRACE org.hibernate.orm.jdbc.extract - extracted value (12:BOOLEAN) -> [false]
18:13:56.485 [https-jsse-nio-8443-exec-9] TRACE org.hibernate.orm.jdbc.extract - extracted value (3:BOOLEAN) -> [true]
18:13:56.485 [https-jsse-nio-8443-exec-9] TRACE org.hibernate.orm.jdbc.extract - extracted value (4:BOOLEAN) -> [true]
18:13:56.486 [https-jsse-nio-8443-exec-9] TRACE org.hibernate.orm.jdbc.extract - extracted value (5:TIMESTAMP) -> [2026-07-15T10:11:55.759022]
18:13:56.486 [https-jsse-nio-8443-exec-9] TRACE org.hibernate.orm.jdbc.extract - extracted value (6:BOOLEAN) -> [true]
18:13:56.486 [https-jsse-nio-8443-exec-9] TRACE org.hibernate.orm.jdbc.extract - extracted value (7:BOOLEAN) -> [false]
18:13:56.486 [https-jsse-nio-8443-exec-9] TRACE org.hibernate.orm.jdbc.extract - extracted value (8:BOOLEAN) -> [true]
18:13:56.486 [https-jsse-nio-8443-exec-9] TRACE org.hibernate.orm.jdbc.extract - extracted value (9:VARCHAR) -> [$2a$12$pGZHMXEgTAfgatCgqkj6uuOfHiTD7wYxADVoQrlWQtumAAqOwT71.]
18:13:56.486 [https-jsse-nio-8443-exec-9] TRACE org.hibernate.orm.jdbc.extract - extracted value (25:BOOLEAN) -> [false]
18:13:56.486 [https-jsse-nio-8443-exec-9] TRACE org.hibernate.orm.jdbc.extract - extracted value (27:VARCHAR) -> [MAIN SECTION]
18:13:56.486 [https-jsse-nio-8443-exec-9] TRACE org.hibernate.orm.jdbc.extract - extracted value (22:BOOLEAN) -> [false]
18:13:56.486 [https-jsse-nio-8443-exec-9] TRACE org.hibernate.orm.jdbc.extract - extracted value (28:VARCHAR) -> [TRANSPORT]
18:13:56.486 [https-jsse-nio-8443-exec-9] TRACE org.hibernate.orm.jdbc.extract - extracted value (17:TIMESTAMP) -> [2026-01-19T10:41:35.312182]
18:13:56.486 [https-jsse-nio-8443-exec-9] TRACE org.hibernate.orm.jdbc.extract - extracted value (18:BOOLEAN) -> [false]
18:13:56.486 [https-jsse-nio-8443-exec-9] TRACE org.hibernate.orm.jdbc.extract - extracted value (19:INTEGER) -> [null]
18:13:56.486 [https-jsse-nio-8443-exec-9] TRACE org.hibernate.orm.jdbc.extract - extracted value (29:TINYINT) -> [Closed]
18:13:56.486 [https-jsse-nio-8443-exec-9] TRACE org.hibernate.orm.jdbc.extract - extracted value (30:VARCHAR) -> [first ticket]
18:13:56.486 [https-jsse-nio-8443-exec-9] DEBUG org.hibernate.SQL - 
    select
        csl1_0.parent_section_id,
        csl1_0.id,
        csl1_0.building_id,
        csl1_0.deleted,
        csl1_0.title 
    from
        section_table csl1_0 
    where
        csl1_0.parent_section_id=? 
        and (
            csl1_0.deleted = 0
        )
18:13:56.486 [https-jsse-nio-8443-exec-9] TRACE org.hibernate.orm.jdbc.bind - binding parameter (1:BIGINT) <- [1]
18:13:56.487 [https-jsse-nio-8443-exec-9] TRACE org.hibernate.orm.jdbc.extract - extracted value (1:BIGINT) -> [1]
18:13:56.487 [https-jsse-nio-8443-exec-9] TRACE org.hibernate.orm.jdbc.extract - extracted value (2:BIGINT) -> [2]
18:13:56.487 [https-jsse-nio-8443-exec-9] TRACE org.hibernate.orm.jdbc.extract - extracted value (3:BIGINT) -> [23]
18:13:56.487 [https-jsse-nio-8443-exec-9] TRACE org.hibernate.orm.jdbc.extract - extracted value (4:BOOLEAN) -> [false]
18:13:56.487 [https-jsse-nio-8443-exec-9] TRACE org.hibernate.orm.jdbc.extract - extracted value (5:VARCHAR) -> [HSE]
18:13:56.487 [https-jsse-nio-8443-exec-9] TRACE org.hibernate.orm.jdbc.extract - extracted value (1:BIGINT) -> [1]
18:13:56.487 [https-jsse-nio-8443-exec-9] TRACE org.hibernate.orm.jdbc.extract - extracted value (2:BIGINT) -> [3]
18:13:56.488 [https-jsse-nio-8443-exec-9] DEBUG org.hibernate.SQL - 
    select
        csl1_0.parent_section_id,
        csl1_0.id,
        csl1_0.building_id,
        csl1_0.deleted,
        csl1_0.title 
    from
        section_table csl1_0 
    where
        csl1_0.parent_section_id=? 
        and (
            csl1_0.deleted = 0
        )
18:13:56.488 [https-jsse-nio-8443-exec-9] TRACE org.hibernate.orm.jdbc.bind - binding parameter (1:BIGINT) <- [3]
18:13:56.489 [https-jsse-nio-8443-exec-9] TRACE org.hibernate.orm.jdbc.extract - extracted value (1:BIGINT) -> [3]
18:13:56.489 [https-jsse-nio-8443-exec-9] TRACE org.hibernate.orm.jdbc.extract - extracted value (2:BIGINT) -> [4]
18:13:56.489 [https-jsse-nio-8443-exec-9] TRACE org.hibernate.orm.jdbc.extract - extracted value (3:BIGINT) -> [23]
18:13:56.489 [https-jsse-nio-8443-exec-9] TRACE org.hibernate.orm.jdbc.extract - extracted value (4:BOOLEAN) -> [false]
18:13:56.489 [https-jsse-nio-8443-exec-9] TRACE org.hibernate.orm.jdbc.extract - extracted value (5:VARCHAR) -> [BUS]
18:13:56.489 [https-jsse-nio-8443-exec-9] TRACE org.hibernate.orm.jdbc.extract - extracted value (1:BIGINT) -> [3]
18:13:56.489 [https-jsse-nio-8443-exec-9] TRACE org.hibernate.orm.jdbc.extract - extracted value (2:BIGINT) -> [5]
18:13:56.489 [https-jsse-nio-8443-exec-9] TRACE org.hibernate.orm.jdbc.extract - extracted value (3:BIGINT) -> [null]
18:13:56.489 [https-jsse-nio-8443-exec-9] TRACE org.hibernate.orm.jdbc.extract - extracted value (4:BOOLEAN) -> [false]
18:13:56.489 [https-jsse-nio-8443-exec-9] TRACE org.hibernate.orm.jdbc.extract - extracted value (5:VARCHAR) -> [TAXI]
18:13:56.489 [https-jsse-nio-8443-exec-9] TRACE org.hibernate.orm.jdbc.extract - extracted value (1:BIGINT) -> [3]
18:13:56.489 [https-jsse-nio-8443-exec-9] TRACE org.hibernate.orm.jdbc.extract - extracted value (2:BIGINT) -> [21]
18:13:56.489 [https-jsse-nio-8443-exec-9] TRACE org.hibernate.orm.jdbc.extract - extracted value (3:BIGINT) -> [null]
18:13:56.489 [https-jsse-nio-8443-exec-9] TRACE org.hibernate.orm.jdbc.extract - extracted value (4:BOOLEAN) -> [false]
18:13:56.489 [https-jsse-nio-8443-exec-9] TRACE org.hibernate.orm.jdbc.extract - extracted value (5:VARCHAR) -> [TEST B]
18:13:56.490 [https-jsse-nio-8443-exec-9] DEBUG org.hibernate.SQL - 
    select
        csl1_0.parent_section_id,
        csl1_0.id,
        csl1_0.building_id,
        csl1_0.deleted,
        csl1_0.title 
    from
        section_table csl1_0 
    where
        csl1_0.parent_section_id=? 
        and (
            csl1_0.deleted = 0
        )
18:13:56.490 [https-jsse-nio-8443-exec-9] TRACE org.hibernate.orm.jdbc.bind - binding parameter (1:BIGINT) <- [21]
18:13:56.490 [https-jsse-nio-8443-exec-9] DEBUG org.hibernate.SQL - 
    select
        csl1_0.parent_section_id,
        csl1_0.id,
        csl1_0.building_id,
        csl1_0.deleted,
        csl1_0.title 
    from
        section_table csl1_0 
    where
        csl1_0.parent_section_id=? 
        and (
            csl1_0.deleted = 0
        )
18:13:56.490 [https-jsse-nio-8443-exec-9] TRACE org.hibernate.orm.jdbc.bind - binding parameter (1:BIGINT) <- [5]
18:13:56.491 [https-jsse-nio-8443-exec-9] DEBUG org.hibernate.SQL - 
    select
        csl1_0.parent_section_id,
        csl1_0.id,
        csl1_0.building_id,
        csl1_0.deleted,
        csl1_0.title 
    from
        section_table csl1_0 
    where
        csl1_0.parent_section_id=? 
        and (
            csl1_0.deleted = 0
        )
18:13:56.491 [https-jsse-nio-8443-exec-9] TRACE org.hibernate.orm.jdbc.bind - binding parameter (1:BIGINT) <- [4]
18:13:56.491 [https-jsse-nio-8443-exec-9] DEBUG org.hibernate.SQL - 
    select
        csl1_0.parent_section_id,
        csl1_0.id,
        csl1_0.building_id,
        csl1_0.deleted,
        csl1_0.title 
    from
        section_table csl1_0 
    where
        csl1_0.parent_section_id=? 
        and (
            csl1_0.deleted = 0
        )
18:13:56.492 [https-jsse-nio-8443-exec-9] TRACE org.hibernate.orm.jdbc.bind - binding parameter (1:BIGINT) <- [2]
18:13:56.492 [https-jsse-nio-8443-exec-9] DEBUG o.h.e.t.internal.TransactionImpl - committing
18:13:56.492 [https-jsse-nio-8443-exec-9] DEBUG o.s.jdbc.datasource.DataSourceUtils - Resetting read-only flag of JDBC Connection [HikariProxyConnection@1864312211 wrapping oracle.jdbc.driver.T4CConnection@43b4f788]
18:13:56.493 [https-jsse-nio-8443-exec-9] DEBUG org.hibernate.SQL - 
    /* <criteria> */ select
        m1_0.id,
        m1_0.content,
        m1_0.date_time,
        m1_0.deleted,
        m1_0.sender_role_name,
        m1_0.sender_username,
        m1_0.ticket_id 
    from
        message_tbl m1_0 
    where
        (
            m1_0.deleted = 0
        ) 
        and m1_0.ticket_id=? 
    order by
        m1_0.date_time
18:13:56.493 [https-jsse-nio-8443-exec-9] TRACE org.hibernate.orm.jdbc.bind - binding parameter (1:BIGINT) <- [1]
18:13:56.493 [https-jsse-nio-8443-exec-9] TRACE org.hibernate.orm.jdbc.extract - extracted value (1:BIGINT) -> [1]
18:13:56.494 [https-jsse-nio-8443-exec-9] TRACE org.hibernate.orm.jdbc.extract - extracted value (2:VARCHAR) -> [با سلام]
18:13:56.494 [https-jsse-nio-8443-exec-9] TRACE org.hibernate.orm.jdbc.extract - extracted value (3:TIMESTAMP) -> [2026-01-19T10:41:35.324782]
18:13:56.494 [https-jsse-nio-8443-exec-9] TRACE org.hibernate.orm.jdbc.extract - extracted value (4:BOOLEAN) -> [false]
18:13:56.494 [https-jsse-nio-8443-exec-9] TRACE org.hibernate.orm.jdbc.extract - extracted value (5:VARCHAR) -> [ROLE_CUSTOMER]
18:13:56.494 [https-jsse-nio-8443-exec-9] TRACE org.hibernate.orm.jdbc.extract - extracted value (6:VARCHAR) -> [hadan]
18:13:56.494 [https-jsse-nio-8443-exec-9] TRACE org.hibernate.orm.jdbc.extract - extracted value (7:BIGINT) -> [1]
18:13:56.494 [https-jsse-nio-8443-exec-9] TRACE org.hibernate.orm.jdbc.extract - extracted value (1:BIGINT) -> [2]
18:13:56.494 [https-jsse-nio-8443-exec-9] TRACE org.hibernate.orm.jdbc.extract - extracted value (2:VARCHAR) -> [null]
18:13:56.494 [https-jsse-nio-8443-exec-9] TRACE org.hibernate.orm.jdbc.extract - extracted value (3:TIMESTAMP) -> [2026-01-19T10:41:46.827994]
18:13:56.494 [https-jsse-nio-8443-exec-9] TRACE org.hibernate.orm.jdbc.extract - extracted value (4:BOOLEAN) -> [false]
18:13:56.494 [https-jsse-nio-8443-exec-9] TRACE org.hibernate.orm.jdbc.extract - extracted value (5:VARCHAR) -> [ROLE_CUSTOMER]
18:13:56.494 [https-jsse-nio-8443-exec-9] TRACE org.hibernate.orm.jdbc.extract - extracted value (6:VARCHAR) -> [hadan]
18:13:56.494 [https-jsse-nio-8443-exec-9] TRACE org.hibernate.orm.jdbc.extract - extracted value (7:BIGINT) -> [1]
18:13:56.494 [https-jsse-nio-8443-exec-9] TRACE org.hibernate.orm.jdbc.extract - extracted value (1:BIGINT) -> [3]
18:13:56.494 [https-jsse-nio-8443-exec-9] TRACE org.hibernate.orm.jdbc.extract - extracted value (2:VARCHAR) -> [عکس فرستادم]
18:13:56.494 [https-jsse-nio-8443-exec-9] TRACE org.hibernate.orm.jdbc.extract - extracted value (3:TIMESTAMP) -> [2026-01-19T10:42:02.618480]
18:13:56.494 [https-jsse-nio-8443-exec-9] TRACE org.hibernate.orm.jdbc.extract - extracted value (4:BOOLEAN) -> [false]
18:13:56.494 [https-jsse-nio-8443-exec-9] TRACE org.hibernate.orm.jdbc.extract - extracted value (5:VARCHAR) -> [ROLE_CUSTOMER]
18:13:56.494 [https-jsse-nio-8443-exec-9] TRACE org.hibernate.orm.jdbc.extract - extracted value (6:VARCHAR) -> [hadan]
18:13:56.494 [https-jsse-nio-8443-exec-9] TRACE org.hibernate.orm.jdbc.extract - extracted value (7:BIGINT) -> [1]
18:13:56.494 [https-jsse-nio-8443-exec-9] TRACE org.hibernate.orm.jdbc.extract - extracted value (1:BIGINT) -> [4]
18:13:56.494 [https-jsse-nio-8443-exec-9] TRACE org.hibernate.orm.jdbc.extract - extracted value (2:VARCHAR) -> [null]
18:13:56.495 [https-jsse-nio-8443-exec-9] TRACE org.hibernate.orm.jdbc.extract - extracted value (3:TIMESTAMP) -> [2026-01-19T10:42:25.008481]
18:13:56.495 [https-jsse-nio-8443-exec-9] TRACE org.hibernate.orm.jdbc.extract - extracted value (4:BOOLEAN) -> [false]
18:13:56.495 [https-jsse-nio-8443-exec-9] TRACE org.hibernate.orm.jdbc.extract - extracted value (5:VARCHAR) -> [ROLE_CUSTOMER]
18:13:56.495 [https-jsse-nio-8443-exec-9] TRACE org.hibernate.orm.jdbc.extract - extracted value (6:VARCHAR) -> [hadan]
18:13:56.495 [https-jsse-nio-8443-exec-9] TRACE org.hibernate.orm.jdbc.extract - extracted value (7:BIGINT) -> [1]
18:13:56.495 [https-jsse-nio-8443-exec-9] TRACE org.hibernate.orm.jdbc.extract - extracted value (1:BIGINT) -> [5]
18:13:56.495 [https-jsse-nio-8443-exec-9] TRACE org.hibernate.orm.jdbc.extract - extracted value (2:VARCHAR) -> [salam]
18:13:56.495 [https-jsse-nio-8443-exec-9] TRACE org.hibernate.orm.jdbc.extract - extracted value (3:TIMESTAMP) -> [2026-01-19T12:18:41.012601]
18:13:56.495 [https-jsse-nio-8443-exec-9] TRACE org.hibernate.orm.jdbc.extract - extracted value (4:BOOLEAN) -> [false]
18:13:56.495 [https-jsse-nio-8443-exec-9] TRACE org.hibernate.orm.jdbc.extract - extracted value (5:VARCHAR) -> [ROLE_ADMIN]
18:13:56.495 [https-jsse-nio-8443-exec-9] TRACE org.hibernate.orm.jdbc.extract - extracted value (6:VARCHAR) -> [ali]
18:13:56.495 [https-jsse-nio-8443-exec-9] TRACE org.hibernate.orm.jdbc.extract - extracted value (7:BIGINT) -> [1]
18:13:56.495 [https-jsse-nio-8443-exec-9] INFO  i.c.exception.ResponseAspect - Web Controller: showTicketMessages
18:13:56.512 [https-jsse-nio-8443-exec-9] DEBUG org.hibernate.SQL - 
    select
        a1_0.message_id,
        a1_0.id,
        a1_0.attach_time,
        a1_0.deleted,
        a1_0.description,
        a1_0.extracted_text,
        a1_0.file_name,
        a1_0.file_size,
        a1_0.file_type,
        a1_0.mongo_file_id 
    from
        attachment_tbl a1_0 
    where
        a1_0.message_id=? 
        and (
            a1_0.deleted = 0
        )
18:13:56.512 [https-jsse-nio-8443-exec-9] TRACE org.hibernate.orm.jdbc.bind - binding parameter (1:BIGINT) <- [1]
18:13:56.514 [https-jsse-nio-8443-exec-9] DEBUG org.hibernate.SQL - 
    select
        a1_0.message_id,
        a1_0.id,
        a1_0.attach_time,
        a1_0.deleted,
        a1_0.description,
        a1_0.extracted_text,
        a1_0.file_name,
        a1_0.file_size,
        a1_0.file_type,
        a1_0.mongo_file_id 
    from
        attachment_tbl a1_0 
    where
        a1_0.message_id=? 
        and (
            a1_0.deleted = 0
        )
18:13:56.514 [https-jsse-nio-8443-exec-9] TRACE org.hibernate.orm.jdbc.bind - binding parameter (1:BIGINT) <- [2]
18:13:56.515 [https-jsse-nio-8443-exec-9] TRACE org.hibernate.orm.jdbc.extract - extracted value (1:BIGINT) -> [2]
18:13:56.515 [https-jsse-nio-8443-exec-9] TRACE org.hibernate.orm.jdbc.extract - extracted value (2:BIGINT) -> [41]
18:13:56.515 [https-jsse-nio-8443-exec-9] DEBUG org.hibernate.SQL - 
    select
        p1_0.id,
        p1_0.deleted,
        p1_0.email,
        p1_0.first_name,
        p1_0.last_name,
        p1_0.phone,
        p1_0.attachment_id,
        p1_0.username 
    from
        profile_tbl p1_0 
    where
        p1_0.attachment_id=? 
        and (
            p1_0.deleted = 0
        )
18:13:56.515 [https-jsse-nio-8443-exec-9] TRACE org.hibernate.orm.jdbc.bind - binding parameter (1:BIGINT) <- [41]
18:13:56.516 [https-jsse-nio-8443-exec-9] TRACE org.hibernate.orm.jdbc.extract - extracted value (3:TIMESTAMP) -> [2026-01-19T10:41:46.881993]
18:13:56.516 [https-jsse-nio-8443-exec-9] TRACE org.hibernate.orm.jdbc.extract - extracted value (4:BOOLEAN) -> [false]
18:13:56.516 [https-jsse-nio-8443-exec-9] TRACE org.hibernate.orm.jdbc.extract - extracted value (5:VARCHAR) -> [null]
18:13:56.516 [https-jsse-nio-8443-exec-9] TRACE org.hibernate.orm.jdbc.extract - extracted value (6:VARCHAR) -> [null]
18:13:56.516 [https-jsse-nio-8443-exec-9] TRACE org.hibernate.orm.jdbc.extract - extracted value (7:VARCHAR) -> [545ty.jpg]
18:13:56.516 [https-jsse-nio-8443-exec-9] TRACE org.hibernate.orm.jdbc.extract - extracted value (8:BIGINT) -> [65295]
18:13:56.516 [https-jsse-nio-8443-exec-9] TRACE org.hibernate.orm.jdbc.extract - extracted value (9:TINYINT) -> [JPG]
18:13:56.516 [https-jsse-nio-8443-exec-9] TRACE org.hibernate.orm.jdbc.extract - extracted value (10:VARCHAR) -> [696dd932eca58453fd4abac2]
18:13:56.517 [https-jsse-nio-8443-exec-9] DEBUG org.hibernate.SQL - 
    select
        a1_0.message_id,
        a1_0.id,
        a1_0.attach_time,
        a1_0.deleted,
        a1_0.description,
        a1_0.extracted_text,
        a1_0.file_name,
        a1_0.file_size,
        a1_0.file_type,
        a1_0.mongo_file_id 
    from
        attachment_tbl a1_0 
    where
        a1_0.message_id=? 
        and (
            a1_0.deleted = 0
        )
18:13:56.518 [https-jsse-nio-8443-exec-9] TRACE org.hibernate.orm.jdbc.bind - binding parameter (1:BIGINT) <- [3]
18:13:56.518 [https-jsse-nio-8443-exec-9] TRACE org.hibernate.orm.jdbc.extract - extracted value (1:BIGINT) -> [3]
18:13:56.518 [https-jsse-nio-8443-exec-9] TRACE org.hibernate.orm.jdbc.extract - extracted value (2:BIGINT) -> [42]
18:13:56.518 [https-jsse-nio-8443-exec-9] DEBUG org.hibernate.SQL - 
    select
        p1_0.id,
        p1_0.deleted,
        p1_0.email,
        p1_0.first_name,
        p1_0.last_name,
        p1_0.phone,
        p1_0.attachment_id,
        p1_0.username 
    from
        profile_tbl p1_0 
    where
        p1_0.attachment_id=? 
        and (
            p1_0.deleted = 0
        )
18:13:56.519 [https-jsse-nio-8443-exec-9] TRACE org.hibernate.orm.jdbc.bind - binding parameter (1:BIGINT) <- [42]
18:13:56.519 [https-jsse-nio-8443-exec-9] TRACE org.hibernate.orm.jdbc.extract - extracted value (3:TIMESTAMP) -> [2026-01-19T10:42:02.623480]
18:13:56.519 [https-jsse-nio-8443-exec-9] TRACE org.hibernate.orm.jdbc.extract - extracted value (4:BOOLEAN) -> [false]
18:13:56.519 [https-jsse-nio-8443-exec-9] TRACE org.hibernate.orm.jdbc.extract - extracted value (5:VARCHAR) -> [null]
18:13:56.519 [https-jsse-nio-8443-exec-9] TRACE org.hibernate.orm.jdbc.extract - extracted value (6:VARCHAR) -> [null]
18:13:56.519 [https-jsse-nio-8443-exec-9] TRACE org.hibernate.orm.jdbc.extract - extracted value (7:VARCHAR) -> [216-2168192_raffle-tickets-vector.png]
18:13:56.519 [https-jsse-nio-8443-exec-9] TRACE org.hibernate.orm.jdbc.extract - extracted value (8:BIGINT) -> [131739]
18:13:56.519 [https-jsse-nio-8443-exec-9] TRACE org.hibernate.orm.jdbc.extract - extracted value (9:TINYINT) -> [PNG]
18:13:56.519 [https-jsse-nio-8443-exec-9] TRACE org.hibernate.orm.jdbc.extract - extracted value (10:VARCHAR) -> [696dd942eca58453fd4abac4]
18:13:56.520 [https-jsse-nio-8443-exec-9] DEBUG org.hibernate.SQL - 
    select
        a1_0.message_id,
        a1_0.id,
        a1_0.attach_time,
        a1_0.deleted,
        a1_0.description,
        a1_0.extracted_text,
        a1_0.file_name,
        a1_0.file_size,
        a1_0.file_type,
        a1_0.mongo_file_id 
    from
        attachment_tbl a1_0 
    where
        a1_0.message_id=? 
        and (
            a1_0.deleted = 0
        )
18:13:56.520 [https-jsse-nio-8443-exec-9] TRACE org.hibernate.orm.jdbc.bind - binding parameter (1:BIGINT) <- [4]
18:13:56.521 [https-jsse-nio-8443-exec-9] TRACE org.hibernate.orm.jdbc.extract - extracted value (1:BIGINT) -> [4]
18:13:56.521 [https-jsse-nio-8443-exec-9] TRACE org.hibernate.orm.jdbc.extract - extracted value (2:BIGINT) -> [43]
18:13:56.521 [https-jsse-nio-8443-exec-9] DEBUG org.hibernate.SQL - 
    select
        p1_0.id,
        p1_0.deleted,
        p1_0.email,
        p1_0.first_name,
        p1_0.last_name,
        p1_0.phone,
        p1_0.attachment_id,
        p1_0.username 
    from
        profile_tbl p1_0 
    where
        p1_0.attachment_id=? 
        and (
            p1_0.deleted = 0
        )
18:13:56.521 [https-jsse-nio-8443-exec-9] TRACE org.hibernate.orm.jdbc.bind - binding parameter (1:BIGINT) <- [43]
18:13:56.522 [https-jsse-nio-8443-exec-9] TRACE org.hibernate.orm.jdbc.extract - extracted value (3:TIMESTAMP) -> [2026-01-19T10:42:25.015480]
18:13:56.522 [https-jsse-nio-8443-exec-9] TRACE org.hibernate.orm.jdbc.extract - extracted value (4:BOOLEAN) -> [false]
18:13:56.522 [https-jsse-nio-8443-exec-9] TRACE org.hibernate.orm.jdbc.extract - extracted value (5:VARCHAR) -> [null]
18:13:56.522 [https-jsse-nio-8443-exec-9] TRACE org.hibernate.orm.jdbc.extract - extracted value (6:VARCHAR) -> [تراکنش موفق

انتقال وجه کارت به کارت
تاریخ ۷1 ۱۳۹۸/۱۱/۱۶
مبلغ ۰ ۱۹۹ ریال
کارت مبدا [ ۳[ 0۵ زوس باراد ض
کارت مقصد ۳ ۴ ۶ ۴ مس مدرد ۹
شماره مرجع 5 ۱۸۲۱۳۶

شماره مرجع بانک : ۹ ۷۷۹۸۵۴۲۳۶۲

کد پیگیری بانک : ۹۶۴۴۶۴ ۶۷ ۵۸۵۱۲

سفر به اروپا و روزانه یک گوشی هوشمند ویژه استفاده از خدمات
اپلیکیشن آپ,اطلاعات بیشتر در تلگرا ام آپ
۲۵6/۸۳3 //:
۵ که
۹ ای
]
18:13:56.522 [https-jsse-nio-8443-exec-9] TRACE org.hibernate.orm.jdbc.extract - extracted value (7:VARCHAR) -> [bill1.jpg]
18:13:56.522 [https-jsse-nio-8443-exec-9] TRACE org.hibernate.orm.jdbc.extract - extracted value (8:BIGINT) -> [508161]
18:13:56.522 [https-jsse-nio-8443-exec-9] TRACE org.hibernate.orm.jdbc.extract - extracted value (9:TINYINT) -> [JPG]
18:13:56.522 [https-jsse-nio-8443-exec-9] TRACE org.hibernate.orm.jdbc.extract - extracted value (10:VARCHAR) -> [696dd959eca58453fd4abac6]
18:13:56.524 [https-jsse-nio-8443-exec-9] DEBUG org.hibernate.SQL - 
    select
        a1_0.message_id,
        a1_0.id,
        a1_0.attach_time,
        a1_0.deleted,
        a1_0.description,
        a1_0.extracted_text,
        a1_0.file_name,
        a1_0.file_size,
        a1_0.file_type,
        a1_0.mongo_file_id 
    from
        attachment_tbl a1_0 
    where
        a1_0.message_id=? 
        and (
            a1_0.deleted = 0
        )
18:13:56.524 [https-jsse-nio-8443-exec-9] TRACE org.hibernate.orm.jdbc.bind - binding parameter (1:BIGINT) <- [5]
18:13:56.534 [scheduling-1] DEBUG o.h.e.t.internal.TransactionImpl - On TransactionImpl creation, JpaCompliance#isJpaTransactionComplianceEnabled == false
18:13:56.534 [scheduling-1] DEBUG o.h.e.t.internal.TransactionImpl - begin
18:13:56.535 [scheduling-1] DEBUG org.hibernate.SQL - 
    /* <criteria> */ select
        oe1_0.id,
        oe1_0.aggregate_id,
        oe1_0.aggregate_type,
        oe1_0.created_at,
        oe1_0.deleted,
        oe1_0.event_type,
        oe1_0.payload,
        oe1_0.published 
    from
        outbox_tbl oe1_0 
    where
        (
            oe1_0.deleted = 0
        ) 
        and oe1_0.published=0 
    order by
        oe1_0.created_at
18:13:56.537 [scheduling-1] DEBUG o.h.e.t.internal.TransactionImpl - committing
18:13:56.538 [https-jsse-nio-8443-exec-5] DEBUG o.s.security.web.FilterChainProxy - Securing GET /css/fontawesome.css
18:13:56.538 [https-jsse-nio-8443-exec-6] DEBUG o.s.security.web.FilterChainProxy - Securing GET /css/bootstrap.min.css
18:13:56.538 [https-jsse-nio-8443-exec-2] DEBUG o.s.security.web.FilterChainProxy - Securing GET /css/reset.css
18:13:56.538 [https-jsse-nio-8443-exec-8] DEBUG o.s.security.web.FilterChainProxy - Securing GET /css/fonts.min.css
18:13:56.538 [https-jsse-nio-8443-exec-5] DEBUG o.s.s.w.a.c.ChannelProcessingFilter - Request: filter invocation [GET /css/fontawesome.css]; ConfigAttributes: [REQUIRES_SECURE_CHANNEL]
18:13:56.538 [https-jsse-nio-8443-exec-2] DEBUG o.s.s.w.a.c.ChannelProcessingFilter - Request: filter invocation [GET /css/reset.css]; ConfigAttributes: [REQUIRES_SECURE_CHANNEL]
18:13:56.538 [https-jsse-nio-8443-exec-6] DEBUG o.s.s.w.a.c.ChannelProcessingFilter - Request: filter invocation [GET /css/bootstrap.min.css]; ConfigAttributes: [REQUIRES_SECURE_CHANNEL]
18:13:56.538 [https-jsse-nio-8443-exec-8] DEBUG o.s.s.w.a.c.ChannelProcessingFilter - Request: filter invocation [GET /css/fonts.min.css]; ConfigAttributes: [REQUIRES_SECURE_CHANNEL]
18:13:56.538 [https-jsse-nio-8443-exec-4] DEBUG o.s.security.web.FilterChainProxy - Securing GET /css/toast.css
18:13:56.538 [https-jsse-nio-8443-exec-4] DEBUG o.s.s.w.a.c.ChannelProcessingFilter - Request: filter invocation [GET /css/toast.css]; ConfigAttributes: [REQUIRES_SECURE_CHANNEL]
18:13:56.538 [https-jsse-nio-8443-exec-2] DEBUG o.s.security.web.FilterChainProxy - Secured GET /css/reset.css
18:13:56.538 [https-jsse-nio-8443-exec-5] DEBUG o.s.security.web.FilterChainProxy - Secured GET /css/fontawesome.css
18:13:56.538 [https-jsse-nio-8443-exec-8] DEBUG o.s.security.web.FilterChainProxy - Secured GET /css/fonts.min.css
18:13:56.538 [https-jsse-nio-8443-exec-6] DEBUG o.s.security.web.FilterChainProxy - Secured GET /css/bootstrap.min.css
18:13:56.539 [https-jsse-nio-8443-exec-4] DEBUG o.s.security.web.FilterChainProxy - Secured GET /css/toast.css
18:13:56.539 [https-jsse-nio-8443-exec-10] DEBUG o.s.security.web.FilterChainProxy - Securing GET /css/styles.css
18:13:56.539 [https-jsse-nio-8443-exec-10] DEBUG o.s.s.w.a.c.ChannelProcessingFilter - Request: filter invocation [GET /css/styles.css]; ConfigAttributes: [REQUIRES_SECURE_CHANNEL]
18:13:56.539 [https-jsse-nio-8443-exec-10] DEBUG o.s.security.web.FilterChainProxy - Secured GET /css/styles.css
18:13:56.540 [https-jsse-nio-8443-exec-4] DEBUG o.s.s.w.c.HttpSessionSecurityContextRepository - Retrieved SecurityContextImpl [Authentication=UsernamePasswordAuthenticationToken [Principal=ir.model.entity.CustomUserDetails@7150f23e, Credentials=[PROTECTED], Authenticated=true, Details=WebAuthenticationDetails [RemoteIpAddress=0:0:0:0:0:0:0:1, SessionId=null], Granted Authorities=[BUILDING_DELETE, TICKET_EDIT, BUILDING_EDIT, BUILDING_CREATE, ROLE_ADMIN, TICKET_CREATE, TICKET_DELETE]]]
18:13:56.540 [https-jsse-nio-8443-exec-2] DEBUG o.s.s.w.c.HttpSessionSecurityContextRepository - Retrieved SecurityContextImpl [Authentication=UsernamePasswordAuthenticationToken [Principal=ir.model.entity.CustomUserDetails@7150f23e, Credentials=[PROTECTED], Authenticated=true, Details=WebAuthenticationDetails [RemoteIpAddress=0:0:0:0:0:0:0:1, SessionId=null], Granted Authorities=[BUILDING_DELETE, TICKET_EDIT, BUILDING_EDIT, BUILDING_CREATE, ROLE_ADMIN, TICKET_CREATE, TICKET_DELETE]]]
18:13:56.540 [https-jsse-nio-8443-exec-8] DEBUG o.s.s.w.c.HttpSessionSecurityContextRepository - Retrieved SecurityContextImpl [Authentication=UsernamePasswordAuthenticationToken [Principal=ir.model.entity.CustomUserDetails@7150f23e, Credentials=[PROTECTED], Authenticated=true, Details=WebAuthenticationDetails [RemoteIpAddress=0:0:0:0:0:0:0:1, SessionId=null], Granted Authorities=[BUILDING_DELETE, TICKET_EDIT, BUILDING_EDIT, BUILDING_CREATE, ROLE_ADMIN, TICKET_CREATE, TICKET_DELETE]]]
18:13:56.541 [https-jsse-nio-8443-exec-10] DEBUG o.s.s.w.c.HttpSessionSecurityContextRepository - Retrieved SecurityContextImpl [Authentication=UsernamePasswordAuthenticationToken [Principal=ir.model.entity.CustomUserDetails@7150f23e, Credentials=[PROTECTED], Authenticated=true, Details=WebAuthenticationDetails [RemoteIpAddress=0:0:0:0:0:0:0:1, SessionId=null], Granted Authorities=[BUILDING_DELETE, TICKET_EDIT, BUILDING_EDIT, BUILDING_CREATE, ROLE_ADMIN, TICKET_CREATE, TICKET_DELETE]]]
18:13:56.543 [https-jsse-nio-8443-exec-7] DEBUG o.s.security.web.FilterChainProxy - Securing GET /rest/images/696dd942eca58453fd4abac4/raw
18:13:56.543 [https-jsse-nio-8443-exec-9] DEBUG o.s.security.web.FilterChainProxy - Securing GET /rest/images/696dd959eca58453fd4abac6/raw
18:13:56.543 [https-jsse-nio-8443-exec-1] DEBUG o.s.security.web.FilterChainProxy - Securing GET /rest/images/696dd932eca58453fd4abac2/raw
18:13:56.543 [https-jsse-nio-8443-exec-3] DEBUG o.s.security.web.FilterChainProxy - Securing GET /icons/mftlogo.png
18:13:56.543 [https-jsse-nio-8443-exec-9] DEBUG o.s.s.w.a.c.ChannelProcessingFilter - Request: filter invocation [GET /rest/images/696dd959eca58453fd4abac6/raw]; ConfigAttributes: [REQUIRES_SECURE_CHANNEL]
18:13:56.543 [https-jsse-nio-8443-exec-1] DEBUG o.s.s.w.a.c.ChannelProcessingFilter - Request: filter invocation [GET /rest/images/696dd932eca58453fd4abac2/raw]; ConfigAttributes: [REQUIRES_SECURE_CHANNEL]
18:13:56.543 [https-jsse-nio-8443-exec-7] DEBUG o.s.s.w.a.c.ChannelProcessingFilter - Request: filter invocation [GET /rest/images/696dd942eca58453fd4abac4/raw]; ConfigAttributes: [REQUIRES_SECURE_CHANNEL]
18:13:56.543 [https-jsse-nio-8443-exec-3] DEBUG o.s.s.w.a.c.ChannelProcessingFilter - Request: filter invocation [GET /icons/mftlogo.png]; ConfigAttributes: [REQUIRES_SECURE_CHANNEL]
18:13:56.544 [https-jsse-nio-8443-exec-1] DEBUG o.s.s.w.c.HttpSessionSecurityContextRepository - Retrieved SecurityContextImpl [Authentication=UsernamePasswordAuthenticationToken [Principal=ir.model.entity.CustomUserDetails@7150f23e, Credentials=[PROTECTED], Authenticated=true, Details=WebAuthenticationDetails [RemoteIpAddress=0:0:0:0:0:0:0:1, SessionId=null], Granted Authorities=[BUILDING_DELETE, TICKET_EDIT, BUILDING_EDIT, BUILDING_CREATE, ROLE_ADMIN, TICKET_CREATE, TICKET_DELETE]]]
18:13:56.544 [https-jsse-nio-8443-exec-9] DEBUG o.s.s.w.c.HttpSessionSecurityContextRepository - Retrieved SecurityContextImpl [Authentication=UsernamePasswordAuthenticationToken [Principal=ir.model.entity.CustomUserDetails@7150f23e, Credentials=[PROTECTED], Authenticated=true, Details=WebAuthenticationDetails [RemoteIpAddress=0:0:0:0:0:0:0:1, SessionId=null], Granted Authorities=[BUILDING_DELETE, TICKET_EDIT, BUILDING_EDIT, BUILDING_CREATE, ROLE_ADMIN, TICKET_CREATE, TICKET_DELETE]]]
18:13:56.544 [https-jsse-nio-8443-exec-3] DEBUG o.s.security.web.FilterChainProxy - Secured GET /icons/mftlogo.png
18:13:56.544 [https-jsse-nio-8443-exec-1] DEBUG o.s.security.web.FilterChainProxy - Secured GET /rest/images/696dd932eca58453fd4abac2/raw
18:13:56.544 [https-jsse-nio-8443-exec-9] DEBUG o.s.security.web.FilterChainProxy - Secured GET /rest/images/696dd959eca58453fd4abac6/raw
18:13:56.544 [https-jsse-nio-8443-exec-9] DEBUG o.s.jdbc.datasource.DataSourceUtils - Setting JDBC Connection [HikariProxyConnection@1463559818 wrapping oracle.jdbc.driver.T4CConnection@43b4f788] read-only
18:13:56.545 [https-jsse-nio-8443-exec-9] DEBUG o.h.e.t.internal.TransactionImpl - On TransactionImpl creation, JpaCompliance#isJpaTransactionComplianceEnabled == false
18:13:56.545 [https-jsse-nio-8443-exec-9] DEBUG o.h.e.t.internal.TransactionImpl - begin
18:13:56.545 [https-jsse-nio-8443-exec-7] DEBUG o.s.s.w.c.HttpSessionSecurityContextRepository - Retrieved SecurityContextImpl [Authentication=UsernamePasswordAuthenticationToken [Principal=ir.model.entity.CustomUserDetails@7150f23e, Credentials=[PROTECTED], Authenticated=true, Details=WebAuthenticationDetails [RemoteIpAddress=0:0:0:0:0:0:0:1, SessionId=null], Granted Authorities=[BUILDING_DELETE, TICKET_EDIT, BUILDING_EDIT, BUILDING_CREATE, ROLE_ADMIN, TICKET_CREATE, TICKET_DELETE]]]
18:13:56.545 [https-jsse-nio-8443-exec-7] DEBUG o.s.security.web.FilterChainProxy - Secured GET /rest/images/696dd942eca58453fd4abac4/raw
18:13:56.545 [https-jsse-nio-8443-exec-1] DEBUG o.s.jdbc.datasource.DataSourceUtils - Setting JDBC Connection [HikariProxyConnection@1614088163 wrapping oracle.jdbc.driver.T4CConnection@65ec4ebd] read-only
18:13:56.545 [https-jsse-nio-8443-exec-1] DEBUG o.h.e.t.internal.TransactionImpl - On TransactionImpl creation, JpaCompliance#isJpaTransactionComplianceEnabled == false
18:13:56.545 [https-jsse-nio-8443-exec-1] DEBUG o.h.e.t.internal.TransactionImpl - begin
18:13:56.546 [https-jsse-nio-8443-exec-7] DEBUG o.s.jdbc.datasource.DataSourceUtils - Setting JDBC Connection [HikariProxyConnection@1618506392 wrapping oracle.jdbc.driver.T4CConnection@1221eb59] read-only
18:13:56.547 [https-jsse-nio-8443-exec-7] DEBUG o.h.e.t.internal.TransactionImpl - On TransactionImpl creation, JpaCompliance#isJpaTransactionComplianceEnabled == false
18:13:56.547 [https-jsse-nio-8443-exec-7] DEBUG o.h.e.t.internal.TransactionImpl - begin
18:13:56.547 [https-jsse-nio-8443-exec-9] DEBUG o.h.e.t.internal.TransactionImpl - committing
18:13:56.547 [https-jsse-nio-8443-exec-3] DEBUG o.s.s.w.c.HttpSessionSecurityContextRepository - Retrieved SecurityContextImpl [Authentication=UsernamePasswordAuthenticationToken [Principal=ir.model.entity.CustomUserDetails@7150f23e, Credentials=[PROTECTED], Authenticated=true, Details=WebAuthenticationDetails [RemoteIpAddress=0:0:0:0:0:0:0:1, SessionId=null], Granted Authorities=[BUILDING_DELETE, TICKET_EDIT, BUILDING_EDIT, BUILDING_CREATE, ROLE_ADMIN, TICKET_CREATE, TICKET_DELETE]]]
18:13:56.547 [https-jsse-nio-8443-exec-1] DEBUG o.h.e.t.internal.TransactionImpl - committing
18:13:56.548 [https-jsse-nio-8443-exec-9] DEBUG o.s.jdbc.datasource.DataSourceUtils - Resetting read-only flag of JDBC Connection [HikariProxyConnection@1463559818 wrapping oracle.jdbc.driver.T4CConnection@43b4f788]
18:13:56.548 [https-jsse-nio-8443-exec-9] INFO  i.c.exception.ResponseAspect - API: streamImage
18:13:56.548 [https-jsse-nio-8443-exec-1] DEBUG o.s.jdbc.datasource.DataSourceUtils - Resetting read-only flag of JDBC Connection [HikariProxyConnection@1614088163 wrapping oracle.jdbc.driver.T4CConnection@65ec4ebd]
18:13:56.548 [https-jsse-nio-8443-exec-1] INFO  i.c.exception.ResponseAspect - API: streamImage
18:13:56.549 [https-jsse-nio-8443-exec-7] DEBUG o.h.e.t.internal.TransactionImpl - committing
18:13:56.549 [https-jsse-nio-8443-exec-3] DEBUG o.s.security.web.FilterChainProxy - Securing GET /js/bootstrap.bundle.min.js
18:13:56.549 [https-jsse-nio-8443-exec-3] DEBUG o.s.s.w.a.c.ChannelProcessingFilter - Request: filter invocation [GET /js/bootstrap.bundle.min.js]; ConfigAttributes: [REQUIRES_SECURE_CHANNEL]
18:13:56.549 [https-jsse-nio-8443-exec-7] DEBUG o.s.jdbc.datasource.DataSourceUtils - Resetting read-only flag of JDBC Connection [HikariProxyConnection@1618506392 wrapping oracle.jdbc.driver.T4CConnection@1221eb59]
18:13:56.550 [https-jsse-nio-8443-exec-7] INFO  i.c.exception.ResponseAspect - API: streamImage
18:13:56.550 [https-jsse-nio-8443-exec-3] DEBUG o.s.security.web.FilterChainProxy - Secured GET /js/bootstrap.bundle.min.js
18:13:56.556 [https-jsse-nio-8443-exec-4] DEBUG o.s.security.web.FilterChainProxy - Securing GET /js/fontawesome.js
18:13:56.556 [https-jsse-nio-8443-exec-4] DEBUG o.s.s.w.a.c.ChannelProcessingFilter - Request: filter invocation [GET /js/fontawesome.js]; ConfigAttributes: [REQUIRES_SECURE_CHANNEL]
18:13:56.557 [https-jsse-nio-8443-exec-4] DEBUG o.s.security.web.FilterChainProxy - Secured GET /js/fontawesome.js
18:13:56.557 [https-jsse-nio-8443-exec-3] DEBUG o.s.s.w.c.HttpSessionSecurityContextRepository - Retrieved SecurityContextImpl [Authentication=UsernamePasswordAuthenticationToken [Principal=ir.model.entity.CustomUserDetails@7150f23e, Credentials=[PROTECTED], Authenticated=true, Details=WebAuthenticationDetails [RemoteIpAddress=0:0:0:0:0:0:0:1, SessionId=null], Granted Authorities=[BUILDING_DELETE, TICKET_EDIT, BUILDING_EDIT, BUILDING_CREATE, ROLE_ADMIN, TICKET_CREATE, TICKET_DELETE]]]
18:13:56.557 [https-jsse-nio-8443-exec-6] DEBUG o.s.s.w.c.HttpSessionSecurityContextRepository - Retrieved SecurityContextImpl [Authentication=UsernamePasswordAuthenticationToken [Principal=ir.model.entity.CustomUserDetails@7150f23e, Credentials=[PROTECTED], Authenticated=true, Details=WebAuthenticationDetails [RemoteIpAddress=0:0:0:0:0:0:0:1, SessionId=null], Granted Authorities=[BUILDING_DELETE, TICKET_EDIT, BUILDING_EDIT, BUILDING_CREATE, ROLE_ADMIN, TICKET_CREATE, TICKET_DELETE]]]
18:13:56.559 [https-jsse-nio-8443-exec-2] DEBUG o.s.security.web.FilterChainProxy - Securing GET /js/toast.js
18:13:56.559 [https-jsse-nio-8443-exec-2] DEBUG o.s.s.w.a.c.ChannelProcessingFilter - Request: filter invocation [GET /js/toast.js]; ConfigAttributes: [REQUIRES_SECURE_CHANNEL]
18:13:56.559 [https-jsse-nio-8443-exec-8] DEBUG o.s.security.web.FilterChainProxy - Securing GET /js/script.js
18:13:56.560 [https-jsse-nio-8443-exec-8] DEBUG o.s.s.w.a.c.ChannelProcessingFilter - Request: filter invocation [GET /js/script.js]; ConfigAttributes: [REQUIRES_SECURE_CHANNEL]
18:13:56.560 [https-jsse-nio-8443-exec-2] DEBUG o.s.security.web.FilterChainProxy - Secured GET /js/toast.js
18:13:56.560 [https-jsse-nio-8443-exec-8] DEBUG o.s.security.web.FilterChainProxy - Secured GET /js/script.js
18:13:56.561 [https-jsse-nio-8443-exec-2] DEBUG o.s.s.w.c.HttpSessionSecurityContextRepository - Retrieved SecurityContextImpl [Authentication=UsernamePasswordAuthenticationToken [Principal=ir.model.entity.CustomUserDetails@7150f23e, Credentials=[PROTECTED], Authenticated=true, Details=WebAuthenticationDetails [RemoteIpAddress=0:0:0:0:0:0:0:1, SessionId=null], Granted Authorities=[BUILDING_DELETE, TICKET_EDIT, BUILDING_EDIT, BUILDING_CREATE, ROLE_ADMIN, TICKET_CREATE, TICKET_DELETE]]]
18:13:56.561 [https-jsse-nio-8443-exec-8] DEBUG o.s.s.w.c.HttpSessionSecurityContextRepository - Retrieved SecurityContextImpl [Authentication=UsernamePasswordAuthenticationToken [Principal=ir.model.entity.CustomUserDetails@7150f23e, Credentials=[PROTECTED], Authenticated=true, Details=WebAuthenticationDetails [RemoteIpAddress=0:0:0:0:0:0:0:1, SessionId=null], Granted Authorities=[BUILDING_DELETE, TICKET_EDIT, BUILDING_EDIT, BUILDING_CREATE, ROLE_ADMIN, TICKET_CREATE, TICKET_DELETE]]]
18:13:56.563 [https-jsse-nio-8443-exec-10] DEBUG o.s.security.web.FilterChainProxy - Securing GET /js/messages-api.js
18:13:56.564 [https-jsse-nio-8443-exec-10] DEBUG o.s.s.w.a.c.ChannelProcessingFilter - Request: filter invocation [GET /js/messages-api.js]; ConfigAttributes: [REQUIRES_SECURE_CHANNEL]
18:13:56.564 [https-jsse-nio-8443-exec-10] DEBUG o.s.security.web.FilterChainProxy - Secured GET /js/messages-api.js
18:13:56.566 [https-jsse-nio-8443-exec-10] DEBUG o.s.s.w.c.HttpSessionSecurityContextRepository - Retrieved SecurityContextImpl [Authentication=UsernamePasswordAuthenticationToken [Principal=ir.model.entity.CustomUserDetails@7150f23e, Credentials=[PROTECTED], Authenticated=true, Details=WebAuthenticationDetails [RemoteIpAddress=0:0:0:0:0:0:0:1, SessionId=null], Granted Authorities=[BUILDING_DELETE, TICKET_EDIT, BUILDING_EDIT, BUILDING_CREATE, ROLE_ADMIN, TICKET_CREATE, TICKET_DELETE]]]
18:13:56.573 [https-jsse-nio-8443-exec-5] DEBUG o.s.s.w.c.HttpSessionSecurityContextRepository - Retrieved SecurityContextImpl [Authentication=UsernamePasswordAuthenticationToken [Principal=ir.model.entity.CustomUserDetails@7150f23e, Credentials=[PROTECTED], Authenticated=true, Details=WebAuthenticationDetails [RemoteIpAddress=0:0:0:0:0:0:0:1, SessionId=null], Granted Authorities=[BUILDING_DELETE, TICKET_EDIT, BUILDING_EDIT, BUILDING_CREATE, ROLE_ADMIN, TICKET_CREATE, TICKET_DELETE]]]
18:13:56.605 [https-jsse-nio-8443-exec-3] DEBUG o.s.security.web.FilterChainProxy - Securing GET /webfonts/fa-brands-400.woff2
18:13:56.605 [https-jsse-nio-8443-exec-1] DEBUG o.s.security.web.FilterChainProxy - Securing GET /webfonts/fa-solid-900.woff2
18:13:56.605 [https-jsse-nio-8443-exec-1] DEBUG o.s.s.w.a.c.ChannelProcessingFilter - Request: filter invocation [GET /webfonts/fa-solid-900.woff2]; ConfigAttributes: [REQUIRES_SECURE_CHANNEL]
18:13:56.605 [https-jsse-nio-8443-exec-3] DEBUG o.s.s.w.a.c.ChannelProcessingFilter - Request: filter invocation [GET /webfonts/fa-brands-400.woff2]; ConfigAttributes: [REQUIRES_SECURE_CHANNEL]
18:13:56.606 [https-jsse-nio-8443-exec-1] DEBUG o.s.s.w.c.HttpSessionSecurityContextRepository - Retrieved SecurityContextImpl [Authentication=UsernamePasswordAuthenticationToken [Principal=ir.model.entity.CustomUserDetails@7150f23e, Credentials=[PROTECTED], Authenticated=true, Details=WebAuthenticationDetails [RemoteIpAddress=0:0:0:0:0:0:0:1, SessionId=null], Granted Authorities=[BUILDING_DELETE, TICKET_EDIT, BUILDING_EDIT, BUILDING_CREATE, ROLE_ADMIN, TICKET_CREATE, TICKET_DELETE]]]
18:13:56.606 [https-jsse-nio-8443-exec-3] DEBUG o.s.s.w.c.HttpSessionSecurityContextRepository - Retrieved SecurityContextImpl [Authentication=UsernamePasswordAuthenticationToken [Principal=ir.model.entity.CustomUserDetails@7150f23e, Credentials=[PROTECTED], Authenticated=true, Details=WebAuthenticationDetails [RemoteIpAddress=0:0:0:0:0:0:0:1, SessionId=null], Granted Authorities=[BUILDING_DELETE, TICKET_EDIT, BUILDING_EDIT, BUILDING_CREATE, ROLE_ADMIN, TICKET_CREATE, TICKET_DELETE]]]
18:13:56.606 [https-jsse-nio-8443-exec-1] DEBUG o.s.security.web.FilterChainProxy - Secured GET /webfonts/fa-solid-900.woff2
18:13:56.606 [https-jsse-nio-8443-exec-3] DEBUG o.s.security.web.FilterChainProxy - Secured GET /webfonts/fa-brands-400.woff2
18:13:57.174 [https-jsse-nio-8443-exec-4] DEBUG o.s.s.w.c.HttpSessionSecurityContextRepository - Retrieved SecurityContextImpl [Authentication=UsernamePasswordAuthenticationToken [Principal=ir.model.entity.CustomUserDetails@7150f23e, Credentials=[PROTECTED], Authenticated=true, Details=WebAuthenticationDetails [RemoteIpAddress=0:0:0:0:0:0:0:1, SessionId=null], Granted Authorities=[BUILDING_DELETE, TICKET_EDIT, BUILDING_EDIT, BUILDING_CREATE, ROLE_ADMIN, TICKET_CREATE, TICKET_DELETE]]]
18:13:57.284 [https-jsse-nio-8443-exec-6] DEBUG o.s.security.web.FilterChainProxy - Securing GET /icons/mftlogo.png
18:13:57.284 [https-jsse-nio-8443-exec-6] DEBUG o.s.s.w.a.c.ChannelProcessingFilter - Request: filter invocation [GET /icons/mftlogo.png]; ConfigAttributes: [REQUIRES_SECURE_CHANNEL]
18:13:57.285 [https-jsse-nio-8443-exec-6] DEBUG o.s.security.web.FilterChainProxy - Secured GET /icons/mftlogo.png
18:13:57.288 [https-jsse-nio-8443-exec-6] DEBUG o.s.s.w.c.HttpSessionSecurityContextRepository - Retrieved SecurityContextImpl [Authentication=UsernamePasswordAuthenticationToken [Principal=ir.model.entity.CustomUserDetails@7150f23e, Credentials=[PROTECTED], Authenticated=true, Details=WebAuthenticationDetails [RemoteIpAddress=0:0:0:0:0:0:0:1, SessionId=null], Granted Authorities=[BUILDING_DELETE, TICKET_EDIT, BUILDING_EDIT, BUILDING_CREATE, ROLE_ADMIN, TICKET_CREATE, TICKET_DELETE]]]
18:13:58.540 [scheduling-1] DEBUG o.h.e.t.internal.TransactionImpl - On TransactionImpl creation, JpaCompliance#isJpaTransactionComplianceEnabled == false
18:13:58.540 [scheduling-1] DEBUG o.h.e.t.internal.TransactionImpl - begin
18:13:58.541 [scheduling-1] DEBUG org.hibernate.SQL - 
    /* <criteria> */ select
        oe1_0.id,
        oe1_0.aggregate_id,
        oe1_0.aggregate_type,
        oe1_0.created_at,
        oe1_0.deleted,
        oe1_0.event_type,
        oe1_0.payload,
        oe1_0.published 
    from
        outbox_tbl oe1_0 
    where
        (
            oe1_0.deleted = 0
        ) 
        and oe1_0.published=0 
    order by
        oe1_0.created_at
18:13:58.542 [scheduling-1] DEBUG o.h.e.t.internal.TransactionImpl - committing
18:14:00.543 [scheduling-1] DEBUG o.h.e.t.internal.TransactionImpl - On TransactionImpl creation, JpaCompliance#isJpaTransactionComplianceEnabled == false
18:14:00.543 [scheduling-1] DEBUG o.h.e.t.internal.TransactionImpl - begin
18:14:00.544 [scheduling-1] DEBUG org.hibernate.SQL - 
    /* <criteria> */ select
        oe1_0.id,
        oe1_0.aggregate_id,
        oe1_0.aggregate_type,
        oe1_0.created_at,
        oe1_0.deleted,
        oe1_0.event_type,
        oe1_0.payload,
        oe1_0.published 
    from
        outbox_tbl oe1_0 
    where
        (
            oe1_0.deleted = 0
        ) 
        and oe1_0.published=0 
    order by
        oe1_0.created_at
18:14:00.545 [scheduling-1] DEBUG o.h.e.t.internal.TransactionImpl - committing
18:14:01.079 [org.springframework.kafka.KafkaListenerEndpointContainer#0-0-C-1] INFO  o.a.k.c.c.i.ConsumerCoordinator - [Consumer clientId=consumer-building-service-updater-1, groupId=building-service-updater] Resetting generation and member id due to: consumer pro-actively leaving the group
18:14:01.080 [org.springframework.kafka.KafkaListenerEndpointContainer#0-0-C-1] INFO  o.a.k.c.c.i.ConsumerCoordinator - [Consumer clientId=consumer-building-service-updater-1, groupId=building-service-updater] Request joining group due to: consumer pro-actively leaving the group
18:14:01.080 [org.springframework.kafka.KafkaListenerEndpointContainer#0-0-C-1] INFO  o.a.k.c.c.i.LegacyKafkaConsumer - [Consumer clientId=consumer-building-service-updater-1, groupId=building-service-updater] Unsubscribed all topics or patterns and assigned partitions
18:14:01.081 [org.springframework.kafka.KafkaListenerEndpointContainer#0-0-C-1] INFO  o.a.k.c.c.i.ConsumerCoordinator - [Consumer clientId=consumer-building-service-updater-1, groupId=building-service-updater] Resetting generation and member id due to: consumer pro-actively leaving the group
18:14:01.082 [org.springframework.kafka.KafkaListenerEndpointContainer#0-0-C-1] INFO  o.a.k.c.c.i.ConsumerCoordinator - [Consumer clientId=consumer-building-service-updater-1, groupId=building-service-updater] Request joining group due to: consumer pro-actively leaving the group
18:14:01.086 [org.springframework.kafka.KafkaListenerEndpointContainer#0-0-C-1] INFO  o.a.kafka.common.metrics.Metrics - Metrics scheduler closed
18:14:01.086 [org.springframework.kafka.KafkaListenerEndpointContainer#0-0-C-1] INFO  o.a.kafka.common.metrics.Metrics - Closing reporter org.apache.kafka.common.metrics.JmxReporter
18:14:01.086 [org.springframework.kafka.KafkaListenerEndpointContainer#0-0-C-1] INFO  o.a.kafka.common.metrics.Metrics - Closing reporter org.apache.kafka.common.telemetry.internals.ClientTelemetryReporter
18:14:01.086 [org.springframework.kafka.KafkaListenerEndpointContainer#0-0-C-1] INFO  o.a.kafka.common.metrics.Metrics - Metrics reporters closed
18:14:01.098 [org.springframework.kafka.KafkaListenerEndpointContainer#0-0-C-1] INFO  o.a.kafka.common.utils.AppInfoParser - App info kafka.consumer for consumer-building-service-updater-1 unregistered
18:14:01.100 [org.springframework.kafka.KafkaListenerEndpointContainer#0-0-C-1] INFO  o.s.k.l.KafkaMessageListenerContainer - building-service-updater: Consumer stopped
18:14:01.105 [SpringApplicationShutdownHook] INFO  o.s.b.w.e.tomcat.GracefulShutdown - Commencing graceful shutdown. Waiting for active requests to complete
18:14:01.576 [tomcat-shutdown] INFO  o.s.b.w.e.tomcat.GracefulShutdown - Graceful shutdown complete
18:14:01.606 [SpringApplicationShutdownHook] INFO  o.s.o.j.LocalContainerEntityManagerFactoryBean - Closing JPA EntityManagerFactory for persistence unit 'default'
18:14:01.608 [SpringApplicationShutdownHook] INFO  com.zaxxer.hikari.HikariDataSource - HikariPool-1 - Shutdown initiated...
18:14:01.614 [SpringApplicationShutdownHook] INFO  com.zaxxer.hikari.HikariDataSource - HikariPool-1 - Shutdown completed.
