16:23:16.695 [background-preinit] INFO  o.h.validator.internal.util.Version - HV000001: Hibernate Validator 8.0.2.Final
16:23:16.745 [restartedMain] INFO  ir.TicketingSpringSample - Starting TicketingSpringSample using Java 17.0.12 with PID 1372 (D:\JAVA\MFT learning\projects\Spring\ticketing_spring_sample\target\classes started by arbab in D:\JAVA\MFT learning\projects\Spring\ticketing_spring_sample)
16:23:16.746 [restartedMain] INFO  ir.TicketingSpringSample - The following 1 profile is active: "dev"
16:23:16.799 [restartedMain] INFO  o.s.b.d.restart.ChangeableUrls - The Class-Path manifest attribute in C:\Users\arbab\.m2\repository\com\oracle\database\jdbc\ojdbc11\21.9.0.0\ojdbc11-21.9.0.0.jar referenced one or more files that do not exist: file:/C:/Users/arbab/.m2/repository/com/oracle/database/jdbc/ojdbc11/21.9.0.0/oraclepki.jar
16:23:16.799 [restartedMain] INFO  o.s.b.d.e.DevToolsPropertyDefaultsPostProcessor - Devtools property defaults active! Set 'spring.devtools.add-properties' to 'false' to disable
16:23:16.799 [restartedMain] INFO  o.s.b.d.e.DevToolsPropertyDefaultsPostProcessor - For additional web related logging consider setting the 'logging.level.web' property to 'DEBUG'
16:23:17.538 [restartedMain] INFO  o.s.b.f.s.DefaultListableBeanFactory - Overriding bean definition for bean 'localeResolver' with a different definition: replacing [Root bean: class=null; scope=; abstract=false; lazyInit=null; autowireMode=3; dependencyCheck=0; autowireCandidate=true; primary=false; fallback=false; factoryBeanName=org.springframework.web.servlet.config.annotation.DelegatingWebMvcConfiguration; factoryMethodName=localeResolver; initMethodNames=null; destroyMethodNames=[(inferred)]; defined in class path resource [org/springframework/web/servlet/config/annotation/DelegatingWebMvcConfiguration.class]] with [Root bean: class=null; scope=; abstract=false; lazyInit=null; autowireMode=3; dependencyCheck=0; autowireCandidate=true; primary=false; fallback=false; factoryBeanName=webConfig; factoryMethodName=localeResolver; initMethodNames=null; destroyMethodNames=[(inferred)]; defined in class path resource [ir/config/WebConfig.class]]
16:23:17.544 [restartedMain] INFO  o.s.d.r.c.RepositoryConfigurationDelegate - Multiple Spring Data modules found, entering strict repository configuration mode
16:23:17.544 [restartedMain] INFO  o.s.d.r.c.RepositoryConfigurationDelegate - Bootstrapping Spring Data JPA repositories in DEFAULT mode.
16:23:17.683 [restartedMain] INFO  o.s.d.r.c.RepositoryConfigurationExtensionSupport - Spring Data JPA - Could not safely identify store assignment for repository candidate interface ir.repository.ImageRepository; If you want this repository to be a JPA repository, consider annotating your entities with one of these annotations: jakarta.persistence.Entity, jakarta.persistence.MappedSuperclass (preferred), or consider extending one of the following types with your repository: org.springframework.data.jpa.repository.JpaRepository
16:23:17.732 [restartedMain] INFO  o.s.d.r.c.RepositoryConfigurationDelegate - Finished Spring Data repository scanning in 181 ms. Found 10 JPA repository interfaces.
16:23:18.161 [restartedMain] INFO  o.s.d.r.c.RepositoryConfigurationDelegate - Multiple Spring Data modules found, entering strict repository configuration mode
16:23:18.161 [restartedMain] INFO  o.s.d.r.c.RepositoryConfigurationDelegate - Bootstrapping Spring Data MongoDB repositories in DEFAULT mode.
16:23:18.175 [restartedMain] INFO  o.s.d.r.c.RepositoryConfigurationExtensionSupport - Spring Data MongoDB - Could not safely identify store assignment for repository candidate interface ir.repository.AttachmentRepository; If you want this repository to be a MongoDB repository, consider annotating your entities with one of these annotations: org.springframework.data.mongodb.core.mapping.Document (preferred), or consider extending one of the following types with your repository: org.springframework.data.mongodb.repository.MongoRepository
16:23:18.175 [restartedMain] INFO  o.s.d.r.c.RepositoryConfigurationExtensionSupport - Spring Data MongoDB - Could not safely identify store assignment for repository candidate interface ir.repository.BuildingRepository; If you want this repository to be a MongoDB repository, consider annotating your entities with one of these annotations: org.springframework.data.mongodb.core.mapping.Document (preferred), or consider extending one of the following types with your repository: org.springframework.data.mongodb.repository.MongoRepository
16:23:18.175 [restartedMain] INFO  o.s.d.r.c.RepositoryConfigurationExtensionSupport - Spring Data MongoDB - Could not safely identify store assignment for repository candidate interface ir.repository.MessageRepository; If you want this repository to be a MongoDB repository, consider annotating your entities with one of these annotations: org.springframework.data.mongodb.core.mapping.Document (preferred), or consider extending one of the following types with your repository: org.springframework.data.mongodb.repository.MongoRepository
16:23:18.175 [restartedMain] INFO  o.s.d.r.c.RepositoryConfigurationExtensionSupport - Spring Data MongoDB - Could not safely identify store assignment for repository candidate interface ir.repository.OutboxRepository; If you want this repository to be a MongoDB repository, consider annotating your entities with one of these annotations: org.springframework.data.mongodb.core.mapping.Document (preferred), or consider extending one of the following types with your repository: org.springframework.data.mongodb.repository.MongoRepository
16:23:18.175 [restartedMain] INFO  o.s.d.r.c.RepositoryConfigurationExtensionSupport - Spring Data MongoDB - Could not safely identify store assignment for repository candidate interface ir.repository.PermissionRepository; If you want this repository to be a MongoDB repository, consider annotating your entities with one of these annotations: org.springframework.data.mongodb.core.mapping.Document (preferred), or consider extending one of the following types with your repository: org.springframework.data.mongodb.repository.MongoRepository
16:23:18.176 [restartedMain] INFO  o.s.d.r.c.RepositoryConfigurationExtensionSupport - Spring Data MongoDB - Could not safely identify store assignment for repository candidate interface ir.repository.ProfileRepository; If you want this repository to be a MongoDB repository, consider annotating your entities with one of these annotations: org.springframework.data.mongodb.core.mapping.Document (preferred), or consider extending one of the following types with your repository: org.springframework.data.mongodb.repository.MongoRepository
16:23:18.176 [restartedMain] INFO  o.s.d.r.c.RepositoryConfigurationExtensionSupport - Spring Data MongoDB - Could not safely identify store assignment for repository candidate interface ir.repository.RoleRepository; If you want this repository to be a MongoDB repository, consider annotating your entities with one of these annotations: org.springframework.data.mongodb.core.mapping.Document (preferred), or consider extending one of the following types with your repository: org.springframework.data.mongodb.repository.MongoRepository
16:23:18.176 [restartedMain] INFO  o.s.d.r.c.RepositoryConfigurationExtensionSupport - Spring Data MongoDB - Could not safely identify store assignment for repository candidate interface ir.repository.SectionRepository; If you want this repository to be a MongoDB repository, consider annotating your entities with one of these annotations: org.springframework.data.mongodb.core.mapping.Document (preferred), or consider extending one of the following types with your repository: org.springframework.data.mongodb.repository.MongoRepository
16:23:18.176 [restartedMain] INFO  o.s.d.r.c.RepositoryConfigurationExtensionSupport - Spring Data MongoDB - Could not safely identify store assignment for repository candidate interface ir.repository.TicketRepository; If you want this repository to be a MongoDB repository, consider annotating your entities with one of these annotations: org.springframework.data.mongodb.core.mapping.Document (preferred), or consider extending one of the following types with your repository: org.springframework.data.mongodb.repository.MongoRepository
16:23:18.177 [restartedMain] INFO  o.s.d.r.c.RepositoryConfigurationExtensionSupport - Spring Data MongoDB - Could not safely identify store assignment for repository candidate interface ir.repository.UserRepository; If you want this repository to be a MongoDB repository, consider annotating your entities with one of these annotations: org.springframework.data.mongodb.core.mapping.Document (preferred), or consider extending one of the following types with your repository: org.springframework.data.mongodb.repository.MongoRepository
16:23:18.184 [restartedMain] INFO  o.s.d.r.c.RepositoryConfigurationDelegate - Finished Spring Data repository scanning in 21 ms. Found 1 MongoDB repository interface.
16:23:18.195 [restartedMain] INFO  o.s.d.r.c.RepositoryConfigurationDelegate - Multiple Spring Data modules found, entering strict repository configuration mode
16:23:18.196 [restartedMain] INFO  o.s.d.r.c.RepositoryConfigurationDelegate - Bootstrapping Spring Data Redis repositories in DEFAULT mode.
16:23:18.208 [restartedMain] INFO  o.s.d.r.c.RepositoryConfigurationExtensionSupport - Spring Data Redis - Could not safely identify store assignment for repository candidate interface ir.repository.AttachmentRepository; If you want this repository to be a Redis repository, consider annotating your entities with one of these annotations: org.springframework.data.redis.core.RedisHash (preferred), or consider extending one of the following types with your repository: org.springframework.data.keyvalue.repository.KeyValueRepository
16:23:18.209 [restartedMain] INFO  o.s.d.r.c.RepositoryConfigurationExtensionSupport - Spring Data Redis - Could not safely identify store assignment for repository candidate interface ir.repository.BuildingRepository; If you want this repository to be a Redis repository, consider annotating your entities with one of these annotations: org.springframework.data.redis.core.RedisHash (preferred), or consider extending one of the following types with your repository: org.springframework.data.keyvalue.repository.KeyValueRepository
16:23:18.209 [restartedMain] INFO  o.s.d.r.c.RepositoryConfigurationExtensionSupport - Spring Data Redis - Could not safely identify store assignment for repository candidate interface ir.repository.ImageRepository; If you want this repository to be a Redis repository, consider annotating your entities with one of these annotations: org.springframework.data.redis.core.RedisHash (preferred), or consider extending one of the following types with your repository: org.springframework.data.keyvalue.repository.KeyValueRepository
16:23:18.209 [restartedMain] INFO  o.s.d.r.c.RepositoryConfigurationExtensionSupport - Spring Data Redis - Could not safely identify store assignment for repository candidate interface ir.repository.MessageRepository; If you want this repository to be a Redis repository, consider annotating your entities with one of these annotations: org.springframework.data.redis.core.RedisHash (preferred), or consider extending one of the following types with your repository: org.springframework.data.keyvalue.repository.KeyValueRepository
16:23:18.209 [restartedMain] INFO  o.s.d.r.c.RepositoryConfigurationExtensionSupport - Spring Data Redis - Could not safely identify store assignment for repository candidate interface ir.repository.OutboxRepository; If you want this repository to be a Redis repository, consider annotating your entities with one of these annotations: org.springframework.data.redis.core.RedisHash (preferred), or consider extending one of the following types with your repository: org.springframework.data.keyvalue.repository.KeyValueRepository
16:23:18.209 [restartedMain] INFO  o.s.d.r.c.RepositoryConfigurationExtensionSupport - Spring Data Redis - Could not safely identify store assignment for repository candidate interface ir.repository.PermissionRepository; If you want this repository to be a Redis repository, consider annotating your entities with one of these annotations: org.springframework.data.redis.core.RedisHash (preferred), or consider extending one of the following types with your repository: org.springframework.data.keyvalue.repository.KeyValueRepository
16:23:18.209 [restartedMain] INFO  o.s.d.r.c.RepositoryConfigurationExtensionSupport - Spring Data Redis - Could not safely identify store assignment for repository candidate interface ir.repository.ProfileRepository; If you want this repository to be a Redis repository, consider annotating your entities with one of these annotations: org.springframework.data.redis.core.RedisHash (preferred), or consider extending one of the following types with your repository: org.springframework.data.keyvalue.repository.KeyValueRepository
16:23:18.209 [restartedMain] INFO  o.s.d.r.c.RepositoryConfigurationExtensionSupport - Spring Data Redis - Could not safely identify store assignment for repository candidate interface ir.repository.RoleRepository; If you want this repository to be a Redis repository, consider annotating your entities with one of these annotations: org.springframework.data.redis.core.RedisHash (preferred), or consider extending one of the following types with your repository: org.springframework.data.keyvalue.repository.KeyValueRepository
16:23:18.210 [restartedMain] INFO  o.s.d.r.c.RepositoryConfigurationExtensionSupport - Spring Data Redis - Could not safely identify store assignment for repository candidate interface ir.repository.SectionRepository; If you want this repository to be a Redis repository, consider annotating your entities with one of these annotations: org.springframework.data.redis.core.RedisHash (preferred), or consider extending one of the following types with your repository: org.springframework.data.keyvalue.repository.KeyValueRepository
16:23:18.210 [restartedMain] INFO  o.s.d.r.c.RepositoryConfigurationExtensionSupport - Spring Data Redis - Could not safely identify store assignment for repository candidate interface ir.repository.TicketRepository; If you want this repository to be a Redis repository, consider annotating your entities with one of these annotations: org.springframework.data.redis.core.RedisHash (preferred), or consider extending one of the following types with your repository: org.springframework.data.keyvalue.repository.KeyValueRepository
16:23:18.210 [restartedMain] INFO  o.s.d.r.c.RepositoryConfigurationExtensionSupport - Spring Data Redis - Could not safely identify store assignment for repository candidate interface ir.repository.UserRepository; If you want this repository to be a Redis repository, consider annotating your entities with one of these annotations: org.springframework.data.redis.core.RedisHash (preferred), or consider extending one of the following types with your repository: org.springframework.data.keyvalue.repository.KeyValueRepository
16:23:18.210 [restartedMain] INFO  o.s.d.r.c.RepositoryConfigurationDelegate - Finished Spring Data repository scanning in 6 ms. Found 0 Redis repository interfaces.
16:23:19.232 [restartedMain] INFO  o.s.b.w.e.tomcat.TomcatWebServer - Tomcat initialized with port 8443 (https)
16:23:19.241 [restartedMain] INFO  o.a.coyote.http11.Http11NioProtocol - Initializing ProtocolHandler ["https-jsse-nio-8443"]
16:23:19.244 [restartedMain] INFO  o.a.catalina.core.StandardService - Starting service [Tomcat]
16:23:19.244 [restartedMain] INFO  o.a.catalina.core.StandardEngine - Starting Servlet engine: [Apache Tomcat/10.1.36]
16:23:19.289 [restartedMain] INFO  o.a.c.c.C.[Tomcat].[localhost].[/] - Initializing Spring embedded WebApplicationContext
16:23:19.289 [restartedMain] INFO  o.s.b.w.s.c.ServletWebServerApplicationContext - Root WebApplicationContext: initialization completed in 2479 ms
16:23:19.704 [restartedMain] INFO  o.h.jpa.internal.util.LogHelper - HHH000204: Processing PersistenceUnitInfo [name: default]
16:23:19.757 [restartedMain] INFO  org.hibernate.Version - HHH000412: Hibernate ORM core version 6.6.8.Final
16:23:19.801 [restartedMain] INFO  o.h.c.i.RegionFactoryInitiator - HHH000026: Second-level cache disabled
16:23:20.271 [restartedMain] INFO  o.s.o.j.p.SpringPersistenceUnitInfo - No LoadTimeWeaver setup: ignoring JPA class transformer
16:23:20.384 [restartedMain] INFO  com.zaxxer.hikari.HikariDataSource - HikariPool-1 - Starting...
16:23:21.168 [restartedMain] INFO  com.zaxxer.hikari.pool.HikariPool - HikariPool-1 - Added connection oracle.jdbc.driver.T4CConnection@328d3a7
16:23:21.169 [restartedMain] INFO  com.zaxxer.hikari.HikariDataSource - HikariPool-1 - Start completed.
16:23:21.399 [restartedMain] WARN  org.hibernate.orm.deprecation - HHH90000025: OracleDialect does not need to be specified explicitly using 'hibernate.dialect' (remove the property setting and it will be selected by default)
16:23:21.503 [restartedMain] INFO  o.hibernate.orm.connections.pooling - HHH10001005: Database info:
	Database JDBC URL [Connecting through datasource 'HikariDataSource (HikariPool-1)']
	Database driver: undefined/unknown
	Database version: 21.0
	Autocommit mode: undefined/unknown
	Isolation level: undefined/unknown
	Minimum pool size: undefined/unknown
	Maximum pool size: undefined/unknown
16:23:23.494 [restartedMain] INFO  o.h.e.t.j.p.i.JtaPlatformInitiator - HHH000489: No JTA platform available (set 'hibernate.transaction.jta.platform' to enable JTA platform integration)
16:23:24.392 [restartedMain] DEBUG org.hibernate.SQL - 
    alter table attachment_tbl 
       modify file_type smallint
16:23:24.428 [restartedMain] DEBUG org.hibernate.SQL - 
    alter table ticket_tbl 
       modify status smallint
16:23:27.631 [restartedMain] INFO  o.s.o.j.LocalContainerEntityManagerFactoryBean - Initialized JPA EntityManagerFactory for persistence unit 'default'
16:23:28.263 [restartedMain] INFO  o.s.d.j.r.query.QueryEnhancerFactory - Hibernate is in classpath; If applicable, HQL parser will be used.
16:23:28.711 [restartedMain] TRACE o.s.c.a.AnnotationCacheOperationSource - Adding cacheable method 'update' with operations: [Builder[public ir.model.entity.Section ir.service.impl.SectionServiceImpl.update(java.lang.Long,ir.model.entity.Section)] caches=[sections, sectionsPageable, sectionsFilter] | key='' | keyGenerator='' | cacheManager='' | cacheResolver='' | condition='',true,false]
16:23:28.714 [restartedMain] TRACE o.s.c.a.AnnotationCacheOperationSource - Adding cacheable method 'save' with operations: [Builder[public ir.model.entity.Section ir.service.impl.SectionServiceImpl.save(ir.model.entity.Section)] caches=[sections, sectionsPageable, sectionsFilter] | key='' | keyGenerator='' | cacheManager='' | cacheResolver='' | condition='',true,false]
16:23:28.715 [restartedMain] TRACE o.s.c.a.AnnotationCacheOperationSource - Adding cacheable method 'findAll' with operations: [Builder[public org.springframework.data.domain.Page ir.service.impl.SectionServiceImpl.findAll(org.springframework.data.domain.Pageable)] caches=[sectionsPageable] | key='' | keyGenerator='' | cacheManager='' | cacheResolver='' | condition='' | unless='' | sync='false']
16:23:28.715 [restartedMain] TRACE o.s.c.a.AnnotationCacheOperationSource - Adding cacheable method 'findAll' with operations: [Builder[public java.util.List ir.service.impl.SectionServiceImpl.findAll()] caches=[sections] | key='' | keyGenerator='' | cacheManager='' | cacheResolver='' | condition='' | unless='' | sync='false']
16:23:28.715 [restartedMain] TRACE o.s.c.a.AnnotationCacheOperationSource - Adding cacheable method 'deleteById' with operations: [Builder[public void ir.service.impl.SectionServiceImpl.deleteById(java.lang.Long)] caches=[sections, sectionsPageable, sectionsFilter] | key='' | keyGenerator='' | cacheManager='' | cacheResolver='' | condition='',true,false]
16:23:28.715 [restartedMain] TRACE o.s.c.a.AnnotationCacheOperationSource - Adding cacheable method 'findAllForFilter' with operations: [Builder[public java.util.List ir.service.impl.SectionServiceImpl.findAllForFilter()] caches=[sectionsFilter] | key='' | keyGenerator='' | cacheManager='' | cacheResolver='' | condition='' | unless='' | sync='false']
16:23:28.998 [restartedMain] INFO  org.mongodb.driver.client - MongoClient with metadata {"driver": {"name": "mongo-java-driver|sync|spring-boot", "version": "5.2.1"}, "os": {"type": "Windows", "name": "Windows 10", "architecture": "amd64", "version": "10.0"}, "platform": "Java/Oracle Corporation/17.0.12+8-LTS-286"} created with settings MongoClientSettings{readPreference=primary, writeConcern=WriteConcern{w=null, wTimeout=null ms, journal=null}, retryWrites=true, retryReads=true, readConcern=ReadConcern{level=null}, credential=null, transportSettings=null, commandListeners=[io.micrometer.core.instrument.binder.mongodb.MongoMetricsCommandListener@65330a35], codecRegistry=ProvidersCodecRegistry{codecProviders=[ValueCodecProvider{}, BsonValueCodecProvider{}, DBRefCodecProvider{}, DBObjectCodecProvider{}, DocumentCodecProvider{}, CollectionCodecProvider{}, IterableCodecProvider{}, MapCodecProvider{}, GeoJsonCodecProvider{}, GridFSFileCodecProvider{}, Jsr310CodecProvider{}, JsonObjectCodecProvider{}, BsonCodecProvider{}, EnumCodecProvider{}, com.mongodb.client.model.mql.ExpressionCodecProvider@354afda9, com.mongodb.Jep395RecordCodecProvider@4685be30, com.mongodb.KotlinCodecProvider@7b012fa0]}, loggerSettings=LoggerSettings{maxDocumentLength=1000}, clusterSettings={hosts=[localhost:27017], srvServiceName=mongodb, mode=SINGLE, requiredClusterType=UNKNOWN, requiredReplicaSetName='null', serverSelector='null', clusterListeners='[]', serverSelectionTimeout='30000 ms', localThreshold='15 ms'}, socketSettings=SocketSettings{connectTimeoutMS=10000, readTimeoutMS=0, receiveBufferSize=0, proxySettings=ProxySettings{host=null, port=null, username=null, password=null}}, heartbeatSocketSettings=SocketSettings{connectTimeoutMS=10000, readTimeoutMS=10000, receiveBufferSize=0, proxySettings=ProxySettings{host=null, port=null, username=null, password=null}}, connectionPoolSettings=ConnectionPoolSettings{maxSize=100, minSize=0, maxWaitTimeMS=120000, maxConnectionLifeTimeMS=0, maxConnectionIdleTimeMS=0, maintenanceInitialDelayMS=0, maintenanceFrequencyMS=60000, connectionPoolListeners=[io.micrometer.core.instrument.binder.mongodb.MongoMetricsConnectionPoolListener@1a32f281], maxConnecting=2}, serverSettings=ServerSettings{heartbeatFrequencyMS=10000, minHeartbeatFrequencyMS=500, serverMonitoringMode=AUTO, serverListeners='[]', serverMonitorListeners='[]'}, sslSettings=SslSettings{enabled=false, invalidHostNameAllowed=false, context=null}, applicationName='null', compressorList=[], uuidRepresentation=JAVA_LEGACY, serverApi=null, autoEncryptionSettings=null, dnsClient=null, inetAddressResolver=null, contextProvider=null, timeoutMS=null}
16:23:29.019 [cluster-ClusterId{value='69381bc8ad7c73726662892d', description='null'}-localhost:27017] INFO  org.mongodb.driver.cluster - Monitor thread successfully connected to server with description ServerDescription{address=localhost:27017, type=STANDALONE, cryptd=false, state=CONNECTED, ok=true, minWireVersion=0, maxWireVersion=27, maxDocumentSize=16777216, logicalSessionTimeoutMinutes=30, roundTripTimeNanos=26568900, minRoundTripTimeNanos=0}
16:23:29.163 [restartedMain] INFO  o.s.b.d.a.OptionalLiveReloadServer - LiveReload server is running on port 35729
16:23:29.967 [restartedMain] WARN  o.s.b.a.o.j.JpaBaseConfiguration$JpaWebConfiguration - spring.jpa.open-in-view is enabled by default. Therefore, database queries may be performed during view rendering. Explicitly configure spring.jpa.open-in-view to disable this warning
16:23:30.017 [restartedMain] INFO  o.s.s.c.a.a.c.InitializeAuthenticationProviderBeanManagerConfigurer$InitializeAuthenticationProviderManagerConfigurer - Global AuthenticationManager configured with AuthenticationProvider bean with name authenticationProvider
16:23:30.018 [restartedMain] WARN  o.s.s.c.a.a.c.InitializeUserDetailsBeanManagerConfigurer$InitializeUserDetailsManagerConfigurer - Global AuthenticationManager configured with an AuthenticationProvider bean. UserDetailsService beans will not be used by Spring Security for automatically configuring username/password login. Consider removing the AuthenticationProvider bean. Alternatively, consider using the UserDetailsService in a manually instantiated DaoAuthenticationProvider. If the current configuration is intentional, to turn off this warning, increase the logging level of 'org.springframework.security.config.annotation.authentication.configuration.InitializeUserDetailsBeanManagerConfigurer' to ERROR
16:23:30.676 [restartedMain] INFO  o.s.b.a.e.web.EndpointLinksResolver - Exposing 3 endpoints beneath base path '/actuator'
16:23:30.858 [restartedMain] INFO  o.s.s.w.a.c.ChannelProcessingFilter - Validated configuration attributes
16:23:30.862 [restartedMain] DEBUG o.s.s.web.DefaultSecurityFilterChain - Will secure any request with filters: DisableEncodeUrlFilter, ChannelProcessingFilter, WebAsyncManagerIntegrationFilter, SecurityContextHolderFilter, HeaderWriterFilter, CorsFilter, CsrfFilter, LogoutFilter, UsernamePasswordAuthenticationFilter, ConcurrentSessionFilter, RequestCacheAwareFilter, SecurityContextHolderAwareRequestFilter, AnonymousAuthenticationFilter, SessionManagementFilter, ExceptionTranslationFilter, AuthorizationFilter
16:23:31.575 [restartedMain] INFO  o.s.b.a.h.H2ConsoleAutoConfiguration - H2 console available at '/h2-console'. Database available at 'jdbc:oracle:thin:@localhost:1521:xe'
16:23:31.819 [restartedMain] INFO  o.a.coyote.http11.Http11NioProtocol - Starting ProtocolHandler ["https-jsse-nio-8443"]
16:23:31.914 [restartedMain] INFO  o.a.t.u.net.NioEndpoint.certificate - Connector [https-jsse-nio-8443], TLS virtual host [_default_], certificate type [UNDEFINED] configured from keystore [C:\Users\arbab\.keystore] using alias [ticketingkey] with trust store [null]
16:23:31.926 [restartedMain] INFO  o.s.b.w.e.tomcat.TomcatWebServer - Tomcat started on port 8443 (https) with context path '/'
16:23:31.961 [restartedMain] INFO  o.a.k.c.consumer.ConsumerConfig - ConsumerConfig values: 
	allow.auto.create.topics = true
	auto.commit.interval.ms = 5000
	auto.include.jmx.reporter = true
	auto.offset.reset = latest
	bootstrap.servers = [localhost:9092]
	check.crcs = true
	client.dns.lookup = use_all_dns_ips
	client.id = consumer-building-service-updater-1
	client.rack = 
	connections.max.idle.ms = 540000
	default.api.timeout.ms = 60000
	enable.auto.commit = false
	enable.metrics.push = true
	exclude.internal.topics = true
	fetch.max.bytes = 52428800
	fetch.max.wait.ms = 500
	fetch.min.bytes = 1
	group.id = building-service-updater
	group.instance.id = null
	group.protocol = classic
	group.remote.assignor = null
	heartbeat.interval.ms = 3000
	interceptor.classes = []
	internal.leave.group.on.close = true
	internal.throw.on.fetch.stable.offset.unsupported = false
	isolation.level = read_uncommitted
	key.deserializer = class org.apache.kafka.common.serialization.StringDeserializer
	max.partition.fetch.bytes = 1048576
	max.poll.interval.ms = 300000
	max.poll.records = 500
	metadata.max.age.ms = 300000
	metadata.recovery.strategy = none
	metric.reporters = []
	metrics.num.samples = 2
	metrics.recording.level = INFO
	metrics.sample.window.ms = 30000
	partition.assignment.strategy = [class org.apache.kafka.clients.consumer.RangeAssignor, class org.apache.kafka.clients.consumer.CooperativeStickyAssignor]
	receive.buffer.bytes = 65536
	reconnect.backoff.max.ms = 1000
	reconnect.backoff.ms = 50
	request.timeout.ms = 30000
	retry.backoff.max.ms = 1000
	retry.backoff.ms = 100
	sasl.client.callback.handler.class = null
	sasl.jaas.config = null
	sasl.kerberos.kinit.cmd = /usr/bin/kinit
	sasl.kerberos.min.time.before.relogin = 60000
	sasl.kerberos.service.name = null
	sasl.kerberos.ticket.renew.jitter = 0.05
	sasl.kerberos.ticket.renew.window.factor = 0.8
	sasl.login.callback.handler.class = null
	sasl.login.class = null
	sasl.login.connect.timeout.ms = null
	sasl.login.read.timeout.ms = null
	sasl.login.refresh.buffer.seconds = 300
	sasl.login.refresh.min.period.seconds = 60
	sasl.login.refresh.window.factor = 0.8
	sasl.login.refresh.window.jitter = 0.05
	sasl.login.retry.backoff.max.ms = 10000
	sasl.login.retry.backoff.ms = 100
	sasl.mechanism = GSSAPI
	sasl.oauthbearer.clock.skew.seconds = 30
	sasl.oauthbearer.expected.audience = null
	sasl.oauthbearer.expected.issuer = null
	sasl.oauthbearer.jwks.endpoint.refresh.ms = 3600000
	sasl.oauthbearer.jwks.endpoint.retry.backoff.max.ms = 10000
	sasl.oauthbearer.jwks.endpoint.retry.backoff.ms = 100
	sasl.oauthbearer.jwks.endpoint.url = null
	sasl.oauthbearer.scope.claim.name = scope
	sasl.oauthbearer.sub.claim.name = sub
	sasl.oauthbearer.token.endpoint.url = null
	security.protocol = PLAINTEXT
	security.providers = null
	send.buffer.bytes = 131072
	session.timeout.ms = 45000
	socket.connection.setup.timeout.max.ms = 30000
	socket.connection.setup.timeout.ms = 10000
	ssl.cipher.suites = null
	ssl.enabled.protocols = [TLSv1.2, TLSv1.3]
	ssl.endpoint.identification.algorithm = https
	ssl.engine.factory.class = null
	ssl.key.password = null
	ssl.keymanager.algorithm = SunX509
	ssl.keystore.certificate.chain = null
	ssl.keystore.key = null
	ssl.keystore.location = null
	ssl.keystore.password = null
	ssl.keystore.type = JKS
	ssl.protocol = TLSv1.3
	ssl.provider = null
	ssl.secure.random.implementation = null
	ssl.trustmanager.algorithm = PKIX
	ssl.truststore.certificates = null
	ssl.truststore.location = null
	ssl.truststore.password = null
	ssl.truststore.type = JKS
	value.deserializer = class org.apache.kafka.common.serialization.StringDeserializer

16:23:32.010 [restartedMain] INFO  o.a.k.c.t.i.KafkaMetricsCollector - initializing Kafka metrics collector
16:23:32.083 [restartedMain] INFO  o.a.kafka.common.utils.AppInfoParser - Kafka version: 3.8.1
16:23:32.083 [restartedMain] INFO  o.a.kafka.common.utils.AppInfoParser - Kafka commitId: 70d6ff42debf7e17
16:23:32.083 [restartedMain] INFO  o.a.kafka.common.utils.AppInfoParser - Kafka startTimeMs: 1765284812082
16:23:32.097 [restartedMain] INFO  o.a.k.c.c.i.LegacyKafkaConsumer - [Consumer clientId=consumer-building-service-updater-1, groupId=building-service-updater] Subscribed to topic(s): address-created-topic
16:23:32.129 [restartedMain] INFO  ir.TicketingSpringSample - Started TicketingSpringSample in 15.769 seconds (process running for 16.746)
16:23:32.139 [restartedMain] TRACE o.s.c.interceptor.CacheInterceptor - Computed cache key 'SimpleKey []' for operation Builder[public java.util.List ir.service.impl.SectionServiceImpl.findAll()] caches=[sections] | key='' | keyGenerator='' | cacheManager='' | cacheResolver='' | condition='' | unless='' | sync='false'
16:23:32.139 [restartedMain] TRACE o.s.c.interceptor.CacheInterceptor - No cache entry for key 'SimpleKey []' in cache(s) [sections]
16:23:32.148 [restartedMain] DEBUG o.s.jdbc.datasource.DataSourceUtils - Setting JDBC Connection [HikariProxyConnection@1706379262 wrapping oracle.jdbc.driver.T4CConnection@328d3a7] read-only
16:23:32.149 [restartedMain] DEBUG o.h.e.t.internal.TransactionImpl - On TransactionImpl creation, JpaCompliance#isJpaTransactionComplianceEnabled == false
16:23:32.149 [restartedMain] DEBUG o.h.e.t.internal.TransactionImpl - begin
16:23:32.195 [restartedMain] DEBUG org.hibernate.SQL - 
    /* <criteria> */ select
        s1_0.id,
        s1_0.building_id,
        s1_0.deleted,
        s1_0.parent_section_id,
        s1_0.title 
    from
        section_table s1_0 
    where
        (
            s1_0.deleted = 0
        )
16:23:32.222 [restartedMain] TRACE org.hibernate.orm.jdbc.extract - extracted value (1:BIGINT) -> [1]
16:23:32.224 [restartedMain] TRACE org.hibernate.orm.jdbc.extract - extracted value (2:BIGINT) -> [null]
16:23:32.228 [restartedMain] TRACE org.hibernate.orm.jdbc.extract - extracted value (4:BIGINT) -> [null]
16:23:32.229 [restartedMain] TRACE org.hibernate.orm.jdbc.extract - extracted value (3:BOOLEAN) -> [false]
16:23:32.229 [restartedMain] TRACE org.hibernate.orm.jdbc.extract - extracted value (5:VARCHAR) -> [MAIN SECTION]
16:23:32.232 [restartedMain] TRACE org.hibernate.orm.jdbc.extract - extracted value (1:BIGINT) -> [2]
16:23:32.232 [restartedMain] TRACE org.hibernate.orm.jdbc.extract - extracted value (2:BIGINT) -> [null]
16:23:32.232 [restartedMain] TRACE org.hibernate.orm.jdbc.extract - extracted value (4:BIGINT) -> [1]
16:23:32.232 [restartedMain] TRACE org.hibernate.orm.jdbc.extract - extracted value (3:BOOLEAN) -> [false]
16:23:32.232 [restartedMain] TRACE org.hibernate.orm.jdbc.extract - extracted value (5:VARCHAR) -> [HSE]
16:23:32.233 [restartedMain] TRACE org.hibernate.orm.jdbc.extract - extracted value (1:BIGINT) -> [3]
16:23:32.233 [restartedMain] TRACE org.hibernate.orm.jdbc.extract - extracted value (2:BIGINT) -> [null]
16:23:32.233 [restartedMain] TRACE org.hibernate.orm.jdbc.extract - extracted value (4:BIGINT) -> [1]
16:23:32.233 [restartedMain] TRACE org.hibernate.orm.jdbc.extract - extracted value (3:BOOLEAN) -> [false]
16:23:32.233 [restartedMain] TRACE org.hibernate.orm.jdbc.extract - extracted value (5:VARCHAR) -> [TRANSPORT]
16:23:32.233 [restartedMain] TRACE org.hibernate.orm.jdbc.extract - extracted value (1:BIGINT) -> [4]
16:23:32.233 [restartedMain] TRACE org.hibernate.orm.jdbc.extract - extracted value (2:BIGINT) -> [null]
16:23:32.233 [restartedMain] TRACE org.hibernate.orm.jdbc.extract - extracted value (4:BIGINT) -> [3]
16:23:32.233 [restartedMain] TRACE org.hibernate.orm.jdbc.extract - extracted value (3:BOOLEAN) -> [false]
16:23:32.233 [restartedMain] TRACE org.hibernate.orm.jdbc.extract - extracted value (5:VARCHAR) -> [BUS]
16:23:32.233 [restartedMain] TRACE org.hibernate.orm.jdbc.extract - extracted value (1:BIGINT) -> [5]
16:23:32.233 [restartedMain] TRACE org.hibernate.orm.jdbc.extract - extracted value (2:BIGINT) -> [null]
16:23:32.233 [restartedMain] TRACE org.hibernate.orm.jdbc.extract - extracted value (4:BIGINT) -> [3]
16:23:32.233 [restartedMain] TRACE org.hibernate.orm.jdbc.extract - extracted value (3:BOOLEAN) -> [false]
16:23:32.233 [restartedMain] TRACE org.hibernate.orm.jdbc.extract - extracted value (5:VARCHAR) -> [TAXI]
16:23:32.236 [restartedMain] DEBUG org.hibernate.SQL - 
    select
        csl1_0.parent_section_id,
        csl1_0.id,
        csl1_0.building_id,
        csl1_0.deleted,
        csl1_0.title 
    from
        section_table csl1_0 
    where
        csl1_0.parent_section_id=? 
        and (
            csl1_0.deleted = 0
        )
16:23:32.237 [restartedMain] TRACE org.hibernate.orm.jdbc.bind - binding parameter (1:BIGINT) <- [5]
16:23:32.244 [restartedMain] DEBUG org.hibernate.SQL - 
    select
        csl1_0.parent_section_id,
        csl1_0.id,
        csl1_0.building_id,
        csl1_0.deleted,
        csl1_0.title 
    from
        section_table csl1_0 
    where
        csl1_0.parent_section_id=? 
        and (
            csl1_0.deleted = 0
        )
16:23:32.244 [restartedMain] TRACE org.hibernate.orm.jdbc.bind - binding parameter (1:BIGINT) <- [4]
16:23:32.245 [restartedMain] DEBUG org.hibernate.SQL - 
    select
        csl1_0.parent_section_id,
        csl1_0.id,
        csl1_0.building_id,
        csl1_0.deleted,
        csl1_0.title 
    from
        section_table csl1_0 
    where
        csl1_0.parent_section_id=? 
        and (
            csl1_0.deleted = 0
        )
16:23:32.245 [restartedMain] TRACE org.hibernate.orm.jdbc.bind - binding parameter (1:BIGINT) <- [3]
16:23:32.245 [restartedMain] TRACE org.hibernate.orm.jdbc.extract - extracted value (1:BIGINT) -> [3]
16:23:32.246 [restartedMain] TRACE org.hibernate.orm.jdbc.extract - extracted value (2:BIGINT) -> [4]
16:23:32.246 [restartedMain] TRACE org.hibernate.orm.jdbc.extract - extracted value (1:BIGINT) -> [3]
16:23:32.246 [restartedMain] TRACE org.hibernate.orm.jdbc.extract - extracted value (2:BIGINT) -> [5]
16:23:32.247 [restartedMain] DEBUG org.hibernate.SQL - 
    select
        csl1_0.parent_section_id,
        csl1_0.id,
        csl1_0.building_id,
        csl1_0.deleted,
        csl1_0.title 
    from
        section_table csl1_0 
    where
        csl1_0.parent_section_id=? 
        and (
            csl1_0.deleted = 0
        )
16:23:32.247 [restartedMain] TRACE org.hibernate.orm.jdbc.bind - binding parameter (1:BIGINT) <- [2]
16:23:32.247 [restartedMain] DEBUG org.hibernate.SQL - 
    select
        csl1_0.parent_section_id,
        csl1_0.id,
        csl1_0.building_id,
        csl1_0.deleted,
        csl1_0.title 
    from
        section_table csl1_0 
    where
        csl1_0.parent_section_id=? 
        and (
            csl1_0.deleted = 0
        )
16:23:32.248 [restartedMain] TRACE org.hibernate.orm.jdbc.bind - binding parameter (1:BIGINT) <- [1]
16:23:32.248 [restartedMain] TRACE org.hibernate.orm.jdbc.extract - extracted value (1:BIGINT) -> [1]
16:23:32.248 [restartedMain] TRACE org.hibernate.orm.jdbc.extract - extracted value (2:BIGINT) -> [2]
16:23:32.248 [restartedMain] TRACE org.hibernate.orm.jdbc.extract - extracted value (1:BIGINT) -> [1]
16:23:32.248 [restartedMain] TRACE org.hibernate.orm.jdbc.extract - extracted value (2:BIGINT) -> [3]
16:23:32.251 [restartedMain] DEBUG o.h.e.t.internal.TransactionImpl - committing
16:23:32.253 [restartedMain] DEBUG o.s.jdbc.datasource.DataSourceUtils - Resetting read-only flag of JDBC Connection [HikariProxyConnection@1706379262 wrapping oracle.jdbc.driver.T4CConnection@328d3a7]
16:23:32.254 [restartedMain] TRACE o.s.c.interceptor.CacheInterceptor - Creating cache entry for key 'SimpleKey []' in cache(s) [sections]
16:23:32.254 [restartedMain] TRACE o.s.c.interceptor.CacheInterceptor - Computed cache key 'Page request [number: 0, size 50, sort: UNSORTED]' for operation Builder[public org.springframework.data.domain.Page ir.service.impl.SectionServiceImpl.findAll(org.springframework.data.domain.Pageable)] caches=[sectionsPageable] | key='' | keyGenerator='' | cacheManager='' | cacheResolver='' | condition='' | unless='' | sync='false'
16:23:32.254 [restartedMain] TRACE o.s.c.interceptor.CacheInterceptor - No cache entry for key 'Page request [number: 0, size 50, sort: UNSORTED]' in cache(s) [sectionsPageable]
16:23:32.254 [restartedMain] DEBUG o.s.jdbc.datasource.DataSourceUtils - Setting JDBC Connection [HikariProxyConnection@1877158300 wrapping oracle.jdbc.driver.T4CConnection@328d3a7] read-only
16:23:32.254 [restartedMain] DEBUG o.h.e.t.internal.TransactionImpl - On TransactionImpl creation, JpaCompliance#isJpaTransactionComplianceEnabled == false
16:23:32.254 [restartedMain] DEBUG o.h.e.t.internal.TransactionImpl - begin
16:23:32.256 [restartedMain] DEBUG org.hibernate.SQL - 
    /* <criteria> */ select
        s1_0.id,
        s1_0.building_id,
        s1_0.deleted,
        s1_0.parent_section_id,
        s1_0.title 
    from
        section_table s1_0 
    where
        (
            s1_0.deleted = 0
        ) 
    offset
        ? rows 
    fetch
        first ? rows only
16:23:32.257 [restartedMain] TRACE org.hibernate.orm.jdbc.bind - binding parameter (1:INTEGER) <- [0]
16:23:32.257 [restartedMain] TRACE org.hibernate.orm.jdbc.bind - binding parameter (2:INTEGER) <- [50]
16:23:32.261 [restartedMain] TRACE org.hibernate.orm.jdbc.extract - extracted value (1:BIGINT) -> [1]
16:23:32.261 [restartedMain] TRACE org.hibernate.orm.jdbc.extract - extracted value (2:BIGINT) -> [null]
16:23:32.261 [restartedMain] TRACE org.hibernate.orm.jdbc.extract - extracted value (4:BIGINT) -> [null]
16:23:32.262 [restartedMain] TRACE org.hibernate.orm.jdbc.extract - extracted value (3:BOOLEAN) -> [false]
16:23:32.262 [restartedMain] TRACE org.hibernate.orm.jdbc.extract - extracted value (5:VARCHAR) -> [MAIN SECTION]
16:23:32.262 [restartedMain] TRACE org.hibernate.orm.jdbc.extract - extracted value (1:BIGINT) -> [2]
16:23:32.262 [restartedMain] TRACE org.hibernate.orm.jdbc.extract - extracted value (2:BIGINT) -> [null]
16:23:32.262 [restartedMain] TRACE org.hibernate.orm.jdbc.extract - extracted value (4:BIGINT) -> [1]
16:23:32.262 [restartedMain] TRACE org.hibernate.orm.jdbc.extract - extracted value (3:BOOLEAN) -> [false]
16:23:32.262 [restartedMain] TRACE org.hibernate.orm.jdbc.extract - extracted value (5:VARCHAR) -> [HSE]
16:23:32.262 [restartedMain] TRACE org.hibernate.orm.jdbc.extract - extracted value (1:BIGINT) -> [3]
16:23:32.262 [restartedMain] TRACE org.hibernate.orm.jdbc.extract - extracted value (2:BIGINT) -> [null]
16:23:32.262 [restartedMain] TRACE org.hibernate.orm.jdbc.extract - extracted value (4:BIGINT) -> [1]
16:23:32.262 [restartedMain] TRACE org.hibernate.orm.jdbc.extract - extracted value (3:BOOLEAN) -> [false]
16:23:32.262 [restartedMain] TRACE org.hibernate.orm.jdbc.extract - extracted value (5:VARCHAR) -> [TRANSPORT]
16:23:32.262 [restartedMain] TRACE org.hibernate.orm.jdbc.extract - extracted value (1:BIGINT) -> [4]
16:23:32.262 [restartedMain] TRACE org.hibernate.orm.jdbc.extract - extracted value (2:BIGINT) -> [null]
16:23:32.262 [restartedMain] TRACE org.hibernate.orm.jdbc.extract - extracted value (4:BIGINT) -> [3]
16:23:32.262 [restartedMain] TRACE org.hibernate.orm.jdbc.extract - extracted value (3:BOOLEAN) -> [false]
16:23:32.262 [restartedMain] TRACE org.hibernate.orm.jdbc.extract - extracted value (5:VARCHAR) -> [BUS]
16:23:32.262 [restartedMain] TRACE org.hibernate.orm.jdbc.extract - extracted value (1:BIGINT) -> [5]
16:23:32.263 [restartedMain] TRACE org.hibernate.orm.jdbc.extract - extracted value (2:BIGINT) -> [null]
16:23:32.263 [restartedMain] TRACE org.hibernate.orm.jdbc.extract - extracted value (4:BIGINT) -> [3]
16:23:32.263 [restartedMain] TRACE org.hibernate.orm.jdbc.extract - extracted value (3:BOOLEAN) -> [false]
16:23:32.263 [restartedMain] TRACE org.hibernate.orm.jdbc.extract - extracted value (5:VARCHAR) -> [TAXI]
16:23:32.263 [restartedMain] DEBUG org.hibernate.SQL - 
    select
        csl1_0.parent_section_id,
        csl1_0.id,
        csl1_0.building_id,
        csl1_0.deleted,
        csl1_0.title 
    from
        section_table csl1_0 
    where
        csl1_0.parent_section_id=? 
        and (
            csl1_0.deleted = 0
        )
16:23:32.263 [restartedMain] TRACE org.hibernate.orm.jdbc.bind - binding parameter (1:BIGINT) <- [5]
16:23:32.264 [restartedMain] DEBUG org.hibernate.SQL - 
    select
        csl1_0.parent_section_id,
        csl1_0.id,
        csl1_0.building_id,
        csl1_0.deleted,
        csl1_0.title 
    from
        section_table csl1_0 
    where
        csl1_0.parent_section_id=? 
        and (
            csl1_0.deleted = 0
        )
16:23:32.264 [restartedMain] TRACE org.hibernate.orm.jdbc.bind - binding parameter (1:BIGINT) <- [4]
16:23:32.264 [restartedMain] DEBUG org.hibernate.SQL - 
    select
        csl1_0.parent_section_id,
        csl1_0.id,
        csl1_0.building_id,
        csl1_0.deleted,
        csl1_0.title 
    from
        section_table csl1_0 
    where
        csl1_0.parent_section_id=? 
        and (
            csl1_0.deleted = 0
        )
16:23:32.265 [restartedMain] TRACE org.hibernate.orm.jdbc.bind - binding parameter (1:BIGINT) <- [3]
16:23:32.265 [restartedMain] TRACE org.hibernate.orm.jdbc.extract - extracted value (1:BIGINT) -> [3]
16:23:32.265 [restartedMain] TRACE org.hibernate.orm.jdbc.extract - extracted value (2:BIGINT) -> [4]
16:23:32.265 [restartedMain] TRACE org.hibernate.orm.jdbc.extract - extracted value (1:BIGINT) -> [3]
16:23:32.265 [restartedMain] TRACE org.hibernate.orm.jdbc.extract - extracted value (2:BIGINT) -> [5]
16:23:32.265 [restartedMain] DEBUG org.hibernate.SQL - 
    select
        csl1_0.parent_section_id,
        csl1_0.id,
        csl1_0.building_id,
        csl1_0.deleted,
        csl1_0.title 
    from
        section_table csl1_0 
    where
        csl1_0.parent_section_id=? 
        and (
            csl1_0.deleted = 0
        )
16:23:32.265 [restartedMain] TRACE org.hibernate.orm.jdbc.bind - binding parameter (1:BIGINT) <- [2]
16:23:32.266 [restartedMain] DEBUG org.hibernate.SQL - 
    select
        csl1_0.parent_section_id,
        csl1_0.id,
        csl1_0.building_id,
        csl1_0.deleted,
        csl1_0.title 
    from
        section_table csl1_0 
    where
        csl1_0.parent_section_id=? 
        and (
            csl1_0.deleted = 0
        )
16:23:32.266 [restartedMain] TRACE org.hibernate.orm.jdbc.bind - binding parameter (1:BIGINT) <- [1]
16:23:32.267 [restartedMain] TRACE org.hibernate.orm.jdbc.extract - extracted value (1:BIGINT) -> [1]
16:23:32.267 [restartedMain] TRACE org.hibernate.orm.jdbc.extract - extracted value (2:BIGINT) -> [2]
16:23:32.267 [restartedMain] TRACE org.hibernate.orm.jdbc.extract - extracted value (1:BIGINT) -> [1]
16:23:32.267 [restartedMain] TRACE org.hibernate.orm.jdbc.extract - extracted value (2:BIGINT) -> [3]
16:23:32.269 [restartedMain] DEBUG o.h.e.t.internal.TransactionImpl - committing
16:23:32.269 [restartedMain] DEBUG o.s.jdbc.datasource.DataSourceUtils - Resetting read-only flag of JDBC Connection [HikariProxyConnection@1877158300 wrapping oracle.jdbc.driver.T4CConnection@328d3a7]
16:23:32.270 [restartedMain] TRACE o.s.c.interceptor.CacheInterceptor - Creating cache entry for key 'Page request [number: 0, size 50, sort: UNSORTED]' in cache(s) [sectionsPageable]
16:23:32.270 [restartedMain] TRACE o.s.c.interceptor.CacheInterceptor - Computed cache key 'SimpleKey []' for operation Builder[public java.util.List ir.service.impl.SectionServiceImpl.findAllForFilter()] caches=[sectionsFilter] | key='' | keyGenerator='' | cacheManager='' | cacheResolver='' | condition='' | unless='' | sync='false'
16:23:32.270 [restartedMain] TRACE o.s.c.interceptor.CacheInterceptor - No cache entry for key 'SimpleKey []' in cache(s) [sectionsFilter]
16:23:32.270 [restartedMain] DEBUG o.s.jdbc.datasource.DataSourceUtils - Setting JDBC Connection [HikariProxyConnection@1073531014 wrapping oracle.jdbc.driver.T4CConnection@328d3a7] read-only
16:23:32.270 [restartedMain] DEBUG o.h.e.t.internal.TransactionImpl - On TransactionImpl creation, JpaCompliance#isJpaTransactionComplianceEnabled == false
16:23:32.270 [restartedMain] DEBUG o.h.e.t.internal.TransactionImpl - begin
16:23:32.280 [restartedMain] DEBUG org.hibernate.SQL - 
    /* SELECT
        new  ir.dto.SectionFilterDto(s.id, s.title) 
    FROM
        sectionEntity s 
    where
        s.deleted = false */ select
            s1_0.id,
            s1_0.title 
        from
            section_table s1_0 
        where
            (
                s1_0.deleted = 0
            ) 
            and s1_0.deleted=0
16:23:32.282 [restartedMain] TRACE org.hibernate.orm.jdbc.extract - extracted value (1:BIGINT) -> [1]
16:23:32.282 [restartedMain] TRACE org.hibernate.orm.jdbc.extract - extracted value (2:VARCHAR) -> [MAIN SECTION]
16:23:32.282 [restartedMain] TRACE org.hibernate.orm.jdbc.extract - extracted value (1:BIGINT) -> [2]
16:23:32.283 [restartedMain] TRACE org.hibernate.orm.jdbc.extract - extracted value (2:VARCHAR) -> [HSE]
16:23:32.283 [restartedMain] TRACE org.hibernate.orm.jdbc.extract - extracted value (1:BIGINT) -> [3]
16:23:32.283 [restartedMain] TRACE org.hibernate.orm.jdbc.extract - extracted value (2:VARCHAR) -> [TRANSPORT]
16:23:32.283 [restartedMain] TRACE org.hibernate.orm.jdbc.extract - extracted value (1:BIGINT) -> [4]
16:23:32.283 [restartedMain] TRACE org.hibernate.orm.jdbc.extract - extracted value (2:VARCHAR) -> [BUS]
16:23:32.283 [restartedMain] TRACE org.hibernate.orm.jdbc.extract - extracted value (1:BIGINT) -> [5]
16:23:32.283 [restartedMain] TRACE org.hibernate.orm.jdbc.extract - extracted value (2:VARCHAR) -> [TAXI]
16:23:32.284 [restartedMain] DEBUG o.h.e.t.internal.TransactionImpl - committing
16:23:32.284 [restartedMain] DEBUG o.s.jdbc.datasource.DataSourceUtils - Resetting read-only flag of JDBC Connection [HikariProxyConnection@1073531014 wrapping oracle.jdbc.driver.T4CConnection@328d3a7]
16:23:32.284 [restartedMain] TRACE o.s.c.interceptor.CacheInterceptor - Creating cache entry for key 'SimpleKey []' in cache(s) [sectionsFilter]
16:23:32.284 [restartedMain] INFO  ir.config.SectionCacheWarmup - **************************************************************  cache sections  ***************************************************************
16:23:32.285 [restartedMain] INFO  ir.TicketingSpringSample - **************************************************************Spring Boot Application Started
16:23:32.332 [org.springframework.kafka.KafkaListenerEndpointContainer#0-0-C-1] INFO  o.apache.kafka.clients.NetworkClient - [Consumer clientId=consumer-building-service-updater-1, groupId=building-service-updater] Node -1 disconnected.
16:23:32.334 [org.springframework.kafka.KafkaListenerEndpointContainer#0-0-C-1] WARN  o.apache.kafka.clients.NetworkClient - [Consumer clientId=consumer-building-service-updater-1, groupId=building-service-updater] Connection to node -1 (localhost/127.0.0.1:9092) could not be established. Node may not be available.
16:23:32.334 [org.springframework.kafka.KafkaListenerEndpointContainer#0-0-C-1] WARN  o.apache.kafka.clients.NetworkClient - [Consumer clientId=consumer-building-service-updater-1, groupId=building-service-updater] Bootstrap broker localhost:9092 (id: -1 rack: null) disconnected
16:23:32.450 [org.springframework.kafka.KafkaListenerEndpointContainer#0-0-C-1] INFO  o.apache.kafka.clients.NetworkClient - [Consumer clientId=consumer-building-service-updater-1, groupId=building-service-updater] Node -1 disconnected.
16:23:32.450 [org.springframework.kafka.KafkaListenerEndpointContainer#0-0-C-1] WARN  o.apache.kafka.clients.NetworkClient - [Consumer clientId=consumer-building-service-updater-1, groupId=building-service-updater] Connection to node -1 (localhost/127.0.0.1:9092) could not be established. Node may not be available.
16:23:32.450 [org.springframework.kafka.KafkaListenerEndpointContainer#0-0-C-1] WARN  o.apache.kafka.clients.NetworkClient - [Consumer clientId=consumer-building-service-updater-1, groupId=building-service-updater] Bootstrap broker localhost:9092 (id: -1 rack: null) disconnected
16:23:32.600 [org.springframework.kafka.KafkaListenerEndpointContainer#0-0-C-1] INFO  o.apache.kafka.clients.NetworkClient - [Consumer clientId=consumer-building-service-updater-1, groupId=building-service-updater] Node -1 disconnected.
16:23:32.601 [org.springframework.kafka.KafkaListenerEndpointContainer#0-0-C-1] WARN  o.apache.kafka.clients.NetworkClient - [Consumer clientId=consumer-building-service-updater-1, groupId=building-service-updater] Connection to node -1 (localhost/127.0.0.1:9092) could not be established. Node may not be available.
16:23:32.608 [org.springframework.kafka.KafkaListenerEndpointContainer#0-0-C-1] WARN  o.apache.kafka.clients.NetworkClient - [Consumer clientId=consumer-building-service-updater-1, groupId=building-service-updater] Bootstrap broker localhost:9092 (id: -1 rack: null) disconnected
16:23:32.791 [org.springframework.kafka.KafkaListenerEndpointContainer#0-0-C-1] INFO  o.apache.kafka.clients.NetworkClient - [Consumer clientId=consumer-building-service-updater-1, groupId=building-service-updater] Node -1 disconnected.
16:23:32.791 [org.springframework.kafka.KafkaListenerEndpointContainer#0-0-C-1] WARN  o.apache.kafka.clients.NetworkClient - [Consumer clientId=consumer-building-service-updater-1, groupId=building-service-updater] Connection to node -1 (localhost/127.0.0.1:9092) could not be established. Node may not be available.
16:23:32.792 [org.springframework.kafka.KafkaListenerEndpointContainer#0-0-C-1] WARN  o.apache.kafka.clients.NetworkClient - [Consumer clientId=consumer-building-service-updater-1, groupId=building-service-updater] Bootstrap broker localhost:9092 (id: -1 rack: null) disconnected
16:23:32.797 [RMI TCP Connection(12)-192.168.1.152] INFO  o.a.c.c.C.[Tomcat].[localhost].[/] - Initializing Spring DispatcherServlet 'dispatcherServlet'
16:23:32.797 [RMI TCP Connection(12)-192.168.1.152] INFO  o.s.web.servlet.DispatcherServlet - Initializing Servlet 'dispatcherServlet'
16:23:32.801 [RMI TCP Connection(12)-192.168.1.152] INFO  o.s.web.servlet.DispatcherServlet - Completed initialization in 4 ms
16:23:33.009 [RMI TCP Connection(13)-192.168.1.152] DEBUG o.s.jdbc.datasource.DataSourceUtils - Fetching JDBC Connection from DataSource
16:23:33.104 [RMI TCP Connection(13)-192.168.1.152] DEBUG o.s.jdbc.datasource.DataSourceUtils - Fetching JDBC Connection from DataSource
16:23:33.257 [org.springframework.kafka.KafkaListenerEndpointContainer#0-0-C-1] INFO  o.apache.kafka.clients.NetworkClient - [Consumer clientId=consumer-building-service-updater-1, groupId=building-service-updater] Node -1 disconnected.
16:23:33.257 [org.springframework.kafka.KafkaListenerEndpointContainer#0-0-C-1] WARN  o.apache.kafka.clients.NetworkClient - [Consumer clientId=consumer-building-service-updater-1, groupId=building-service-updater] Connection to node -1 (localhost/127.0.0.1:9092) could not be established. Node may not be available.
16:23:33.257 [org.springframework.kafka.KafkaListenerEndpointContainer#0-0-C-1] WARN  o.apache.kafka.clients.NetworkClient - [Consumer clientId=consumer-building-service-updater-1, groupId=building-service-updater] Bootstrap broker localhost:9092 (id: -1 rack: null) disconnected
16:23:33.482 [boundedElastic-1] WARN  o.s.b.a.d.r.RedisReactiveHealthIndicator - Redis health check failed
org.springframework.data.redis.RedisConnectionFailureException: Unable to connect to Redis
	at org.springframework.data.redis.connection.lettuce.LettuceConnectionFactory$ExceptionTranslatingConnectionProvider.translateException(LettuceConnectionFactory.java:1858)
	at org.springframework.data.redis.connection.lettuce.LettuceConnectionFactory$ExceptionTranslatingConnectionProvider.getConnection(LettuceConnectionFactory.java:1789)
	at org.springframework.data.redis.connection.lettuce.LettuceConnectionFactory$SharedConnection.getNativeConnection(LettuceConnectionFactory.java:1586)
	at org.springframework.data.redis.connection.lettuce.LettuceConnectionFactory$SharedConnection.lambda$getConnection$0(LettuceConnectionFactory.java:1566)
	at org.springframework.data.redis.connection.lettuce.LettuceConnectionFactory.doInLock(LettuceConnectionFactory.java:1527)
	at org.springframework.data.redis.connection.lettuce.LettuceConnectionFactory$SharedConnection.getConnection(LettuceConnectionFactory.java:1563)
	at org.springframework.data.redis.connection.lettuce.LettuceConnectionFactory.getSharedReactiveConnection(LettuceConnectionFactory.java:1274)
	at org.springframework.data.redis.connection.lettuce.LettuceConnectionFactory.getReactiveConnection(LettuceConnectionFactory.java:1149)
	at org.springframework.data.redis.connection.lettuce.LettuceConnectionFactory.getReactiveConnection(LettuceConnectionFactory.java:120)
	at reactor.core.publisher.MonoSupplier.call(MonoSupplier.java:67)
	at reactor.core.publisher.FluxSubscribeOnCallable$CallableSubscribeOnSubscription.run(FluxSubscribeOnCallable.java:228)
	at reactor.core.scheduler.SchedulerTask.call(SchedulerTask.java:68)
	at reactor.core.scheduler.SchedulerTask.call(SchedulerTask.java:28)
	at java.base/java.util.concurrent.FutureTask.run(FutureTask.java:264)
	at java.base/java.util.concurrent.ScheduledThreadPoolExecutor$ScheduledFutureTask.run(ScheduledThreadPoolExecutor.java:304)
	at java.base/java.util.concurrent.ThreadPoolExecutor.runWorker(ThreadPoolExecutor.java:1136)
	at java.base/java.util.concurrent.ThreadPoolExecutor$Worker.run(ThreadPoolExecutor.java:635)
	at java.base/java.lang.Thread.run(Thread.java:842)
Caused by: io.lettuce.core.RedisConnectionException: Unable to connect to localhost/<unresolved>:6379
	at io.lettuce.core.RedisConnectionException.create(RedisConnectionException.java:63)
	at io.lettuce.core.RedisConnectionException.create(RedisConnectionException.java:41)
	at io.lettuce.core.AbstractRedisClient.getConnection(AbstractRedisClient.java:354)
	at io.lettuce.core.RedisClient.connect(RedisClient.java:219)
	at org.springframework.data.redis.connection.lettuce.StandaloneConnectionProvider.lambda$getConnection$1(StandaloneConnectionProvider.java:112)
	at java.base/java.util.Optional.orElseGet(Optional.java:364)
	at org.springframework.data.redis.connection.lettuce.StandaloneConnectionProvider.getConnection(StandaloneConnectionProvider.java:112)
	at org.springframework.data.redis.connection.lettuce.LettuceConnectionFactory$ExceptionTranslatingConnectionProvider.getConnection(LettuceConnectionFactory.java:1787)
	... 16 common frames omitted
Caused by: io.netty.channel.AbstractChannel$AnnotatedConnectException: Connection refused: no further information: localhost/127.0.0.1:6379
Caused by: java.net.ConnectException: Connection refused: no further information
	at java.base/sun.nio.ch.Net.pollConnect(Native Method)
	at java.base/sun.nio.ch.Net.pollConnectNow(Net.java:672)
	at java.base/sun.nio.ch.SocketChannelImpl.finishConnect(SocketChannelImpl.java:946)
	at io.netty.channel.socket.nio.NioSocketChannel.doFinishConnect(NioSocketChannel.java:336)
	at io.netty.channel.nio.AbstractNioChannel$AbstractNioUnsafe.finishConnect(AbstractNioChannel.java:339)
	at io.netty.channel.nio.NioEventLoop.processSelectedKey(NioEventLoop.java:784)
	at io.netty.channel.nio.NioEventLoop.processSelectedKeysOptimized(NioEventLoop.java:732)
	at io.netty.channel.nio.NioEventLoop.processSelectedKeys(NioEventLoop.java:658)
	at io.netty.channel.nio.NioEventLoop.run(NioEventLoop.java:562)
	at io.netty.util.concurrent.SingleThreadEventExecutor$4.run(SingleThreadEventExecutor.java:998)
	at io.netty.util.internal.ThreadExecutorMap$2.run(ThreadExecutorMap.java:74)
	at io.netty.util.concurrent.FastThreadLocalRunnable.run(FastThreadLocalRunnable.java:30)
	at java.base/java.lang.Thread.run(Thread.java:842)
16:23:34.074 [org.springframework.kafka.KafkaListenerEndpointContainer#0-0-C-1] INFO  o.apache.kafka.clients.NetworkClient - [Consumer clientId=consumer-building-service-updater-1, groupId=building-service-updater] Node -1 disconnected.
16:23:34.074 [org.springframework.kafka.KafkaListenerEndpointContainer#0-0-C-1] WARN  o.apache.kafka.clients.NetworkClient - [Consumer clientId=consumer-building-service-updater-1, groupId=building-service-updater] Connection to node -1 (localhost/127.0.0.1:9092) could not be established. Node may not be available.
16:23:34.074 [org.springframework.kafka.KafkaListenerEndpointContainer#0-0-C-1] WARN  o.apache.kafka.clients.NetworkClient - [Consumer clientId=consumer-building-service-updater-1, groupId=building-service-updater] Bootstrap broker localhost:9092 (id: -1 rack: null) disconnected
16:23:35.111 [org.springframework.kafka.KafkaListenerEndpointContainer#0-0-C-1] INFO  o.apache.kafka.clients.NetworkClient - [Consumer clientId=consumer-building-service-updater-1, groupId=building-service-updater] Node -1 disconnected.
16:23:35.111 [org.springframework.kafka.KafkaListenerEndpointContainer#0-0-C-1] WARN  o.apache.kafka.clients.NetworkClient - [Consumer clientId=consumer-building-service-updater-1, groupId=building-service-updater] Connection to node -1 (localhost/127.0.0.1:9092) could not be established. Node may not be available.
16:23:35.111 [org.springframework.kafka.KafkaListenerEndpointContainer#0-0-C-1] WARN  o.apache.kafka.clients.NetworkClient - [Consumer clientId=consumer-building-service-updater-1, groupId=building-service-updater] Bootstrap broker localhost:9092 (id: -1 rack: null) disconnected
16:23:35.971 [org.springframework.kafka.KafkaListenerEndpointContainer#0-0-C-1] INFO  o.apache.kafka.clients.NetworkClient - [Consumer clientId=consumer-building-service-updater-1, groupId=building-service-updater] Node -1 disconnected.
16:23:35.971 [org.springframework.kafka.KafkaListenerEndpointContainer#0-0-C-1] WARN  o.apache.kafka.clients.NetworkClient - [Consumer clientId=consumer-building-service-updater-1, groupId=building-service-updater] Connection to node -1 (localhost/127.0.0.1:9092) could not be established. Node may not be available.
16:23:35.971 [org.springframework.kafka.KafkaListenerEndpointContainer#0-0-C-1] WARN  o.apache.kafka.clients.NetworkClient - [Consumer clientId=consumer-building-service-updater-1, groupId=building-service-updater] Bootstrap broker localhost:9092 (id: -1 rack: null) disconnected
16:23:36.972 [org.springframework.kafka.KafkaListenerEndpointContainer#0-0-C-1] INFO  o.apache.kafka.clients.NetworkClient - [Consumer clientId=consumer-building-service-updater-1, groupId=building-service-updater] Node -1 disconnected.
16:23:36.972 [org.springframework.kafka.KafkaListenerEndpointContainer#0-0-C-1] WARN  o.apache.kafka.clients.NetworkClient - [Consumer clientId=consumer-building-service-updater-1, groupId=building-service-updater] Connection to node -1 (localhost/127.0.0.1:9092) could not be established. Node may not be available.
16:23:36.972 [org.springframework.kafka.KafkaListenerEndpointContainer#0-0-C-1] WARN  o.apache.kafka.clients.NetworkClient - [Consumer clientId=consumer-building-service-updater-1, groupId=building-service-updater] Bootstrap broker localhost:9092 (id: -1 rack: null) disconnected
16:23:37.973 [org.springframework.kafka.KafkaListenerEndpointContainer#0-0-C-1] INFO  o.apache.kafka.clients.NetworkClient - [Consumer clientId=consumer-building-service-updater-1, groupId=building-service-updater] Node -1 disconnected.
16:23:37.973 [org.springframework.kafka.KafkaListenerEndpointContainer#0-0-C-1] WARN  o.apache.kafka.clients.NetworkClient - [Consumer clientId=consumer-building-service-updater-1, groupId=building-service-updater] Connection to node -1 (localhost/127.0.0.1:9092) could not be established. Node may not be available.
16:23:37.973 [org.springframework.kafka.KafkaListenerEndpointContainer#0-0-C-1] WARN  o.apache.kafka.clients.NetworkClient - [Consumer clientId=consumer-building-service-updater-1, groupId=building-service-updater] Bootstrap broker localhost:9092 (id: -1 rack: null) disconnected
16:23:38.986 [org.springframework.kafka.KafkaListenerEndpointContainer#0-0-C-1] INFO  o.apache.kafka.clients.NetworkClient - [Consumer clientId=consumer-building-service-updater-1, groupId=building-service-updater] Node -1 disconnected.
16:23:38.986 [org.springframework.kafka.KafkaListenerEndpointContainer#0-0-C-1] WARN  o.apache.kafka.clients.NetworkClient - [Consumer clientId=consumer-building-service-updater-1, groupId=building-service-updater] Connection to node -1 (localhost/127.0.0.1:9092) could not be established. Node may not be available.
16:23:38.986 [org.springframework.kafka.KafkaListenerEndpointContainer#0-0-C-1] WARN  o.apache.kafka.clients.NetworkClient - [Consumer clientId=consumer-building-service-updater-1, groupId=building-service-updater] Bootstrap broker localhost:9092 (id: -1 rack: null) disconnected
16:23:39.982 [org.springframework.kafka.KafkaListenerEndpointContainer#0-0-C-1] INFO  o.apache.kafka.clients.NetworkClient - [Consumer clientId=consumer-building-service-updater-1, groupId=building-service-updater] Node -1 disconnected.
16:23:39.983 [org.springframework.kafka.KafkaListenerEndpointContainer#0-0-C-1] WARN  o.apache.kafka.clients.NetworkClient - [Consumer clientId=consumer-building-service-updater-1, groupId=building-service-updater] Connection to node -1 (localhost/127.0.0.1:9092) could not be established. Node may not be available.
16:23:39.983 [org.springframework.kafka.KafkaListenerEndpointContainer#0-0-C-1] WARN  o.apache.kafka.clients.NetworkClient - [Consumer clientId=consumer-building-service-updater-1, groupId=building-service-updater] Bootstrap broker localhost:9092 (id: -1 rack: null) disconnected
16:23:40.987 [org.springframework.kafka.KafkaListenerEndpointContainer#0-0-C-1] INFO  o.apache.kafka.clients.NetworkClient - [Consumer clientId=consumer-building-service-updater-1, groupId=building-service-updater] Node -1 disconnected.
16:23:40.987 [org.springframework.kafka.KafkaListenerEndpointContainer#0-0-C-1] WARN  o.apache.kafka.clients.NetworkClient - [Consumer clientId=consumer-building-service-updater-1, groupId=building-service-updater] Connection to node -1 (localhost/127.0.0.1:9092) could not be established. Node may not be available.
16:23:40.987 [org.springframework.kafka.KafkaListenerEndpointContainer#0-0-C-1] WARN  o.apache.kafka.clients.NetworkClient - [Consumer clientId=consumer-building-service-updater-1, groupId=building-service-updater] Bootstrap broker localhost:9092 (id: -1 rack: null) disconnected
16:23:41.988 [org.springframework.kafka.KafkaListenerEndpointContainer#0-0-C-1] INFO  o.apache.kafka.clients.NetworkClient - [Consumer clientId=consumer-building-service-updater-1, groupId=building-service-updater] Node -1 disconnected.
16:23:41.988 [org.springframework.kafka.KafkaListenerEndpointContainer#0-0-C-1] WARN  o.apache.kafka.clients.NetworkClient - [Consumer clientId=consumer-building-service-updater-1, groupId=building-service-updater] Connection to node -1 (localhost/127.0.0.1:9092) could not be established. Node may not be available.
16:23:41.988 [org.springframework.kafka.KafkaListenerEndpointContainer#0-0-C-1] WARN  o.apache.kafka.clients.NetworkClient - [Consumer clientId=consumer-building-service-updater-1, groupId=building-service-updater] Bootstrap broker localhost:9092 (id: -1 rack: null) disconnected
16:23:42.893 [org.springframework.kafka.KafkaListenerEndpointContainer#0-0-C-1] INFO  o.apache.kafka.clients.NetworkClient - [Consumer clientId=consumer-building-service-updater-1, groupId=building-service-updater] Node -1 disconnected.
16:23:42.893 [org.springframework.kafka.KafkaListenerEndpointContainer#0-0-C-1] WARN  o.apache.kafka.clients.NetworkClient - [Consumer clientId=consumer-building-service-updater-1, groupId=building-service-updater] Connection to node -1 (localhost/127.0.0.1:9092) could not be established. Node may not be available.
16:23:42.893 [org.springframework.kafka.KafkaListenerEndpointContainer#0-0-C-1] WARN  o.apache.kafka.clients.NetworkClient - [Consumer clientId=consumer-building-service-updater-1, groupId=building-service-updater] Bootstrap broker localhost:9092 (id: -1 rack: null) disconnected
16:23:43.932 [org.springframework.kafka.KafkaListenerEndpointContainer#0-0-C-1] INFO  o.apache.kafka.clients.NetworkClient - [Consumer clientId=consumer-building-service-updater-1, groupId=building-service-updater] Node -1 disconnected.
16:23:43.932 [org.springframework.kafka.KafkaListenerEndpointContainer#0-0-C-1] WARN  o.apache.kafka.clients.NetworkClient - [Consumer clientId=consumer-building-service-updater-1, groupId=building-service-updater] Connection to node -1 (localhost/127.0.0.1:9092) could not be established. Node may not be available.
16:23:43.932 [org.springframework.kafka.KafkaListenerEndpointContainer#0-0-C-1] WARN  o.apache.kafka.clients.NetworkClient - [Consumer clientId=consumer-building-service-updater-1, groupId=building-service-updater] Bootstrap broker localhost:9092 (id: -1 rack: null) disconnected
16:23:44.944 [org.springframework.kafka.KafkaListenerEndpointContainer#0-0-C-1] INFO  o.apache.kafka.clients.NetworkClient - [Consumer clientId=consumer-building-service-updater-1, groupId=building-service-updater] Node -1 disconnected.
16:23:44.944 [org.springframework.kafka.KafkaListenerEndpointContainer#0-0-C-1] WARN  o.apache.kafka.clients.NetworkClient - [Consumer clientId=consumer-building-service-updater-1, groupId=building-service-updater] Connection to node -1 (localhost/127.0.0.1:9092) could not be established. Node may not be available.
16:23:44.944 [org.springframework.kafka.KafkaListenerEndpointContainer#0-0-C-1] WARN  o.apache.kafka.clients.NetworkClient - [Consumer clientId=consumer-building-service-updater-1, groupId=building-service-updater] Bootstrap broker localhost:9092 (id: -1 rack: null) disconnected
16:23:45.995 [org.springframework.kafka.KafkaListenerEndpointContainer#0-0-C-1] INFO  o.apache.kafka.clients.NetworkClient - [Consumer clientId=consumer-building-service-updater-1, groupId=building-service-updater] Node -1 disconnected.
16:23:45.995 [org.springframework.kafka.KafkaListenerEndpointContainer#0-0-C-1] WARN  o.apache.kafka.clients.NetworkClient - [Consumer clientId=consumer-building-service-updater-1, groupId=building-service-updater] Connection to node -1 (localhost/127.0.0.1:9092) could not be established. Node may not be available.
16:23:45.995 [org.springframework.kafka.KafkaListenerEndpointContainer#0-0-C-1] WARN  o.apache.kafka.clients.NetworkClient - [Consumer clientId=consumer-building-service-updater-1, groupId=building-service-updater] Bootstrap broker localhost:9092 (id: -1 rack: null) disconnected
16:23:46.995 [org.springframework.kafka.KafkaListenerEndpointContainer#0-0-C-1] INFO  o.apache.kafka.clients.NetworkClient - [Consumer clientId=consumer-building-service-updater-1, groupId=building-service-updater] Node -1 disconnected.
16:23:46.995 [org.springframework.kafka.KafkaListenerEndpointContainer#0-0-C-1] WARN  o.apache.kafka.clients.NetworkClient - [Consumer clientId=consumer-building-service-updater-1, groupId=building-service-updater] Connection to node -1 (localhost/127.0.0.1:9092) could not be established. Node may not be available.
16:23:46.995 [org.springframework.kafka.KafkaListenerEndpointContainer#0-0-C-1] WARN  o.apache.kafka.clients.NetworkClient - [Consumer clientId=consumer-building-service-updater-1, groupId=building-service-updater] Bootstrap broker localhost:9092 (id: -1 rack: null) disconnected
16:23:48.042 [org.springframework.kafka.KafkaListenerEndpointContainer#0-0-C-1] INFO  o.apache.kafka.clients.NetworkClient - [Consumer clientId=consumer-building-service-updater-1, groupId=building-service-updater] Node -1 disconnected.
16:23:48.042 [org.springframework.kafka.KafkaListenerEndpointContainer#0-0-C-1] WARN  o.apache.kafka.clients.NetworkClient - [Consumer clientId=consumer-building-service-updater-1, groupId=building-service-updater] Connection to node -1 (localhost/127.0.0.1:9092) could not be established. Node may not be available.
16:23:48.042 [org.springframework.kafka.KafkaListenerEndpointContainer#0-0-C-1] WARN  o.apache.kafka.clients.NetworkClient - [Consumer clientId=consumer-building-service-updater-1, groupId=building-service-updater] Bootstrap broker localhost:9092 (id: -1 rack: null) disconnected
16:23:48.870 [org.springframework.kafka.KafkaListenerEndpointContainer#0-0-C-1] INFO  o.apache.kafka.clients.NetworkClient - [Consumer clientId=consumer-building-service-updater-1, groupId=building-service-updater] Node -1 disconnected.
16:23:48.870 [org.springframework.kafka.KafkaListenerEndpointContainer#0-0-C-1] WARN  o.apache.kafka.clients.NetworkClient - [Consumer clientId=consumer-building-service-updater-1, groupId=building-service-updater] Connection to node -1 (localhost/127.0.0.1:9092) could not be established. Node may not be available.
16:23:48.870 [org.springframework.kafka.KafkaListenerEndpointContainer#0-0-C-1] WARN  o.apache.kafka.clients.NetworkClient - [Consumer clientId=consumer-building-service-updater-1, groupId=building-service-updater] Bootstrap broker localhost:9092 (id: -1 rack: null) disconnected
16:23:49.870 [org.springframework.kafka.KafkaListenerEndpointContainer#0-0-C-1] INFO  o.apache.kafka.clients.NetworkClient - [Consumer clientId=consumer-building-service-updater-1, groupId=building-service-updater] Node -1 disconnected.
16:23:49.871 [org.springframework.kafka.KafkaListenerEndpointContainer#0-0-C-1] WARN  o.apache.kafka.clients.NetworkClient - [Consumer clientId=consumer-building-service-updater-1, groupId=building-service-updater] Connection to node -1 (localhost/127.0.0.1:9092) could not be established. Node may not be available.
16:23:49.871 [org.springframework.kafka.KafkaListenerEndpointContainer#0-0-C-1] WARN  o.apache.kafka.clients.NetworkClient - [Consumer clientId=consumer-building-service-updater-1, groupId=building-service-updater] Bootstrap broker localhost:9092 (id: -1 rack: null) disconnected
16:23:50.782 [org.springframework.kafka.KafkaListenerEndpointContainer#0-0-C-1] INFO  o.apache.kafka.clients.NetworkClient - [Consumer clientId=consumer-building-service-updater-1, groupId=building-service-updater] Node -1 disconnected.
16:23:50.782 [org.springframework.kafka.KafkaListenerEndpointContainer#0-0-C-1] WARN  o.apache.kafka.clients.NetworkClient - [Consumer clientId=consumer-building-service-updater-1, groupId=building-service-updater] Connection to node -1 (localhost/127.0.0.1:9092) could not be established. Node may not be available.
16:23:50.782 [org.springframework.kafka.KafkaListenerEndpointContainer#0-0-C-1] WARN  o.apache.kafka.clients.NetworkClient - [Consumer clientId=consumer-building-service-updater-1, groupId=building-service-updater] Bootstrap broker localhost:9092 (id: -1 rack: null) disconnected
16:23:51.783 [org.springframework.kafka.KafkaListenerEndpointContainer#0-0-C-1] INFO  o.apache.kafka.clients.NetworkClient - [Consumer clientId=consumer-building-service-updater-1, groupId=building-service-updater] Node -1 disconnected.
16:23:51.783 [org.springframework.kafka.KafkaListenerEndpointContainer#0-0-C-1] WARN  o.apache.kafka.clients.NetworkClient - [Consumer clientId=consumer-building-service-updater-1, groupId=building-service-updater] Connection to node -1 (localhost/127.0.0.1:9092) could not be established. Node may not be available.
16:23:51.783 [org.springframework.kafka.KafkaListenerEndpointContainer#0-0-C-1] WARN  o.apache.kafka.clients.NetworkClient - [Consumer clientId=consumer-building-service-updater-1, groupId=building-service-updater] Bootstrap broker localhost:9092 (id: -1 rack: null) disconnected
16:23:52.797 [org.springframework.kafka.KafkaListenerEndpointContainer#0-0-C-1] INFO  o.apache.kafka.clients.NetworkClient - [Consumer clientId=consumer-building-service-updater-1, groupId=building-service-updater] Node -1 disconnected.
16:23:52.797 [org.springframework.kafka.KafkaListenerEndpointContainer#0-0-C-1] WARN  o.apache.kafka.clients.NetworkClient - [Consumer clientId=consumer-building-service-updater-1, groupId=building-service-updater] Connection to node -1 (localhost/127.0.0.1:9092) could not be established. Node may not be available.
16:23:52.797 [org.springframework.kafka.KafkaListenerEndpointContainer#0-0-C-1] WARN  o.apache.kafka.clients.NetworkClient - [Consumer clientId=consumer-building-service-updater-1, groupId=building-service-updater] Bootstrap broker localhost:9092 (id: -1 rack: null) disconnected
16:23:53.774 [org.springframework.kafka.KafkaListenerEndpointContainer#0-0-C-1] INFO  o.apache.kafka.clients.NetworkClient - [Consumer clientId=consumer-building-service-updater-1, groupId=building-service-updater] Node -1 disconnected.
16:23:53.774 [org.springframework.kafka.KafkaListenerEndpointContainer#0-0-C-1] WARN  o.apache.kafka.clients.NetworkClient - [Consumer clientId=consumer-building-service-updater-1, groupId=building-service-updater] Connection to node -1 (localhost/127.0.0.1:9092) could not be established. Node may not be available.
16:23:53.774 [org.springframework.kafka.KafkaListenerEndpointContainer#0-0-C-1] WARN  o.apache.kafka.clients.NetworkClient - [Consumer clientId=consumer-building-service-updater-1, groupId=building-service-updater] Bootstrap broker localhost:9092 (id: -1 rack: null) disconnected
16:23:54.809 [org.springframework.kafka.KafkaListenerEndpointContainer#0-0-C-1] INFO  o.apache.kafka.clients.NetworkClient - [Consumer clientId=consumer-building-service-updater-1, groupId=building-service-updater] Node -1 disconnected.
16:23:54.809 [org.springframework.kafka.KafkaListenerEndpointContainer#0-0-C-1] WARN  o.apache.kafka.clients.NetworkClient - [Consumer clientId=consumer-building-service-updater-1, groupId=building-service-updater] Connection to node -1 (localhost/127.0.0.1:9092) could not be established. Node may not be available.
16:23:54.809 [org.springframework.kafka.KafkaListenerEndpointContainer#0-0-C-1] WARN  o.apache.kafka.clients.NetworkClient - [Consumer clientId=consumer-building-service-updater-1, groupId=building-service-updater] Bootstrap broker localhost:9092 (id: -1 rack: null) disconnected
16:23:55.810 [org.springframework.kafka.KafkaListenerEndpointContainer#0-0-C-1] INFO  o.apache.kafka.clients.NetworkClient - [Consumer clientId=consumer-building-service-updater-1, groupId=building-service-updater] Node -1 disconnected.
16:23:55.810 [org.springframework.kafka.KafkaListenerEndpointContainer#0-0-C-1] WARN  o.apache.kafka.clients.NetworkClient - [Consumer clientId=consumer-building-service-updater-1, groupId=building-service-updater] Connection to node -1 (localhost/127.0.0.1:9092) could not be established. Node may not be available.
16:23:55.810 [org.springframework.kafka.KafkaListenerEndpointContainer#0-0-C-1] WARN  o.apache.kafka.clients.NetworkClient - [Consumer clientId=consumer-building-service-updater-1, groupId=building-service-updater] Bootstrap broker localhost:9092 (id: -1 rack: null) disconnected
16:23:56.811 [org.springframework.kafka.KafkaListenerEndpointContainer#0-0-C-1] INFO  o.apache.kafka.clients.NetworkClient - [Consumer clientId=consumer-building-service-updater-1, groupId=building-service-updater] Node -1 disconnected.
16:23:56.811 [org.springframework.kafka.KafkaListenerEndpointContainer#0-0-C-1] WARN  o.apache.kafka.clients.NetworkClient - [Consumer clientId=consumer-building-service-updater-1, groupId=building-service-updater] Connection to node -1 (localhost/127.0.0.1:9092) could not be established. Node may not be available.
16:23:56.811 [org.springframework.kafka.KafkaListenerEndpointContainer#0-0-C-1] WARN  o.apache.kafka.clients.NetworkClient - [Consumer clientId=consumer-building-service-updater-1, groupId=building-service-updater] Bootstrap broker localhost:9092 (id: -1 rack: null) disconnected
16:23:57.818 [org.springframework.kafka.KafkaListenerEndpointContainer#0-0-C-1] INFO  o.apache.kafka.clients.NetworkClient - [Consumer clientId=consumer-building-service-updater-1, groupId=building-service-updater] Node -1 disconnected.
16:23:57.818 [org.springframework.kafka.KafkaListenerEndpointContainer#0-0-C-1] WARN  o.apache.kafka.clients.NetworkClient - [Consumer clientId=consumer-building-service-updater-1, groupId=building-service-updater] Connection to node -1 (localhost/127.0.0.1:9092) could not be established. Node may not be available.
16:23:57.818 [org.springframework.kafka.KafkaListenerEndpointContainer#0-0-C-1] WARN  o.apache.kafka.clients.NetworkClient - [Consumer clientId=consumer-building-service-updater-1, groupId=building-service-updater] Bootstrap broker localhost:9092 (id: -1 rack: null) disconnected
16:23:58.832 [org.springframework.kafka.KafkaListenerEndpointContainer#0-0-C-1] INFO  o.apache.kafka.clients.NetworkClient - [Consumer clientId=consumer-building-service-updater-1, groupId=building-service-updater] Node -1 disconnected.
16:23:58.832 [org.springframework.kafka.KafkaListenerEndpointContainer#0-0-C-1] WARN  o.apache.kafka.clients.NetworkClient - [Consumer clientId=consumer-building-service-updater-1, groupId=building-service-updater] Connection to node -1 (localhost/127.0.0.1:9092) could not be established. Node may not be available.
16:23:58.832 [org.springframework.kafka.KafkaListenerEndpointContainer#0-0-C-1] WARN  o.apache.kafka.clients.NetworkClient - [Consumer clientId=consumer-building-service-updater-1, groupId=building-service-updater] Bootstrap broker localhost:9092 (id: -1 rack: null) disconnected
16:23:59.846 [org.springframework.kafka.KafkaListenerEndpointContainer#0-0-C-1] INFO  o.apache.kafka.clients.NetworkClient - [Consumer clientId=consumer-building-service-updater-1, groupId=building-service-updater] Node -1 disconnected.
16:23:59.846 [org.springframework.kafka.KafkaListenerEndpointContainer#0-0-C-1] WARN  o.apache.kafka.clients.NetworkClient - [Consumer clientId=consumer-building-service-updater-1, groupId=building-service-updater] Connection to node -1 (localhost/127.0.0.1:9092) could not be established. Node may not be available.
16:23:59.846 [org.springframework.kafka.KafkaListenerEndpointContainer#0-0-C-1] WARN  o.apache.kafka.clients.NetworkClient - [Consumer clientId=consumer-building-service-updater-1, groupId=building-service-updater] Bootstrap broker localhost:9092 (id: -1 rack: null) disconnected
16:24:00.888 [org.springframework.kafka.KafkaListenerEndpointContainer#0-0-C-1] INFO  o.apache.kafka.clients.NetworkClient - [Consumer clientId=consumer-building-service-updater-1, groupId=building-service-updater] Node -1 disconnected.
16:24:00.888 [org.springframework.kafka.KafkaListenerEndpointContainer#0-0-C-1] WARN  o.apache.kafka.clients.NetworkClient - [Consumer clientId=consumer-building-service-updater-1, groupId=building-service-updater] Connection to node -1 (localhost/127.0.0.1:9092) could not be established. Node may not be available.
16:24:00.888 [org.springframework.kafka.KafkaListenerEndpointContainer#0-0-C-1] WARN  o.apache.kafka.clients.NetworkClient - [Consumer clientId=consumer-building-service-updater-1, groupId=building-service-updater] Bootstrap broker localhost:9092 (id: -1 rack: null) disconnected
16:24:01.745 [org.springframework.kafka.KafkaListenerEndpointContainer#0-0-C-1] INFO  o.apache.kafka.clients.NetworkClient - [Consumer clientId=consumer-building-service-updater-1, groupId=building-service-updater] Node -1 disconnected.
16:24:01.745 [org.springframework.kafka.KafkaListenerEndpointContainer#0-0-C-1] WARN  o.apache.kafka.clients.NetworkClient - [Consumer clientId=consumer-building-service-updater-1, groupId=building-service-updater] Connection to node -1 (localhost/127.0.0.1:9092) could not be established. Node may not be available.
16:24:01.745 [org.springframework.kafka.KafkaListenerEndpointContainer#0-0-C-1] WARN  o.apache.kafka.clients.NetworkClient - [Consumer clientId=consumer-building-service-updater-1, groupId=building-service-updater] Bootstrap broker localhost:9092 (id: -1 rack: null) disconnected
16:24:02.788 [org.springframework.kafka.KafkaListenerEndpointContainer#0-0-C-1] INFO  o.apache.kafka.clients.NetworkClient - [Consumer clientId=consumer-building-service-updater-1, groupId=building-service-updater] Node -1 disconnected.
16:24:02.788 [org.springframework.kafka.KafkaListenerEndpointContainer#0-0-C-1] WARN  o.apache.kafka.clients.NetworkClient - [Consumer clientId=consumer-building-service-updater-1, groupId=building-service-updater] Connection to node -1 (localhost/127.0.0.1:9092) could not be established. Node may not be available.
16:24:02.788 [org.springframework.kafka.KafkaListenerEndpointContainer#0-0-C-1] WARN  o.apache.kafka.clients.NetworkClient - [Consumer clientId=consumer-building-service-updater-1, groupId=building-service-updater] Bootstrap broker localhost:9092 (id: -1 rack: null) disconnected
16:24:03.791 [org.springframework.kafka.KafkaListenerEndpointContainer#0-0-C-1] INFO  o.apache.kafka.clients.NetworkClient - [Consumer clientId=consumer-building-service-updater-1, groupId=building-service-updater] Node -1 disconnected.
16:24:03.791 [org.springframework.kafka.KafkaListenerEndpointContainer#0-0-C-1] WARN  o.apache.kafka.clients.NetworkClient - [Consumer clientId=consumer-building-service-updater-1, groupId=building-service-updater] Connection to node -1 (localhost/127.0.0.1:9092) could not be established. Node may not be available.
16:24:03.792 [org.springframework.kafka.KafkaListenerEndpointContainer#0-0-C-1] WARN  o.apache.kafka.clients.NetworkClient - [Consumer clientId=consumer-building-service-updater-1, groupId=building-service-updater] Bootstrap broker localhost:9092 (id: -1 rack: null) disconnected
16:24:04.799 [org.springframework.kafka.KafkaListenerEndpointContainer#0-0-C-1] INFO  o.apache.kafka.clients.NetworkClient - [Consumer clientId=consumer-building-service-updater-1, groupId=building-service-updater] Node -1 disconnected.
16:24:04.799 [org.springframework.kafka.KafkaListenerEndpointContainer#0-0-C-1] WARN  o.apache.kafka.clients.NetworkClient - [Consumer clientId=consumer-building-service-updater-1, groupId=building-service-updater] Connection to node -1 (localhost/127.0.0.1:9092) could not be established. Node may not be available.
16:24:04.799 [org.springframework.kafka.KafkaListenerEndpointContainer#0-0-C-1] WARN  o.apache.kafka.clients.NetworkClient - [Consumer clientId=consumer-building-service-updater-1, groupId=building-service-updater] Bootstrap broker localhost:9092 (id: -1 rack: null) disconnected
16:24:05.799 [org.springframework.kafka.KafkaListenerEndpointContainer#0-0-C-1] INFO  o.apache.kafka.clients.NetworkClient - [Consumer clientId=consumer-building-service-updater-1, groupId=building-service-updater] Node -1 disconnected.
16:24:05.799 [org.springframework.kafka.KafkaListenerEndpointContainer#0-0-C-1] WARN  o.apache.kafka.clients.NetworkClient - [Consumer clientId=consumer-building-service-updater-1, groupId=building-service-updater] Connection to node -1 (localhost/127.0.0.1:9092) could not be established. Node may not be available.
16:24:05.799 [org.springframework.kafka.KafkaListenerEndpointContainer#0-0-C-1] WARN  o.apache.kafka.clients.NetworkClient - [Consumer clientId=consumer-building-service-updater-1, groupId=building-service-updater] Bootstrap broker localhost:9092 (id: -1 rack: null) disconnected
16:24:06.816 [org.springframework.kafka.KafkaListenerEndpointContainer#0-0-C-1] INFO  o.apache.kafka.clients.NetworkClient - [Consumer clientId=consumer-building-service-updater-1, groupId=building-service-updater] Node -1 disconnected.
16:24:06.816 [org.springframework.kafka.KafkaListenerEndpointContainer#0-0-C-1] WARN  o.apache.kafka.clients.NetworkClient - [Consumer clientId=consumer-building-service-updater-1, groupId=building-service-updater] Connection to node -1 (localhost/127.0.0.1:9092) could not be established. Node may not be available.
16:24:06.816 [org.springframework.kafka.KafkaListenerEndpointContainer#0-0-C-1] WARN  o.apache.kafka.clients.NetworkClient - [Consumer clientId=consumer-building-service-updater-1, groupId=building-service-updater] Bootstrap broker localhost:9092 (id: -1 rack: null) disconnected
16:24:07.385 [https-jsse-nio-8443-exec-7] DEBUG o.s.security.web.FilterChainProxy - Securing GET /roles
16:24:07.389 [https-jsse-nio-8443-exec-7] DEBUG o.s.s.w.a.c.ChannelProcessingFilter - Request: filter invocation [GET /roles]; ConfigAttributes: [REQUIRES_SECURE_CHANNEL]
16:24:07.396 [https-jsse-nio-8443-exec-7] DEBUG o.s.s.w.a.AnonymousAuthenticationFilter - Set SecurityContextHolder to anonymous SecurityContext
16:24:07.442 [https-jsse-nio-8443-exec-7] DEBUG o.s.s.w.s.HttpSessionRequestCache - Saved request https://localhost:8443/roles?continue to session
16:24:07.442 [https-jsse-nio-8443-exec-7] DEBUG o.s.s.web.DefaultRedirectStrategy - Redirecting to https://localhost:8443/login
16:24:07.448 [https-jsse-nio-8443-exec-2] DEBUG o.s.security.web.FilterChainProxy - Securing GET /login
16:24:07.448 [https-jsse-nio-8443-exec-2] DEBUG o.s.s.w.a.c.ChannelProcessingFilter - Request: filter invocation [GET /login]; ConfigAttributes: [REQUIRES_SECURE_CHANNEL]
16:24:07.448 [https-jsse-nio-8443-exec-2] DEBUG o.s.s.w.a.AnonymousAuthenticationFilter - Set SecurityContextHolder to anonymous SecurityContext
16:24:07.450 [https-jsse-nio-8443-exec-2] DEBUG o.s.security.web.FilterChainProxy - Secured GET /login
16:24:07.645 [https-jsse-nio-8443-exec-1] DEBUG o.s.security.web.FilterChainProxy - Securing GET /roles
16:24:07.645 [https-jsse-nio-8443-exec-1] DEBUG o.s.s.w.a.c.ChannelProcessingFilter - Request: filter invocation [GET /roles]; ConfigAttributes: [REQUIRES_SECURE_CHANNEL]
16:24:07.646 [https-jsse-nio-8443-exec-1] DEBUG o.s.s.w.a.AnonymousAuthenticationFilter - Set SecurityContextHolder to anonymous SecurityContext
16:24:07.647 [https-jsse-nio-8443-exec-1] DEBUG o.s.s.w.s.HttpSessionRequestCache - Saved request https://localhost:8443/roles?continue to session
16:24:07.647 [https-jsse-nio-8443-exec-1] DEBUG o.s.s.web.DefaultRedirectStrategy - Redirecting to https://localhost:8443/login
16:24:07.652 [https-jsse-nio-8443-exec-9] DEBUG o.s.security.web.FilterChainProxy - Securing GET /login
16:24:07.652 [https-jsse-nio-8443-exec-9] DEBUG o.s.s.w.a.c.ChannelProcessingFilter - Request: filter invocation [GET /login]; ConfigAttributes: [REQUIRES_SECURE_CHANNEL]
16:24:07.653 [https-jsse-nio-8443-exec-9] DEBUG o.s.s.w.a.AnonymousAuthenticationFilter - Set SecurityContextHolder to anonymous SecurityContext
16:24:07.653 [https-jsse-nio-8443-exec-9] DEBUG o.s.security.web.FilterChainProxy - Secured GET /login
16:24:07.689 [https-jsse-nio-8443-exec-4] DEBUG o.s.security.web.FilterChainProxy - Securing GET /favicon.ico
16:24:07.689 [https-jsse-nio-8443-exec-4] DEBUG o.s.s.w.a.c.ChannelProcessingFilter - Request: filter invocation [GET /favicon.ico]; ConfigAttributes: [REQUIRES_SECURE_CHANNEL]
16:24:07.689 [https-jsse-nio-8443-exec-4] DEBUG o.s.s.w.a.AnonymousAuthenticationFilter - Set SecurityContextHolder to anonymous SecurityContext
16:24:07.690 [https-jsse-nio-8443-exec-4] DEBUG o.s.security.web.FilterChainProxy - Secured GET /favicon.ico
16:24:07.700 [https-jsse-nio-8443-exec-4] DEBUG o.s.security.web.FilterChainProxy - Securing GET /error
16:24:07.700 [https-jsse-nio-8443-exec-4] DEBUG o.s.s.w.a.c.ChannelProcessingFilter - Request: filter invocation [GET /error]; ConfigAttributes: [REQUIRES_SECURE_CHANNEL]
16:24:07.700 [https-jsse-nio-8443-exec-4] DEBUG o.s.s.w.a.AnonymousAuthenticationFilter - Set SecurityContextHolder to anonymous SecurityContext
16:24:07.701 [https-jsse-nio-8443-exec-4] DEBUG o.s.s.w.s.HttpSessionRequestCache - Saved request https://localhost:8443/error?continue to session
16:24:07.701 [https-jsse-nio-8443-exec-4] DEBUG o.s.s.web.DefaultRedirectStrategy - Redirecting to https://localhost:8443/login
16:24:07.704 [https-jsse-nio-8443-exec-6] DEBUG o.s.security.web.FilterChainProxy - Securing GET /login
16:24:07.704 [https-jsse-nio-8443-exec-6] DEBUG o.s.s.w.a.c.ChannelProcessingFilter - Request: filter invocation [GET /login]; ConfigAttributes: [REQUIRES_SECURE_CHANNEL]
16:24:07.705 [https-jsse-nio-8443-exec-6] DEBUG o.s.s.w.a.AnonymousAuthenticationFilter - Set SecurityContextHolder to anonymous SecurityContext
16:24:07.705 [https-jsse-nio-8443-exec-6] DEBUG o.s.security.web.FilterChainProxy - Secured GET /login
16:24:07.806 [org.springframework.kafka.KafkaListenerEndpointContainer#0-0-C-1] INFO  o.apache.kafka.clients.NetworkClient - [Consumer clientId=consumer-building-service-updater-1, groupId=building-service-updater] Node -1 disconnected.
16:24:07.806 [org.springframework.kafka.KafkaListenerEndpointContainer#0-0-C-1] WARN  o.apache.kafka.clients.NetworkClient - [Consumer clientId=consumer-building-service-updater-1, groupId=building-service-updater] Connection to node -1 (localhost/127.0.0.1:9092) could not be established. Node may not be available.
16:24:07.806 [org.springframework.kafka.KafkaListenerEndpointContainer#0-0-C-1] WARN  o.apache.kafka.clients.NetworkClient - [Consumer clientId=consumer-building-service-updater-1, groupId=building-service-updater] Bootstrap broker localhost:9092 (id: -1 rack: null) disconnected
16:24:08.827 [org.springframework.kafka.KafkaListenerEndpointContainer#0-0-C-1] INFO  o.apache.kafka.clients.NetworkClient - [Consumer clientId=consumer-building-service-updater-1, groupId=building-service-updater] Node -1 disconnected.
16:24:08.827 [org.springframework.kafka.KafkaListenerEndpointContainer#0-0-C-1] WARN  o.apache.kafka.clients.NetworkClient - [Consumer clientId=consumer-building-service-updater-1, groupId=building-service-updater] Connection to node -1 (localhost/127.0.0.1:9092) could not be established. Node may not be available.
16:24:08.827 [org.springframework.kafka.KafkaListenerEndpointContainer#0-0-C-1] WARN  o.apache.kafka.clients.NetworkClient - [Consumer clientId=consumer-building-service-updater-1, groupId=building-service-updater] Bootstrap broker localhost:9092 (id: -1 rack: null) disconnected
16:24:09.829 [org.springframework.kafka.KafkaListenerEndpointContainer#0-0-C-1] INFO  o.apache.kafka.clients.NetworkClient - [Consumer clientId=consumer-building-service-updater-1, groupId=building-service-updater] Node -1 disconnected.
16:24:09.829 [org.springframework.kafka.KafkaListenerEndpointContainer#0-0-C-1] WARN  o.apache.kafka.clients.NetworkClient - [Consumer clientId=consumer-building-service-updater-1, groupId=building-service-updater] Connection to node -1 (localhost/127.0.0.1:9092) could not be established. Node may not be available.
16:24:09.829 [org.springframework.kafka.KafkaListenerEndpointContainer#0-0-C-1] WARN  o.apache.kafka.clients.NetworkClient - [Consumer clientId=consumer-building-service-updater-1, groupId=building-service-updater] Bootstrap broker localhost:9092 (id: -1 rack: null) disconnected
16:24:10.633 [org.springframework.kafka.KafkaListenerEndpointContainer#0-0-C-1] INFO  o.apache.kafka.clients.NetworkClient - [Consumer clientId=consumer-building-service-updater-1, groupId=building-service-updater] Node -1 disconnected.
16:24:10.633 [org.springframework.kafka.KafkaListenerEndpointContainer#0-0-C-1] WARN  o.apache.kafka.clients.NetworkClient - [Consumer clientId=consumer-building-service-updater-1, groupId=building-service-updater] Connection to node -1 (localhost/127.0.0.1:9092) could not be established. Node may not be available.
16:24:10.633 [org.springframework.kafka.KafkaListenerEndpointContainer#0-0-C-1] WARN  o.apache.kafka.clients.NetworkClient - [Consumer clientId=consumer-building-service-updater-1, groupId=building-service-updater] Bootstrap broker localhost:9092 (id: -1 rack: null) disconnected
16:24:11.642 [org.springframework.kafka.KafkaListenerEndpointContainer#0-0-C-1] INFO  o.apache.kafka.clients.NetworkClient - [Consumer clientId=consumer-building-service-updater-1, groupId=building-service-updater] Node -1 disconnected.
16:24:11.642 [org.springframework.kafka.KafkaListenerEndpointContainer#0-0-C-1] WARN  o.apache.kafka.clients.NetworkClient - [Consumer clientId=consumer-building-service-updater-1, groupId=building-service-updater] Connection to node -1 (localhost/127.0.0.1:9092) could not be established. Node may not be available.
16:24:11.642 [org.springframework.kafka.KafkaListenerEndpointContainer#0-0-C-1] WARN  o.apache.kafka.clients.NetworkClient - [Consumer clientId=consumer-building-service-updater-1, groupId=building-service-updater] Bootstrap broker localhost:9092 (id: -1 rack: null) disconnected
16:24:11.691 [https-jsse-nio-8443-exec-3] DEBUG o.s.security.web.FilterChainProxy - Securing POST /login
16:24:11.691 [https-jsse-nio-8443-exec-3] DEBUG o.s.s.w.a.c.ChannelProcessingFilter - Request: filter invocation [POST /login]; ConfigAttributes: [REQUIRES_SECURE_CHANNEL]
16:24:12.023 [https-jsse-nio-8443-exec-3] DEBUG org.hibernate.SQL - 
    /* <criteria> */ select
        u1_0.username,
        u1_0.account_non_expired,
        u1_0.account_non_locked,
        u1_0.credentials_expiry_date,
        u1_0.credentials_non_expired,
        u1_0.deleted,
        u1_0.enabled,
        u1_0.password 
    from
        user_tbl u1_0 
    where
        (
            u1_0.deleted = 0
        ) 
        and u1_0.username=?
16:24:12.024 [https-jsse-nio-8443-exec-3] TRACE org.hibernate.orm.jdbc.bind - binding parameter (1:VARCHAR) <- [ali]
16:24:12.031 [https-jsse-nio-8443-exec-3] TRACE org.hibernate.orm.jdbc.extract - extracted value (1:VARCHAR) -> [ali]
16:24:12.032 [https-jsse-nio-8443-exec-3] TRACE org.hibernate.orm.jdbc.extract - extracted value (2:BOOLEAN) -> [true]
16:24:12.032 [https-jsse-nio-8443-exec-3] TRACE org.hibernate.orm.jdbc.extract - extracted value (3:BOOLEAN) -> [true]
16:24:12.032 [https-jsse-nio-8443-exec-3] TRACE org.hibernate.orm.jdbc.extract - extracted value (4:TIMESTAMP) -> [2026-05-30T21:30:53.300956]
16:24:12.032 [https-jsse-nio-8443-exec-3] TRACE org.hibernate.orm.jdbc.extract - extracted value (5:BOOLEAN) -> [true]
16:24:12.032 [https-jsse-nio-8443-exec-3] TRACE org.hibernate.orm.jdbc.extract - extracted value (6:BOOLEAN) -> [false]
16:24:12.032 [https-jsse-nio-8443-exec-3] TRACE org.hibernate.orm.jdbc.extract - extracted value (7:BOOLEAN) -> [true]
16:24:12.032 [https-jsse-nio-8443-exec-3] TRACE org.hibernate.orm.jdbc.extract - extracted value (8:VARCHAR) -> [$2a$12$JRWydGv3q.xLuqLZANLEuO38Y8584BP1ABWUffjm8Da5MxgZ0fC8i]
16:24:12.034 [https-jsse-nio-8443-exec-3] DEBUG org.hibernate.SQL - 
    select
        rs1_0.username,
        rs1_1.name,
        rs1_1.deleted,
        ps1_0.role_name,
        ps1_1.id,
        ps1_1.deleted,
        ps1_1.permission 
    from
        user_role_tbl rs1_0 
    join
        role_tbl rs1_1 
            on rs1_1.name=rs1_0.role_name 
    left join
        (role_permission_tbl ps1_0 
    join
        permission_tbl ps1_1 
            on ps1_1.id=ps1_0.permission) 
        on rs1_1.name=ps1_0.role_name 
        and ( ps1_1.deleted = 0) 
    where
        rs1_0.username=? 
        and (
            rs1_1.deleted = 0
        )
16:24:12.034 [https-jsse-nio-8443-exec-3] TRACE org.hibernate.orm.jdbc.bind - binding parameter (1:VARCHAR) <- [ali]
16:24:12.048 [https-jsse-nio-8443-exec-3] TRACE org.hibernate.orm.jdbc.extract - extracted value (1:VARCHAR) -> [ali]
16:24:12.048 [https-jsse-nio-8443-exec-3] TRACE org.hibernate.orm.jdbc.extract - extracted value (2:VARCHAR) -> [ROLE_ADMIN]
16:24:12.048 [https-jsse-nio-8443-exec-3] TRACE org.hibernate.orm.jdbc.extract - extracted value (4:VARCHAR) -> [ROLE_ADMIN]
16:24:12.048 [https-jsse-nio-8443-exec-3] TRACE org.hibernate.orm.jdbc.extract - extracted value (5:BIGINT) -> [1]
16:24:12.049 [https-jsse-nio-8443-exec-3] TRACE org.hibernate.orm.jdbc.extract - extracted value (6:BOOLEAN) -> [false]
16:24:12.049 [https-jsse-nio-8443-exec-3] TRACE org.hibernate.orm.jdbc.extract - extracted value (7:VARCHAR) -> [TICKET_CREATE]
16:24:12.049 [https-jsse-nio-8443-exec-3] TRACE org.hibernate.orm.jdbc.extract - extracted value (3:BOOLEAN) -> [false]
16:24:12.049 [https-jsse-nio-8443-exec-3] TRACE org.hibernate.orm.jdbc.extract - extracted value (1:VARCHAR) -> [ali]
16:24:12.049 [https-jsse-nio-8443-exec-3] TRACE org.hibernate.orm.jdbc.extract - extracted value (2:VARCHAR) -> [ROLE_ADMIN]
16:24:12.049 [https-jsse-nio-8443-exec-3] TRACE org.hibernate.orm.jdbc.extract - extracted value (5:BIGINT) -> [2]
16:24:12.049 [https-jsse-nio-8443-exec-3] TRACE org.hibernate.orm.jdbc.extract - extracted value (6:BOOLEAN) -> [false]
16:24:12.049 [https-jsse-nio-8443-exec-3] TRACE org.hibernate.orm.jdbc.extract - extracted value (7:VARCHAR) -> [TICKET_DELETE]
16:24:12.049 [https-jsse-nio-8443-exec-3] TRACE org.hibernate.orm.jdbc.extract - extracted value (1:VARCHAR) -> [ali]
16:24:12.049 [https-jsse-nio-8443-exec-3] TRACE org.hibernate.orm.jdbc.extract - extracted value (2:VARCHAR) -> [ROLE_ADMIN]
16:24:12.049 [https-jsse-nio-8443-exec-3] TRACE org.hibernate.orm.jdbc.extract - extracted value (5:BIGINT) -> [3]
16:24:12.049 [https-jsse-nio-8443-exec-3] TRACE org.hibernate.orm.jdbc.extract - extracted value (6:BOOLEAN) -> [false]
16:24:12.049 [https-jsse-nio-8443-exec-3] TRACE org.hibernate.orm.jdbc.extract - extracted value (7:VARCHAR) -> [TICKET_EDIT]
16:24:12.049 [https-jsse-nio-8443-exec-3] TRACE org.hibernate.orm.jdbc.extract - extracted value (1:VARCHAR) -> [ali]
16:24:12.049 [https-jsse-nio-8443-exec-3] TRACE org.hibernate.orm.jdbc.extract - extracted value (2:VARCHAR) -> [ROLE_ADMIN]
16:24:12.049 [https-jsse-nio-8443-exec-3] TRACE org.hibernate.orm.jdbc.extract - extracted value (5:BIGINT) -> [4]
16:24:12.049 [https-jsse-nio-8443-exec-3] TRACE org.hibernate.orm.jdbc.extract - extracted value (6:BOOLEAN) -> [false]
16:24:12.049 [https-jsse-nio-8443-exec-3] TRACE org.hibernate.orm.jdbc.extract - extracted value (7:VARCHAR) -> [BUILDING_CREATE]
16:24:12.344 [https-jsse-nio-8443-exec-3] DEBUG o.s.s.a.d.DaoAuthenticationProvider - Authenticated user
16:24:12.345 [https-jsse-nio-8443-exec-3] DEBUG o.s.s.w.a.s.SessionFixationProtectionStrategy - Invalidating session with Id 'F42E628CE3C91075A6590BF295145743' and migrating attributes.
16:24:12.345 [https-jsse-nio-8443-exec-3] DEBUG o.s.s.w.a.s.SessionFixationProtectionStrategy - Started new session: B48A0FF63606876CA7EE847F1C80675F
16:24:12.345 [https-jsse-nio-8443-exec-3] DEBUG o.s.s.w.a.s.SessionFixationProtectionStrategy - Changed session id from F42E628CE3C91075A6590BF295145743
16:24:12.345 [https-jsse-nio-8443-exec-3] DEBUG o.s.s.c.session.SessionRegistryImpl - Registering session B48A0FF63606876CA7EE847F1C80675F, for principal ir.model.entity.CustomUserDetails@523558af
16:24:12.346 [https-jsse-nio-8443-exec-3] DEBUG o.s.s.w.c.HttpSessionSecurityContextRepository - Stored SecurityContextImpl [Authentication=UsernamePasswordAuthenticationToken [Principal=ir.model.entity.CustomUserDetails@523558af, Credentials=[PROTECTED], Authenticated=true, Details=WebAuthenticationDetails [RemoteIpAddress=0:0:0:0:0:0:0:1, SessionId=F42E628CE3C91075A6590BF295145743], Granted Authorities=[TICKET_EDIT, BUILDING_CREATE, ROLE_ADMIN, TICKET_DELETE, TICKET_CREATE]]] to HttpSession [org.apache.catalina.session.StandardSessionFacade@7de9c385]
16:24:12.346 [https-jsse-nio-8443-exec-3] DEBUG o.s.s.w.a.UsernamePasswordAuthenticationFilter - Set SecurityContextHolder to UsernamePasswordAuthenticationToken [Principal=ir.model.entity.CustomUserDetails@523558af, Credentials=[PROTECTED], Authenticated=true, Details=WebAuthenticationDetails [RemoteIpAddress=0:0:0:0:0:0:0:1, SessionId=F42E628CE3C91075A6590BF295145743], Granted Authorities=[TICKET_EDIT, BUILDING_CREATE, ROLE_ADMIN, TICKET_DELETE, TICKET_CREATE]]
16:24:12.347 [https-jsse-nio-8443-exec-3] DEBUG o.s.s.web.DefaultRedirectStrategy - Redirecting to /home
16:24:12.351 [https-jsse-nio-8443-exec-1] DEBUG o.s.security.web.FilterChainProxy - Securing GET /home
16:24:12.351 [https-jsse-nio-8443-exec-1] DEBUG o.s.s.w.a.c.ChannelProcessingFilter - Request: filter invocation [GET /home]; ConfigAttributes: [REQUIRES_SECURE_CHANNEL]
16:24:12.352 [https-jsse-nio-8443-exec-1] DEBUG o.s.s.w.c.HttpSessionSecurityContextRepository - Retrieved SecurityContextImpl [Authentication=UsernamePasswordAuthenticationToken [Principal=ir.model.entity.CustomUserDetails@523558af, Credentials=[PROTECTED], Authenticated=true, Details=WebAuthenticationDetails [RemoteIpAddress=0:0:0:0:0:0:0:1, SessionId=F42E628CE3C91075A6590BF295145743], Granted Authorities=[TICKET_EDIT, BUILDING_CREATE, ROLE_ADMIN, TICKET_DELETE, TICKET_CREATE]]]
16:24:12.352 [https-jsse-nio-8443-exec-1] DEBUG o.s.security.web.FilterChainProxy - Secured GET /home
16:24:12.432 [https-jsse-nio-8443-exec-9] DEBUG o.s.security.web.FilterChainProxy - Securing GET /favicon.ico
16:24:12.432 [https-jsse-nio-8443-exec-9] DEBUG o.s.s.w.a.c.ChannelProcessingFilter - Request: filter invocation [GET /favicon.ico]; ConfigAttributes: [REQUIRES_SECURE_CHANNEL]
16:24:12.432 [https-jsse-nio-8443-exec-9] DEBUG o.s.security.web.FilterChainProxy - Secured GET /favicon.ico
16:24:12.433 [https-jsse-nio-8443-exec-9] DEBUG o.s.s.w.c.HttpSessionSecurityContextRepository - Retrieved SecurityContextImpl [Authentication=UsernamePasswordAuthenticationToken [Principal=ir.model.entity.CustomUserDetails@523558af, Credentials=[PROTECTED], Authenticated=true, Details=WebAuthenticationDetails [RemoteIpAddress=0:0:0:0:0:0:0:1, SessionId=F42E628CE3C91075A6590BF295145743], Granted Authorities=[TICKET_EDIT, BUILDING_CREATE, ROLE_ADMIN, TICKET_DELETE, TICKET_CREATE]]]
16:24:12.434 [https-jsse-nio-8443-exec-9] DEBUG o.s.security.web.FilterChainProxy - Securing GET /error
16:24:12.434 [https-jsse-nio-8443-exec-9] DEBUG o.s.s.w.a.c.ChannelProcessingFilter - Request: filter invocation [GET /error]; ConfigAttributes: [REQUIRES_SECURE_CHANNEL]
16:24:12.434 [https-jsse-nio-8443-exec-9] DEBUG o.s.s.w.c.HttpSessionSecurityContextRepository - Retrieved SecurityContextImpl [Authentication=UsernamePasswordAuthenticationToken [Principal=ir.model.entity.CustomUserDetails@523558af, Credentials=[PROTECTED], Authenticated=true, Details=WebAuthenticationDetails [RemoteIpAddress=0:0:0:0:0:0:0:1, SessionId=F42E628CE3C91075A6590BF295145743], Granted Authorities=[TICKET_EDIT, BUILDING_CREATE, ROLE_ADMIN, TICKET_DELETE, TICKET_CREATE]]]
16:24:12.435 [https-jsse-nio-8443-exec-9] DEBUG o.s.security.web.FilterChainProxy - Secured GET /error
16:24:12.685 [org.springframework.kafka.KafkaListenerEndpointContainer#0-0-C-1] INFO  o.apache.kafka.clients.NetworkClient - [Consumer clientId=consumer-building-service-updater-1, groupId=building-service-updater] Node -1 disconnected.
16:24:12.685 [org.springframework.kafka.KafkaListenerEndpointContainer#0-0-C-1] WARN  o.apache.kafka.clients.NetworkClient - [Consumer clientId=consumer-building-service-updater-1, groupId=building-service-updater] Connection to node -1 (localhost/127.0.0.1:9092) could not be established. Node may not be available.
16:24:12.685 [org.springframework.kafka.KafkaListenerEndpointContainer#0-0-C-1] WARN  o.apache.kafka.clients.NetworkClient - [Consumer clientId=consumer-building-service-updater-1, groupId=building-service-updater] Bootstrap broker localhost:9092 (id: -1 rack: null) disconnected
16:24:13.658 [org.springframework.kafka.KafkaListenerEndpointContainer#0-0-C-1] INFO  o.apache.kafka.clients.NetworkClient - [Consumer clientId=consumer-building-service-updater-1, groupId=building-service-updater] Node -1 disconnected.
16:24:13.659 [org.springframework.kafka.KafkaListenerEndpointContainer#0-0-C-1] WARN  o.apache.kafka.clients.NetworkClient - [Consumer clientId=consumer-building-service-updater-1, groupId=building-service-updater] Connection to node -1 (localhost/127.0.0.1:9092) could not be established. Node may not be available.
16:24:13.659 [org.springframework.kafka.KafkaListenerEndpointContainer#0-0-C-1] WARN  o.apache.kafka.clients.NetworkClient - [Consumer clientId=consumer-building-service-updater-1, groupId=building-service-updater] Bootstrap broker localhost:9092 (id: -1 rack: null) disconnected
16:24:14.672 [org.springframework.kafka.KafkaListenerEndpointContainer#0-0-C-1] INFO  o.apache.kafka.clients.NetworkClient - [Consumer clientId=consumer-building-service-updater-1, groupId=building-service-updater] Node -1 disconnected.
16:24:14.672 [org.springframework.kafka.KafkaListenerEndpointContainer#0-0-C-1] WARN  o.apache.kafka.clients.NetworkClient - [Consumer clientId=consumer-building-service-updater-1, groupId=building-service-updater] Connection to node -1 (localhost/127.0.0.1:9092) could not be established. Node may not be available.
16:24:14.672 [org.springframework.kafka.KafkaListenerEndpointContainer#0-0-C-1] WARN  o.apache.kafka.clients.NetworkClient - [Consumer clientId=consumer-building-service-updater-1, groupId=building-service-updater] Bootstrap broker localhost:9092 (id: -1 rack: null) disconnected
16:24:15.370 [https-jsse-nio-8443-exec-2] DEBUG o.s.security.web.FilterChainProxy - Securing GET /roles
16:24:15.370 [https-jsse-nio-8443-exec-2] DEBUG o.s.s.w.a.c.ChannelProcessingFilter - Request: filter invocation [GET /roles]; ConfigAttributes: [REQUIRES_SECURE_CHANNEL]
16:24:15.371 [https-jsse-nio-8443-exec-2] DEBUG o.s.s.w.c.HttpSessionSecurityContextRepository - Retrieved SecurityContextImpl [Authentication=UsernamePasswordAuthenticationToken [Principal=ir.model.entity.CustomUserDetails@523558af, Credentials=[PROTECTED], Authenticated=true, Details=WebAuthenticationDetails [RemoteIpAddress=0:0:0:0:0:0:0:1, SessionId=F42E628CE3C91075A6590BF295145743], Granted Authorities=[TICKET_EDIT, BUILDING_CREATE, ROLE_ADMIN, TICKET_DELETE, TICKET_CREATE]]]
16:24:15.371 [https-jsse-nio-8443-exec-2] DEBUG o.s.security.web.FilterChainProxy - Secured GET /roles
16:24:15.381 [https-jsse-nio-8443-exec-2] DEBUG o.s.s.a.m.AuthorizationManagerBeforeMethodInterceptor - Authorizing method invocation ReflectiveMethodInvocation: public java.lang.String ir.controller.web.RoleController.rolesList(int,int,java.lang.Boolean,org.springframework.ui.Model); target is of class [ir.controller.web.RoleController]
16:24:15.391 [https-jsse-nio-8443-exec-2] DEBUG o.s.s.a.m.AuthorizationManagerBeforeMethodInterceptor - Authorized method invocation ReflectiveMethodInvocation: public java.lang.String ir.controller.web.RoleController.rolesList(int,int,java.lang.Boolean,org.springframework.ui.Model); target is of class [ir.controller.web.RoleController]
16:24:15.396 [https-jsse-nio-8443-exec-2] DEBUG o.s.jdbc.datasource.DataSourceUtils - Setting JDBC Connection [HikariProxyConnection@24563045 wrapping oracle.jdbc.driver.T4CConnection@328d3a7] read-only
16:24:15.396 [https-jsse-nio-8443-exec-2] DEBUG o.h.e.t.internal.TransactionImpl - On TransactionImpl creation, JpaCompliance#isJpaTransactionComplianceEnabled == false
16:24:15.396 [https-jsse-nio-8443-exec-2] DEBUG o.h.e.t.internal.TransactionImpl - begin
16:24:15.397 [https-jsse-nio-8443-exec-2] DEBUG org.hibernate.SQL - 
    /* <criteria> */ select
        r1_0.name,
        r1_0.deleted 
    from
        role_tbl r1_0 
    where
        (
            r1_0.deleted = 0
        ) 
    order by
        r1_0.name 
    offset
        ? rows 
    fetch
        first ? rows only
16:24:15.397 [https-jsse-nio-8443-exec-2] TRACE org.hibernate.orm.jdbc.bind - binding parameter (1:INTEGER) <- [0]
16:24:15.397 [https-jsse-nio-8443-exec-2] TRACE org.hibernate.orm.jdbc.bind - binding parameter (2:INTEGER) <- [10]
16:24:15.402 [https-jsse-nio-8443-exec-2] TRACE org.hibernate.orm.jdbc.extract - extracted value (1:VARCHAR) -> [ROLE_ADMIN]
16:24:15.402 [https-jsse-nio-8443-exec-2] TRACE org.hibernate.orm.jdbc.extract - extracted value (2:BOOLEAN) -> [false]
16:24:15.402 [https-jsse-nio-8443-exec-2] TRACE org.hibernate.orm.jdbc.extract - extracted value (1:VARCHAR) -> [ROLE_CUSTOMER]
16:24:15.402 [https-jsse-nio-8443-exec-2] TRACE org.hibernate.orm.jdbc.extract - extracted value (2:BOOLEAN) -> [false]
16:24:15.402 [https-jsse-nio-8443-exec-2] TRACE org.hibernate.orm.jdbc.extract - extracted value (1:VARCHAR) -> [ROLE_MANAGER]
16:24:15.402 [https-jsse-nio-8443-exec-2] TRACE org.hibernate.orm.jdbc.extract - extracted value (2:BOOLEAN) -> [false]
16:24:15.403 [https-jsse-nio-8443-exec-2] DEBUG org.hibernate.SQL - 
    select
        ps1_0.role_name,
        ps1_1.id,
        ps1_1.deleted,
        ps1_1.permission 
    from
        role_permission_tbl ps1_0 
    join
        permission_tbl ps1_1 
            on ps1_1.id=ps1_0.permission 
    where
        ps1_0.role_name=? 
        and (
            ps1_1.deleted = 0
        )
16:24:15.403 [https-jsse-nio-8443-exec-2] TRACE org.hibernate.orm.jdbc.bind - binding parameter (1:VARCHAR) <- [ROLE_MANAGER]
16:24:15.406 [https-jsse-nio-8443-exec-2] DEBUG org.hibernate.SQL - 
    select
        ps1_0.role_name,
        ps1_1.id,
        ps1_1.deleted,
        ps1_1.permission 
    from
        role_permission_tbl ps1_0 
    join
        permission_tbl ps1_1 
            on ps1_1.id=ps1_0.permission 
    where
        ps1_0.role_name=? 
        and (
            ps1_1.deleted = 0
        )
16:24:15.406 [https-jsse-nio-8443-exec-2] TRACE org.hibernate.orm.jdbc.bind - binding parameter (1:VARCHAR) <- [ROLE_CUSTOMER]
16:24:15.406 [https-jsse-nio-8443-exec-2] TRACE org.hibernate.orm.jdbc.extract - extracted value (1:VARCHAR) -> [ROLE_CUSTOMER]
16:24:15.406 [https-jsse-nio-8443-exec-2] TRACE org.hibernate.orm.jdbc.extract - extracted value (2:BIGINT) -> [1]
16:24:15.406 [https-jsse-nio-8443-exec-2] TRACE org.hibernate.orm.jdbc.extract - extracted value (3:BOOLEAN) -> [false]
16:24:15.406 [https-jsse-nio-8443-exec-2] TRACE org.hibernate.orm.jdbc.extract - extracted value (4:VARCHAR) -> [TICKET_CREATE]
16:24:15.407 [https-jsse-nio-8443-exec-2] DEBUG org.hibernate.SQL - 
    select
        ps1_0.role_name,
        ps1_1.id,
        ps1_1.deleted,
        ps1_1.permission 
    from
        role_permission_tbl ps1_0 
    join
        permission_tbl ps1_1 
            on ps1_1.id=ps1_0.permission 
    where
        ps1_0.role_name=? 
        and (
            ps1_1.deleted = 0
        )
16:24:15.407 [https-jsse-nio-8443-exec-2] TRACE org.hibernate.orm.jdbc.bind - binding parameter (1:VARCHAR) <- [ROLE_ADMIN]
16:24:15.407 [https-jsse-nio-8443-exec-2] TRACE org.hibernate.orm.jdbc.extract - extracted value (1:VARCHAR) -> [ROLE_ADMIN]
16:24:15.407 [https-jsse-nio-8443-exec-2] TRACE org.hibernate.orm.jdbc.extract - extracted value (2:BIGINT) -> [1]
16:24:15.408 [https-jsse-nio-8443-exec-2] TRACE org.hibernate.orm.jdbc.extract - extracted value (1:VARCHAR) -> [ROLE_ADMIN]
16:24:15.408 [https-jsse-nio-8443-exec-2] TRACE org.hibernate.orm.jdbc.extract - extracted value (2:BIGINT) -> [2]
16:24:15.408 [https-jsse-nio-8443-exec-2] TRACE org.hibernate.orm.jdbc.extract - extracted value (3:BOOLEAN) -> [false]
16:24:15.408 [https-jsse-nio-8443-exec-2] TRACE org.hibernate.orm.jdbc.extract - extracted value (4:VARCHAR) -> [TICKET_DELETE]
16:24:15.408 [https-jsse-nio-8443-exec-2] TRACE org.hibernate.orm.jdbc.extract - extracted value (1:VARCHAR) -> [ROLE_ADMIN]
16:24:15.408 [https-jsse-nio-8443-exec-2] TRACE org.hibernate.orm.jdbc.extract - extracted value (2:BIGINT) -> [3]
16:24:15.408 [https-jsse-nio-8443-exec-2] TRACE org.hibernate.orm.jdbc.extract - extracted value (3:BOOLEAN) -> [false]
16:24:15.408 [https-jsse-nio-8443-exec-2] TRACE org.hibernate.orm.jdbc.extract - extracted value (4:VARCHAR) -> [TICKET_EDIT]
16:24:15.408 [https-jsse-nio-8443-exec-2] TRACE org.hibernate.orm.jdbc.extract - extracted value (1:VARCHAR) -> [ROLE_ADMIN]
16:24:15.408 [https-jsse-nio-8443-exec-2] TRACE org.hibernate.orm.jdbc.extract - extracted value (2:BIGINT) -> [4]
16:24:15.408 [https-jsse-nio-8443-exec-2] TRACE org.hibernate.orm.jdbc.extract - extracted value (3:BOOLEAN) -> [false]
16:24:15.408 [https-jsse-nio-8443-exec-2] TRACE org.hibernate.orm.jdbc.extract - extracted value (4:VARCHAR) -> [BUILDING_CREATE]
16:24:15.408 [https-jsse-nio-8443-exec-2] DEBUG o.h.e.t.internal.TransactionImpl - committing
16:24:15.409 [https-jsse-nio-8443-exec-2] DEBUG o.s.jdbc.datasource.DataSourceUtils - Resetting read-only flag of JDBC Connection [HikariProxyConnection@24563045 wrapping oracle.jdbc.driver.T4CConnection@328d3a7]
16:24:15.411 [https-jsse-nio-8443-exec-2] INFO  i.c.exception.ResponseAspect - Web Controller: rolesList
16:24:15.562 [https-jsse-nio-8443-exec-4] DEBUG o.s.security.web.FilterChainProxy - Securing GET /css/reset.css
16:24:15.562 [https-jsse-nio-8443-exec-4] DEBUG o.s.s.w.a.c.ChannelProcessingFilter - Request: filter invocation [GET /css/reset.css]; ConfigAttributes: [REQUIRES_SECURE_CHANNEL]
16:24:15.562 [https-jsse-nio-8443-exec-4] DEBUG o.s.security.web.FilterChainProxy - Secured GET /css/reset.css
16:24:15.572 [https-jsse-nio-8443-exec-4] DEBUG o.s.s.w.c.HttpSessionSecurityContextRepository - Retrieved SecurityContextImpl [Authentication=UsernamePasswordAuthenticationToken [Principal=ir.model.entity.CustomUserDetails@523558af, Credentials=[PROTECTED], Authenticated=true, Details=WebAuthenticationDetails [RemoteIpAddress=0:0:0:0:0:0:0:1, SessionId=F42E628CE3C91075A6590BF295145743], Granted Authorities=[TICKET_EDIT, BUILDING_CREATE, ROLE_ADMIN, TICKET_DELETE, TICKET_CREATE]]]
16:24:15.574 [https-jsse-nio-8443-exec-4] DEBUG o.s.security.web.FilterChainProxy - Securing GET /css/bootstrap.min.css
16:24:15.574 [https-jsse-nio-8443-exec-4] DEBUG o.s.s.w.a.c.ChannelProcessingFilter - Request: filter invocation [GET /css/bootstrap.min.css]; ConfigAttributes: [REQUIRES_SECURE_CHANNEL]
16:24:15.574 [https-jsse-nio-8443-exec-4] DEBUG o.s.security.web.FilterChainProxy - Secured GET /css/bootstrap.min.css
16:24:15.587 [https-jsse-nio-8443-exec-4] DEBUG o.s.s.w.c.HttpSessionSecurityContextRepository - Retrieved SecurityContextImpl [Authentication=UsernamePasswordAuthenticationToken [Principal=ir.model.entity.CustomUserDetails@523558af, Credentials=[PROTECTED], Authenticated=true, Details=WebAuthenticationDetails [RemoteIpAddress=0:0:0:0:0:0:0:1, SessionId=F42E628CE3C91075A6590BF295145743], Granted Authorities=[TICKET_EDIT, BUILDING_CREATE, ROLE_ADMIN, TICKET_DELETE, TICKET_CREATE]]]
16:24:15.673 [org.springframework.kafka.KafkaListenerEndpointContainer#0-0-C-1] INFO  o.apache.kafka.clients.NetworkClient - [Consumer clientId=consumer-building-service-updater-1, groupId=building-service-updater] Node -1 disconnected.
16:24:15.673 [org.springframework.kafka.KafkaListenerEndpointContainer#0-0-C-1] WARN  o.apache.kafka.clients.NetworkClient - [Consumer clientId=consumer-building-service-updater-1, groupId=building-service-updater] Connection to node -1 (localhost/127.0.0.1:9092) could not be established. Node may not be available.
16:24:15.673 [org.springframework.kafka.KafkaListenerEndpointContainer#0-0-C-1] WARN  o.apache.kafka.clients.NetworkClient - [Consumer clientId=consumer-building-service-updater-1, groupId=building-service-updater] Bootstrap broker localhost:9092 (id: -1 rack: null) disconnected
16:24:15.768 [https-jsse-nio-8443-exec-1] DEBUG o.s.security.web.FilterChainProxy - Securing GET /roles
16:24:15.768 [https-jsse-nio-8443-exec-1] DEBUG o.s.s.w.a.c.ChannelProcessingFilter - Request: filter invocation [GET /roles]; ConfigAttributes: [REQUIRES_SECURE_CHANNEL]
16:24:15.769 [https-jsse-nio-8443-exec-1] DEBUG o.s.s.w.c.HttpSessionSecurityContextRepository - Retrieved SecurityContextImpl [Authentication=UsernamePasswordAuthenticationToken [Principal=ir.model.entity.CustomUserDetails@523558af, Credentials=[PROTECTED], Authenticated=true, Details=WebAuthenticationDetails [RemoteIpAddress=0:0:0:0:0:0:0:1, SessionId=F42E628CE3C91075A6590BF295145743], Granted Authorities=[TICKET_EDIT, BUILDING_CREATE, ROLE_ADMIN, TICKET_DELETE, TICKET_CREATE]]]
16:24:15.769 [https-jsse-nio-8443-exec-1] DEBUG o.s.security.web.FilterChainProxy - Secured GET /roles
16:24:15.770 [https-jsse-nio-8443-exec-1] DEBUG o.s.s.a.m.AuthorizationManagerBeforeMethodInterceptor - Authorizing method invocation ReflectiveMethodInvocation: public java.lang.String ir.controller.web.RoleController.rolesList(int,int,java.lang.Boolean,org.springframework.ui.Model); target is of class [ir.controller.web.RoleController]
16:24:15.770 [https-jsse-nio-8443-exec-1] DEBUG o.s.s.a.m.AuthorizationManagerBeforeMethodInterceptor - Authorized method invocation ReflectiveMethodInvocation: public java.lang.String ir.controller.web.RoleController.rolesList(int,int,java.lang.Boolean,org.springframework.ui.Model); target is of class [ir.controller.web.RoleController]
16:24:15.770 [https-jsse-nio-8443-exec-1] DEBUG o.s.jdbc.datasource.DataSourceUtils - Setting JDBC Connection [HikariProxyConnection@1962910904 wrapping oracle.jdbc.driver.T4CConnection@328d3a7] read-only
16:24:15.770 [https-jsse-nio-8443-exec-1] DEBUG o.h.e.t.internal.TransactionImpl - On TransactionImpl creation, JpaCompliance#isJpaTransactionComplianceEnabled == false
16:24:15.770 [https-jsse-nio-8443-exec-1] DEBUG o.h.e.t.internal.TransactionImpl - begin
16:24:15.771 [https-jsse-nio-8443-exec-1] DEBUG org.hibernate.SQL - 
    /* <criteria> */ select
        r1_0.name,
        r1_0.deleted 
    from
        role_tbl r1_0 
    where
        (
            r1_0.deleted = 0
        ) 
    order by
        r1_0.name 
    offset
        ? rows 
    fetch
        first ? rows only
16:24:15.771 [https-jsse-nio-8443-exec-1] TRACE org.hibernate.orm.jdbc.bind - binding parameter (1:INTEGER) <- [0]
16:24:15.771 [https-jsse-nio-8443-exec-1] TRACE org.hibernate.orm.jdbc.bind - binding parameter (2:INTEGER) <- [10]
16:24:15.772 [https-jsse-nio-8443-exec-1] TRACE org.hibernate.orm.jdbc.extract - extracted value (1:VARCHAR) -> [ROLE_ADMIN]
16:24:15.772 [https-jsse-nio-8443-exec-1] TRACE org.hibernate.orm.jdbc.extract - extracted value (2:BOOLEAN) -> [false]
16:24:15.772 [https-jsse-nio-8443-exec-1] TRACE org.hibernate.orm.jdbc.extract - extracted value (1:VARCHAR) -> [ROLE_CUSTOMER]
16:24:15.772 [https-jsse-nio-8443-exec-1] TRACE org.hibernate.orm.jdbc.extract - extracted value (2:BOOLEAN) -> [false]
16:24:15.772 [https-jsse-nio-8443-exec-1] TRACE org.hibernate.orm.jdbc.extract - extracted value (1:VARCHAR) -> [ROLE_MANAGER]
16:24:15.772 [https-jsse-nio-8443-exec-1] TRACE org.hibernate.orm.jdbc.extract - extracted value (2:BOOLEAN) -> [false]
16:24:15.773 [https-jsse-nio-8443-exec-1] DEBUG org.hibernate.SQL - 
    select
        ps1_0.role_name,
        ps1_1.id,
        ps1_1.deleted,
        ps1_1.permission 
    from
        role_permission_tbl ps1_0 
    join
        permission_tbl ps1_1 
            on ps1_1.id=ps1_0.permission 
    where
        ps1_0.role_name=? 
        and (
            ps1_1.deleted = 0
        )
16:24:15.773 [https-jsse-nio-8443-exec-1] TRACE org.hibernate.orm.jdbc.bind - binding parameter (1:VARCHAR) <- [ROLE_MANAGER]
16:24:15.773 [https-jsse-nio-8443-exec-1] DEBUG org.hibernate.SQL - 
    select
        ps1_0.role_name,
        ps1_1.id,
        ps1_1.deleted,
        ps1_1.permission 
    from
        role_permission_tbl ps1_0 
    join
        permission_tbl ps1_1 
            on ps1_1.id=ps1_0.permission 
    where
        ps1_0.role_name=? 
        and (
            ps1_1.deleted = 0
        )
16:24:15.773 [https-jsse-nio-8443-exec-1] TRACE org.hibernate.orm.jdbc.bind - binding parameter (1:VARCHAR) <- [ROLE_CUSTOMER]
16:24:15.775 [https-jsse-nio-8443-exec-1] TRACE org.hibernate.orm.jdbc.extract - extracted value (1:VARCHAR) -> [ROLE_CUSTOMER]
16:24:15.775 [https-jsse-nio-8443-exec-1] TRACE org.hibernate.orm.jdbc.extract - extracted value (2:BIGINT) -> [1]
16:24:15.775 [https-jsse-nio-8443-exec-1] TRACE org.hibernate.orm.jdbc.extract - extracted value (3:BOOLEAN) -> [false]
16:24:15.775 [https-jsse-nio-8443-exec-1] TRACE org.hibernate.orm.jdbc.extract - extracted value (4:VARCHAR) -> [TICKET_CREATE]
16:24:15.775 [https-jsse-nio-8443-exec-1] DEBUG org.hibernate.SQL - 
    select
        ps1_0.role_name,
        ps1_1.id,
        ps1_1.deleted,
        ps1_1.permission 
    from
        role_permission_tbl ps1_0 
    join
        permission_tbl ps1_1 
            on ps1_1.id=ps1_0.permission 
    where
        ps1_0.role_name=? 
        and (
            ps1_1.deleted = 0
        )
16:24:15.775 [https-jsse-nio-8443-exec-1] TRACE org.hibernate.orm.jdbc.bind - binding parameter (1:VARCHAR) <- [ROLE_ADMIN]
16:24:15.775 [https-jsse-nio-8443-exec-1] TRACE org.hibernate.orm.jdbc.extract - extracted value (1:VARCHAR) -> [ROLE_ADMIN]
16:24:15.775 [https-jsse-nio-8443-exec-1] TRACE org.hibernate.orm.jdbc.extract - extracted value (2:BIGINT) -> [1]
16:24:15.775 [https-jsse-nio-8443-exec-1] TRACE org.hibernate.orm.jdbc.extract - extracted value (1:VARCHAR) -> [ROLE_ADMIN]
16:24:15.775 [https-jsse-nio-8443-exec-1] TRACE org.hibernate.orm.jdbc.extract - extracted value (2:BIGINT) -> [2]
16:24:15.775 [https-jsse-nio-8443-exec-1] TRACE org.hibernate.orm.jdbc.extract - extracted value (3:BOOLEAN) -> [false]
16:24:15.775 [https-jsse-nio-8443-exec-1] TRACE org.hibernate.orm.jdbc.extract - extracted value (4:VARCHAR) -> [TICKET_DELETE]
16:24:15.775 [https-jsse-nio-8443-exec-1] TRACE org.hibernate.orm.jdbc.extract - extracted value (1:VARCHAR) -> [ROLE_ADMIN]
16:24:15.775 [https-jsse-nio-8443-exec-1] TRACE org.hibernate.orm.jdbc.extract - extracted value (2:BIGINT) -> [3]
16:24:15.775 [https-jsse-nio-8443-exec-1] TRACE org.hibernate.orm.jdbc.extract - extracted value (3:BOOLEAN) -> [false]
16:24:15.775 [https-jsse-nio-8443-exec-1] TRACE org.hibernate.orm.jdbc.extract - extracted value (4:VARCHAR) -> [TICKET_EDIT]
16:24:15.776 [https-jsse-nio-8443-exec-1] TRACE org.hibernate.orm.jdbc.extract - extracted value (1:VARCHAR) -> [ROLE_ADMIN]
16:24:15.776 [https-jsse-nio-8443-exec-1] TRACE org.hibernate.orm.jdbc.extract - extracted value (2:BIGINT) -> [4]
16:24:15.776 [https-jsse-nio-8443-exec-1] TRACE org.hibernate.orm.jdbc.extract - extracted value (3:BOOLEAN) -> [false]
16:24:15.776 [https-jsse-nio-8443-exec-1] TRACE org.hibernate.orm.jdbc.extract - extracted value (4:VARCHAR) -> [BUILDING_CREATE]
16:24:15.776 [https-jsse-nio-8443-exec-1] DEBUG o.h.e.t.internal.TransactionImpl - committing
16:24:15.776 [https-jsse-nio-8443-exec-1] DEBUG o.s.jdbc.datasource.DataSourceUtils - Resetting read-only flag of JDBC Connection [HikariProxyConnection@1962910904 wrapping oracle.jdbc.driver.T4CConnection@328d3a7]
16:24:15.777 [https-jsse-nio-8443-exec-1] INFO  i.c.exception.ResponseAspect - Web Controller: rolesList
16:24:15.810 [https-jsse-nio-8443-exec-2] DEBUG o.s.security.web.FilterChainProxy - Securing GET /css/reset.css
16:24:15.810 [https-jsse-nio-8443-exec-2] DEBUG o.s.s.w.a.c.ChannelProcessingFilter - Request: filter invocation [GET /css/reset.css]; ConfigAttributes: [REQUIRES_SECURE_CHANNEL]
16:24:15.811 [https-jsse-nio-8443-exec-2] DEBUG o.s.security.web.FilterChainProxy - Secured GET /css/reset.css
16:24:15.814 [https-jsse-nio-8443-exec-2] DEBUG o.s.s.w.c.HttpSessionSecurityContextRepository - Retrieved SecurityContextImpl [Authentication=UsernamePasswordAuthenticationToken [Principal=ir.model.entity.CustomUserDetails@523558af, Credentials=[PROTECTED], Authenticated=true, Details=WebAuthenticationDetails [RemoteIpAddress=0:0:0:0:0:0:0:1, SessionId=F42E628CE3C91075A6590BF295145743], Granted Authorities=[TICKET_EDIT, BUILDING_CREATE, ROLE_ADMIN, TICKET_DELETE, TICKET_CREATE]]]
16:24:15.816 [https-jsse-nio-8443-exec-2] DEBUG o.s.security.web.FilterChainProxy - Securing GET /css/bootstrap.min.css
16:24:15.816 [https-jsse-nio-8443-exec-2] DEBUG o.s.s.w.a.c.ChannelProcessingFilter - Request: filter invocation [GET /css/bootstrap.min.css]; ConfigAttributes: [REQUIRES_SECURE_CHANNEL]
16:24:15.817 [https-jsse-nio-8443-exec-2] DEBUG o.s.security.web.FilterChainProxy - Secured GET /css/bootstrap.min.css
16:24:15.834 [https-jsse-nio-8443-exec-2] DEBUG o.s.s.w.c.HttpSessionSecurityContextRepository - Retrieved SecurityContextImpl [Authentication=UsernamePasswordAuthenticationToken [Principal=ir.model.entity.CustomUserDetails@523558af, Credentials=[PROTECTED], Authenticated=true, Details=WebAuthenticationDetails [RemoteIpAddress=0:0:0:0:0:0:0:1, SessionId=F42E628CE3C91075A6590BF295145743], Granted Authorities=[TICKET_EDIT, BUILDING_CREATE, ROLE_ADMIN, TICKET_DELETE, TICKET_CREATE]]]
16:24:15.836 [https-jsse-nio-8443-exec-2] DEBUG o.s.security.web.FilterChainProxy - Securing GET /css/toast.css
16:24:15.836 [https-jsse-nio-8443-exec-2] DEBUG o.s.s.w.a.c.ChannelProcessingFilter - Request: filter invocation [GET /css/toast.css]; ConfigAttributes: [REQUIRES_SECURE_CHANNEL]
16:24:15.837 [https-jsse-nio-8443-exec-2] DEBUG o.s.security.web.FilterChainProxy - Secured GET /css/toast.css
16:24:15.839 [https-jsse-nio-8443-exec-4] DEBUG o.s.security.web.FilterChainProxy - Securing GET /icons/mftlogo.png
16:24:15.839 [https-jsse-nio-8443-exec-4] DEBUG o.s.s.w.a.c.ChannelProcessingFilter - Request: filter invocation [GET /icons/mftlogo.png]; ConfigAttributes: [REQUIRES_SECURE_CHANNEL]
16:24:15.840 [https-jsse-nio-8443-exec-4] DEBUG o.s.security.web.FilterChainProxy - Secured GET /icons/mftlogo.png
16:24:15.845 [https-jsse-nio-8443-exec-5] DEBUG o.s.security.web.FilterChainProxy - Securing GET /css/fonts.min.css
16:24:15.845 [https-jsse-nio-8443-exec-5] DEBUG o.s.s.w.a.c.ChannelProcessingFilter - Request: filter invocation [GET /css/fonts.min.css]; ConfigAttributes: [REQUIRES_SECURE_CHANNEL]
16:24:15.846 [https-jsse-nio-8443-exec-5] DEBUG o.s.security.web.FilterChainProxy - Secured GET /css/fonts.min.css
16:24:15.847 [https-jsse-nio-8443-exec-4] DEBUG o.s.s.w.c.HttpSessionSecurityContextRepository - Retrieved SecurityContextImpl [Authentication=UsernamePasswordAuthenticationToken [Principal=ir.model.entity.CustomUserDetails@523558af, Credentials=[PROTECTED], Authenticated=true, Details=WebAuthenticationDetails [RemoteIpAddress=0:0:0:0:0:0:0:1, SessionId=F42E628CE3C91075A6590BF295145743], Granted Authorities=[TICKET_EDIT, BUILDING_CREATE, ROLE_ADMIN, TICKET_DELETE, TICKET_CREATE]]]
16:24:15.849 [https-jsse-nio-8443-exec-4] DEBUG o.s.security.web.FilterChainProxy - Securing GET /css/styles.css
16:24:15.849 [https-jsse-nio-8443-exec-4] DEBUG o.s.s.w.a.c.ChannelProcessingFilter - Request: filter invocation [GET /css/styles.css]; ConfigAttributes: [REQUIRES_SECURE_CHANNEL]
16:24:15.849 [https-jsse-nio-8443-exec-4] DEBUG o.s.security.web.FilterChainProxy - Secured GET /css/styles.css
16:24:15.852 [https-jsse-nio-8443-exec-2] DEBUG o.s.s.w.c.HttpSessionSecurityContextRepository - Retrieved SecurityContextImpl [Authentication=UsernamePasswordAuthenticationToken [Principal=ir.model.entity.CustomUserDetails@523558af, Credentials=[PROTECTED], Authenticated=true, Details=WebAuthenticationDetails [RemoteIpAddress=0:0:0:0:0:0:0:1, SessionId=F42E628CE3C91075A6590BF295145743], Granted Authorities=[TICKET_EDIT, BUILDING_CREATE, ROLE_ADMIN, TICKET_DELETE, TICKET_CREATE]]]
16:24:15.853 [https-jsse-nio-8443-exec-2] DEBUG o.s.security.web.FilterChainProxy - Securing GET /css/fontawesome.css
16:24:15.853 [https-jsse-nio-8443-exec-2] DEBUG o.s.s.w.a.c.ChannelProcessingFilter - Request: filter invocation [GET /css/fontawesome.css]; ConfigAttributes: [REQUIRES_SECURE_CHANNEL]
16:24:15.854 [https-jsse-nio-8443-exec-2] DEBUG o.s.security.web.FilterChainProxy - Secured GET /css/fontawesome.css
16:24:15.861 [https-jsse-nio-8443-exec-5] DEBUG o.s.s.w.c.HttpSessionSecurityContextRepository - Retrieved SecurityContextImpl [Authentication=UsernamePasswordAuthenticationToken [Principal=ir.model.entity.CustomUserDetails@523558af, Credentials=[PROTECTED], Authenticated=true, Details=WebAuthenticationDetails [RemoteIpAddress=0:0:0:0:0:0:0:1, SessionId=F42E628CE3C91075A6590BF295145743], Granted Authorities=[TICKET_EDIT, BUILDING_CREATE, ROLE_ADMIN, TICKET_DELETE, TICKET_CREATE]]]
16:24:15.864 [https-jsse-nio-8443-exec-7] DEBUG o.s.security.web.FilterChainProxy - Securing GET /js/bootstrap.bundle.min.js
16:24:15.864 [https-jsse-nio-8443-exec-1] DEBUG o.s.security.web.FilterChainProxy - Securing GET /js/toast.js
16:24:15.864 [https-jsse-nio-8443-exec-6] DEBUG o.s.security.web.FilterChainProxy - Securing GET /js/fontawesome.js
16:24:15.864 [https-jsse-nio-8443-exec-7] DEBUG o.s.s.w.a.c.ChannelProcessingFilter - Request: filter invocation [GET /js/bootstrap.bundle.min.js]; ConfigAttributes: [REQUIRES_SECURE_CHANNEL]
16:24:15.864 [https-jsse-nio-8443-exec-1] DEBUG o.s.s.w.a.c.ChannelProcessingFilter - Request: filter invocation [GET /js/toast.js]; ConfigAttributes: [REQUIRES_SECURE_CHANNEL]
16:24:15.864 [https-jsse-nio-8443-exec-6] DEBUG o.s.s.w.a.c.ChannelProcessingFilter - Request: filter invocation [GET /js/fontawesome.js]; ConfigAttributes: [REQUIRES_SECURE_CHANNEL]
16:24:15.865 [https-jsse-nio-8443-exec-7] DEBUG o.s.security.web.FilterChainProxy - Secured GET /js/bootstrap.bundle.min.js
16:24:15.865 [https-jsse-nio-8443-exec-1] DEBUG o.s.security.web.FilterChainProxy - Secured GET /js/toast.js
16:24:15.865 [https-jsse-nio-8443-exec-6] DEBUG o.s.security.web.FilterChainProxy - Secured GET /js/fontawesome.js
16:24:15.865 [https-jsse-nio-8443-exec-4] DEBUG o.s.s.w.c.HttpSessionSecurityContextRepository - Retrieved SecurityContextImpl [Authentication=UsernamePasswordAuthenticationToken [Principal=ir.model.entity.CustomUserDetails@523558af, Credentials=[PROTECTED], Authenticated=true, Details=WebAuthenticationDetails [RemoteIpAddress=0:0:0:0:0:0:0:1, SessionId=F42E628CE3C91075A6590BF295145743], Granted Authorities=[TICKET_EDIT, BUILDING_CREATE, ROLE_ADMIN, TICKET_DELETE, TICKET_CREATE]]]
16:24:15.867 [https-jsse-nio-8443-exec-9] DEBUG o.s.security.web.FilterChainProxy - Securing GET /js/script.js
16:24:15.868 [https-jsse-nio-8443-exec-9] DEBUG o.s.s.w.a.c.ChannelProcessingFilter - Request: filter invocation [GET /js/script.js]; ConfigAttributes: [REQUIRES_SECURE_CHANNEL]
16:24:15.868 [https-jsse-nio-8443-exec-9] DEBUG o.s.security.web.FilterChainProxy - Secured GET /js/script.js
16:24:15.868 [https-jsse-nio-8443-exec-8] DEBUG o.s.security.web.FilterChainProxy - Securing GET /js/roles-api.js
16:24:15.869 [https-jsse-nio-8443-exec-8] DEBUG o.s.s.w.a.c.ChannelProcessingFilter - Request: filter invocation [GET /js/roles-api.js]; ConfigAttributes: [REQUIRES_SECURE_CHANNEL]
16:24:15.869 [https-jsse-nio-8443-exec-8] DEBUG o.s.security.web.FilterChainProxy - Secured GET /js/roles-api.js
16:24:15.891 [https-jsse-nio-8443-exec-1] DEBUG o.s.s.w.c.HttpSessionSecurityContextRepository - Retrieved SecurityContextImpl [Authentication=UsernamePasswordAuthenticationToken [Principal=ir.model.entity.CustomUserDetails@523558af, Credentials=[PROTECTED], Authenticated=true, Details=WebAuthenticationDetails [RemoteIpAddress=0:0:0:0:0:0:0:1, SessionId=F42E628CE3C91075A6590BF295145743], Granted Authorities=[TICKET_EDIT, BUILDING_CREATE, ROLE_ADMIN, TICKET_DELETE, TICKET_CREATE]]]
16:24:15.895 [https-jsse-nio-8443-exec-9] DEBUG o.s.s.w.c.HttpSessionSecurityContextRepository - Retrieved SecurityContextImpl [Authentication=UsernamePasswordAuthenticationToken [Principal=ir.model.entity.CustomUserDetails@523558af, Credentials=[PROTECTED], Authenticated=true, Details=WebAuthenticationDetails [RemoteIpAddress=0:0:0:0:0:0:0:1, SessionId=F42E628CE3C91075A6590BF295145743], Granted Authorities=[TICKET_EDIT, BUILDING_CREATE, ROLE_ADMIN, TICKET_DELETE, TICKET_CREATE]]]
16:24:15.900 [https-jsse-nio-8443-exec-8] DEBUG o.s.s.w.c.HttpSessionSecurityContextRepository - Retrieved SecurityContextImpl [Authentication=UsernamePasswordAuthenticationToken [Principal=ir.model.entity.CustomUserDetails@523558af, Credentials=[PROTECTED], Authenticated=true, Details=WebAuthenticationDetails [RemoteIpAddress=0:0:0:0:0:0:0:1, SessionId=F42E628CE3C91075A6590BF295145743], Granted Authorities=[TICKET_EDIT, BUILDING_CREATE, ROLE_ADMIN, TICKET_DELETE, TICKET_CREATE]]]
16:24:15.914 [https-jsse-nio-8443-exec-2] DEBUG o.s.s.w.c.HttpSessionSecurityContextRepository - Retrieved SecurityContextImpl [Authentication=UsernamePasswordAuthenticationToken [Principal=ir.model.entity.CustomUserDetails@523558af, Credentials=[PROTECTED], Authenticated=true, Details=WebAuthenticationDetails [RemoteIpAddress=0:0:0:0:0:0:0:1, SessionId=F42E628CE3C91075A6590BF295145743], Granted Authorities=[TICKET_EDIT, BUILDING_CREATE, ROLE_ADMIN, TICKET_DELETE, TICKET_CREATE]]]
16:24:15.929 [https-jsse-nio-8443-exec-7] DEBUG o.s.s.w.c.HttpSessionSecurityContextRepository - Retrieved SecurityContextImpl [Authentication=UsernamePasswordAuthenticationToken [Principal=ir.model.entity.CustomUserDetails@523558af, Credentials=[PROTECTED], Authenticated=true, Details=WebAuthenticationDetails [RemoteIpAddress=0:0:0:0:0:0:0:1, SessionId=F42E628CE3C91075A6590BF295145743], Granted Authorities=[TICKET_EDIT, BUILDING_CREATE, ROLE_ADMIN, TICKET_DELETE, TICKET_CREATE]]]
16:24:15.960 [https-jsse-nio-8443-exec-5] DEBUG o.s.security.web.FilterChainProxy - Securing GET /webfonts/fa-brands-400.woff2
16:24:15.961 [https-jsse-nio-8443-exec-5] DEBUG o.s.s.w.a.c.ChannelProcessingFilter - Request: filter invocation [GET /webfonts/fa-brands-400.woff2]; ConfigAttributes: [REQUIRES_SECURE_CHANNEL]
16:24:15.961 [https-jsse-nio-8443-exec-3] DEBUG o.s.security.web.FilterChainProxy - Securing GET /webfonts/fa-solid-900.woff2
16:24:15.961 [https-jsse-nio-8443-exec-3] DEBUG o.s.s.w.a.c.ChannelProcessingFilter - Request: filter invocation [GET /webfonts/fa-solid-900.woff2]; ConfigAttributes: [REQUIRES_SECURE_CHANNEL]
16:24:15.962 [https-jsse-nio-8443-exec-5] DEBUG o.s.s.w.c.HttpSessionSecurityContextRepository - Retrieved SecurityContextImpl [Authentication=UsernamePasswordAuthenticationToken [Principal=ir.model.entity.CustomUserDetails@523558af, Credentials=[PROTECTED], Authenticated=true, Details=WebAuthenticationDetails [RemoteIpAddress=0:0:0:0:0:0:0:1, SessionId=F42E628CE3C91075A6590BF295145743], Granted Authorities=[TICKET_EDIT, BUILDING_CREATE, ROLE_ADMIN, TICKET_DELETE, TICKET_CREATE]]]
16:24:15.962 [https-jsse-nio-8443-exec-5] DEBUG o.s.security.web.FilterChainProxy - Secured GET /webfonts/fa-brands-400.woff2
16:24:15.962 [https-jsse-nio-8443-exec-3] DEBUG o.s.s.w.c.HttpSessionSecurityContextRepository - Retrieved SecurityContextImpl [Authentication=UsernamePasswordAuthenticationToken [Principal=ir.model.entity.CustomUserDetails@523558af, Credentials=[PROTECTED], Authenticated=true, Details=WebAuthenticationDetails [RemoteIpAddress=0:0:0:0:0:0:0:1, SessionId=F42E628CE3C91075A6590BF295145743], Granted Authorities=[TICKET_EDIT, BUILDING_CREATE, ROLE_ADMIN, TICKET_DELETE, TICKET_CREATE]]]
16:24:15.962 [https-jsse-nio-8443-exec-3] DEBUG o.s.security.web.FilterChainProxy - Secured GET /webfonts/fa-solid-900.woff2
16:24:16.443 [https-jsse-nio-8443-exec-6] DEBUG o.s.s.w.c.HttpSessionSecurityContextRepository - Retrieved SecurityContextImpl [Authentication=UsernamePasswordAuthenticationToken [Principal=ir.model.entity.CustomUserDetails@523558af, Credentials=[PROTECTED], Authenticated=true, Details=WebAuthenticationDetails [RemoteIpAddress=0:0:0:0:0:0:0:1, SessionId=F42E628CE3C91075A6590BF295145743], Granted Authorities=[TICKET_EDIT, BUILDING_CREATE, ROLE_ADMIN, TICKET_DELETE, TICKET_CREATE]]]
16:24:16.533 [org.springframework.kafka.KafkaListenerEndpointContainer#0-0-C-1] INFO  o.apache.kafka.clients.NetworkClient - [Consumer clientId=consumer-building-service-updater-1, groupId=building-service-updater] Node -1 disconnected.
16:24:16.533 [org.springframework.kafka.KafkaListenerEndpointContainer#0-0-C-1] WARN  o.apache.kafka.clients.NetworkClient - [Consumer clientId=consumer-building-service-updater-1, groupId=building-service-updater] Connection to node -1 (localhost/127.0.0.1:9092) could not be established. Node may not be available.
16:24:16.533 [org.springframework.kafka.KafkaListenerEndpointContainer#0-0-C-1] WARN  o.apache.kafka.clients.NetworkClient - [Consumer clientId=consumer-building-service-updater-1, groupId=building-service-updater] Bootstrap broker localhost:9092 (id: -1 rack: null) disconnected
16:24:16.554 [https-jsse-nio-8443-exec-4] DEBUG o.s.security.web.FilterChainProxy - Securing GET /roles?page=0&size=10&fragment=true
16:24:16.554 [https-jsse-nio-8443-exec-4] DEBUG o.s.s.w.a.c.ChannelProcessingFilter - Request: filter invocation [GET /roles?page=0&size=10&fragment=true]; ConfigAttributes: [REQUIRES_SECURE_CHANNEL]
16:24:16.556 [https-jsse-nio-8443-exec-4] DEBUG o.s.s.w.c.HttpSessionSecurityContextRepository - Retrieved SecurityContextImpl [Authentication=UsernamePasswordAuthenticationToken [Principal=ir.model.entity.CustomUserDetails@523558af, Credentials=[PROTECTED], Authenticated=true, Details=WebAuthenticationDetails [RemoteIpAddress=0:0:0:0:0:0:0:1, SessionId=F42E628CE3C91075A6590BF295145743], Granted Authorities=[TICKET_EDIT, BUILDING_CREATE, ROLE_ADMIN, TICKET_DELETE, TICKET_CREATE]]]
16:24:16.557 [https-jsse-nio-8443-exec-4] DEBUG o.s.security.web.FilterChainProxy - Secured GET /roles?page=0&size=10&fragment=true
16:24:16.557 [https-jsse-nio-8443-exec-4] DEBUG o.s.s.a.m.AuthorizationManagerBeforeMethodInterceptor - Authorizing method invocation ReflectiveMethodInvocation: public java.lang.String ir.controller.web.RoleController.rolesList(int,int,java.lang.Boolean,org.springframework.ui.Model); target is of class [ir.controller.web.RoleController]
16:24:16.558 [https-jsse-nio-8443-exec-4] DEBUG o.s.s.a.m.AuthorizationManagerBeforeMethodInterceptor - Authorized method invocation ReflectiveMethodInvocation: public java.lang.String ir.controller.web.RoleController.rolesList(int,int,java.lang.Boolean,org.springframework.ui.Model); target is of class [ir.controller.web.RoleController]
16:24:16.559 [https-jsse-nio-8443-exec-4] DEBUG o.s.jdbc.datasource.DataSourceUtils - Setting JDBC Connection [HikariProxyConnection@954097327 wrapping oracle.jdbc.driver.T4CConnection@328d3a7] read-only
16:24:16.559 [https-jsse-nio-8443-exec-4] DEBUG o.h.e.t.internal.TransactionImpl - On TransactionImpl creation, JpaCompliance#isJpaTransactionComplianceEnabled == false
16:24:16.559 [https-jsse-nio-8443-exec-4] DEBUG o.h.e.t.internal.TransactionImpl - begin
16:24:16.561 [https-jsse-nio-8443-exec-4] DEBUG org.hibernate.SQL - 
    /* <criteria> */ select
        r1_0.name,
        r1_0.deleted 
    from
        role_tbl r1_0 
    where
        (
            r1_0.deleted = 0
        ) 
    order by
        r1_0.name 
    offset
        ? rows 
    fetch
        first ? rows only
16:24:16.561 [https-jsse-nio-8443-exec-4] TRACE org.hibernate.orm.jdbc.bind - binding parameter (1:INTEGER) <- [0]
16:24:16.561 [https-jsse-nio-8443-exec-4] TRACE org.hibernate.orm.jdbc.bind - binding parameter (2:INTEGER) <- [10]
16:24:16.562 [https-jsse-nio-8443-exec-4] TRACE org.hibernate.orm.jdbc.extract - extracted value (1:VARCHAR) -> [ROLE_ADMIN]
16:24:16.562 [https-jsse-nio-8443-exec-4] TRACE org.hibernate.orm.jdbc.extract - extracted value (2:BOOLEAN) -> [false]
16:24:16.563 [https-jsse-nio-8443-exec-4] TRACE org.hibernate.orm.jdbc.extract - extracted value (1:VARCHAR) -> [ROLE_CUSTOMER]
16:24:16.563 [https-jsse-nio-8443-exec-4] TRACE org.hibernate.orm.jdbc.extract - extracted value (2:BOOLEAN) -> [false]
16:24:16.563 [https-jsse-nio-8443-exec-4] TRACE org.hibernate.orm.jdbc.extract - extracted value (1:VARCHAR) -> [ROLE_MANAGER]
16:24:16.563 [https-jsse-nio-8443-exec-4] TRACE org.hibernate.orm.jdbc.extract - extracted value (2:BOOLEAN) -> [false]
16:24:16.564 [https-jsse-nio-8443-exec-4] DEBUG org.hibernate.SQL - 
    select
        ps1_0.role_name,
        ps1_1.id,
        ps1_1.deleted,
        ps1_1.permission 
    from
        role_permission_tbl ps1_0 
    join
        permission_tbl ps1_1 
            on ps1_1.id=ps1_0.permission 
    where
        ps1_0.role_name=? 
        and (
            ps1_1.deleted = 0
        )
16:24:16.564 [https-jsse-nio-8443-exec-4] TRACE org.hibernate.orm.jdbc.bind - binding parameter (1:VARCHAR) <- [ROLE_MANAGER]
16:24:16.565 [https-jsse-nio-8443-exec-4] DEBUG org.hibernate.SQL - 
    select
        ps1_0.role_name,
        ps1_1.id,
        ps1_1.deleted,
        ps1_1.permission 
    from
        role_permission_tbl ps1_0 
    join
        permission_tbl ps1_1 
            on ps1_1.id=ps1_0.permission 
    where
        ps1_0.role_name=? 
        and (
            ps1_1.deleted = 0
        )
16:24:16.566 [https-jsse-nio-8443-exec-4] TRACE org.hibernate.orm.jdbc.bind - binding parameter (1:VARCHAR) <- [ROLE_CUSTOMER]
16:24:16.567 [https-jsse-nio-8443-exec-4] TRACE org.hibernate.orm.jdbc.extract - extracted value (1:VARCHAR) -> [ROLE_CUSTOMER]
16:24:16.567 [https-jsse-nio-8443-exec-4] TRACE org.hibernate.orm.jdbc.extract - extracted value (2:BIGINT) -> [1]
16:24:16.567 [https-jsse-nio-8443-exec-4] TRACE org.hibernate.orm.jdbc.extract - extracted value (3:BOOLEAN) -> [false]
16:24:16.567 [https-jsse-nio-8443-exec-4] TRACE org.hibernate.orm.jdbc.extract - extracted value (4:VARCHAR) -> [TICKET_CREATE]
16:24:16.567 [https-jsse-nio-8443-exec-4] DEBUG org.hibernate.SQL - 
    select
        ps1_0.role_name,
        ps1_1.id,
        ps1_1.deleted,
        ps1_1.permission 
    from
        role_permission_tbl ps1_0 
    join
        permission_tbl ps1_1 
            on ps1_1.id=ps1_0.permission 
    where
        ps1_0.role_name=? 
        and (
            ps1_1.deleted = 0
        )
16:24:16.567 [https-jsse-nio-8443-exec-4] TRACE org.hibernate.orm.jdbc.bind - binding parameter (1:VARCHAR) <- [ROLE_ADMIN]
16:24:16.567 [https-jsse-nio-8443-exec-10] DEBUG o.s.security.web.FilterChainProxy - Securing GET /icons/mftlogo.png
16:24:16.568 [https-jsse-nio-8443-exec-10] DEBUG o.s.s.w.a.c.ChannelProcessingFilter - Request: filter invocation [GET /icons/mftlogo.png]; ConfigAttributes: [REQUIRES_SECURE_CHANNEL]
16:24:16.568 [https-jsse-nio-8443-exec-4] TRACE org.hibernate.orm.jdbc.extract - extracted value (1:VARCHAR) -> [ROLE_ADMIN]
16:24:16.568 [https-jsse-nio-8443-exec-4] TRACE org.hibernate.orm.jdbc.extract - extracted value (2:BIGINT) -> [1]
16:24:16.568 [https-jsse-nio-8443-exec-4] TRACE org.hibernate.orm.jdbc.extract - extracted value (1:VARCHAR) -> [ROLE_ADMIN]
16:24:16.569 [https-jsse-nio-8443-exec-4] TRACE org.hibernate.orm.jdbc.extract - extracted value (2:BIGINT) -> [2]
16:24:16.569 [https-jsse-nio-8443-exec-4] TRACE org.hibernate.orm.jdbc.extract - extracted value (3:BOOLEAN) -> [false]
16:24:16.569 [https-jsse-nio-8443-exec-10] DEBUG o.s.security.web.FilterChainProxy - Secured GET /icons/mftlogo.png
16:24:16.569 [https-jsse-nio-8443-exec-4] TRACE org.hibernate.orm.jdbc.extract - extracted value (4:VARCHAR) -> [TICKET_DELETE]
16:24:16.569 [https-jsse-nio-8443-exec-4] TRACE org.hibernate.orm.jdbc.extract - extracted value (1:VARCHAR) -> [ROLE_ADMIN]
16:24:16.569 [https-jsse-nio-8443-exec-4] TRACE org.hibernate.orm.jdbc.extract - extracted value (2:BIGINT) -> [3]
16:24:16.569 [https-jsse-nio-8443-exec-4] TRACE org.hibernate.orm.jdbc.extract - extracted value (3:BOOLEAN) -> [false]
16:24:16.569 [https-jsse-nio-8443-exec-4] TRACE org.hibernate.orm.jdbc.extract - extracted value (4:VARCHAR) -> [TICKET_EDIT]
16:24:16.569 [https-jsse-nio-8443-exec-4] TRACE org.hibernate.orm.jdbc.extract - extracted value (1:VARCHAR) -> [ROLE_ADMIN]
16:24:16.569 [https-jsse-nio-8443-exec-4] TRACE org.hibernate.orm.jdbc.extract - extracted value (2:BIGINT) -> [4]
16:24:16.569 [https-jsse-nio-8443-exec-4] TRACE org.hibernate.orm.jdbc.extract - extracted value (3:BOOLEAN) -> [false]
16:24:16.570 [https-jsse-nio-8443-exec-4] TRACE org.hibernate.orm.jdbc.extract - extracted value (4:VARCHAR) -> [BUILDING_CREATE]
16:24:16.570 [https-jsse-nio-8443-exec-4] DEBUG o.h.e.t.internal.TransactionImpl - committing
16:24:16.570 [https-jsse-nio-8443-exec-4] DEBUG o.s.jdbc.datasource.DataSourceUtils - Resetting read-only flag of JDBC Connection [HikariProxyConnection@954097327 wrapping oracle.jdbc.driver.T4CConnection@328d3a7]
16:24:16.570 [https-jsse-nio-8443-exec-4] INFO  i.c.exception.ResponseAspect - Web Controller: rolesList
16:24:16.572 [https-jsse-nio-8443-exec-10] DEBUG o.s.s.w.c.HttpSessionSecurityContextRepository - Retrieved SecurityContextImpl [Authentication=UsernamePasswordAuthenticationToken [Principal=ir.model.entity.CustomUserDetails@523558af, Credentials=[PROTECTED], Authenticated=true, Details=WebAuthenticationDetails [RemoteIpAddress=0:0:0:0:0:0:0:1, SessionId=F42E628CE3C91075A6590BF295145743], Granted Authorities=[TICKET_EDIT, BUILDING_CREATE, ROLE_ADMIN, TICKET_DELETE, TICKET_CREATE]]]
16:24:17.500 [org.springframework.kafka.KafkaListenerEndpointContainer#0-0-C-1] INFO  o.apache.kafka.clients.NetworkClient - [Consumer clientId=consumer-building-service-updater-1, groupId=building-service-updater] Node -1 disconnected.
16:24:17.500 [org.springframework.kafka.KafkaListenerEndpointContainer#0-0-C-1] WARN  o.apache.kafka.clients.NetworkClient - [Consumer clientId=consumer-building-service-updater-1, groupId=building-service-updater] Connection to node -1 (localhost/127.0.0.1:9092) could not be established. Node may not be available.
16:24:17.500 [org.springframework.kafka.KafkaListenerEndpointContainer#0-0-C-1] WARN  o.apache.kafka.clients.NetworkClient - [Consumer clientId=consumer-building-service-updater-1, groupId=building-service-updater] Bootstrap broker localhost:9092 (id: -1 rack: null) disconnected
16:24:18.538 [org.springframework.kafka.KafkaListenerEndpointContainer#0-0-C-1] INFO  o.apache.kafka.clients.NetworkClient - [Consumer clientId=consumer-building-service-updater-1, groupId=building-service-updater] Node -1 disconnected.
16:24:18.539 [org.springframework.kafka.KafkaListenerEndpointContainer#0-0-C-1] WARN  o.apache.kafka.clients.NetworkClient - [Consumer clientId=consumer-building-service-updater-1, groupId=building-service-updater] Connection to node -1 (localhost/127.0.0.1:9092) could not be established. Node may not be available.
16:24:18.539 [org.springframework.kafka.KafkaListenerEndpointContainer#0-0-C-1] WARN  o.apache.kafka.clients.NetworkClient - [Consumer clientId=consumer-building-service-updater-1, groupId=building-service-updater] Bootstrap broker localhost:9092 (id: -1 rack: null) disconnected
16:24:19.434 [org.springframework.kafka.KafkaListenerEndpointContainer#0-0-C-1] INFO  o.apache.kafka.clients.NetworkClient - [Consumer clientId=consumer-building-service-updater-1, groupId=building-service-updater] Node -1 disconnected.
16:24:19.434 [org.springframework.kafka.KafkaListenerEndpointContainer#0-0-C-1] WARN  o.apache.kafka.clients.NetworkClient - [Consumer clientId=consumer-building-service-updater-1, groupId=building-service-updater] Connection to node -1 (localhost/127.0.0.1:9092) could not be established. Node may not be available.
16:24:19.434 [org.springframework.kafka.KafkaListenerEndpointContainer#0-0-C-1] WARN  o.apache.kafka.clients.NetworkClient - [Consumer clientId=consumer-building-service-updater-1, groupId=building-service-updater] Bootstrap broker localhost:9092 (id: -1 rack: null) disconnected
16:24:20.474 [org.springframework.kafka.KafkaListenerEndpointContainer#0-0-C-1] INFO  o.apache.kafka.clients.NetworkClient - [Consumer clientId=consumer-building-service-updater-1, groupId=building-service-updater] Node -1 disconnected.
16:24:20.474 [org.springframework.kafka.KafkaListenerEndpointContainer#0-0-C-1] WARN  o.apache.kafka.clients.NetworkClient - [Consumer clientId=consumer-building-service-updater-1, groupId=building-service-updater] Connection to node -1 (localhost/127.0.0.1:9092) could not be established. Node may not be available.
16:24:20.474 [org.springframework.kafka.KafkaListenerEndpointContainer#0-0-C-1] WARN  o.apache.kafka.clients.NetworkClient - [Consumer clientId=consumer-building-service-updater-1, groupId=building-service-updater] Bootstrap broker localhost:9092 (id: -1 rack: null) disconnected
16:24:21.380 [org.springframework.kafka.KafkaListenerEndpointContainer#0-0-C-1] INFO  o.apache.kafka.clients.NetworkClient - [Consumer clientId=consumer-building-service-updater-1, groupId=building-service-updater] Node -1 disconnected.
16:24:21.380 [org.springframework.kafka.KafkaListenerEndpointContainer#0-0-C-1] WARN  o.apache.kafka.clients.NetworkClient - [Consumer clientId=consumer-building-service-updater-1, groupId=building-service-updater] Connection to node -1 (localhost/127.0.0.1:9092) could not be established. Node may not be available.
16:24:21.380 [org.springframework.kafka.KafkaListenerEndpointContainer#0-0-C-1] WARN  o.apache.kafka.clients.NetworkClient - [Consumer clientId=consumer-building-service-updater-1, groupId=building-service-updater] Bootstrap broker localhost:9092 (id: -1 rack: null) disconnected
16:24:21.883 [https-jsse-nio-8443-exec-1] DEBUG o.s.security.web.FilterChainProxy - Securing GET /profiles
16:24:21.883 [https-jsse-nio-8443-exec-1] DEBUG o.s.s.w.a.c.ChannelProcessingFilter - Request: filter invocation [GET /profiles]; ConfigAttributes: [REQUIRES_SECURE_CHANNEL]
16:24:21.884 [https-jsse-nio-8443-exec-1] DEBUG o.s.s.w.c.HttpSessionSecurityContextRepository - Retrieved SecurityContextImpl [Authentication=UsernamePasswordAuthenticationToken [Principal=ir.model.entity.CustomUserDetails@523558af, Credentials=[PROTECTED], Authenticated=true, Details=WebAuthenticationDetails [RemoteIpAddress=0:0:0:0:0:0:0:1, SessionId=F42E628CE3C91075A6590BF295145743], Granted Authorities=[TICKET_EDIT, BUILDING_CREATE, ROLE_ADMIN, TICKET_DELETE, TICKET_CREATE]]]
16:24:21.884 [https-jsse-nio-8443-exec-1] DEBUG o.s.security.web.FilterChainProxy - Secured GET /profiles
16:24:21.887 [https-jsse-nio-8443-exec-1] DEBUG o.s.jdbc.datasource.DataSourceUtils - Setting JDBC Connection [HikariProxyConnection@711021205 wrapping oracle.jdbc.driver.T4CConnection@328d3a7] read-only
16:24:21.887 [https-jsse-nio-8443-exec-1] DEBUG o.h.e.t.internal.TransactionImpl - On TransactionImpl creation, JpaCompliance#isJpaTransactionComplianceEnabled == false
16:24:21.887 [https-jsse-nio-8443-exec-1] DEBUG o.h.e.t.internal.TransactionImpl - begin
16:24:21.890 [https-jsse-nio-8443-exec-1] DEBUG org.hibernate.SQL - 
    /* <criteria> */ select
        p1_0.id,
        p1_0.deleted,
        p1_0.email,
        p1_0.first_name,
        p1_0.last_name,
        p1_0.phone,
        p1_0.attachment_id,
        p1_0.username 
    from
        profile_tbl p1_0 
    where
        (
            p1_0.deleted = 0
        ) 
    order by
        p1_0.first_name 
    offset
        ? rows 
    fetch
        first ? rows only
16:24:21.890 [https-jsse-nio-8443-exec-1] TRACE org.hibernate.orm.jdbc.bind - binding parameter (1:INTEGER) <- [0]
16:24:21.890 [https-jsse-nio-8443-exec-1] TRACE org.hibernate.orm.jdbc.bind - binding parameter (2:INTEGER) <- [10]
16:24:21.901 [https-jsse-nio-8443-exec-1] TRACE org.hibernate.orm.jdbc.extract - extracted value (1:BIGINT) -> [1]
16:24:21.902 [https-jsse-nio-8443-exec-1] TRACE org.hibernate.orm.jdbc.extract - extracted value (7:BIGINT) -> [1]
16:24:21.905 [https-jsse-nio-8443-exec-1] TRACE org.hibernate.orm.jdbc.extract - extracted value (8:VARCHAR) -> [reza]
16:24:21.905 [https-jsse-nio-8443-exec-1] TRACE org.hibernate.orm.jdbc.extract - extracted value (2:BOOLEAN) -> [false]
16:24:21.905 [https-jsse-nio-8443-exec-1] TRACE org.hibernate.orm.jdbc.extract - extracted value (3:VARCHAR) -> [reza@gmail.com]
16:24:21.905 [https-jsse-nio-8443-exec-1] TRACE org.hibernate.orm.jdbc.extract - extracted value (4:VARCHAR) -> [reza]
16:24:21.905 [https-jsse-nio-8443-exec-1] TRACE org.hibernate.orm.jdbc.extract - extracted value (5:VARCHAR) -> [rezai]
16:24:21.905 [https-jsse-nio-8443-exec-1] TRACE org.hibernate.orm.jdbc.extract - extracted value (6:VARCHAR) -> [09122540365]
16:24:21.907 [https-jsse-nio-8443-exec-1] TRACE org.hibernate.orm.jdbc.extract - extracted value (1:BIGINT) -> [2]
16:24:21.907 [https-jsse-nio-8443-exec-1] TRACE org.hibernate.orm.jdbc.extract - extracted value (7:BIGINT) -> [2]
16:24:21.907 [https-jsse-nio-8443-exec-1] TRACE org.hibernate.orm.jdbc.extract - extracted value (8:VARCHAR) -> [shirin]
16:24:21.907 [https-jsse-nio-8443-exec-1] TRACE org.hibernate.orm.jdbc.extract - extracted value (2:BOOLEAN) -> [false]
16:24:21.907 [https-jsse-nio-8443-exec-1] TRACE org.hibernate.orm.jdbc.extract - extracted value (3:VARCHAR) -> [shahram@yahoo.com]
16:24:21.907 [https-jsse-nio-8443-exec-1] TRACE org.hibernate.orm.jdbc.extract - extracted value (4:VARCHAR) -> [shirin]
16:24:21.907 [https-jsse-nio-8443-exec-1] TRACE org.hibernate.orm.jdbc.extract - extracted value (5:VARCHAR) -> [nobari]
16:24:21.907 [https-jsse-nio-8443-exec-1] TRACE org.hibernate.orm.jdbc.extract - extracted value (6:VARCHAR) -> [09122688344]
16:24:21.907 [https-jsse-nio-8443-exec-1] DEBUG o.h.e.t.internal.TransactionImpl - committing
16:24:21.908 [https-jsse-nio-8443-exec-1] DEBUG o.s.jdbc.datasource.DataSourceUtils - Resetting read-only flag of JDBC Connection [HikariProxyConnection@711021205 wrapping oracle.jdbc.driver.T4CConnection@328d3a7]
16:24:21.908 [https-jsse-nio-8443-exec-1] INFO  i.c.exception.ResponseAspect - Web Controller: profilesList
16:24:21.943 [https-jsse-nio-8443-exec-1] DEBUG org.hibernate.SQL - 
    select
        u1_0.username,
        u1_0.account_non_expired,
        u1_0.account_non_locked,
        u1_0.credentials_expiry_date,
        u1_0.credentials_non_expired,
        u1_0.deleted,
        u1_0.enabled,
        u1_0.password,
        rs1_0.username,
        rs1_1.name,
        rs1_1.deleted,
        ps1_0.role_name,
        ps1_1.id,
        ps1_1.deleted,
        ps1_1.permission 
    from
        user_tbl u1_0 
    left join
        (user_role_tbl rs1_0 
    join
        role_tbl rs1_1 
            on rs1_1.name=rs1_0.role_name) 
        on u1_0.username=rs1_0.username 
        and ( rs1_1.deleted = 0) 
    left join
        (role_permission_tbl ps1_0 
    join
        permission_tbl ps1_1 
            on ps1_1.id=ps1_0.permission) 
        on rs1_1.name=ps1_0.role_name 
        and ( ps1_1.deleted = 0) 
    where
        u1_0.username=? 
        and (
            u1_0.deleted = 0
        )
16:24:21.943 [https-jsse-nio-8443-exec-1] TRACE org.hibernate.orm.jdbc.bind - binding parameter (1:VARCHAR) <- [reza]
16:24:21.959 [https-jsse-nio-8443-exec-1] TRACE org.hibernate.orm.jdbc.extract - extracted value (9:VARCHAR) -> [reza]
16:24:21.959 [https-jsse-nio-8443-exec-1] TRACE org.hibernate.orm.jdbc.extract - extracted value (10:VARCHAR) -> [ROLE_MANAGER]
16:24:21.959 [https-jsse-nio-8443-exec-1] TRACE org.hibernate.orm.jdbc.extract - extracted value (12:VARCHAR) -> [null]
16:24:21.959 [https-jsse-nio-8443-exec-1] TRACE org.hibernate.orm.jdbc.extract - extracted value (11:BOOLEAN) -> [false]
16:24:21.959 [https-jsse-nio-8443-exec-1] TRACE org.hibernate.orm.jdbc.extract - extracted value (2:BOOLEAN) -> [true]
16:24:21.959 [https-jsse-nio-8443-exec-1] TRACE org.hibernate.orm.jdbc.extract - extracted value (3:BOOLEAN) -> [true]
16:24:21.959 [https-jsse-nio-8443-exec-1] TRACE org.hibernate.orm.jdbc.extract - extracted value (4:TIMESTAMP) -> [2026-05-30T21:34:06.705809]
16:24:21.959 [https-jsse-nio-8443-exec-1] TRACE org.hibernate.orm.jdbc.extract - extracted value (5:BOOLEAN) -> [true]
16:24:21.959 [https-jsse-nio-8443-exec-1] TRACE org.hibernate.orm.jdbc.extract - extracted value (6:BOOLEAN) -> [false]
16:24:21.959 [https-jsse-nio-8443-exec-1] TRACE org.hibernate.orm.jdbc.extract - extracted value (7:BOOLEAN) -> [true]
16:24:21.959 [https-jsse-nio-8443-exec-1] TRACE org.hibernate.orm.jdbc.extract - extracted value (8:VARCHAR) -> [$2a$12$bardfyG03UYKdkTwZmSsB.8R8w/U.TIJgDo5mKX7U7y1lGb5nEgXW]
16:24:21.962 [https-jsse-nio-8443-exec-1] DEBUG org.hibernate.SQL - 
    select
        u1_0.username,
        u1_0.account_non_expired,
        u1_0.account_non_locked,
        u1_0.credentials_expiry_date,
        u1_0.credentials_non_expired,
        u1_0.deleted,
        u1_0.enabled,
        u1_0.password,
        rs1_0.username,
        rs1_1.name,
        rs1_1.deleted,
        ps1_0.role_name,
        ps1_1.id,
        ps1_1.deleted,
        ps1_1.permission 
    from
        user_tbl u1_0 
    left join
        (user_role_tbl rs1_0 
    join
        role_tbl rs1_1 
            on rs1_1.name=rs1_0.role_name) 
        on u1_0.username=rs1_0.username 
        and ( rs1_1.deleted = 0) 
    left join
        (role_permission_tbl ps1_0 
    join
        permission_tbl ps1_1 
            on ps1_1.id=ps1_0.permission) 
        on rs1_1.name=ps1_0.role_name 
        and ( ps1_1.deleted = 0) 
    where
        u1_0.username=? 
        and (
            u1_0.deleted = 0
        )
16:24:21.962 [https-jsse-nio-8443-exec-1] TRACE org.hibernate.orm.jdbc.bind - binding parameter (1:VARCHAR) <- [shirin]
16:24:21.963 [https-jsse-nio-8443-exec-1] TRACE org.hibernate.orm.jdbc.extract - extracted value (9:VARCHAR) -> [shirin]
16:24:21.963 [https-jsse-nio-8443-exec-1] TRACE org.hibernate.orm.jdbc.extract - extracted value (10:VARCHAR) -> [ROLE_CUSTOMER]
16:24:21.963 [https-jsse-nio-8443-exec-1] TRACE org.hibernate.orm.jdbc.extract - extracted value (12:VARCHAR) -> [ROLE_CUSTOMER]
16:24:21.963 [https-jsse-nio-8443-exec-1] TRACE org.hibernate.orm.jdbc.extract - extracted value (13:BIGINT) -> [1]
16:24:21.963 [https-jsse-nio-8443-exec-1] TRACE org.hibernate.orm.jdbc.extract - extracted value (14:BOOLEAN) -> [false]
16:24:21.963 [https-jsse-nio-8443-exec-1] TRACE org.hibernate.orm.jdbc.extract - extracted value (15:VARCHAR) -> [TICKET_CREATE]
16:24:21.963 [https-jsse-nio-8443-exec-1] TRACE org.hibernate.orm.jdbc.extract - extracted value (11:BOOLEAN) -> [false]
16:24:21.963 [https-jsse-nio-8443-exec-1] TRACE org.hibernate.orm.jdbc.extract - extracted value (2:BOOLEAN) -> [true]
16:24:21.963 [https-jsse-nio-8443-exec-1] TRACE org.hibernate.orm.jdbc.extract - extracted value (3:BOOLEAN) -> [true]
16:24:21.964 [https-jsse-nio-8443-exec-1] TRACE org.hibernate.orm.jdbc.extract - extracted value (4:TIMESTAMP) -> [2026-05-30T23:36]
16:24:21.964 [https-jsse-nio-8443-exec-1] TRACE org.hibernate.orm.jdbc.extract - extracted value (5:BOOLEAN) -> [true]
16:24:21.964 [https-jsse-nio-8443-exec-1] TRACE org.hibernate.orm.jdbc.extract - extracted value (6:BOOLEAN) -> [false]
16:24:21.964 [https-jsse-nio-8443-exec-1] TRACE org.hibernate.orm.jdbc.extract - extracted value (7:BOOLEAN) -> [true]
16:24:21.964 [https-jsse-nio-8443-exec-1] TRACE org.hibernate.orm.jdbc.extract - extracted value (8:VARCHAR) -> [$2a$12$3AL3k15axqPqxFNB7KFOxeqTBuJVkit.citYnhouqCUUZOmoZJLJe]
16:24:21.983 [https-jsse-nio-8443-exec-2] DEBUG o.s.security.web.FilterChainProxy - Securing GET /css/fontawesome.css
16:24:21.983 [https-jsse-nio-8443-exec-8] DEBUG o.s.security.web.FilterChainProxy - Securing GET /css/bootstrap.min.css
16:24:21.983 [https-jsse-nio-8443-exec-9] DEBUG o.s.security.web.FilterChainProxy - Securing GET /css/reset.css
16:24:21.983 [https-jsse-nio-8443-exec-2] DEBUG o.s.s.w.a.c.ChannelProcessingFilter - Request: filter invocation [GET /css/fontawesome.css]; ConfigAttributes: [REQUIRES_SECURE_CHANNEL]
16:24:21.983 [https-jsse-nio-8443-exec-8] DEBUG o.s.s.w.a.c.ChannelProcessingFilter - Request: filter invocation [GET /css/bootstrap.min.css]; ConfigAttributes: [REQUIRES_SECURE_CHANNEL]
16:24:21.983 [https-jsse-nio-8443-exec-9] DEBUG o.s.s.w.a.c.ChannelProcessingFilter - Request: filter invocation [GET /css/reset.css]; ConfigAttributes: [REQUIRES_SECURE_CHANNEL]
16:24:21.983 [https-jsse-nio-8443-exec-9] DEBUG o.s.security.web.FilterChainProxy - Secured GET /css/reset.css
16:24:21.983 [https-jsse-nio-8443-exec-2] DEBUG o.s.security.web.FilterChainProxy - Secured GET /css/fontawesome.css
16:24:21.983 [https-jsse-nio-8443-exec-8] DEBUG o.s.security.web.FilterChainProxy - Secured GET /css/bootstrap.min.css
16:24:21.985 [https-jsse-nio-8443-exec-9] DEBUG o.s.s.w.c.HttpSessionSecurityContextRepository - Retrieved SecurityContextImpl [Authentication=UsernamePasswordAuthenticationToken [Principal=ir.model.entity.CustomUserDetails@523558af, Credentials=[PROTECTED], Authenticated=true, Details=WebAuthenticationDetails [RemoteIpAddress=0:0:0:0:0:0:0:1, SessionId=F42E628CE3C91075A6590BF295145743], Granted Authorities=[TICKET_EDIT, BUILDING_CREATE, ROLE_ADMIN, TICKET_DELETE, TICKET_CREATE]]]
16:24:21.989 [https-jsse-nio-8443-exec-7] DEBUG o.s.security.web.FilterChainProxy - Securing GET /css/fonts.min.css
16:24:21.989 [https-jsse-nio-8443-exec-7] DEBUG o.s.s.w.a.c.ChannelProcessingFilter - Request: filter invocation [GET /css/fonts.min.css]; ConfigAttributes: [REQUIRES_SECURE_CHANNEL]
16:24:21.989 [https-jsse-nio-8443-exec-7] DEBUG o.s.security.web.FilterChainProxy - Secured GET /css/fonts.min.css
16:24:21.991 [https-jsse-nio-8443-exec-7] DEBUG o.s.s.w.c.HttpSessionSecurityContextRepository - Retrieved SecurityContextImpl [Authentication=UsernamePasswordAuthenticationToken [Principal=ir.model.entity.CustomUserDetails@523558af, Credentials=[PROTECTED], Authenticated=true, Details=WebAuthenticationDetails [RemoteIpAddress=0:0:0:0:0:0:0:1, SessionId=F42E628CE3C91075A6590BF295145743], Granted Authorities=[TICKET_EDIT, BUILDING_CREATE, ROLE_ADMIN, TICKET_DELETE, TICKET_CREATE]]]
16:24:21.994 [https-jsse-nio-8443-exec-5] DEBUG o.s.security.web.FilterChainProxy - Securing GET /css/toast.css
16:24:21.994 [https-jsse-nio-8443-exec-5] DEBUG o.s.s.w.a.c.ChannelProcessingFilter - Request: filter invocation [GET /css/toast.css]; ConfigAttributes: [REQUIRES_SECURE_CHANNEL]
16:24:21.995 [https-jsse-nio-8443-exec-5] DEBUG o.s.security.web.FilterChainProxy - Secured GET /css/toast.css
16:24:21.996 [https-jsse-nio-8443-exec-5] DEBUG o.s.s.w.c.HttpSessionSecurityContextRepository - Retrieved SecurityContextImpl [Authentication=UsernamePasswordAuthenticationToken [Principal=ir.model.entity.CustomUserDetails@523558af, Credentials=[PROTECTED], Authenticated=true, Details=WebAuthenticationDetails [RemoteIpAddress=0:0:0:0:0:0:0:1, SessionId=F42E628CE3C91075A6590BF295145743], Granted Authorities=[TICKET_EDIT, BUILDING_CREATE, ROLE_ADMIN, TICKET_DELETE, TICKET_CREATE]]]
16:24:21.996 [https-jsse-nio-8443-exec-8] DEBUG o.s.s.w.c.HttpSessionSecurityContextRepository - Retrieved SecurityContextImpl [Authentication=UsernamePasswordAuthenticationToken [Principal=ir.model.entity.CustomUserDetails@523558af, Credentials=[PROTECTED], Authenticated=true, Details=WebAuthenticationDetails [RemoteIpAddress=0:0:0:0:0:0:0:1, SessionId=F42E628CE3C91075A6590BF295145743], Granted Authorities=[TICKET_EDIT, BUILDING_CREATE, ROLE_ADMIN, TICKET_DELETE, TICKET_CREATE]]]
16:24:21.998 [https-jsse-nio-8443-exec-6] DEBUG o.s.security.web.FilterChainProxy - Securing GET /js/bootstrap.bundle.min.js
16:24:21.998 [https-jsse-nio-8443-exec-3] DEBUG o.s.security.web.FilterChainProxy - Securing GET /css/styles.css
16:24:21.998 [https-jsse-nio-8443-exec-3] DEBUG o.s.s.w.a.c.ChannelProcessingFilter - Request: filter invocation [GET /css/styles.css]; ConfigAttributes: [REQUIRES_SECURE_CHANNEL]
16:24:21.998 [https-jsse-nio-8443-exec-6] DEBUG o.s.s.w.a.c.ChannelProcessingFilter - Request: filter invocation [GET /js/bootstrap.bundle.min.js]; ConfigAttributes: [REQUIRES_SECURE_CHANNEL]
16:24:21.998 [https-jsse-nio-8443-exec-10] DEBUG o.s.security.web.FilterChainProxy - Securing GET /icons/mftlogo.png
16:24:21.998 [https-jsse-nio-8443-exec-10] DEBUG o.s.s.w.a.c.ChannelProcessingFilter - Request: filter invocation [GET /icons/mftlogo.png]; ConfigAttributes: [REQUIRES_SECURE_CHANNEL]
16:24:21.998 [https-jsse-nio-8443-exec-4] DEBUG o.s.security.web.FilterChainProxy - Securing GET /profiles/1/picture
16:24:21.998 [https-jsse-nio-8443-exec-3] DEBUG o.s.security.web.FilterChainProxy - Secured GET /css/styles.css
16:24:21.998 [https-jsse-nio-8443-exec-6] DEBUG o.s.security.web.FilterChainProxy - Secured GET /js/bootstrap.bundle.min.js
16:24:21.998 [https-jsse-nio-8443-exec-4] DEBUG o.s.s.w.a.c.ChannelProcessingFilter - Request: filter invocation [GET /profiles/1/picture]; ConfigAttributes: [REQUIRES_SECURE_CHANNEL]
16:24:21.999 [https-jsse-nio-8443-exec-10] DEBUG o.s.security.web.FilterChainProxy - Secured GET /icons/mftlogo.png
16:24:21.999 [https-jsse-nio-8443-exec-4] DEBUG o.s.s.w.c.HttpSessionSecurityContextRepository - Retrieved SecurityContextImpl [Authentication=UsernamePasswordAuthenticationToken [Principal=ir.model.entity.CustomUserDetails@523558af, Credentials=[PROTECTED], Authenticated=true, Details=WebAuthenticationDetails [RemoteIpAddress=0:0:0:0:0:0:0:1, SessionId=F42E628CE3C91075A6590BF295145743], Granted Authorities=[TICKET_EDIT, BUILDING_CREATE, ROLE_ADMIN, TICKET_DELETE, TICKET_CREATE]]]
16:24:21.999 [https-jsse-nio-8443-exec-4] DEBUG o.s.security.web.FilterChainProxy - Secured GET /profiles/1/picture
16:24:22.000 [https-jsse-nio-8443-exec-3] DEBUG o.s.s.w.c.HttpSessionSecurityContextRepository - Retrieved SecurityContextImpl [Authentication=UsernamePasswordAuthenticationToken [Principal=ir.model.entity.CustomUserDetails@523558af, Credentials=[PROTECTED], Authenticated=true, Details=WebAuthenticationDetails [RemoteIpAddress=0:0:0:0:0:0:0:1, SessionId=F42E628CE3C91075A6590BF295145743], Granted Authorities=[TICKET_EDIT, BUILDING_CREATE, ROLE_ADMIN, TICKET_DELETE, TICKET_CREATE]]]
16:24:22.000 [https-jsse-nio-8443-exec-4] DEBUG o.s.jdbc.datasource.DataSourceUtils - Setting JDBC Connection [HikariProxyConnection@521963280 wrapping oracle.jdbc.driver.T4CConnection@328d3a7] read-only
16:24:22.000 [https-jsse-nio-8443-exec-4] DEBUG o.h.e.t.internal.TransactionImpl - On TransactionImpl creation, JpaCompliance#isJpaTransactionComplianceEnabled == false
16:24:22.000 [https-jsse-nio-8443-exec-4] DEBUG o.h.e.t.internal.TransactionImpl - begin
16:24:22.001 [https-jsse-nio-8443-exec-10] DEBUG o.s.s.w.c.HttpSessionSecurityContextRepository - Retrieved SecurityContextImpl [Authentication=UsernamePasswordAuthenticationToken [Principal=ir.model.entity.CustomUserDetails@523558af, Credentials=[PROTECTED], Authenticated=true, Details=WebAuthenticationDetails [RemoteIpAddress=0:0:0:0:0:0:0:1, SessionId=F42E628CE3C91075A6590BF295145743], Granted Authorities=[TICKET_EDIT, BUILDING_CREATE, ROLE_ADMIN, TICKET_DELETE, TICKET_CREATE]]]
16:24:22.002 [https-jsse-nio-8443-exec-4] DEBUG org.hibernate.SQL - 
    select
        p1_0.id,
        p1_0.deleted,
        p1_0.email,
        p1_0.first_name,
        p1_0.last_name,
        p1_0.phone,
        p1_0.attachment_id,
        p1_0.username 
    from
        profile_tbl p1_0 
    where
        p1_0.id=? 
        and (
            p1_0.deleted = 0
        )
16:24:22.003 [https-jsse-nio-8443-exec-4] TRACE org.hibernate.orm.jdbc.bind - binding parameter (1:BIGINT) <- [1]
16:24:22.003 [https-jsse-nio-8443-exec-9] DEBUG o.s.security.web.FilterChainProxy - Securing GET /profiles/2/picture
16:24:22.003 [https-jsse-nio-8443-exec-9] DEBUG o.s.s.w.a.c.ChannelProcessingFilter - Request: filter invocation [GET /profiles/2/picture]; ConfigAttributes: [REQUIRES_SECURE_CHANNEL]
16:24:22.004 [https-jsse-nio-8443-exec-6] DEBUG o.s.s.w.c.HttpSessionSecurityContextRepository - Retrieved SecurityContextImpl [Authentication=UsernamePasswordAuthenticationToken [Principal=ir.model.entity.CustomUserDetails@523558af, Credentials=[PROTECTED], Authenticated=true, Details=WebAuthenticationDetails [RemoteIpAddress=0:0:0:0:0:0:0:1, SessionId=F42E628CE3C91075A6590BF295145743], Granted Authorities=[TICKET_EDIT, BUILDING_CREATE, ROLE_ADMIN, TICKET_DELETE, TICKET_CREATE]]]
16:24:22.004 [https-jsse-nio-8443-exec-9] DEBUG o.s.s.w.c.HttpSessionSecurityContextRepository - Retrieved SecurityContextImpl [Authentication=UsernamePasswordAuthenticationToken [Principal=ir.model.entity.CustomUserDetails@523558af, Credentials=[PROTECTED], Authenticated=true, Details=WebAuthenticationDetails [RemoteIpAddress=0:0:0:0:0:0:0:1, SessionId=F42E628CE3C91075A6590BF295145743], Granted Authorities=[TICKET_EDIT, BUILDING_CREATE, ROLE_ADMIN, TICKET_DELETE, TICKET_CREATE]]]
16:24:22.004 [https-jsse-nio-8443-exec-9] DEBUG o.s.security.web.FilterChainProxy - Secured GET /profiles/2/picture
16:24:22.006 [https-jsse-nio-8443-exec-9] DEBUG o.s.jdbc.datasource.DataSourceUtils - Setting JDBC Connection [HikariProxyConnection@1856091158 wrapping oracle.jdbc.driver.T4CConnection@60bc9ff1] read-only
16:24:22.006 [https-jsse-nio-8443-exec-9] DEBUG o.h.e.t.internal.TransactionImpl - On TransactionImpl creation, JpaCompliance#isJpaTransactionComplianceEnabled == false
16:24:22.006 [https-jsse-nio-8443-exec-9] DEBUG o.h.e.t.internal.TransactionImpl - begin
16:24:22.006 [https-jsse-nio-8443-exec-9] DEBUG org.hibernate.SQL - 
    select
        p1_0.id,
        p1_0.deleted,
        p1_0.email,
        p1_0.first_name,
        p1_0.last_name,
        p1_0.phone,
        p1_0.attachment_id,
        p1_0.username 
    from
        profile_tbl p1_0 
    where
        p1_0.id=? 
        and (
            p1_0.deleted = 0
        )
16:24:22.007 [https-jsse-nio-8443-exec-9] TRACE org.hibernate.orm.jdbc.bind - binding parameter (1:BIGINT) <- [2]
16:24:22.008 [https-jsse-nio-8443-exec-4] TRACE org.hibernate.orm.jdbc.extract - extracted value (7:BIGINT) -> [1]
16:24:22.009 [https-jsse-nio-8443-exec-4] TRACE org.hibernate.orm.jdbc.extract - extracted value (8:VARCHAR) -> [reza]
16:24:22.009 [https-jsse-nio-8443-exec-4] TRACE org.hibernate.orm.jdbc.extract - extracted value (2:BOOLEAN) -> [false]
16:24:22.009 [https-jsse-nio-8443-exec-4] TRACE org.hibernate.orm.jdbc.extract - extracted value (3:VARCHAR) -> [reza@gmail.com]
16:24:22.009 [https-jsse-nio-8443-exec-4] TRACE org.hibernate.orm.jdbc.extract - extracted value (4:VARCHAR) -> [reza]
16:24:22.009 [https-jsse-nio-8443-exec-4] TRACE org.hibernate.orm.jdbc.extract - extracted value (5:VARCHAR) -> [rezai]
16:24:22.009 [https-jsse-nio-8443-exec-4] TRACE org.hibernate.orm.jdbc.extract - extracted value (6:VARCHAR) -> [09122540365]
16:24:22.009 [https-jsse-nio-8443-exec-4] DEBUG o.h.e.t.internal.TransactionImpl - committing
16:24:22.010 [https-jsse-nio-8443-exec-4] DEBUG o.s.jdbc.datasource.DataSourceUtils - Resetting read-only flag of JDBC Connection [HikariProxyConnection@521963280 wrapping oracle.jdbc.driver.T4CConnection@328d3a7]
16:24:22.010 [https-jsse-nio-8443-exec-2] DEBUG o.s.s.w.c.HttpSessionSecurityContextRepository - Retrieved SecurityContextImpl [Authentication=UsernamePasswordAuthenticationToken [Principal=ir.model.entity.CustomUserDetails@523558af, Credentials=[PROTECTED], Authenticated=true, Details=WebAuthenticationDetails [RemoteIpAddress=0:0:0:0:0:0:0:1, SessionId=F42E628CE3C91075A6590BF295145743], Granted Authorities=[TICKET_EDIT, BUILDING_CREATE, ROLE_ADMIN, TICKET_DELETE, TICKET_CREATE]]]
16:24:22.010 [https-jsse-nio-8443-exec-4] DEBUG org.hibernate.SQL - 
    select
        a1_0.id,
        a1_0.attach_time,
        a1_0.deleted,
        a1_0.description,
        a1_0.extracted_text,
        a1_0.file_name,
        a1_0.file_size,
        a1_0.file_type,
        a1_0.message_id,
        a1_0.mongo_file_id 
    from
        attachment_tbl a1_0 
    where
        a1_0.id=? 
        and (
            a1_0.deleted = 0
        )
16:24:22.010 [https-jsse-nio-8443-exec-4] TRACE org.hibernate.orm.jdbc.bind - binding parameter (1:BIGINT) <- [1]
16:24:22.012 [https-jsse-nio-8443-exec-1] DEBUG o.s.security.web.FilterChainProxy - Securing GET /icons/no-image.png
16:24:22.012 [https-jsse-nio-8443-exec-1] DEBUG o.s.s.w.a.c.ChannelProcessingFilter - Request: filter invocation [GET /icons/no-image.png]; ConfigAttributes: [REQUIRES_SECURE_CHANNEL]
16:24:22.013 [https-jsse-nio-8443-exec-1] DEBUG o.s.security.web.FilterChainProxy - Secured GET /icons/no-image.png
16:24:22.015 [https-jsse-nio-8443-exec-1] DEBUG o.s.s.w.c.HttpSessionSecurityContextRepository - Retrieved SecurityContextImpl [Authentication=UsernamePasswordAuthenticationToken [Principal=ir.model.entity.CustomUserDetails@523558af, Credentials=[PROTECTED], Authenticated=true, Details=WebAuthenticationDetails [RemoteIpAddress=0:0:0:0:0:0:0:1, SessionId=F42E628CE3C91075A6590BF295145743], Granted Authorities=[TICKET_EDIT, BUILDING_CREATE, ROLE_ADMIN, TICKET_DELETE, TICKET_CREATE]]]
16:24:22.017 [https-jsse-nio-8443-exec-4] TRACE org.hibernate.orm.jdbc.extract - extracted value (9:BIGINT) -> [null]
16:24:22.017 [https-jsse-nio-8443-exec-4] TRACE org.hibernate.orm.jdbc.extract - extracted value (1:BIGINT) -> [1]
16:24:22.017 [https-jsse-nio-8443-exec-4] TRACE org.hibernate.orm.jdbc.extract - extracted value (2:TIMESTAMP) -> [2025-11-30T21:34:06.885794]
16:24:22.017 [https-jsse-nio-8443-exec-4] TRACE org.hibernate.orm.jdbc.extract - extracted value (3:BOOLEAN) -> [false]
16:24:22.017 [https-jsse-nio-8443-exec-4] TRACE org.hibernate.orm.jdbc.extract - extracted value (4:VARCHAR) -> [null]
16:24:22.017 [https-jsse-nio-8443-exec-4] TRACE org.hibernate.orm.jdbc.extract - extracted value (5:VARCHAR) -> [null]
16:24:22.017 [https-jsse-nio-8443-exec-4] TRACE org.hibernate.orm.jdbc.extract - extracted value (6:VARCHAR) -> [p11.jpg]
16:24:22.017 [https-jsse-nio-8443-exec-4] TRACE org.hibernate.orm.jdbc.extract - extracted value (7:BIGINT) -> [344907]
16:24:22.017 [https-jsse-nio-8443-exec-4] TRACE org.hibernate.orm.jdbc.extract - extracted value (8:TINYINT) -> [JPG]
16:24:22.017 [https-jsse-nio-8443-exec-4] TRACE org.hibernate.orm.jdbc.extract - extracted value (10:VARCHAR) -> [692c8716b11dee799d876613]
16:24:22.022 [https-jsse-nio-8443-exec-9] TRACE org.hibernate.orm.jdbc.extract - extracted value (7:BIGINT) -> [2]
16:24:22.022 [https-jsse-nio-8443-exec-9] TRACE org.hibernate.orm.jdbc.extract - extracted value (8:VARCHAR) -> [shirin]
16:24:22.022 [https-jsse-nio-8443-exec-9] TRACE org.hibernate.orm.jdbc.extract - extracted value (2:BOOLEAN) -> [false]
16:24:22.023 [https-jsse-nio-8443-exec-9] TRACE org.hibernate.orm.jdbc.extract - extracted value (3:VARCHAR) -> [shahram@yahoo.com]
16:24:22.023 [https-jsse-nio-8443-exec-9] TRACE org.hibernate.orm.jdbc.extract - extracted value (4:VARCHAR) -> [shirin]
16:24:22.023 [https-jsse-nio-8443-exec-9] TRACE org.hibernate.orm.jdbc.extract - extracted value (5:VARCHAR) -> [nobari]
16:24:22.023 [https-jsse-nio-8443-exec-9] TRACE org.hibernate.orm.jdbc.extract - extracted value (6:VARCHAR) -> [09122688344]
16:24:22.023 [https-jsse-nio-8443-exec-9] DEBUG o.h.e.t.internal.TransactionImpl - committing
16:24:22.023 [https-jsse-nio-8443-exec-9] DEBUG o.s.jdbc.datasource.DataSourceUtils - Resetting read-only flag of JDBC Connection [HikariProxyConnection@1856091158 wrapping oracle.jdbc.driver.T4CConnection@60bc9ff1]
16:24:22.023 [https-jsse-nio-8443-exec-9] DEBUG org.hibernate.SQL - 
    select
        a1_0.id,
        a1_0.attach_time,
        a1_0.deleted,
        a1_0.description,
        a1_0.extracted_text,
        a1_0.file_name,
        a1_0.file_size,
        a1_0.file_type,
        a1_0.message_id,
        a1_0.mongo_file_id 
    from
        attachment_tbl a1_0 
    where
        a1_0.id=? 
        and (
            a1_0.deleted = 0
        )
16:24:22.024 [https-jsse-nio-8443-exec-9] TRACE org.hibernate.orm.jdbc.bind - binding parameter (1:BIGINT) <- [2]
16:24:22.024 [https-jsse-nio-8443-exec-7] DEBUG o.s.security.web.FilterChainProxy - Securing GET /js/fontawesome.js
16:24:22.024 [https-jsse-nio-8443-exec-7] DEBUG o.s.s.w.a.c.ChannelProcessingFilter - Request: filter invocation [GET /js/fontawesome.js]; ConfigAttributes: [REQUIRES_SECURE_CHANNEL]
16:24:22.025 [https-jsse-nio-8443-exec-9] TRACE org.hibernate.orm.jdbc.extract - extracted value (9:BIGINT) -> [null]
16:24:22.025 [https-jsse-nio-8443-exec-9] TRACE org.hibernate.orm.jdbc.extract - extracted value (1:BIGINT) -> [2]
16:24:22.025 [https-jsse-nio-8443-exec-9] TRACE org.hibernate.orm.jdbc.extract - extracted value (2:TIMESTAMP) -> [2025-11-30T23:36:19.199976]
16:24:22.025 [https-jsse-nio-8443-exec-9] TRACE org.hibernate.orm.jdbc.extract - extracted value (3:BOOLEAN) -> [false]
16:24:22.025 [https-jsse-nio-8443-exec-9] TRACE org.hibernate.orm.jdbc.extract - extracted value (4:VARCHAR) -> [null]
16:24:22.025 [https-jsse-nio-8443-exec-9] TRACE org.hibernate.orm.jdbc.extract - extracted value (5:VARCHAR) -> [null]
16:24:22.025 [https-jsse-nio-8443-exec-9] TRACE org.hibernate.orm.jdbc.extract - extracted value (6:VARCHAR) -> [p3.jpg]
16:24:22.025 [https-jsse-nio-8443-exec-9] TRACE org.hibernate.orm.jdbc.extract - extracted value (7:BIGINT) -> [183499]
16:24:22.025 [https-jsse-nio-8443-exec-7] DEBUG o.s.security.web.FilterChainProxy - Secured GET /js/fontawesome.js
16:24:22.025 [https-jsse-nio-8443-exec-9] TRACE org.hibernate.orm.jdbc.extract - extracted value (8:TINYINT) -> [JPG]
16:24:22.025 [https-jsse-nio-8443-exec-9] TRACE org.hibernate.orm.jdbc.extract - extracted value (10:VARCHAR) -> [692ca3bbe154d309f2383254]
16:24:22.066 [https-jsse-nio-8443-exec-4] INFO  i.c.exception.ResponseAspect - Web Controller: getProfilePicture
16:24:22.066 [https-jsse-nio-8443-exec-9] INFO  i.c.exception.ResponseAspect - Web Controller: getProfilePicture
16:24:22.123 [https-jsse-nio-8443-exec-5] DEBUG o.s.security.web.FilterChainProxy - Securing GET /js/toast.js
16:24:22.123 [https-jsse-nio-8443-exec-5] DEBUG o.s.s.w.a.c.ChannelProcessingFilter - Request: filter invocation [GET /js/toast.js]; ConfigAttributes: [REQUIRES_SECURE_CHANNEL]
16:24:22.124 [https-jsse-nio-8443-exec-5] DEBUG o.s.security.web.FilterChainProxy - Secured GET /js/toast.js
16:24:22.125 [https-jsse-nio-8443-exec-5] DEBUG o.s.s.w.c.HttpSessionSecurityContextRepository - Retrieved SecurityContextImpl [Authentication=UsernamePasswordAuthenticationToken [Principal=ir.model.entity.CustomUserDetails@523558af, Credentials=[PROTECTED], Authenticated=true, Details=WebAuthenticationDetails [RemoteIpAddress=0:0:0:0:0:0:0:1, SessionId=F42E628CE3C91075A6590BF295145743], Granted Authorities=[TICKET_EDIT, BUILDING_CREATE, ROLE_ADMIN, TICKET_DELETE, TICKET_CREATE]]]
16:24:22.127 [https-jsse-nio-8443-exec-8] DEBUG o.s.security.web.FilterChainProxy - Securing GET /js/script.js
16:24:22.127 [https-jsse-nio-8443-exec-8] DEBUG o.s.s.w.a.c.ChannelProcessingFilter - Request: filter invocation [GET /js/script.js]; ConfigAttributes: [REQUIRES_SECURE_CHANNEL]
16:24:22.128 [https-jsse-nio-8443-exec-8] DEBUG o.s.security.web.FilterChainProxy - Secured GET /js/script.js
16:24:22.129 [https-jsse-nio-8443-exec-8] DEBUG o.s.s.w.c.HttpSessionSecurityContextRepository - Retrieved SecurityContextImpl [Authentication=UsernamePasswordAuthenticationToken [Principal=ir.model.entity.CustomUserDetails@523558af, Credentials=[PROTECTED], Authenticated=true, Details=WebAuthenticationDetails [RemoteIpAddress=0:0:0:0:0:0:0:1, SessionId=F42E628CE3C91075A6590BF295145743], Granted Authorities=[TICKET_EDIT, BUILDING_CREATE, ROLE_ADMIN, TICKET_DELETE, TICKET_CREATE]]]
16:24:22.132 [https-jsse-nio-8443-exec-3] DEBUG o.s.security.web.FilterChainProxy - Securing GET /js/profiles-api.js
16:24:22.132 [https-jsse-nio-8443-exec-3] DEBUG o.s.s.w.a.c.ChannelProcessingFilter - Request: filter invocation [GET /js/profiles-api.js]; ConfigAttributes: [REQUIRES_SECURE_CHANNEL]
16:24:22.132 [https-jsse-nio-8443-exec-3] DEBUG o.s.security.web.FilterChainProxy - Secured GET /js/profiles-api.js
16:24:22.155 [https-jsse-nio-8443-exec-3] DEBUG o.s.s.w.c.HttpSessionSecurityContextRepository - Retrieved SecurityContextImpl [Authentication=UsernamePasswordAuthenticationToken [Principal=ir.model.entity.CustomUserDetails@523558af, Credentials=[PROTECTED], Authenticated=true, Details=WebAuthenticationDetails [RemoteIpAddress=0:0:0:0:0:0:0:1, SessionId=F42E628CE3C91075A6590BF295145743], Granted Authorities=[TICKET_EDIT, BUILDING_CREATE, ROLE_ADMIN, TICKET_DELETE, TICKET_CREATE]]]
16:24:22.403 [org.springframework.kafka.KafkaListenerEndpointContainer#0-0-C-1] INFO  o.apache.kafka.clients.NetworkClient - [Consumer clientId=consumer-building-service-updater-1, groupId=building-service-updater] Node -1 disconnected.
16:24:22.403 [org.springframework.kafka.KafkaListenerEndpointContainer#0-0-C-1] WARN  o.apache.kafka.clients.NetworkClient - [Consumer clientId=consumer-building-service-updater-1, groupId=building-service-updater] Connection to node -1 (localhost/127.0.0.1:9092) could not be established. Node may not be available.
16:24:22.403 [org.springframework.kafka.KafkaListenerEndpointContainer#0-0-C-1] WARN  o.apache.kafka.clients.NetworkClient - [Consumer clientId=consumer-building-service-updater-1, groupId=building-service-updater] Bootstrap broker localhost:9092 (id: -1 rack: null) disconnected
16:24:22.510 [https-jsse-nio-8443-exec-7] DEBUG o.s.s.w.c.HttpSessionSecurityContextRepository - Retrieved SecurityContextImpl [Authentication=UsernamePasswordAuthenticationToken [Principal=ir.model.entity.CustomUserDetails@523558af, Credentials=[PROTECTED], Authenticated=true, Details=WebAuthenticationDetails [RemoteIpAddress=0:0:0:0:0:0:0:1, SessionId=F42E628CE3C91075A6590BF295145743], Granted Authorities=[TICKET_EDIT, BUILDING_CREATE, ROLE_ADMIN, TICKET_DELETE, TICKET_CREATE]]]
16:24:22.648 [https-jsse-nio-8443-exec-10] DEBUG o.s.security.web.FilterChainProxy - Securing GET /profiles?page=0&size=10&sortBy=firstName&fragment=true
16:24:22.648 [https-jsse-nio-8443-exec-10] DEBUG o.s.s.w.a.c.ChannelProcessingFilter - Request: filter invocation [GET /profiles?page=0&size=10&sortBy=firstName&fragment=true]; ConfigAttributes: [REQUIRES_SECURE_CHANNEL]
16:24:22.648 [https-jsse-nio-8443-exec-10] DEBUG o.s.s.w.c.HttpSessionSecurityContextRepository - Retrieved SecurityContextImpl [Authentication=UsernamePasswordAuthenticationToken [Principal=ir.model.entity.CustomUserDetails@523558af, Credentials=[PROTECTED], Authenticated=true, Details=WebAuthenticationDetails [RemoteIpAddress=0:0:0:0:0:0:0:1, SessionId=F42E628CE3C91075A6590BF295145743], Granted Authorities=[TICKET_EDIT, BUILDING_CREATE, ROLE_ADMIN, TICKET_DELETE, TICKET_CREATE]]]
16:24:22.649 [https-jsse-nio-8443-exec-10] DEBUG o.s.security.web.FilterChainProxy - Secured GET /profiles?page=0&size=10&sortBy=firstName&fragment=true
16:24:22.650 [https-jsse-nio-8443-exec-2] DEBUG o.s.security.web.FilterChainProxy - Securing GET /webfonts/fa-brands-400.woff2
16:24:22.650 [https-jsse-nio-8443-exec-6] DEBUG o.s.security.web.FilterChainProxy - Securing GET /webfonts/fa-solid-900.woff2
16:24:22.650 [https-jsse-nio-8443-exec-2] DEBUG o.s.s.w.a.c.ChannelProcessingFilter - Request: filter invocation [GET /webfonts/fa-brands-400.woff2]; ConfigAttributes: [REQUIRES_SECURE_CHANNEL]
16:24:22.650 [https-jsse-nio-8443-exec-6] DEBUG o.s.s.w.a.c.ChannelProcessingFilter - Request: filter invocation [GET /webfonts/fa-solid-900.woff2]; ConfigAttributes: [REQUIRES_SECURE_CHANNEL]
16:24:22.651 [https-jsse-nio-8443-exec-10] DEBUG o.s.jdbc.datasource.DataSourceUtils - Setting JDBC Connection [HikariProxyConnection@220977743 wrapping oracle.jdbc.driver.T4CConnection@328d3a7] read-only
16:24:22.651 [https-jsse-nio-8443-exec-10] DEBUG o.h.e.t.internal.TransactionImpl - On TransactionImpl creation, JpaCompliance#isJpaTransactionComplianceEnabled == false
16:24:22.651 [https-jsse-nio-8443-exec-10] DEBUG o.h.e.t.internal.TransactionImpl - begin
16:24:22.651 [https-jsse-nio-8443-exec-2] DEBUG o.s.s.w.c.HttpSessionSecurityContextRepository - Retrieved SecurityContextImpl [Authentication=UsernamePasswordAuthenticationToken [Principal=ir.model.entity.CustomUserDetails@523558af, Credentials=[PROTECTED], Authenticated=true, Details=WebAuthenticationDetails [RemoteIpAddress=0:0:0:0:0:0:0:1, SessionId=F42E628CE3C91075A6590BF295145743], Granted Authorities=[TICKET_EDIT, BUILDING_CREATE, ROLE_ADMIN, TICKET_DELETE, TICKET_CREATE]]]
16:24:22.651 [https-jsse-nio-8443-exec-2] DEBUG o.s.security.web.FilterChainProxy - Secured GET /webfonts/fa-brands-400.woff2
16:24:22.651 [https-jsse-nio-8443-exec-6] DEBUG o.s.s.w.c.HttpSessionSecurityContextRepository - Retrieved SecurityContextImpl [Authentication=UsernamePasswordAuthenticationToken [Principal=ir.model.entity.CustomUserDetails@523558af, Credentials=[PROTECTED], Authenticated=true, Details=WebAuthenticationDetails [RemoteIpAddress=0:0:0:0:0:0:0:1, SessionId=F42E628CE3C91075A6590BF295145743], Granted Authorities=[TICKET_EDIT, BUILDING_CREATE, ROLE_ADMIN, TICKET_DELETE, TICKET_CREATE]]]
16:24:22.651 [https-jsse-nio-8443-exec-6] DEBUG o.s.security.web.FilterChainProxy - Secured GET /webfonts/fa-solid-900.woff2
16:24:22.652 [https-jsse-nio-8443-exec-10] DEBUG org.hibernate.SQL - 
    /* <criteria> */ select
        p1_0.id,
        p1_0.deleted,
        p1_0.email,
        p1_0.first_name,
        p1_0.last_name,
        p1_0.phone,
        p1_0.attachment_id,
        p1_0.username 
    from
        profile_tbl p1_0 
    where
        (
            p1_0.deleted = 0
        ) 
    order by
        p1_0.first_name 
    offset
        ? rows 
    fetch
        first ? rows only
16:24:22.652 [https-jsse-nio-8443-exec-10] TRACE org.hibernate.orm.jdbc.bind - binding parameter (1:INTEGER) <- [0]
16:24:22.652 [https-jsse-nio-8443-exec-10] TRACE org.hibernate.orm.jdbc.bind - binding parameter (2:INTEGER) <- [10]
16:24:22.653 [https-jsse-nio-8443-exec-10] TRACE org.hibernate.orm.jdbc.extract - extracted value (1:BIGINT) -> [1]
16:24:22.653 [https-jsse-nio-8443-exec-10] TRACE org.hibernate.orm.jdbc.extract - extracted value (7:BIGINT) -> [1]
16:24:22.653 [https-jsse-nio-8443-exec-10] TRACE org.hibernate.orm.jdbc.extract - extracted value (8:VARCHAR) -> [reza]
16:24:22.653 [https-jsse-nio-8443-exec-10] TRACE org.hibernate.orm.jdbc.extract - extracted value (2:BOOLEAN) -> [false]
16:24:22.653 [https-jsse-nio-8443-exec-10] TRACE org.hibernate.orm.jdbc.extract - extracted value (3:VARCHAR) -> [reza@gmail.com]
16:24:22.653 [https-jsse-nio-8443-exec-10] TRACE org.hibernate.orm.jdbc.extract - extracted value (4:VARCHAR) -> [reza]
16:24:22.653 [https-jsse-nio-8443-exec-10] TRACE org.hibernate.orm.jdbc.extract - extracted value (5:VARCHAR) -> [rezai]
16:24:22.653 [https-jsse-nio-8443-exec-10] TRACE org.hibernate.orm.jdbc.extract - extracted value (6:VARCHAR) -> [09122540365]
16:24:22.654 [https-jsse-nio-8443-exec-10] TRACE org.hibernate.orm.jdbc.extract - extracted value (1:BIGINT) -> [2]
16:24:22.654 [https-jsse-nio-8443-exec-10] TRACE org.hibernate.orm.jdbc.extract - extracted value (7:BIGINT) -> [2]
16:24:22.654 [https-jsse-nio-8443-exec-10] TRACE org.hibernate.orm.jdbc.extract - extracted value (8:VARCHAR) -> [shirin]
16:24:22.654 [https-jsse-nio-8443-exec-10] TRACE org.hibernate.orm.jdbc.extract - extracted value (2:BOOLEAN) -> [false]
16:24:22.654 [https-jsse-nio-8443-exec-10] TRACE org.hibernate.orm.jdbc.extract - extracted value (3:VARCHAR) -> [shahram@yahoo.com]
16:24:22.654 [https-jsse-nio-8443-exec-10] TRACE org.hibernate.orm.jdbc.extract - extracted value (4:VARCHAR) -> [shirin]
16:24:22.654 [https-jsse-nio-8443-exec-10] TRACE org.hibernate.orm.jdbc.extract - extracted value (5:VARCHAR) -> [nobari]
16:24:22.654 [https-jsse-nio-8443-exec-10] TRACE org.hibernate.orm.jdbc.extract - extracted value (6:VARCHAR) -> [09122688344]
16:24:22.654 [https-jsse-nio-8443-exec-10] DEBUG o.h.e.t.internal.TransactionImpl - committing
16:24:22.655 [https-jsse-nio-8443-exec-10] DEBUG o.s.jdbc.datasource.DataSourceUtils - Resetting read-only flag of JDBC Connection [HikariProxyConnection@220977743 wrapping oracle.jdbc.driver.T4CConnection@328d3a7]
16:24:22.655 [https-jsse-nio-8443-exec-10] INFO  i.c.exception.ResponseAspect - Web Controller: profilesList
16:24:22.661 [https-jsse-nio-8443-exec-10] DEBUG org.hibernate.SQL - 
    select
        u1_0.username,
        u1_0.account_non_expired,
        u1_0.account_non_locked,
        u1_0.credentials_expiry_date,
        u1_0.credentials_non_expired,
        u1_0.deleted,
        u1_0.enabled,
        u1_0.password,
        rs1_0.username,
        rs1_1.name,
        rs1_1.deleted,
        ps1_0.role_name,
        ps1_1.id,
        ps1_1.deleted,
        ps1_1.permission 
    from
        user_tbl u1_0 
    left join
        (user_role_tbl rs1_0 
    join
        role_tbl rs1_1 
            on rs1_1.name=rs1_0.role_name) 
        on u1_0.username=rs1_0.username 
        and ( rs1_1.deleted = 0) 
    left join
        (role_permission_tbl ps1_0 
    join
        permission_tbl ps1_1 
            on ps1_1.id=ps1_0.permission) 
        on rs1_1.name=ps1_0.role_name 
        and ( ps1_1.deleted = 0) 
    where
        u1_0.username=? 
        and (
            u1_0.deleted = 0
        )
16:24:22.661 [https-jsse-nio-8443-exec-10] TRACE org.hibernate.orm.jdbc.bind - binding parameter (1:VARCHAR) <- [reza]
16:24:22.662 [https-jsse-nio-8443-exec-10] TRACE org.hibernate.orm.jdbc.extract - extracted value (9:VARCHAR) -> [reza]
16:24:22.662 [https-jsse-nio-8443-exec-10] TRACE org.hibernate.orm.jdbc.extract - extracted value (10:VARCHAR) -> [ROLE_MANAGER]
16:24:22.662 [https-jsse-nio-8443-exec-10] TRACE org.hibernate.orm.jdbc.extract - extracted value (12:VARCHAR) -> [null]
16:24:22.662 [https-jsse-nio-8443-exec-10] TRACE org.hibernate.orm.jdbc.extract - extracted value (11:BOOLEAN) -> [false]
16:24:22.663 [https-jsse-nio-8443-exec-10] TRACE org.hibernate.orm.jdbc.extract - extracted value (2:BOOLEAN) -> [true]
16:24:22.663 [https-jsse-nio-8443-exec-10] TRACE org.hibernate.orm.jdbc.extract - extracted value (3:BOOLEAN) -> [true]
16:24:22.663 [https-jsse-nio-8443-exec-10] TRACE org.hibernate.orm.jdbc.extract - extracted value (4:TIMESTAMP) -> [2026-05-30T21:34:06.705809]
16:24:22.663 [https-jsse-nio-8443-exec-10] TRACE org.hibernate.orm.jdbc.extract - extracted value (5:BOOLEAN) -> [true]
16:24:22.663 [https-jsse-nio-8443-exec-10] TRACE org.hibernate.orm.jdbc.extract - extracted value (6:BOOLEAN) -> [false]
16:24:22.663 [https-jsse-nio-8443-exec-10] TRACE org.hibernate.orm.jdbc.extract - extracted value (7:BOOLEAN) -> [true]
16:24:22.663 [https-jsse-nio-8443-exec-10] TRACE org.hibernate.orm.jdbc.extract - extracted value (8:VARCHAR) -> [$2a$12$bardfyG03UYKdkTwZmSsB.8R8w/U.TIJgDo5mKX7U7y1lGb5nEgXW]
16:24:22.665 [https-jsse-nio-8443-exec-10] DEBUG org.hibernate.SQL - 
    select
        u1_0.username,
        u1_0.account_non_expired,
        u1_0.account_non_locked,
        u1_0.credentials_expiry_date,
        u1_0.credentials_non_expired,
        u1_0.deleted,
        u1_0.enabled,
        u1_0.password,
        rs1_0.username,
        rs1_1.name,
        rs1_1.deleted,
        ps1_0.role_name,
        ps1_1.id,
        ps1_1.deleted,
        ps1_1.permission 
    from
        user_tbl u1_0 
    left join
        (user_role_tbl rs1_0 
    join
        role_tbl rs1_1 
            on rs1_1.name=rs1_0.role_name) 
        on u1_0.username=rs1_0.username 
        and ( rs1_1.deleted = 0) 
    left join
        (role_permission_tbl ps1_0 
    join
        permission_tbl ps1_1 
            on ps1_1.id=ps1_0.permission) 
        on rs1_1.name=ps1_0.role_name 
        and ( ps1_1.deleted = 0) 
    where
        u1_0.username=? 
        and (
            u1_0.deleted = 0
        )
16:24:22.665 [https-jsse-nio-8443-exec-10] TRACE org.hibernate.orm.jdbc.bind - binding parameter (1:VARCHAR) <- [shirin]
16:24:22.666 [https-jsse-nio-8443-exec-10] TRACE org.hibernate.orm.jdbc.extract - extracted value (9:VARCHAR) -> [shirin]
16:24:22.666 [https-jsse-nio-8443-exec-10] TRACE org.hibernate.orm.jdbc.extract - extracted value (10:VARCHAR) -> [ROLE_CUSTOMER]
16:24:22.666 [https-jsse-nio-8443-exec-10] TRACE org.hibernate.orm.jdbc.extract - extracted value (12:VARCHAR) -> [ROLE_CUSTOMER]
16:24:22.666 [https-jsse-nio-8443-exec-10] TRACE org.hibernate.orm.jdbc.extract - extracted value (13:BIGINT) -> [1]
16:24:22.666 [https-jsse-nio-8443-exec-10] TRACE org.hibernate.orm.jdbc.extract - extracted value (14:BOOLEAN) -> [false]
16:24:22.666 [https-jsse-nio-8443-exec-10] TRACE org.hibernate.orm.jdbc.extract - extracted value (15:VARCHAR) -> [TICKET_CREATE]
16:24:22.666 [https-jsse-nio-8443-exec-10] TRACE org.hibernate.orm.jdbc.extract - extracted value (11:BOOLEAN) -> [false]
16:24:22.666 [https-jsse-nio-8443-exec-10] TRACE org.hibernate.orm.jdbc.extract - extracted value (2:BOOLEAN) -> [true]
16:24:22.666 [https-jsse-nio-8443-exec-10] TRACE org.hibernate.orm.jdbc.extract - extracted value (3:BOOLEAN) -> [true]
16:24:22.666 [https-jsse-nio-8443-exec-10] TRACE org.hibernate.orm.jdbc.extract - extracted value (4:TIMESTAMP) -> [2026-05-30T23:36]
16:24:22.666 [https-jsse-nio-8443-exec-10] TRACE org.hibernate.orm.jdbc.extract - extracted value (5:BOOLEAN) -> [true]
16:24:22.666 [https-jsse-nio-8443-exec-10] TRACE org.hibernate.orm.jdbc.extract - extracted value (6:BOOLEAN) -> [false]
16:24:22.666 [https-jsse-nio-8443-exec-10] TRACE org.hibernate.orm.jdbc.extract - extracted value (7:BOOLEAN) -> [true]
16:24:22.666 [https-jsse-nio-8443-exec-10] TRACE org.hibernate.orm.jdbc.extract - extracted value (8:VARCHAR) -> [$2a$12$3AL3k15axqPqxFNB7KFOxeqTBuJVkit.citYnhouqCUUZOmoZJLJe]
16:24:22.674 [https-jsse-nio-8443-exec-1] DEBUG o.s.security.web.FilterChainProxy - Securing GET /profiles/1/picture
16:24:22.674 [https-jsse-nio-8443-exec-9] DEBUG o.s.security.web.FilterChainProxy - Securing GET /profiles/2/picture
16:24:22.674 [https-jsse-nio-8443-exec-1] DEBUG o.s.s.w.a.c.ChannelProcessingFilter - Request: filter invocation [GET /profiles/1/picture]; ConfigAttributes: [REQUIRES_SECURE_CHANNEL]
16:24:22.674 [https-jsse-nio-8443-exec-9] DEBUG o.s.s.w.a.c.ChannelProcessingFilter - Request: filter invocation [GET /profiles/2/picture]; ConfigAttributes: [REQUIRES_SECURE_CHANNEL]
16:24:22.675 [https-jsse-nio-8443-exec-1] DEBUG o.s.s.w.c.HttpSessionSecurityContextRepository - Retrieved SecurityContextImpl [Authentication=UsernamePasswordAuthenticationToken [Principal=ir.model.entity.CustomUserDetails@523558af, Credentials=[PROTECTED], Authenticated=true, Details=WebAuthenticationDetails [RemoteIpAddress=0:0:0:0:0:0:0:1, SessionId=F42E628CE3C91075A6590BF295145743], Granted Authorities=[TICKET_EDIT, BUILDING_CREATE, ROLE_ADMIN, TICKET_DELETE, TICKET_CREATE]]]
16:24:22.675 [https-jsse-nio-8443-exec-9] DEBUG o.s.s.w.c.HttpSessionSecurityContextRepository - Retrieved SecurityContextImpl [Authentication=UsernamePasswordAuthenticationToken [Principal=ir.model.entity.CustomUserDetails@523558af, Credentials=[PROTECTED], Authenticated=true, Details=WebAuthenticationDetails [RemoteIpAddress=0:0:0:0:0:0:0:1, SessionId=F42E628CE3C91075A6590BF295145743], Granted Authorities=[TICKET_EDIT, BUILDING_CREATE, ROLE_ADMIN, TICKET_DELETE, TICKET_CREATE]]]
16:24:22.675 [https-jsse-nio-8443-exec-1] DEBUG o.s.security.web.FilterChainProxy - Secured GET /profiles/1/picture
16:24:22.675 [https-jsse-nio-8443-exec-9] DEBUG o.s.security.web.FilterChainProxy - Secured GET /profiles/2/picture
16:24:22.675 [https-jsse-nio-8443-exec-1] DEBUG o.s.jdbc.datasource.DataSourceUtils - Setting JDBC Connection [HikariProxyConnection@220535407 wrapping oracle.jdbc.driver.T4CConnection@328d3a7] read-only
16:24:22.675 [https-jsse-nio-8443-exec-1] DEBUG o.h.e.t.internal.TransactionImpl - On TransactionImpl creation, JpaCompliance#isJpaTransactionComplianceEnabled == false
16:24:22.675 [https-jsse-nio-8443-exec-1] DEBUG o.h.e.t.internal.TransactionImpl - begin
16:24:22.676 [https-jsse-nio-8443-exec-1] DEBUG org.hibernate.SQL - 
    select
        p1_0.id,
        p1_0.deleted,
        p1_0.email,
        p1_0.first_name,
        p1_0.last_name,
        p1_0.phone,
        p1_0.attachment_id,
        p1_0.username 
    from
        profile_tbl p1_0 
    where
        p1_0.id=? 
        and (
            p1_0.deleted = 0
        )
16:24:22.676 [https-jsse-nio-8443-exec-1] TRACE org.hibernate.orm.jdbc.bind - binding parameter (1:BIGINT) <- [1]
16:24:22.676 [https-jsse-nio-8443-exec-9] DEBUG o.s.jdbc.datasource.DataSourceUtils - Setting JDBC Connection [HikariProxyConnection@1461114031 wrapping oracle.jdbc.driver.T4CConnection@60bc9ff1] read-only
16:24:22.676 [https-jsse-nio-8443-exec-9] DEBUG o.h.e.t.internal.TransactionImpl - On TransactionImpl creation, JpaCompliance#isJpaTransactionComplianceEnabled == false
16:24:22.676 [https-jsse-nio-8443-exec-9] DEBUG o.h.e.t.internal.TransactionImpl - begin
16:24:22.677 [https-jsse-nio-8443-exec-1] TRACE org.hibernate.orm.jdbc.extract - extracted value (7:BIGINT) -> [1]
16:24:22.677 [https-jsse-nio-8443-exec-9] DEBUG org.hibernate.SQL - 
    select
        p1_0.id,
        p1_0.deleted,
        p1_0.email,
        p1_0.first_name,
        p1_0.last_name,
        p1_0.phone,
        p1_0.attachment_id,
        p1_0.username 
    from
        profile_tbl p1_0 
    where
        p1_0.id=? 
        and (
            p1_0.deleted = 0
        )
16:24:22.677 [https-jsse-nio-8443-exec-1] TRACE org.hibernate.orm.jdbc.extract - extracted value (8:VARCHAR) -> [reza]
16:24:22.677 [https-jsse-nio-8443-exec-9] TRACE org.hibernate.orm.jdbc.bind - binding parameter (1:BIGINT) <- [2]
16:24:22.677 [https-jsse-nio-8443-exec-1] TRACE org.hibernate.orm.jdbc.extract - extracted value (2:BOOLEAN) -> [false]
16:24:22.677 [https-jsse-nio-8443-exec-1] TRACE org.hibernate.orm.jdbc.extract - extracted value (3:VARCHAR) -> [reza@gmail.com]
16:24:22.677 [https-jsse-nio-8443-exec-1] TRACE org.hibernate.orm.jdbc.extract - extracted value (4:VARCHAR) -> [reza]
16:24:22.677 [https-jsse-nio-8443-exec-1] TRACE org.hibernate.orm.jdbc.extract - extracted value (5:VARCHAR) -> [rezai]
16:24:22.677 [https-jsse-nio-8443-exec-1] TRACE org.hibernate.orm.jdbc.extract - extracted value (6:VARCHAR) -> [09122540365]
16:24:22.677 [https-jsse-nio-8443-exec-1] DEBUG o.h.e.t.internal.TransactionImpl - committing
16:24:22.677 [https-jsse-nio-8443-exec-9] TRACE org.hibernate.orm.jdbc.extract - extracted value (7:BIGINT) -> [2]
16:24:22.677 [https-jsse-nio-8443-exec-9] TRACE org.hibernate.orm.jdbc.extract - extracted value (8:VARCHAR) -> [shirin]
16:24:22.677 [https-jsse-nio-8443-exec-9] TRACE org.hibernate.orm.jdbc.extract - extracted value (2:BOOLEAN) -> [false]
16:24:22.677 [https-jsse-nio-8443-exec-1] DEBUG o.s.jdbc.datasource.DataSourceUtils - Resetting read-only flag of JDBC Connection [HikariProxyConnection@220535407 wrapping oracle.jdbc.driver.T4CConnection@328d3a7]
16:24:22.677 [https-jsse-nio-8443-exec-9] TRACE org.hibernate.orm.jdbc.extract - extracted value (3:VARCHAR) -> [shahram@yahoo.com]
16:24:22.677 [https-jsse-nio-8443-exec-9] TRACE org.hibernate.orm.jdbc.extract - extracted value (4:VARCHAR) -> [shirin]
16:24:22.677 [https-jsse-nio-8443-exec-9] TRACE org.hibernate.orm.jdbc.extract - extracted value (5:VARCHAR) -> [nobari]
16:24:22.677 [https-jsse-nio-8443-exec-9] TRACE org.hibernate.orm.jdbc.extract - extracted value (6:VARCHAR) -> [09122688344]
16:24:22.677 [https-jsse-nio-8443-exec-1] DEBUG org.hibernate.SQL - 
    select
        a1_0.id,
        a1_0.attach_time,
        a1_0.deleted,
        a1_0.description,
        a1_0.extracted_text,
        a1_0.file_name,
        a1_0.file_size,
        a1_0.file_type,
        a1_0.message_id,
        a1_0.mongo_file_id 
    from
        attachment_tbl a1_0 
    where
        a1_0.id=? 
        and (
            a1_0.deleted = 0
        )
16:24:22.678 [https-jsse-nio-8443-exec-9] DEBUG o.h.e.t.internal.TransactionImpl - committing
16:24:22.678 [https-jsse-nio-8443-exec-1] TRACE org.hibernate.orm.jdbc.bind - binding parameter (1:BIGINT) <- [1]
16:24:22.678 [https-jsse-nio-8443-exec-9] DEBUG o.s.jdbc.datasource.DataSourceUtils - Resetting read-only flag of JDBC Connection [HikariProxyConnection@1461114031 wrapping oracle.jdbc.driver.T4CConnection@60bc9ff1]
16:24:22.678 [https-jsse-nio-8443-exec-9] DEBUG org.hibernate.SQL - 
    select
        a1_0.id,
        a1_0.attach_time,
        a1_0.deleted,
        a1_0.description,
        a1_0.extracted_text,
        a1_0.file_name,
        a1_0.file_size,
        a1_0.file_type,
        a1_0.message_id,
        a1_0.mongo_file_id 
    from
        attachment_tbl a1_0 
    where
        a1_0.id=? 
        and (
            a1_0.deleted = 0
        )
16:24:22.678 [https-jsse-nio-8443-exec-9] TRACE org.hibernate.orm.jdbc.bind - binding parameter (1:BIGINT) <- [2]
16:24:22.678 [https-jsse-nio-8443-exec-1] TRACE org.hibernate.orm.jdbc.extract - extracted value (9:BIGINT) -> [null]
16:24:22.678 [https-jsse-nio-8443-exec-1] TRACE org.hibernate.orm.jdbc.extract - extracted value (1:BIGINT) -> [1]
16:24:22.678 [https-jsse-nio-8443-exec-1] TRACE org.hibernate.orm.jdbc.extract - extracted value (2:TIMESTAMP) -> [2025-11-30T21:34:06.885794]
16:24:22.678 [https-jsse-nio-8443-exec-1] TRACE org.hibernate.orm.jdbc.extract - extracted value (3:BOOLEAN) -> [false]
16:24:22.678 [https-jsse-nio-8443-exec-1] TRACE org.hibernate.orm.jdbc.extract - extracted value (4:VARCHAR) -> [null]
16:24:22.678 [https-jsse-nio-8443-exec-1] TRACE org.hibernate.orm.jdbc.extract - extracted value (5:VARCHAR) -> [null]
16:24:22.678 [https-jsse-nio-8443-exec-1] TRACE org.hibernate.orm.jdbc.extract - extracted value (6:VARCHAR) -> [p11.jpg]
16:24:22.678 [https-jsse-nio-8443-exec-1] TRACE org.hibernate.orm.jdbc.extract - extracted value (7:BIGINT) -> [344907]
16:24:22.678 [https-jsse-nio-8443-exec-1] TRACE org.hibernate.orm.jdbc.extract - extracted value (8:TINYINT) -> [JPG]
16:24:22.678 [https-jsse-nio-8443-exec-1] TRACE org.hibernate.orm.jdbc.extract - extracted value (10:VARCHAR) -> [692c8716b11dee799d876613]
16:24:22.678 [https-jsse-nio-8443-exec-9] TRACE org.hibernate.orm.jdbc.extract - extracted value (9:BIGINT) -> [null]
16:24:22.678 [https-jsse-nio-8443-exec-9] TRACE org.hibernate.orm.jdbc.extract - extracted value (1:BIGINT) -> [2]
16:24:22.680 [https-jsse-nio-8443-exec-9] TRACE org.hibernate.orm.jdbc.extract - extracted value (2:TIMESTAMP) -> [2025-11-30T23:36:19.199976]
16:24:22.680 [https-jsse-nio-8443-exec-9] TRACE org.hibernate.orm.jdbc.extract - extracted value (3:BOOLEAN) -> [false]
16:24:22.680 [https-jsse-nio-8443-exec-9] TRACE org.hibernate.orm.jdbc.extract - extracted value (4:VARCHAR) -> [null]
16:24:22.680 [https-jsse-nio-8443-exec-9] TRACE org.hibernate.orm.jdbc.extract - extracted value (5:VARCHAR) -> [null]
16:24:22.680 [https-jsse-nio-8443-exec-9] TRACE org.hibernate.orm.jdbc.extract - extracted value (6:VARCHAR) -> [p3.jpg]
16:24:22.680 [https-jsse-nio-8443-exec-9] TRACE org.hibernate.orm.jdbc.extract - extracted value (7:BIGINT) -> [183499]
16:24:22.680 [https-jsse-nio-8443-exec-9] TRACE org.hibernate.orm.jdbc.extract - extracted value (8:TINYINT) -> [JPG]
16:24:22.680 [https-jsse-nio-8443-exec-9] TRACE org.hibernate.orm.jdbc.extract - extracted value (10:VARCHAR) -> [692ca3bbe154d309f2383254]
16:24:22.681 [https-jsse-nio-8443-exec-1] INFO  i.c.exception.ResponseAspect - Web Controller: getProfilePicture
16:24:22.681 [https-jsse-nio-8443-exec-9] INFO  i.c.exception.ResponseAspect - Web Controller: getProfilePicture
16:24:23.283 [org.springframework.kafka.KafkaListenerEndpointContainer#0-0-C-1] INFO  o.apache.kafka.clients.NetworkClient - [Consumer clientId=consumer-building-service-updater-1, groupId=building-service-updater] Node -1 disconnected.
16:24:23.283 [org.springframework.kafka.KafkaListenerEndpointContainer#0-0-C-1] WARN  o.apache.kafka.clients.NetworkClient - [Consumer clientId=consumer-building-service-updater-1, groupId=building-service-updater] Connection to node -1 (localhost/127.0.0.1:9092) could not be established. Node may not be available.
16:24:23.283 [org.springframework.kafka.KafkaListenerEndpointContainer#0-0-C-1] WARN  o.apache.kafka.clients.NetworkClient - [Consumer clientId=consumer-building-service-updater-1, groupId=building-service-updater] Bootstrap broker localhost:9092 (id: -1 rack: null) disconnected
16:24:24.347 [org.springframework.kafka.KafkaListenerEndpointContainer#0-0-C-1] INFO  o.apache.kafka.clients.NetworkClient - [Consumer clientId=consumer-building-service-updater-1, groupId=building-service-updater] Node -1 disconnected.
16:24:24.347 [org.springframework.kafka.KafkaListenerEndpointContainer#0-0-C-1] WARN  o.apache.kafka.clients.NetworkClient - [Consumer clientId=consumer-building-service-updater-1, groupId=building-service-updater] Connection to node -1 (localhost/127.0.0.1:9092) could not be established. Node may not be available.
16:24:24.347 [org.springframework.kafka.KafkaListenerEndpointContainer#0-0-C-1] WARN  o.apache.kafka.clients.NetworkClient - [Consumer clientId=consumer-building-service-updater-1, groupId=building-service-updater] Bootstrap broker localhost:9092 (id: -1 rack: null) disconnected
16:24:25.285 [org.springframework.kafka.KafkaListenerEndpointContainer#0-0-C-1] INFO  o.apache.kafka.clients.NetworkClient - [Consumer clientId=consumer-building-service-updater-1, groupId=building-service-updater] Node -1 disconnected.
16:24:25.285 [org.springframework.kafka.KafkaListenerEndpointContainer#0-0-C-1] WARN  o.apache.kafka.clients.NetworkClient - [Consumer clientId=consumer-building-service-updater-1, groupId=building-service-updater] Connection to node -1 (localhost/127.0.0.1:9092) could not be established. Node may not be available.
16:24:25.285 [org.springframework.kafka.KafkaListenerEndpointContainer#0-0-C-1] WARN  o.apache.kafka.clients.NetworkClient - [Consumer clientId=consumer-building-service-updater-1, groupId=building-service-updater] Bootstrap broker localhost:9092 (id: -1 rack: null) disconnected
16:24:26.209 [org.springframework.kafka.KafkaListenerEndpointContainer#0-0-C-1] INFO  o.apache.kafka.clients.NetworkClient - [Consumer clientId=consumer-building-service-updater-1, groupId=building-service-updater] Node -1 disconnected.
16:24:26.209 [org.springframework.kafka.KafkaListenerEndpointContainer#0-0-C-1] WARN  o.apache.kafka.clients.NetworkClient - [Consumer clientId=consumer-building-service-updater-1, groupId=building-service-updater] Connection to node -1 (localhost/127.0.0.1:9092) could not be established. Node may not be available.
16:24:26.209 [org.springframework.kafka.KafkaListenerEndpointContainer#0-0-C-1] WARN  o.apache.kafka.clients.NetworkClient - [Consumer clientId=consumer-building-service-updater-1, groupId=building-service-updater] Bootstrap broker localhost:9092 (id: -1 rack: null) disconnected
16:24:27.133 [org.springframework.kafka.KafkaListenerEndpointContainer#0-0-C-1] INFO  o.apache.kafka.clients.NetworkClient - [Consumer clientId=consumer-building-service-updater-1, groupId=building-service-updater] Node -1 disconnected.
16:24:27.133 [org.springframework.kafka.KafkaListenerEndpointContainer#0-0-C-1] WARN  o.apache.kafka.clients.NetworkClient - [Consumer clientId=consumer-building-service-updater-1, groupId=building-service-updater] Connection to node -1 (localhost/127.0.0.1:9092) could not be established. Node may not be available.
16:24:27.133 [org.springframework.kafka.KafkaListenerEndpointContainer#0-0-C-1] WARN  o.apache.kafka.clients.NetworkClient - [Consumer clientId=consumer-building-service-updater-1, groupId=building-service-updater] Bootstrap broker localhost:9092 (id: -1 rack: null) disconnected
16:24:28.036 [org.springframework.kafka.KafkaListenerEndpointContainer#0-0-C-1] INFO  o.apache.kafka.clients.NetworkClient - [Consumer clientId=consumer-building-service-updater-1, groupId=building-service-updater] Node -1 disconnected.
16:24:28.036 [org.springframework.kafka.KafkaListenerEndpointContainer#0-0-C-1] WARN  o.apache.kafka.clients.NetworkClient - [Consumer clientId=consumer-building-service-updater-1, groupId=building-service-updater] Connection to node -1 (localhost/127.0.0.1:9092) could not be established. Node may not be available.
16:24:28.036 [org.springframework.kafka.KafkaListenerEndpointContainer#0-0-C-1] WARN  o.apache.kafka.clients.NetworkClient - [Consumer clientId=consumer-building-service-updater-1, groupId=building-service-updater] Bootstrap broker localhost:9092 (id: -1 rack: null) disconnected
16:24:29.038 [org.springframework.kafka.KafkaListenerEndpointContainer#0-0-C-1] INFO  o.apache.kafka.clients.NetworkClient - [Consumer clientId=consumer-building-service-updater-1, groupId=building-service-updater] Node -1 disconnected.
16:24:29.039 [org.springframework.kafka.KafkaListenerEndpointContainer#0-0-C-1] WARN  o.apache.kafka.clients.NetworkClient - [Consumer clientId=consumer-building-service-updater-1, groupId=building-service-updater] Connection to node -1 (localhost/127.0.0.1:9092) could not be established. Node may not be available.
16:24:29.039 [org.springframework.kafka.KafkaListenerEndpointContainer#0-0-C-1] WARN  o.apache.kafka.clients.NetworkClient - [Consumer clientId=consumer-building-service-updater-1, groupId=building-service-updater] Bootstrap broker localhost:9092 (id: -1 rack: null) disconnected
16:24:30.041 [org.springframework.kafka.KafkaListenerEndpointContainer#0-0-C-1] INFO  o.apache.kafka.clients.NetworkClient - [Consumer clientId=consumer-building-service-updater-1, groupId=building-service-updater] Node -1 disconnected.
16:24:30.041 [org.springframework.kafka.KafkaListenerEndpointContainer#0-0-C-1] WARN  o.apache.kafka.clients.NetworkClient - [Consumer clientId=consumer-building-service-updater-1, groupId=building-service-updater] Connection to node -1 (localhost/127.0.0.1:9092) could not be established. Node may not be available.
16:24:30.041 [org.springframework.kafka.KafkaListenerEndpointContainer#0-0-C-1] WARN  o.apache.kafka.clients.NetworkClient - [Consumer clientId=consumer-building-service-updater-1, groupId=building-service-updater] Bootstrap broker localhost:9092 (id: -1 rack: null) disconnected
16:24:31.042 [org.springframework.kafka.KafkaListenerEndpointContainer#0-0-C-1] INFO  o.apache.kafka.clients.NetworkClient - [Consumer clientId=consumer-building-service-updater-1, groupId=building-service-updater] Node -1 disconnected.
16:24:31.042 [org.springframework.kafka.KafkaListenerEndpointContainer#0-0-C-1] WARN  o.apache.kafka.clients.NetworkClient - [Consumer clientId=consumer-building-service-updater-1, groupId=building-service-updater] Connection to node -1 (localhost/127.0.0.1:9092) could not be established. Node may not be available.
16:24:31.042 [org.springframework.kafka.KafkaListenerEndpointContainer#0-0-C-1] WARN  o.apache.kafka.clients.NetworkClient - [Consumer clientId=consumer-building-service-updater-1, groupId=building-service-updater] Bootstrap broker localhost:9092 (id: -1 rack: null) disconnected
16:24:32.043 [org.springframework.kafka.KafkaListenerEndpointContainer#0-0-C-1] INFO  o.apache.kafka.clients.NetworkClient - [Consumer clientId=consumer-building-service-updater-1, groupId=building-service-updater] Node -1 disconnected.
16:24:32.043 [org.springframework.kafka.KafkaListenerEndpointContainer#0-0-C-1] WARN  o.apache.kafka.clients.NetworkClient - [Consumer clientId=consumer-building-service-updater-1, groupId=building-service-updater] Connection to node -1 (localhost/127.0.0.1:9092) could not be established. Node may not be available.
16:24:32.043 [org.springframework.kafka.KafkaListenerEndpointContainer#0-0-C-1] WARN  o.apache.kafka.clients.NetworkClient - [Consumer clientId=consumer-building-service-updater-1, groupId=building-service-updater] Bootstrap broker localhost:9092 (id: -1 rack: null) disconnected
16:24:32.978 [https-jsse-nio-8443-exec-5] DEBUG o.s.security.web.FilterChainProxy - Securing GET /sections
16:24:32.978 [https-jsse-nio-8443-exec-5] DEBUG o.s.s.w.a.c.ChannelProcessingFilter - Request: filter invocation [GET /sections]; ConfigAttributes: [REQUIRES_SECURE_CHANNEL]
16:24:32.979 [https-jsse-nio-8443-exec-5] DEBUG o.s.security.web.FilterChainProxy - Secured GET /sections
16:24:32.979 [https-jsse-nio-8443-exec-5] TRACE o.s.c.interceptor.CacheInterceptor - Computed cache key 'Page request [number: 0, size 10, sort: title: ASC]' for operation Builder[public org.springframework.data.domain.Page ir.service.impl.SectionServiceImpl.findAll(org.springframework.data.domain.Pageable)] caches=[sectionsPageable] | key='' | keyGenerator='' | cacheManager='' | cacheResolver='' | condition='' | unless='' | sync='false'
16:24:32.980 [https-jsse-nio-8443-exec-5] TRACE o.s.c.interceptor.CacheInterceptor - No cache entry for key 'Page request [number: 0, size 10, sort: title: ASC]' in cache(s) [sectionsPageable]
16:24:32.981 [https-jsse-nio-8443-exec-5] DEBUG o.s.jdbc.datasource.DataSourceUtils - Setting JDBC Connection [HikariProxyConnection@227123620 wrapping oracle.jdbc.driver.T4CConnection@328d3a7] read-only
16:24:32.981 [https-jsse-nio-8443-exec-5] DEBUG o.h.e.t.internal.TransactionImpl - On TransactionImpl creation, JpaCompliance#isJpaTransactionComplianceEnabled == false
16:24:32.981 [https-jsse-nio-8443-exec-5] DEBUG o.h.e.t.internal.TransactionImpl - begin
16:24:32.983 [https-jsse-nio-8443-exec-5] DEBUG org.hibernate.SQL - 
    /* <criteria> */ select
        s1_0.id,
        s1_0.building_id,
        s1_0.deleted,
        s1_0.parent_section_id,
        s1_0.title 
    from
        section_table s1_0 
    where
        (
            s1_0.deleted = 0
        ) 
    order by
        s1_0.title 
    offset
        ? rows 
    fetch
        first ? rows only
16:24:32.983 [https-jsse-nio-8443-exec-5] TRACE org.hibernate.orm.jdbc.bind - binding parameter (1:INTEGER) <- [0]
16:24:32.983 [https-jsse-nio-8443-exec-5] TRACE org.hibernate.orm.jdbc.bind - binding parameter (2:INTEGER) <- [10]
16:24:32.989 [https-jsse-nio-8443-exec-5] TRACE org.hibernate.orm.jdbc.extract - extracted value (1:BIGINT) -> [4]
16:24:32.990 [https-jsse-nio-8443-exec-5] TRACE org.hibernate.orm.jdbc.extract - extracted value (2:BIGINT) -> [null]
16:24:32.990 [https-jsse-nio-8443-exec-5] TRACE org.hibernate.orm.jdbc.extract - extracted value (4:BIGINT) -> [3]
16:24:32.990 [https-jsse-nio-8443-exec-5] DEBUG org.hibernate.SQL - 
    select
        s1_0.id,
        s1_0.building_id,
        s1_0.deleted,
        ps1_0.id,
        ps1_0.building_id,
        ps1_0.deleted,
        ps1_0.parent_section_id,
        ps1_0.title,
        s1_0.title,
        csl1_0.parent_section_id,
        csl1_0.id,
        csl1_0.building_id,
        csl1_0.deleted,
        csl1_0.title 
    from
        section_table s1_0 
    left join
        section_table ps1_0 
            on ps1_0.id=s1_0.parent_section_id 
            and (ps1_0.deleted = 0) 
    left join
        section_table csl1_0 
            on s1_0.id=csl1_0.parent_section_id 
            and (csl1_0.deleted = 0) 
    where
        s1_0.id=? 
        and (
            s1_0.deleted = 0
        )
16:24:32.990 [https-jsse-nio-8443-exec-5] TRACE org.hibernate.orm.jdbc.bind - binding parameter (1:BIGINT) <- [3]
16:24:33.000 [https-jsse-nio-8443-exec-5] TRACE org.hibernate.orm.jdbc.extract - extracted value (10:BIGINT) -> [3]
16:24:33.000 [https-jsse-nio-8443-exec-5] TRACE org.hibernate.orm.jdbc.extract - extracted value (11:BIGINT) -> [4]
16:24:33.000 [https-jsse-nio-8443-exec-5] TRACE org.hibernate.orm.jdbc.extract - extracted value (4:BIGINT) -> [1]
16:24:33.000 [https-jsse-nio-8443-exec-5] TRACE org.hibernate.orm.jdbc.extract - extracted value (2:BIGINT) -> [null]
16:24:33.000 [https-jsse-nio-8443-exec-5] TRACE org.hibernate.orm.jdbc.extract - extracted value (12:BIGINT) -> [null]
16:24:33.000 [https-jsse-nio-8443-exec-5] TRACE org.hibernate.orm.jdbc.extract - extracted value (5:BIGINT) -> [null]
16:24:33.000 [https-jsse-nio-8443-exec-5] TRACE org.hibernate.orm.jdbc.extract - extracted value (7:BIGINT) -> [null]
16:24:33.000 [https-jsse-nio-8443-exec-5] TRACE org.hibernate.orm.jdbc.extract - extracted value (6:BOOLEAN) -> [false]
16:24:33.000 [https-jsse-nio-8443-exec-5] TRACE org.hibernate.orm.jdbc.extract - extracted value (8:VARCHAR) -> [MAIN SECTION]
16:24:33.000 [https-jsse-nio-8443-exec-5] TRACE org.hibernate.orm.jdbc.extract - extracted value (3:BOOLEAN) -> [false]
16:24:33.000 [https-jsse-nio-8443-exec-5] TRACE org.hibernate.orm.jdbc.extract - extracted value (9:VARCHAR) -> [TRANSPORT]
16:24:33.000 [https-jsse-nio-8443-exec-5] TRACE org.hibernate.orm.jdbc.extract - extracted value (11:BIGINT) -> [5]
16:24:33.000 [https-jsse-nio-8443-exec-5] TRACE org.hibernate.orm.jdbc.extract - extracted value (12:BIGINT) -> [null]
16:24:33.000 [https-jsse-nio-8443-exec-5] TRACE org.hibernate.orm.jdbc.extract - extracted value (13:BOOLEAN) -> [false]
16:24:33.001 [https-jsse-nio-8443-exec-5] TRACE org.hibernate.orm.jdbc.extract - extracted value (14:VARCHAR) -> [TAXI]
16:24:33.001 [https-jsse-nio-8443-exec-5] TRACE org.hibernate.orm.jdbc.extract - extracted value (3:BOOLEAN) -> [false]
16:24:33.001 [https-jsse-nio-8443-exec-5] TRACE org.hibernate.orm.jdbc.extract - extracted value (5:VARCHAR) -> [BUS]
16:24:33.001 [https-jsse-nio-8443-exec-5] TRACE org.hibernate.orm.jdbc.extract - extracted value (1:BIGINT) -> [2]
16:24:33.001 [https-jsse-nio-8443-exec-5] TRACE org.hibernate.orm.jdbc.extract - extracted value (2:BIGINT) -> [null]
16:24:33.001 [https-jsse-nio-8443-exec-5] TRACE org.hibernate.orm.jdbc.extract - extracted value (4:BIGINT) -> [1]
16:24:33.001 [https-jsse-nio-8443-exec-5] TRACE org.hibernate.orm.jdbc.extract - extracted value (3:BOOLEAN) -> [false]
16:24:33.001 [https-jsse-nio-8443-exec-5] TRACE org.hibernate.orm.jdbc.extract - extracted value (5:VARCHAR) -> [HSE]
16:24:33.001 [https-jsse-nio-8443-exec-5] TRACE org.hibernate.orm.jdbc.extract - extracted value (1:BIGINT) -> [1]
16:24:33.002 [https-jsse-nio-8443-exec-5] TRACE org.hibernate.orm.jdbc.extract - extracted value (1:BIGINT) -> [5]
16:24:33.002 [https-jsse-nio-8443-exec-5] TRACE org.hibernate.orm.jdbc.extract - extracted value (1:BIGINT) -> [3]
16:24:33.002 [https-jsse-nio-8443-exec-5] DEBUG org.hibernate.SQL - 
    select
        csl1_0.parent_section_id,
        csl1_0.id,
        csl1_0.building_id,
        csl1_0.deleted,
        csl1_0.title 
    from
        section_table csl1_0 
    where
        csl1_0.parent_section_id=? 
        and (
            csl1_0.deleted = 0
        )
16:24:33.002 [https-jsse-nio-8443-exec-5] TRACE org.hibernate.orm.jdbc.bind - binding parameter (1:BIGINT) <- [5]
16:24:33.003 [https-jsse-nio-8443-exec-5] DEBUG org.hibernate.SQL - 
    select
        csl1_0.parent_section_id,
        csl1_0.id,
        csl1_0.building_id,
        csl1_0.deleted,
        csl1_0.title 
    from
        section_table csl1_0 
    where
        csl1_0.parent_section_id=? 
        and (
            csl1_0.deleted = 0
        )
16:24:33.003 [https-jsse-nio-8443-exec-5] TRACE org.hibernate.orm.jdbc.bind - binding parameter (1:BIGINT) <- [1]
16:24:33.004 [https-jsse-nio-8443-exec-5] TRACE org.hibernate.orm.jdbc.extract - extracted value (1:BIGINT) -> [1]
16:24:33.004 [https-jsse-nio-8443-exec-5] TRACE org.hibernate.orm.jdbc.extract - extracted value (2:BIGINT) -> [2]
16:24:33.004 [https-jsse-nio-8443-exec-5] TRACE org.hibernate.orm.jdbc.extract - extracted value (1:BIGINT) -> [1]
16:24:33.004 [https-jsse-nio-8443-exec-5] TRACE org.hibernate.orm.jdbc.extract - extracted value (2:BIGINT) -> [3]
16:24:33.005 [https-jsse-nio-8443-exec-5] DEBUG org.hibernate.SQL - 
    select
        csl1_0.parent_section_id,
        csl1_0.id,
        csl1_0.building_id,
        csl1_0.deleted,
        csl1_0.title 
    from
        section_table csl1_0 
    where
        csl1_0.parent_section_id=? 
        and (
            csl1_0.deleted = 0
        )
16:24:33.005 [https-jsse-nio-8443-exec-5] TRACE org.hibernate.orm.jdbc.bind - binding parameter (1:BIGINT) <- [2]
16:24:33.006 [https-jsse-nio-8443-exec-5] DEBUG org.hibernate.SQL - 
    select
        csl1_0.parent_section_id,
        csl1_0.id,
        csl1_0.building_id,
        csl1_0.deleted,
        csl1_0.title 
    from
        section_table csl1_0 
    where
        csl1_0.parent_section_id=? 
        and (
            csl1_0.deleted = 0
        )
16:24:33.006 [https-jsse-nio-8443-exec-5] TRACE org.hibernate.orm.jdbc.bind - binding parameter (1:BIGINT) <- [4]
16:24:33.007 [https-jsse-nio-8443-exec-5] DEBUG o.h.e.t.internal.TransactionImpl - committing
16:24:33.008 [https-jsse-nio-8443-exec-5] DEBUG o.s.jdbc.datasource.DataSourceUtils - Resetting read-only flag of JDBC Connection [HikariProxyConnection@227123620 wrapping oracle.jdbc.driver.T4CConnection@328d3a7]
16:24:33.008 [https-jsse-nio-8443-exec-5] TRACE o.s.c.interceptor.CacheInterceptor - Creating cache entry for key 'Page request [number: 0, size 10, sort: title: ASC]' in cache(s) [sectionsPageable]
16:24:33.008 [https-jsse-nio-8443-exec-5] INFO  i.c.exception.ResponseAspect - Web Controller: sectionsList
16:24:33.024 [https-jsse-nio-8443-exec-5] DEBUG o.s.s.w.c.HttpSessionSecurityContextRepository - Retrieved SecurityContextImpl [Authentication=UsernamePasswordAuthenticationToken [Principal=ir.model.entity.CustomUserDetails@523558af, Credentials=[PROTECTED], Authenticated=true, Details=WebAuthenticationDetails [RemoteIpAddress=0:0:0:0:0:0:0:1, SessionId=F42E628CE3C91075A6590BF295145743], Granted Authorities=[TICKET_EDIT, BUILDING_CREATE, ROLE_ADMIN, TICKET_DELETE, TICKET_CREATE]]]
16:24:33.035 [org.springframework.kafka.KafkaListenerEndpointContainer#0-0-C-1] INFO  o.apache.kafka.clients.NetworkClient - [Consumer clientId=consumer-building-service-updater-1, groupId=building-service-updater] Node -1 disconnected.
16:24:33.035 [org.springframework.kafka.KafkaListenerEndpointContainer#0-0-C-1] WARN  o.apache.kafka.clients.NetworkClient - [Consumer clientId=consumer-building-service-updater-1, groupId=building-service-updater] Connection to node -1 (localhost/127.0.0.1:9092) could not be established. Node may not be available.
16:24:33.035 [org.springframework.kafka.KafkaListenerEndpointContainer#0-0-C-1] WARN  o.apache.kafka.clients.NetworkClient - [Consumer clientId=consumer-building-service-updater-1, groupId=building-service-updater] Bootstrap broker localhost:9092 (id: -1 rack: null) disconnected
16:24:33.061 [https-jsse-nio-8443-exec-8] DEBUG o.s.security.web.FilterChainProxy - Securing GET /css/reset.css
16:24:33.061 [https-jsse-nio-8443-exec-4] DEBUG o.s.security.web.FilterChainProxy - Securing GET /css/bootstrap.min.css
16:24:33.061 [https-jsse-nio-8443-exec-3] DEBUG o.s.security.web.FilterChainProxy - Securing GET /css/fontawesome.css
16:24:33.061 [https-jsse-nio-8443-exec-8] DEBUG o.s.s.w.a.c.ChannelProcessingFilter - Request: filter invocation [GET /css/reset.css]; ConfigAttributes: [REQUIRES_SECURE_CHANNEL]
16:24:33.061 [https-jsse-nio-8443-exec-4] DEBUG o.s.s.w.a.c.ChannelProcessingFilter - Request: filter invocation [GET /css/bootstrap.min.css]; ConfigAttributes: [REQUIRES_SECURE_CHANNEL]
16:24:33.061 [https-jsse-nio-8443-exec-3] DEBUG o.s.s.w.a.c.ChannelProcessingFilter - Request: filter invocation [GET /css/fontawesome.css]; ConfigAttributes: [REQUIRES_SECURE_CHANNEL]
16:24:33.062 [https-jsse-nio-8443-exec-8] DEBUG o.s.security.web.FilterChainProxy - Secured GET /css/reset.css
16:24:33.062 [https-jsse-nio-8443-exec-4] DEBUG o.s.security.web.FilterChainProxy - Secured GET /css/bootstrap.min.css
16:24:33.062 [https-jsse-nio-8443-exec-3] DEBUG o.s.security.web.FilterChainProxy - Secured GET /css/fontawesome.css
16:24:33.063 [https-jsse-nio-8443-exec-8] DEBUG o.s.s.w.c.HttpSessionSecurityContextRepository - Retrieved SecurityContextImpl [Authentication=UsernamePasswordAuthenticationToken [Principal=ir.model.entity.CustomUserDetails@523558af, Credentials=[PROTECTED], Authenticated=true, Details=WebAuthenticationDetails [RemoteIpAddress=0:0:0:0:0:0:0:1, SessionId=F42E628CE3C91075A6590BF295145743], Granted Authorities=[TICKET_EDIT, BUILDING_CREATE, ROLE_ADMIN, TICKET_DELETE, TICKET_CREATE]]]
16:24:33.070 [https-jsse-nio-8443-exec-7] DEBUG o.s.security.web.FilterChainProxy - Securing GET /css/fonts.min.css
16:24:33.070 [https-jsse-nio-8443-exec-7] DEBUG o.s.s.w.a.c.ChannelProcessingFilter - Request: filter invocation [GET /css/fonts.min.css]; ConfigAttributes: [REQUIRES_SECURE_CHANNEL]
16:24:33.070 [https-jsse-nio-8443-exec-7] DEBUG o.s.security.web.FilterChainProxy - Secured GET /css/fonts.min.css
16:24:33.072 [https-jsse-nio-8443-exec-7] DEBUG o.s.s.w.c.HttpSessionSecurityContextRepository - Retrieved SecurityContextImpl [Authentication=UsernamePasswordAuthenticationToken [Principal=ir.model.entity.CustomUserDetails@523558af, Credentials=[PROTECTED], Authenticated=true, Details=WebAuthenticationDetails [RemoteIpAddress=0:0:0:0:0:0:0:1, SessionId=F42E628CE3C91075A6590BF295145743], Granted Authorities=[TICKET_EDIT, BUILDING_CREATE, ROLE_ADMIN, TICKET_DELETE, TICKET_CREATE]]]
16:24:33.074 [https-jsse-nio-8443-exec-2] DEBUG o.s.security.web.FilterChainProxy - Securing GET /css/toast.css
16:24:33.074 [https-jsse-nio-8443-exec-2] DEBUG o.s.s.w.a.c.ChannelProcessingFilter - Request: filter invocation [GET /css/toast.css]; ConfigAttributes: [REQUIRES_SECURE_CHANNEL]
16:24:33.074 [https-jsse-nio-8443-exec-2] DEBUG o.s.security.web.FilterChainProxy - Secured GET /css/toast.css
16:24:33.075 [https-jsse-nio-8443-exec-4] DEBUG o.s.s.w.c.HttpSessionSecurityContextRepository - Retrieved SecurityContextImpl [Authentication=UsernamePasswordAuthenticationToken [Principal=ir.model.entity.CustomUserDetails@523558af, Credentials=[PROTECTED], Authenticated=true, Details=WebAuthenticationDetails [RemoteIpAddress=0:0:0:0:0:0:0:1, SessionId=F42E628CE3C91075A6590BF295145743], Granted Authorities=[TICKET_EDIT, BUILDING_CREATE, ROLE_ADMIN, TICKET_DELETE, TICKET_CREATE]]]
16:24:33.076 [https-jsse-nio-8443-exec-2] DEBUG o.s.s.w.c.HttpSessionSecurityContextRepository - Retrieved SecurityContextImpl [Authentication=UsernamePasswordAuthenticationToken [Principal=ir.model.entity.CustomUserDetails@523558af, Credentials=[PROTECTED], Authenticated=true, Details=WebAuthenticationDetails [RemoteIpAddress=0:0:0:0:0:0:0:1, SessionId=F42E628CE3C91075A6590BF295145743], Granted Authorities=[TICKET_EDIT, BUILDING_CREATE, ROLE_ADMIN, TICKET_DELETE, TICKET_CREATE]]]
16:24:33.077 [https-jsse-nio-8443-exec-2] DEBUG o.s.security.web.FilterChainProxy - Securing GET /css/styles.css
16:24:33.077 [https-jsse-nio-8443-exec-2] DEBUG o.s.s.w.a.c.ChannelProcessingFilter - Request: filter invocation [GET /css/styles.css]; ConfigAttributes: [REQUIRES_SECURE_CHANNEL]
16:24:33.077 [https-jsse-nio-8443-exec-2] DEBUG o.s.security.web.FilterChainProxy - Secured GET /css/styles.css
16:24:33.079 [https-jsse-nio-8443-exec-2] DEBUG o.s.s.w.c.HttpSessionSecurityContextRepository - Retrieved SecurityContextImpl [Authentication=UsernamePasswordAuthenticationToken [Principal=ir.model.entity.CustomUserDetails@523558af, Credentials=[PROTECTED], Authenticated=true, Details=WebAuthenticationDetails [RemoteIpAddress=0:0:0:0:0:0:0:1, SessionId=F42E628CE3C91075A6590BF295145743], Granted Authorities=[TICKET_EDIT, BUILDING_CREATE, ROLE_ADMIN, TICKET_DELETE, TICKET_CREATE]]]
16:24:33.081 [https-jsse-nio-8443-exec-9] DEBUG o.s.security.web.FilterChainProxy - Securing GET /icons/mftlogo.png
16:24:33.081 [https-jsse-nio-8443-exec-6] DEBUG o.s.security.web.FilterChainProxy - Securing GET /js/fontawesome.js
16:24:33.081 [https-jsse-nio-8443-exec-10] DEBUG o.s.security.web.FilterChainProxy - Securing GET /js/bootstrap.bundle.min.js
16:24:33.081 [https-jsse-nio-8443-exec-9] DEBUG o.s.s.w.a.c.ChannelProcessingFilter - Request: filter invocation [GET /icons/mftlogo.png]; ConfigAttributes: [REQUIRES_SECURE_CHANNEL]
16:24:33.081 [https-jsse-nio-8443-exec-10] DEBUG o.s.s.w.a.c.ChannelProcessingFilter - Request: filter invocation [GET /js/bootstrap.bundle.min.js]; ConfigAttributes: [REQUIRES_SECURE_CHANNEL]
16:24:33.081 [https-jsse-nio-8443-exec-6] DEBUG o.s.s.w.a.c.ChannelProcessingFilter - Request: filter invocation [GET /js/fontawesome.js]; ConfigAttributes: [REQUIRES_SECURE_CHANNEL]
16:24:33.081 [https-jsse-nio-8443-exec-10] DEBUG o.s.security.web.FilterChainProxy - Secured GET /js/bootstrap.bundle.min.js
16:24:33.081 [https-jsse-nio-8443-exec-9] DEBUG o.s.security.web.FilterChainProxy - Secured GET /icons/mftlogo.png
16:24:33.081 [https-jsse-nio-8443-exec-6] DEBUG o.s.security.web.FilterChainProxy - Secured GET /js/fontawesome.js
16:24:33.085 [https-jsse-nio-8443-exec-9] DEBUG o.s.s.w.c.HttpSessionSecurityContextRepository - Retrieved SecurityContextImpl [Authentication=UsernamePasswordAuthenticationToken [Principal=ir.model.entity.CustomUserDetails@523558af, Credentials=[PROTECTED], Authenticated=true, Details=WebAuthenticationDetails [RemoteIpAddress=0:0:0:0:0:0:0:1, SessionId=F42E628CE3C91075A6590BF295145743], Granted Authorities=[TICKET_EDIT, BUILDING_CREATE, ROLE_ADMIN, TICKET_DELETE, TICKET_CREATE]]]
16:24:33.086 [https-jsse-nio-8443-exec-1] DEBUG o.s.security.web.FilterChainProxy - Securing GET /js/toast.js
16:24:33.086 [https-jsse-nio-8443-exec-1] DEBUG o.s.s.w.a.c.ChannelProcessingFilter - Request: filter invocation [GET /js/toast.js]; ConfigAttributes: [REQUIRES_SECURE_CHANNEL]
16:24:33.086 [https-jsse-nio-8443-exec-10] DEBUG o.s.s.w.c.HttpSessionSecurityContextRepository - Retrieved SecurityContextImpl [Authentication=UsernamePasswordAuthenticationToken [Principal=ir.model.entity.CustomUserDetails@523558af, Credentials=[PROTECTED], Authenticated=true, Details=WebAuthenticationDetails [RemoteIpAddress=0:0:0:0:0:0:0:1, SessionId=F42E628CE3C91075A6590BF295145743], Granted Authorities=[TICKET_EDIT, BUILDING_CREATE, ROLE_ADMIN, TICKET_DELETE, TICKET_CREATE]]]
16:24:33.087 [https-jsse-nio-8443-exec-1] DEBUG o.s.security.web.FilterChainProxy - Secured GET /js/toast.js
16:24:33.087 [https-jsse-nio-8443-exec-3] DEBUG o.s.s.w.c.HttpSessionSecurityContextRepository - Retrieved SecurityContextImpl [Authentication=UsernamePasswordAuthenticationToken [Principal=ir.model.entity.CustomUserDetails@523558af, Credentials=[PROTECTED], Authenticated=true, Details=WebAuthenticationDetails [RemoteIpAddress=0:0:0:0:0:0:0:1, SessionId=F42E628CE3C91075A6590BF295145743], Granted Authorities=[TICKET_EDIT, BUILDING_CREATE, ROLE_ADMIN, TICKET_DELETE, TICKET_CREATE]]]
16:24:33.088 [https-jsse-nio-8443-exec-1] DEBUG o.s.s.w.c.HttpSessionSecurityContextRepository - Retrieved SecurityContextImpl [Authentication=UsernamePasswordAuthenticationToken [Principal=ir.model.entity.CustomUserDetails@523558af, Credentials=[PROTECTED], Authenticated=true, Details=WebAuthenticationDetails [RemoteIpAddress=0:0:0:0:0:0:0:1, SessionId=F42E628CE3C91075A6590BF295145743], Granted Authorities=[TICKET_EDIT, BUILDING_CREATE, ROLE_ADMIN, TICKET_DELETE, TICKET_CREATE]]]
16:24:33.101 [https-jsse-nio-8443-exec-5] DEBUG o.s.security.web.FilterChainProxy - Securing GET /js/script.js
16:24:33.101 [https-jsse-nio-8443-exec-5] DEBUG o.s.s.w.a.c.ChannelProcessingFilter - Request: filter invocation [GET /js/script.js]; ConfigAttributes: [REQUIRES_SECURE_CHANNEL]
16:24:33.101 [https-jsse-nio-8443-exec-5] DEBUG o.s.security.web.FilterChainProxy - Secured GET /js/script.js
16:24:33.103 [https-jsse-nio-8443-exec-5] DEBUG o.s.s.w.c.HttpSessionSecurityContextRepository - Retrieved SecurityContextImpl [Authentication=UsernamePasswordAuthenticationToken [Principal=ir.model.entity.CustomUserDetails@523558af, Credentials=[PROTECTED], Authenticated=true, Details=WebAuthenticationDetails [RemoteIpAddress=0:0:0:0:0:0:0:1, SessionId=F42E628CE3C91075A6590BF295145743], Granted Authorities=[TICKET_EDIT, BUILDING_CREATE, ROLE_ADMIN, TICKET_DELETE, TICKET_CREATE]]]
16:24:33.103 [https-jsse-nio-8443-exec-8] DEBUG o.s.security.web.FilterChainProxy - Securing GET /js/sections-api.js
16:24:33.104 [https-jsse-nio-8443-exec-8] DEBUG o.s.s.w.a.c.ChannelProcessingFilter - Request: filter invocation [GET /js/sections-api.js]; ConfigAttributes: [REQUIRES_SECURE_CHANNEL]
16:24:33.104 [https-jsse-nio-8443-exec-8] DEBUG o.s.security.web.FilterChainProxy - Secured GET /js/sections-api.js
16:24:33.163 [https-jsse-nio-8443-exec-8] DEBUG o.s.s.w.c.HttpSessionSecurityContextRepository - Retrieved SecurityContextImpl [Authentication=UsernamePasswordAuthenticationToken [Principal=ir.model.entity.CustomUserDetails@523558af, Credentials=[PROTECTED], Authenticated=true, Details=WebAuthenticationDetails [RemoteIpAddress=0:0:0:0:0:0:0:1, SessionId=F42E628CE3C91075A6590BF295145743], Granted Authorities=[TICKET_EDIT, BUILDING_CREATE, ROLE_ADMIN, TICKET_DELETE, TICKET_CREATE]]]
16:24:33.565 [https-jsse-nio-8443-exec-6] DEBUG o.s.s.w.c.HttpSessionSecurityContextRepository - Retrieved SecurityContextImpl [Authentication=UsernamePasswordAuthenticationToken [Principal=ir.model.entity.CustomUserDetails@523558af, Credentials=[PROTECTED], Authenticated=true, Details=WebAuthenticationDetails [RemoteIpAddress=0:0:0:0:0:0:0:1, SessionId=F42E628CE3C91075A6590BF295145743], Granted Authorities=[TICKET_EDIT, BUILDING_CREATE, ROLE_ADMIN, TICKET_DELETE, TICKET_CREATE]]]
16:24:33.706 [https-jsse-nio-8443-exec-7] DEBUG o.s.security.web.FilterChainProxy - Securing GET /sections?page=0&size=10&fragment=true
16:24:33.706 [https-jsse-nio-8443-exec-7] DEBUG o.s.s.w.a.c.ChannelProcessingFilter - Request: filter invocation [GET /sections?page=0&size=10&fragment=true]; ConfigAttributes: [REQUIRES_SECURE_CHANNEL]
16:24:33.707 [https-jsse-nio-8443-exec-7] DEBUG o.s.security.web.FilterChainProxy - Secured GET /sections?page=0&size=10&fragment=true
16:24:33.708 [https-jsse-nio-8443-exec-7] TRACE o.s.c.interceptor.CacheInterceptor - Computed cache key 'Page request [number: 0, size 10, sort: title: ASC]' for operation Builder[public org.springframework.data.domain.Page ir.service.impl.SectionServiceImpl.findAll(org.springframework.data.domain.Pageable)] caches=[sectionsPageable] | key='' | keyGenerator='' | cacheManager='' | cacheResolver='' | condition='' | unless='' | sync='false'
16:24:33.708 [https-jsse-nio-8443-exec-4] DEBUG o.s.security.web.FilterChainProxy - Securing GET /webfonts/fa-solid-900.woff2
16:24:33.708 [https-jsse-nio-8443-exec-2] DEBUG o.s.security.web.FilterChainProxy - Securing GET /webfonts/fa-brands-400.woff2
16:24:33.708 [https-jsse-nio-8443-exec-4] DEBUG o.s.s.w.a.c.ChannelProcessingFilter - Request: filter invocation [GET /webfonts/fa-solid-900.woff2]; ConfigAttributes: [REQUIRES_SECURE_CHANNEL]
16:24:33.708 [https-jsse-nio-8443-exec-2] DEBUG o.s.s.w.a.c.ChannelProcessingFilter - Request: filter invocation [GET /webfonts/fa-brands-400.woff2]; ConfigAttributes: [REQUIRES_SECURE_CHANNEL]
16:24:33.709 [https-jsse-nio-8443-exec-2] DEBUG o.s.s.w.c.HttpSessionSecurityContextRepository - Retrieved SecurityContextImpl [Authentication=UsernamePasswordAuthenticationToken [Principal=ir.model.entity.CustomUserDetails@523558af, Credentials=[PROTECTED], Authenticated=true, Details=WebAuthenticationDetails [RemoteIpAddress=0:0:0:0:0:0:0:1, SessionId=F42E628CE3C91075A6590BF295145743], Granted Authorities=[TICKET_EDIT, BUILDING_CREATE, ROLE_ADMIN, TICKET_DELETE, TICKET_CREATE]]]
16:24:33.709 [https-jsse-nio-8443-exec-4] DEBUG o.s.s.w.c.HttpSessionSecurityContextRepository - Retrieved SecurityContextImpl [Authentication=UsernamePasswordAuthenticationToken [Principal=ir.model.entity.CustomUserDetails@523558af, Credentials=[PROTECTED], Authenticated=true, Details=WebAuthenticationDetails [RemoteIpAddress=0:0:0:0:0:0:0:1, SessionId=F42E628CE3C91075A6590BF295145743], Granted Authorities=[TICKET_EDIT, BUILDING_CREATE, ROLE_ADMIN, TICKET_DELETE, TICKET_CREATE]]]
16:24:33.709 [https-jsse-nio-8443-exec-2] DEBUG o.s.security.web.FilterChainProxy - Secured GET /webfonts/fa-brands-400.woff2
16:24:33.709 [https-jsse-nio-8443-exec-4] DEBUG o.s.security.web.FilterChainProxy - Secured GET /webfonts/fa-solid-900.woff2
16:24:33.710 [https-jsse-nio-8443-exec-7] TRACE o.s.c.interceptor.CacheInterceptor - Cache entry for key 'Page request [number: 0, size 10, sort: title: ASC]' found in cache(s) [sectionsPageable]
16:24:33.710 [https-jsse-nio-8443-exec-7] INFO  i.c.exception.ResponseAspect - Web Controller: sectionsList
16:24:33.714 [https-jsse-nio-8443-exec-7] DEBUG o.s.s.w.c.HttpSessionSecurityContextRepository - Retrieved SecurityContextImpl [Authentication=UsernamePasswordAuthenticationToken [Principal=ir.model.entity.CustomUserDetails@523558af, Credentials=[PROTECTED], Authenticated=true, Details=WebAuthenticationDetails [RemoteIpAddress=0:0:0:0:0:0:0:1, SessionId=F42E628CE3C91075A6590BF295145743], Granted Authorities=[TICKET_EDIT, BUILDING_CREATE, ROLE_ADMIN, TICKET_DELETE, TICKET_CREATE]]]
16:24:34.092 [org.springframework.kafka.KafkaListenerEndpointContainer#0-0-C-1] INFO  o.apache.kafka.clients.NetworkClient - [Consumer clientId=consumer-building-service-updater-1, groupId=building-service-updater] Node -1 disconnected.
16:24:34.092 [org.springframework.kafka.KafkaListenerEndpointContainer#0-0-C-1] WARN  o.apache.kafka.clients.NetworkClient - [Consumer clientId=consumer-building-service-updater-1, groupId=building-service-updater] Connection to node -1 (localhost/127.0.0.1:9092) could not be established. Node may not be available.
16:24:34.092 [org.springframework.kafka.KafkaListenerEndpointContainer#0-0-C-1] WARN  o.apache.kafka.clients.NetworkClient - [Consumer clientId=consumer-building-service-updater-1, groupId=building-service-updater] Bootstrap broker localhost:9092 (id: -1 rack: null) disconnected
16:24:35.100 [org.springframework.kafka.KafkaListenerEndpointContainer#0-0-C-1] INFO  o.apache.kafka.clients.NetworkClient - [Consumer clientId=consumer-building-service-updater-1, groupId=building-service-updater] Node -1 disconnected.
16:24:35.100 [org.springframework.kafka.KafkaListenerEndpointContainer#0-0-C-1] WARN  o.apache.kafka.clients.NetworkClient - [Consumer clientId=consumer-building-service-updater-1, groupId=building-service-updater] Connection to node -1 (localhost/127.0.0.1:9092) could not be established. Node may not be available.
16:24:35.100 [org.springframework.kafka.KafkaListenerEndpointContainer#0-0-C-1] WARN  o.apache.kafka.clients.NetworkClient - [Consumer clientId=consumer-building-service-updater-1, groupId=building-service-updater] Bootstrap broker localhost:9092 (id: -1 rack: null) disconnected
16:24:36.044 [org.springframework.kafka.KafkaListenerEndpointContainer#0-0-C-1] INFO  o.apache.kafka.clients.NetworkClient - [Consumer clientId=consumer-building-service-updater-1, groupId=building-service-updater] Node -1 disconnected.
16:24:36.044 [org.springframework.kafka.KafkaListenerEndpointContainer#0-0-C-1] WARN  o.apache.kafka.clients.NetworkClient - [Consumer clientId=consumer-building-service-updater-1, groupId=building-service-updater] Connection to node -1 (localhost/127.0.0.1:9092) could not be established. Node may not be available.
16:24:36.044 [org.springframework.kafka.KafkaListenerEndpointContainer#0-0-C-1] WARN  o.apache.kafka.clients.NetworkClient - [Consumer clientId=consumer-building-service-updater-1, groupId=building-service-updater] Bootstrap broker localhost:9092 (id: -1 rack: null) disconnected
16:24:37.067 [org.springframework.kafka.KafkaListenerEndpointContainer#0-0-C-1] INFO  o.apache.kafka.clients.NetworkClient - [Consumer clientId=consumer-building-service-updater-1, groupId=building-service-updater] Node -1 disconnected.
16:24:37.067 [org.springframework.kafka.KafkaListenerEndpointContainer#0-0-C-1] WARN  o.apache.kafka.clients.NetworkClient - [Consumer clientId=consumer-building-service-updater-1, groupId=building-service-updater] Connection to node -1 (localhost/127.0.0.1:9092) could not be established. Node may not be available.
16:24:37.067 [org.springframework.kafka.KafkaListenerEndpointContainer#0-0-C-1] WARN  o.apache.kafka.clients.NetworkClient - [Consumer clientId=consumer-building-service-updater-1, groupId=building-service-updater] Bootstrap broker localhost:9092 (id: -1 rack: null) disconnected
16:24:37.947 [org.springframework.kafka.KafkaListenerEndpointContainer#0-0-C-1] INFO  o.apache.kafka.clients.NetworkClient - [Consumer clientId=consumer-building-service-updater-1, groupId=building-service-updater] Node -1 disconnected.
16:24:37.947 [org.springframework.kafka.KafkaListenerEndpointContainer#0-0-C-1] WARN  o.apache.kafka.clients.NetworkClient - [Consumer clientId=consumer-building-service-updater-1, groupId=building-service-updater] Connection to node -1 (localhost/127.0.0.1:9092) could not be established. Node may not be available.
16:24:37.947 [org.springframework.kafka.KafkaListenerEndpointContainer#0-0-C-1] WARN  o.apache.kafka.clients.NetworkClient - [Consumer clientId=consumer-building-service-updater-1, groupId=building-service-updater] Bootstrap broker localhost:9092 (id: -1 rack: null) disconnected
16:24:38.856 [org.springframework.kafka.KafkaListenerEndpointContainer#0-0-C-1] INFO  o.apache.kafka.clients.NetworkClient - [Consumer clientId=consumer-building-service-updater-1, groupId=building-service-updater] Node -1 disconnected.
16:24:38.856 [org.springframework.kafka.KafkaListenerEndpointContainer#0-0-C-1] WARN  o.apache.kafka.clients.NetworkClient - [Consumer clientId=consumer-building-service-updater-1, groupId=building-service-updater] Connection to node -1 (localhost/127.0.0.1:9092) could not be established. Node may not be available.
16:24:38.856 [org.springframework.kafka.KafkaListenerEndpointContainer#0-0-C-1] WARN  o.apache.kafka.clients.NetworkClient - [Consumer clientId=consumer-building-service-updater-1, groupId=building-service-updater] Bootstrap broker localhost:9092 (id: -1 rack: null) disconnected
16:24:39.509 [org.springframework.kafka.KafkaListenerEndpointContainer#0-0-C-1] INFO  o.a.k.c.c.i.ConsumerCoordinator - [Consumer clientId=consumer-building-service-updater-1, groupId=building-service-updater] Resetting generation and member id due to: consumer pro-actively leaving the group
16:24:39.509 [org.springframework.kafka.KafkaListenerEndpointContainer#0-0-C-1] INFO  o.a.k.c.c.i.ConsumerCoordinator - [Consumer clientId=consumer-building-service-updater-1, groupId=building-service-updater] Request joining group due to: consumer pro-actively leaving the group
16:24:39.509 [org.springframework.kafka.KafkaListenerEndpointContainer#0-0-C-1] INFO  o.a.k.c.c.i.LegacyKafkaConsumer - [Consumer clientId=consumer-building-service-updater-1, groupId=building-service-updater] Unsubscribed all topics or patterns and assigned partitions
16:24:39.511 [org.springframework.kafka.KafkaListenerEndpointContainer#0-0-C-1] INFO  o.a.k.c.c.i.ConsumerCoordinator - [Consumer clientId=consumer-building-service-updater-1, groupId=building-service-updater] Resetting generation and member id due to: consumer pro-actively leaving the group
16:24:39.511 [org.springframework.kafka.KafkaListenerEndpointContainer#0-0-C-1] INFO  o.a.k.c.c.i.ConsumerCoordinator - [Consumer clientId=consumer-building-service-updater-1, groupId=building-service-updater] Request joining group due to: consumer pro-actively leaving the group
16:24:39.515 [org.springframework.kafka.KafkaListenerEndpointContainer#0-0-C-1] INFO  o.a.kafka.common.metrics.Metrics - Metrics scheduler closed
16:24:39.515 [org.springframework.kafka.KafkaListenerEndpointContainer#0-0-C-1] INFO  o.a.kafka.common.metrics.Metrics - Closing reporter org.apache.kafka.common.metrics.JmxReporter
16:24:39.516 [org.springframework.kafka.KafkaListenerEndpointContainer#0-0-C-1] INFO  o.a.kafka.common.metrics.Metrics - Closing reporter org.apache.kafka.common.telemetry.internals.ClientTelemetryReporter
16:24:39.516 [org.springframework.kafka.KafkaListenerEndpointContainer#0-0-C-1] INFO  o.a.kafka.common.metrics.Metrics - Metrics reporters closed
16:24:39.523 [org.springframework.kafka.KafkaListenerEndpointContainer#0-0-C-1] INFO  o.a.kafka.common.utils.AppInfoParser - App info kafka.consumer for consumer-building-service-updater-1 unregistered
16:24:39.540 [org.springframework.kafka.KafkaListenerEndpointContainer#0-0-C-1] INFO  o.s.k.l.KafkaMessageListenerContainer - building-service-updater: Consumer stopped
16:24:39.543 [SpringApplicationShutdownHook] INFO  o.s.b.w.e.tomcat.GracefulShutdown - Commencing graceful shutdown. Waiting for active requests to complete
16:24:39.917 [tomcat-shutdown] INFO  o.s.b.w.e.tomcat.GracefulShutdown - Graceful shutdown complete
16:24:39.938 [SpringApplicationShutdownHook] INFO  o.s.o.j.LocalContainerEntityManagerFactoryBean - Closing JPA EntityManagerFactory for persistence unit 'default'
16:24:39.940 [SpringApplicationShutdownHook] INFO  com.zaxxer.hikari.HikariDataSource - HikariPool-1 - Shutdown initiated...
16:24:39.949 [SpringApplicationShutdownHook] INFO  com.zaxxer.hikari.HikariDataSource - HikariPool-1 - Shutdown completed.
