14:00:23.231 [background-preinit] INFO  o.h.validator.internal.util.Version - HV000001: Hibernate Validator 8.0.2.Final
14:00:23.273 [restartedMain] INFO  ir.TicketingSpringSample - Starting TicketingSpringSample using Java 17.0.12 with PID 14100 (D:\JAVA\MFT learning\projects\Spring\ticketing_spring_sample\target\classes started by arbab in D:\JAVA\MFT learning\projects\Spring\ticketing_spring_sample)
14:00:23.274 [restartedMain] INFO  ir.TicketingSpringSample - The following 1 profile is active: "dev"
14:00:23.329 [restartedMain] INFO  o.s.b.d.restart.ChangeableUrls - The Class-Path manifest attribute in C:\Users\arbab\.m2\repository\com\oracle\database\jdbc\ojdbc11\21.9.0.0\ojdbc11-21.9.0.0.jar referenced one or more files that do not exist: file:/C:/Users/arbab/.m2/repository/com/oracle/database/jdbc/ojdbc11/21.9.0.0/oraclepki.jar
14:00:23.329 [restartedMain] INFO  o.s.b.d.e.DevToolsPropertyDefaultsPostProcessor - Devtools property defaults active! Set 'spring.devtools.add-properties' to 'false' to disable
14:00:23.329 [restartedMain] INFO  o.s.b.d.e.DevToolsPropertyDefaultsPostProcessor - For additional web related logging consider setting the 'logging.level.web' property to 'DEBUG'
14:00:24.163 [restartedMain] INFO  o.s.b.f.s.DefaultListableBeanFactory - Overriding bean definition for bean 'localeResolver' with a different definition: replacing [Root bean: class=null; scope=; abstract=false; lazyInit=null; autowireMode=3; dependencyCheck=0; autowireCandidate=true; primary=false; fallback=false; factoryBeanName=org.springframework.web.servlet.config.annotation.DelegatingWebMvcConfiguration; factoryMethodName=localeResolver; initMethodNames=null; destroyMethodNames=[(inferred)]; defined in class path resource [org/springframework/web/servlet/config/annotation/DelegatingWebMvcConfiguration.class]] with [Root bean: class=null; scope=; abstract=false; lazyInit=null; autowireMode=3; dependencyCheck=0; autowireCandidate=true; primary=false; fallback=false; factoryBeanName=webConfig; factoryMethodName=localeResolver; initMethodNames=null; destroyMethodNames=[(inferred)]; defined in class path resource [ir/config/WebConfig.class]]
14:00:24.177 [restartedMain] INFO  o.s.d.r.c.RepositoryConfigurationDelegate - Multiple Spring Data modules found, entering strict repository configuration mode
14:00:24.177 [restartedMain] INFO  o.s.d.r.c.RepositoryConfigurationDelegate - Bootstrapping Spring Data JPA repositories in DEFAULT mode.
14:00:24.312 [restartedMain] INFO  o.s.d.r.c.RepositoryConfigurationExtensionSupport - Spring Data JPA - Could not safely identify store assignment for repository candidate interface ir.repository.ImageRepository; If you want this repository to be a JPA repository, consider annotating your entities with one of these annotations: jakarta.persistence.Entity, jakarta.persistence.MappedSuperclass (preferred), or consider extending one of the following types with your repository: org.springframework.data.jpa.repository.JpaRepository
14:00:24.370 [restartedMain] INFO  o.s.d.r.c.RepositoryConfigurationDelegate - Finished Spring Data repository scanning in 185 ms. Found 12 JPA repository interfaces.
14:00:24.767 [restartedMain] INFO  o.s.d.r.c.RepositoryConfigurationDelegate - Multiple Spring Data modules found, entering strict repository configuration mode
14:00:24.767 [restartedMain] INFO  o.s.d.r.c.RepositoryConfigurationDelegate - Bootstrapping Spring Data MongoDB repositories in DEFAULT mode.
14:00:24.780 [restartedMain] INFO  o.s.d.r.c.RepositoryConfigurationExtensionSupport - Spring Data MongoDB - Could not safely identify store assignment for repository candidate interface ir.repository.AttachmentRepository; If you want this repository to be a MongoDB repository, consider annotating your entities with one of these annotations: org.springframework.data.mongodb.core.mapping.Document (preferred), or consider extending one of the following types with your repository: org.springframework.data.mongodb.repository.MongoRepository
14:00:24.780 [restartedMain] INFO  o.s.d.r.c.RepositoryConfigurationExtensionSupport - Spring Data MongoDB - Could not safely identify store assignment for repository candidate interface ir.repository.BuildingRepository; If you want this repository to be a MongoDB repository, consider annotating your entities with one of these annotations: org.springframework.data.mongodb.core.mapping.Document (preferred), or consider extending one of the following types with your repository: org.springframework.data.mongodb.repository.MongoRepository
14:00:24.782 [restartedMain] INFO  o.s.d.r.c.RepositoryConfigurationExtensionSupport - Spring Data MongoDB - Could not safely identify store assignment for repository candidate interface ir.repository.LowScoreTicketReportRepository; If you want this repository to be a MongoDB repository, consider annotating your entities with one of these annotations: org.springframework.data.mongodb.core.mapping.Document (preferred), or consider extending one of the following types with your repository: org.springframework.data.mongodb.repository.MongoRepository
14:00:24.783 [restartedMain] INFO  o.s.d.r.c.RepositoryConfigurationExtensionSupport - Spring Data MongoDB - Could not safely identify store assignment for repository candidate interface ir.repository.MessageRepository; If you want this repository to be a MongoDB repository, consider annotating your entities with one of these annotations: org.springframework.data.mongodb.core.mapping.Document (preferred), or consider extending one of the following types with your repository: org.springframework.data.mongodb.repository.MongoRepository
14:00:24.783 [restartedMain] INFO  o.s.d.r.c.RepositoryConfigurationExtensionSupport - Spring Data MongoDB - Could not safely identify store assignment for repository candidate interface ir.repository.NotificationRepository; If you want this repository to be a MongoDB repository, consider annotating your entities with one of these annotations: org.springframework.data.mongodb.core.mapping.Document (preferred), or consider extending one of the following types with your repository: org.springframework.data.mongodb.repository.MongoRepository
14:00:24.783 [restartedMain] INFO  o.s.d.r.c.RepositoryConfigurationExtensionSupport - Spring Data MongoDB - Could not safely identify store assignment for repository candidate interface ir.repository.OutboxRepository; If you want this repository to be a MongoDB repository, consider annotating your entities with one of these annotations: org.springframework.data.mongodb.core.mapping.Document (preferred), or consider extending one of the following types with your repository: org.springframework.data.mongodb.repository.MongoRepository
14:00:24.783 [restartedMain] INFO  o.s.d.r.c.RepositoryConfigurationExtensionSupport - Spring Data MongoDB - Could not safely identify store assignment for repository candidate interface ir.repository.PermissionRepository; If you want this repository to be a MongoDB repository, consider annotating your entities with one of these annotations: org.springframework.data.mongodb.core.mapping.Document (preferred), or consider extending one of the following types with your repository: org.springframework.data.mongodb.repository.MongoRepository
14:00:24.783 [restartedMain] INFO  o.s.d.r.c.RepositoryConfigurationExtensionSupport - Spring Data MongoDB - Could not safely identify store assignment for repository candidate interface ir.repository.ProfileRepository; If you want this repository to be a MongoDB repository, consider annotating your entities with one of these annotations: org.springframework.data.mongodb.core.mapping.Document (preferred), or consider extending one of the following types with your repository: org.springframework.data.mongodb.repository.MongoRepository
14:00:24.783 [restartedMain] INFO  o.s.d.r.c.RepositoryConfigurationExtensionSupport - Spring Data MongoDB - Could not safely identify store assignment for repository candidate interface ir.repository.RoleRepository; If you want this repository to be a MongoDB repository, consider annotating your entities with one of these annotations: org.springframework.data.mongodb.core.mapping.Document (preferred), or consider extending one of the following types with your repository: org.springframework.data.mongodb.repository.MongoRepository
14:00:24.784 [restartedMain] INFO  o.s.d.r.c.RepositoryConfigurationExtensionSupport - Spring Data MongoDB - Could not safely identify store assignment for repository candidate interface ir.repository.SectionRepository; If you want this repository to be a MongoDB repository, consider annotating your entities with one of these annotations: org.springframework.data.mongodb.core.mapping.Document (preferred), or consider extending one of the following types with your repository: org.springframework.data.mongodb.repository.MongoRepository
14:00:24.784 [restartedMain] INFO  o.s.d.r.c.RepositoryConfigurationExtensionSupport - Spring Data MongoDB - Could not safely identify store assignment for repository candidate interface ir.repository.TicketRepository; If you want this repository to be a MongoDB repository, consider annotating your entities with one of these annotations: org.springframework.data.mongodb.core.mapping.Document (preferred), or consider extending one of the following types with your repository: org.springframework.data.mongodb.repository.MongoRepository
14:00:24.784 [restartedMain] INFO  o.s.d.r.c.RepositoryConfigurationExtensionSupport - Spring Data MongoDB - Could not safely identify store assignment for repository candidate interface ir.repository.UserRepository; If you want this repository to be a MongoDB repository, consider annotating your entities with one of these annotations: org.springframework.data.mongodb.core.mapping.Document (preferred), or consider extending one of the following types with your repository: org.springframework.data.mongodb.repository.MongoRepository
14:00:24.790 [restartedMain] INFO  o.s.d.r.c.RepositoryConfigurationDelegate - Finished Spring Data repository scanning in 21 ms. Found 1 MongoDB repository interface.
14:00:24.799 [restartedMain] INFO  o.s.d.r.c.RepositoryConfigurationDelegate - Multiple Spring Data modules found, entering strict repository configuration mode
14:00:24.800 [restartedMain] INFO  o.s.d.r.c.RepositoryConfigurationDelegate - Bootstrapping Spring Data Redis repositories in DEFAULT mode.
14:00:24.812 [restartedMain] INFO  o.s.d.r.c.RepositoryConfigurationExtensionSupport - Spring Data Redis - Could not safely identify store assignment for repository candidate interface ir.repository.AttachmentRepository; If you want this repository to be a Redis repository, consider annotating your entities with one of these annotations: org.springframework.data.redis.core.RedisHash (preferred), or consider extending one of the following types with your repository: org.springframework.data.keyvalue.repository.KeyValueRepository
14:00:24.813 [restartedMain] INFO  o.s.d.r.c.RepositoryConfigurationExtensionSupport - Spring Data Redis - Could not safely identify store assignment for repository candidate interface ir.repository.BuildingRepository; If you want this repository to be a Redis repository, consider annotating your entities with one of these annotations: org.springframework.data.redis.core.RedisHash (preferred), or consider extending one of the following types with your repository: org.springframework.data.keyvalue.repository.KeyValueRepository
14:00:24.813 [restartedMain] INFO  o.s.d.r.c.RepositoryConfigurationExtensionSupport - Spring Data Redis - Could not safely identify store assignment for repository candidate interface ir.repository.ImageRepository; If you want this repository to be a Redis repository, consider annotating your entities with one of these annotations: org.springframework.data.redis.core.RedisHash (preferred), or consider extending one of the following types with your repository: org.springframework.data.keyvalue.repository.KeyValueRepository
14:00:24.813 [restartedMain] INFO  o.s.d.r.c.RepositoryConfigurationExtensionSupport - Spring Data Redis - Could not safely identify store assignment for repository candidate interface ir.repository.LowScoreTicketReportRepository; If you want this repository to be a Redis repository, consider annotating your entities with one of these annotations: org.springframework.data.redis.core.RedisHash (preferred), or consider extending one of the following types with your repository: org.springframework.data.keyvalue.repository.KeyValueRepository
14:00:24.813 [restartedMain] INFO  o.s.d.r.c.RepositoryConfigurationExtensionSupport - Spring Data Redis - Could not safely identify store assignment for repository candidate interface ir.repository.MessageRepository; If you want this repository to be a Redis repository, consider annotating your entities with one of these annotations: org.springframework.data.redis.core.RedisHash (preferred), or consider extending one of the following types with your repository: org.springframework.data.keyvalue.repository.KeyValueRepository
14:00:24.813 [restartedMain] INFO  o.s.d.r.c.RepositoryConfigurationExtensionSupport - Spring Data Redis - Could not safely identify store assignment for repository candidate interface ir.repository.NotificationRepository; If you want this repository to be a Redis repository, consider annotating your entities with one of these annotations: org.springframework.data.redis.core.RedisHash (preferred), or consider extending one of the following types with your repository: org.springframework.data.keyvalue.repository.KeyValueRepository
14:00:24.813 [restartedMain] INFO  o.s.d.r.c.RepositoryConfigurationExtensionSupport - Spring Data Redis - Could not safely identify store assignment for repository candidate interface ir.repository.OutboxRepository; If you want this repository to be a Redis repository, consider annotating your entities with one of these annotations: org.springframework.data.redis.core.RedisHash (preferred), or consider extending one of the following types with your repository: org.springframework.data.keyvalue.repository.KeyValueRepository
14:00:24.814 [restartedMain] INFO  o.s.d.r.c.RepositoryConfigurationExtensionSupport - Spring Data Redis - Could not safely identify store assignment for repository candidate interface ir.repository.PermissionRepository; If you want this repository to be a Redis repository, consider annotating your entities with one of these annotations: org.springframework.data.redis.core.RedisHash (preferred), or consider extending one of the following types with your repository: org.springframework.data.keyvalue.repository.KeyValueRepository
14:00:24.814 [restartedMain] INFO  o.s.d.r.c.RepositoryConfigurationExtensionSupport - Spring Data Redis - Could not safely identify store assignment for repository candidate interface ir.repository.ProfileRepository; If you want this repository to be a Redis repository, consider annotating your entities with one of these annotations: org.springframework.data.redis.core.RedisHash (preferred), or consider extending one of the following types with your repository: org.springframework.data.keyvalue.repository.KeyValueRepository
14:00:24.814 [restartedMain] INFO  o.s.d.r.c.RepositoryConfigurationExtensionSupport - Spring Data Redis - Could not safely identify store assignment for repository candidate interface ir.repository.RoleRepository; If you want this repository to be a Redis repository, consider annotating your entities with one of these annotations: org.springframework.data.redis.core.RedisHash (preferred), or consider extending one of the following types with your repository: org.springframework.data.keyvalue.repository.KeyValueRepository
14:00:24.814 [restartedMain] INFO  o.s.d.r.c.RepositoryConfigurationExtensionSupport - Spring Data Redis - Could not safely identify store assignment for repository candidate interface ir.repository.SectionRepository; If you want this repository to be a Redis repository, consider annotating your entities with one of these annotations: org.springframework.data.redis.core.RedisHash (preferred), or consider extending one of the following types with your repository: org.springframework.data.keyvalue.repository.KeyValueRepository
14:00:24.814 [restartedMain] INFO  o.s.d.r.c.RepositoryConfigurationExtensionSupport - Spring Data Redis - Could not safely identify store assignment for repository candidate interface ir.repository.TicketRepository; If you want this repository to be a Redis repository, consider annotating your entities with one of these annotations: org.springframework.data.redis.core.RedisHash (preferred), or consider extending one of the following types with your repository: org.springframework.data.keyvalue.repository.KeyValueRepository
14:00:24.814 [restartedMain] INFO  o.s.d.r.c.RepositoryConfigurationExtensionSupport - Spring Data Redis - Could not safely identify store assignment for repository candidate interface ir.repository.UserRepository; If you want this repository to be a Redis repository, consider annotating your entities with one of these annotations: org.springframework.data.redis.core.RedisHash (preferred), or consider extending one of the following types with your repository: org.springframework.data.keyvalue.repository.KeyValueRepository
14:00:24.814 [restartedMain] INFO  o.s.d.r.c.RepositoryConfigurationDelegate - Finished Spring Data repository scanning in 7 ms. Found 0 Redis repository interfaces.
14:00:25.070 [restartedMain] INFO  o.s.cloud.context.scope.GenericScope - BeanFactory id=42e78484-4cca-3390-b734-2aa1eb7372db
14:00:25.858 [restartedMain] INFO  o.s.b.w.e.tomcat.TomcatWebServer - Tomcat initialized with port 8443 (https)
14:00:25.867 [restartedMain] INFO  o.a.coyote.http11.Http11NioProtocol - Initializing ProtocolHandler ["https-jsse-nio-8443"]
14:00:25.870 [restartedMain] INFO  o.a.catalina.core.StandardService - Starting service [Tomcat]
14:00:25.870 [restartedMain] INFO  o.a.catalina.core.StandardEngine - Starting Servlet engine: [Apache Tomcat/10.1.36]
14:00:25.921 [restartedMain] INFO  o.a.c.c.C.[Tomcat].[localhost].[/] - Initializing Spring embedded WebApplicationContext
14:00:25.922 [restartedMain] INFO  o.s.b.w.s.c.ServletWebServerApplicationContext - Root WebApplicationContext: initialization completed in 2583 ms
14:00:26.442 [restartedMain] INFO  com.zaxxer.hikari.HikariDataSource - HikariPool-1 - Starting...
14:00:26.741 [restartedMain] INFO  com.zaxxer.hikari.pool.HikariPool - HikariPool-1 - Added connection oracle.jdbc.driver.T4CConnection@38419b4a
14:00:26.743 [restartedMain] INFO  com.zaxxer.hikari.HikariDataSource - HikariPool-1 - Start completed.
14:00:26.755 [restartedMain] INFO  org.flywaydb.core.FlywayExecutor - Database: jdbc:oracle:thin:@localhost:1521:xe (Oracle 21.0)
14:00:27.017 [restartedMain] INFO  o.f.core.internal.command.DbValidate - Successfully validated 3 migrations (execution time 00:00.130s)
14:00:27.029 [restartedMain] INFO  o.f.core.internal.command.DbMigrate - Current version of schema "TICKETING_SPRING": 2
14:00:27.034 [restartedMain] INFO  o.f.core.internal.command.DbMigrate - Schema "TICKETING_SPRING" is up to date. No migration necessary.
14:00:27.132 [restartedMain] INFO  o.h.jpa.internal.util.LogHelper - HHH000204: Processing PersistenceUnitInfo [name: default]
14:00:27.204 [restartedMain] INFO  org.hibernate.Version - HHH000412: Hibernate ORM core version 6.6.8.Final
14:00:27.239 [restartedMain] INFO  o.h.c.i.RegionFactoryInitiator - HHH000026: Second-level cache disabled
14:00:27.486 [restartedMain] INFO  o.s.o.j.p.SpringPersistenceUnitInfo - No LoadTimeWeaver setup: ignoring JPA class transformer
14:00:27.539 [restartedMain] WARN  org.hibernate.orm.deprecation - HHH90000025: OracleDialect does not need to be specified explicitly using 'hibernate.dialect' (remove the property setting and it will be selected by default)
14:00:27.566 [restartedMain] INFO  o.hibernate.orm.connections.pooling - HHH10001005: Database info:
	Database JDBC URL [Connecting through datasource 'HikariDataSource (HikariPool-1)']
	Database driver: undefined/unknown
	Database version: 21.0
	Autocommit mode: undefined/unknown
	Isolation level: undefined/unknown
	Minimum pool size: undefined/unknown
	Maximum pool size: undefined/unknown
14:00:28.528 [restartedMain] INFO  o.h.e.t.j.p.i.JtaPlatformInitiator - HHH000489: No JTA platform available (set 'hibernate.transaction.jta.platform' to enable JTA platform integration)
14:00:29.468 [restartedMain] DEBUG org.hibernate.SQL - 
    alter table attachment_tbl 
       modify file_type smallint
14:00:29.510 [restartedMain] DEBUG org.hibernate.SQL - 
    alter table ticket_tbl 
       modify status smallint
14:00:32.759 [restartedMain] INFO  o.s.o.j.LocalContainerEntityManagerFactoryBean - Initialized JPA EntityManagerFactory for persistence unit 'default'
14:00:33.275 [restartedMain] INFO  o.s.d.j.r.query.QueryEnhancerFactory - Hibernate is in classpath; If applicable, HQL parser will be used.
14:00:35.066 [restartedMain] TRACE o.s.c.a.AnnotationCacheOperationSource - Adding cacheable method 'update' with operations: [Builder[public ir.model.entity.Section ir.service.impl.SectionServiceImpl.update(java.lang.Long,ir.model.entity.Section)] caches=[sections, sectionsPageable, sectionsFilter] | key='' | keyGenerator='' | cacheManager='' | cacheResolver='' | condition='',true,false]
14:00:35.072 [restartedMain] TRACE o.s.c.a.AnnotationCacheOperationSource - Adding cacheable method 'save' with operations: [Builder[public ir.model.entity.Section ir.service.impl.SectionServiceImpl.save(ir.model.entity.Section)] caches=[sections, sectionsPageable, sectionsFilter] | key='' | keyGenerator='' | cacheManager='' | cacheResolver='' | condition='',true,false]
14:00:35.072 [restartedMain] TRACE o.s.c.a.AnnotationCacheOperationSource - Adding cacheable method 'findAll' with operations: [Builder[public java.util.List ir.service.impl.SectionServiceImpl.findAll()] caches=[sections] | key='' | keyGenerator='' | cacheManager='' | cacheResolver='' | condition='' | unless='' | sync='false']
14:00:35.072 [restartedMain] TRACE o.s.c.a.AnnotationCacheOperationSource - Adding cacheable method 'findAll' with operations: [Builder[public org.springframework.data.domain.Page ir.service.impl.SectionServiceImpl.findAll(org.springframework.data.domain.Pageable)] caches=[sectionsPageable] | key='' | keyGenerator='' | cacheManager='' | cacheResolver='' | condition='' | unless='' | sync='false']
14:00:35.072 [restartedMain] TRACE o.s.c.a.AnnotationCacheOperationSource - Adding cacheable method 'deleteById' with operations: [Builder[public void ir.service.impl.SectionServiceImpl.deleteById(java.lang.Long)] caches=[sections, sectionsPageable, sectionsFilter] | key='' | keyGenerator='' | cacheManager='' | cacheResolver='' | condition='',true,false]
14:00:35.073 [restartedMain] TRACE o.s.c.a.AnnotationCacheOperationSource - Adding cacheable method 'saveAll' with operations: [Builder[public java.util.List ir.service.impl.SectionServiceImpl.saveAll(java.util.List)] caches=[sections, sectionsPageable, sectionsFilter] | key='' | keyGenerator='' | cacheManager='' | cacheResolver='' | condition='',true,false]
14:00:35.073 [restartedMain] TRACE o.s.c.a.AnnotationCacheOperationSource - Adding cacheable method 'findAllForFilter' with operations: [Builder[public java.util.List ir.service.impl.SectionServiceImpl.findAllForFilter()] caches=[sectionsFilter] | key='' | keyGenerator='' | cacheManager='' | cacheResolver='' | condition='' | unless='' | sync='false']
14:00:35.357 [restartedMain] INFO  org.mongodb.driver.client - MongoClient with metadata {"driver": {"name": "mongo-java-driver|sync|spring-boot", "version": "5.2.1"}, "os": {"type": "Windows", "name": "Windows 10", "architecture": "amd64", "version": "10.0"}, "platform": "Java/Oracle Corporation/17.0.12+8-LTS-286"} created with settings MongoClientSettings{readPreference=primary, writeConcern=WriteConcern{w=null, wTimeout=null ms, journal=null}, retryWrites=true, retryReads=true, readConcern=ReadConcern{level=null}, credential=null, transportSettings=null, commandListeners=[io.micrometer.core.instrument.binder.mongodb.MongoMetricsCommandListener@61843b98], codecRegistry=ProvidersCodecRegistry{codecProviders=[ValueCodecProvider{}, BsonValueCodecProvider{}, DBRefCodecProvider{}, DBObjectCodecProvider{}, DocumentCodecProvider{}, CollectionCodecProvider{}, IterableCodecProvider{}, MapCodecProvider{}, GeoJsonCodecProvider{}, GridFSFileCodecProvider{}, Jsr310CodecProvider{}, JsonObjectCodecProvider{}, BsonCodecProvider{}, EnumCodecProvider{}, com.mongodb.client.model.mql.ExpressionCodecProvider@82e6ed, com.mongodb.Jep395RecordCodecProvider@c7fbeb1, com.mongodb.KotlinCodecProvider@417c4f4a]}, loggerSettings=LoggerSettings{maxDocumentLength=1000}, clusterSettings={hosts=[localhost:27017], srvServiceName=mongodb, mode=SINGLE, requiredClusterType=UNKNOWN, requiredReplicaSetName='null', serverSelector='null', clusterListeners='[]', serverSelectionTimeout='30000 ms', localThreshold='15 ms'}, socketSettings=SocketSettings{connectTimeoutMS=10000, readTimeoutMS=0, receiveBufferSize=0, proxySettings=ProxySettings{host=null, port=null, username=null, password=null}}, heartbeatSocketSettings=SocketSettings{connectTimeoutMS=10000, readTimeoutMS=10000, receiveBufferSize=0, proxySettings=ProxySettings{host=null, port=null, username=null, password=null}}, connectionPoolSettings=ConnectionPoolSettings{maxSize=100, minSize=0, maxWaitTimeMS=120000, maxConnectionLifeTimeMS=0, maxConnectionIdleTimeMS=0, maintenanceInitialDelayMS=0, maintenanceFrequencyMS=60000, connectionPoolListeners=[io.micrometer.core.instrument.binder.mongodb.MongoMetricsConnectionPoolListener@39e6300], maxConnecting=2}, serverSettings=ServerSettings{heartbeatFrequencyMS=10000, minHeartbeatFrequencyMS=500, serverMonitoringMode=AUTO, serverListeners='[]', serverMonitorListeners='[]'}, sslSettings=SslSettings{enabled=false, invalidHostNameAllowed=false, context=null}, applicationName='null', compressorList=[], uuidRepresentation=JAVA_LEGACY, serverApi=null, autoEncryptionSettings=null, dnsClient=null, inetAddressResolver=null, contextProvider=null, timeoutMS=null}
14:00:35.370 [cluster-ClusterId{value='69e9f4cb88c20f763b8508e5', description='null'}-localhost:27017] INFO  org.mongodb.driver.cluster - Monitor thread successfully connected to server with description ServerDescription{address=localhost:27017, type=STANDALONE, cryptd=false, state=CONNECTED, ok=true, minWireVersion=0, maxWireVersion=27, maxDocumentSize=16777216, logicalSessionTimeoutMinutes=30, roundTripTimeNanos=18439100, minRoundTripTimeNanos=0}
14:00:35.535 [restartedMain] INFO  o.s.b.d.a.OptionalLiveReloadServer - LiveReload server is running on port 35729
14:00:35.941 [restartedMain] WARN  o.s.b.a.o.j.JpaBaseConfiguration$JpaWebConfiguration - spring.jpa.open-in-view is enabled by default. Therefore, database queries may be performed during view rendering. Explicitly configure spring.jpa.open-in-view to disable this warning
14:00:36.752 [restartedMain] INFO  o.s.s.c.a.a.c.InitializeAuthenticationProviderBeanManagerConfigurer$InitializeAuthenticationProviderManagerConfigurer - Global AuthenticationManager configured with AuthenticationProvider bean with name authenticationProvider
14:00:36.753 [restartedMain] WARN  o.s.s.c.a.a.c.InitializeUserDetailsBeanManagerConfigurer$InitializeUserDetailsManagerConfigurer - Global AuthenticationManager configured with an AuthenticationProvider bean. UserDetailsService beans will not be used by Spring Security for automatically configuring username/password login. Consider removing the AuthenticationProvider bean. Alternatively, consider using the UserDetailsService in a manually instantiated DaoAuthenticationProvider. If the current configuration is intentional, to turn off this warning, increase the logging level of 'org.springframework.security.config.annotation.authentication.configuration.InitializeUserDetailsBeanManagerConfigurer' to ERROR
14:00:37.485 [restartedMain] INFO  o.s.b.a.e.web.EndpointLinksResolver - Exposing 3 endpoints beneath base path '/actuator'
14:00:37.685 [restartedMain] INFO  o.s.s.w.a.c.ChannelProcessingFilter - Validated configuration attributes
14:00:37.692 [restartedMain] DEBUG o.s.s.web.DefaultSecurityFilterChain - Will secure any request with filters: DisableEncodeUrlFilter, ChannelProcessingFilter, WebAsyncManagerIntegrationFilter, SecurityContextHolderFilter, HeaderWriterFilter, CorsFilter, CsrfFilter, LogoutFilter, UsernamePasswordAuthenticationFilter, ConcurrentSessionFilter, RequestCacheAwareFilter, SecurityContextHolderAwareRequestFilter, AnonymousAuthenticationFilter, SessionManagementFilter, ExceptionTranslationFilter, AuthorizationFilter
14:00:38.525 [restartedMain] INFO  o.s.b.a.h.H2ConsoleAutoConfiguration - H2 console available at '/h2-console'. Database available at 'jdbc:oracle:thin:@localhost:1521:xe'
14:00:39.822 [restartedMain] INFO  o.s.cloud.commons.util.InetUtils - Cannot determine local hostname
14:00:39.965 [restartedMain] INFO  o.a.coyote.http11.Http11NioProtocol - Starting ProtocolHandler ["https-jsse-nio-8443"]
14:00:40.072 [restartedMain] INFO  o.a.t.u.net.NioEndpoint.certificate - Connector [https-jsse-nio-8443], TLS virtual host [_default_], certificate type [UNDEFINED] configured from keystore [C:\Users\arbab\.keystore] using alias [ticketingkey] with trust store [null]
14:00:40.086 [restartedMain] INFO  o.s.b.w.e.tomcat.TomcatWebServer - Tomcat started on port 8443 (https) with context path '/'
14:00:41.245 [restartedMain] INFO  o.s.cloud.commons.util.InetUtils - Cannot determine local hostname
14:00:41.283 [restartedMain] INFO  o.a.k.c.consumer.ConsumerConfig - ConsumerConfig values: 
	allow.auto.create.topics = true
	auto.commit.interval.ms = 5000
	auto.include.jmx.reporter = true
	auto.offset.reset = earliest
	bootstrap.servers = [100.99.137.56:9092]
	check.crcs = true
	client.dns.lookup = use_all_dns_ips
	client.id = consumer-building-service-updater-1
	client.rack = 
	connections.max.idle.ms = 540000
	default.api.timeout.ms = 60000
	enable.auto.commit = false
	enable.metrics.push = true
	exclude.internal.topics = true
	fetch.max.bytes = 52428800
	fetch.max.wait.ms = 500
	fetch.min.bytes = 1
	group.id = building-service-updater
	group.instance.id = null
	group.protocol = classic
	group.remote.assignor = null
	heartbeat.interval.ms = 3000
	interceptor.classes = []
	internal.leave.group.on.close = true
	internal.throw.on.fetch.stable.offset.unsupported = false
	isolation.level = read_uncommitted
	key.deserializer = class org.apache.kafka.common.serialization.StringDeserializer
	max.partition.fetch.bytes = 1048576
	max.poll.interval.ms = 300000
	max.poll.records = 500
	metadata.max.age.ms = 300000
	metadata.recovery.strategy = none
	metric.reporters = []
	metrics.num.samples = 2
	metrics.recording.level = INFO
	metrics.sample.window.ms = 30000
	partition.assignment.strategy = [class org.apache.kafka.clients.consumer.RangeAssignor, class org.apache.kafka.clients.consumer.CooperativeStickyAssignor]
	receive.buffer.bytes = 65536
	reconnect.backoff.max.ms = 1000
	reconnect.backoff.ms = 50
	request.timeout.ms = 30000
	retry.backoff.max.ms = 1000
	retry.backoff.ms = 100
	sasl.client.callback.handler.class = null
	sasl.jaas.config = null
	sasl.kerberos.kinit.cmd = /usr/bin/kinit
	sasl.kerberos.min.time.before.relogin = 60000
	sasl.kerberos.service.name = null
	sasl.kerberos.ticket.renew.jitter = 0.05
	sasl.kerberos.ticket.renew.window.factor = 0.8
	sasl.login.callback.handler.class = null
	sasl.login.class = null
	sasl.login.connect.timeout.ms = null
	sasl.login.read.timeout.ms = null
	sasl.login.refresh.buffer.seconds = 300
	sasl.login.refresh.min.period.seconds = 60
	sasl.login.refresh.window.factor = 0.8
	sasl.login.refresh.window.jitter = 0.05
	sasl.login.retry.backoff.max.ms = 10000
	sasl.login.retry.backoff.ms = 100
	sasl.mechanism = GSSAPI
	sasl.oauthbearer.clock.skew.seconds = 30
	sasl.oauthbearer.expected.audience = null
	sasl.oauthbearer.expected.issuer = null
	sasl.oauthbearer.jwks.endpoint.refresh.ms = 3600000
	sasl.oauthbearer.jwks.endpoint.retry.backoff.max.ms = 10000
	sasl.oauthbearer.jwks.endpoint.retry.backoff.ms = 100
	sasl.oauthbearer.jwks.endpoint.url = null
	sasl.oauthbearer.scope.claim.name = scope
	sasl.oauthbearer.sub.claim.name = sub
	sasl.oauthbearer.token.endpoint.url = null
	security.protocol = PLAINTEXT
	security.providers = null
	send.buffer.bytes = 131072
	session.timeout.ms = 45000
	socket.connection.setup.timeout.max.ms = 30000
	socket.connection.setup.timeout.ms = 10000
	ssl.cipher.suites = null
	ssl.enabled.protocols = [TLSv1.2, TLSv1.3]
	ssl.endpoint.identification.algorithm = https
	ssl.engine.factory.class = null
	ssl.key.password = null
	ssl.keymanager.algorithm = SunX509
	ssl.keystore.certificate.chain = null
	ssl.keystore.key = null
	ssl.keystore.location = null
	ssl.keystore.password = null
	ssl.keystore.type = JKS
	ssl.protocol = TLSv1.3
	ssl.provider = null
	ssl.secure.random.implementation = null
	ssl.trustmanager.algorithm = PKIX
	ssl.truststore.certificates = null
	ssl.truststore.location = null
	ssl.truststore.password = null
	ssl.truststore.type = JKS
	value.deserializer = class org.apache.kafka.common.serialization.StringDeserializer

14:00:41.338 [restartedMain] INFO  o.a.k.c.t.i.KafkaMetricsCollector - initializing Kafka metrics collector
14:00:41.420 [restartedMain] INFO  o.a.kafka.common.utils.AppInfoParser - Kafka version: 3.8.1
14:00:41.420 [restartedMain] INFO  o.a.kafka.common.utils.AppInfoParser - Kafka commitId: 70d6ff42debf7e17
14:00:41.420 [restartedMain] INFO  o.a.kafka.common.utils.AppInfoParser - Kafka startTimeMs: 1776940241419
14:00:41.431 [restartedMain] INFO  o.a.k.c.c.i.LegacyKafkaConsumer - [Consumer clientId=consumer-building-service-updater-1, groupId=building-service-updater] Subscribed to topic(s): address-created-topic
14:00:41.456 [restartedMain] INFO  ir.TicketingSpringSample - Started TicketingSpringSample in 19.954 seconds (process running for 20.942)
14:00:41.472 [scheduling-1] DEBUG o.h.e.t.internal.TransactionImpl - On TransactionImpl creation, JpaCompliance#isJpaTransactionComplianceEnabled == false
14:00:41.472 [scheduling-1] DEBUG o.h.e.t.internal.TransactionImpl - begin
14:00:41.475 [restartedMain] TRACE o.s.c.interceptor.CacheInterceptor - Computed cache key 'SimpleKey []' for operation Builder[public java.util.List ir.service.impl.SectionServiceImpl.findAll()] caches=[sections] | key='' | keyGenerator='' | cacheManager='' | cacheResolver='' | condition='' | unless='' | sync='false'
14:00:41.475 [restartedMain] TRACE o.s.c.interceptor.CacheInterceptor - No cache entry for key 'SimpleKey []' in cache(s) [sections]
14:00:41.479 [restartedMain] DEBUG o.s.jdbc.datasource.DataSourceUtils - Setting JDBC Connection [HikariProxyConnection@1973699135 wrapping oracle.jdbc.driver.T4CConnection@79e99bf8] read-only
14:00:41.479 [restartedMain] DEBUG o.h.e.t.internal.TransactionImpl - On TransactionImpl creation, JpaCompliance#isJpaTransactionComplianceEnabled == false
14:00:41.479 [restartedMain] DEBUG o.h.e.t.internal.TransactionImpl - begin
14:00:41.539 [restartedMain] DEBUG org.hibernate.SQL - 
    /* <criteria> */ select
        s1_0.id,
        s1_0.building_id,
        s1_0.deleted,
        s1_0.parent_section_id,
        s1_0.title 
    from
        section_table s1_0 
    where
        (
            s1_0.deleted = 0
        )
14:00:41.540 [scheduling-1] DEBUG org.hibernate.SQL - 
    /* <criteria> */ select
        oe1_0.id,
        oe1_0.aggregate_id,
        oe1_0.aggregate_type,
        oe1_0.created_at,
        oe1_0.deleted,
        oe1_0.event_type,
        oe1_0.payload,
        oe1_0.published 
    from
        outbox_tbl oe1_0 
    where
        (
            oe1_0.deleted = 0
        ) 
        and oe1_0.published=0 
    order by
        oe1_0.created_at
14:00:41.563 [restartedMain] TRACE org.hibernate.orm.jdbc.extract - extracted value (1:BIGINT) -> [1]
14:00:41.564 [restartedMain] TRACE org.hibernate.orm.jdbc.extract - extracted value (2:BIGINT) -> [null]
14:00:41.566 [scheduling-1] DEBUG o.h.e.t.internal.TransactionImpl - committing
14:00:41.567 [restartedMain] TRACE org.hibernate.orm.jdbc.extract - extracted value (4:BIGINT) -> [null]
14:00:41.569 [restartedMain] TRACE org.hibernate.orm.jdbc.extract - extracted value (3:BOOLEAN) -> [false]
14:00:41.569 [restartedMain] TRACE org.hibernate.orm.jdbc.extract - extracted value (5:VARCHAR) -> [MAIN SECTION]
14:00:41.572 [restartedMain] TRACE org.hibernate.orm.jdbc.extract - extracted value (1:BIGINT) -> [2]
14:00:41.572 [restartedMain] TRACE org.hibernate.orm.jdbc.extract - extracted value (2:BIGINT) -> [null]
14:00:41.572 [restartedMain] TRACE org.hibernate.orm.jdbc.extract - extracted value (4:BIGINT) -> [1]
14:00:41.572 [restartedMain] TRACE org.hibernate.orm.jdbc.extract - extracted value (3:BOOLEAN) -> [false]
14:00:41.572 [restartedMain] TRACE org.hibernate.orm.jdbc.extract - extracted value (5:VARCHAR) -> [TRANSPORT]
14:00:41.572 [restartedMain] TRACE org.hibernate.orm.jdbc.extract - extracted value (1:BIGINT) -> [3]
14:00:41.572 [restartedMain] TRACE org.hibernate.orm.jdbc.extract - extracted value (2:BIGINT) -> [null]
14:00:41.573 [restartedMain] TRACE org.hibernate.orm.jdbc.extract - extracted value (4:BIGINT) -> [2]
14:00:41.573 [restartedMain] TRACE org.hibernate.orm.jdbc.extract - extracted value (3:BOOLEAN) -> [false]
14:00:41.573 [restartedMain] TRACE org.hibernate.orm.jdbc.extract - extracted value (5:VARCHAR) -> [BUS]
14:00:41.573 [restartedMain] TRACE org.hibernate.orm.jdbc.extract - extracted value (1:BIGINT) -> [4]
14:00:41.573 [restartedMain] TRACE org.hibernate.orm.jdbc.extract - extracted value (2:BIGINT) -> [null]
14:00:41.573 [restartedMain] TRACE org.hibernate.orm.jdbc.extract - extracted value (4:BIGINT) -> [2]
14:00:41.573 [restartedMain] TRACE org.hibernate.orm.jdbc.extract - extracted value (3:BOOLEAN) -> [false]
14:00:41.573 [restartedMain] TRACE org.hibernate.orm.jdbc.extract - extracted value (5:VARCHAR) -> [TRAIN]
14:00:41.573 [scheduling-1] DEBUG o.s.jdbc.datasource.DataSourceUtils - Fetching JDBC Connection from DataSource
14:00:41.573 [restartedMain] TRACE org.hibernate.orm.jdbc.extract - extracted value (1:BIGINT) -> [5]
14:00:41.573 [restartedMain] TRACE org.hibernate.orm.jdbc.extract - extracted value (2:BIGINT) -> [null]
14:00:41.573 [restartedMain] TRACE org.hibernate.orm.jdbc.extract - extracted value (4:BIGINT) -> [1]
14:00:41.573 [restartedMain] TRACE org.hibernate.orm.jdbc.extract - extracted value (3:BOOLEAN) -> [false]
14:00:41.573 [restartedMain] TRACE org.hibernate.orm.jdbc.extract - extracted value (5:VARCHAR) -> [HSE]
14:00:41.576 [restartedMain] DEBUG org.hibernate.SQL - 
    select
        csl1_0.parent_section_id,
        csl1_0.id,
        csl1_0.building_id,
        csl1_0.deleted,
        csl1_0.title 
    from
        section_table csl1_0 
    where
        csl1_0.parent_section_id=? 
        and (
            csl1_0.deleted = 0
        )
14:00:41.577 [restartedMain] TRACE org.hibernate.orm.jdbc.bind - binding parameter (1:BIGINT) <- [5]
14:00:41.581 [restartedMain] DEBUG org.hibernate.SQL - 
    select
        csl1_0.parent_section_id,
        csl1_0.id,
        csl1_0.building_id,
        csl1_0.deleted,
        csl1_0.title 
    from
        section_table csl1_0 
    where
        csl1_0.parent_section_id=? 
        and (
            csl1_0.deleted = 0
        )
14:00:41.581 [restartedMain] TRACE org.hibernate.orm.jdbc.bind - binding parameter (1:BIGINT) <- [4]
14:00:41.582 [restartedMain] DEBUG org.hibernate.SQL - 
    select
        csl1_0.parent_section_id,
        csl1_0.id,
        csl1_0.building_id,
        csl1_0.deleted,
        csl1_0.title 
    from
        section_table csl1_0 
    where
        csl1_0.parent_section_id=? 
        and (
            csl1_0.deleted = 0
        )
14:00:41.582 [restartedMain] TRACE org.hibernate.orm.jdbc.bind - binding parameter (1:BIGINT) <- [3]
14:00:41.583 [restartedMain] DEBUG org.hibernate.SQL - 
    select
        csl1_0.parent_section_id,
        csl1_0.id,
        csl1_0.building_id,
        csl1_0.deleted,
        csl1_0.title 
    from
        section_table csl1_0 
    where
        csl1_0.parent_section_id=? 
        and (
            csl1_0.deleted = 0
        )
14:00:41.583 [restartedMain] TRACE org.hibernate.orm.jdbc.bind - binding parameter (1:BIGINT) <- [2]
14:00:41.583 [restartedMain] TRACE org.hibernate.orm.jdbc.extract - extracted value (1:BIGINT) -> [2]
14:00:41.584 [restartedMain] TRACE org.hibernate.orm.jdbc.extract - extracted value (2:BIGINT) -> [3]
14:00:41.584 [restartedMain] TRACE org.hibernate.orm.jdbc.extract - extracted value (1:BIGINT) -> [2]
14:00:41.584 [restartedMain] TRACE org.hibernate.orm.jdbc.extract - extracted value (2:BIGINT) -> [4]
14:00:41.585 [scheduling-1] DEBUG o.s.j.d.DataSourceTransactionManager - Creating new transaction with name [null]: PROPAGATION_REQUIRES_NEW,ISOLATION_DEFAULT
14:00:41.585 [restartedMain] DEBUG org.hibernate.SQL - 
    select
        csl1_0.parent_section_id,
        csl1_0.id,
        csl1_0.building_id,
        csl1_0.deleted,
        csl1_0.title 
    from
        section_table csl1_0 
    where
        csl1_0.parent_section_id=? 
        and (
            csl1_0.deleted = 0
        )
14:00:41.585 [scheduling-1] DEBUG o.s.j.d.DataSourceTransactionManager - Acquired Connection [HikariProxyConnection@143773637 wrapping oracle.jdbc.driver.T4CConnection@38419b4a] for JDBC transaction
14:00:41.585 [restartedMain] TRACE org.hibernate.orm.jdbc.bind - binding parameter (1:BIGINT) <- [1]
14:00:41.585 [scheduling-1] DEBUG o.s.j.d.DataSourceTransactionManager - Switching JDBC Connection [HikariProxyConnection@143773637 wrapping oracle.jdbc.driver.T4CConnection@38419b4a] to manual commit
14:00:41.586 [restartedMain] TRACE org.hibernate.orm.jdbc.extract - extracted value (1:BIGINT) -> [1]
14:00:41.586 [restartedMain] TRACE org.hibernate.orm.jdbc.extract - extracted value (2:BIGINT) -> [2]
14:00:41.586 [restartedMain] TRACE org.hibernate.orm.jdbc.extract - extracted value (1:BIGINT) -> [1]
14:00:41.586 [restartedMain] TRACE org.hibernate.orm.jdbc.extract - extracted value (2:BIGINT) -> [5]
14:00:41.586 [restartedMain] DEBUG o.h.e.t.internal.TransactionImpl - committing
14:00:41.587 [restartedMain] DEBUG o.s.jdbc.datasource.DataSourceUtils - Resetting read-only flag of JDBC Connection [HikariProxyConnection@1973699135 wrapping oracle.jdbc.driver.T4CConnection@79e99bf8]
14:00:41.588 [restartedMain] TRACE o.s.c.interceptor.CacheInterceptor - Creating cache entry for key 'SimpleKey []' in cache(s) [sections]
14:00:41.588 [restartedMain] TRACE o.s.c.interceptor.CacheInterceptor - Computed cache key 'Page request [number: 0, size 50, sort: UNSORTED]' for operation Builder[public org.springframework.data.domain.Page ir.service.impl.SectionServiceImpl.findAll(org.springframework.data.domain.Pageable)] caches=[sectionsPageable] | key='' | keyGenerator='' | cacheManager='' | cacheResolver='' | condition='' | unless='' | sync='false'
14:00:41.588 [restartedMain] TRACE o.s.c.interceptor.CacheInterceptor - No cache entry for key 'Page request [number: 0, size 50, sort: UNSORTED]' in cache(s) [sectionsPageable]
14:00:41.588 [restartedMain] DEBUG o.s.jdbc.datasource.DataSourceUtils - Setting JDBC Connection [HikariProxyConnection@166797818 wrapping oracle.jdbc.driver.T4CConnection@79e99bf8] read-only
14:00:41.588 [restartedMain] DEBUG o.h.e.t.internal.TransactionImpl - On TransactionImpl creation, JpaCompliance#isJpaTransactionComplianceEnabled == false
14:00:41.588 [restartedMain] DEBUG o.h.e.t.internal.TransactionImpl - begin
14:00:41.589 [scheduling-1] DEBUG o.s.jdbc.core.JdbcTemplate - Executing prepared SQL update
14:00:41.590 [scheduling-1] DEBUG o.s.jdbc.core.JdbcTemplate - Executing prepared SQL statement [MERGE INTO shedlock USING (SELECT 1 FROM dual) ON (name = ?) WHEN MATCHED THEN UPDATE SET lock_until = SYS_EXTRACT_UTC(SYSTIMESTAMP) + ?, locked_at = SYS_EXTRACT_UTC(SYSTIMESTAMP), locked_by = ? WHERE name = ? AND lock_until <= SYS_EXTRACT_UTC(SYSTIMESTAMP) WHEN NOT MATCHED THEN INSERT(name, lock_until, locked_at, locked_by) VALUES(?, SYS_EXTRACT_UTC(SYSTIMESTAMP) + ?, SYS_EXTRACT_UTC(SYSTIMESTAMP), ?)]
14:00:41.591 [restartedMain] DEBUG org.hibernate.SQL - 
    /* <criteria> */ select
        s1_0.id,
        s1_0.building_id,
        s1_0.deleted,
        s1_0.parent_section_id,
        s1_0.title 
    from
        section_table s1_0 
    where
        (
            s1_0.deleted = 0
        ) 
    offset
        ? rows 
    fetch
        first ? rows only
14:00:41.591 [restartedMain] TRACE org.hibernate.orm.jdbc.bind - binding parameter (1:INTEGER) <- [0]
14:00:41.591 [restartedMain] TRACE org.hibernate.orm.jdbc.bind - binding parameter (2:INTEGER) <- [50]
14:00:41.594 [restartedMain] TRACE org.hibernate.orm.jdbc.extract - extracted value (1:BIGINT) -> [1]
14:00:41.594 [restartedMain] TRACE org.hibernate.orm.jdbc.extract - extracted value (2:BIGINT) -> [null]
14:00:41.595 [restartedMain] TRACE org.hibernate.orm.jdbc.extract - extracted value (4:BIGINT) -> [null]
14:00:41.595 [restartedMain] TRACE org.hibernate.orm.jdbc.extract - extracted value (3:BOOLEAN) -> [false]
14:00:41.595 [restartedMain] TRACE org.hibernate.orm.jdbc.extract - extracted value (5:VARCHAR) -> [MAIN SECTION]
14:00:41.595 [restartedMain] TRACE org.hibernate.orm.jdbc.extract - extracted value (1:BIGINT) -> [2]
14:00:41.595 [restartedMain] TRACE org.hibernate.orm.jdbc.extract - extracted value (2:BIGINT) -> [null]
14:00:41.595 [restartedMain] TRACE org.hibernate.orm.jdbc.extract - extracted value (4:BIGINT) -> [1]
14:00:41.595 [restartedMain] TRACE org.hibernate.orm.jdbc.extract - extracted value (3:BOOLEAN) -> [false]
14:00:41.595 [restartedMain] TRACE org.hibernate.orm.jdbc.extract - extracted value (5:VARCHAR) -> [TRANSPORT]
14:00:41.595 [restartedMain] TRACE org.hibernate.orm.jdbc.extract - extracted value (1:BIGINT) -> [3]
14:00:41.595 [restartedMain] TRACE org.hibernate.orm.jdbc.extract - extracted value (2:BIGINT) -> [null]
14:00:41.595 [restartedMain] TRACE org.hibernate.orm.jdbc.extract - extracted value (4:BIGINT) -> [2]
14:00:41.595 [restartedMain] TRACE org.hibernate.orm.jdbc.extract - extracted value (3:BOOLEAN) -> [false]
14:00:41.595 [restartedMain] TRACE org.hibernate.orm.jdbc.extract - extracted value (5:VARCHAR) -> [BUS]
14:00:41.595 [restartedMain] TRACE org.hibernate.orm.jdbc.extract - extracted value (1:BIGINT) -> [4]
14:00:41.595 [restartedMain] TRACE org.hibernate.orm.jdbc.extract - extracted value (2:BIGINT) -> [null]
14:00:41.595 [restartedMain] TRACE org.hibernate.orm.jdbc.extract - extracted value (4:BIGINT) -> [2]
14:00:41.596 [restartedMain] TRACE org.hibernate.orm.jdbc.extract - extracted value (3:BOOLEAN) -> [false]
14:00:41.596 [restartedMain] TRACE org.hibernate.orm.jdbc.extract - extracted value (5:VARCHAR) -> [TRAIN]
14:00:41.596 [restartedMain] TRACE org.hibernate.orm.jdbc.extract - extracted value (1:BIGINT) -> [5]
14:00:41.596 [restartedMain] TRACE org.hibernate.orm.jdbc.extract - extracted value (2:BIGINT) -> [null]
14:00:41.596 [restartedMain] TRACE org.hibernate.orm.jdbc.extract - extracted value (4:BIGINT) -> [1]
14:00:41.596 [restartedMain] TRACE org.hibernate.orm.jdbc.extract - extracted value (3:BOOLEAN) -> [false]
14:00:41.596 [restartedMain] TRACE org.hibernate.orm.jdbc.extract - extracted value (5:VARCHAR) -> [HSE]
14:00:41.596 [restartedMain] DEBUG org.hibernate.SQL - 
    select
        csl1_0.parent_section_id,
        csl1_0.id,
        csl1_0.building_id,
        csl1_0.deleted,
        csl1_0.title 
    from
        section_table csl1_0 
    where
        csl1_0.parent_section_id=? 
        and (
            csl1_0.deleted = 0
        )
14:00:41.596 [restartedMain] TRACE org.hibernate.orm.jdbc.bind - binding parameter (1:BIGINT) <- [5]
14:00:41.597 [restartedMain] DEBUG org.hibernate.SQL - 
    select
        csl1_0.parent_section_id,
        csl1_0.id,
        csl1_0.building_id,
        csl1_0.deleted,
        csl1_0.title 
    from
        section_table csl1_0 
    where
        csl1_0.parent_section_id=? 
        and (
            csl1_0.deleted = 0
        )
14:00:41.598 [restartedMain] TRACE org.hibernate.orm.jdbc.bind - binding parameter (1:BIGINT) <- [4]
14:00:41.598 [restartedMain] DEBUG org.hibernate.SQL - 
    select
        csl1_0.parent_section_id,
        csl1_0.id,
        csl1_0.building_id,
        csl1_0.deleted,
        csl1_0.title 
    from
        section_table csl1_0 
    where
        csl1_0.parent_section_id=? 
        and (
            csl1_0.deleted = 0
        )
14:00:41.598 [restartedMain] TRACE org.hibernate.orm.jdbc.bind - binding parameter (1:BIGINT) <- [3]
14:00:41.599 [restartedMain] DEBUG org.hibernate.SQL - 
    select
        csl1_0.parent_section_id,
        csl1_0.id,
        csl1_0.building_id,
        csl1_0.deleted,
        csl1_0.title 
    from
        section_table csl1_0 
    where
        csl1_0.parent_section_id=? 
        and (
            csl1_0.deleted = 0
        )
14:00:41.599 [restartedMain] TRACE org.hibernate.orm.jdbc.bind - binding parameter (1:BIGINT) <- [2]
14:00:41.600 [restartedMain] TRACE org.hibernate.orm.jdbc.extract - extracted value (1:BIGINT) -> [2]
14:00:41.600 [restartedMain] TRACE org.hibernate.orm.jdbc.extract - extracted value (2:BIGINT) -> [3]
14:00:41.597 [scheduling-1] DEBUG o.s.t.support.TransactionTemplate - Initiating transaction rollback on application exception
org.springframework.jdbc.BadSqlGrammarException: PreparedStatementCallback; bad SQL grammar [MERGE INTO shedlock USING (SELECT 1 FROM dual) ON (name = ?) WHEN MATCHED THEN UPDATE SET lock_until = SYS_EXTRACT_UTC(SYSTIMESTAMP) + ?, locked_at = SYS_EXTRACT_UTC(SYSTIMESTAMP), locked_by = ? WHERE name = ? AND lock_until <= SYS_EXTRACT_UTC(SYSTIMESTAMP) WHEN NOT MATCHED THEN INSERT(name, lock_until, locked_at, locked_by) VALUES(?, SYS_EXTRACT_UTC(SYSTIMESTAMP) + ?, SYS_EXTRACT_UTC(SYSTIMESTAMP), ?)]
	at org.springframework.jdbc.support.SQLExceptionSubclassTranslator.doTranslate(SQLExceptionSubclassTranslator.java:103)
	at org.springframework.jdbc.support.AbstractFallbackSQLExceptionTranslator.translate(AbstractFallbackSQLExceptionTranslator.java:107)
	at org.springframework.jdbc.core.JdbcTemplate.translateException(JdbcTemplate.java:1556)
	at org.springframework.jdbc.core.JdbcTemplate.execute(JdbcTemplate.java:677)
	at org.springframework.jdbc.core.JdbcTemplate.update(JdbcTemplate.java:972)
	at org.springframework.jdbc.core.JdbcTemplate.update(JdbcTemplate.java:993)
	at org.springframework.jdbc.core.namedparam.NamedParameterJdbcTemplate.update(NamedParameterJdbcTemplate.java:337)
	at org.springframework.jdbc.core.namedparam.NamedParameterJdbcTemplate.update(NamedParameterJdbcTemplate.java:342)
	at net.javacrumbs.shedlock.provider.jdbctemplate.JdbcTemplateStorageAccessor.lambda$execute$0(JdbcTemplateStorageAccessor.java:121)
	at org.springframework.transaction.support.TransactionTemplate.execute(TransactionTemplate.java:140)
	at net.javacrumbs.shedlock.provider.jdbctemplate.JdbcTemplateStorageAccessor.execute(JdbcTemplateStorageAccessor.java:121)
	at net.javacrumbs.shedlock.provider.jdbctemplate.JdbcTemplateStorageAccessor.insertRecord(JdbcTemplateStorageAccessor.java:64)
	at net.javacrumbs.shedlock.support.StorageBasedLockProvider.doLock(StorageBasedLockProvider.java:72)
	at net.javacrumbs.shedlock.support.StorageBasedLockProvider.lock(StorageBasedLockProvider.java:55)
	at java.base/jdk.internal.reflect.NativeMethodAccessorImpl.invoke0(Native Method)
	at java.base/jdk.internal.reflect.NativeMethodAccessorImpl.invoke(NativeMethodAccessorImpl.java:77)
	at java.base/jdk.internal.reflect.DelegatingMethodAccessorImpl.invoke(DelegatingMethodAccessorImpl.java:43)
	at java.base/java.lang.reflect.Method.invoke(Method.java:568)
	at org.springframework.aop.support.AopUtils.invokeJoinpointUsingReflection(AopUtils.java:359)
	at org.springframework.aop.framework.JdkDynamicAopProxy.invoke(JdkDynamicAopProxy.java:216)
	at jdk.proxy3/jdk.proxy3.$Proxy126.lock(Unknown Source)
	at net.javacrumbs.shedlock.core.DefaultLockingTaskExecutor.executeWithLock(DefaultLockingTaskExecutor.java:63)
	at net.javacrumbs.shedlock.spring.aop.MethodProxyScheduledLockAdvisor$LockingInterceptor.invoke(MethodProxyScheduledLockAdvisor.java:79)
	at org.springframework.aop.framework.ReflectiveMethodInvocation.proceed(ReflectiveMethodInvocation.java:184)
	at org.springframework.aop.framework.CglibAopProxy$DynamicAdvisedInterceptor.intercept(CglibAopProxy.java:727)
	at ir.service.impl.TicketSchedulerService$$SpringCGLIB$$0.autoCloseOldTickets(<generated>)
	at java.base/jdk.internal.reflect.NativeMethodAccessorImpl.invoke0(Native Method)
	at java.base/jdk.internal.reflect.NativeMethodAccessorImpl.invoke(NativeMethodAccessorImpl.java:77)
	at java.base/jdk.internal.reflect.DelegatingMethodAccessorImpl.invoke(DelegatingMethodAccessorImpl.java:43)
	at java.base/java.lang.reflect.Method.invoke(Method.java:568)
	at org.springframework.scheduling.support.ScheduledMethodRunnable.runInternal(ScheduledMethodRunnable.java:130)
	at org.springframework.scheduling.support.ScheduledMethodRunnable.lambda$run$2(ScheduledMethodRunnable.java:124)
	at io.micrometer.observation.Observation.observe(Observation.java:498)
	at org.springframework.scheduling.support.ScheduledMethodRunnable.run(ScheduledMethodRunnable.java:124)
	at org.springframework.scheduling.config.Task$OutcomeTrackingRunnable.run(Task.java:85)
	at org.springframework.scheduling.support.DelegatingErrorHandlingRunnable.run(DelegatingErrorHandlingRunnable.java:54)
	at java.base/java.util.concurrent.Executors$RunnableAdapter.call(Executors.java:539)
	at java.base/java.util.concurrent.FutureTask.runAndReset(FutureTask.java:305)
	at java.base/java.util.concurrent.ScheduledThreadPoolExecutor$ScheduledFutureTask.run(ScheduledThreadPoolExecutor.java:305)
	at java.base/java.util.concurrent.ThreadPoolExecutor.runWorker(ThreadPoolExecutor.java:1136)
	at java.base/java.util.concurrent.ThreadPoolExecutor$Worker.run(ThreadPoolExecutor.java:635)
	at java.base/java.lang.Thread.run(Thread.java:842)
Caused by: java.sql.SQLSyntaxErrorException: ORA-00942: table or view does not exist

	at oracle.jdbc.driver.T4CTTIoer11.processError(T4CTTIoer11.java:629)
	at oracle.jdbc.driver.T4CTTIoer11.processError(T4CTTIoer11.java:563)
	at oracle.jdbc.driver.T4C8Oall.processError(T4C8Oall.java:1230)
	at oracle.jdbc.driver.T4CTTIfun.receive(T4CTTIfun.java:771)
	at oracle.jdbc.driver.T4CTTIfun.doRPC(T4CTTIfun.java:298)
	at oracle.jdbc.driver.T4C8Oall.doOALL(T4C8Oall.java:511)
	at oracle.jdbc.driver.T4CPreparedStatement.doOall8(T4CPreparedStatement.java:162)
	at oracle.jdbc.driver.T4CPreparedStatement.executeForRows(T4CPreparedStatement.java:1240)
	at oracle.jdbc.driver.OracleStatement.executeSQLStatement(OracleStatement.java:1819)
	at oracle.jdbc.driver.OracleStatement.doExecuteWithTimeout(OracleStatement.java:1471)
	at oracle.jdbc.driver.OraclePreparedStatement.executeInternal(OraclePreparedStatement.java:3760)
	at oracle.jdbc.driver.OraclePreparedStatement.executeLargeUpdate(OraclePreparedStatement.java:4061)
	at oracle.jdbc.driver.OraclePreparedStatement.executeUpdate(OraclePreparedStatement.java:4036)
	at oracle.jdbc.driver.OraclePreparedStatementWrapper.executeUpdate(OraclePreparedStatementWrapper.java:995)
	at com.zaxxer.hikari.pool.ProxyPreparedStatement.executeUpdate(ProxyPreparedStatement.java:61)
	at com.zaxxer.hikari.pool.HikariProxyPreparedStatement.executeUpdate(HikariProxyPreparedStatement.java)
	at org.springframework.jdbc.core.JdbcTemplate.lambda$update$2(JdbcTemplate.java:977)
	at org.springframework.jdbc.core.JdbcTemplate.execute(JdbcTemplate.java:658)
	... 38 common frames omitted
Caused by: oracle.jdbc.OracleDatabaseException: ORA-00942: table or view does not exist

	at oracle.jdbc.driver.T4CTTIoer11.processError(T4CTTIoer11.java:636)
	... 55 common frames omitted
14:00:41.600 [restartedMain] TRACE org.hibernate.orm.jdbc.extract - extracted value (1:BIGINT) -> [2]
14:00:41.600 [scheduling-1] DEBUG o.s.j.d.DataSourceTransactionManager - Initiating transaction rollback
14:00:41.600 [restartedMain] TRACE org.hibernate.orm.jdbc.extract - extracted value (2:BIGINT) -> [4]
14:00:41.600 [scheduling-1] DEBUG o.s.j.d.DataSourceTransactionManager - Rolling back JDBC transaction on Connection [HikariProxyConnection@143773637 wrapping oracle.jdbc.driver.T4CConnection@38419b4a]
14:00:41.600 [restartedMain] DEBUG org.hibernate.SQL - 
    select
        csl1_0.parent_section_id,
        csl1_0.id,
        csl1_0.building_id,
        csl1_0.deleted,
        csl1_0.title 
    from
        section_table csl1_0 
    where
        csl1_0.parent_section_id=? 
        and (
            csl1_0.deleted = 0
        )
14:00:41.600 [restartedMain] TRACE org.hibernate.orm.jdbc.bind - binding parameter (1:BIGINT) <- [1]
14:00:41.601 [scheduling-1] DEBUG o.s.j.d.DataSourceTransactionManager - Releasing JDBC Connection [HikariProxyConnection@143773637 wrapping oracle.jdbc.driver.T4CConnection@38419b4a] after transaction
14:00:41.601 [restartedMain] TRACE org.hibernate.orm.jdbc.extract - extracted value (1:BIGINT) -> [1]
14:00:41.601 [restartedMain] TRACE org.hibernate.orm.jdbc.extract - extracted value (2:BIGINT) -> [2]
14:00:41.601 [scheduling-1] ERROR n.j.s.p.j.JdbcTemplateStorageAccessor - Unexpected exception
org.springframework.jdbc.BadSqlGrammarException: PreparedStatementCallback; bad SQL grammar [MERGE INTO shedlock USING (SELECT 1 FROM dual) ON (name = ?) WHEN MATCHED THEN UPDATE SET lock_until = SYS_EXTRACT_UTC(SYSTIMESTAMP) + ?, locked_at = SYS_EXTRACT_UTC(SYSTIMESTAMP), locked_by = ? WHERE name = ? AND lock_until <= SYS_EXTRACT_UTC(SYSTIMESTAMP) WHEN NOT MATCHED THEN INSERT(name, lock_until, locked_at, locked_by) VALUES(?, SYS_EXTRACT_UTC(SYSTIMESTAMP) + ?, SYS_EXTRACT_UTC(SYSTIMESTAMP), ?)]
	at org.springframework.jdbc.support.SQLExceptionSubclassTranslator.doTranslate(SQLExceptionSubclassTranslator.java:103)
	at org.springframework.jdbc.support.AbstractFallbackSQLExceptionTranslator.translate(AbstractFallbackSQLExceptionTranslator.java:107)
	at org.springframework.jdbc.core.JdbcTemplate.translateException(JdbcTemplate.java:1556)
	at org.springframework.jdbc.core.JdbcTemplate.execute(JdbcTemplate.java:677)
	at org.springframework.jdbc.core.JdbcTemplate.update(JdbcTemplate.java:972)
	at org.springframework.jdbc.core.JdbcTemplate.update(JdbcTemplate.java:993)
	at org.springframework.jdbc.core.namedparam.NamedParameterJdbcTemplate.update(NamedParameterJdbcTemplate.java:337)
	at org.springframework.jdbc.core.namedparam.NamedParameterJdbcTemplate.update(NamedParameterJdbcTemplate.java:342)
	at net.javacrumbs.shedlock.provider.jdbctemplate.JdbcTemplateStorageAccessor.lambda$execute$0(JdbcTemplateStorageAccessor.java:121)
	at org.springframework.transaction.support.TransactionTemplate.execute(TransactionTemplate.java:140)
	at net.javacrumbs.shedlock.provider.jdbctemplate.JdbcTemplateStorageAccessor.execute(JdbcTemplateStorageAccessor.java:121)
	at net.javacrumbs.shedlock.provider.jdbctemplate.JdbcTemplateStorageAccessor.insertRecord(JdbcTemplateStorageAccessor.java:64)
	at net.javacrumbs.shedlock.support.StorageBasedLockProvider.doLock(StorageBasedLockProvider.java:72)
	at net.javacrumbs.shedlock.support.StorageBasedLockProvider.lock(StorageBasedLockProvider.java:55)
	at java.base/jdk.internal.reflect.NativeMethodAccessorImpl.invoke0(Native Method)
	at java.base/jdk.internal.reflect.NativeMethodAccessorImpl.invoke(NativeMethodAccessorImpl.java:77)
	at java.base/jdk.internal.reflect.DelegatingMethodAccessorImpl.invoke(DelegatingMethodAccessorImpl.java:43)
	at java.base/java.lang.reflect.Method.invoke(Method.java:568)
	at org.springframework.aop.support.AopUtils.invokeJoinpointUsingReflection(AopUtils.java:359)
	at org.springframework.aop.framework.JdkDynamicAopProxy.invoke(JdkDynamicAopProxy.java:216)
	at jdk.proxy3/jdk.proxy3.$Proxy126.lock(Unknown Source)
	at net.javacrumbs.shedlock.core.DefaultLockingTaskExecutor.executeWithLock(DefaultLockingTaskExecutor.java:63)
	at net.javacrumbs.shedlock.spring.aop.MethodProxyScheduledLockAdvisor$LockingInterceptor.invoke(MethodProxyScheduledLockAdvisor.java:79)
	at org.springframework.aop.framework.ReflectiveMethodInvocation.proceed(ReflectiveMethodInvocation.java:184)
	at org.springframework.aop.framework.CglibAopProxy$DynamicAdvisedInterceptor.intercept(CglibAopProxy.java:727)
	at ir.service.impl.TicketSchedulerService$$SpringCGLIB$$0.autoCloseOldTickets(<generated>)
	at java.base/jdk.internal.reflect.NativeMethodAccessorImpl.invoke0(Native Method)
	at java.base/jdk.internal.reflect.NativeMethodAccessorImpl.invoke(NativeMethodAccessorImpl.java:77)
	at java.base/jdk.internal.reflect.DelegatingMethodAccessorImpl.invoke(DelegatingMethodAccessorImpl.java:43)
	at java.base/java.lang.reflect.Method.invoke(Method.java:568)
	at org.springframework.scheduling.support.ScheduledMethodRunnable.runInternal(ScheduledMethodRunnable.java:130)
	at org.springframework.scheduling.support.ScheduledMethodRunnable.lambda$run$2(ScheduledMethodRunnable.java:124)
	at io.micrometer.observation.Observation.observe(Observation.java:498)
	at org.springframework.scheduling.support.ScheduledMethodRunnable.run(ScheduledMethodRunnable.java:124)
	at org.springframework.scheduling.config.Task$OutcomeTrackingRunnable.run(Task.java:85)
	at org.springframework.scheduling.support.DelegatingErrorHandlingRunnable.run(DelegatingErrorHandlingRunnable.java:54)
	at java.base/java.util.concurrent.Executors$RunnableAdapter.call(Executors.java:539)
	at java.base/java.util.concurrent.FutureTask.runAndReset(FutureTask.java:305)
	at java.base/java.util.concurrent.ScheduledThreadPoolExecutor$ScheduledFutureTask.run(ScheduledThreadPoolExecutor.java:305)
	at java.base/java.util.concurrent.ThreadPoolExecutor.runWorker(ThreadPoolExecutor.java:1136)
	at java.base/java.util.concurrent.ThreadPoolExecutor$Worker.run(ThreadPoolExecutor.java:635)
	at java.base/java.lang.Thread.run(Thread.java:842)
Caused by: java.sql.SQLSyntaxErrorException: ORA-00942: table or view does not exist

	at oracle.jdbc.driver.T4CTTIoer11.processError(T4CTTIoer11.java:629)
	at oracle.jdbc.driver.T4CTTIoer11.processError(T4CTTIoer11.java:563)
	at oracle.jdbc.driver.T4C8Oall.processError(T4C8Oall.java:1230)
	at oracle.jdbc.driver.T4CTTIfun.receive(T4CTTIfun.java:771)
	at oracle.jdbc.driver.T4CTTIfun.doRPC(T4CTTIfun.java:298)
	at oracle.jdbc.driver.T4C8Oall.doOALL(T4C8Oall.java:511)
	at oracle.jdbc.driver.T4CPreparedStatement.doOall8(T4CPreparedStatement.java:162)
	at oracle.jdbc.driver.T4CPreparedStatement.executeForRows(T4CPreparedStatement.java:1240)
	at oracle.jdbc.driver.OracleStatement.executeSQLStatement(OracleStatement.java:1819)
	at oracle.jdbc.driver.OracleStatement.doExecuteWithTimeout(OracleStatement.java:1471)
	at oracle.jdbc.driver.OraclePreparedStatement.executeInternal(OraclePreparedStatement.java:3760)
	at oracle.jdbc.driver.OraclePreparedStatement.executeLargeUpdate(OraclePreparedStatement.java:4061)
	at oracle.jdbc.driver.OraclePreparedStatement.executeUpdate(OraclePreparedStatement.java:4036)
	at oracle.jdbc.driver.OraclePreparedStatementWrapper.executeUpdate(OraclePreparedStatementWrapper.java:995)
	at com.zaxxer.hikari.pool.ProxyPreparedStatement.executeUpdate(ProxyPreparedStatement.java:61)
	at com.zaxxer.hikari.pool.HikariProxyPreparedStatement.executeUpdate(HikariProxyPreparedStatement.java)
	at org.springframework.jdbc.core.JdbcTemplate.lambda$update$2(JdbcTemplate.java:977)
	at org.springframework.jdbc.core.JdbcTemplate.execute(JdbcTemplate.java:658)
	... 38 common frames omitted
Caused by: oracle.jdbc.OracleDatabaseException: ORA-00942: table or view does not exist

	at oracle.jdbc.driver.T4CTTIoer11.processError(T4CTTIoer11.java:636)
	... 55 common frames omitted
14:00:41.601 [restartedMain] TRACE org.hibernate.orm.jdbc.extract - extracted value (1:BIGINT) -> [1]
14:00:41.601 [restartedMain] TRACE org.hibernate.orm.jdbc.extract - extracted value (2:BIGINT) -> [5]
14:00:41.601 [scheduling-1] DEBUG o.s.j.d.DataSourceTransactionManager - Creating new transaction with name [null]: PROPAGATION_REQUIRES_NEW,ISOLATION_DEFAULT
14:00:41.601 [scheduling-1] DEBUG o.s.j.d.DataSourceTransactionManager - Acquired Connection [HikariProxyConnection@7896002 wrapping oracle.jdbc.driver.T4CConnection@38419b4a] for JDBC transaction
14:00:41.601 [scheduling-1] DEBUG o.s.j.d.DataSourceTransactionManager - Switching JDBC Connection [HikariProxyConnection@7896002 wrapping oracle.jdbc.driver.T4CConnection@38419b4a] to manual commit
14:00:41.602 [scheduling-1] DEBUG o.s.jdbc.core.JdbcTemplate - Executing prepared SQL update
14:00:41.602 [scheduling-1] DEBUG o.s.jdbc.core.JdbcTemplate - Executing prepared SQL statement [UPDATE shedlock SET lock_until = SYS_EXTRACT_UTC(SYSTIMESTAMP) + ?, locked_at = SYS_EXTRACT_UTC(SYSTIMESTAMP), locked_by = ? WHERE name = ? AND lock_until <= SYS_EXTRACT_UTC(SYSTIMESTAMP)]
14:00:41.603 [scheduling-1] DEBUG o.s.t.support.TransactionTemplate - Initiating transaction rollback on application exception
org.springframework.jdbc.BadSqlGrammarException: PreparedStatementCallback; bad SQL grammar [UPDATE shedlock SET lock_until = SYS_EXTRACT_UTC(SYSTIMESTAMP) + ?, locked_at = SYS_EXTRACT_UTC(SYSTIMESTAMP), locked_by = ? WHERE name = ? AND lock_until <= SYS_EXTRACT_UTC(SYSTIMESTAMP)]
	at org.springframework.jdbc.support.SQLExceptionSubclassTranslator.doTranslate(SQLExceptionSubclassTranslator.java:103)
	at org.springframework.jdbc.support.AbstractFallbackSQLExceptionTranslator.translate(AbstractFallbackSQLExceptionTranslator.java:107)
	at org.springframework.jdbc.core.JdbcTemplate.translateException(JdbcTemplate.java:1556)
	at org.springframework.jdbc.core.JdbcTemplate.execute(JdbcTemplate.java:677)
	at org.springframework.jdbc.core.JdbcTemplate.update(JdbcTemplate.java:972)
	at org.springframework.jdbc.core.JdbcTemplate.update(JdbcTemplate.java:993)
	at org.springframework.jdbc.core.namedparam.NamedParameterJdbcTemplate.update(NamedParameterJdbcTemplate.java:337)
	at org.springframework.jdbc.core.namedparam.NamedParameterJdbcTemplate.update(NamedParameterJdbcTemplate.java:342)
	at net.javacrumbs.shedlock.provider.jdbctemplate.JdbcTemplateStorageAccessor.lambda$execute$0(JdbcTemplateStorageAccessor.java:121)
	at org.springframework.transaction.support.TransactionTemplate.execute(TransactionTemplate.java:140)
	at net.javacrumbs.shedlock.provider.jdbctemplate.JdbcTemplateStorageAccessor.execute(JdbcTemplateStorageAccessor.java:121)
	at net.javacrumbs.shedlock.provider.jdbctemplate.JdbcTemplateStorageAccessor.updateRecord(JdbcTemplateStorageAccessor.java:81)
	at net.javacrumbs.shedlock.support.StorageBasedLockProvider.doLock(StorageBasedLockProvider.java:85)
	at net.javacrumbs.shedlock.support.StorageBasedLockProvider.lock(StorageBasedLockProvider.java:55)
	at java.base/jdk.internal.reflect.NativeMethodAccessorImpl.invoke0(Native Method)
	at java.base/jdk.internal.reflect.NativeMethodAccessorImpl.invoke(NativeMethodAccessorImpl.java:77)
	at java.base/jdk.internal.reflect.DelegatingMethodAccessorImpl.invoke(DelegatingMethodAccessorImpl.java:43)
	at java.base/java.lang.reflect.Method.invoke(Method.java:568)
	at org.springframework.aop.support.AopUtils.invokeJoinpointUsingReflection(AopUtils.java:359)
	at org.springframework.aop.framework.JdkDynamicAopProxy.invoke(JdkDynamicAopProxy.java:216)
	at jdk.proxy3/jdk.proxy3.$Proxy126.lock(Unknown Source)
	at net.javacrumbs.shedlock.core.DefaultLockingTaskExecutor.executeWithLock(DefaultLockingTaskExecutor.java:63)
	at net.javacrumbs.shedlock.spring.aop.MethodProxyScheduledLockAdvisor$LockingInterceptor.invoke(MethodProxyScheduledLockAdvisor.java:79)
	at org.springframework.aop.framework.ReflectiveMethodInvocation.proceed(ReflectiveMethodInvocation.java:184)
	at org.springframework.aop.framework.CglibAopProxy$DynamicAdvisedInterceptor.intercept(CglibAopProxy.java:727)
	at ir.service.impl.TicketSchedulerService$$SpringCGLIB$$0.autoCloseOldTickets(<generated>)
	at java.base/jdk.internal.reflect.NativeMethodAccessorImpl.invoke0(Native Method)
	at java.base/jdk.internal.reflect.NativeMethodAccessorImpl.invoke(NativeMethodAccessorImpl.java:77)
	at java.base/jdk.internal.reflect.DelegatingMethodAccessorImpl.invoke(DelegatingMethodAccessorImpl.java:43)
	at java.base/java.lang.reflect.Method.invoke(Method.java:568)
	at org.springframework.scheduling.support.ScheduledMethodRunnable.runInternal(ScheduledMethodRunnable.java:130)
	at org.springframework.scheduling.support.ScheduledMethodRunnable.lambda$run$2(ScheduledMethodRunnable.java:124)
	at io.micrometer.observation.Observation.observe(Observation.java:498)
	at org.springframework.scheduling.support.ScheduledMethodRunnable.run(ScheduledMethodRunnable.java:124)
	at org.springframework.scheduling.config.Task$OutcomeTrackingRunnable.run(Task.java:85)
	at org.springframework.scheduling.support.DelegatingErrorHandlingRunnable.run(DelegatingErrorHandlingRunnable.java:54)
	at java.base/java.util.concurrent.Executors$RunnableAdapter.call(Executors.java:539)
	at java.base/java.util.concurrent.FutureTask.runAndReset(FutureTask.java:305)
	at java.base/java.util.concurrent.ScheduledThreadPoolExecutor$ScheduledFutureTask.run(ScheduledThreadPoolExecutor.java:305)
	at java.base/java.util.concurrent.ThreadPoolExecutor.runWorker(ThreadPoolExecutor.java:1136)
	at java.base/java.util.concurrent.ThreadPoolExecutor$Worker.run(ThreadPoolExecutor.java:635)
	at java.base/java.lang.Thread.run(Thread.java:842)
Caused by: java.sql.SQLSyntaxErrorException: ORA-00942: table or view does not exist

	at oracle.jdbc.driver.T4CTTIoer11.processError(T4CTTIoer11.java:629)
	at oracle.jdbc.driver.T4CTTIoer11.processError(T4CTTIoer11.java:563)
	at oracle.jdbc.driver.T4C8Oall.processError(T4C8Oall.java:1230)
	at oracle.jdbc.driver.T4CTTIfun.receive(T4CTTIfun.java:771)
	at oracle.jdbc.driver.T4CTTIfun.doRPC(T4CTTIfun.java:298)
	at oracle.jdbc.driver.T4C8Oall.doOALL(T4C8Oall.java:511)
	at oracle.jdbc.driver.T4CPreparedStatement.doOall8(T4CPreparedStatement.java:162)
	at oracle.jdbc.driver.T4CPreparedStatement.executeForRows(T4CPreparedStatement.java:1240)
	at oracle.jdbc.driver.OracleStatement.executeSQLStatement(OracleStatement.java:1819)
	at oracle.jdbc.driver.OracleStatement.doExecuteWithTimeout(OracleStatement.java:1471)
	at oracle.jdbc.driver.OraclePreparedStatement.executeInternal(OraclePreparedStatement.java:3760)
	at oracle.jdbc.driver.OraclePreparedStatement.executeLargeUpdate(OraclePreparedStatement.java:4061)
	at oracle.jdbc.driver.OraclePreparedStatement.executeUpdate(OraclePreparedStatement.java:4036)
	at oracle.jdbc.driver.OraclePreparedStatementWrapper.executeUpdate(OraclePreparedStatementWrapper.java:995)
	at com.zaxxer.hikari.pool.ProxyPreparedStatement.executeUpdate(ProxyPreparedStatement.java:61)
	at com.zaxxer.hikari.pool.HikariProxyPreparedStatement.executeUpdate(HikariProxyPreparedStatement.java)
	at org.springframework.jdbc.core.JdbcTemplate.lambda$update$2(JdbcTemplate.java:977)
	at org.springframework.jdbc.core.JdbcTemplate.execute(JdbcTemplate.java:658)
	... 38 common frames omitted
Caused by: oracle.jdbc.OracleDatabaseException: ORA-00942: table or view does not exist

	at oracle.jdbc.driver.T4CTTIoer11.processError(T4CTTIoer11.java:636)
	... 55 common frames omitted
14:00:41.603 [scheduling-1] DEBUG o.s.j.d.DataSourceTransactionManager - Initiating transaction rollback
14:00:41.604 [scheduling-1] DEBUG o.s.j.d.DataSourceTransactionManager - Rolling back JDBC transaction on Connection [HikariProxyConnection@7896002 wrapping oracle.jdbc.driver.T4CConnection@38419b4a]
14:00:41.604 [scheduling-1] DEBUG o.s.j.d.DataSourceTransactionManager - Releasing JDBC Connection [HikariProxyConnection@7896002 wrapping oracle.jdbc.driver.T4CConnection@38419b4a] after transaction
14:00:41.604 [restartedMain] DEBUG o.h.e.t.internal.TransactionImpl - committing
14:00:41.604 [scheduling-1] ERROR o.s.s.s.TaskUtils$LoggingErrorHandler - Unexpected error occurred in scheduled task
org.springframework.jdbc.BadSqlGrammarException: PreparedStatementCallback; bad SQL grammar [UPDATE shedlock SET lock_until = SYS_EXTRACT_UTC(SYSTIMESTAMP) + ?, locked_at = SYS_EXTRACT_UTC(SYSTIMESTAMP), locked_by = ? WHERE name = ? AND lock_until <= SYS_EXTRACT_UTC(SYSTIMESTAMP)]
	at org.springframework.jdbc.support.SQLExceptionSubclassTranslator.doTranslate(SQLExceptionSubclassTranslator.java:103)
	at org.springframework.jdbc.support.AbstractFallbackSQLExceptionTranslator.translate(AbstractFallbackSQLExceptionTranslator.java:107)
	at org.springframework.jdbc.core.JdbcTemplate.translateException(JdbcTemplate.java:1556)
	at org.springframework.jdbc.core.JdbcTemplate.execute(JdbcTemplate.java:677)
	at org.springframework.jdbc.core.JdbcTemplate.update(JdbcTemplate.java:972)
	at org.springframework.jdbc.core.JdbcTemplate.update(JdbcTemplate.java:993)
	at org.springframework.jdbc.core.namedparam.NamedParameterJdbcTemplate.update(NamedParameterJdbcTemplate.java:337)
	at org.springframework.jdbc.core.namedparam.NamedParameterJdbcTemplate.update(NamedParameterJdbcTemplate.java:342)
	at net.javacrumbs.shedlock.provider.jdbctemplate.JdbcTemplateStorageAccessor.lambda$execute$0(JdbcTemplateStorageAccessor.java:121)
	at org.springframework.transaction.support.TransactionTemplate.execute(TransactionTemplate.java:140)
	at net.javacrumbs.shedlock.provider.jdbctemplate.JdbcTemplateStorageAccessor.execute(JdbcTemplateStorageAccessor.java:121)
	at net.javacrumbs.shedlock.provider.jdbctemplate.JdbcTemplateStorageAccessor.updateRecord(JdbcTemplateStorageAccessor.java:81)
	at net.javacrumbs.shedlock.support.StorageBasedLockProvider.doLock(StorageBasedLockProvider.java:85)
	at net.javacrumbs.shedlock.support.StorageBasedLockProvider.lock(StorageBasedLockProvider.java:55)
	at java.base/jdk.internal.reflect.NativeMethodAccessorImpl.invoke0(Native Method)
	at java.base/jdk.internal.reflect.NativeMethodAccessorImpl.invoke(NativeMethodAccessorImpl.java:77)
	at java.base/jdk.internal.reflect.DelegatingMethodAccessorImpl.invoke(DelegatingMethodAccessorImpl.java:43)
	at java.base/java.lang.reflect.Method.invoke(Method.java:568)
	at org.springframework.aop.support.AopUtils.invokeJoinpointUsingReflection(AopUtils.java:359)
	at org.springframework.aop.framework.JdkDynamicAopProxy.invoke(JdkDynamicAopProxy.java:216)
	at jdk.proxy3/jdk.proxy3.$Proxy126.lock(Unknown Source)
	at net.javacrumbs.shedlock.core.DefaultLockingTaskExecutor.executeWithLock(DefaultLockingTaskExecutor.java:63)
	at net.javacrumbs.shedlock.spring.aop.MethodProxyScheduledLockAdvisor$LockingInterceptor.invoke(MethodProxyScheduledLockAdvisor.java:79)
	at org.springframework.aop.framework.ReflectiveMethodInvocation.proceed(ReflectiveMethodInvocation.java:184)
	at org.springframework.aop.framework.CglibAopProxy$DynamicAdvisedInterceptor.intercept(CglibAopProxy.java:727)
	at ir.service.impl.TicketSchedulerService$$SpringCGLIB$$0.autoCloseOldTickets(<generated>)
	at java.base/jdk.internal.reflect.NativeMethodAccessorImpl.invoke0(Native Method)
	at java.base/jdk.internal.reflect.NativeMethodAccessorImpl.invoke(NativeMethodAccessorImpl.java:77)
	at java.base/jdk.internal.reflect.DelegatingMethodAccessorImpl.invoke(DelegatingMethodAccessorImpl.java:43)
	at java.base/java.lang.reflect.Method.invoke(Method.java:568)
	at org.springframework.scheduling.support.ScheduledMethodRunnable.runInternal(ScheduledMethodRunnable.java:130)
	at org.springframework.scheduling.support.ScheduledMethodRunnable.lambda$run$2(ScheduledMethodRunnable.java:124)
	at io.micrometer.observation.Observation.observe(Observation.java:498)
	at org.springframework.scheduling.support.ScheduledMethodRunnable.run(ScheduledMethodRunnable.java:124)
	at org.springframework.scheduling.config.Task$OutcomeTrackingRunnable.run(Task.java:85)
	at org.springframework.scheduling.support.DelegatingErrorHandlingRunnable.run(DelegatingErrorHandlingRunnable.java:54)
	at java.base/java.util.concurrent.Executors$RunnableAdapter.call(Executors.java:539)
	at java.base/java.util.concurrent.FutureTask.runAndReset(FutureTask.java:305)
	at java.base/java.util.concurrent.ScheduledThreadPoolExecutor$ScheduledFutureTask.run(ScheduledThreadPoolExecutor.java:305)
	at java.base/java.util.concurrent.ThreadPoolExecutor.runWorker(ThreadPoolExecutor.java:1136)
	at java.base/java.util.concurrent.ThreadPoolExecutor$Worker.run(ThreadPoolExecutor.java:635)
	at java.base/java.lang.Thread.run(Thread.java:842)
Caused by: java.sql.SQLSyntaxErrorException: ORA-00942: table or view does not exist

	at oracle.jdbc.driver.T4CTTIoer11.processError(T4CTTIoer11.java:629)
	at oracle.jdbc.driver.T4CTTIoer11.processError(T4CTTIoer11.java:563)
	at oracle.jdbc.driver.T4C8Oall.processError(T4C8Oall.java:1230)
	at oracle.jdbc.driver.T4CTTIfun.receive(T4CTTIfun.java:771)
	at oracle.jdbc.driver.T4CTTIfun.doRPC(T4CTTIfun.java:298)
	at oracle.jdbc.driver.T4C8Oall.doOALL(T4C8Oall.java:511)
	at oracle.jdbc.driver.T4CPreparedStatement.doOall8(T4CPreparedStatement.java:162)
	at oracle.jdbc.driver.T4CPreparedStatement.executeForRows(T4CPreparedStatement.java:1240)
	at oracle.jdbc.driver.OracleStatement.executeSQLStatement(OracleStatement.java:1819)
	at oracle.jdbc.driver.OracleStatement.doExecuteWithTimeout(OracleStatement.java:1471)
	at oracle.jdbc.driver.OraclePreparedStatement.executeInternal(OraclePreparedStatement.java:3760)
	at oracle.jdbc.driver.OraclePreparedStatement.executeLargeUpdate(OraclePreparedStatement.java:4061)
	at oracle.jdbc.driver.OraclePreparedStatement.executeUpdate(OraclePreparedStatement.java:4036)
	at oracle.jdbc.driver.OraclePreparedStatementWrapper.executeUpdate(OraclePreparedStatementWrapper.java:995)
	at com.zaxxer.hikari.pool.ProxyPreparedStatement.executeUpdate(ProxyPreparedStatement.java:61)
	at com.zaxxer.hikari.pool.HikariProxyPreparedStatement.executeUpdate(HikariProxyPreparedStatement.java)
	at org.springframework.jdbc.core.JdbcTemplate.lambda$update$2(JdbcTemplate.java:977)
	at org.springframework.jdbc.core.JdbcTemplate.execute(JdbcTemplate.java:658)
	... 38 common frames omitted
Caused by: oracle.jdbc.OracleDatabaseException: ORA-00942: table or view does not exist

	at oracle.jdbc.driver.T4CTTIoer11.processError(T4CTTIoer11.java:636)
	... 55 common frames omitted
14:00:41.605 [restartedMain] DEBUG o.s.jdbc.datasource.DataSourceUtils - Resetting read-only flag of JDBC Connection [HikariProxyConnection@166797818 wrapping oracle.jdbc.driver.T4CConnection@79e99bf8]
14:00:41.605 [restartedMain] TRACE o.s.c.interceptor.CacheInterceptor - Creating cache entry for key 'Page request [number: 0, size 50, sort: UNSORTED]' in cache(s) [sectionsPageable]
14:00:41.605 [restartedMain] TRACE o.s.c.interceptor.CacheInterceptor - Computed cache key 'SimpleKey []' for operation Builder[public java.util.List ir.service.impl.SectionServiceImpl.findAllForFilter()] caches=[sectionsFilter] | key='' | keyGenerator='' | cacheManager='' | cacheResolver='' | condition='' | unless='' | sync='false'
14:00:41.605 [restartedMain] TRACE o.s.c.interceptor.CacheInterceptor - No cache entry for key 'SimpleKey []' in cache(s) [sectionsFilter]
14:00:41.605 [restartedMain] DEBUG o.s.jdbc.datasource.DataSourceUtils - Setting JDBC Connection [HikariProxyConnection@249298407 wrapping oracle.jdbc.driver.T4CConnection@79e99bf8] read-only
14:00:41.605 [restartedMain] DEBUG o.h.e.t.internal.TransactionImpl - On TransactionImpl creation, JpaCompliance#isJpaTransactionComplianceEnabled == false
14:00:41.605 [restartedMain] DEBUG o.h.e.t.internal.TransactionImpl - begin
14:00:41.610 [restartedMain] DEBUG org.hibernate.SQL - 
    /* SELECT
        new  ir.dto.SectionFilterDto(s.id, s.title) 
    FROM
        sectionEntity s 
    where
        s.deleted = false */ select
            s1_0.id,
            s1_0.title 
        from
            section_table s1_0 
        where
            (
                s1_0.deleted = 0
            ) 
            and s1_0.deleted=0
14:00:41.613 [restartedMain] TRACE org.hibernate.orm.jdbc.extract - extracted value (1:BIGINT) -> [1]
14:00:41.613 [restartedMain] TRACE org.hibernate.orm.jdbc.extract - extracted value (2:VARCHAR) -> [MAIN SECTION]
14:00:41.613 [restartedMain] TRACE org.hibernate.orm.jdbc.extract - extracted value (1:BIGINT) -> [2]
14:00:41.613 [restartedMain] TRACE org.hibernate.orm.jdbc.extract - extracted value (2:VARCHAR) -> [TRANSPORT]
14:00:41.613 [restartedMain] TRACE org.hibernate.orm.jdbc.extract - extracted value (1:BIGINT) -> [3]
14:00:41.613 [restartedMain] TRACE org.hibernate.orm.jdbc.extract - extracted value (2:VARCHAR) -> [BUS]
14:00:41.613 [restartedMain] TRACE org.hibernate.orm.jdbc.extract - extracted value (1:BIGINT) -> [4]
14:00:41.613 [restartedMain] TRACE org.hibernate.orm.jdbc.extract - extracted value (2:VARCHAR) -> [TRAIN]
14:00:41.613 [restartedMain] TRACE org.hibernate.orm.jdbc.extract - extracted value (1:BIGINT) -> [5]
14:00:41.613 [restartedMain] TRACE org.hibernate.orm.jdbc.extract - extracted value (2:VARCHAR) -> [HSE]
14:00:41.614 [restartedMain] DEBUG o.h.e.t.internal.TransactionImpl - committing
14:00:41.616 [restartedMain] DEBUG o.s.jdbc.datasource.DataSourceUtils - Resetting read-only flag of JDBC Connection [HikariProxyConnection@249298407 wrapping oracle.jdbc.driver.T4CConnection@79e99bf8]
14:00:41.616 [restartedMain] TRACE o.s.c.interceptor.CacheInterceptor - Creating cache entry for key 'SimpleKey []' in cache(s) [sectionsFilter]
14:00:41.616 [restartedMain] INFO  ir.config.SectionCacheWarmup - **************************************************************  cache sections  ***************************************************************
14:00:41.617 [restartedMain] INFO  ir.TicketingSpringSample - **************************************************************Spring Boot Application Started
14:00:41.748 [RMI TCP Connection(5)-169.254.83.107] INFO  o.a.c.c.C.[Tomcat].[localhost].[/] - Initializing Spring DispatcherServlet 'dispatcherServlet'
14:00:41.748 [RMI TCP Connection(5)-169.254.83.107] INFO  o.s.web.servlet.DispatcherServlet - Initializing Servlet 'dispatcherServlet'
14:00:41.753 [RMI TCP Connection(5)-169.254.83.107] INFO  o.s.web.servlet.DispatcherServlet - Completed initialization in 5 ms
14:00:41.807 [RMI TCP Connection(4)-169.254.83.107] DEBUG o.s.jdbc.datasource.DataSourceUtils - Fetching JDBC Connection from DataSource
14:00:41.808 [RMI TCP Connection(4)-169.254.83.107] DEBUG o.s.jdbc.datasource.DataSourceUtils - Fetching JDBC Connection from DataSource
14:00:43.571 [scheduling-1] DEBUG o.h.e.t.internal.TransactionImpl - On TransactionImpl creation, JpaCompliance#isJpaTransactionComplianceEnabled == false
14:00:43.571 [scheduling-1] DEBUG o.h.e.t.internal.TransactionImpl - begin
14:00:43.573 [scheduling-1] DEBUG org.hibernate.SQL - 
    /* <criteria> */ select
        oe1_0.id,
        oe1_0.aggregate_id,
        oe1_0.aggregate_type,
        oe1_0.created_at,
        oe1_0.deleted,
        oe1_0.event_type,
        oe1_0.payload,
        oe1_0.published 
    from
        outbox_tbl oe1_0 
    where
        (
            oe1_0.deleted = 0
        ) 
        and oe1_0.published=0 
    order by
        oe1_0.created_at
14:00:43.575 [scheduling-1] DEBUG o.h.e.t.internal.TransactionImpl - committing
14:00:45.577 [scheduling-1] DEBUG o.h.e.t.internal.TransactionImpl - On TransactionImpl creation, JpaCompliance#isJpaTransactionComplianceEnabled == false
14:00:45.577 [scheduling-1] DEBUG o.h.e.t.internal.TransactionImpl - begin
14:00:45.579 [scheduling-1] DEBUG org.hibernate.SQL - 
    /* <criteria> */ select
        oe1_0.id,
        oe1_0.aggregate_id,
        oe1_0.aggregate_type,
        oe1_0.created_at,
        oe1_0.deleted,
        oe1_0.event_type,
        oe1_0.payload,
        oe1_0.published 
    from
        outbox_tbl oe1_0 
    where
        (
            oe1_0.deleted = 0
        ) 
        and oe1_0.published=0 
    order by
        oe1_0.created_at
14:00:45.580 [scheduling-1] DEBUG o.h.e.t.internal.TransactionImpl - committing
14:00:47.581 [scheduling-1] DEBUG o.h.e.t.internal.TransactionImpl - On TransactionImpl creation, JpaCompliance#isJpaTransactionComplianceEnabled == false
14:00:47.581 [scheduling-1] DEBUG o.h.e.t.internal.TransactionImpl - begin
14:00:47.583 [scheduling-1] DEBUG org.hibernate.SQL - 
    /* <criteria> */ select
        oe1_0.id,
        oe1_0.aggregate_id,
        oe1_0.aggregate_type,
        oe1_0.created_at,
        oe1_0.deleted,
        oe1_0.event_type,
        oe1_0.payload,
        oe1_0.published 
    from
        outbox_tbl oe1_0 
    where
        (
            oe1_0.deleted = 0
        ) 
        and oe1_0.published=0 
    order by
        oe1_0.created_at
14:00:47.584 [scheduling-1] DEBUG o.h.e.t.internal.TransactionImpl - committing
14:00:49.586 [scheduling-1] DEBUG o.h.e.t.internal.TransactionImpl - On TransactionImpl creation, JpaCompliance#isJpaTransactionComplianceEnabled == false
14:00:49.586 [scheduling-1] DEBUG o.h.e.t.internal.TransactionImpl - begin
14:00:49.588 [scheduling-1] DEBUG org.hibernate.SQL - 
    /* <criteria> */ select
        oe1_0.id,
        oe1_0.aggregate_id,
        oe1_0.aggregate_type,
        oe1_0.created_at,
        oe1_0.deleted,
        oe1_0.event_type,
        oe1_0.payload,
        oe1_0.published 
    from
        outbox_tbl oe1_0 
    where
        (
            oe1_0.deleted = 0
        ) 
        and oe1_0.published=0 
    order by
        oe1_0.created_at
14:00:49.589 [scheduling-1] DEBUG o.h.e.t.internal.TransactionImpl - committing
14:00:51.433 [org.springframework.kafka.KafkaListenerEndpointContainer#0-0-C-1] INFO  o.apache.kafka.clients.NetworkClient - [Consumer clientId=consumer-building-service-updater-1, groupId=building-service-updater] Disconnecting from node -1 due to socket connection setup timeout. The timeout value is 9981 ms.
14:00:51.435 [org.springframework.kafka.KafkaListenerEndpointContainer#0-0-C-1] WARN  o.apache.kafka.clients.NetworkClient - [Consumer clientId=consumer-building-service-updater-1, groupId=building-service-updater] Bootstrap broker 100.99.137.56:9092 (id: -1 rack: null) disconnected
14:00:51.602 [scheduling-1] DEBUG o.h.e.t.internal.TransactionImpl - On TransactionImpl creation, JpaCompliance#isJpaTransactionComplianceEnabled == false
14:00:51.602 [scheduling-1] DEBUG o.h.e.t.internal.TransactionImpl - begin
14:00:51.604 [scheduling-1] DEBUG org.hibernate.SQL - 
    /* <criteria> */ select
        oe1_0.id,
        oe1_0.aggregate_id,
        oe1_0.aggregate_type,
        oe1_0.created_at,
        oe1_0.deleted,
        oe1_0.event_type,
        oe1_0.payload,
        oe1_0.published 
    from
        outbox_tbl oe1_0 
    where
        (
            oe1_0.deleted = 0
        ) 
        and oe1_0.published=0 
    order by
        oe1_0.created_at
14:00:51.605 [scheduling-1] DEBUG o.h.e.t.internal.TransactionImpl - committing
14:00:53.607 [scheduling-1] DEBUG o.h.e.t.internal.TransactionImpl - On TransactionImpl creation, JpaCompliance#isJpaTransactionComplianceEnabled == false
14:00:53.607 [scheduling-1] DEBUG o.h.e.t.internal.TransactionImpl - begin
14:00:53.608 [scheduling-1] DEBUG org.hibernate.SQL - 
    /* <criteria> */ select
        oe1_0.id,
        oe1_0.aggregate_id,
        oe1_0.aggregate_type,
        oe1_0.created_at,
        oe1_0.deleted,
        oe1_0.event_type,
        oe1_0.payload,
        oe1_0.published 
    from
        outbox_tbl oe1_0 
    where
        (
            oe1_0.deleted = 0
        ) 
        and oe1_0.published=0 
    order by
        oe1_0.created_at
14:00:53.610 [scheduling-1] DEBUG o.h.e.t.internal.TransactionImpl - committing
14:00:55.611 [scheduling-1] DEBUG o.h.e.t.internal.TransactionImpl - On TransactionImpl creation, JpaCompliance#isJpaTransactionComplianceEnabled == false
14:00:55.611 [scheduling-1] DEBUG o.h.e.t.internal.TransactionImpl - begin
14:00:55.612 [scheduling-1] DEBUG org.hibernate.SQL - 
    /* <criteria> */ select
        oe1_0.id,
        oe1_0.aggregate_id,
        oe1_0.aggregate_type,
        oe1_0.created_at,
        oe1_0.deleted,
        oe1_0.event_type,
        oe1_0.payload,
        oe1_0.published 
    from
        outbox_tbl oe1_0 
    where
        (
            oe1_0.deleted = 0
        ) 
        and oe1_0.published=0 
    order by
        oe1_0.created_at
14:00:55.614 [scheduling-1] DEBUG o.h.e.t.internal.TransactionImpl - committing
14:00:57.615 [scheduling-1] DEBUG o.h.e.t.internal.TransactionImpl - On TransactionImpl creation, JpaCompliance#isJpaTransactionComplianceEnabled == false
14:00:57.615 [scheduling-1] DEBUG o.h.e.t.internal.TransactionImpl - begin
14:00:57.617 [scheduling-1] DEBUG org.hibernate.SQL - 
    /* <criteria> */ select
        oe1_0.id,
        oe1_0.aggregate_id,
        oe1_0.aggregate_type,
        oe1_0.created_at,
        oe1_0.deleted,
        oe1_0.event_type,
        oe1_0.payload,
        oe1_0.published 
    from
        outbox_tbl oe1_0 
    where
        (
            oe1_0.deleted = 0
        ) 
        and oe1_0.published=0 
    order by
        oe1_0.created_at
14:00:57.618 [scheduling-1] DEBUG o.h.e.t.internal.TransactionImpl - committing
14:00:59.619 [scheduling-1] DEBUG o.h.e.t.internal.TransactionImpl - On TransactionImpl creation, JpaCompliance#isJpaTransactionComplianceEnabled == false
14:00:59.619 [scheduling-1] DEBUG o.h.e.t.internal.TransactionImpl - begin
14:00:59.620 [scheduling-1] DEBUG org.hibernate.SQL - 
    /* <criteria> */ select
        oe1_0.id,
        oe1_0.aggregate_id,
        oe1_0.aggregate_type,
        oe1_0.created_at,
        oe1_0.deleted,
        oe1_0.event_type,
        oe1_0.payload,
        oe1_0.published 
    from
        outbox_tbl oe1_0 
    where
        (
            oe1_0.deleted = 0
        ) 
        and oe1_0.published=0 
    order by
        oe1_0.created_at
14:00:59.622 [scheduling-1] DEBUG o.h.e.t.internal.TransactionImpl - committing
14:01:01.632 [scheduling-1] DEBUG o.h.e.t.internal.TransactionImpl - On TransactionImpl creation, JpaCompliance#isJpaTransactionComplianceEnabled == false
14:01:01.632 [scheduling-1] DEBUG o.h.e.t.internal.TransactionImpl - begin
14:01:01.633 [scheduling-1] DEBUG org.hibernate.SQL - 
    /* <criteria> */ select
        oe1_0.id,
        oe1_0.aggregate_id,
        oe1_0.aggregate_type,
        oe1_0.created_at,
        oe1_0.deleted,
        oe1_0.event_type,
        oe1_0.payload,
        oe1_0.published 
    from
        outbox_tbl oe1_0 
    where
        (
            oe1_0.deleted = 0
        ) 
        and oe1_0.published=0 
    order by
        oe1_0.created_at
14:01:01.634 [scheduling-1] DEBUG o.h.e.t.internal.TransactionImpl - committing
14:01:02.927 [RMI TCP Connection(4)-169.254.83.107] WARN  o.s.b.a.mail.MailHealthIndicator - Mail health check failed
org.eclipse.angus.mail.util.MailConnectException: Couldn't connect to host, port: smtp.zoho.com, 587; timeout -1
	at org.eclipse.angus.mail.smtp.SMTPTransport.openServer(SMTPTransport.java:2243)
	at org.eclipse.angus.mail.smtp.SMTPTransport.protocolConnect(SMTPTransport.java:729)
	at jakarta.mail.Service.connect(Service.java:345)
	at org.springframework.mail.javamail.JavaMailSenderImpl.connectTransport(JavaMailSenderImpl.java:480)
	at org.springframework.mail.javamail.JavaMailSenderImpl.testConnection(JavaMailSenderImpl.java:360)
	at org.springframework.boot.actuate.mail.MailHealthIndicator.doHealthCheck(MailHealthIndicator.java:52)
	at org.springframework.boot.actuate.health.AbstractHealthIndicator.health(AbstractHealthIndicator.java:82)
	at org.springframework.boot.actuate.health.HealthIndicator.getHealth(HealthIndicator.java:37)
	at org.springframework.boot.actuate.health.HealthEndpoint.getHealth(HealthEndpoint.java:82)
	at org.springframework.boot.actuate.health.HealthEndpoint.getHealth(HealthEndpoint.java:41)
	at org.springframework.boot.actuate.health.HealthEndpointSupport.getLoggedHealth(HealthEndpointSupport.java:172)
	at org.springframework.boot.actuate.health.HealthEndpointSupport.getContribution(HealthEndpointSupport.java:145)
	at org.springframework.boot.actuate.health.HealthEndpointSupport.getAggregateContribution(HealthEndpointSupport.java:156)
	at org.springframework.boot.actuate.health.HealthEndpointSupport.getContribution(HealthEndpointSupport.java:141)
	at org.springframework.boot.actuate.health.HealthEndpointSupport.getHealth(HealthEndpointSupport.java:110)
	at org.springframework.boot.actuate.health.HealthEndpointSupport.getHealth(HealthEndpointSupport.java:81)
	at org.springframework.boot.actuate.health.HealthEndpoint.health(HealthEndpoint.java:76)
	at org.springframework.boot.actuate.health.HealthEndpoint.health(HealthEndpoint.java:66)
	at java.base/jdk.internal.reflect.NativeMethodAccessorImpl.invoke0(Native Method)
	at java.base/jdk.internal.reflect.NativeMethodAccessorImpl.invoke(NativeMethodAccessorImpl.java:77)
	at java.base/jdk.internal.reflect.DelegatingMethodAccessorImpl.invoke(DelegatingMethodAccessorImpl.java:43)
	at java.base/java.lang.reflect.Method.invoke(Method.java:568)
	at org.springframework.util.ReflectionUtils.invokeMethod(ReflectionUtils.java:281)
	at org.springframework.boot.actuate.endpoint.invoke.reflect.ReflectiveOperationInvoker.invoke(ReflectiveOperationInvoker.java:74)
	at org.springframework.boot.actuate.endpoint.annotation.AbstractDiscoveredOperation.invoke(AbstractDiscoveredOperation.java:60)
	at org.springframework.boot.actuate.endpoint.jmx.EndpointMBean.invoke(EndpointMBean.java:124)
	at org.springframework.boot.actuate.endpoint.jmx.EndpointMBean.invoke(EndpointMBean.java:97)
	at java.management/com.sun.jmx.interceptor.DefaultMBeanServerInterceptor.invoke(DefaultMBeanServerInterceptor.java:814)
	at java.management/com.sun.jmx.mbeanserver.JmxMBeanServer.invoke(JmxMBeanServer.java:802)
	at java.management.rmi/javax.management.remote.rmi.RMIConnectionImpl.doOperation(RMIConnectionImpl.java:1472)
	at java.management.rmi/javax.management.remote.rmi.RMIConnectionImpl$PrivilegedOperation.run(RMIConnectionImpl.java:1310)
	at java.management.rmi/javax.management.remote.rmi.RMIConnectionImpl.doPrivilegedOperation(RMIConnectionImpl.java:1405)
	at java.management.rmi/javax.management.remote.rmi.RMIConnectionImpl.invoke(RMIConnectionImpl.java:829)
	at java.base/jdk.internal.reflect.GeneratedMethodAccessor60.invoke(Unknown Source)
	at java.base/jdk.internal.reflect.DelegatingMethodAccessorImpl.invoke(DelegatingMethodAccessorImpl.java:43)
	at java.base/java.lang.reflect.Method.invoke(Method.java:568)
	at java.rmi/sun.rmi.server.UnicastServerRef.dispatch(UnicastServerRef.java:360)
	at java.rmi/sun.rmi.transport.Transport$1.run(Transport.java:200)
	at java.rmi/sun.rmi.transport.Transport$1.run(Transport.java:197)
	at java.base/java.security.AccessController.doPrivileged(AccessController.java:712)
	at java.rmi/sun.rmi.transport.Transport.serviceCall(Transport.java:196)
	at java.rmi/sun.rmi.transport.tcp.TCPTransport.handleMessages(TCPTransport.java:587)
	at java.rmi/sun.rmi.transport.tcp.TCPTransport$ConnectionHandler.run0(TCPTransport.java:828)
	at java.rmi/sun.rmi.transport.tcp.TCPTransport$ConnectionHandler.lambda$run$0(TCPTransport.java:705)
	at java.base/java.security.AccessController.doPrivileged(AccessController.java:399)
	at java.rmi/sun.rmi.transport.tcp.TCPTransport$ConnectionHandler.run(TCPTransport.java:704)
	at java.base/java.util.concurrent.ThreadPoolExecutor.runWorker(ThreadPoolExecutor.java:1136)
	at java.base/java.util.concurrent.ThreadPoolExecutor$Worker.run(ThreadPoolExecutor.java:635)
	at java.base/java.lang.Thread.run(Thread.java:842)
Caused by: java.net.ConnectException: Connection timed out: connect
	at java.base/sun.nio.ch.Net.connect0(Native Method)
	at java.base/sun.nio.ch.Net.connect(Net.java:579)
	at java.base/sun.nio.ch.Net.connect(Net.java:568)
	at java.base/sun.nio.ch.NioSocketImpl.connect(NioSocketImpl.java:593)
	at java.base/java.net.SocksSocketImpl.connect(SocksSocketImpl.java:327)
	at java.base/java.net.Socket.connect(Socket.java:633)
	at java.base/java.net.Socket.connect(Socket.java:583)
	at org.eclipse.angus.mail.util.SocketFetcher.createSocket(SocketFetcher.java:368)
	at org.eclipse.angus.mail.util.SocketFetcher.getSocket(SocketFetcher.java:243)
	at org.eclipse.angus.mail.smtp.SMTPTransport.openServer(SMTPTransport.java:2193)
	... 48 common frames omitted
14:01:02.929 [RMI TCP Connection(4)-169.254.83.107] WARN  o.s.b.a.health.HealthEndpointSupport - Health contributor org.springframework.boot.actuate.mail.MailHealthIndicator (mail) took 21119ms to respond
14:01:03.311 [boundedElastic-1] WARN  o.s.b.a.d.r.RedisReactiveHealthIndicator - Redis health check failed
org.springframework.data.redis.RedisConnectionFailureException: Unable to connect to Redis
	at org.springframework.data.redis.connection.lettuce.LettuceConnectionFactory$ExceptionTranslatingConnectionProvider.translateException(LettuceConnectionFactory.java:1858)
	at org.springframework.data.redis.connection.lettuce.LettuceConnectionFactory$ExceptionTranslatingConnectionProvider.getConnection(LettuceConnectionFactory.java:1789)
	at org.springframework.data.redis.connection.lettuce.LettuceConnectionFactory$SharedConnection.getNativeConnection(LettuceConnectionFactory.java:1586)
	at org.springframework.data.redis.connection.lettuce.LettuceConnectionFactory$SharedConnection.lambda$getConnection$0(LettuceConnectionFactory.java:1566)
	at org.springframework.data.redis.connection.lettuce.LettuceConnectionFactory.doInLock(LettuceConnectionFactory.java:1527)
	at org.springframework.data.redis.connection.lettuce.LettuceConnectionFactory$SharedConnection.getConnection(LettuceConnectionFactory.java:1563)
	at org.springframework.data.redis.connection.lettuce.LettuceConnectionFactory.getSharedReactiveConnection(LettuceConnectionFactory.java:1274)
	at org.springframework.data.redis.connection.lettuce.LettuceConnectionFactory.getReactiveConnection(LettuceConnectionFactory.java:1149)
	at org.springframework.data.redis.connection.lettuce.LettuceConnectionFactory.getReactiveConnection(LettuceConnectionFactory.java:120)
	at reactor.core.publisher.MonoSupplier.call(MonoSupplier.java:67)
	at reactor.core.publisher.FluxSubscribeOnCallable$CallableSubscribeOnSubscription.run(FluxSubscribeOnCallable.java:228)
	at reactor.core.scheduler.SchedulerTask.call(SchedulerTask.java:68)
	at reactor.core.scheduler.SchedulerTask.call(SchedulerTask.java:28)
	at java.base/java.util.concurrent.FutureTask.run(FutureTask.java:264)
	at java.base/java.util.concurrent.ScheduledThreadPoolExecutor$ScheduledFutureTask.run(ScheduledThreadPoolExecutor.java:304)
	at java.base/java.util.concurrent.ThreadPoolExecutor.runWorker(ThreadPoolExecutor.java:1136)
	at java.base/java.util.concurrent.ThreadPoolExecutor$Worker.run(ThreadPoolExecutor.java:635)
	at java.base/java.lang.Thread.run(Thread.java:842)
Caused by: io.lettuce.core.RedisConnectionException: Unable to connect to localhost/<unresolved>:6379
	at io.lettuce.core.RedisConnectionException.create(RedisConnectionException.java:63)
	at io.lettuce.core.RedisConnectionException.create(RedisConnectionException.java:41)
	at io.lettuce.core.AbstractRedisClient.getConnection(AbstractRedisClient.java:354)
	at io.lettuce.core.RedisClient.connect(RedisClient.java:219)
	at org.springframework.data.redis.connection.lettuce.StandaloneConnectionProvider.lambda$getConnection$1(StandaloneConnectionProvider.java:112)
	at java.base/java.util.Optional.orElseGet(Optional.java:364)
	at org.springframework.data.redis.connection.lettuce.StandaloneConnectionProvider.getConnection(StandaloneConnectionProvider.java:112)
	at org.springframework.data.redis.connection.lettuce.LettuceConnectionFactory$ExceptionTranslatingConnectionProvider.getConnection(LettuceConnectionFactory.java:1787)
	... 16 common frames omitted
Caused by: io.netty.channel.AbstractChannel$AnnotatedConnectException: Connection refused: no further information: localhost/127.0.0.1:6379
Caused by: java.net.ConnectException: Connection refused: no further information
	at java.base/sun.nio.ch.Net.pollConnect(Native Method)
	at java.base/sun.nio.ch.Net.pollConnectNow(Net.java:672)
	at java.base/sun.nio.ch.SocketChannelImpl.finishConnect(SocketChannelImpl.java:946)
	at io.netty.channel.socket.nio.NioSocketChannel.doFinishConnect(NioSocketChannel.java:336)
	at io.netty.channel.nio.AbstractNioChannel$AbstractNioUnsafe.finishConnect(AbstractNioChannel.java:339)
	at io.netty.channel.nio.NioEventLoop.processSelectedKey(NioEventLoop.java:784)
	at io.netty.channel.nio.NioEventLoop.processSelectedKeysOptimized(NioEventLoop.java:732)
	at io.netty.channel.nio.NioEventLoop.processSelectedKeys(NioEventLoop.java:658)
	at io.netty.channel.nio.NioEventLoop.run(NioEventLoop.java:562)
	at io.netty.util.concurrent.SingleThreadEventExecutor$4.run(SingleThreadEventExecutor.java:998)
	at io.netty.util.internal.ThreadExecutorMap$2.run(ThreadExecutorMap.java:74)
	at io.netty.util.concurrent.FastThreadLocalRunnable.run(FastThreadLocalRunnable.java:30)
	at java.base/java.lang.Thread.run(Thread.java:842)
14:01:03.644 [scheduling-1] DEBUG o.h.e.t.internal.TransactionImpl - On TransactionImpl creation, JpaCompliance#isJpaTransactionComplianceEnabled == false
14:01:03.644 [scheduling-1] DEBUG o.h.e.t.internal.TransactionImpl - begin
14:01:03.646 [scheduling-1] DEBUG org.hibernate.SQL - 
    /* <criteria> */ select
        oe1_0.id,
        oe1_0.aggregate_id,
        oe1_0.aggregate_type,
        oe1_0.created_at,
        oe1_0.deleted,
        oe1_0.event_type,
        oe1_0.payload,
        oe1_0.published 
    from
        outbox_tbl oe1_0 
    where
        (
            oe1_0.deleted = 0
        ) 
        and oe1_0.published=0 
    order by
        oe1_0.created_at
14:01:03.647 [scheduling-1] DEBUG o.h.e.t.internal.TransactionImpl - committing
14:01:05.651 [scheduling-1] DEBUG o.h.e.t.internal.TransactionImpl - On TransactionImpl creation, JpaCompliance#isJpaTransactionComplianceEnabled == false
14:01:05.651 [scheduling-1] DEBUG o.h.e.t.internal.TransactionImpl - begin
14:01:05.653 [scheduling-1] DEBUG org.hibernate.SQL - 
    /* <criteria> */ select
        oe1_0.id,
        oe1_0.aggregate_id,
        oe1_0.aggregate_type,
        oe1_0.created_at,
        oe1_0.deleted,
        oe1_0.event_type,
        oe1_0.payload,
        oe1_0.published 
    from
        outbox_tbl oe1_0 
    where
        (
            oe1_0.deleted = 0
        ) 
        and oe1_0.published=0 
    order by
        oe1_0.created_at
14:01:05.654 [scheduling-1] DEBUG o.h.e.t.internal.TransactionImpl - committing
14:01:07.671 [scheduling-1] DEBUG o.h.e.t.internal.TransactionImpl - On TransactionImpl creation, JpaCompliance#isJpaTransactionComplianceEnabled == false
14:01:07.671 [scheduling-1] DEBUG o.h.e.t.internal.TransactionImpl - begin
14:01:07.673 [scheduling-1] DEBUG org.hibernate.SQL - 
    /* <criteria> */ select
        oe1_0.id,
        oe1_0.aggregate_id,
        oe1_0.aggregate_type,
        oe1_0.created_at,
        oe1_0.deleted,
        oe1_0.event_type,
        oe1_0.payload,
        oe1_0.published 
    from
        outbox_tbl oe1_0 
    where
        (
            oe1_0.deleted = 0
        ) 
        and oe1_0.published=0 
    order by
        oe1_0.created_at
14:01:07.674 [scheduling-1] DEBUG o.h.e.t.internal.TransactionImpl - committing
14:01:09.679 [scheduling-1] DEBUG o.h.e.t.internal.TransactionImpl - On TransactionImpl creation, JpaCompliance#isJpaTransactionComplianceEnabled == false
14:01:09.679 [scheduling-1] DEBUG o.h.e.t.internal.TransactionImpl - begin
14:01:09.682 [scheduling-1] DEBUG org.hibernate.SQL - 
    /* <criteria> */ select
        oe1_0.id,
        oe1_0.aggregate_id,
        oe1_0.aggregate_type,
        oe1_0.created_at,
        oe1_0.deleted,
        oe1_0.event_type,
        oe1_0.payload,
        oe1_0.published 
    from
        outbox_tbl oe1_0 
    where
        (
            oe1_0.deleted = 0
        ) 
        and oe1_0.published=0 
    order by
        oe1_0.created_at
14:01:09.684 [scheduling-1] DEBUG o.h.e.t.internal.TransactionImpl - committing
14:01:11.691 [scheduling-1] DEBUG o.h.e.t.internal.TransactionImpl - On TransactionImpl creation, JpaCompliance#isJpaTransactionComplianceEnabled == false
14:01:11.692 [scheduling-1] DEBUG o.h.e.t.internal.TransactionImpl - begin
14:01:11.693 [scheduling-1] DEBUG org.hibernate.SQL - 
    /* <criteria> */ select
        oe1_0.id,
        oe1_0.aggregate_id,
        oe1_0.aggregate_type,
        oe1_0.created_at,
        oe1_0.deleted,
        oe1_0.event_type,
        oe1_0.payload,
        oe1_0.published 
    from
        outbox_tbl oe1_0 
    where
        (
            oe1_0.deleted = 0
        ) 
        and oe1_0.published=0 
    order by
        oe1_0.created_at
14:01:11.694 [scheduling-1] DEBUG o.h.e.t.internal.TransactionImpl - committing
14:01:12.588 [org.springframework.kafka.KafkaListenerEndpointContainer#0-0-C-1] INFO  o.apache.kafka.clients.NetworkClient - [Consumer clientId=consumer-building-service-updater-1, groupId=building-service-updater] Node -1 disconnected.
14:01:12.588 [org.springframework.kafka.KafkaListenerEndpointContainer#0-0-C-1] WARN  o.apache.kafka.clients.NetworkClient - [Consumer clientId=consumer-building-service-updater-1, groupId=building-service-updater] Connection to node -1 (/100.99.137.56:9092) could not be established. Node may not be available.
14:01:12.588 [org.springframework.kafka.KafkaListenerEndpointContainer#0-0-C-1] WARN  o.apache.kafka.clients.NetworkClient - [Consumer clientId=consumer-building-service-updater-1, groupId=building-service-updater] Bootstrap broker 100.99.137.56:9092 (id: -1 rack: null) disconnected
14:01:13.705 [scheduling-1] DEBUG o.h.e.t.internal.TransactionImpl - On TransactionImpl creation, JpaCompliance#isJpaTransactionComplianceEnabled == false
14:01:13.706 [scheduling-1] DEBUG o.h.e.t.internal.TransactionImpl - begin
14:01:13.707 [scheduling-1] DEBUG org.hibernate.SQL - 
    /* <criteria> */ select
        oe1_0.id,
        oe1_0.aggregate_id,
        oe1_0.aggregate_type,
        oe1_0.created_at,
        oe1_0.deleted,
        oe1_0.event_type,
        oe1_0.payload,
        oe1_0.published 
    from
        outbox_tbl oe1_0 
    where
        (
            oe1_0.deleted = 0
        ) 
        and oe1_0.published=0 
    order by
        oe1_0.created_at
14:01:13.708 [scheduling-1] DEBUG o.h.e.t.internal.TransactionImpl - committing
14:01:15.709 [scheduling-1] DEBUG o.h.e.t.internal.TransactionImpl - On TransactionImpl creation, JpaCompliance#isJpaTransactionComplianceEnabled == false
14:01:15.710 [scheduling-1] DEBUG o.h.e.t.internal.TransactionImpl - begin
14:01:15.711 [scheduling-1] DEBUG org.hibernate.SQL - 
    /* <criteria> */ select
        oe1_0.id,
        oe1_0.aggregate_id,
        oe1_0.aggregate_type,
        oe1_0.created_at,
        oe1_0.deleted,
        oe1_0.event_type,
        oe1_0.payload,
        oe1_0.published 
    from
        outbox_tbl oe1_0 
    where
        (
            oe1_0.deleted = 0
        ) 
        and oe1_0.published=0 
    order by
        oe1_0.created_at
14:01:15.712 [scheduling-1] DEBUG o.h.e.t.internal.TransactionImpl - committing
14:01:15.890 [https-jsse-nio-8443-exec-9] DEBUG o.s.security.web.FilterChainProxy - Securing GET /login
14:01:15.894 [https-jsse-nio-8443-exec-9] DEBUG o.s.s.w.a.c.ChannelProcessingFilter - Request: filter invocation [GET /login]; ConfigAttributes: [REQUIRES_SECURE_CHANNEL]
14:01:15.901 [https-jsse-nio-8443-exec-9] DEBUG o.s.s.w.a.AnonymousAuthenticationFilter - Set SecurityContextHolder to anonymous SecurityContext
14:01:15.904 [https-jsse-nio-8443-exec-9] DEBUG o.s.security.web.FilterChainProxy - Secured GET /login
14:01:16.240 [https-jsse-nio-8443-exec-2] DEBUG o.s.security.web.FilterChainProxy - Securing GET /css/reset.css
14:01:16.241 [https-jsse-nio-8443-exec-2] DEBUG o.s.s.w.a.c.ChannelProcessingFilter - Request: filter invocation [GET /css/reset.css]; ConfigAttributes: [REQUIRES_SECURE_CHANNEL]
14:01:16.242 [https-jsse-nio-8443-exec-2] DEBUG o.s.s.w.a.AnonymousAuthenticationFilter - Set SecurityContextHolder to anonymous SecurityContext
14:01:16.244 [https-jsse-nio-8443-exec-2] DEBUG o.s.security.web.FilterChainProxy - Secured GET /css/reset.css
14:01:16.265 [https-jsse-nio-8443-exec-2] DEBUG o.s.security.web.FilterChainProxy - Securing GET /css/styles.css
14:01:16.266 [https-jsse-nio-8443-exec-2] DEBUG o.s.s.w.a.c.ChannelProcessingFilter - Request: filter invocation [GET /css/styles.css]; ConfigAttributes: [REQUIRES_SECURE_CHANNEL]
14:01:16.267 [https-jsse-nio-8443-exec-2] DEBUG o.s.s.w.a.AnonymousAuthenticationFilter - Set SecurityContextHolder to anonymous SecurityContext
14:01:16.267 [https-jsse-nio-8443-exec-2] DEBUG o.s.security.web.FilterChainProxy - Secured GET /css/styles.css
14:01:16.282 [https-jsse-nio-8443-exec-2] DEBUG o.s.security.web.FilterChainProxy - Securing GET /css/toast.css
14:01:16.282 [https-jsse-nio-8443-exec-2] DEBUG o.s.s.w.a.c.ChannelProcessingFilter - Request: filter invocation [GET /css/toast.css]; ConfigAttributes: [REQUIRES_SECURE_CHANNEL]
14:01:16.283 [https-jsse-nio-8443-exec-2] DEBUG o.s.s.w.a.AnonymousAuthenticationFilter - Set SecurityContextHolder to anonymous SecurityContext
14:01:16.283 [https-jsse-nio-8443-exec-2] DEBUG o.s.security.web.FilterChainProxy - Secured GET /css/toast.css
14:01:16.288 [https-jsse-nio-8443-exec-6] DEBUG o.s.security.web.FilterChainProxy - Securing GET /css/bootstrap.min.css
14:01:16.288 [https-jsse-nio-8443-exec-6] DEBUG o.s.s.w.a.c.ChannelProcessingFilter - Request: filter invocation [GET /css/bootstrap.min.css]; ConfigAttributes: [REQUIRES_SECURE_CHANNEL]
14:01:16.289 [https-jsse-nio-8443-exec-6] DEBUG o.s.s.w.a.AnonymousAuthenticationFilter - Set SecurityContextHolder to anonymous SecurityContext
14:01:16.289 [https-jsse-nio-8443-exec-6] DEBUG o.s.security.web.FilterChainProxy - Secured GET /css/bootstrap.min.css
14:01:16.289 [https-jsse-nio-8443-exec-4] DEBUG o.s.security.web.FilterChainProxy - Securing GET /css/fonts.min.css
14:01:16.290 [https-jsse-nio-8443-exec-4] DEBUG o.s.s.w.a.c.ChannelProcessingFilter - Request: filter invocation [GET /css/fonts.min.css]; ConfigAttributes: [REQUIRES_SECURE_CHANNEL]
14:01:16.290 [https-jsse-nio-8443-exec-4] DEBUG o.s.s.w.a.AnonymousAuthenticationFilter - Set SecurityContextHolder to anonymous SecurityContext
14:01:16.291 [https-jsse-nio-8443-exec-4] DEBUG o.s.security.web.FilterChainProxy - Secured GET /css/fonts.min.css
14:01:16.294 [https-jsse-nio-8443-exec-8] DEBUG o.s.security.web.FilterChainProxy - Securing GET /css/fontawesome.css
14:01:16.294 [https-jsse-nio-8443-exec-8] DEBUG o.s.s.w.a.c.ChannelProcessingFilter - Request: filter invocation [GET /css/fontawesome.css]; ConfigAttributes: [REQUIRES_SECURE_CHANNEL]
14:01:16.295 [https-jsse-nio-8443-exec-8] DEBUG o.s.s.w.a.AnonymousAuthenticationFilter - Set SecurityContextHolder to anonymous SecurityContext
14:01:16.295 [https-jsse-nio-8443-exec-8] DEBUG o.s.security.web.FilterChainProxy - Secured GET /css/fontawesome.css
14:01:16.300 [https-jsse-nio-8443-exec-2] DEBUG o.s.security.web.FilterChainProxy - Securing GET /js/fontawesome.js
14:01:16.300 [https-jsse-nio-8443-exec-2] DEBUG o.s.s.w.a.c.ChannelProcessingFilter - Request: filter invocation [GET /js/fontawesome.js]; ConfigAttributes: [REQUIRES_SECURE_CHANNEL]
14:01:16.300 [https-jsse-nio-8443-exec-2] DEBUG o.s.s.w.a.AnonymousAuthenticationFilter - Set SecurityContextHolder to anonymous SecurityContext
14:01:16.301 [https-jsse-nio-8443-exec-2] DEBUG o.s.security.web.FilterChainProxy - Secured GET /js/fontawesome.js
14:01:16.305 [https-jsse-nio-8443-exec-3] DEBUG o.s.security.web.FilterChainProxy - Securing GET /js/script.js
14:01:16.305 [https-jsse-nio-8443-exec-3] DEBUG o.s.s.w.a.c.ChannelProcessingFilter - Request: filter invocation [GET /js/script.js]; ConfigAttributes: [REQUIRES_SECURE_CHANNEL]
14:01:16.305 [https-jsse-nio-8443-exec-3] DEBUG o.s.s.w.a.AnonymousAuthenticationFilter - Set SecurityContextHolder to anonymous SecurityContext
14:01:16.305 [https-jsse-nio-8443-exec-4] DEBUG o.s.security.web.FilterChainProxy - Securing GET /js/profiles-register.js
14:01:16.305 [https-jsse-nio-8443-exec-4] DEBUG o.s.s.w.a.c.ChannelProcessingFilter - Request: filter invocation [GET /js/profiles-register.js]; ConfigAttributes: [REQUIRES_SECURE_CHANNEL]
14:01:16.305 [https-jsse-nio-8443-exec-3] DEBUG o.s.security.web.FilterChainProxy - Secured GET /js/script.js
14:01:16.305 [https-jsse-nio-8443-exec-4] DEBUG o.s.s.w.a.AnonymousAuthenticationFilter - Set SecurityContextHolder to anonymous SecurityContext
14:01:16.306 [https-jsse-nio-8443-exec-4] DEBUG o.s.security.web.FilterChainProxy - Secured GET /js/profiles-register.js
14:01:16.323 [https-jsse-nio-8443-exec-1] DEBUG o.s.security.web.FilterChainProxy - Securing GET /js/toast.js
14:01:16.323 [https-jsse-nio-8443-exec-6] DEBUG o.s.security.web.FilterChainProxy - Securing GET /js/bootstrap.bundle.min.js
14:01:16.324 [https-jsse-nio-8443-exec-1] DEBUG o.s.s.w.a.c.ChannelProcessingFilter - Request: filter invocation [GET /js/toast.js]; ConfigAttributes: [REQUIRES_SECURE_CHANNEL]
14:01:16.324 [https-jsse-nio-8443-exec-6] DEBUG o.s.s.w.a.c.ChannelProcessingFilter - Request: filter invocation [GET /js/bootstrap.bundle.min.js]; ConfigAttributes: [REQUIRES_SECURE_CHANNEL]
14:01:16.324 [https-jsse-nio-8443-exec-6] DEBUG o.s.s.w.a.AnonymousAuthenticationFilter - Set SecurityContextHolder to anonymous SecurityContext
14:01:16.324 [https-jsse-nio-8443-exec-1] DEBUG o.s.s.w.a.AnonymousAuthenticationFilter - Set SecurityContextHolder to anonymous SecurityContext
14:01:16.324 [https-jsse-nio-8443-exec-1] DEBUG o.s.security.web.FilterChainProxy - Secured GET /js/toast.js
14:01:16.324 [https-jsse-nio-8443-exec-6] DEBUG o.s.security.web.FilterChainProxy - Secured GET /js/bootstrap.bundle.min.js
14:01:17.043 [https-jsse-nio-8443-exec-5] DEBUG o.s.security.web.FilterChainProxy - Securing GET /icons/mftlogo.png
14:01:17.043 [https-jsse-nio-8443-exec-5] DEBUG o.s.s.w.a.c.ChannelProcessingFilter - Request: filter invocation [GET /icons/mftlogo.png]; ConfigAttributes: [REQUIRES_SECURE_CHANNEL]
14:01:17.043 [https-jsse-nio-8443-exec-5] DEBUG o.s.s.w.a.AnonymousAuthenticationFilter - Set SecurityContextHolder to anonymous SecurityContext
14:01:17.046 [https-jsse-nio-8443-exec-5] DEBUG o.s.security.web.FilterChainProxy - Secured GET /icons/mftlogo.png
14:01:17.714 [scheduling-1] DEBUG o.h.e.t.internal.TransactionImpl - On TransactionImpl creation, JpaCompliance#isJpaTransactionComplianceEnabled == false
14:01:17.714 [scheduling-1] DEBUG o.h.e.t.internal.TransactionImpl - begin
14:01:17.715 [scheduling-1] DEBUG org.hibernate.SQL - 
    /* <criteria> */ select
        oe1_0.id,
        oe1_0.aggregate_id,
        oe1_0.aggregate_type,
        oe1_0.created_at,
        oe1_0.deleted,
        oe1_0.event_type,
        oe1_0.payload,
        oe1_0.published 
    from
        outbox_tbl oe1_0 
    where
        (
            oe1_0.deleted = 0
        ) 
        and oe1_0.published=0 
    order by
        oe1_0.created_at
14:01:17.716 [scheduling-1] DEBUG o.h.e.t.internal.TransactionImpl - committing
14:01:19.733 [scheduling-1] DEBUG o.h.e.t.internal.TransactionImpl - On TransactionImpl creation, JpaCompliance#isJpaTransactionComplianceEnabled == false
14:01:19.733 [scheduling-1] DEBUG o.h.e.t.internal.TransactionImpl - begin
14:01:19.734 [scheduling-1] DEBUG org.hibernate.SQL - 
    /* <criteria> */ select
        oe1_0.id,
        oe1_0.aggregate_id,
        oe1_0.aggregate_type,
        oe1_0.created_at,
        oe1_0.deleted,
        oe1_0.event_type,
        oe1_0.payload,
        oe1_0.published 
    from
        outbox_tbl oe1_0 
    where
        (
            oe1_0.deleted = 0
        ) 
        and oe1_0.published=0 
    order by
        oe1_0.created_at
14:01:19.735 [scheduling-1] DEBUG o.h.e.t.internal.TransactionImpl - committing
14:01:21.748 [scheduling-1] DEBUG o.h.e.t.internal.TransactionImpl - On TransactionImpl creation, JpaCompliance#isJpaTransactionComplianceEnabled == false
14:01:21.748 [scheduling-1] DEBUG o.h.e.t.internal.TransactionImpl - begin
14:01:21.750 [scheduling-1] DEBUG org.hibernate.SQL - 
    /* <criteria> */ select
        oe1_0.id,
        oe1_0.aggregate_id,
        oe1_0.aggregate_type,
        oe1_0.created_at,
        oe1_0.deleted,
        oe1_0.event_type,
        oe1_0.payload,
        oe1_0.published 
    from
        outbox_tbl oe1_0 
    where
        (
            oe1_0.deleted = 0
        ) 
        and oe1_0.published=0 
    order by
        oe1_0.created_at
14:01:21.751 [scheduling-1] DEBUG o.h.e.t.internal.TransactionImpl - committing
14:01:22.026 [https-jsse-nio-8443-exec-9] DEBUG o.s.security.web.FilterChainProxy - Securing POST /login
14:01:22.027 [https-jsse-nio-8443-exec-9] DEBUG o.s.s.w.a.c.ChannelProcessingFilter - Request: filter invocation [POST /login]; ConfigAttributes: [REQUIRES_SECURE_CHANNEL]
14:01:22.379 [https-jsse-nio-8443-exec-9] DEBUG org.hibernate.SQL - 
    /* <criteria> */ select
        u1_0.username,
        u1_0.account_non_expired,
        u1_0.account_non_locked,
        u1_0.credentials_expiry_date,
        u1_0.credentials_non_expired,
        u1_0.deleted,
        u1_0.enabled,
        u1_0.password 
    from
        user_tbl u1_0 
    where
        (
            u1_0.deleted = 0
        ) 
        and u1_0.username=?
14:01:22.380 [https-jsse-nio-8443-exec-9] TRACE org.hibernate.orm.jdbc.bind - binding parameter (1:VARCHAR) <- [ali]
14:01:22.387 [https-jsse-nio-8443-exec-9] TRACE org.hibernate.orm.jdbc.extract - extracted value (1:VARCHAR) -> [ali]
14:01:22.387 [https-jsse-nio-8443-exec-9] TRACE org.hibernate.orm.jdbc.extract - extracted value (2:BOOLEAN) -> [true]
14:01:22.387 [https-jsse-nio-8443-exec-9] TRACE org.hibernate.orm.jdbc.extract - extracted value (3:BOOLEAN) -> [true]
14:01:22.387 [https-jsse-nio-8443-exec-9] TRACE org.hibernate.orm.jdbc.extract - extracted value (4:TIMESTAMP) -> [2026-08-03T18:03:44.737555]
14:01:22.387 [https-jsse-nio-8443-exec-9] TRACE org.hibernate.orm.jdbc.extract - extracted value (5:BOOLEAN) -> [true]
14:01:22.387 [https-jsse-nio-8443-exec-9] TRACE org.hibernate.orm.jdbc.extract - extracted value (6:BOOLEAN) -> [false]
14:01:22.387 [https-jsse-nio-8443-exec-9] TRACE org.hibernate.orm.jdbc.extract - extracted value (7:BOOLEAN) -> [true]
14:01:22.388 [https-jsse-nio-8443-exec-9] TRACE org.hibernate.orm.jdbc.extract - extracted value (8:VARCHAR) -> [$2a$12$zWjkkNI6AJKAxh71k9FGeekl8NyE861fVAn0dtmHT4Ve90RbP/.qO]
14:01:22.389 [https-jsse-nio-8443-exec-9] DEBUG org.hibernate.SQL - 
    select
        rs1_0.username,
        rs1_1.name,
        rs1_1.deleted,
        ps1_0.role_name,
        ps1_1.id,
        ps1_1.deleted,
        ps1_1.permission 
    from
        user_role_tbl rs1_0 
    join
        role_tbl rs1_1 
            on rs1_1.name=rs1_0.role_name 
    left join
        (role_permission_tbl ps1_0 
    join
        permission_tbl ps1_1 
            on ps1_1.id=ps1_0.permission) 
        on rs1_1.name=ps1_0.role_name 
        and ( ps1_1.deleted = 0) 
    where
        rs1_0.username=? 
        and (
            rs1_1.deleted = 0
        )
14:01:22.389 [https-jsse-nio-8443-exec-9] TRACE org.hibernate.orm.jdbc.bind - binding parameter (1:VARCHAR) <- [ali]
14:01:22.403 [https-jsse-nio-8443-exec-9] TRACE org.hibernate.orm.jdbc.extract - extracted value (1:VARCHAR) -> [ali]
14:01:22.403 [https-jsse-nio-8443-exec-9] TRACE org.hibernate.orm.jdbc.extract - extracted value (2:VARCHAR) -> [ROLE_ADMIN]
14:01:22.403 [https-jsse-nio-8443-exec-9] TRACE org.hibernate.orm.jdbc.extract - extracted value (4:VARCHAR) -> [ROLE_ADMIN]
14:01:22.403 [https-jsse-nio-8443-exec-9] TRACE org.hibernate.orm.jdbc.extract - extracted value (5:BIGINT) -> [1]
14:01:22.404 [https-jsse-nio-8443-exec-9] TRACE org.hibernate.orm.jdbc.extract - extracted value (6:BOOLEAN) -> [false]
14:01:22.404 [https-jsse-nio-8443-exec-9] TRACE org.hibernate.orm.jdbc.extract - extracted value (7:VARCHAR) -> [TICKET_CREATE]
14:01:22.404 [https-jsse-nio-8443-exec-9] TRACE org.hibernate.orm.jdbc.extract - extracted value (3:BOOLEAN) -> [false]
14:01:22.404 [https-jsse-nio-8443-exec-9] TRACE org.hibernate.orm.jdbc.extract - extracted value (1:VARCHAR) -> [ali]
14:01:22.404 [https-jsse-nio-8443-exec-9] TRACE org.hibernate.orm.jdbc.extract - extracted value (2:VARCHAR) -> [ROLE_ADMIN]
14:01:22.404 [https-jsse-nio-8443-exec-9] TRACE org.hibernate.orm.jdbc.extract - extracted value (5:BIGINT) -> [2]
14:01:22.404 [https-jsse-nio-8443-exec-9] TRACE org.hibernate.orm.jdbc.extract - extracted value (6:BOOLEAN) -> [false]
14:01:22.404 [https-jsse-nio-8443-exec-9] TRACE org.hibernate.orm.jdbc.extract - extracted value (7:VARCHAR) -> [TICKET_EDIT]
14:01:22.404 [https-jsse-nio-8443-exec-9] TRACE org.hibernate.orm.jdbc.extract - extracted value (1:VARCHAR) -> [ali]
14:01:22.404 [https-jsse-nio-8443-exec-9] TRACE org.hibernate.orm.jdbc.extract - extracted value (2:VARCHAR) -> [ROLE_ADMIN]
14:01:22.404 [https-jsse-nio-8443-exec-9] TRACE org.hibernate.orm.jdbc.extract - extracted value (5:BIGINT) -> [3]
14:01:22.404 [https-jsse-nio-8443-exec-9] TRACE org.hibernate.orm.jdbc.extract - extracted value (6:BOOLEAN) -> [false]
14:01:22.404 [https-jsse-nio-8443-exec-9] TRACE org.hibernate.orm.jdbc.extract - extracted value (7:VARCHAR) -> [TICKET_DELETE]
14:01:22.404 [https-jsse-nio-8443-exec-9] TRACE org.hibernate.orm.jdbc.extract - extracted value (1:VARCHAR) -> [ali]
14:01:22.404 [https-jsse-nio-8443-exec-9] TRACE org.hibernate.orm.jdbc.extract - extracted value (2:VARCHAR) -> [ROLE_ADMIN]
14:01:22.404 [https-jsse-nio-8443-exec-9] TRACE org.hibernate.orm.jdbc.extract - extracted value (5:BIGINT) -> [4]
14:01:22.404 [https-jsse-nio-8443-exec-9] TRACE org.hibernate.orm.jdbc.extract - extracted value (6:BOOLEAN) -> [false]
14:01:22.404 [https-jsse-nio-8443-exec-9] TRACE org.hibernate.orm.jdbc.extract - extracted value (7:VARCHAR) -> [REPORT_VIEW]
14:01:22.404 [https-jsse-nio-8443-exec-9] TRACE org.hibernate.orm.jdbc.extract - extracted value (1:VARCHAR) -> [ali]
14:01:22.404 [https-jsse-nio-8443-exec-9] TRACE org.hibernate.orm.jdbc.extract - extracted value (2:VARCHAR) -> [ROLE_ADMIN]
14:01:22.404 [https-jsse-nio-8443-exec-9] TRACE org.hibernate.orm.jdbc.extract - extracted value (5:BIGINT) -> [5]
14:01:22.404 [https-jsse-nio-8443-exec-9] TRACE org.hibernate.orm.jdbc.extract - extracted value (6:BOOLEAN) -> [false]
14:01:22.404 [https-jsse-nio-8443-exec-9] TRACE org.hibernate.orm.jdbc.extract - extracted value (7:VARCHAR) -> [TICKET_CHECK_SCORE]
14:01:22.404 [https-jsse-nio-8443-exec-9] TRACE org.hibernate.orm.jdbc.extract - extracted value (1:VARCHAR) -> [ali]
14:01:22.404 [https-jsse-nio-8443-exec-9] TRACE org.hibernate.orm.jdbc.extract - extracted value (2:VARCHAR) -> [ROLE_ADMIN]
14:01:22.404 [https-jsse-nio-8443-exec-9] TRACE org.hibernate.orm.jdbc.extract - extracted value (5:BIGINT) -> [6]
14:01:22.405 [https-jsse-nio-8443-exec-9] TRACE org.hibernate.orm.jdbc.extract - extracted value (6:BOOLEAN) -> [false]
14:01:22.405 [https-jsse-nio-8443-exec-9] TRACE org.hibernate.orm.jdbc.extract - extracted value (7:VARCHAR) -> [TICKET_CHECK_CLOSE]
14:01:22.405 [https-jsse-nio-8443-exec-9] TRACE org.hibernate.orm.jdbc.extract - extracted value (1:VARCHAR) -> [ali]
14:01:22.405 [https-jsse-nio-8443-exec-9] TRACE org.hibernate.orm.jdbc.extract - extracted value (2:VARCHAR) -> [ROLE_ADMIN]
14:01:22.405 [https-jsse-nio-8443-exec-9] TRACE org.hibernate.orm.jdbc.extract - extracted value (5:BIGINT) -> [7]
14:01:22.405 [https-jsse-nio-8443-exec-9] TRACE org.hibernate.orm.jdbc.extract - extracted value (6:BOOLEAN) -> [false]
14:01:22.405 [https-jsse-nio-8443-exec-9] TRACE org.hibernate.orm.jdbc.extract - extracted value (7:VARCHAR) -> [BUILDING_CREATE]
14:01:22.405 [https-jsse-nio-8443-exec-9] TRACE org.hibernate.orm.jdbc.extract - extracted value (1:VARCHAR) -> [ali]
14:01:22.405 [https-jsse-nio-8443-exec-9] TRACE org.hibernate.orm.jdbc.extract - extracted value (2:VARCHAR) -> [ROLE_ADMIN]
14:01:22.405 [https-jsse-nio-8443-exec-9] TRACE org.hibernate.orm.jdbc.extract - extracted value (5:BIGINT) -> [8]
14:01:22.405 [https-jsse-nio-8443-exec-9] TRACE org.hibernate.orm.jdbc.extract - extracted value (6:BOOLEAN) -> [false]
14:01:22.405 [https-jsse-nio-8443-exec-9] TRACE org.hibernate.orm.jdbc.extract - extracted value (7:VARCHAR) -> [BUILDING_EDIT]
14:01:22.405 [https-jsse-nio-8443-exec-9] TRACE org.hibernate.orm.jdbc.extract - extracted value (1:VARCHAR) -> [ali]
14:01:22.405 [https-jsse-nio-8443-exec-9] TRACE org.hibernate.orm.jdbc.extract - extracted value (2:VARCHAR) -> [ROLE_ADMIN]
14:01:22.405 [https-jsse-nio-8443-exec-9] TRACE org.hibernate.orm.jdbc.extract - extracted value (5:BIGINT) -> [9]
14:01:22.405 [https-jsse-nio-8443-exec-9] TRACE org.hibernate.orm.jdbc.extract - extracted value (6:BOOLEAN) -> [false]
14:01:22.405 [https-jsse-nio-8443-exec-9] TRACE org.hibernate.orm.jdbc.extract - extracted value (7:VARCHAR) -> [BUILDING_DELETE]
14:01:22.698 [https-jsse-nio-8443-exec-9] DEBUG o.s.s.a.d.DaoAuthenticationProvider - Authenticated user
14:01:22.724 [https-jsse-nio-8443-exec-9] DEBUG o.s.s.c.session.SessionRegistryImpl - Registering session 8BF3564E1C9402DE54F8EC72836B269D, for principal ir.model.entity.CustomUserDetails@29c0617f
14:01:22.725 [https-jsse-nio-8443-exec-9] DEBUG o.s.s.w.c.HttpSessionSecurityContextRepository - Stored SecurityContextImpl [Authentication=UsernamePasswordAuthenticationToken [Principal=ir.model.entity.CustomUserDetails@29c0617f, Credentials=[PROTECTED], Authenticated=true, Details=WebAuthenticationDetails [RemoteIpAddress=0:0:0:0:0:0:0:1, SessionId=null], Granted Authorities=[TICKET_EDIT, BUILDING_DELETE, TICKET_CHECK_SCORE, BUILDING_EDIT, BUILDING_CREATE, TICKET_CHECK_CLOSE, REPORT_VIEW, ROLE_ADMIN, TICKET_CREATE, TICKET_DELETE]]] to HttpSession [org.apache.catalina.session.StandardSessionFacade@6b993ee3]
14:01:22.725 [https-jsse-nio-8443-exec-9] DEBUG o.s.s.w.a.UsernamePasswordAuthenticationFilter - Set SecurityContextHolder to UsernamePasswordAuthenticationToken [Principal=ir.model.entity.CustomUserDetails@29c0617f, Credentials=[PROTECTED], Authenticated=true, Details=WebAuthenticationDetails [RemoteIpAddress=0:0:0:0:0:0:0:1, SessionId=null], Granted Authorities=[TICKET_EDIT, BUILDING_DELETE, TICKET_CHECK_SCORE, BUILDING_EDIT, BUILDING_CREATE, TICKET_CHECK_CLOSE, REPORT_VIEW, ROLE_ADMIN, TICKET_CREATE, TICKET_DELETE]]
14:01:22.725 [https-jsse-nio-8443-exec-9] DEBUG o.s.s.web.DefaultRedirectStrategy - Redirecting to /home
14:01:22.729 [https-jsse-nio-8443-exec-10] DEBUG o.s.security.web.FilterChainProxy - Securing GET /home
14:01:22.729 [https-jsse-nio-8443-exec-10] DEBUG o.s.s.w.a.c.ChannelProcessingFilter - Request: filter invocation [GET /home]; ConfigAttributes: [REQUIRES_SECURE_CHANNEL]
14:01:22.730 [https-jsse-nio-8443-exec-10] DEBUG o.s.security.web.FilterChainProxy - Secured GET /home
14:01:22.749 [https-jsse-nio-8443-exec-10] DEBUG o.s.s.w.c.HttpSessionSecurityContextRepository - Retrieved SecurityContextImpl [Authentication=UsernamePasswordAuthenticationToken [Principal=ir.model.entity.CustomUserDetails@29c0617f, Credentials=[PROTECTED], Authenticated=true, Details=WebAuthenticationDetails [RemoteIpAddress=0:0:0:0:0:0:0:1, SessionId=null], Granted Authorities=[TICKET_EDIT, BUILDING_DELETE, TICKET_CHECK_SCORE, BUILDING_EDIT, BUILDING_CREATE, TICKET_CHECK_CLOSE, REPORT_VIEW, ROLE_ADMIN, TICKET_CREATE, TICKET_DELETE]]]
14:01:22.750 [https-jsse-nio-8443-exec-10] DEBUG o.s.jdbc.datasource.DataSourceUtils - Setting JDBC Connection [HikariProxyConnection@763953718 wrapping oracle.jdbc.driver.T4CConnection@38419b4a] read-only
14:01:22.751 [https-jsse-nio-8443-exec-10] DEBUG o.h.e.t.internal.TransactionImpl - On TransactionImpl creation, JpaCompliance#isJpaTransactionComplianceEnabled == false
14:01:22.751 [https-jsse-nio-8443-exec-10] DEBUG o.h.e.t.internal.TransactionImpl - begin
14:01:22.754 [https-jsse-nio-8443-exec-10] DEBUG org.hibernate.SQL - 
    select
        u1_0.username,
        u1_0.account_non_expired,
        u1_0.account_non_locked,
        u1_0.credentials_expiry_date,
        u1_0.credentials_non_expired,
        u1_0.deleted,
        u1_0.enabled,
        u1_0.password,
        rs1_0.username,
        rs1_1.name,
        rs1_1.deleted,
        ps1_0.role_name,
        ps1_1.id,
        ps1_1.deleted,
        ps1_1.permission 
    from
        user_tbl u1_0 
    left join
        (user_role_tbl rs1_0 
    join
        role_tbl rs1_1 
            on rs1_1.name=rs1_0.role_name) 
        on u1_0.username=rs1_0.username 
        and ( rs1_1.deleted = 0) 
    left join
        (role_permission_tbl ps1_0 
    join
        permission_tbl ps1_1 
            on ps1_1.id=ps1_0.permission) 
        on rs1_1.name=ps1_0.role_name 
        and ( ps1_1.deleted = 0) 
    where
        u1_0.username=? 
        and (
            u1_0.deleted = 0
        )
14:01:22.754 [https-jsse-nio-8443-exec-10] TRACE org.hibernate.orm.jdbc.bind - binding parameter (1:VARCHAR) <- [ali]
14:01:22.765 [https-jsse-nio-8443-exec-10] TRACE org.hibernate.orm.jdbc.extract - extracted value (9:VARCHAR) -> [ali]
14:01:22.765 [https-jsse-nio-8443-exec-10] TRACE org.hibernate.orm.jdbc.extract - extracted value (10:VARCHAR) -> [ROLE_ADMIN]
14:01:22.765 [https-jsse-nio-8443-exec-10] TRACE org.hibernate.orm.jdbc.extract - extracted value (12:VARCHAR) -> [ROLE_ADMIN]
14:01:22.765 [https-jsse-nio-8443-exec-10] TRACE org.hibernate.orm.jdbc.extract - extracted value (13:BIGINT) -> [1]
14:01:22.765 [https-jsse-nio-8443-exec-10] TRACE org.hibernate.orm.jdbc.extract - extracted value (14:BOOLEAN) -> [false]
14:01:22.765 [https-jsse-nio-8443-exec-10] TRACE org.hibernate.orm.jdbc.extract - extracted value (15:VARCHAR) -> [TICKET_CREATE]
14:01:22.765 [https-jsse-nio-8443-exec-10] TRACE org.hibernate.orm.jdbc.extract - extracted value (11:BOOLEAN) -> [false]
14:01:22.765 [https-jsse-nio-8443-exec-10] TRACE org.hibernate.orm.jdbc.extract - extracted value (2:BOOLEAN) -> [true]
14:01:22.765 [https-jsse-nio-8443-exec-10] TRACE org.hibernate.orm.jdbc.extract - extracted value (3:BOOLEAN) -> [true]
14:01:22.765 [https-jsse-nio-8443-exec-10] TRACE org.hibernate.orm.jdbc.extract - extracted value (4:TIMESTAMP) -> [2026-08-03T18:03:44.737555]
14:01:22.765 [https-jsse-nio-8443-exec-10] TRACE org.hibernate.orm.jdbc.extract - extracted value (5:BOOLEAN) -> [true]
14:01:22.765 [https-jsse-nio-8443-exec-10] TRACE org.hibernate.orm.jdbc.extract - extracted value (6:BOOLEAN) -> [false]
14:01:22.765 [https-jsse-nio-8443-exec-10] TRACE org.hibernate.orm.jdbc.extract - extracted value (7:BOOLEAN) -> [true]
14:01:22.765 [https-jsse-nio-8443-exec-10] TRACE org.hibernate.orm.jdbc.extract - extracted value (8:VARCHAR) -> [$2a$12$zWjkkNI6AJKAxh71k9FGeekl8NyE861fVAn0dtmHT4Ve90RbP/.qO]
14:01:22.765 [https-jsse-nio-8443-exec-10] TRACE org.hibernate.orm.jdbc.extract - extracted value (10:VARCHAR) -> [ROLE_ADMIN]
14:01:22.765 [https-jsse-nio-8443-exec-10] TRACE org.hibernate.orm.jdbc.extract - extracted value (13:BIGINT) -> [2]
14:01:22.765 [https-jsse-nio-8443-exec-10] TRACE org.hibernate.orm.jdbc.extract - extracted value (14:BOOLEAN) -> [false]
14:01:22.765 [https-jsse-nio-8443-exec-10] TRACE org.hibernate.orm.jdbc.extract - extracted value (15:VARCHAR) -> [TICKET_EDIT]
14:01:22.765 [https-jsse-nio-8443-exec-10] TRACE org.hibernate.orm.jdbc.extract - extracted value (10:VARCHAR) -> [ROLE_ADMIN]
14:01:22.765 [https-jsse-nio-8443-exec-10] TRACE org.hibernate.orm.jdbc.extract - extracted value (13:BIGINT) -> [3]
14:01:22.765 [https-jsse-nio-8443-exec-10] TRACE org.hibernate.orm.jdbc.extract - extracted value (14:BOOLEAN) -> [false]
14:01:22.766 [https-jsse-nio-8443-exec-10] TRACE org.hibernate.orm.jdbc.extract - extracted value (15:VARCHAR) -> [TICKET_DELETE]
14:01:22.766 [https-jsse-nio-8443-exec-10] TRACE org.hibernate.orm.jdbc.extract - extracted value (10:VARCHAR) -> [ROLE_ADMIN]
14:01:22.766 [https-jsse-nio-8443-exec-10] TRACE org.hibernate.orm.jdbc.extract - extracted value (13:BIGINT) -> [4]
14:01:22.766 [https-jsse-nio-8443-exec-10] TRACE org.hibernate.orm.jdbc.extract - extracted value (14:BOOLEAN) -> [false]
14:01:22.766 [https-jsse-nio-8443-exec-10] TRACE org.hibernate.orm.jdbc.extract - extracted value (15:VARCHAR) -> [REPORT_VIEW]
14:01:22.766 [https-jsse-nio-8443-exec-10] TRACE org.hibernate.orm.jdbc.extract - extracted value (10:VARCHAR) -> [ROLE_ADMIN]
14:01:22.766 [https-jsse-nio-8443-exec-10] TRACE org.hibernate.orm.jdbc.extract - extracted value (13:BIGINT) -> [5]
14:01:22.766 [https-jsse-nio-8443-exec-10] TRACE org.hibernate.orm.jdbc.extract - extracted value (14:BOOLEAN) -> [false]
14:01:22.766 [https-jsse-nio-8443-exec-10] TRACE org.hibernate.orm.jdbc.extract - extracted value (15:VARCHAR) -> [TICKET_CHECK_SCORE]
14:01:22.766 [https-jsse-nio-8443-exec-10] TRACE org.hibernate.orm.jdbc.extract - extracted value (10:VARCHAR) -> [ROLE_ADMIN]
14:01:22.766 [https-jsse-nio-8443-exec-10] TRACE org.hibernate.orm.jdbc.extract - extracted value (13:BIGINT) -> [6]
14:01:22.766 [https-jsse-nio-8443-exec-10] TRACE org.hibernate.orm.jdbc.extract - extracted value (14:BOOLEAN) -> [false]
14:01:22.766 [https-jsse-nio-8443-exec-10] TRACE org.hibernate.orm.jdbc.extract - extracted value (15:VARCHAR) -> [TICKET_CHECK_CLOSE]
14:01:22.766 [https-jsse-nio-8443-exec-10] TRACE org.hibernate.orm.jdbc.extract - extracted value (10:VARCHAR) -> [ROLE_ADMIN]
14:01:22.766 [https-jsse-nio-8443-exec-10] TRACE org.hibernate.orm.jdbc.extract - extracted value (13:BIGINT) -> [7]
14:01:22.766 [https-jsse-nio-8443-exec-10] TRACE org.hibernate.orm.jdbc.extract - extracted value (14:BOOLEAN) -> [false]
14:01:22.767 [https-jsse-nio-8443-exec-10] TRACE org.hibernate.orm.jdbc.extract - extracted value (15:VARCHAR) -> [BUILDING_CREATE]
14:01:22.767 [https-jsse-nio-8443-exec-10] TRACE org.hibernate.orm.jdbc.extract - extracted value (10:VARCHAR) -> [ROLE_ADMIN]
14:01:22.767 [https-jsse-nio-8443-exec-10] TRACE org.hibernate.orm.jdbc.extract - extracted value (13:BIGINT) -> [8]
14:01:22.767 [https-jsse-nio-8443-exec-10] TRACE org.hibernate.orm.jdbc.extract - extracted value (14:BOOLEAN) -> [false]
14:01:22.767 [https-jsse-nio-8443-exec-10] TRACE org.hibernate.orm.jdbc.extract - extracted value (15:VARCHAR) -> [BUILDING_EDIT]
14:01:22.767 [https-jsse-nio-8443-exec-10] TRACE org.hibernate.orm.jdbc.extract - extracted value (10:VARCHAR) -> [ROLE_ADMIN]
14:01:22.767 [https-jsse-nio-8443-exec-10] TRACE org.hibernate.orm.jdbc.extract - extracted value (13:BIGINT) -> [9]
14:01:22.767 [https-jsse-nio-8443-exec-10] TRACE org.hibernate.orm.jdbc.extract - extracted value (14:BOOLEAN) -> [false]
14:01:22.767 [https-jsse-nio-8443-exec-10] TRACE org.hibernate.orm.jdbc.extract - extracted value (15:VARCHAR) -> [BUILDING_DELETE]
14:01:22.767 [https-jsse-nio-8443-exec-10] DEBUG o.h.e.t.internal.TransactionImpl - committing
14:01:22.767 [https-jsse-nio-8443-exec-10] DEBUG o.s.jdbc.datasource.DataSourceUtils - Resetting read-only flag of JDBC Connection [HikariProxyConnection@763953718 wrapping oracle.jdbc.driver.T4CConnection@38419b4a]
14:01:22.771 [https-jsse-nio-8443-exec-10] DEBUG org.hibernate.SQL - 
    /* <criteria> */ select
        n1_0.id,
        n1_0.created_at,
        n1_0.is_read,
        n1_0.link,
        n1_0.message,
        n1_0.title,
        n1_0.username 
    from
        notification_table n1_0 
    where
        n1_0.username=? 
        and n1_0.is_read=0 
    order by
        n1_0.created_at desc 
    fetch
        first ? rows only
14:01:22.771 [https-jsse-nio-8443-exec-10] TRACE org.hibernate.orm.jdbc.bind - binding parameter (1:VARCHAR) <- [ali]
14:01:22.771 [https-jsse-nio-8443-exec-10] TRACE org.hibernate.orm.jdbc.bind - binding parameter (2:INTEGER) <- [5]
14:01:22.781 [https-jsse-nio-8443-exec-10] DEBUG org.hibernate.SQL - 
    /* <criteria> */ select
        count(n1_0.id) 
    from
        notification_table n1_0 
    where
        n1_0.username=? 
        and n1_0.is_read=0
14:01:22.781 [https-jsse-nio-8443-exec-10] TRACE org.hibernate.orm.jdbc.bind - binding parameter (1:VARCHAR) <- [ali]
14:01:22.785 [https-jsse-nio-8443-exec-10] TRACE org.hibernate.orm.jdbc.extract - extracted value (1:BIGINT) -> [0]
14:01:22.787 [https-jsse-nio-8443-exec-10] DEBUG org.hibernate.SQL - 
    /* <criteria> */ select
        count(t1_0.id) 
    from
        ticket_tbl t1_0 
    where
        (
            t1_0.deleted = 0
        ) 
        and t1_0.status=?
14:01:22.787 [https-jsse-nio-8443-exec-10] TRACE org.hibernate.orm.jdbc.bind - binding parameter (1:TINYINT) <- [NotSeen]
14:01:22.793 [https-jsse-nio-8443-exec-10] TRACE org.hibernate.orm.jdbc.extract - extracted value (1:BIGINT) -> [0]
14:01:22.794 [https-jsse-nio-8443-exec-10] INFO  i.c.exception.ResponseAspect - Web Controller: addNotifications
14:01:22.794 [https-jsse-nio-8443-exec-10] INFO  i.c.exception.ResponseAspect - Web Controller: home
14:01:22.873 [https-jsse-nio-8443-exec-7] DEBUG o.s.security.web.FilterChainProxy - Securing GET /css/reset.css
14:01:22.873 [https-jsse-nio-8443-exec-3] DEBUG o.s.security.web.FilterChainProxy - Securing GET /css/bootstrap.min.css
14:01:22.873 [https-jsse-nio-8443-exec-7] DEBUG o.s.s.w.a.c.ChannelProcessingFilter - Request: filter invocation [GET /css/reset.css]; ConfigAttributes: [REQUIRES_SECURE_CHANNEL]
14:01:22.873 [https-jsse-nio-8443-exec-4] DEBUG o.s.security.web.FilterChainProxy - Securing GET /css/fontawesome.css
14:01:22.873 [https-jsse-nio-8443-exec-8] DEBUG o.s.security.web.FilterChainProxy - Securing GET /css/fonts.min.css
14:01:22.873 [https-jsse-nio-8443-exec-3] DEBUG o.s.s.w.a.c.ChannelProcessingFilter - Request: filter invocation [GET /css/bootstrap.min.css]; ConfigAttributes: [REQUIRES_SECURE_CHANNEL]
14:01:22.873 [https-jsse-nio-8443-exec-4] DEBUG o.s.s.w.a.c.ChannelProcessingFilter - Request: filter invocation [GET /css/fontawesome.css]; ConfigAttributes: [REQUIRES_SECURE_CHANNEL]
14:01:22.873 [https-jsse-nio-8443-exec-8] DEBUG o.s.s.w.a.c.ChannelProcessingFilter - Request: filter invocation [GET /css/fonts.min.css]; ConfigAttributes: [REQUIRES_SECURE_CHANNEL]
14:01:22.873 [https-jsse-nio-8443-exec-1] DEBUG o.s.security.web.FilterChainProxy - Securing GET /css/toast.css
14:01:22.873 [https-jsse-nio-8443-exec-1] DEBUG o.s.s.w.a.c.ChannelProcessingFilter - Request: filter invocation [GET /css/toast.css]; ConfigAttributes: [REQUIRES_SECURE_CHANNEL]
14:01:22.873 [https-jsse-nio-8443-exec-4] DEBUG o.s.security.web.FilterChainProxy - Secured GET /css/fontawesome.css
14:01:22.873 [https-jsse-nio-8443-exec-3] DEBUG o.s.security.web.FilterChainProxy - Secured GET /css/bootstrap.min.css
14:01:22.873 [https-jsse-nio-8443-exec-8] DEBUG o.s.security.web.FilterChainProxy - Secured GET /css/fonts.min.css
14:01:22.873 [https-jsse-nio-8443-exec-7] DEBUG o.s.security.web.FilterChainProxy - Secured GET /css/reset.css
14:01:22.874 [https-jsse-nio-8443-exec-1] DEBUG o.s.security.web.FilterChainProxy - Secured GET /css/toast.css
14:01:22.874 [https-jsse-nio-8443-exec-6] DEBUG o.s.security.web.FilterChainProxy - Securing GET /css/styles.css
14:01:22.874 [https-jsse-nio-8443-exec-6] DEBUG o.s.s.w.a.c.ChannelProcessingFilter - Request: filter invocation [GET /css/styles.css]; ConfigAttributes: [REQUIRES_SECURE_CHANNEL]
14:01:22.874 [https-jsse-nio-8443-exec-6] DEBUG o.s.security.web.FilterChainProxy - Secured GET /css/styles.css
14:01:22.875 [https-jsse-nio-8443-exec-7] DEBUG o.s.s.w.c.HttpSessionSecurityContextRepository - Retrieved SecurityContextImpl [Authentication=UsernamePasswordAuthenticationToken [Principal=ir.model.entity.CustomUserDetails@29c0617f, Credentials=[PROTECTED], Authenticated=true, Details=WebAuthenticationDetails [RemoteIpAddress=0:0:0:0:0:0:0:1, SessionId=null], Granted Authorities=[TICKET_EDIT, BUILDING_DELETE, TICKET_CHECK_SCORE, BUILDING_EDIT, BUILDING_CREATE, TICKET_CHECK_CLOSE, REPORT_VIEW, ROLE_ADMIN, TICKET_CREATE, TICKET_DELETE]]]
14:01:22.876 [https-jsse-nio-8443-exec-1] DEBUG o.s.s.w.c.HttpSessionSecurityContextRepository - Retrieved SecurityContextImpl [Authentication=UsernamePasswordAuthenticationToken [Principal=ir.model.entity.CustomUserDetails@29c0617f, Credentials=[PROTECTED], Authenticated=true, Details=WebAuthenticationDetails [RemoteIpAddress=0:0:0:0:0:0:0:1, SessionId=null], Granted Authorities=[TICKET_EDIT, BUILDING_DELETE, TICKET_CHECK_SCORE, BUILDING_EDIT, BUILDING_CREATE, TICKET_CHECK_CLOSE, REPORT_VIEW, ROLE_ADMIN, TICKET_CREATE, TICKET_DELETE]]]
14:01:22.876 [https-jsse-nio-8443-exec-8] DEBUG o.s.s.w.c.HttpSessionSecurityContextRepository - Retrieved SecurityContextImpl [Authentication=UsernamePasswordAuthenticationToken [Principal=ir.model.entity.CustomUserDetails@29c0617f, Credentials=[PROTECTED], Authenticated=true, Details=WebAuthenticationDetails [RemoteIpAddress=0:0:0:0:0:0:0:1, SessionId=null], Granted Authorities=[TICKET_EDIT, BUILDING_DELETE, TICKET_CHECK_SCORE, BUILDING_EDIT, BUILDING_CREATE, TICKET_CHECK_CLOSE, REPORT_VIEW, ROLE_ADMIN, TICKET_CREATE, TICKET_DELETE]]]
14:01:22.876 [https-jsse-nio-8443-exec-6] DEBUG o.s.s.w.c.HttpSessionSecurityContextRepository - Retrieved SecurityContextImpl [Authentication=UsernamePasswordAuthenticationToken [Principal=ir.model.entity.CustomUserDetails@29c0617f, Credentials=[PROTECTED], Authenticated=true, Details=WebAuthenticationDetails [RemoteIpAddress=0:0:0:0:0:0:0:1, SessionId=null], Granted Authorities=[TICKET_EDIT, BUILDING_DELETE, TICKET_CHECK_SCORE, BUILDING_EDIT, BUILDING_CREATE, TICKET_CHECK_CLOSE, REPORT_VIEW, ROLE_ADMIN, TICKET_CREATE, TICKET_DELETE]]]
14:01:22.879 [https-jsse-nio-8443-exec-2] DEBUG o.s.security.web.FilterChainProxy - Securing GET /icons/mftlogo.png
14:01:22.879 [https-jsse-nio-8443-exec-9] DEBUG o.s.security.web.FilterChainProxy - Securing GET /js/fontawesome.js
14:01:22.879 [https-jsse-nio-8443-exec-10] DEBUG o.s.security.web.FilterChainProxy - Securing GET /js/toast.js
14:01:22.879 [https-jsse-nio-8443-exec-5] DEBUG o.s.security.web.FilterChainProxy - Securing GET /js/bootstrap.bundle.min.js
14:01:22.879 [https-jsse-nio-8443-exec-2] DEBUG o.s.s.w.a.c.ChannelProcessingFilter - Request: filter invocation [GET /icons/mftlogo.png]; ConfigAttributes: [REQUIRES_SECURE_CHANNEL]
14:01:22.879 [https-jsse-nio-8443-exec-10] DEBUG o.s.s.w.a.c.ChannelProcessingFilter - Request: filter invocation [GET /js/toast.js]; ConfigAttributes: [REQUIRES_SECURE_CHANNEL]
14:01:22.879 [https-jsse-nio-8443-exec-9] DEBUG o.s.s.w.a.c.ChannelProcessingFilter - Request: filter invocation [GET /js/fontawesome.js]; ConfigAttributes: [REQUIRES_SECURE_CHANNEL]
14:01:22.879 [https-jsse-nio-8443-exec-5] DEBUG o.s.s.w.a.c.ChannelProcessingFilter - Request: filter invocation [GET /js/bootstrap.bundle.min.js]; ConfigAttributes: [REQUIRES_SECURE_CHANNEL]
14:01:22.880 [https-jsse-nio-8443-exec-9] DEBUG o.s.security.web.FilterChainProxy - Secured GET /js/fontawesome.js
14:01:22.880 [https-jsse-nio-8443-exec-10] DEBUG o.s.security.web.FilterChainProxy - Secured GET /js/toast.js
14:01:22.880 [https-jsse-nio-8443-exec-5] DEBUG o.s.security.web.FilterChainProxy - Secured GET /js/bootstrap.bundle.min.js
14:01:22.880 [https-jsse-nio-8443-exec-2] DEBUG o.s.security.web.FilterChainProxy - Secured GET /icons/mftlogo.png
14:01:22.881 [https-jsse-nio-8443-exec-10] DEBUG o.s.s.w.c.HttpSessionSecurityContextRepository - Retrieved SecurityContextImpl [Authentication=UsernamePasswordAuthenticationToken [Principal=ir.model.entity.CustomUserDetails@29c0617f, Credentials=[PROTECTED], Authenticated=true, Details=WebAuthenticationDetails [RemoteIpAddress=0:0:0:0:0:0:0:1, SessionId=null], Granted Authorities=[TICKET_EDIT, BUILDING_DELETE, TICKET_CHECK_SCORE, BUILDING_EDIT, BUILDING_CREATE, TICKET_CHECK_CLOSE, REPORT_VIEW, ROLE_ADMIN, TICKET_CREATE, TICKET_DELETE]]]
14:01:22.883 [https-jsse-nio-8443-exec-2] DEBUG o.s.s.w.c.HttpSessionSecurityContextRepository - Retrieved SecurityContextImpl [Authentication=UsernamePasswordAuthenticationToken [Principal=ir.model.entity.CustomUserDetails@29c0617f, Credentials=[PROTECTED], Authenticated=true, Details=WebAuthenticationDetails [RemoteIpAddress=0:0:0:0:0:0:0:1, SessionId=null], Granted Authorities=[TICKET_EDIT, BUILDING_DELETE, TICKET_CHECK_SCORE, BUILDING_EDIT, BUILDING_CREATE, TICKET_CHECK_CLOSE, REPORT_VIEW, ROLE_ADMIN, TICKET_CREATE, TICKET_DELETE]]]
14:01:22.884 [https-jsse-nio-8443-exec-7] DEBUG o.s.security.web.FilterChainProxy - Securing GET /js/script.js
14:01:22.884 [https-jsse-nio-8443-exec-7] DEBUG o.s.s.w.a.c.ChannelProcessingFilter - Request: filter invocation [GET /js/script.js]; ConfigAttributes: [REQUIRES_SECURE_CHANNEL]
14:01:22.884 [https-jsse-nio-8443-exec-2] DEBUG o.s.security.web.FilterChainProxy - Securing GET /js/permissions-api.js
14:01:22.885 [https-jsse-nio-8443-exec-2] DEBUG o.s.s.w.a.c.ChannelProcessingFilter - Request: filter invocation [GET /js/permissions-api.js]; ConfigAttributes: [REQUIRES_SECURE_CHANNEL]
14:01:22.885 [https-jsse-nio-8443-exec-7] DEBUG o.s.security.web.FilterChainProxy - Secured GET /js/script.js
14:01:22.885 [https-jsse-nio-8443-exec-2] DEBUG o.s.security.web.FilterChainProxy - Secured GET /js/permissions-api.js
14:01:22.886 [https-jsse-nio-8443-exec-7] DEBUG o.s.s.w.c.HttpSessionSecurityContextRepository - Retrieved SecurityContextImpl [Authentication=UsernamePasswordAuthenticationToken [Principal=ir.model.entity.CustomUserDetails@29c0617f, Credentials=[PROTECTED], Authenticated=true, Details=WebAuthenticationDetails [RemoteIpAddress=0:0:0:0:0:0:0:1, SessionId=null], Granted Authorities=[TICKET_EDIT, BUILDING_DELETE, TICKET_CHECK_SCORE, BUILDING_EDIT, BUILDING_CREATE, TICKET_CHECK_CLOSE, REPORT_VIEW, ROLE_ADMIN, TICKET_CREATE, TICKET_DELETE]]]
14:01:22.888 [https-jsse-nio-8443-exec-5] DEBUG o.s.s.w.c.HttpSessionSecurityContextRepository - Retrieved SecurityContextImpl [Authentication=UsernamePasswordAuthenticationToken [Principal=ir.model.entity.CustomUserDetails@29c0617f, Credentials=[PROTECTED], Authenticated=true, Details=WebAuthenticationDetails [RemoteIpAddress=0:0:0:0:0:0:0:1, SessionId=null], Granted Authorities=[TICKET_EDIT, BUILDING_DELETE, TICKET_CHECK_SCORE, BUILDING_EDIT, BUILDING_CREATE, TICKET_CHECK_CLOSE, REPORT_VIEW, ROLE_ADMIN, TICKET_CREATE, TICKET_DELETE]]]
14:01:22.891 [https-jsse-nio-8443-exec-3] DEBUG o.s.s.w.c.HttpSessionSecurityContextRepository - Retrieved SecurityContextImpl [Authentication=UsernamePasswordAuthenticationToken [Principal=ir.model.entity.CustomUserDetails@29c0617f, Credentials=[PROTECTED], Authenticated=true, Details=WebAuthenticationDetails [RemoteIpAddress=0:0:0:0:0:0:0:1, SessionId=null], Granted Authorities=[TICKET_EDIT, BUILDING_DELETE, TICKET_CHECK_SCORE, BUILDING_EDIT, BUILDING_CREATE, TICKET_CHECK_CLOSE, REPORT_VIEW, ROLE_ADMIN, TICKET_CREATE, TICKET_DELETE]]]
14:01:22.901 [https-jsse-nio-8443-exec-4] DEBUG o.s.s.w.c.HttpSessionSecurityContextRepository - Retrieved SecurityContextImpl [Authentication=UsernamePasswordAuthenticationToken [Principal=ir.model.entity.CustomUserDetails@29c0617f, Credentials=[PROTECTED], Authenticated=true, Details=WebAuthenticationDetails [RemoteIpAddress=0:0:0:0:0:0:0:1, SessionId=null], Granted Authorities=[TICKET_EDIT, BUILDING_DELETE, TICKET_CHECK_SCORE, BUILDING_EDIT, BUILDING_CREATE, TICKET_CHECK_CLOSE, REPORT_VIEW, ROLE_ADMIN, TICKET_CREATE, TICKET_DELETE]]]
14:01:22.909 [https-jsse-nio-8443-exec-2] DEBUG o.s.s.w.c.HttpSessionSecurityContextRepository - Retrieved SecurityContextImpl [Authentication=UsernamePasswordAuthenticationToken [Principal=ir.model.entity.CustomUserDetails@29c0617f, Credentials=[PROTECTED], Authenticated=true, Details=WebAuthenticationDetails [RemoteIpAddress=0:0:0:0:0:0:0:1, SessionId=null], Granted Authorities=[TICKET_EDIT, BUILDING_DELETE, TICKET_CHECK_SCORE, BUILDING_EDIT, BUILDING_CREATE, TICKET_CHECK_CLOSE, REPORT_VIEW, ROLE_ADMIN, TICKET_CREATE, TICKET_DELETE]]]
14:01:22.954 [https-jsse-nio-8443-exec-1] DEBUG o.s.security.web.FilterChainProxy - Securing GET /webfonts/fa-solid-900.woff2
14:01:22.954 [https-jsse-nio-8443-exec-6] DEBUG o.s.security.web.FilterChainProxy - Securing GET /webfonts/fa-brands-400.woff2
14:01:22.954 [https-jsse-nio-8443-exec-1] DEBUG o.s.s.w.a.c.ChannelProcessingFilter - Request: filter invocation [GET /webfonts/fa-solid-900.woff2]; ConfigAttributes: [REQUIRES_SECURE_CHANNEL]
14:01:22.954 [https-jsse-nio-8443-exec-6] DEBUG o.s.s.w.a.c.ChannelProcessingFilter - Request: filter invocation [GET /webfonts/fa-brands-400.woff2]; ConfigAttributes: [REQUIRES_SECURE_CHANNEL]
14:01:22.955 [https-jsse-nio-8443-exec-1] DEBUG o.s.s.w.c.HttpSessionSecurityContextRepository - Retrieved SecurityContextImpl [Authentication=UsernamePasswordAuthenticationToken [Principal=ir.model.entity.CustomUserDetails@29c0617f, Credentials=[PROTECTED], Authenticated=true, Details=WebAuthenticationDetails [RemoteIpAddress=0:0:0:0:0:0:0:1, SessionId=null], Granted Authorities=[TICKET_EDIT, BUILDING_DELETE, TICKET_CHECK_SCORE, BUILDING_EDIT, BUILDING_CREATE, TICKET_CHECK_CLOSE, REPORT_VIEW, ROLE_ADMIN, TICKET_CREATE, TICKET_DELETE]]]
14:01:22.955 [https-jsse-nio-8443-exec-6] DEBUG o.s.s.w.c.HttpSessionSecurityContextRepository - Retrieved SecurityContextImpl [Authentication=UsernamePasswordAuthenticationToken [Principal=ir.model.entity.CustomUserDetails@29c0617f, Credentials=[PROTECTED], Authenticated=true, Details=WebAuthenticationDetails [RemoteIpAddress=0:0:0:0:0:0:0:1, SessionId=null], Granted Authorities=[TICKET_EDIT, BUILDING_DELETE, TICKET_CHECK_SCORE, BUILDING_EDIT, BUILDING_CREATE, TICKET_CHECK_CLOSE, REPORT_VIEW, ROLE_ADMIN, TICKET_CREATE, TICKET_DELETE]]]
14:01:22.956 [https-jsse-nio-8443-exec-1] DEBUG o.s.security.web.FilterChainProxy - Secured GET /webfonts/fa-solid-900.woff2
14:01:22.956 [https-jsse-nio-8443-exec-6] DEBUG o.s.security.web.FilterChainProxy - Secured GET /webfonts/fa-brands-400.woff2
14:01:23.384 [https-jsse-nio-8443-exec-9] DEBUG o.s.s.w.c.HttpSessionSecurityContextRepository - Retrieved SecurityContextImpl [Authentication=UsernamePasswordAuthenticationToken [Principal=ir.model.entity.CustomUserDetails@29c0617f, Credentials=[PROTECTED], Authenticated=true, Details=WebAuthenticationDetails [RemoteIpAddress=0:0:0:0:0:0:0:1, SessionId=null], Granted Authorities=[TICKET_EDIT, BUILDING_DELETE, TICKET_CHECK_SCORE, BUILDING_EDIT, BUILDING_CREATE, TICKET_CHECK_CLOSE, REPORT_VIEW, ROLE_ADMIN, TICKET_CREATE, TICKET_DELETE]]]
14:01:23.761 [scheduling-1] DEBUG o.h.e.t.internal.TransactionImpl - On TransactionImpl creation, JpaCompliance#isJpaTransactionComplianceEnabled == false
14:01:23.761 [scheduling-1] DEBUG o.h.e.t.internal.TransactionImpl - begin
14:01:23.763 [scheduling-1] DEBUG org.hibernate.SQL - 
    /* <criteria> */ select
        oe1_0.id,
        oe1_0.aggregate_id,
        oe1_0.aggregate_type,
        oe1_0.created_at,
        oe1_0.deleted,
        oe1_0.event_type,
        oe1_0.payload,
        oe1_0.published 
    from
        outbox_tbl oe1_0 
    where
        (
            oe1_0.deleted = 0
        ) 
        and oe1_0.published=0 
    order by
        oe1_0.created_at
14:01:23.764 [scheduling-1] DEBUG o.h.e.t.internal.TransactionImpl - committing
14:01:25.004 [https-jsse-nio-8443-exec-10] DEBUG o.s.security.web.FilterChainProxy - Securing GET /roles
14:01:25.004 [https-jsse-nio-8443-exec-10] DEBUG o.s.s.w.a.c.ChannelProcessingFilter - Request: filter invocation [GET /roles]; ConfigAttributes: [REQUIRES_SECURE_CHANNEL]
14:01:25.005 [https-jsse-nio-8443-exec-10] DEBUG o.s.s.w.c.HttpSessionSecurityContextRepository - Retrieved SecurityContextImpl [Authentication=UsernamePasswordAuthenticationToken [Principal=ir.model.entity.CustomUserDetails@29c0617f, Credentials=[PROTECTED], Authenticated=true, Details=WebAuthenticationDetails [RemoteIpAddress=0:0:0:0:0:0:0:1, SessionId=null], Granted Authorities=[TICKET_EDIT, BUILDING_DELETE, TICKET_CHECK_SCORE, BUILDING_EDIT, BUILDING_CREATE, TICKET_CHECK_CLOSE, REPORT_VIEW, ROLE_ADMIN, TICKET_CREATE, TICKET_DELETE]]]
14:01:25.006 [https-jsse-nio-8443-exec-10] DEBUG o.s.security.web.FilterChainProxy - Secured GET /roles
14:01:25.008 [https-jsse-nio-8443-exec-10] DEBUG o.s.jdbc.datasource.DataSourceUtils - Setting JDBC Connection [HikariProxyConnection@2145117367 wrapping oracle.jdbc.driver.T4CConnection@38419b4a] read-only
14:01:25.008 [https-jsse-nio-8443-exec-10] DEBUG o.h.e.t.internal.TransactionImpl - On TransactionImpl creation, JpaCompliance#isJpaTransactionComplianceEnabled == false
14:01:25.008 [https-jsse-nio-8443-exec-10] DEBUG o.h.e.t.internal.TransactionImpl - begin
14:01:25.008 [https-jsse-nio-8443-exec-10] DEBUG org.hibernate.SQL - 
    select
        u1_0.username,
        u1_0.account_non_expired,
        u1_0.account_non_locked,
        u1_0.credentials_expiry_date,
        u1_0.credentials_non_expired,
        u1_0.deleted,
        u1_0.enabled,
        u1_0.password,
        rs1_0.username,
        rs1_1.name,
        rs1_1.deleted,
        ps1_0.role_name,
        ps1_1.id,
        ps1_1.deleted,
        ps1_1.permission 
    from
        user_tbl u1_0 
    left join
        (user_role_tbl rs1_0 
    join
        role_tbl rs1_1 
            on rs1_1.name=rs1_0.role_name) 
        on u1_0.username=rs1_0.username 
        and ( rs1_1.deleted = 0) 
    left join
        (role_permission_tbl ps1_0 
    join
        permission_tbl ps1_1 
            on ps1_1.id=ps1_0.permission) 
        on rs1_1.name=ps1_0.role_name 
        and ( ps1_1.deleted = 0) 
    where
        u1_0.username=? 
        and (
            u1_0.deleted = 0
        )
14:01:25.009 [https-jsse-nio-8443-exec-10] TRACE org.hibernate.orm.jdbc.bind - binding parameter (1:VARCHAR) <- [ali]
14:01:25.010 [https-jsse-nio-8443-exec-10] TRACE org.hibernate.orm.jdbc.extract - extracted value (9:VARCHAR) -> [ali]
14:01:25.010 [https-jsse-nio-8443-exec-10] TRACE org.hibernate.orm.jdbc.extract - extracted value (10:VARCHAR) -> [ROLE_ADMIN]
14:01:25.010 [https-jsse-nio-8443-exec-10] TRACE org.hibernate.orm.jdbc.extract - extracted value (12:VARCHAR) -> [ROLE_ADMIN]
14:01:25.010 [https-jsse-nio-8443-exec-10] TRACE org.hibernate.orm.jdbc.extract - extracted value (13:BIGINT) -> [1]
14:01:25.010 [https-jsse-nio-8443-exec-10] TRACE org.hibernate.orm.jdbc.extract - extracted value (14:BOOLEAN) -> [false]
14:01:25.010 [https-jsse-nio-8443-exec-10] TRACE org.hibernate.orm.jdbc.extract - extracted value (15:VARCHAR) -> [TICKET_CREATE]
14:01:25.011 [https-jsse-nio-8443-exec-10] TRACE org.hibernate.orm.jdbc.extract - extracted value (11:BOOLEAN) -> [false]
14:01:25.011 [https-jsse-nio-8443-exec-10] TRACE org.hibernate.orm.jdbc.extract - extracted value (2:BOOLEAN) -> [true]
14:01:25.011 [https-jsse-nio-8443-exec-10] TRACE org.hibernate.orm.jdbc.extract - extracted value (3:BOOLEAN) -> [true]
14:01:25.011 [https-jsse-nio-8443-exec-10] TRACE org.hibernate.orm.jdbc.extract - extracted value (4:TIMESTAMP) -> [2026-08-03T18:03:44.737555]
14:01:25.011 [https-jsse-nio-8443-exec-10] TRACE org.hibernate.orm.jdbc.extract - extracted value (5:BOOLEAN) -> [true]
14:01:25.011 [https-jsse-nio-8443-exec-10] TRACE org.hibernate.orm.jdbc.extract - extracted value (6:BOOLEAN) -> [false]
14:01:25.011 [https-jsse-nio-8443-exec-10] TRACE org.hibernate.orm.jdbc.extract - extracted value (7:BOOLEAN) -> [true]
14:01:25.011 [https-jsse-nio-8443-exec-10] TRACE org.hibernate.orm.jdbc.extract - extracted value (8:VARCHAR) -> [$2a$12$zWjkkNI6AJKAxh71k9FGeekl8NyE861fVAn0dtmHT4Ve90RbP/.qO]
14:01:25.011 [https-jsse-nio-8443-exec-10] TRACE org.hibernate.orm.jdbc.extract - extracted value (10:VARCHAR) -> [ROLE_ADMIN]
14:01:25.011 [https-jsse-nio-8443-exec-10] TRACE org.hibernate.orm.jdbc.extract - extracted value (13:BIGINT) -> [2]
14:01:25.011 [https-jsse-nio-8443-exec-10] TRACE org.hibernate.orm.jdbc.extract - extracted value (14:BOOLEAN) -> [false]
14:01:25.011 [https-jsse-nio-8443-exec-10] TRACE org.hibernate.orm.jdbc.extract - extracted value (15:VARCHAR) -> [TICKET_EDIT]
14:01:25.011 [https-jsse-nio-8443-exec-10] TRACE org.hibernate.orm.jdbc.extract - extracted value (10:VARCHAR) -> [ROLE_ADMIN]
14:01:25.011 [https-jsse-nio-8443-exec-10] TRACE org.hibernate.orm.jdbc.extract - extracted value (13:BIGINT) -> [3]
14:01:25.011 [https-jsse-nio-8443-exec-10] TRACE org.hibernate.orm.jdbc.extract - extracted value (14:BOOLEAN) -> [false]
14:01:25.011 [https-jsse-nio-8443-exec-10] TRACE org.hibernate.orm.jdbc.extract - extracted value (15:VARCHAR) -> [TICKET_DELETE]
14:01:25.011 [https-jsse-nio-8443-exec-10] TRACE org.hibernate.orm.jdbc.extract - extracted value (10:VARCHAR) -> [ROLE_ADMIN]
14:01:25.012 [https-jsse-nio-8443-exec-10] TRACE org.hibernate.orm.jdbc.extract - extracted value (13:BIGINT) -> [4]
14:01:25.012 [https-jsse-nio-8443-exec-10] TRACE org.hibernate.orm.jdbc.extract - extracted value (14:BOOLEAN) -> [false]
14:01:25.012 [https-jsse-nio-8443-exec-10] TRACE org.hibernate.orm.jdbc.extract - extracted value (15:VARCHAR) -> [REPORT_VIEW]
14:01:25.012 [https-jsse-nio-8443-exec-10] TRACE org.hibernate.orm.jdbc.extract - extracted value (10:VARCHAR) -> [ROLE_ADMIN]
14:01:25.012 [https-jsse-nio-8443-exec-10] TRACE org.hibernate.orm.jdbc.extract - extracted value (13:BIGINT) -> [5]
14:01:25.012 [https-jsse-nio-8443-exec-10] TRACE org.hibernate.orm.jdbc.extract - extracted value (14:BOOLEAN) -> [false]
14:01:25.012 [https-jsse-nio-8443-exec-10] TRACE org.hibernate.orm.jdbc.extract - extracted value (15:VARCHAR) -> [TICKET_CHECK_SCORE]
14:01:25.012 [https-jsse-nio-8443-exec-10] TRACE org.hibernate.orm.jdbc.extract - extracted value (10:VARCHAR) -> [ROLE_ADMIN]
14:01:25.012 [https-jsse-nio-8443-exec-10] TRACE org.hibernate.orm.jdbc.extract - extracted value (13:BIGINT) -> [6]
14:01:25.012 [https-jsse-nio-8443-exec-10] TRACE org.hibernate.orm.jdbc.extract - extracted value (14:BOOLEAN) -> [false]
14:01:25.012 [https-jsse-nio-8443-exec-10] TRACE org.hibernate.orm.jdbc.extract - extracted value (15:VARCHAR) -> [TICKET_CHECK_CLOSE]
14:01:25.012 [https-jsse-nio-8443-exec-10] TRACE org.hibernate.orm.jdbc.extract - extracted value (10:VARCHAR) -> [ROLE_ADMIN]
14:01:25.012 [https-jsse-nio-8443-exec-10] TRACE org.hibernate.orm.jdbc.extract - extracted value (13:BIGINT) -> [7]
14:01:25.012 [https-jsse-nio-8443-exec-10] TRACE org.hibernate.orm.jdbc.extract - extracted value (14:BOOLEAN) -> [false]
14:01:25.012 [https-jsse-nio-8443-exec-10] TRACE org.hibernate.orm.jdbc.extract - extracted value (15:VARCHAR) -> [BUILDING_CREATE]
14:01:25.012 [https-jsse-nio-8443-exec-10] TRACE org.hibernate.orm.jdbc.extract - extracted value (10:VARCHAR) -> [ROLE_ADMIN]
14:01:25.012 [https-jsse-nio-8443-exec-10] TRACE org.hibernate.orm.jdbc.extract - extracted value (13:BIGINT) -> [8]
14:01:25.012 [https-jsse-nio-8443-exec-10] TRACE org.hibernate.orm.jdbc.extract - extracted value (14:BOOLEAN) -> [false]
14:01:25.012 [https-jsse-nio-8443-exec-10] TRACE org.hibernate.orm.jdbc.extract - extracted value (15:VARCHAR) -> [BUILDING_EDIT]
14:01:25.012 [https-jsse-nio-8443-exec-10] TRACE org.hibernate.orm.jdbc.extract - extracted value (10:VARCHAR) -> [ROLE_ADMIN]
14:01:25.012 [https-jsse-nio-8443-exec-10] TRACE org.hibernate.orm.jdbc.extract - extracted value (13:BIGINT) -> [9]
14:01:25.012 [https-jsse-nio-8443-exec-10] TRACE org.hibernate.orm.jdbc.extract - extracted value (14:BOOLEAN) -> [false]
14:01:25.012 [https-jsse-nio-8443-exec-10] TRACE org.hibernate.orm.jdbc.extract - extracted value (15:VARCHAR) -> [BUILDING_DELETE]
14:01:25.013 [https-jsse-nio-8443-exec-10] DEBUG o.h.e.t.internal.TransactionImpl - committing
14:01:25.013 [https-jsse-nio-8443-exec-10] DEBUG o.s.jdbc.datasource.DataSourceUtils - Resetting read-only flag of JDBC Connection [HikariProxyConnection@2145117367 wrapping oracle.jdbc.driver.T4CConnection@38419b4a]
14:01:25.014 [https-jsse-nio-8443-exec-10] DEBUG org.hibernate.SQL - 
    /* <criteria> */ select
        n1_0.id,
        n1_0.created_at,
        n1_0.is_read,
        n1_0.link,
        n1_0.message,
        n1_0.title,
        n1_0.username 
    from
        notification_table n1_0 
    where
        n1_0.username=? 
        and n1_0.is_read=0 
    order by
        n1_0.created_at desc 
    fetch
        first ? rows only
14:01:25.014 [https-jsse-nio-8443-exec-10] TRACE org.hibernate.orm.jdbc.bind - binding parameter (1:VARCHAR) <- [ali]
14:01:25.014 [https-jsse-nio-8443-exec-10] TRACE org.hibernate.orm.jdbc.bind - binding parameter (2:INTEGER) <- [5]
14:01:25.015 [https-jsse-nio-8443-exec-10] DEBUG org.hibernate.SQL - 
    /* <criteria> */ select
        count(n1_0.id) 
    from
        notification_table n1_0 
    where
        n1_0.username=? 
        and n1_0.is_read=0
14:01:25.016 [https-jsse-nio-8443-exec-10] TRACE org.hibernate.orm.jdbc.bind - binding parameter (1:VARCHAR) <- [ali]
14:01:25.016 [https-jsse-nio-8443-exec-10] TRACE org.hibernate.orm.jdbc.extract - extracted value (1:BIGINT) -> [0]
14:01:25.018 [https-jsse-nio-8443-exec-10] DEBUG org.hibernate.SQL - 
    /* <criteria> */ select
        count(t1_0.id) 
    from
        ticket_tbl t1_0 
    where
        (
            t1_0.deleted = 0
        ) 
        and t1_0.status=?
14:01:25.018 [https-jsse-nio-8443-exec-10] TRACE org.hibernate.orm.jdbc.bind - binding parameter (1:TINYINT) <- [NotSeen]
14:01:25.018 [https-jsse-nio-8443-exec-10] TRACE org.hibernate.orm.jdbc.extract - extracted value (1:BIGINT) -> [0]
14:01:25.019 [https-jsse-nio-8443-exec-10] INFO  i.c.exception.ResponseAspect - Web Controller: addNotifications
14:01:25.023 [https-jsse-nio-8443-exec-10] DEBUG o.s.s.a.m.AuthorizationManagerBeforeMethodInterceptor - Authorizing method invocation ReflectiveMethodInvocation: public java.lang.String ir.controller.web.RoleController.rolesList(int,int,java.lang.Boolean,org.springframework.ui.Model); target is of class [ir.controller.web.RoleController]
14:01:25.027 [https-jsse-nio-8443-exec-10] DEBUG o.s.s.a.m.AuthorizationManagerBeforeMethodInterceptor - Authorized method invocation ReflectiveMethodInvocation: public java.lang.String ir.controller.web.RoleController.rolesList(int,int,java.lang.Boolean,org.springframework.ui.Model); target is of class [ir.controller.web.RoleController]
14:01:25.027 [https-jsse-nio-8443-exec-10] DEBUG o.s.jdbc.datasource.DataSourceUtils - Setting JDBC Connection [HikariProxyConnection@2145117367 wrapping oracle.jdbc.driver.T4CConnection@38419b4a] read-only
14:01:25.027 [https-jsse-nio-8443-exec-10] DEBUG o.h.e.t.internal.TransactionImpl - begin
14:01:25.029 [https-jsse-nio-8443-exec-10] DEBUG org.hibernate.SQL - 
    /* <criteria> */ select
        r1_0.name,
        r1_0.deleted 
    from
        role_tbl r1_0 
    where
        (
            r1_0.deleted = 0
        ) 
    order by
        r1_0.name 
    offset
        ? rows 
    fetch
        first ? rows only
14:01:25.029 [https-jsse-nio-8443-exec-10] TRACE org.hibernate.orm.jdbc.bind - binding parameter (1:INTEGER) <- [0]
14:01:25.029 [https-jsse-nio-8443-exec-10] TRACE org.hibernate.orm.jdbc.bind - binding parameter (2:INTEGER) <- [10]
14:01:25.032 [https-jsse-nio-8443-exec-10] TRACE org.hibernate.orm.jdbc.extract - extracted value (1:VARCHAR) -> [ROLE_ADMIN]
14:01:25.032 [https-jsse-nio-8443-exec-10] TRACE org.hibernate.orm.jdbc.extract - extracted value (1:VARCHAR) -> [ROLE_CUSTOMER]
14:01:25.032 [https-jsse-nio-8443-exec-10] TRACE org.hibernate.orm.jdbc.extract - extracted value (2:BOOLEAN) -> [false]
14:01:25.032 [https-jsse-nio-8443-exec-10] TRACE org.hibernate.orm.jdbc.extract - extracted value (1:VARCHAR) -> [ROLE_MANAGER]
14:01:25.032 [https-jsse-nio-8443-exec-10] TRACE org.hibernate.orm.jdbc.extract - extracted value (2:BOOLEAN) -> [false]
14:01:25.032 [https-jsse-nio-8443-exec-10] DEBUG org.hibernate.SQL - 
    select
        ps1_0.role_name,
        ps1_1.id,
        ps1_1.deleted,
        ps1_1.permission 
    from
        role_permission_tbl ps1_0 
    join
        permission_tbl ps1_1 
            on ps1_1.id=ps1_0.permission 
    where
        ps1_0.role_name=? 
        and (
            ps1_1.deleted = 0
        )
14:01:25.033 [https-jsse-nio-8443-exec-10] TRACE org.hibernate.orm.jdbc.bind - binding parameter (1:VARCHAR) <- [ROLE_MANAGER]
14:01:25.039 [https-jsse-nio-8443-exec-10] TRACE org.hibernate.orm.jdbc.extract - extracted value (1:VARCHAR) -> [ROLE_MANAGER]
14:01:25.039 [https-jsse-nio-8443-exec-10] TRACE org.hibernate.orm.jdbc.extract - extracted value (2:BIGINT) -> [2]
14:01:25.039 [https-jsse-nio-8443-exec-10] TRACE org.hibernate.orm.jdbc.extract - extracted value (1:VARCHAR) -> [ROLE_MANAGER]
14:01:25.039 [https-jsse-nio-8443-exec-10] TRACE org.hibernate.orm.jdbc.extract - extracted value (2:BIGINT) -> [7]
14:01:25.039 [https-jsse-nio-8443-exec-10] TRACE org.hibernate.orm.jdbc.extract - extracted value (1:VARCHAR) -> [ROLE_MANAGER]
14:01:25.039 [https-jsse-nio-8443-exec-10] TRACE org.hibernate.orm.jdbc.extract - extracted value (2:BIGINT) -> [8]
14:01:25.039 [https-jsse-nio-8443-exec-10] TRACE org.hibernate.orm.jdbc.extract - extracted value (1:VARCHAR) -> [ROLE_MANAGER]
14:01:25.039 [https-jsse-nio-8443-exec-10] TRACE org.hibernate.orm.jdbc.extract - extracted value (2:BIGINT) -> [9]
14:01:25.040 [https-jsse-nio-8443-exec-10] DEBUG org.hibernate.SQL - 
    select
        ps1_0.role_name,
        ps1_1.id,
        ps1_1.deleted,
        ps1_1.permission 
    from
        role_permission_tbl ps1_0 
    join
        permission_tbl ps1_1 
            on ps1_1.id=ps1_0.permission 
    where
        ps1_0.role_name=? 
        and (
            ps1_1.deleted = 0
        )
14:01:25.040 [https-jsse-nio-8443-exec-10] TRACE org.hibernate.orm.jdbc.bind - binding parameter (1:VARCHAR) <- [ROLE_CUSTOMER]
14:01:25.040 [https-jsse-nio-8443-exec-10] TRACE org.hibernate.orm.jdbc.extract - extracted value (1:VARCHAR) -> [ROLE_CUSTOMER]
14:01:25.040 [https-jsse-nio-8443-exec-10] TRACE org.hibernate.orm.jdbc.extract - extracted value (2:BIGINT) -> [1]
14:01:25.040 [https-jsse-nio-8443-exec-10] DEBUG o.h.e.t.internal.TransactionImpl - committing
14:01:25.041 [https-jsse-nio-8443-exec-10] DEBUG o.s.jdbc.datasource.DataSourceUtils - Resetting read-only flag of JDBC Connection [HikariProxyConnection@2145117367 wrapping oracle.jdbc.driver.T4CConnection@38419b4a]
14:01:25.041 [https-jsse-nio-8443-exec-10] INFO  i.c.exception.ResponseAspect - Web Controller: rolesList
14:01:25.123 [https-jsse-nio-8443-exec-8] DEBUG o.s.security.web.FilterChainProxy - Securing GET /css/reset.css
14:01:25.123 [https-jsse-nio-8443-exec-8] DEBUG o.s.s.w.a.c.ChannelProcessingFilter - Request: filter invocation [GET /css/reset.css]; ConfigAttributes: [REQUIRES_SECURE_CHANNEL]
14:01:25.123 [https-jsse-nio-8443-exec-5] DEBUG o.s.security.web.FilterChainProxy - Securing GET /css/fontawesome.css
14:01:25.123 [https-jsse-nio-8443-exec-7] DEBUG o.s.security.web.FilterChainProxy - Securing GET /css/bootstrap.min.css
14:01:25.123 [https-jsse-nio-8443-exec-5] DEBUG o.s.s.w.a.c.ChannelProcessingFilter - Request: filter invocation [GET /css/fontawesome.css]; ConfigAttributes: [REQUIRES_SECURE_CHANNEL]
14:01:25.124 [https-jsse-nio-8443-exec-3] DEBUG o.s.security.web.FilterChainProxy - Securing GET /css/fonts.min.css
14:01:25.124 [https-jsse-nio-8443-exec-7] DEBUG o.s.s.w.a.c.ChannelProcessingFilter - Request: filter invocation [GET /css/bootstrap.min.css]; ConfigAttributes: [REQUIRES_SECURE_CHANNEL]
14:01:25.124 [https-jsse-nio-8443-exec-4] DEBUG o.s.security.web.FilterChainProxy - Securing GET /css/toast.css
14:01:25.124 [https-jsse-nio-8443-exec-3] DEBUG o.s.s.w.a.c.ChannelProcessingFilter - Request: filter invocation [GET /css/fonts.min.css]; ConfigAttributes: [REQUIRES_SECURE_CHANNEL]
14:01:25.124 [https-jsse-nio-8443-exec-4] DEBUG o.s.s.w.a.c.ChannelProcessingFilter - Request: filter invocation [GET /css/toast.css]; ConfigAttributes: [REQUIRES_SECURE_CHANNEL]
14:01:25.124 [https-jsse-nio-8443-exec-5] DEBUG o.s.security.web.FilterChainProxy - Secured GET /css/fontawesome.css
14:01:25.124 [https-jsse-nio-8443-exec-8] DEBUG o.s.security.web.FilterChainProxy - Secured GET /css/reset.css
14:01:25.124 [https-jsse-nio-8443-exec-7] DEBUG o.s.security.web.FilterChainProxy - Secured GET /css/bootstrap.min.css
14:01:25.124 [https-jsse-nio-8443-exec-3] DEBUG o.s.security.web.FilterChainProxy - Secured GET /css/fonts.min.css
14:01:25.124 [https-jsse-nio-8443-exec-4] DEBUG o.s.security.web.FilterChainProxy - Secured GET /css/toast.css
14:01:25.124 [https-jsse-nio-8443-exec-2] DEBUG o.s.security.web.FilterChainProxy - Securing GET /css/styles.css
14:01:25.124 [https-jsse-nio-8443-exec-2] DEBUG o.s.s.w.a.c.ChannelProcessingFilter - Request: filter invocation [GET /css/styles.css]; ConfigAttributes: [REQUIRES_SECURE_CHANNEL]
14:01:25.125 [https-jsse-nio-8443-exec-2] DEBUG o.s.security.web.FilterChainProxy - Secured GET /css/styles.css
14:01:25.126 [https-jsse-nio-8443-exec-8] DEBUG o.s.s.w.c.HttpSessionSecurityContextRepository - Retrieved SecurityContextImpl [Authentication=UsernamePasswordAuthenticationToken [Principal=ir.model.entity.CustomUserDetails@29c0617f, Credentials=[PROTECTED], Authenticated=true, Details=WebAuthenticationDetails [RemoteIpAddress=0:0:0:0:0:0:0:1, SessionId=null], Granted Authorities=[TICKET_EDIT, BUILDING_DELETE, TICKET_CHECK_SCORE, BUILDING_EDIT, BUILDING_CREATE, TICKET_CHECK_CLOSE, REPORT_VIEW, ROLE_ADMIN, TICKET_CREATE, TICKET_DELETE]]]
14:01:25.126 [https-jsse-nio-8443-exec-4] DEBUG o.s.s.w.c.HttpSessionSecurityContextRepository - Retrieved SecurityContextImpl [Authentication=UsernamePasswordAuthenticationToken [Principal=ir.model.entity.CustomUserDetails@29c0617f, Credentials=[PROTECTED], Authenticated=true, Details=WebAuthenticationDetails [RemoteIpAddress=0:0:0:0:0:0:0:1, SessionId=null], Granted Authorities=[TICKET_EDIT, BUILDING_DELETE, TICKET_CHECK_SCORE, BUILDING_EDIT, BUILDING_CREATE, TICKET_CHECK_CLOSE, REPORT_VIEW, ROLE_ADMIN, TICKET_CREATE, TICKET_DELETE]]]
14:01:25.126 [https-jsse-nio-8443-exec-3] DEBUG o.s.s.w.c.HttpSessionSecurityContextRepository - Retrieved SecurityContextImpl [Authentication=UsernamePasswordAuthenticationToken [Principal=ir.model.entity.CustomUserDetails@29c0617f, Credentials=[PROTECTED], Authenticated=true, Details=WebAuthenticationDetails [RemoteIpAddress=0:0:0:0:0:0:0:1, SessionId=null], Granted Authorities=[TICKET_EDIT, BUILDING_DELETE, TICKET_CHECK_SCORE, BUILDING_EDIT, BUILDING_CREATE, TICKET_CHECK_CLOSE, REPORT_VIEW, ROLE_ADMIN, TICKET_CREATE, TICKET_DELETE]]]
14:01:25.126 [https-jsse-nio-8443-exec-2] DEBUG o.s.s.w.c.HttpSessionSecurityContextRepository - Retrieved SecurityContextImpl [Authentication=UsernamePasswordAuthenticationToken [Principal=ir.model.entity.CustomUserDetails@29c0617f, Credentials=[PROTECTED], Authenticated=true, Details=WebAuthenticationDetails [RemoteIpAddress=0:0:0:0:0:0:0:1, SessionId=null], Granted Authorities=[TICKET_EDIT, BUILDING_DELETE, TICKET_CHECK_SCORE, BUILDING_EDIT, BUILDING_CREATE, TICKET_CHECK_CLOSE, REPORT_VIEW, ROLE_ADMIN, TICKET_CREATE, TICKET_DELETE]]]
14:01:25.128 [https-jsse-nio-8443-exec-1] DEBUG o.s.security.web.FilterChainProxy - Securing GET /js/bootstrap.bundle.min.js
14:01:25.128 [https-jsse-nio-8443-exec-6] DEBUG o.s.security.web.FilterChainProxy - Securing GET /icons/mftlogo.png
14:01:25.128 [https-jsse-nio-8443-exec-9] DEBUG o.s.security.web.FilterChainProxy - Securing GET /js/fontawesome.js
14:01:25.128 [https-jsse-nio-8443-exec-10] DEBUG o.s.security.web.FilterChainProxy - Securing GET /js/toast.js
14:01:25.129 [https-jsse-nio-8443-exec-6] DEBUG o.s.s.w.a.c.ChannelProcessingFilter - Request: filter invocation [GET /icons/mftlogo.png]; ConfigAttributes: [REQUIRES_SECURE_CHANNEL]
14:01:25.129 [https-jsse-nio-8443-exec-1] DEBUG o.s.s.w.a.c.ChannelProcessingFilter - Request: filter invocation [GET /js/bootstrap.bundle.min.js]; ConfigAttributes: [REQUIRES_SECURE_CHANNEL]
14:01:25.129 [https-jsse-nio-8443-exec-9] DEBUG o.s.s.w.a.c.ChannelProcessingFilter - Request: filter invocation [GET /js/fontawesome.js]; ConfigAttributes: [REQUIRES_SECURE_CHANNEL]
14:01:25.129 [https-jsse-nio-8443-exec-10] DEBUG o.s.s.w.a.c.ChannelProcessingFilter - Request: filter invocation [GET /js/toast.js]; ConfigAttributes: [REQUIRES_SECURE_CHANNEL]
14:01:25.129 [https-jsse-nio-8443-exec-1] DEBUG o.s.security.web.FilterChainProxy - Secured GET /js/bootstrap.bundle.min.js
14:01:25.129 [https-jsse-nio-8443-exec-10] DEBUG o.s.security.web.FilterChainProxy - Secured GET /js/toast.js
14:01:25.129 [https-jsse-nio-8443-exec-6] DEBUG o.s.security.web.FilterChainProxy - Secured GET /icons/mftlogo.png
14:01:25.129 [https-jsse-nio-8443-exec-9] DEBUG o.s.security.web.FilterChainProxy - Secured GET /js/fontawesome.js
14:01:25.130 [https-jsse-nio-8443-exec-10] DEBUG o.s.s.w.c.HttpSessionSecurityContextRepository - Retrieved SecurityContextImpl [Authentication=UsernamePasswordAuthenticationToken [Principal=ir.model.entity.CustomUserDetails@29c0617f, Credentials=[PROTECTED], Authenticated=true, Details=WebAuthenticationDetails [RemoteIpAddress=0:0:0:0:0:0:0:1, SessionId=null], Granted Authorities=[TICKET_EDIT, BUILDING_DELETE, TICKET_CHECK_SCORE, BUILDING_EDIT, BUILDING_CREATE, TICKET_CHECK_CLOSE, REPORT_VIEW, ROLE_ADMIN, TICKET_CREATE, TICKET_DELETE]]]
14:01:25.132 [https-jsse-nio-8443-exec-6] DEBUG o.s.s.w.c.HttpSessionSecurityContextRepository - Retrieved SecurityContextImpl [Authentication=UsernamePasswordAuthenticationToken [Principal=ir.model.entity.CustomUserDetails@29c0617f, Credentials=[PROTECTED], Authenticated=true, Details=WebAuthenticationDetails [RemoteIpAddress=0:0:0:0:0:0:0:1, SessionId=null], Granted Authorities=[TICKET_EDIT, BUILDING_DELETE, TICKET_CHECK_SCORE, BUILDING_EDIT, BUILDING_CREATE, TICKET_CHECK_CLOSE, REPORT_VIEW, ROLE_ADMIN, TICKET_CREATE, TICKET_DELETE]]]
14:01:25.132 [https-jsse-nio-8443-exec-8] DEBUG o.s.security.web.FilterChainProxy - Securing GET /js/script.js
14:01:25.133 [https-jsse-nio-8443-exec-8] DEBUG o.s.s.w.a.c.ChannelProcessingFilter - Request: filter invocation [GET /js/script.js]; ConfigAttributes: [REQUIRES_SECURE_CHANNEL]
14:01:25.133 [https-jsse-nio-8443-exec-8] DEBUG o.s.security.web.FilterChainProxy - Secured GET /js/script.js
14:01:25.134 [https-jsse-nio-8443-exec-4] DEBUG o.s.security.web.FilterChainProxy - Securing GET /js/roles-api.js
14:01:25.134 [https-jsse-nio-8443-exec-4] DEBUG o.s.s.w.a.c.ChannelProcessingFilter - Request: filter invocation [GET /js/roles-api.js]; ConfigAttributes: [REQUIRES_SECURE_CHANNEL]
14:01:25.134 [https-jsse-nio-8443-exec-4] DEBUG o.s.security.web.FilterChainProxy - Secured GET /js/roles-api.js
14:01:25.135 [https-jsse-nio-8443-exec-8] DEBUG o.s.s.w.c.HttpSessionSecurityContextRepository - Retrieved SecurityContextImpl [Authentication=UsernamePasswordAuthenticationToken [Principal=ir.model.entity.CustomUserDetails@29c0617f, Credentials=[PROTECTED], Authenticated=true, Details=WebAuthenticationDetails [RemoteIpAddress=0:0:0:0:0:0:0:1, SessionId=null], Granted Authorities=[TICKET_EDIT, BUILDING_DELETE, TICKET_CHECK_SCORE, BUILDING_EDIT, BUILDING_CREATE, TICKET_CHECK_CLOSE, REPORT_VIEW, ROLE_ADMIN, TICKET_CREATE, TICKET_DELETE]]]
14:01:25.137 [https-jsse-nio-8443-exec-1] DEBUG o.s.s.w.c.HttpSessionSecurityContextRepository - Retrieved SecurityContextImpl [Authentication=UsernamePasswordAuthenticationToken [Principal=ir.model.entity.CustomUserDetails@29c0617f, Credentials=[PROTECTED], Authenticated=true, Details=WebAuthenticationDetails [RemoteIpAddress=0:0:0:0:0:0:0:1, SessionId=null], Granted Authorities=[TICKET_EDIT, BUILDING_DELETE, TICKET_CHECK_SCORE, BUILDING_EDIT, BUILDING_CREATE, TICKET_CHECK_CLOSE, REPORT_VIEW, ROLE_ADMIN, TICKET_CREATE, TICKET_DELETE]]]
14:01:25.139 [https-jsse-nio-8443-exec-7] DEBUG o.s.s.w.c.HttpSessionSecurityContextRepository - Retrieved SecurityContextImpl [Authentication=UsernamePasswordAuthenticationToken [Principal=ir.model.entity.CustomUserDetails@29c0617f, Credentials=[PROTECTED], Authenticated=true, Details=WebAuthenticationDetails [RemoteIpAddress=0:0:0:0:0:0:0:1, SessionId=null], Granted Authorities=[TICKET_EDIT, BUILDING_DELETE, TICKET_CHECK_SCORE, BUILDING_EDIT, BUILDING_CREATE, TICKET_CHECK_CLOSE, REPORT_VIEW, ROLE_ADMIN, TICKET_CREATE, TICKET_DELETE]]]
14:01:25.150 [https-jsse-nio-8443-exec-5] DEBUG o.s.s.w.c.HttpSessionSecurityContextRepository - Retrieved SecurityContextImpl [Authentication=UsernamePasswordAuthenticationToken [Principal=ir.model.entity.CustomUserDetails@29c0617f, Credentials=[PROTECTED], Authenticated=true, Details=WebAuthenticationDetails [RemoteIpAddress=0:0:0:0:0:0:0:1, SessionId=null], Granted Authorities=[TICKET_EDIT, BUILDING_DELETE, TICKET_CHECK_SCORE, BUILDING_EDIT, BUILDING_CREATE, TICKET_CHECK_CLOSE, REPORT_VIEW, ROLE_ADMIN, TICKET_CREATE, TICKET_DELETE]]]
14:01:25.158 [https-jsse-nio-8443-exec-4] DEBUG o.s.s.w.c.HttpSessionSecurityContextRepository - Retrieved SecurityContextImpl [Authentication=UsernamePasswordAuthenticationToken [Principal=ir.model.entity.CustomUserDetails@29c0617f, Credentials=[PROTECTED], Authenticated=true, Details=WebAuthenticationDetails [RemoteIpAddress=0:0:0:0:0:0:0:1, SessionId=null], Granted Authorities=[TICKET_EDIT, BUILDING_DELETE, TICKET_CHECK_SCORE, BUILDING_EDIT, BUILDING_CREATE, TICKET_CHECK_CLOSE, REPORT_VIEW, ROLE_ADMIN, TICKET_CREATE, TICKET_DELETE]]]
14:01:25.182 [https-jsse-nio-8443-exec-2] DEBUG o.s.security.web.FilterChainProxy - Securing GET /webfonts/fa-brands-400.woff2
14:01:25.182 [https-jsse-nio-8443-exec-3] DEBUG o.s.security.web.FilterChainProxy - Securing GET /webfonts/fa-solid-900.woff2
14:01:25.182 [https-jsse-nio-8443-exec-3] DEBUG o.s.s.w.a.c.ChannelProcessingFilter - Request: filter invocation [GET /webfonts/fa-solid-900.woff2]; ConfigAttributes: [REQUIRES_SECURE_CHANNEL]
14:01:25.182 [https-jsse-nio-8443-exec-2] DEBUG o.s.s.w.a.c.ChannelProcessingFilter - Request: filter invocation [GET /webfonts/fa-brands-400.woff2]; ConfigAttributes: [REQUIRES_SECURE_CHANNEL]
14:01:25.183 [https-jsse-nio-8443-exec-2] DEBUG o.s.s.w.c.HttpSessionSecurityContextRepository - Retrieved SecurityContextImpl [Authentication=UsernamePasswordAuthenticationToken [Principal=ir.model.entity.CustomUserDetails@29c0617f, Credentials=[PROTECTED], Authenticated=true, Details=WebAuthenticationDetails [RemoteIpAddress=0:0:0:0:0:0:0:1, SessionId=null], Granted Authorities=[TICKET_EDIT, BUILDING_DELETE, TICKET_CHECK_SCORE, BUILDING_EDIT, BUILDING_CREATE, TICKET_CHECK_CLOSE, REPORT_VIEW, ROLE_ADMIN, TICKET_CREATE, TICKET_DELETE]]]
14:01:25.183 [https-jsse-nio-8443-exec-3] DEBUG o.s.s.w.c.HttpSessionSecurityContextRepository - Retrieved SecurityContextImpl [Authentication=UsernamePasswordAuthenticationToken [Principal=ir.model.entity.CustomUserDetails@29c0617f, Credentials=[PROTECTED], Authenticated=true, Details=WebAuthenticationDetails [RemoteIpAddress=0:0:0:0:0:0:0:1, SessionId=null], Granted Authorities=[TICKET_EDIT, BUILDING_DELETE, TICKET_CHECK_SCORE, BUILDING_EDIT, BUILDING_CREATE, TICKET_CHECK_CLOSE, REPORT_VIEW, ROLE_ADMIN, TICKET_CREATE, TICKET_DELETE]]]
14:01:25.183 [https-jsse-nio-8443-exec-2] DEBUG o.s.security.web.FilterChainProxy - Secured GET /webfonts/fa-brands-400.woff2
14:01:25.183 [https-jsse-nio-8443-exec-3] DEBUG o.s.security.web.FilterChainProxy - Secured GET /webfonts/fa-solid-900.woff2
14:01:25.635 [https-jsse-nio-8443-exec-9] DEBUG o.s.s.w.c.HttpSessionSecurityContextRepository - Retrieved SecurityContextImpl [Authentication=UsernamePasswordAuthenticationToken [Principal=ir.model.entity.CustomUserDetails@29c0617f, Credentials=[PROTECTED], Authenticated=true, Details=WebAuthenticationDetails [RemoteIpAddress=0:0:0:0:0:0:0:1, SessionId=null], Granted Authorities=[TICKET_EDIT, BUILDING_DELETE, TICKET_CHECK_SCORE, BUILDING_EDIT, BUILDING_CREATE, TICKET_CHECK_CLOSE, REPORT_VIEW, ROLE_ADMIN, TICKET_CREATE, TICKET_DELETE]]]
14:01:25.719 [https-jsse-nio-8443-exec-10] DEBUG o.s.security.web.FilterChainProxy - Securing GET /roles?page=0&size=10&fragment=true
14:01:25.720 [https-jsse-nio-8443-exec-10] DEBUG o.s.s.w.a.c.ChannelProcessingFilter - Request: filter invocation [GET /roles?page=0&size=10&fragment=true]; ConfigAttributes: [REQUIRES_SECURE_CHANNEL]
14:01:25.721 [https-jsse-nio-8443-exec-10] DEBUG o.s.s.w.c.HttpSessionSecurityContextRepository - Retrieved SecurityContextImpl [Authentication=UsernamePasswordAuthenticationToken [Principal=ir.model.entity.CustomUserDetails@29c0617f, Credentials=[PROTECTED], Authenticated=true, Details=WebAuthenticationDetails [RemoteIpAddress=0:0:0:0:0:0:0:1, SessionId=null], Granted Authorities=[TICKET_EDIT, BUILDING_DELETE, TICKET_CHECK_SCORE, BUILDING_EDIT, BUILDING_CREATE, TICKET_CHECK_CLOSE, REPORT_VIEW, ROLE_ADMIN, TICKET_CREATE, TICKET_DELETE]]]
14:01:25.722 [https-jsse-nio-8443-exec-10] DEBUG o.s.security.web.FilterChainProxy - Secured GET /roles?page=0&size=10&fragment=true
14:01:25.723 [https-jsse-nio-8443-exec-10] DEBUG o.s.jdbc.datasource.DataSourceUtils - Setting JDBC Connection [HikariProxyConnection@1131961946 wrapping oracle.jdbc.driver.T4CConnection@38419b4a] read-only
14:01:25.723 [https-jsse-nio-8443-exec-10] DEBUG o.h.e.t.internal.TransactionImpl - On TransactionImpl creation, JpaCompliance#isJpaTransactionComplianceEnabled == false
14:01:25.723 [https-jsse-nio-8443-exec-10] DEBUG o.h.e.t.internal.TransactionImpl - begin
14:01:25.723 [https-jsse-nio-8443-exec-10] DEBUG org.hibernate.SQL - 
    select
        u1_0.username,
        u1_0.account_non_expired,
        u1_0.account_non_locked,
        u1_0.credentials_expiry_date,
        u1_0.credentials_non_expired,
        u1_0.deleted,
        u1_0.enabled,
        u1_0.password,
        rs1_0.username,
        rs1_1.name,
        rs1_1.deleted,
        ps1_0.role_name,
        ps1_1.id,
        ps1_1.deleted,
        ps1_1.permission 
    from
        user_tbl u1_0 
    left join
        (user_role_tbl rs1_0 
    join
        role_tbl rs1_1 
            on rs1_1.name=rs1_0.role_name) 
        on u1_0.username=rs1_0.username 
        and ( rs1_1.deleted = 0) 
    left join
        (role_permission_tbl ps1_0 
    join
        permission_tbl ps1_1 
            on ps1_1.id=ps1_0.permission) 
        on rs1_1.name=ps1_0.role_name 
        and ( ps1_1.deleted = 0) 
    where
        u1_0.username=? 
        and (
            u1_0.deleted = 0
        )
14:01:25.723 [https-jsse-nio-8443-exec-10] TRACE org.hibernate.orm.jdbc.bind - binding parameter (1:VARCHAR) <- [ali]
14:01:25.724 [https-jsse-nio-8443-exec-10] TRACE org.hibernate.orm.jdbc.extract - extracted value (9:VARCHAR) -> [ali]
14:01:25.725 [https-jsse-nio-8443-exec-10] TRACE org.hibernate.orm.jdbc.extract - extracted value (10:VARCHAR) -> [ROLE_ADMIN]
14:01:25.725 [https-jsse-nio-8443-exec-10] TRACE org.hibernate.orm.jdbc.extract - extracted value (12:VARCHAR) -> [ROLE_ADMIN]
14:01:25.725 [https-jsse-nio-8443-exec-10] TRACE org.hibernate.orm.jdbc.extract - extracted value (13:BIGINT) -> [1]
14:01:25.725 [https-jsse-nio-8443-exec-10] TRACE org.hibernate.orm.jdbc.extract - extracted value (14:BOOLEAN) -> [false]
14:01:25.725 [https-jsse-nio-8443-exec-10] TRACE org.hibernate.orm.jdbc.extract - extracted value (15:VARCHAR) -> [TICKET_CREATE]
14:01:25.725 [https-jsse-nio-8443-exec-10] TRACE org.hibernate.orm.jdbc.extract - extracted value (11:BOOLEAN) -> [false]
14:01:25.726 [https-jsse-nio-8443-exec-10] TRACE org.hibernate.orm.jdbc.extract - extracted value (2:BOOLEAN) -> [true]
14:01:25.726 [https-jsse-nio-8443-exec-10] TRACE org.hibernate.orm.jdbc.extract - extracted value (3:BOOLEAN) -> [true]
14:01:25.726 [https-jsse-nio-8443-exec-10] TRACE org.hibernate.orm.jdbc.extract - extracted value (4:TIMESTAMP) -> [2026-08-03T18:03:44.737555]
14:01:25.726 [https-jsse-nio-8443-exec-10] TRACE org.hibernate.orm.jdbc.extract - extracted value (5:BOOLEAN) -> [true]
14:01:25.726 [https-jsse-nio-8443-exec-10] TRACE org.hibernate.orm.jdbc.extract - extracted value (6:BOOLEAN) -> [false]
14:01:25.726 [https-jsse-nio-8443-exec-10] TRACE org.hibernate.orm.jdbc.extract - extracted value (7:BOOLEAN) -> [true]
14:01:25.726 [https-jsse-nio-8443-exec-10] TRACE org.hibernate.orm.jdbc.extract - extracted value (8:VARCHAR) -> [$2a$12$zWjkkNI6AJKAxh71k9FGeekl8NyE861fVAn0dtmHT4Ve90RbP/.qO]
14:01:25.726 [https-jsse-nio-8443-exec-10] TRACE org.hibernate.orm.jdbc.extract - extracted value (10:VARCHAR) -> [ROLE_ADMIN]
14:01:25.726 [https-jsse-nio-8443-exec-10] TRACE org.hibernate.orm.jdbc.extract - extracted value (13:BIGINT) -> [2]
14:01:25.726 [https-jsse-nio-8443-exec-10] TRACE org.hibernate.orm.jdbc.extract - extracted value (14:BOOLEAN) -> [false]
14:01:25.726 [https-jsse-nio-8443-exec-10] TRACE org.hibernate.orm.jdbc.extract - extracted value (15:VARCHAR) -> [TICKET_EDIT]
14:01:25.726 [https-jsse-nio-8443-exec-10] TRACE org.hibernate.orm.jdbc.extract - extracted value (10:VARCHAR) -> [ROLE_ADMIN]
14:01:25.726 [https-jsse-nio-8443-exec-10] TRACE org.hibernate.orm.jdbc.extract - extracted value (13:BIGINT) -> [3]
14:01:25.726 [https-jsse-nio-8443-exec-10] TRACE org.hibernate.orm.jdbc.extract - extracted value (14:BOOLEAN) -> [false]
14:01:25.727 [https-jsse-nio-8443-exec-10] TRACE org.hibernate.orm.jdbc.extract - extracted value (15:VARCHAR) -> [TICKET_DELETE]
14:01:25.727 [https-jsse-nio-8443-exec-10] TRACE org.hibernate.orm.jdbc.extract - extracted value (10:VARCHAR) -> [ROLE_ADMIN]
14:01:25.727 [https-jsse-nio-8443-exec-10] TRACE org.hibernate.orm.jdbc.extract - extracted value (13:BIGINT) -> [4]
14:01:25.727 [https-jsse-nio-8443-exec-10] TRACE org.hibernate.orm.jdbc.extract - extracted value (14:BOOLEAN) -> [false]
14:01:25.727 [https-jsse-nio-8443-exec-10] TRACE org.hibernate.orm.jdbc.extract - extracted value (15:VARCHAR) -> [REPORT_VIEW]
14:01:25.727 [https-jsse-nio-8443-exec-10] TRACE org.hibernate.orm.jdbc.extract - extracted value (10:VARCHAR) -> [ROLE_ADMIN]
14:01:25.727 [https-jsse-nio-8443-exec-10] TRACE org.hibernate.orm.jdbc.extract - extracted value (13:BIGINT) -> [5]
14:01:25.727 [https-jsse-nio-8443-exec-10] TRACE org.hibernate.orm.jdbc.extract - extracted value (14:BOOLEAN) -> [false]
14:01:25.727 [https-jsse-nio-8443-exec-10] TRACE org.hibernate.orm.jdbc.extract - extracted value (15:VARCHAR) -> [TICKET_CHECK_SCORE]
14:01:25.727 [https-jsse-nio-8443-exec-10] TRACE org.hibernate.orm.jdbc.extract - extracted value (10:VARCHAR) -> [ROLE_ADMIN]
14:01:25.727 [https-jsse-nio-8443-exec-10] TRACE org.hibernate.orm.jdbc.extract - extracted value (13:BIGINT) -> [6]
14:01:25.727 [https-jsse-nio-8443-exec-10] TRACE org.hibernate.orm.jdbc.extract - extracted value (14:BOOLEAN) -> [false]
14:01:25.727 [https-jsse-nio-8443-exec-10] TRACE org.hibernate.orm.jdbc.extract - extracted value (15:VARCHAR) -> [TICKET_CHECK_CLOSE]
14:01:25.727 [https-jsse-nio-8443-exec-10] TRACE org.hibernate.orm.jdbc.extract - extracted value (10:VARCHAR) -> [ROLE_ADMIN]
14:01:25.727 [https-jsse-nio-8443-exec-10] TRACE org.hibernate.orm.jdbc.extract - extracted value (13:BIGINT) -> [7]
14:01:25.727 [https-jsse-nio-8443-exec-10] TRACE org.hibernate.orm.jdbc.extract - extracted value (14:BOOLEAN) -> [false]
14:01:25.727 [https-jsse-nio-8443-exec-10] TRACE org.hibernate.orm.jdbc.extract - extracted value (15:VARCHAR) -> [BUILDING_CREATE]
14:01:25.727 [https-jsse-nio-8443-exec-10] TRACE org.hibernate.orm.jdbc.extract - extracted value (10:VARCHAR) -> [ROLE_ADMIN]
14:01:25.727 [https-jsse-nio-8443-exec-10] TRACE org.hibernate.orm.jdbc.extract - extracted value (13:BIGINT) -> [8]
14:01:25.727 [https-jsse-nio-8443-exec-10] TRACE org.hibernate.orm.jdbc.extract - extracted value (14:BOOLEAN) -> [false]
14:01:25.727 [https-jsse-nio-8443-exec-10] TRACE org.hibernate.orm.jdbc.extract - extracted value (15:VARCHAR) -> [BUILDING_EDIT]
14:01:25.727 [https-jsse-nio-8443-exec-10] TRACE org.hibernate.orm.jdbc.extract - extracted value (10:VARCHAR) -> [ROLE_ADMIN]
14:01:25.727 [https-jsse-nio-8443-exec-10] TRACE org.hibernate.orm.jdbc.extract - extracted value (13:BIGINT) -> [9]
14:01:25.727 [https-jsse-nio-8443-exec-10] TRACE org.hibernate.orm.jdbc.extract - extracted value (14:BOOLEAN) -> [false]
14:01:25.727 [https-jsse-nio-8443-exec-10] TRACE org.hibernate.orm.jdbc.extract - extracted value (15:VARCHAR) -> [BUILDING_DELETE]
14:01:25.728 [https-jsse-nio-8443-exec-10] DEBUG o.h.e.t.internal.TransactionImpl - committing
14:01:25.728 [https-jsse-nio-8443-exec-10] DEBUG o.s.jdbc.datasource.DataSourceUtils - Resetting read-only flag of JDBC Connection [HikariProxyConnection@1131961946 wrapping oracle.jdbc.driver.T4CConnection@38419b4a]
14:01:25.730 [https-jsse-nio-8443-exec-10] DEBUG org.hibernate.SQL - 
    /* <criteria> */ select
        n1_0.id,
        n1_0.created_at,
        n1_0.is_read,
        n1_0.link,
        n1_0.message,
        n1_0.title,
        n1_0.username 
    from
        notification_table n1_0 
    where
        n1_0.username=? 
        and n1_0.is_read=0 
    order by
        n1_0.created_at desc 
    fetch
        first ? rows only
14:01:25.730 [https-jsse-nio-8443-exec-10] TRACE org.hibernate.orm.jdbc.bind - binding parameter (1:VARCHAR) <- [ali]
14:01:25.730 [https-jsse-nio-8443-exec-10] TRACE org.hibernate.orm.jdbc.bind - binding parameter (2:INTEGER) <- [5]
14:01:25.731 [https-jsse-nio-8443-exec-10] DEBUG org.hibernate.SQL - 
    /* <criteria> */ select
        count(n1_0.id) 
    from
        notification_table n1_0 
    where
        n1_0.username=? 
        and n1_0.is_read=0
14:01:25.731 [https-jsse-nio-8443-exec-10] TRACE org.hibernate.orm.jdbc.bind - binding parameter (1:VARCHAR) <- [ali]
14:01:25.732 [https-jsse-nio-8443-exec-10] TRACE org.hibernate.orm.jdbc.extract - extracted value (1:BIGINT) -> [0]
14:01:25.733 [https-jsse-nio-8443-exec-10] DEBUG org.hibernate.SQL - 
    /* <criteria> */ select
        count(t1_0.id) 
    from
        ticket_tbl t1_0 
    where
        (
            t1_0.deleted = 0
        ) 
        and t1_0.status=?
14:01:25.733 [https-jsse-nio-8443-exec-10] TRACE org.hibernate.orm.jdbc.bind - binding parameter (1:TINYINT) <- [NotSeen]
14:01:25.734 [https-jsse-nio-8443-exec-10] TRACE org.hibernate.orm.jdbc.extract - extracted value (1:BIGINT) -> [0]
14:01:25.734 [https-jsse-nio-8443-exec-10] INFO  i.c.exception.ResponseAspect - Web Controller: addNotifications
14:01:25.735 [https-jsse-nio-8443-exec-10] DEBUG o.s.s.a.m.AuthorizationManagerBeforeMethodInterceptor - Authorizing method invocation ReflectiveMethodInvocation: public java.lang.String ir.controller.web.RoleController.rolesList(int,int,java.lang.Boolean,org.springframework.ui.Model); target is of class [ir.controller.web.RoleController]
14:01:25.735 [https-jsse-nio-8443-exec-10] DEBUG o.s.s.a.m.AuthorizationManagerBeforeMethodInterceptor - Authorized method invocation ReflectiveMethodInvocation: public java.lang.String ir.controller.web.RoleController.rolesList(int,int,java.lang.Boolean,org.springframework.ui.Model); target is of class [ir.controller.web.RoleController]
14:01:25.735 [https-jsse-nio-8443-exec-10] DEBUG o.s.jdbc.datasource.DataSourceUtils - Setting JDBC Connection [HikariProxyConnection@1131961946 wrapping oracle.jdbc.driver.T4CConnection@38419b4a] read-only
14:01:25.735 [https-jsse-nio-8443-exec-10] DEBUG o.h.e.t.internal.TransactionImpl - begin
14:01:25.736 [https-jsse-nio-8443-exec-10] DEBUG org.hibernate.SQL - 
    /* <criteria> */ select
        r1_0.name,
        r1_0.deleted 
    from
        role_tbl r1_0 
    where
        (
            r1_0.deleted = 0
        ) 
    order by
        r1_0.name 
    offset
        ? rows 
    fetch
        first ? rows only
14:01:25.736 [https-jsse-nio-8443-exec-10] TRACE org.hibernate.orm.jdbc.bind - binding parameter (1:INTEGER) <- [0]
14:01:25.736 [https-jsse-nio-8443-exec-10] TRACE org.hibernate.orm.jdbc.bind - binding parameter (2:INTEGER) <- [10]
14:01:25.736 [https-jsse-nio-8443-exec-10] TRACE org.hibernate.orm.jdbc.extract - extracted value (1:VARCHAR) -> [ROLE_ADMIN]
14:01:25.736 [https-jsse-nio-8443-exec-10] TRACE org.hibernate.orm.jdbc.extract - extracted value (1:VARCHAR) -> [ROLE_CUSTOMER]
14:01:25.736 [https-jsse-nio-8443-exec-10] TRACE org.hibernate.orm.jdbc.extract - extracted value (2:BOOLEAN) -> [false]
14:01:25.737 [https-jsse-nio-8443-exec-10] TRACE org.hibernate.orm.jdbc.extract - extracted value (1:VARCHAR) -> [ROLE_MANAGER]
14:01:25.737 [https-jsse-nio-8443-exec-10] TRACE org.hibernate.orm.jdbc.extract - extracted value (2:BOOLEAN) -> [false]
14:01:25.737 [https-jsse-nio-8443-exec-10] DEBUG org.hibernate.SQL - 
    select
        ps1_0.role_name,
        ps1_1.id,
        ps1_1.deleted,
        ps1_1.permission 
    from
        role_permission_tbl ps1_0 
    join
        permission_tbl ps1_1 
            on ps1_1.id=ps1_0.permission 
    where
        ps1_0.role_name=? 
        and (
            ps1_1.deleted = 0
        )
14:01:25.737 [https-jsse-nio-8443-exec-10] TRACE org.hibernate.orm.jdbc.bind - binding parameter (1:VARCHAR) <- [ROLE_MANAGER]
14:01:25.737 [https-jsse-nio-8443-exec-10] TRACE org.hibernate.orm.jdbc.extract - extracted value (1:VARCHAR) -> [ROLE_MANAGER]
14:01:25.737 [https-jsse-nio-8443-exec-10] TRACE org.hibernate.orm.jdbc.extract - extracted value (2:BIGINT) -> [2]
14:01:25.737 [https-jsse-nio-8443-exec-10] TRACE org.hibernate.orm.jdbc.extract - extracted value (1:VARCHAR) -> [ROLE_MANAGER]
14:01:25.737 [https-jsse-nio-8443-exec-10] TRACE org.hibernate.orm.jdbc.extract - extracted value (2:BIGINT) -> [7]
14:01:25.737 [https-jsse-nio-8443-exec-10] TRACE org.hibernate.orm.jdbc.extract - extracted value (1:VARCHAR) -> [ROLE_MANAGER]
14:01:25.737 [https-jsse-nio-8443-exec-10] TRACE org.hibernate.orm.jdbc.extract - extracted value (2:BIGINT) -> [8]
14:01:25.738 [https-jsse-nio-8443-exec-10] TRACE org.hibernate.orm.jdbc.extract - extracted value (1:VARCHAR) -> [ROLE_MANAGER]
14:01:25.738 [https-jsse-nio-8443-exec-10] TRACE org.hibernate.orm.jdbc.extract - extracted value (2:BIGINT) -> [9]
14:01:25.738 [https-jsse-nio-8443-exec-10] DEBUG org.hibernate.SQL - 
    select
        ps1_0.role_name,
        ps1_1.id,
        ps1_1.deleted,
        ps1_1.permission 
    from
        role_permission_tbl ps1_0 
    join
        permission_tbl ps1_1 
            on ps1_1.id=ps1_0.permission 
    where
        ps1_0.role_name=? 
        and (
            ps1_1.deleted = 0
        )
14:01:25.738 [https-jsse-nio-8443-exec-10] TRACE org.hibernate.orm.jdbc.bind - binding parameter (1:VARCHAR) <- [ROLE_CUSTOMER]
14:01:25.738 [https-jsse-nio-8443-exec-10] TRACE org.hibernate.orm.jdbc.extract - extracted value (1:VARCHAR) -> [ROLE_CUSTOMER]
14:01:25.738 [https-jsse-nio-8443-exec-10] TRACE org.hibernate.orm.jdbc.extract - extracted value (2:BIGINT) -> [1]
14:01:25.739 [https-jsse-nio-8443-exec-10] DEBUG o.h.e.t.internal.TransactionImpl - committing
14:01:25.739 [https-jsse-nio-8443-exec-10] DEBUG o.s.jdbc.datasource.DataSourceUtils - Resetting read-only flag of JDBC Connection [HikariProxyConnection@1131961946 wrapping oracle.jdbc.driver.T4CConnection@38419b4a]
14:01:25.739 [https-jsse-nio-8443-exec-10] INFO  i.c.exception.ResponseAspect - Web Controller: rolesList
14:01:25.765 [scheduling-1] DEBUG o.h.e.t.internal.TransactionImpl - On TransactionImpl creation, JpaCompliance#isJpaTransactionComplianceEnabled == false
14:01:25.765 [scheduling-1] DEBUG o.h.e.t.internal.TransactionImpl - begin
14:01:25.766 [scheduling-1] DEBUG org.hibernate.SQL - 
    /* <criteria> */ select
        oe1_0.id,
        oe1_0.aggregate_id,
        oe1_0.aggregate_type,
        oe1_0.created_at,
        oe1_0.deleted,
        oe1_0.event_type,
        oe1_0.payload,
        oe1_0.published 
    from
        outbox_tbl oe1_0 
    where
        (
            oe1_0.deleted = 0
        ) 
        and oe1_0.published=0 
    order by
        oe1_0.created_at
14:01:25.767 [scheduling-1] DEBUG o.h.e.t.internal.TransactionImpl - committing
14:01:26.185 [https-jsse-nio-8443-exec-6] DEBUG o.s.security.web.FilterChainProxy - Securing GET /permissions
14:01:26.185 [https-jsse-nio-8443-exec-6] DEBUG o.s.s.w.a.c.ChannelProcessingFilter - Request: filter invocation [GET /permissions]; ConfigAttributes: [REQUIRES_SECURE_CHANNEL]
14:01:26.186 [https-jsse-nio-8443-exec-6] DEBUG o.s.s.w.c.HttpSessionSecurityContextRepository - Retrieved SecurityContextImpl [Authentication=UsernamePasswordAuthenticationToken [Principal=ir.model.entity.CustomUserDetails@29c0617f, Credentials=[PROTECTED], Authenticated=true, Details=WebAuthenticationDetails [RemoteIpAddress=0:0:0:0:0:0:0:1, SessionId=null], Granted Authorities=[TICKET_EDIT, BUILDING_DELETE, TICKET_CHECK_SCORE, BUILDING_EDIT, BUILDING_CREATE, TICKET_CHECK_CLOSE, REPORT_VIEW, ROLE_ADMIN, TICKET_CREATE, TICKET_DELETE]]]
14:01:26.186 [https-jsse-nio-8443-exec-6] DEBUG o.s.security.web.FilterChainProxy - Secured GET /permissions
14:01:26.187 [https-jsse-nio-8443-exec-6] DEBUG o.s.jdbc.datasource.DataSourceUtils - Setting JDBC Connection [HikariProxyConnection@1146296713 wrapping oracle.jdbc.driver.T4CConnection@38419b4a] read-only
14:01:26.187 [https-jsse-nio-8443-exec-6] DEBUG o.h.e.t.internal.TransactionImpl - On TransactionImpl creation, JpaCompliance#isJpaTransactionComplianceEnabled == false
14:01:26.187 [https-jsse-nio-8443-exec-6] DEBUG o.h.e.t.internal.TransactionImpl - begin
14:01:26.188 [https-jsse-nio-8443-exec-6] DEBUG org.hibernate.SQL - 
    select
        u1_0.username,
        u1_0.account_non_expired,
        u1_0.account_non_locked,
        u1_0.credentials_expiry_date,
        u1_0.credentials_non_expired,
        u1_0.deleted,
        u1_0.enabled,
        u1_0.password,
        rs1_0.username,
        rs1_1.name,
        rs1_1.deleted,
        ps1_0.role_name,
        ps1_1.id,
        ps1_1.deleted,
        ps1_1.permission 
    from
        user_tbl u1_0 
    left join
        (user_role_tbl rs1_0 
    join
        role_tbl rs1_1 
            on rs1_1.name=rs1_0.role_name) 
        on u1_0.username=rs1_0.username 
        and ( rs1_1.deleted = 0) 
    left join
        (role_permission_tbl ps1_0 
    join
        permission_tbl ps1_1 
            on ps1_1.id=ps1_0.permission) 
        on rs1_1.name=ps1_0.role_name 
        and ( ps1_1.deleted = 0) 
    where
        u1_0.username=? 
        and (
            u1_0.deleted = 0
        )
14:01:26.188 [https-jsse-nio-8443-exec-6] TRACE org.hibernate.orm.jdbc.bind - binding parameter (1:VARCHAR) <- [ali]
14:01:26.189 [https-jsse-nio-8443-exec-6] TRACE org.hibernate.orm.jdbc.extract - extracted value (9:VARCHAR) -> [ali]
14:01:26.189 [https-jsse-nio-8443-exec-6] TRACE org.hibernate.orm.jdbc.extract - extracted value (10:VARCHAR) -> [ROLE_ADMIN]
14:01:26.189 [https-jsse-nio-8443-exec-6] TRACE org.hibernate.orm.jdbc.extract - extracted value (12:VARCHAR) -> [ROLE_ADMIN]
14:01:26.189 [https-jsse-nio-8443-exec-6] TRACE org.hibernate.orm.jdbc.extract - extracted value (13:BIGINT) -> [1]
14:01:26.189 [https-jsse-nio-8443-exec-6] TRACE org.hibernate.orm.jdbc.extract - extracted value (14:BOOLEAN) -> [false]
14:01:26.189 [https-jsse-nio-8443-exec-6] TRACE org.hibernate.orm.jdbc.extract - extracted value (15:VARCHAR) -> [TICKET_CREATE]
14:01:26.189 [https-jsse-nio-8443-exec-6] TRACE org.hibernate.orm.jdbc.extract - extracted value (11:BOOLEAN) -> [false]
14:01:26.189 [https-jsse-nio-8443-exec-6] TRACE org.hibernate.orm.jdbc.extract - extracted value (2:BOOLEAN) -> [true]
14:01:26.189 [https-jsse-nio-8443-exec-6] TRACE org.hibernate.orm.jdbc.extract - extracted value (3:BOOLEAN) -> [true]
14:01:26.190 [https-jsse-nio-8443-exec-6] TRACE org.hibernate.orm.jdbc.extract - extracted value (4:TIMESTAMP) -> [2026-08-03T18:03:44.737555]
14:01:26.190 [https-jsse-nio-8443-exec-6] TRACE org.hibernate.orm.jdbc.extract - extracted value (5:BOOLEAN) -> [true]
14:01:26.190 [https-jsse-nio-8443-exec-6] TRACE org.hibernate.orm.jdbc.extract - extracted value (6:BOOLEAN) -> [false]
14:01:26.190 [https-jsse-nio-8443-exec-6] TRACE org.hibernate.orm.jdbc.extract - extracted value (7:BOOLEAN) -> [true]
14:01:26.190 [https-jsse-nio-8443-exec-6] TRACE org.hibernate.orm.jdbc.extract - extracted value (8:VARCHAR) -> [$2a$12$zWjkkNI6AJKAxh71k9FGeekl8NyE861fVAn0dtmHT4Ve90RbP/.qO]
14:01:26.190 [https-jsse-nio-8443-exec-6] TRACE org.hibernate.orm.jdbc.extract - extracted value (10:VARCHAR) -> [ROLE_ADMIN]
14:01:26.190 [https-jsse-nio-8443-exec-6] TRACE org.hibernate.orm.jdbc.extract - extracted value (13:BIGINT) -> [2]
14:01:26.190 [https-jsse-nio-8443-exec-6] TRACE org.hibernate.orm.jdbc.extract - extracted value (14:BOOLEAN) -> [false]
14:01:26.190 [https-jsse-nio-8443-exec-6] TRACE org.hibernate.orm.jdbc.extract - extracted value (15:VARCHAR) -> [TICKET_EDIT]
14:01:26.190 [https-jsse-nio-8443-exec-6] TRACE org.hibernate.orm.jdbc.extract - extracted value (10:VARCHAR) -> [ROLE_ADMIN]
14:01:26.190 [https-jsse-nio-8443-exec-6] TRACE org.hibernate.orm.jdbc.extract - extracted value (13:BIGINT) -> [3]
14:01:26.190 [https-jsse-nio-8443-exec-6] TRACE org.hibernate.orm.jdbc.extract - extracted value (14:BOOLEAN) -> [false]
14:01:26.190 [https-jsse-nio-8443-exec-6] TRACE org.hibernate.orm.jdbc.extract - extracted value (15:VARCHAR) -> [TICKET_DELETE]
14:01:26.190 [https-jsse-nio-8443-exec-6] TRACE org.hibernate.orm.jdbc.extract - extracted value (10:VARCHAR) -> [ROLE_ADMIN]
14:01:26.190 [https-jsse-nio-8443-exec-6] TRACE org.hibernate.orm.jdbc.extract - extracted value (13:BIGINT) -> [4]
14:01:26.190 [https-jsse-nio-8443-exec-6] TRACE org.hibernate.orm.jdbc.extract - extracted value (14:BOOLEAN) -> [false]
14:01:26.191 [https-jsse-nio-8443-exec-6] TRACE org.hibernate.orm.jdbc.extract - extracted value (15:VARCHAR) -> [REPORT_VIEW]
14:01:26.191 [https-jsse-nio-8443-exec-6] TRACE org.hibernate.orm.jdbc.extract - extracted value (10:VARCHAR) -> [ROLE_ADMIN]
14:01:26.191 [https-jsse-nio-8443-exec-6] TRACE org.hibernate.orm.jdbc.extract - extracted value (13:BIGINT) -> [5]
14:01:26.191 [https-jsse-nio-8443-exec-6] TRACE org.hibernate.orm.jdbc.extract - extracted value (14:BOOLEAN) -> [false]
14:01:26.191 [https-jsse-nio-8443-exec-6] TRACE org.hibernate.orm.jdbc.extract - extracted value (15:VARCHAR) -> [TICKET_CHECK_SCORE]
14:01:26.191 [https-jsse-nio-8443-exec-6] TRACE org.hibernate.orm.jdbc.extract - extracted value (10:VARCHAR) -> [ROLE_ADMIN]
14:01:26.191 [https-jsse-nio-8443-exec-6] TRACE org.hibernate.orm.jdbc.extract - extracted value (13:BIGINT) -> [6]
14:01:26.191 [https-jsse-nio-8443-exec-6] TRACE org.hibernate.orm.jdbc.extract - extracted value (14:BOOLEAN) -> [false]
14:01:26.191 [https-jsse-nio-8443-exec-6] TRACE org.hibernate.orm.jdbc.extract - extracted value (15:VARCHAR) -> [TICKET_CHECK_CLOSE]
14:01:26.191 [https-jsse-nio-8443-exec-6] TRACE org.hibernate.orm.jdbc.extract - extracted value (10:VARCHAR) -> [ROLE_ADMIN]
14:01:26.191 [https-jsse-nio-8443-exec-6] TRACE org.hibernate.orm.jdbc.extract - extracted value (13:BIGINT) -> [7]
14:01:26.191 [https-jsse-nio-8443-exec-6] TRACE org.hibernate.orm.jdbc.extract - extracted value (14:BOOLEAN) -> [false]
14:01:26.191 [https-jsse-nio-8443-exec-6] TRACE org.hibernate.orm.jdbc.extract - extracted value (15:VARCHAR) -> [BUILDING_CREATE]
14:01:26.191 [https-jsse-nio-8443-exec-6] TRACE org.hibernate.orm.jdbc.extract - extracted value (10:VARCHAR) -> [ROLE_ADMIN]
14:01:26.191 [https-jsse-nio-8443-exec-6] TRACE org.hibernate.orm.jdbc.extract - extracted value (13:BIGINT) -> [8]
14:01:26.192 [https-jsse-nio-8443-exec-6] TRACE org.hibernate.orm.jdbc.extract - extracted value (14:BOOLEAN) -> [false]
14:01:26.192 [https-jsse-nio-8443-exec-6] TRACE org.hibernate.orm.jdbc.extract - extracted value (15:VARCHAR) -> [BUILDING_EDIT]
14:01:26.192 [https-jsse-nio-8443-exec-6] TRACE org.hibernate.orm.jdbc.extract - extracted value (10:VARCHAR) -> [ROLE_ADMIN]
14:01:26.192 [https-jsse-nio-8443-exec-6] TRACE org.hibernate.orm.jdbc.extract - extracted value (13:BIGINT) -> [9]
14:01:26.192 [https-jsse-nio-8443-exec-6] TRACE org.hibernate.orm.jdbc.extract - extracted value (14:BOOLEAN) -> [false]
14:01:26.192 [https-jsse-nio-8443-exec-6] TRACE org.hibernate.orm.jdbc.extract - extracted value (15:VARCHAR) -> [BUILDING_DELETE]
14:01:26.192 [https-jsse-nio-8443-exec-6] DEBUG o.h.e.t.internal.TransactionImpl - committing
14:01:26.192 [https-jsse-nio-8443-exec-6] DEBUG o.s.jdbc.datasource.DataSourceUtils - Resetting read-only flag of JDBC Connection [HikariProxyConnection@1146296713 wrapping oracle.jdbc.driver.T4CConnection@38419b4a]
14:01:26.193 [https-jsse-nio-8443-exec-6] DEBUG org.hibernate.SQL - 
    /* <criteria> */ select
        n1_0.id,
        n1_0.created_at,
        n1_0.is_read,
        n1_0.link,
        n1_0.message,
        n1_0.title,
        n1_0.username 
    from
        notification_table n1_0 
    where
        n1_0.username=? 
        and n1_0.is_read=0 
    order by
        n1_0.created_at desc 
    fetch
        first ? rows only
14:01:26.193 [https-jsse-nio-8443-exec-6] TRACE org.hibernate.orm.jdbc.bind - binding parameter (1:VARCHAR) <- [ali]
14:01:26.193 [https-jsse-nio-8443-exec-6] TRACE org.hibernate.orm.jdbc.bind - binding parameter (2:INTEGER) <- [5]
14:01:26.194 [https-jsse-nio-8443-exec-6] DEBUG org.hibernate.SQL - 
    /* <criteria> */ select
        count(n1_0.id) 
    from
        notification_table n1_0 
    where
        n1_0.username=? 
        and n1_0.is_read=0
14:01:26.194 [https-jsse-nio-8443-exec-6] TRACE org.hibernate.orm.jdbc.bind - binding parameter (1:VARCHAR) <- [ali]
14:01:26.195 [https-jsse-nio-8443-exec-6] TRACE org.hibernate.orm.jdbc.extract - extracted value (1:BIGINT) -> [0]
14:01:26.195 [https-jsse-nio-8443-exec-6] DEBUG org.hibernate.SQL - 
    /* <criteria> */ select
        count(t1_0.id) 
    from
        ticket_tbl t1_0 
    where
        (
            t1_0.deleted = 0
        ) 
        and t1_0.status=?
14:01:26.195 [https-jsse-nio-8443-exec-6] TRACE org.hibernate.orm.jdbc.bind - binding parameter (1:TINYINT) <- [NotSeen]
14:01:26.196 [https-jsse-nio-8443-exec-6] TRACE org.hibernate.orm.jdbc.extract - extracted value (1:BIGINT) -> [0]
14:01:26.196 [https-jsse-nio-8443-exec-6] INFO  i.c.exception.ResponseAspect - Web Controller: addNotifications
14:01:26.196 [https-jsse-nio-8443-exec-6] DEBUG o.s.s.a.m.AuthorizationManagerBeforeMethodInterceptor - Authorizing method invocation ReflectiveMethodInvocation: public java.lang.String ir.controller.web.PermissionController.listPermissions(int,int,java.lang.Boolean,org.springframework.ui.Model); target is of class [ir.controller.web.PermissionController]
14:01:26.197 [https-jsse-nio-8443-exec-6] DEBUG o.s.s.a.m.AuthorizationManagerBeforeMethodInterceptor - Authorized method invocation ReflectiveMethodInvocation: public java.lang.String ir.controller.web.PermissionController.listPermissions(int,int,java.lang.Boolean,org.springframework.ui.Model); target is of class [ir.controller.web.PermissionController]
14:01:26.197 [https-jsse-nio-8443-exec-6] DEBUG o.s.jdbc.datasource.DataSourceUtils - Setting JDBC Connection [HikariProxyConnection@1146296713 wrapping oracle.jdbc.driver.T4CConnection@38419b4a] read-only
14:01:26.197 [https-jsse-nio-8443-exec-6] DEBUG o.h.e.t.internal.TransactionImpl - begin
14:01:26.198 [https-jsse-nio-8443-exec-6] DEBUG org.hibernate.SQL - 
    /* <criteria> */ select
        p1_0.id,
        p1_0.deleted,
        p1_0.permission 
    from
        permission_tbl p1_0 
    where
        (
            p1_0.deleted = 0
        ) 
    order by
        p1_0.permission 
    offset
        ? rows 
    fetch
        first ? rows only
14:01:26.199 [https-jsse-nio-8443-exec-6] TRACE org.hibernate.orm.jdbc.bind - binding parameter (1:INTEGER) <- [0]
14:01:26.199 [https-jsse-nio-8443-exec-6] TRACE org.hibernate.orm.jdbc.bind - binding parameter (2:INTEGER) <- [10]
14:01:26.211 [https-jsse-nio-8443-exec-6] TRACE org.hibernate.orm.jdbc.extract - extracted value (1:BIGINT) -> [7]
14:01:26.212 [https-jsse-nio-8443-exec-6] TRACE org.hibernate.orm.jdbc.extract - extracted value (1:BIGINT) -> [9]
14:01:26.212 [https-jsse-nio-8443-exec-6] TRACE org.hibernate.orm.jdbc.extract - extracted value (1:BIGINT) -> [8]
14:01:26.212 [https-jsse-nio-8443-exec-6] TRACE org.hibernate.orm.jdbc.extract - extracted value (1:BIGINT) -> [4]
14:01:26.212 [https-jsse-nio-8443-exec-6] TRACE org.hibernate.orm.jdbc.extract - extracted value (1:BIGINT) -> [6]
14:01:26.212 [https-jsse-nio-8443-exec-6] TRACE org.hibernate.orm.jdbc.extract - extracted value (1:BIGINT) -> [5]
14:01:26.212 [https-jsse-nio-8443-exec-6] TRACE org.hibernate.orm.jdbc.extract - extracted value (1:BIGINT) -> [1]
14:01:26.212 [https-jsse-nio-8443-exec-6] TRACE org.hibernate.orm.jdbc.extract - extracted value (1:BIGINT) -> [3]
14:01:26.212 [https-jsse-nio-8443-exec-6] TRACE org.hibernate.orm.jdbc.extract - extracted value (1:BIGINT) -> [2]
14:01:26.212 [https-jsse-nio-8443-exec-6] DEBUG o.h.e.t.internal.TransactionImpl - committing
14:01:26.212 [https-jsse-nio-8443-exec-6] DEBUG o.s.jdbc.datasource.DataSourceUtils - Resetting read-only flag of JDBC Connection [HikariProxyConnection@1146296713 wrapping oracle.jdbc.driver.T4CConnection@38419b4a]
14:01:26.212 [https-jsse-nio-8443-exec-6] INFO  i.c.exception.ResponseAspect - Web Controller: listPermissions
14:01:26.262 [https-jsse-nio-8443-exec-8] DEBUG o.s.security.web.FilterChainProxy - Securing GET /css/reset.css
14:01:26.262 [https-jsse-nio-8443-exec-8] DEBUG o.s.s.w.a.c.ChannelProcessingFilter - Request: filter invocation [GET /css/reset.css]; ConfigAttributes: [REQUIRES_SECURE_CHANNEL]
14:01:26.262 [https-jsse-nio-8443-exec-8] DEBUG o.s.security.web.FilterChainProxy - Secured GET /css/reset.css
14:01:26.264 [https-jsse-nio-8443-exec-8] DEBUG o.s.s.w.c.HttpSessionSecurityContextRepository - Retrieved SecurityContextImpl [Authentication=UsernamePasswordAuthenticationToken [Principal=ir.model.entity.CustomUserDetails@29c0617f, Credentials=[PROTECTED], Authenticated=true, Details=WebAuthenticationDetails [RemoteIpAddress=0:0:0:0:0:0:0:1, SessionId=null], Granted Authorities=[TICKET_EDIT, BUILDING_DELETE, TICKET_CHECK_SCORE, BUILDING_EDIT, BUILDING_CREATE, TICKET_CHECK_CLOSE, REPORT_VIEW, ROLE_ADMIN, TICKET_CREATE, TICKET_DELETE]]]
14:01:26.267 [https-jsse-nio-8443-exec-7] DEBUG o.s.security.web.FilterChainProxy - Securing GET /css/fontawesome.css
14:01:26.267 [https-jsse-nio-8443-exec-4] DEBUG o.s.security.web.FilterChainProxy - Securing GET /css/toast.css
14:01:26.267 [https-jsse-nio-8443-exec-1] DEBUG o.s.security.web.FilterChainProxy - Securing GET /css/bootstrap.min.css
14:01:26.267 [https-jsse-nio-8443-exec-5] DEBUG o.s.security.web.FilterChainProxy - Securing GET /css/fonts.min.css
14:01:26.267 [https-jsse-nio-8443-exec-7] DEBUG o.s.s.w.a.c.ChannelProcessingFilter - Request: filter invocation [GET /css/fontawesome.css]; ConfigAttributes: [REQUIRES_SECURE_CHANNEL]
14:01:26.267 [https-jsse-nio-8443-exec-4] DEBUG o.s.s.w.a.c.ChannelProcessingFilter - Request: filter invocation [GET /css/toast.css]; ConfigAttributes: [REQUIRES_SECURE_CHANNEL]
14:01:26.267 [https-jsse-nio-8443-exec-5] DEBUG o.s.s.w.a.c.ChannelProcessingFilter - Request: filter invocation [GET /css/fonts.min.css]; ConfigAttributes: [REQUIRES_SECURE_CHANNEL]
14:01:26.267 [https-jsse-nio-8443-exec-1] DEBUG o.s.s.w.a.c.ChannelProcessingFilter - Request: filter invocation [GET /css/bootstrap.min.css]; ConfigAttributes: [REQUIRES_SECURE_CHANNEL]
14:01:26.268 [https-jsse-nio-8443-exec-7] DEBUG o.s.security.web.FilterChainProxy - Secured GET /css/fontawesome.css
14:01:26.268 [https-jsse-nio-8443-exec-5] DEBUG o.s.security.web.FilterChainProxy - Secured GET /css/fonts.min.css
14:01:26.268 [https-jsse-nio-8443-exec-1] DEBUG o.s.security.web.FilterChainProxy - Secured GET /css/bootstrap.min.css
14:01:26.268 [https-jsse-nio-8443-exec-4] DEBUG o.s.security.web.FilterChainProxy - Secured GET /css/toast.css
14:01:26.268 [https-jsse-nio-8443-exec-2] DEBUG o.s.security.web.FilterChainProxy - Securing GET /css/styles.css
14:01:26.268 [https-jsse-nio-8443-exec-2] DEBUG o.s.s.w.a.c.ChannelProcessingFilter - Request: filter invocation [GET /css/styles.css]; ConfigAttributes: [REQUIRES_SECURE_CHANNEL]
14:01:26.269 [https-jsse-nio-8443-exec-2] DEBUG o.s.security.web.FilterChainProxy - Secured GET /css/styles.css
14:01:26.269 [https-jsse-nio-8443-exec-4] DEBUG o.s.s.w.c.HttpSessionSecurityContextRepository - Retrieved SecurityContextImpl [Authentication=UsernamePasswordAuthenticationToken [Principal=ir.model.entity.CustomUserDetails@29c0617f, Credentials=[PROTECTED], Authenticated=true, Details=WebAuthenticationDetails [RemoteIpAddress=0:0:0:0:0:0:0:1, SessionId=null], Granted Authorities=[TICKET_EDIT, BUILDING_DELETE, TICKET_CHECK_SCORE, BUILDING_EDIT, BUILDING_CREATE, TICKET_CHECK_CLOSE, REPORT_VIEW, ROLE_ADMIN, TICKET_CREATE, TICKET_DELETE]]]
14:01:26.270 [https-jsse-nio-8443-exec-5] DEBUG o.s.s.w.c.HttpSessionSecurityContextRepository - Retrieved SecurityContextImpl [Authentication=UsernamePasswordAuthenticationToken [Principal=ir.model.entity.CustomUserDetails@29c0617f, Credentials=[PROTECTED], Authenticated=true, Details=WebAuthenticationDetails [RemoteIpAddress=0:0:0:0:0:0:0:1, SessionId=null], Granted Authorities=[TICKET_EDIT, BUILDING_DELETE, TICKET_CHECK_SCORE, BUILDING_EDIT, BUILDING_CREATE, TICKET_CHECK_CLOSE, REPORT_VIEW, ROLE_ADMIN, TICKET_CREATE, TICKET_DELETE]]]
14:01:26.270 [https-jsse-nio-8443-exec-3] DEBUG o.s.security.web.FilterChainProxy - Securing GET /icons/mftlogo.png
14:01:26.270 [https-jsse-nio-8443-exec-3] DEBUG o.s.s.w.a.c.ChannelProcessingFilter - Request: filter invocation [GET /icons/mftlogo.png]; ConfigAttributes: [REQUIRES_SECURE_CHANNEL]
14:01:26.270 [https-jsse-nio-8443-exec-2] DEBUG o.s.s.w.c.HttpSessionSecurityContextRepository - Retrieved SecurityContextImpl [Authentication=UsernamePasswordAuthenticationToken [Principal=ir.model.entity.CustomUserDetails@29c0617f, Credentials=[PROTECTED], Authenticated=true, Details=WebAuthenticationDetails [RemoteIpAddress=0:0:0:0:0:0:0:1, SessionId=null], Granted Authorities=[TICKET_EDIT, BUILDING_DELETE, TICKET_CHECK_SCORE, BUILDING_EDIT, BUILDING_CREATE, TICKET_CHECK_CLOSE, REPORT_VIEW, ROLE_ADMIN, TICKET_CREATE, TICKET_DELETE]]]
14:01:26.271 [https-jsse-nio-8443-exec-3] DEBUG o.s.security.web.FilterChainProxy - Secured GET /icons/mftlogo.png
14:01:26.272 [https-jsse-nio-8443-exec-9] DEBUG o.s.security.web.FilterChainProxy - Securing GET /js/bootstrap.bundle.min.js
14:01:26.272 [https-jsse-nio-8443-exec-9] DEBUG o.s.s.w.a.c.ChannelProcessingFilter - Request: filter invocation [GET /js/bootstrap.bundle.min.js]; ConfigAttributes: [REQUIRES_SECURE_CHANNEL]
14:01:26.272 [https-jsse-nio-8443-exec-10] DEBUG o.s.security.web.FilterChainProxy - Securing GET /js/fontawesome.js
14:01:26.272 [https-jsse-nio-8443-exec-9] DEBUG o.s.security.web.FilterChainProxy - Secured GET /js/bootstrap.bundle.min.js
14:01:26.272 [https-jsse-nio-8443-exec-10] DEBUG o.s.s.w.a.c.ChannelProcessingFilter - Request: filter invocation [GET /js/fontawesome.js]; ConfigAttributes: [REQUIRES_SECURE_CHANNEL]
14:01:26.272 [https-jsse-nio-8443-exec-8] DEBUG o.s.security.web.FilterChainProxy - Securing GET /js/toast.js
14:01:26.272 [https-jsse-nio-8443-exec-8] DEBUG o.s.s.w.a.c.ChannelProcessingFilter - Request: filter invocation [GET /js/toast.js]; ConfigAttributes: [REQUIRES_SECURE_CHANNEL]
14:01:26.272 [https-jsse-nio-8443-exec-10] DEBUG o.s.security.web.FilterChainProxy - Secured GET /js/fontawesome.js
14:01:26.273 [https-jsse-nio-8443-exec-8] DEBUG o.s.security.web.FilterChainProxy - Secured GET /js/toast.js
14:01:26.274 [https-jsse-nio-8443-exec-3] DEBUG o.s.s.w.c.HttpSessionSecurityContextRepository - Retrieved SecurityContextImpl [Authentication=UsernamePasswordAuthenticationToken [Principal=ir.model.entity.CustomUserDetails@29c0617f, Credentials=[PROTECTED], Authenticated=true, Details=WebAuthenticationDetails [RemoteIpAddress=0:0:0:0:0:0:0:1, SessionId=null], Granted Authorities=[TICKET_EDIT, BUILDING_DELETE, TICKET_CHECK_SCORE, BUILDING_EDIT, BUILDING_CREATE, TICKET_CHECK_CLOSE, REPORT_VIEW, ROLE_ADMIN, TICKET_CREATE, TICKET_DELETE]]]
14:01:26.274 [https-jsse-nio-8443-exec-8] DEBUG o.s.s.w.c.HttpSessionSecurityContextRepository - Retrieved SecurityContextImpl [Authentication=UsernamePasswordAuthenticationToken [Principal=ir.model.entity.CustomUserDetails@29c0617f, Credentials=[PROTECTED], Authenticated=true, Details=WebAuthenticationDetails [RemoteIpAddress=0:0:0:0:0:0:0:1, SessionId=null], Granted Authorities=[TICKET_EDIT, BUILDING_DELETE, TICKET_CHECK_SCORE, BUILDING_EDIT, BUILDING_CREATE, TICKET_CHECK_CLOSE, REPORT_VIEW, ROLE_ADMIN, TICKET_CREATE, TICKET_DELETE]]]
14:01:26.277 [https-jsse-nio-8443-exec-4] DEBUG o.s.security.web.FilterChainProxy - Securing GET /js/permissions-api.js
14:01:26.277 [https-jsse-nio-8443-exec-6] DEBUG o.s.security.web.FilterChainProxy - Securing GET /js/script.js
14:01:26.277 [https-jsse-nio-8443-exec-6] DEBUG o.s.s.w.a.c.ChannelProcessingFilter - Request: filter invocation [GET /js/script.js]; ConfigAttributes: [REQUIRES_SECURE_CHANNEL]
14:01:26.277 [https-jsse-nio-8443-exec-4] DEBUG o.s.s.w.a.c.ChannelProcessingFilter - Request: filter invocation [GET /js/permissions-api.js]; ConfigAttributes: [REQUIRES_SECURE_CHANNEL]
14:01:26.277 [https-jsse-nio-8443-exec-6] DEBUG o.s.security.web.FilterChainProxy - Secured GET /js/script.js
14:01:26.278 [https-jsse-nio-8443-exec-4] DEBUG o.s.security.web.FilterChainProxy - Secured GET /js/permissions-api.js
14:01:26.279 [https-jsse-nio-8443-exec-6] DEBUG o.s.s.w.c.HttpSessionSecurityContextRepository - Retrieved SecurityContextImpl [Authentication=UsernamePasswordAuthenticationToken [Principal=ir.model.entity.CustomUserDetails@29c0617f, Credentials=[PROTECTED], Authenticated=true, Details=WebAuthenticationDetails [RemoteIpAddress=0:0:0:0:0:0:0:1, SessionId=null], Granted Authorities=[TICKET_EDIT, BUILDING_DELETE, TICKET_CHECK_SCORE, BUILDING_EDIT, BUILDING_CREATE, TICKET_CHECK_CLOSE, REPORT_VIEW, ROLE_ADMIN, TICKET_CREATE, TICKET_DELETE]]]
14:01:26.279 [https-jsse-nio-8443-exec-9] DEBUG o.s.s.w.c.HttpSessionSecurityContextRepository - Retrieved SecurityContextImpl [Authentication=UsernamePasswordAuthenticationToken [Principal=ir.model.entity.CustomUserDetails@29c0617f, Credentials=[PROTECTED], Authenticated=true, Details=WebAuthenticationDetails [RemoteIpAddress=0:0:0:0:0:0:0:1, SessionId=null], Granted Authorities=[TICKET_EDIT, BUILDING_DELETE, TICKET_CHECK_SCORE, BUILDING_EDIT, BUILDING_CREATE, TICKET_CHECK_CLOSE, REPORT_VIEW, ROLE_ADMIN, TICKET_CREATE, TICKET_DELETE]]]
14:01:26.280 [https-jsse-nio-8443-exec-4] DEBUG o.s.s.w.c.HttpSessionSecurityContextRepository - Retrieved SecurityContextImpl [Authentication=UsernamePasswordAuthenticationToken [Principal=ir.model.entity.CustomUserDetails@29c0617f, Credentials=[PROTECTED], Authenticated=true, Details=WebAuthenticationDetails [RemoteIpAddress=0:0:0:0:0:0:0:1, SessionId=null], Granted Authorities=[TICKET_EDIT, BUILDING_DELETE, TICKET_CHECK_SCORE, BUILDING_EDIT, BUILDING_CREATE, TICKET_CHECK_CLOSE, REPORT_VIEW, ROLE_ADMIN, TICKET_CREATE, TICKET_DELETE]]]
14:01:26.287 [https-jsse-nio-8443-exec-1] DEBUG o.s.s.w.c.HttpSessionSecurityContextRepository - Retrieved SecurityContextImpl [Authentication=UsernamePasswordAuthenticationToken [Principal=ir.model.entity.CustomUserDetails@29c0617f, Credentials=[PROTECTED], Authenticated=true, Details=WebAuthenticationDetails [RemoteIpAddress=0:0:0:0:0:0:0:1, SessionId=null], Granted Authorities=[TICKET_EDIT, BUILDING_DELETE, TICKET_CHECK_SCORE, BUILDING_EDIT, BUILDING_CREATE, TICKET_CHECK_CLOSE, REPORT_VIEW, ROLE_ADMIN, TICKET_CREATE, TICKET_DELETE]]]
14:01:26.297 [https-jsse-nio-8443-exec-7] DEBUG o.s.s.w.c.HttpSessionSecurityContextRepository - Retrieved SecurityContextImpl [Authentication=UsernamePasswordAuthenticationToken [Principal=ir.model.entity.CustomUserDetails@29c0617f, Credentials=[PROTECTED], Authenticated=true, Details=WebAuthenticationDetails [RemoteIpAddress=0:0:0:0:0:0:0:1, SessionId=null], Granted Authorities=[TICKET_EDIT, BUILDING_DELETE, TICKET_CHECK_SCORE, BUILDING_EDIT, BUILDING_CREATE, TICKET_CHECK_CLOSE, REPORT_VIEW, ROLE_ADMIN, TICKET_CREATE, TICKET_DELETE]]]
14:01:26.326 [https-jsse-nio-8443-exec-5] DEBUG o.s.security.web.FilterChainProxy - Securing GET /webfonts/fa-solid-900.woff2
14:01:26.326 [https-jsse-nio-8443-exec-2] DEBUG o.s.security.web.FilterChainProxy - Securing GET /webfonts/fa-brands-400.woff2
14:01:26.327 [https-jsse-nio-8443-exec-5] DEBUG o.s.s.w.a.c.ChannelProcessingFilter - Request: filter invocation [GET /webfonts/fa-solid-900.woff2]; ConfigAttributes: [REQUIRES_SECURE_CHANNEL]
14:01:26.327 [https-jsse-nio-8443-exec-2] DEBUG o.s.s.w.a.c.ChannelProcessingFilter - Request: filter invocation [GET /webfonts/fa-brands-400.woff2]; ConfigAttributes: [REQUIRES_SECURE_CHANNEL]
14:01:26.327 [https-jsse-nio-8443-exec-5] DEBUG o.s.s.w.c.HttpSessionSecurityContextRepository - Retrieved SecurityContextImpl [Authentication=UsernamePasswordAuthenticationToken [Principal=ir.model.entity.CustomUserDetails@29c0617f, Credentials=[PROTECTED], Authenticated=true, Details=WebAuthenticationDetails [RemoteIpAddress=0:0:0:0:0:0:0:1, SessionId=null], Granted Authorities=[TICKET_EDIT, BUILDING_DELETE, TICKET_CHECK_SCORE, BUILDING_EDIT, BUILDING_CREATE, TICKET_CHECK_CLOSE, REPORT_VIEW, ROLE_ADMIN, TICKET_CREATE, TICKET_DELETE]]]
14:01:26.327 [https-jsse-nio-8443-exec-2] DEBUG o.s.s.w.c.HttpSessionSecurityContextRepository - Retrieved SecurityContextImpl [Authentication=UsernamePasswordAuthenticationToken [Principal=ir.model.entity.CustomUserDetails@29c0617f, Credentials=[PROTECTED], Authenticated=true, Details=WebAuthenticationDetails [RemoteIpAddress=0:0:0:0:0:0:0:1, SessionId=null], Granted Authorities=[TICKET_EDIT, BUILDING_DELETE, TICKET_CHECK_SCORE, BUILDING_EDIT, BUILDING_CREATE, TICKET_CHECK_CLOSE, REPORT_VIEW, ROLE_ADMIN, TICKET_CREATE, TICKET_DELETE]]]
14:01:26.327 [https-jsse-nio-8443-exec-5] DEBUG o.s.security.web.FilterChainProxy - Secured GET /webfonts/fa-solid-900.woff2
14:01:26.328 [https-jsse-nio-8443-exec-2] DEBUG o.s.security.web.FilterChainProxy - Secured GET /webfonts/fa-brands-400.woff2
14:01:26.803 [https-jsse-nio-8443-exec-10] DEBUG o.s.s.w.c.HttpSessionSecurityContextRepository - Retrieved SecurityContextImpl [Authentication=UsernamePasswordAuthenticationToken [Principal=ir.model.entity.CustomUserDetails@29c0617f, Credentials=[PROTECTED], Authenticated=true, Details=WebAuthenticationDetails [RemoteIpAddress=0:0:0:0:0:0:0:1, SessionId=null], Granted Authorities=[TICKET_EDIT, BUILDING_DELETE, TICKET_CHECK_SCORE, BUILDING_EDIT, BUILDING_CREATE, TICKET_CHECK_CLOSE, REPORT_VIEW, ROLE_ADMIN, TICKET_CREATE, TICKET_DELETE]]]
14:01:26.873 [https-jsse-nio-8443-exec-8] DEBUG o.s.security.web.FilterChainProxy - Securing GET /permissions?page=0&size=10&fragment=true
14:01:26.873 [https-jsse-nio-8443-exec-8] DEBUG o.s.s.w.a.c.ChannelProcessingFilter - Request: filter invocation [GET /permissions?page=0&size=10&fragment=true]; ConfigAttributes: [REQUIRES_SECURE_CHANNEL]
14:01:26.874 [https-jsse-nio-8443-exec-8] DEBUG o.s.s.w.c.HttpSessionSecurityContextRepository - Retrieved SecurityContextImpl [Authentication=UsernamePasswordAuthenticationToken [Principal=ir.model.entity.CustomUserDetails@29c0617f, Credentials=[PROTECTED], Authenticated=true, Details=WebAuthenticationDetails [RemoteIpAddress=0:0:0:0:0:0:0:1, SessionId=null], Granted Authorities=[TICKET_EDIT, BUILDING_DELETE, TICKET_CHECK_SCORE, BUILDING_EDIT, BUILDING_CREATE, TICKET_CHECK_CLOSE, REPORT_VIEW, ROLE_ADMIN, TICKET_CREATE, TICKET_DELETE]]]
14:01:26.874 [https-jsse-nio-8443-exec-8] DEBUG o.s.security.web.FilterChainProxy - Secured GET /permissions?page=0&size=10&fragment=true
14:01:26.875 [https-jsse-nio-8443-exec-8] DEBUG o.s.jdbc.datasource.DataSourceUtils - Setting JDBC Connection [HikariProxyConnection@632890542 wrapping oracle.jdbc.driver.T4CConnection@38419b4a] read-only
14:01:26.875 [https-jsse-nio-8443-exec-8] DEBUG o.h.e.t.internal.TransactionImpl - On TransactionImpl creation, JpaCompliance#isJpaTransactionComplianceEnabled == false
14:01:26.875 [https-jsse-nio-8443-exec-8] DEBUG o.h.e.t.internal.TransactionImpl - begin
14:01:26.876 [https-jsse-nio-8443-exec-8] DEBUG org.hibernate.SQL - 
    select
        u1_0.username,
        u1_0.account_non_expired,
        u1_0.account_non_locked,
        u1_0.credentials_expiry_date,
        u1_0.credentials_non_expired,
        u1_0.deleted,
        u1_0.enabled,
        u1_0.password,
        rs1_0.username,
        rs1_1.name,
        rs1_1.deleted,
        ps1_0.role_name,
        ps1_1.id,
        ps1_1.deleted,
        ps1_1.permission 
    from
        user_tbl u1_0 
    left join
        (user_role_tbl rs1_0 
    join
        role_tbl rs1_1 
            on rs1_1.name=rs1_0.role_name) 
        on u1_0.username=rs1_0.username 
        and ( rs1_1.deleted = 0) 
    left join
        (role_permission_tbl ps1_0 
    join
        permission_tbl ps1_1 
            on ps1_1.id=ps1_0.permission) 
        on rs1_1.name=ps1_0.role_name 
        and ( ps1_1.deleted = 0) 
    where
        u1_0.username=? 
        and (
            u1_0.deleted = 0
        )
14:01:26.876 [https-jsse-nio-8443-exec-8] TRACE org.hibernate.orm.jdbc.bind - binding parameter (1:VARCHAR) <- [ali]
14:01:26.876 [https-jsse-nio-8443-exec-8] TRACE org.hibernate.orm.jdbc.extract - extracted value (9:VARCHAR) -> [ali]
14:01:26.876 [https-jsse-nio-8443-exec-8] TRACE org.hibernate.orm.jdbc.extract - extracted value (10:VARCHAR) -> [ROLE_ADMIN]
14:01:26.876 [https-jsse-nio-8443-exec-8] TRACE org.hibernate.orm.jdbc.extract - extracted value (12:VARCHAR) -> [ROLE_ADMIN]
14:01:26.877 [https-jsse-nio-8443-exec-8] TRACE org.hibernate.orm.jdbc.extract - extracted value (13:BIGINT) -> [1]
14:01:26.877 [https-jsse-nio-8443-exec-8] TRACE org.hibernate.orm.jdbc.extract - extracted value (14:BOOLEAN) -> [false]
14:01:26.877 [https-jsse-nio-8443-exec-8] TRACE org.hibernate.orm.jdbc.extract - extracted value (15:VARCHAR) -> [TICKET_CREATE]
14:01:26.877 [https-jsse-nio-8443-exec-8] TRACE org.hibernate.orm.jdbc.extract - extracted value (11:BOOLEAN) -> [false]
14:01:26.877 [https-jsse-nio-8443-exec-8] TRACE org.hibernate.orm.jdbc.extract - extracted value (2:BOOLEAN) -> [true]
14:01:26.877 [https-jsse-nio-8443-exec-8] TRACE org.hibernate.orm.jdbc.extract - extracted value (3:BOOLEAN) -> [true]
14:01:26.877 [https-jsse-nio-8443-exec-8] TRACE org.hibernate.orm.jdbc.extract - extracted value (4:TIMESTAMP) -> [2026-08-03T18:03:44.737555]
14:01:26.877 [https-jsse-nio-8443-exec-8] TRACE org.hibernate.orm.jdbc.extract - extracted value (5:BOOLEAN) -> [true]
14:01:26.877 [https-jsse-nio-8443-exec-8] TRACE org.hibernate.orm.jdbc.extract - extracted value (6:BOOLEAN) -> [false]
14:01:26.877 [https-jsse-nio-8443-exec-8] TRACE org.hibernate.orm.jdbc.extract - extracted value (7:BOOLEAN) -> [true]
14:01:26.877 [https-jsse-nio-8443-exec-8] TRACE org.hibernate.orm.jdbc.extract - extracted value (8:VARCHAR) -> [$2a$12$zWjkkNI6AJKAxh71k9FGeekl8NyE861fVAn0dtmHT4Ve90RbP/.qO]
14:01:26.877 [https-jsse-nio-8443-exec-8] TRACE org.hibernate.orm.jdbc.extract - extracted value (10:VARCHAR) -> [ROLE_ADMIN]
14:01:26.877 [https-jsse-nio-8443-exec-8] TRACE org.hibernate.orm.jdbc.extract - extracted value (13:BIGINT) -> [2]
14:01:26.877 [https-jsse-nio-8443-exec-8] TRACE org.hibernate.orm.jdbc.extract - extracted value (14:BOOLEAN) -> [false]
14:01:26.877 [https-jsse-nio-8443-exec-8] TRACE org.hibernate.orm.jdbc.extract - extracted value (15:VARCHAR) -> [TICKET_EDIT]
14:01:26.878 [https-jsse-nio-8443-exec-8] TRACE org.hibernate.orm.jdbc.extract - extracted value (10:VARCHAR) -> [ROLE_ADMIN]
14:01:26.878 [https-jsse-nio-8443-exec-8] TRACE org.hibernate.orm.jdbc.extract - extracted value (13:BIGINT) -> [3]
14:01:26.878 [https-jsse-nio-8443-exec-8] TRACE org.hibernate.orm.jdbc.extract - extracted value (14:BOOLEAN) -> [false]
14:01:26.878 [https-jsse-nio-8443-exec-8] TRACE org.hibernate.orm.jdbc.extract - extracted value (15:VARCHAR) -> [TICKET_DELETE]
14:01:26.878 [https-jsse-nio-8443-exec-8] TRACE org.hibernate.orm.jdbc.extract - extracted value (10:VARCHAR) -> [ROLE_ADMIN]
14:01:26.878 [https-jsse-nio-8443-exec-8] TRACE org.hibernate.orm.jdbc.extract - extracted value (13:BIGINT) -> [4]
14:01:26.878 [https-jsse-nio-8443-exec-8] TRACE org.hibernate.orm.jdbc.extract - extracted value (14:BOOLEAN) -> [false]
14:01:26.878 [https-jsse-nio-8443-exec-8] TRACE org.hibernate.orm.jdbc.extract - extracted value (15:VARCHAR) -> [REPORT_VIEW]
14:01:26.878 [https-jsse-nio-8443-exec-8] TRACE org.hibernate.orm.jdbc.extract - extracted value (10:VARCHAR) -> [ROLE_ADMIN]
14:01:26.878 [https-jsse-nio-8443-exec-8] TRACE org.hibernate.orm.jdbc.extract - extracted value (13:BIGINT) -> [5]
14:01:26.878 [https-jsse-nio-8443-exec-8] TRACE org.hibernate.orm.jdbc.extract - extracted value (14:BOOLEAN) -> [false]
14:01:26.878 [https-jsse-nio-8443-exec-8] TRACE org.hibernate.orm.jdbc.extract - extracted value (15:VARCHAR) -> [TICKET_CHECK_SCORE]
14:01:26.878 [https-jsse-nio-8443-exec-8] TRACE org.hibernate.orm.jdbc.extract - extracted value (10:VARCHAR) -> [ROLE_ADMIN]
14:01:26.878 [https-jsse-nio-8443-exec-8] TRACE org.hibernate.orm.jdbc.extract - extracted value (13:BIGINT) -> [6]
14:01:26.878 [https-jsse-nio-8443-exec-8] TRACE org.hibernate.orm.jdbc.extract - extracted value (14:BOOLEAN) -> [false]
14:01:26.878 [https-jsse-nio-8443-exec-8] TRACE org.hibernate.orm.jdbc.extract - extracted value (15:VARCHAR) -> [TICKET_CHECK_CLOSE]
14:01:26.878 [https-jsse-nio-8443-exec-8] TRACE org.hibernate.orm.jdbc.extract - extracted value (10:VARCHAR) -> [ROLE_ADMIN]
14:01:26.878 [https-jsse-nio-8443-exec-8] TRACE org.hibernate.orm.jdbc.extract - extracted value (13:BIGINT) -> [7]
14:01:26.878 [https-jsse-nio-8443-exec-8] TRACE org.hibernate.orm.jdbc.extract - extracted value (14:BOOLEAN) -> [false]
14:01:26.878 [https-jsse-nio-8443-exec-8] TRACE org.hibernate.orm.jdbc.extract - extracted value (15:VARCHAR) -> [BUILDING_CREATE]
14:01:26.878 [https-jsse-nio-8443-exec-8] TRACE org.hibernate.orm.jdbc.extract - extracted value (10:VARCHAR) -> [ROLE_ADMIN]
14:01:26.879 [https-jsse-nio-8443-exec-8] TRACE org.hibernate.orm.jdbc.extract - extracted value (13:BIGINT) -> [8]
14:01:26.879 [https-jsse-nio-8443-exec-8] TRACE org.hibernate.orm.jdbc.extract - extracted value (14:BOOLEAN) -> [false]
14:01:26.879 [https-jsse-nio-8443-exec-8] TRACE org.hibernate.orm.jdbc.extract - extracted value (15:VARCHAR) -> [BUILDING_EDIT]
14:01:26.879 [https-jsse-nio-8443-exec-8] TRACE org.hibernate.orm.jdbc.extract - extracted value (10:VARCHAR) -> [ROLE_ADMIN]
14:01:26.879 [https-jsse-nio-8443-exec-8] TRACE org.hibernate.orm.jdbc.extract - extracted value (13:BIGINT) -> [9]
14:01:26.879 [https-jsse-nio-8443-exec-8] TRACE org.hibernate.orm.jdbc.extract - extracted value (14:BOOLEAN) -> [false]
14:01:26.879 [https-jsse-nio-8443-exec-8] TRACE org.hibernate.orm.jdbc.extract - extracted value (15:VARCHAR) -> [BUILDING_DELETE]
14:01:26.879 [https-jsse-nio-8443-exec-8] DEBUG o.h.e.t.internal.TransactionImpl - committing
14:01:26.879 [https-jsse-nio-8443-exec-8] DEBUG o.s.jdbc.datasource.DataSourceUtils - Resetting read-only flag of JDBC Connection [HikariProxyConnection@632890542 wrapping oracle.jdbc.driver.T4CConnection@38419b4a]
14:01:26.881 [https-jsse-nio-8443-exec-8] DEBUG org.hibernate.SQL - 
    /* <criteria> */ select
        n1_0.id,
        n1_0.created_at,
        n1_0.is_read,
        n1_0.link,
        n1_0.message,
        n1_0.title,
        n1_0.username 
    from
        notification_table n1_0 
    where
        n1_0.username=? 
        and n1_0.is_read=0 
    order by
        n1_0.created_at desc 
    fetch
        first ? rows only
14:01:26.881 [https-jsse-nio-8443-exec-8] TRACE org.hibernate.orm.jdbc.bind - binding parameter (1:VARCHAR) <- [ali]
14:01:26.881 [https-jsse-nio-8443-exec-8] TRACE org.hibernate.orm.jdbc.bind - binding parameter (2:INTEGER) <- [5]
14:01:26.882 [https-jsse-nio-8443-exec-8] DEBUG org.hibernate.SQL - 
    /* <criteria> */ select
        count(n1_0.id) 
    from
        notification_table n1_0 
    where
        n1_0.username=? 
        and n1_0.is_read=0
14:01:26.883 [https-jsse-nio-8443-exec-8] TRACE org.hibernate.orm.jdbc.bind - binding parameter (1:VARCHAR) <- [ali]
14:01:26.883 [https-jsse-nio-8443-exec-8] TRACE org.hibernate.orm.jdbc.extract - extracted value (1:BIGINT) -> [0]
14:01:26.885 [https-jsse-nio-8443-exec-8] DEBUG org.hibernate.SQL - 
    /* <criteria> */ select
        count(t1_0.id) 
    from
        ticket_tbl t1_0 
    where
        (
            t1_0.deleted = 0
        ) 
        and t1_0.status=?
14:01:26.885 [https-jsse-nio-8443-exec-8] TRACE org.hibernate.orm.jdbc.bind - binding parameter (1:TINYINT) <- [NotSeen]
14:01:26.886 [https-jsse-nio-8443-exec-8] TRACE org.hibernate.orm.jdbc.extract - extracted value (1:BIGINT) -> [0]
14:01:26.886 [https-jsse-nio-8443-exec-8] INFO  i.c.exception.ResponseAspect - Web Controller: addNotifications
14:01:26.886 [https-jsse-nio-8443-exec-8] DEBUG o.s.s.a.m.AuthorizationManagerBeforeMethodInterceptor - Authorizing method invocation ReflectiveMethodInvocation: public java.lang.String ir.controller.web.PermissionController.listPermissions(int,int,java.lang.Boolean,org.springframework.ui.Model); target is of class [ir.controller.web.PermissionController]
14:01:26.886 [https-jsse-nio-8443-exec-8] DEBUG o.s.s.a.m.AuthorizationManagerBeforeMethodInterceptor - Authorized method invocation ReflectiveMethodInvocation: public java.lang.String ir.controller.web.PermissionController.listPermissions(int,int,java.lang.Boolean,org.springframework.ui.Model); target is of class [ir.controller.web.PermissionController]
14:01:26.886 [https-jsse-nio-8443-exec-8] DEBUG o.s.jdbc.datasource.DataSourceUtils - Setting JDBC Connection [HikariProxyConnection@632890542 wrapping oracle.jdbc.driver.T4CConnection@38419b4a] read-only
14:01:26.887 [https-jsse-nio-8443-exec-8] DEBUG o.h.e.t.internal.TransactionImpl - begin
14:01:26.887 [https-jsse-nio-8443-exec-8] DEBUG org.hibernate.SQL - 
    /* <criteria> */ select
        p1_0.id,
        p1_0.deleted,
        p1_0.permission 
    from
        permission_tbl p1_0 
    where
        (
            p1_0.deleted = 0
        ) 
    order by
        p1_0.permission 
    offset
        ? rows 
    fetch
        first ? rows only
14:01:26.887 [https-jsse-nio-8443-exec-8] TRACE org.hibernate.orm.jdbc.bind - binding parameter (1:INTEGER) <- [0]
14:01:26.887 [https-jsse-nio-8443-exec-8] TRACE org.hibernate.orm.jdbc.bind - binding parameter (2:INTEGER) <- [10]
14:01:26.888 [https-jsse-nio-8443-exec-8] TRACE org.hibernate.orm.jdbc.extract - extracted value (1:BIGINT) -> [7]
14:01:26.888 [https-jsse-nio-8443-exec-8] TRACE org.hibernate.orm.jdbc.extract - extracted value (1:BIGINT) -> [9]
14:01:26.888 [https-jsse-nio-8443-exec-8] TRACE org.hibernate.orm.jdbc.extract - extracted value (1:BIGINT) -> [8]
14:01:26.888 [https-jsse-nio-8443-exec-8] TRACE org.hibernate.orm.jdbc.extract - extracted value (1:BIGINT) -> [4]
14:01:26.888 [https-jsse-nio-8443-exec-8] TRACE org.hibernate.orm.jdbc.extract - extracted value (1:BIGINT) -> [6]
14:01:26.888 [https-jsse-nio-8443-exec-8] TRACE org.hibernate.orm.jdbc.extract - extracted value (1:BIGINT) -> [5]
14:01:26.888 [https-jsse-nio-8443-exec-8] TRACE org.hibernate.orm.jdbc.extract - extracted value (1:BIGINT) -> [1]
14:01:26.888 [https-jsse-nio-8443-exec-8] TRACE org.hibernate.orm.jdbc.extract - extracted value (1:BIGINT) -> [3]
14:01:26.888 [https-jsse-nio-8443-exec-8] TRACE org.hibernate.orm.jdbc.extract - extracted value (1:BIGINT) -> [2]
14:01:26.888 [https-jsse-nio-8443-exec-8] DEBUG o.h.e.t.internal.TransactionImpl - committing
14:01:26.888 [https-jsse-nio-8443-exec-8] DEBUG o.s.jdbc.datasource.DataSourceUtils - Resetting read-only flag of JDBC Connection [HikariProxyConnection@632890542 wrapping oracle.jdbc.driver.T4CConnection@38419b4a]
14:01:26.889 [https-jsse-nio-8443-exec-8] INFO  i.c.exception.ResponseAspect - Web Controller: listPermissions
14:01:27.214 [https-jsse-nio-8443-exec-3] DEBUG o.s.security.web.FilterChainProxy - Securing GET /reports
14:01:27.214 [https-jsse-nio-8443-exec-3] DEBUG o.s.s.w.a.c.ChannelProcessingFilter - Request: filter invocation [GET /reports]; ConfigAttributes: [REQUIRES_SECURE_CHANNEL]
14:01:27.214 [https-jsse-nio-8443-exec-3] DEBUG o.s.s.w.c.HttpSessionSecurityContextRepository - Retrieved SecurityContextImpl [Authentication=UsernamePasswordAuthenticationToken [Principal=ir.model.entity.CustomUserDetails@29c0617f, Credentials=[PROTECTED], Authenticated=true, Details=WebAuthenticationDetails [RemoteIpAddress=0:0:0:0:0:0:0:1, SessionId=null], Granted Authorities=[TICKET_EDIT, BUILDING_DELETE, TICKET_CHECK_SCORE, BUILDING_EDIT, BUILDING_CREATE, TICKET_CHECK_CLOSE, REPORT_VIEW, ROLE_ADMIN, TICKET_CREATE, TICKET_DELETE]]]
14:01:27.214 [https-jsse-nio-8443-exec-3] DEBUG o.s.security.web.FilterChainProxy - Secured GET /reports
14:01:27.215 [https-jsse-nio-8443-exec-3] DEBUG o.s.jdbc.datasource.DataSourceUtils - Setting JDBC Connection [HikariProxyConnection@394960043 wrapping oracle.jdbc.driver.T4CConnection@38419b4a] read-only
14:01:27.215 [https-jsse-nio-8443-exec-3] DEBUG o.h.e.t.internal.TransactionImpl - On TransactionImpl creation, JpaCompliance#isJpaTransactionComplianceEnabled == false
14:01:27.215 [https-jsse-nio-8443-exec-3] DEBUG o.h.e.t.internal.TransactionImpl - begin
14:01:27.215 [https-jsse-nio-8443-exec-3] DEBUG org.hibernate.SQL - 
    select
        u1_0.username,
        u1_0.account_non_expired,
        u1_0.account_non_locked,
        u1_0.credentials_expiry_date,
        u1_0.credentials_non_expired,
        u1_0.deleted,
        u1_0.enabled,
        u1_0.password,
        rs1_0.username,
        rs1_1.name,
        rs1_1.deleted,
        ps1_0.role_name,
        ps1_1.id,
        ps1_1.deleted,
        ps1_1.permission 
    from
        user_tbl u1_0 
    left join
        (user_role_tbl rs1_0 
    join
        role_tbl rs1_1 
            on rs1_1.name=rs1_0.role_name) 
        on u1_0.username=rs1_0.username 
        and ( rs1_1.deleted = 0) 
    left join
        (role_permission_tbl ps1_0 
    join
        permission_tbl ps1_1 
            on ps1_1.id=ps1_0.permission) 
        on rs1_1.name=ps1_0.role_name 
        and ( ps1_1.deleted = 0) 
    where
        u1_0.username=? 
        and (
            u1_0.deleted = 0
        )
14:01:27.215 [https-jsse-nio-8443-exec-3] TRACE org.hibernate.orm.jdbc.bind - binding parameter (1:VARCHAR) <- [ali]
14:01:27.216 [https-jsse-nio-8443-exec-3] TRACE org.hibernate.orm.jdbc.extract - extracted value (9:VARCHAR) -> [ali]
14:01:27.217 [https-jsse-nio-8443-exec-3] TRACE org.hibernate.orm.jdbc.extract - extracted value (10:VARCHAR) -> [ROLE_ADMIN]
14:01:27.217 [https-jsse-nio-8443-exec-3] TRACE org.hibernate.orm.jdbc.extract - extracted value (12:VARCHAR) -> [ROLE_ADMIN]
14:01:27.217 [https-jsse-nio-8443-exec-3] TRACE org.hibernate.orm.jdbc.extract - extracted value (13:BIGINT) -> [1]
14:01:27.217 [https-jsse-nio-8443-exec-3] TRACE org.hibernate.orm.jdbc.extract - extracted value (14:BOOLEAN) -> [false]
14:01:27.217 [https-jsse-nio-8443-exec-3] TRACE org.hibernate.orm.jdbc.extract - extracted value (15:VARCHAR) -> [TICKET_CREATE]
14:01:27.217 [https-jsse-nio-8443-exec-3] TRACE org.hibernate.orm.jdbc.extract - extracted value (11:BOOLEAN) -> [false]
14:01:27.217 [https-jsse-nio-8443-exec-3] TRACE org.hibernate.orm.jdbc.extract - extracted value (2:BOOLEAN) -> [true]
14:01:27.217 [https-jsse-nio-8443-exec-3] TRACE org.hibernate.orm.jdbc.extract - extracted value (3:BOOLEAN) -> [true]
14:01:27.217 [https-jsse-nio-8443-exec-3] TRACE org.hibernate.orm.jdbc.extract - extracted value (4:TIMESTAMP) -> [2026-08-03T18:03:44.737555]
14:01:27.217 [https-jsse-nio-8443-exec-3] TRACE org.hibernate.orm.jdbc.extract - extracted value (5:BOOLEAN) -> [true]
14:01:27.217 [https-jsse-nio-8443-exec-3] TRACE org.hibernate.orm.jdbc.extract - extracted value (6:BOOLEAN) -> [false]
14:01:27.217 [https-jsse-nio-8443-exec-3] TRACE org.hibernate.orm.jdbc.extract - extracted value (7:BOOLEAN) -> [true]
14:01:27.217 [https-jsse-nio-8443-exec-3] TRACE org.hibernate.orm.jdbc.extract - extracted value (8:VARCHAR) -> [$2a$12$zWjkkNI6AJKAxh71k9FGeekl8NyE861fVAn0dtmHT4Ve90RbP/.qO]
14:01:27.217 [https-jsse-nio-8443-exec-3] TRACE org.hibernate.orm.jdbc.extract - extracted value (10:VARCHAR) -> [ROLE_ADMIN]
14:01:27.217 [https-jsse-nio-8443-exec-3] TRACE org.hibernate.orm.jdbc.extract - extracted value (13:BIGINT) -> [2]
14:01:27.217 [https-jsse-nio-8443-exec-3] TRACE org.hibernate.orm.jdbc.extract - extracted value (14:BOOLEAN) -> [false]
14:01:27.217 [https-jsse-nio-8443-exec-3] TRACE org.hibernate.orm.jdbc.extract - extracted value (15:VARCHAR) -> [TICKET_EDIT]
14:01:27.217 [https-jsse-nio-8443-exec-3] TRACE org.hibernate.orm.jdbc.extract - extracted value (10:VARCHAR) -> [ROLE_ADMIN]
14:01:27.218 [https-jsse-nio-8443-exec-3] TRACE org.hibernate.orm.jdbc.extract - extracted value (13:BIGINT) -> [3]
14:01:27.218 [https-jsse-nio-8443-exec-3] TRACE org.hibernate.orm.jdbc.extract - extracted value (14:BOOLEAN) -> [false]
14:01:27.218 [https-jsse-nio-8443-exec-3] TRACE org.hibernate.orm.jdbc.extract - extracted value (15:VARCHAR) -> [TICKET_DELETE]
14:01:27.218 [https-jsse-nio-8443-exec-3] TRACE org.hibernate.orm.jdbc.extract - extracted value (10:VARCHAR) -> [ROLE_ADMIN]
14:01:27.218 [https-jsse-nio-8443-exec-3] TRACE org.hibernate.orm.jdbc.extract - extracted value (13:BIGINT) -> [4]
14:01:27.218 [https-jsse-nio-8443-exec-3] TRACE org.hibernate.orm.jdbc.extract - extracted value (14:BOOLEAN) -> [false]
14:01:27.218 [https-jsse-nio-8443-exec-3] TRACE org.hibernate.orm.jdbc.extract - extracted value (15:VARCHAR) -> [REPORT_VIEW]
14:01:27.218 [https-jsse-nio-8443-exec-3] TRACE org.hibernate.orm.jdbc.extract - extracted value (10:VARCHAR) -> [ROLE_ADMIN]
14:01:27.218 [https-jsse-nio-8443-exec-3] TRACE org.hibernate.orm.jdbc.extract - extracted value (13:BIGINT) -> [5]
14:01:27.218 [https-jsse-nio-8443-exec-3] TRACE org.hibernate.orm.jdbc.extract - extracted value (14:BOOLEAN) -> [false]
14:01:27.218 [https-jsse-nio-8443-exec-3] TRACE org.hibernate.orm.jdbc.extract - extracted value (15:VARCHAR) -> [TICKET_CHECK_SCORE]
14:01:27.218 [https-jsse-nio-8443-exec-3] TRACE org.hibernate.orm.jdbc.extract - extracted value (10:VARCHAR) -> [ROLE_ADMIN]
14:01:27.218 [https-jsse-nio-8443-exec-3] TRACE org.hibernate.orm.jdbc.extract - extracted value (13:BIGINT) -> [6]
14:01:27.218 [https-jsse-nio-8443-exec-3] TRACE org.hibernate.orm.jdbc.extract - extracted value (14:BOOLEAN) -> [false]
14:01:27.218 [https-jsse-nio-8443-exec-3] TRACE org.hibernate.orm.jdbc.extract - extracted value (15:VARCHAR) -> [TICKET_CHECK_CLOSE]
14:01:27.218 [https-jsse-nio-8443-exec-3] TRACE org.hibernate.orm.jdbc.extract - extracted value (10:VARCHAR) -> [ROLE_ADMIN]
14:01:27.218 [https-jsse-nio-8443-exec-3] TRACE org.hibernate.orm.jdbc.extract - extracted value (13:BIGINT) -> [7]
14:01:27.218 [https-jsse-nio-8443-exec-3] TRACE org.hibernate.orm.jdbc.extract - extracted value (14:BOOLEAN) -> [false]
14:01:27.218 [https-jsse-nio-8443-exec-3] TRACE org.hibernate.orm.jdbc.extract - extracted value (15:VARCHAR) -> [BUILDING_CREATE]
14:01:27.218 [https-jsse-nio-8443-exec-3] TRACE org.hibernate.orm.jdbc.extract - extracted value (10:VARCHAR) -> [ROLE_ADMIN]
14:01:27.218 [https-jsse-nio-8443-exec-3] TRACE org.hibernate.orm.jdbc.extract - extracted value (13:BIGINT) -> [8]
14:01:27.218 [https-jsse-nio-8443-exec-3] TRACE org.hibernate.orm.jdbc.extract - extracted value (14:BOOLEAN) -> [false]
14:01:27.218 [https-jsse-nio-8443-exec-3] TRACE org.hibernate.orm.jdbc.extract - extracted value (15:VARCHAR) -> [BUILDING_EDIT]
14:01:27.218 [https-jsse-nio-8443-exec-3] TRACE org.hibernate.orm.jdbc.extract - extracted value (10:VARCHAR) -> [ROLE_ADMIN]
14:01:27.218 [https-jsse-nio-8443-exec-3] TRACE org.hibernate.orm.jdbc.extract - extracted value (13:BIGINT) -> [9]
14:01:27.219 [https-jsse-nio-8443-exec-3] TRACE org.hibernate.orm.jdbc.extract - extracted value (14:BOOLEAN) -> [false]
14:01:27.219 [https-jsse-nio-8443-exec-3] TRACE org.hibernate.orm.jdbc.extract - extracted value (15:VARCHAR) -> [BUILDING_DELETE]
14:01:27.219 [https-jsse-nio-8443-exec-3] DEBUG o.h.e.t.internal.TransactionImpl - committing
14:01:27.219 [https-jsse-nio-8443-exec-3] DEBUG o.s.jdbc.datasource.DataSourceUtils - Resetting read-only flag of JDBC Connection [HikariProxyConnection@394960043 wrapping oracle.jdbc.driver.T4CConnection@38419b4a]
14:01:27.220 [https-jsse-nio-8443-exec-3] DEBUG org.hibernate.SQL - 
    /* <criteria> */ select
        n1_0.id,
        n1_0.created_at,
        n1_0.is_read,
        n1_0.link,
        n1_0.message,
        n1_0.title,
        n1_0.username 
    from
        notification_table n1_0 
    where
        n1_0.username=? 
        and n1_0.is_read=0 
    order by
        n1_0.created_at desc 
    fetch
        first ? rows only
14:01:27.220 [https-jsse-nio-8443-exec-3] TRACE org.hibernate.orm.jdbc.bind - binding parameter (1:VARCHAR) <- [ali]
14:01:27.220 [https-jsse-nio-8443-exec-3] TRACE org.hibernate.orm.jdbc.bind - binding parameter (2:INTEGER) <- [5]
14:01:27.221 [https-jsse-nio-8443-exec-3] DEBUG org.hibernate.SQL - 
    /* <criteria> */ select
        count(n1_0.id) 
    from
        notification_table n1_0 
    where
        n1_0.username=? 
        and n1_0.is_read=0
14:01:27.221 [https-jsse-nio-8443-exec-3] TRACE org.hibernate.orm.jdbc.bind - binding parameter (1:VARCHAR) <- [ali]
14:01:27.222 [https-jsse-nio-8443-exec-3] TRACE org.hibernate.orm.jdbc.extract - extracted value (1:BIGINT) -> [0]
14:01:27.222 [https-jsse-nio-8443-exec-3] DEBUG org.hibernate.SQL - 
    /* <criteria> */ select
        count(t1_0.id) 
    from
        ticket_tbl t1_0 
    where
        (
            t1_0.deleted = 0
        ) 
        and t1_0.status=?
14:01:27.223 [https-jsse-nio-8443-exec-3] TRACE org.hibernate.orm.jdbc.bind - binding parameter (1:TINYINT) <- [NotSeen]
14:01:27.223 [https-jsse-nio-8443-exec-3] TRACE org.hibernate.orm.jdbc.extract - extracted value (1:BIGINT) -> [0]
14:01:27.223 [https-jsse-nio-8443-exec-3] INFO  i.c.exception.ResponseAspect - Web Controller: addNotifications
14:01:27.223 [https-jsse-nio-8443-exec-3] DEBUG o.s.s.a.m.AuthorizationManagerBeforeMethodInterceptor - Authorizing method invocation ReflectiveMethodInvocation: public java.lang.String ir.controller.web.ReportController.showReports(int,int,java.lang.Boolean,org.springframework.ui.Model); target is of class [ir.controller.web.ReportController]
14:01:27.224 [https-jsse-nio-8443-exec-3] DEBUG o.s.s.a.m.AuthorizationManagerBeforeMethodInterceptor - Authorized method invocation ReflectiveMethodInvocation: public java.lang.String ir.controller.web.ReportController.showReports(int,int,java.lang.Boolean,org.springframework.ui.Model); target is of class [ir.controller.web.ReportController]
14:01:27.225 [https-jsse-nio-8443-exec-3] DEBUG o.s.jdbc.datasource.DataSourceUtils - Setting JDBC Connection [HikariProxyConnection@394960043 wrapping oracle.jdbc.driver.T4CConnection@38419b4a] read-only
14:01:27.225 [https-jsse-nio-8443-exec-3] DEBUG o.h.e.t.internal.TransactionImpl - begin
14:01:27.226 [https-jsse-nio-8443-exec-3] DEBUG org.hibernate.SQL - 
    /* <criteria> */ select
        lstr1_0.id,
        lstr1_0.created_at,
        lstr1_0.from_date,
        lstr1_0.to_date 
    from
        low_score_ticket_report_table lstr1_0 
    order by
        lstr1_0.created_at 
    offset
        ? rows 
    fetch
        first ? rows only
14:01:27.226 [https-jsse-nio-8443-exec-3] TRACE org.hibernate.orm.jdbc.bind - binding parameter (1:INTEGER) <- [0]
14:01:27.226 [https-jsse-nio-8443-exec-3] TRACE org.hibernate.orm.jdbc.bind - binding parameter (2:INTEGER) <- [10]
14:01:27.228 [https-jsse-nio-8443-exec-3] DEBUG o.h.e.t.internal.TransactionImpl - committing
14:01:27.229 [https-jsse-nio-8443-exec-3] DEBUG o.s.jdbc.datasource.DataSourceUtils - Resetting read-only flag of JDBC Connection [HikariProxyConnection@394960043 wrapping oracle.jdbc.driver.T4CConnection@38419b4a]
14:01:27.229 [https-jsse-nio-8443-exec-3] INFO  i.c.exception.ResponseAspect - Web Controller: showReports
14:01:27.271 [https-jsse-nio-8443-exec-6] DEBUG o.s.security.web.FilterChainProxy - Securing GET /css/reset.css
14:01:27.271 [https-jsse-nio-8443-exec-6] DEBUG o.s.s.w.a.c.ChannelProcessingFilter - Request: filter invocation [GET /css/reset.css]; ConfigAttributes: [REQUIRES_SECURE_CHANNEL]
14:01:27.271 [https-jsse-nio-8443-exec-6] DEBUG o.s.security.web.FilterChainProxy - Secured GET /css/reset.css
14:01:27.272 [https-jsse-nio-8443-exec-6] DEBUG o.s.s.w.c.HttpSessionSecurityContextRepository - Retrieved SecurityContextImpl [Authentication=UsernamePasswordAuthenticationToken [Principal=ir.model.entity.CustomUserDetails@29c0617f, Credentials=[PROTECTED], Authenticated=true, Details=WebAuthenticationDetails [RemoteIpAddress=0:0:0:0:0:0:0:1, SessionId=null], Granted Authorities=[TICKET_EDIT, BUILDING_DELETE, TICKET_CHECK_SCORE, BUILDING_EDIT, BUILDING_CREATE, TICKET_CHECK_CLOSE, REPORT_VIEW, ROLE_ADMIN, TICKET_CREATE, TICKET_DELETE]]]
14:01:27.274 [https-jsse-nio-8443-exec-7] DEBUG o.s.security.web.FilterChainProxy - Securing GET /css/toast.css
14:01:27.274 [https-jsse-nio-8443-exec-9] DEBUG o.s.security.web.FilterChainProxy - Securing GET /css/bootstrap.min.css
14:01:27.274 [https-jsse-nio-8443-exec-1] DEBUG o.s.security.web.FilterChainProxy - Securing GET /css/fonts.min.css
14:01:27.274 [https-jsse-nio-8443-exec-4] DEBUG o.s.security.web.FilterChainProxy - Securing GET /css/fontawesome.css
14:01:27.275 [https-jsse-nio-8443-exec-1] DEBUG o.s.s.w.a.c.ChannelProcessingFilter - Request: filter invocation [GET /css/fonts.min.css]; ConfigAttributes: [REQUIRES_SECURE_CHANNEL]
14:01:27.275 [https-jsse-nio-8443-exec-7] DEBUG o.s.s.w.a.c.ChannelProcessingFilter - Request: filter invocation [GET /css/toast.css]; ConfigAttributes: [REQUIRES_SECURE_CHANNEL]
14:01:27.275 [https-jsse-nio-8443-exec-9] DEBUG o.s.s.w.a.c.ChannelProcessingFilter - Request: filter invocation [GET /css/bootstrap.min.css]; ConfigAttributes: [REQUIRES_SECURE_CHANNEL]
14:01:27.275 [https-jsse-nio-8443-exec-4] DEBUG o.s.s.w.a.c.ChannelProcessingFilter - Request: filter invocation [GET /css/fontawesome.css]; ConfigAttributes: [REQUIRES_SECURE_CHANNEL]
14:01:27.275 [https-jsse-nio-8443-exec-7] DEBUG o.s.security.web.FilterChainProxy - Secured GET /css/toast.css
14:01:27.275 [https-jsse-nio-8443-exec-4] DEBUG o.s.security.web.FilterChainProxy - Secured GET /css/fontawesome.css
14:01:27.275 [https-jsse-nio-8443-exec-1] DEBUG o.s.security.web.FilterChainProxy - Secured GET /css/fonts.min.css
14:01:27.275 [https-jsse-nio-8443-exec-9] DEBUG o.s.security.web.FilterChainProxy - Secured GET /css/bootstrap.min.css
14:01:27.275 [https-jsse-nio-8443-exec-2] DEBUG o.s.security.web.FilterChainProxy - Securing GET /css/styles.css
14:01:27.275 [https-jsse-nio-8443-exec-5] DEBUG o.s.security.web.FilterChainProxy - Securing GET /icons/mftlogo.png
14:01:27.275 [https-jsse-nio-8443-exec-2] DEBUG o.s.s.w.a.c.ChannelProcessingFilter - Request: filter invocation [GET /css/styles.css]; ConfigAttributes: [REQUIRES_SECURE_CHANNEL]
14:01:27.275 [https-jsse-nio-8443-exec-5] DEBUG o.s.s.w.a.c.ChannelProcessingFilter - Request: filter invocation [GET /icons/mftlogo.png]; ConfigAttributes: [REQUIRES_SECURE_CHANNEL]
14:01:27.276 [https-jsse-nio-8443-exec-2] DEBUG o.s.security.web.FilterChainProxy - Secured GET /css/styles.css
14:01:27.276 [https-jsse-nio-8443-exec-5] DEBUG o.s.security.web.FilterChainProxy - Secured GET /icons/mftlogo.png
14:01:27.276 [https-jsse-nio-8443-exec-7] DEBUG o.s.s.w.c.HttpSessionSecurityContextRepository - Retrieved SecurityContextImpl [Authentication=UsernamePasswordAuthenticationToken [Principal=ir.model.entity.CustomUserDetails@29c0617f, Credentials=[PROTECTED], Authenticated=true, Details=WebAuthenticationDetails [RemoteIpAddress=0:0:0:0:0:0:0:1, SessionId=null], Granted Authorities=[TICKET_EDIT, BUILDING_DELETE, TICKET_CHECK_SCORE, BUILDING_EDIT, BUILDING_CREATE, TICKET_CHECK_CLOSE, REPORT_VIEW, ROLE_ADMIN, TICKET_CREATE, TICKET_DELETE]]]
14:01:27.277 [https-jsse-nio-8443-exec-1] DEBUG o.s.s.w.c.HttpSessionSecurityContextRepository - Retrieved SecurityContextImpl [Authentication=UsernamePasswordAuthenticationToken [Principal=ir.model.entity.CustomUserDetails@29c0617f, Credentials=[PROTECTED], Authenticated=true, Details=WebAuthenticationDetails [RemoteIpAddress=0:0:0:0:0:0:0:1, SessionId=null], Granted Authorities=[TICKET_EDIT, BUILDING_DELETE, TICKET_CHECK_SCORE, BUILDING_EDIT, BUILDING_CREATE, TICKET_CHECK_CLOSE, REPORT_VIEW, ROLE_ADMIN, TICKET_CREATE, TICKET_DELETE]]]
14:01:27.277 [https-jsse-nio-8443-exec-2] DEBUG o.s.s.w.c.HttpSessionSecurityContextRepository - Retrieved SecurityContextImpl [Authentication=UsernamePasswordAuthenticationToken [Principal=ir.model.entity.CustomUserDetails@29c0617f, Credentials=[PROTECTED], Authenticated=true, Details=WebAuthenticationDetails [RemoteIpAddress=0:0:0:0:0:0:0:1, SessionId=null], Granted Authorities=[TICKET_EDIT, BUILDING_DELETE, TICKET_CHECK_SCORE, BUILDING_EDIT, BUILDING_CREATE, TICKET_CHECK_CLOSE, REPORT_VIEW, ROLE_ADMIN, TICKET_CREATE, TICKET_DELETE]]]
14:01:27.278 [https-jsse-nio-8443-exec-10] DEBUG o.s.security.web.FilterChainProxy - Securing GET /js/bootstrap.bundle.min.js
14:01:27.279 [https-jsse-nio-8443-exec-10] DEBUG o.s.s.w.a.c.ChannelProcessingFilter - Request: filter invocation [GET /js/bootstrap.bundle.min.js]; ConfigAttributes: [REQUIRES_SECURE_CHANNEL]
14:01:27.279 [https-jsse-nio-8443-exec-3] DEBUG o.s.security.web.FilterChainProxy - Securing GET /js/toast.js
14:01:27.279 [https-jsse-nio-8443-exec-8] DEBUG o.s.security.web.FilterChainProxy - Securing GET /js/fontawesome.js
14:01:27.279 [https-jsse-nio-8443-exec-5] DEBUG o.s.s.w.c.HttpSessionSecurityContextRepository - Retrieved SecurityContextImpl [Authentication=UsernamePasswordAuthenticationToken [Principal=ir.model.entity.CustomUserDetails@29c0617f, Credentials=[PROTECTED], Authenticated=true, Details=WebAuthenticationDetails [RemoteIpAddress=0:0:0:0:0:0:0:1, SessionId=null], Granted Authorities=[TICKET_EDIT, BUILDING_DELETE, TICKET_CHECK_SCORE, BUILDING_EDIT, BUILDING_CREATE, TICKET_CHECK_CLOSE, REPORT_VIEW, ROLE_ADMIN, TICKET_CREATE, TICKET_DELETE]]]
14:01:27.279 [https-jsse-nio-8443-exec-10] DEBUG o.s.security.web.FilterChainProxy - Secured GET /js/bootstrap.bundle.min.js
14:01:27.279 [https-jsse-nio-8443-exec-8] DEBUG o.s.s.w.a.c.ChannelProcessingFilter - Request: filter invocation [GET /js/fontawesome.js]; ConfigAttributes: [REQUIRES_SECURE_CHANNEL]
14:01:27.279 [https-jsse-nio-8443-exec-3] DEBUG o.s.s.w.a.c.ChannelProcessingFilter - Request: filter invocation [GET /js/toast.js]; ConfigAttributes: [REQUIRES_SECURE_CHANNEL]
14:01:27.279 [https-jsse-nio-8443-exec-8] DEBUG o.s.security.web.FilterChainProxy - Secured GET /js/fontawesome.js
14:01:27.279 [https-jsse-nio-8443-exec-3] DEBUG o.s.security.web.FilterChainProxy - Secured GET /js/toast.js
14:01:27.281 [https-jsse-nio-8443-exec-3] DEBUG o.s.s.w.c.HttpSessionSecurityContextRepository - Retrieved SecurityContextImpl [Authentication=UsernamePasswordAuthenticationToken [Principal=ir.model.entity.CustomUserDetails@29c0617f, Credentials=[PROTECTED], Authenticated=true, Details=WebAuthenticationDetails [RemoteIpAddress=0:0:0:0:0:0:0:1, SessionId=null], Granted Authorities=[TICKET_EDIT, BUILDING_DELETE, TICKET_CHECK_SCORE, BUILDING_EDIT, BUILDING_CREATE, TICKET_CHECK_CLOSE, REPORT_VIEW, ROLE_ADMIN, TICKET_CREATE, TICKET_DELETE]]]
14:01:27.281 [https-jsse-nio-8443-exec-6] DEBUG o.s.security.web.FilterChainProxy - Securing GET /js/script.js
14:01:27.281 [https-jsse-nio-8443-exec-6] DEBUG o.s.s.w.a.c.ChannelProcessingFilter - Request: filter invocation [GET /js/script.js]; ConfigAttributes: [REQUIRES_SECURE_CHANNEL]
14:01:27.282 [https-jsse-nio-8443-exec-6] DEBUG o.s.security.web.FilterChainProxy - Secured GET /js/script.js
14:01:27.283 [https-jsse-nio-8443-exec-7] DEBUG o.s.security.web.FilterChainProxy - Securing GET /js/reports-api.js
14:01:27.283 [https-jsse-nio-8443-exec-7] DEBUG o.s.s.w.a.c.ChannelProcessingFilter - Request: filter invocation [GET /js/reports-api.js]; ConfigAttributes: [REQUIRES_SECURE_CHANNEL]
14:01:27.283 [https-jsse-nio-8443-exec-7] DEBUG o.s.security.web.FilterChainProxy - Secured GET /js/reports-api.js
14:01:27.284 [https-jsse-nio-8443-exec-6] DEBUG o.s.s.w.c.HttpSessionSecurityContextRepository - Retrieved SecurityContextImpl [Authentication=UsernamePasswordAuthenticationToken [Principal=ir.model.entity.CustomUserDetails@29c0617f, Credentials=[PROTECTED], Authenticated=true, Details=WebAuthenticationDetails [RemoteIpAddress=0:0:0:0:0:0:0:1, SessionId=null], Granted Authorities=[TICKET_EDIT, BUILDING_DELETE, TICKET_CHECK_SCORE, BUILDING_EDIT, BUILDING_CREATE, TICKET_CHECK_CLOSE, REPORT_VIEW, ROLE_ADMIN, TICKET_CREATE, TICKET_DELETE]]]
14:01:27.287 [https-jsse-nio-8443-exec-10] DEBUG o.s.s.w.c.HttpSessionSecurityContextRepository - Retrieved SecurityContextImpl [Authentication=UsernamePasswordAuthenticationToken [Principal=ir.model.entity.CustomUserDetails@29c0617f, Credentials=[PROTECTED], Authenticated=true, Details=WebAuthenticationDetails [RemoteIpAddress=0:0:0:0:0:0:0:1, SessionId=null], Granted Authorities=[TICKET_EDIT, BUILDING_DELETE, TICKET_CHECK_SCORE, BUILDING_EDIT, BUILDING_CREATE, TICKET_CHECK_CLOSE, REPORT_VIEW, ROLE_ADMIN, TICKET_CREATE, TICKET_DELETE]]]
14:01:27.292 [https-jsse-nio-8443-exec-9] DEBUG o.s.s.w.c.HttpSessionSecurityContextRepository - Retrieved SecurityContextImpl [Authentication=UsernamePasswordAuthenticationToken [Principal=ir.model.entity.CustomUserDetails@29c0617f, Credentials=[PROTECTED], Authenticated=true, Details=WebAuthenticationDetails [RemoteIpAddress=0:0:0:0:0:0:0:1, SessionId=null], Granted Authorities=[TICKET_EDIT, BUILDING_DELETE, TICKET_CHECK_SCORE, BUILDING_EDIT, BUILDING_CREATE, TICKET_CHECK_CLOSE, REPORT_VIEW, ROLE_ADMIN, TICKET_CREATE, TICKET_DELETE]]]
14:01:27.302 [https-jsse-nio-8443-exec-4] DEBUG o.s.s.w.c.HttpSessionSecurityContextRepository - Retrieved SecurityContextImpl [Authentication=UsernamePasswordAuthenticationToken [Principal=ir.model.entity.CustomUserDetails@29c0617f, Credentials=[PROTECTED], Authenticated=true, Details=WebAuthenticationDetails [RemoteIpAddress=0:0:0:0:0:0:0:1, SessionId=null], Granted Authorities=[TICKET_EDIT, BUILDING_DELETE, TICKET_CHECK_SCORE, BUILDING_EDIT, BUILDING_CREATE, TICKET_CHECK_CLOSE, REPORT_VIEW, ROLE_ADMIN, TICKET_CREATE, TICKET_DELETE]]]
14:01:27.310 [https-jsse-nio-8443-exec-7] DEBUG o.s.s.w.c.HttpSessionSecurityContextRepository - Retrieved SecurityContextImpl [Authentication=UsernamePasswordAuthenticationToken [Principal=ir.model.entity.CustomUserDetails@29c0617f, Credentials=[PROTECTED], Authenticated=true, Details=WebAuthenticationDetails [RemoteIpAddress=0:0:0:0:0:0:0:1, SessionId=null], Granted Authorities=[TICKET_EDIT, BUILDING_DELETE, TICKET_CHECK_SCORE, BUILDING_EDIT, BUILDING_CREATE, TICKET_CHECK_CLOSE, REPORT_VIEW, ROLE_ADMIN, TICKET_CREATE, TICKET_DELETE]]]
14:01:27.333 [https-jsse-nio-8443-exec-2] DEBUG o.s.security.web.FilterChainProxy - Securing GET /webfonts/fa-brands-400.woff2
14:01:27.333 [https-jsse-nio-8443-exec-1] DEBUG o.s.security.web.FilterChainProxy - Securing GET /webfonts/fa-solid-900.woff2
14:01:27.333 [https-jsse-nio-8443-exec-2] DEBUG o.s.s.w.a.c.ChannelProcessingFilter - Request: filter invocation [GET /webfonts/fa-brands-400.woff2]; ConfigAttributes: [REQUIRES_SECURE_CHANNEL]
14:01:27.333 [https-jsse-nio-8443-exec-1] DEBUG o.s.s.w.a.c.ChannelProcessingFilter - Request: filter invocation [GET /webfonts/fa-solid-900.woff2]; ConfigAttributes: [REQUIRES_SECURE_CHANNEL]
14:01:27.334 [https-jsse-nio-8443-exec-1] DEBUG o.s.s.w.c.HttpSessionSecurityContextRepository - Retrieved SecurityContextImpl [Authentication=UsernamePasswordAuthenticationToken [Principal=ir.model.entity.CustomUserDetails@29c0617f, Credentials=[PROTECTED], Authenticated=true, Details=WebAuthenticationDetails [RemoteIpAddress=0:0:0:0:0:0:0:1, SessionId=null], Granted Authorities=[TICKET_EDIT, BUILDING_DELETE, TICKET_CHECK_SCORE, BUILDING_EDIT, BUILDING_CREATE, TICKET_CHECK_CLOSE, REPORT_VIEW, ROLE_ADMIN, TICKET_CREATE, TICKET_DELETE]]]
14:01:27.334 [https-jsse-nio-8443-exec-2] DEBUG o.s.s.w.c.HttpSessionSecurityContextRepository - Retrieved SecurityContextImpl [Authentication=UsernamePasswordAuthenticationToken [Principal=ir.model.entity.CustomUserDetails@29c0617f, Credentials=[PROTECTED], Authenticated=true, Details=WebAuthenticationDetails [RemoteIpAddress=0:0:0:0:0:0:0:1, SessionId=null], Granted Authorities=[TICKET_EDIT, BUILDING_DELETE, TICKET_CHECK_SCORE, BUILDING_EDIT, BUILDING_CREATE, TICKET_CHECK_CLOSE, REPORT_VIEW, ROLE_ADMIN, TICKET_CREATE, TICKET_DELETE]]]
14:01:27.334 [https-jsse-nio-8443-exec-1] DEBUG o.s.security.web.FilterChainProxy - Secured GET /webfonts/fa-solid-900.woff2
14:01:27.334 [https-jsse-nio-8443-exec-2] DEBUG o.s.security.web.FilterChainProxy - Secured GET /webfonts/fa-brands-400.woff2
14:01:27.769 [scheduling-1] DEBUG o.h.e.t.internal.TransactionImpl - On TransactionImpl creation, JpaCompliance#isJpaTransactionComplianceEnabled == false
14:01:27.769 [scheduling-1] DEBUG o.h.e.t.internal.TransactionImpl - begin
14:01:27.771 [scheduling-1] DEBUG org.hibernate.SQL - 
    /* <criteria> */ select
        oe1_0.id,
        oe1_0.aggregate_id,
        oe1_0.aggregate_type,
        oe1_0.created_at,
        oe1_0.deleted,
        oe1_0.event_type,
        oe1_0.payload,
        oe1_0.published 
    from
        outbox_tbl oe1_0 
    where
        (
            oe1_0.deleted = 0
        ) 
        and oe1_0.published=0 
    order by
        oe1_0.created_at
14:01:27.771 [scheduling-1] DEBUG o.h.e.t.internal.TransactionImpl - committing
14:01:27.801 [https-jsse-nio-8443-exec-8] DEBUG o.s.s.w.c.HttpSessionSecurityContextRepository - Retrieved SecurityContextImpl [Authentication=UsernamePasswordAuthenticationToken [Principal=ir.model.entity.CustomUserDetails@29c0617f, Credentials=[PROTECTED], Authenticated=true, Details=WebAuthenticationDetails [RemoteIpAddress=0:0:0:0:0:0:0:1, SessionId=null], Granted Authorities=[TICKET_EDIT, BUILDING_DELETE, TICKET_CHECK_SCORE, BUILDING_EDIT, BUILDING_CREATE, TICKET_CHECK_CLOSE, REPORT_VIEW, ROLE_ADMIN, TICKET_CREATE, TICKET_DELETE]]]
14:01:27.886 [https-jsse-nio-8443-exec-5] DEBUG o.s.security.web.FilterChainProxy - Securing GET /reports?page=0&size=10&fragment=true
14:01:27.886 [https-jsse-nio-8443-exec-5] DEBUG o.s.s.w.a.c.ChannelProcessingFilter - Request: filter invocation [GET /reports?page=0&size=10&fragment=true]; ConfigAttributes: [REQUIRES_SECURE_CHANNEL]
14:01:27.887 [https-jsse-nio-8443-exec-5] DEBUG o.s.s.w.c.HttpSessionSecurityContextRepository - Retrieved SecurityContextImpl [Authentication=UsernamePasswordAuthenticationToken [Principal=ir.model.entity.CustomUserDetails@29c0617f, Credentials=[PROTECTED], Authenticated=true, Details=WebAuthenticationDetails [RemoteIpAddress=0:0:0:0:0:0:0:1, SessionId=null], Granted Authorities=[TICKET_EDIT, BUILDING_DELETE, TICKET_CHECK_SCORE, BUILDING_EDIT, BUILDING_CREATE, TICKET_CHECK_CLOSE, REPORT_VIEW, ROLE_ADMIN, TICKET_CREATE, TICKET_DELETE]]]
14:01:27.887 [https-jsse-nio-8443-exec-5] DEBUG o.s.security.web.FilterChainProxy - Secured GET /reports?page=0&size=10&fragment=true
14:01:27.887 [https-jsse-nio-8443-exec-5] DEBUG o.s.jdbc.datasource.DataSourceUtils - Setting JDBC Connection [HikariProxyConnection@1627053249 wrapping oracle.jdbc.driver.T4CConnection@38419b4a] read-only
14:01:27.887 [https-jsse-nio-8443-exec-5] DEBUG o.h.e.t.internal.TransactionImpl - On TransactionImpl creation, JpaCompliance#isJpaTransactionComplianceEnabled == false
14:01:27.887 [https-jsse-nio-8443-exec-5] DEBUG o.h.e.t.internal.TransactionImpl - begin
14:01:27.888 [https-jsse-nio-8443-exec-5] DEBUG org.hibernate.SQL - 
    select
        u1_0.username,
        u1_0.account_non_expired,
        u1_0.account_non_locked,
        u1_0.credentials_expiry_date,
        u1_0.credentials_non_expired,
        u1_0.deleted,
        u1_0.enabled,
        u1_0.password,
        rs1_0.username,
        rs1_1.name,
        rs1_1.deleted,
        ps1_0.role_name,
        ps1_1.id,
        ps1_1.deleted,
        ps1_1.permission 
    from
        user_tbl u1_0 
    left join
        (user_role_tbl rs1_0 
    join
        role_tbl rs1_1 
            on rs1_1.name=rs1_0.role_name) 
        on u1_0.username=rs1_0.username 
        and ( rs1_1.deleted = 0) 
    left join
        (role_permission_tbl ps1_0 
    join
        permission_tbl ps1_1 
            on ps1_1.id=ps1_0.permission) 
        on rs1_1.name=ps1_0.role_name 
        and ( ps1_1.deleted = 0) 
    where
        u1_0.username=? 
        and (
            u1_0.deleted = 0
        )
14:01:27.888 [https-jsse-nio-8443-exec-5] TRACE org.hibernate.orm.jdbc.bind - binding parameter (1:VARCHAR) <- [ali]
14:01:27.889 [https-jsse-nio-8443-exec-5] TRACE org.hibernate.orm.jdbc.extract - extracted value (9:VARCHAR) -> [ali]
14:01:27.889 [https-jsse-nio-8443-exec-5] TRACE org.hibernate.orm.jdbc.extract - extracted value (10:VARCHAR) -> [ROLE_ADMIN]
14:01:27.889 [https-jsse-nio-8443-exec-5] TRACE org.hibernate.orm.jdbc.extract - extracted value (12:VARCHAR) -> [ROLE_ADMIN]
14:01:27.889 [https-jsse-nio-8443-exec-5] TRACE org.hibernate.orm.jdbc.extract - extracted value (13:BIGINT) -> [1]
14:01:27.890 [https-jsse-nio-8443-exec-5] TRACE org.hibernate.orm.jdbc.extract - extracted value (14:BOOLEAN) -> [false]
14:01:27.890 [https-jsse-nio-8443-exec-5] TRACE org.hibernate.orm.jdbc.extract - extracted value (15:VARCHAR) -> [TICKET_CREATE]
14:01:27.890 [https-jsse-nio-8443-exec-5] TRACE org.hibernate.orm.jdbc.extract - extracted value (11:BOOLEAN) -> [false]
14:01:27.890 [https-jsse-nio-8443-exec-5] TRACE org.hibernate.orm.jdbc.extract - extracted value (2:BOOLEAN) -> [true]
14:01:27.890 [https-jsse-nio-8443-exec-5] TRACE org.hibernate.orm.jdbc.extract - extracted value (3:BOOLEAN) -> [true]
14:01:27.890 [https-jsse-nio-8443-exec-5] TRACE org.hibernate.orm.jdbc.extract - extracted value (4:TIMESTAMP) -> [2026-08-03T18:03:44.737555]
14:01:27.890 [https-jsse-nio-8443-exec-5] TRACE org.hibernate.orm.jdbc.extract - extracted value (5:BOOLEAN) -> [true]
14:01:27.890 [https-jsse-nio-8443-exec-5] TRACE org.hibernate.orm.jdbc.extract - extracted value (6:BOOLEAN) -> [false]
14:01:27.890 [https-jsse-nio-8443-exec-5] TRACE org.hibernate.orm.jdbc.extract - extracted value (7:BOOLEAN) -> [true]
14:01:27.890 [https-jsse-nio-8443-exec-5] TRACE org.hibernate.orm.jdbc.extract - extracted value (8:VARCHAR) -> [$2a$12$zWjkkNI6AJKAxh71k9FGeekl8NyE861fVAn0dtmHT4Ve90RbP/.qO]
14:01:27.890 [https-jsse-nio-8443-exec-5] TRACE org.hibernate.orm.jdbc.extract - extracted value (10:VARCHAR) -> [ROLE_ADMIN]
14:01:27.890 [https-jsse-nio-8443-exec-5] TRACE org.hibernate.orm.jdbc.extract - extracted value (13:BIGINT) -> [2]
14:01:27.890 [https-jsse-nio-8443-exec-5] TRACE org.hibernate.orm.jdbc.extract - extracted value (14:BOOLEAN) -> [false]
14:01:27.890 [https-jsse-nio-8443-exec-5] TRACE org.hibernate.orm.jdbc.extract - extracted value (15:VARCHAR) -> [TICKET_EDIT]
14:01:27.890 [https-jsse-nio-8443-exec-5] TRACE org.hibernate.orm.jdbc.extract - extracted value (10:VARCHAR) -> [ROLE_ADMIN]
14:01:27.890 [https-jsse-nio-8443-exec-5] TRACE org.hibernate.orm.jdbc.extract - extracted value (13:BIGINT) -> [3]
14:01:27.890 [https-jsse-nio-8443-exec-5] TRACE org.hibernate.orm.jdbc.extract - extracted value (14:BOOLEAN) -> [false]
14:01:27.890 [https-jsse-nio-8443-exec-5] TRACE org.hibernate.orm.jdbc.extract - extracted value (15:VARCHAR) -> [TICKET_DELETE]
14:01:27.890 [https-jsse-nio-8443-exec-5] TRACE org.hibernate.orm.jdbc.extract - extracted value (10:VARCHAR) -> [ROLE_ADMIN]
14:01:27.890 [https-jsse-nio-8443-exec-5] TRACE org.hibernate.orm.jdbc.extract - extracted value (13:BIGINT) -> [4]
14:01:27.890 [https-jsse-nio-8443-exec-5] TRACE org.hibernate.orm.jdbc.extract - extracted value (14:BOOLEAN) -> [false]
14:01:27.890 [https-jsse-nio-8443-exec-5] TRACE org.hibernate.orm.jdbc.extract - extracted value (15:VARCHAR) -> [REPORT_VIEW]
14:01:27.890 [https-jsse-nio-8443-exec-5] TRACE org.hibernate.orm.jdbc.extract - extracted value (10:VARCHAR) -> [ROLE_ADMIN]
14:01:27.890 [https-jsse-nio-8443-exec-5] TRACE org.hibernate.orm.jdbc.extract - extracted value (13:BIGINT) -> [5]
14:01:27.890 [https-jsse-nio-8443-exec-5] TRACE org.hibernate.orm.jdbc.extract - extracted value (14:BOOLEAN) -> [false]
14:01:27.890 [https-jsse-nio-8443-exec-5] TRACE org.hibernate.orm.jdbc.extract - extracted value (15:VARCHAR) -> [TICKET_CHECK_SCORE]
14:01:27.890 [https-jsse-nio-8443-exec-5] TRACE org.hibernate.orm.jdbc.extract - extracted value (10:VARCHAR) -> [ROLE_ADMIN]
14:01:27.890 [https-jsse-nio-8443-exec-5] TRACE org.hibernate.orm.jdbc.extract - extracted value (13:BIGINT) -> [6]
14:01:27.890 [https-jsse-nio-8443-exec-5] TRACE org.hibernate.orm.jdbc.extract - extracted value (14:BOOLEAN) -> [false]
14:01:27.890 [https-jsse-nio-8443-exec-5] TRACE org.hibernate.orm.jdbc.extract - extracted value (15:VARCHAR) -> [TICKET_CHECK_CLOSE]
14:01:27.890 [https-jsse-nio-8443-exec-5] TRACE org.hibernate.orm.jdbc.extract - extracted value (10:VARCHAR) -> [ROLE_ADMIN]
14:01:27.891 [https-jsse-nio-8443-exec-5] TRACE org.hibernate.orm.jdbc.extract - extracted value (13:BIGINT) -> [7]
14:01:27.891 [https-jsse-nio-8443-exec-5] TRACE org.hibernate.orm.jdbc.extract - extracted value (14:BOOLEAN) -> [false]
14:01:27.891 [https-jsse-nio-8443-exec-5] TRACE org.hibernate.orm.jdbc.extract - extracted value (15:VARCHAR) -> [BUILDING_CREATE]
14:01:27.891 [https-jsse-nio-8443-exec-5] TRACE org.hibernate.orm.jdbc.extract - extracted value (10:VARCHAR) -> [ROLE_ADMIN]
14:01:27.891 [https-jsse-nio-8443-exec-5] TRACE org.hibernate.orm.jdbc.extract - extracted value (13:BIGINT) -> [8]
14:01:27.891 [https-jsse-nio-8443-exec-5] TRACE org.hibernate.orm.jdbc.extract - extracted value (14:BOOLEAN) -> [false]
14:01:27.891 [https-jsse-nio-8443-exec-5] TRACE org.hibernate.orm.jdbc.extract - extracted value (15:VARCHAR) -> [BUILDING_EDIT]
14:01:27.891 [https-jsse-nio-8443-exec-5] TRACE org.hibernate.orm.jdbc.extract - extracted value (10:VARCHAR) -> [ROLE_ADMIN]
14:01:27.891 [https-jsse-nio-8443-exec-5] TRACE org.hibernate.orm.jdbc.extract - extracted value (13:BIGINT) -> [9]
14:01:27.891 [https-jsse-nio-8443-exec-5] TRACE org.hibernate.orm.jdbc.extract - extracted value (14:BOOLEAN) -> [false]
14:01:27.891 [https-jsse-nio-8443-exec-5] TRACE org.hibernate.orm.jdbc.extract - extracted value (15:VARCHAR) -> [BUILDING_DELETE]
14:01:27.891 [https-jsse-nio-8443-exec-5] DEBUG o.h.e.t.internal.TransactionImpl - committing
14:01:27.892 [https-jsse-nio-8443-exec-5] DEBUG o.s.jdbc.datasource.DataSourceUtils - Resetting read-only flag of JDBC Connection [HikariProxyConnection@1627053249 wrapping oracle.jdbc.driver.T4CConnection@38419b4a]
14:01:27.893 [https-jsse-nio-8443-exec-5] DEBUG org.hibernate.SQL - 
    /* <criteria> */ select
        n1_0.id,
        n1_0.created_at,
        n1_0.is_read,
        n1_0.link,
        n1_0.message,
        n1_0.title,
        n1_0.username 
    from
        notification_table n1_0 
    where
        n1_0.username=? 
        and n1_0.is_read=0 
    order by
        n1_0.created_at desc 
    fetch
        first ? rows only
14:01:27.893 [https-jsse-nio-8443-exec-5] TRACE org.hibernate.orm.jdbc.bind - binding parameter (1:VARCHAR) <- [ali]
14:01:27.893 [https-jsse-nio-8443-exec-5] TRACE org.hibernate.orm.jdbc.bind - binding parameter (2:INTEGER) <- [5]
14:01:27.895 [https-jsse-nio-8443-exec-5] DEBUG org.hibernate.SQL - 
    /* <criteria> */ select
        count(n1_0.id) 
    from
        notification_table n1_0 
    where
        n1_0.username=? 
        and n1_0.is_read=0
14:01:27.895 [https-jsse-nio-8443-exec-5] TRACE org.hibernate.orm.jdbc.bind - binding parameter (1:VARCHAR) <- [ali]
14:01:27.896 [https-jsse-nio-8443-exec-5] TRACE org.hibernate.orm.jdbc.extract - extracted value (1:BIGINT) -> [0]
14:01:27.896 [https-jsse-nio-8443-exec-5] DEBUG org.hibernate.SQL - 
    /* <criteria> */ select
        count(t1_0.id) 
    from
        ticket_tbl t1_0 
    where
        (
            t1_0.deleted = 0
        ) 
        and t1_0.status=?
14:01:27.896 [https-jsse-nio-8443-exec-5] TRACE org.hibernate.orm.jdbc.bind - binding parameter (1:TINYINT) <- [NotSeen]
14:01:27.897 [https-jsse-nio-8443-exec-5] TRACE org.hibernate.orm.jdbc.extract - extracted value (1:BIGINT) -> [0]
14:01:27.898 [https-jsse-nio-8443-exec-5] INFO  i.c.exception.ResponseAspect - Web Controller: addNotifications
14:01:27.898 [https-jsse-nio-8443-exec-5] DEBUG o.s.s.a.m.AuthorizationManagerBeforeMethodInterceptor - Authorizing method invocation ReflectiveMethodInvocation: public java.lang.String ir.controller.web.ReportController.showReports(int,int,java.lang.Boolean,org.springframework.ui.Model); target is of class [ir.controller.web.ReportController]
14:01:27.898 [https-jsse-nio-8443-exec-5] DEBUG o.s.s.a.m.AuthorizationManagerBeforeMethodInterceptor - Authorized method invocation ReflectiveMethodInvocation: public java.lang.String ir.controller.web.ReportController.showReports(int,int,java.lang.Boolean,org.springframework.ui.Model); target is of class [ir.controller.web.ReportController]
14:01:27.898 [https-jsse-nio-8443-exec-5] DEBUG o.s.jdbc.datasource.DataSourceUtils - Setting JDBC Connection [HikariProxyConnection@1627053249 wrapping oracle.jdbc.driver.T4CConnection@38419b4a] read-only
14:01:27.898 [https-jsse-nio-8443-exec-5] DEBUG o.h.e.t.internal.TransactionImpl - begin
14:01:27.899 [https-jsse-nio-8443-exec-5] DEBUG org.hibernate.SQL - 
    /* <criteria> */ select
        lstr1_0.id,
        lstr1_0.created_at,
        lstr1_0.from_date,
        lstr1_0.to_date 
    from
        low_score_ticket_report_table lstr1_0 
    order by
        lstr1_0.created_at 
    offset
        ? rows 
    fetch
        first ? rows only
14:01:27.899 [https-jsse-nio-8443-exec-5] TRACE org.hibernate.orm.jdbc.bind - binding parameter (1:INTEGER) <- [0]
14:01:27.899 [https-jsse-nio-8443-exec-5] TRACE org.hibernate.orm.jdbc.bind - binding parameter (2:INTEGER) <- [10]
14:01:27.900 [https-jsse-nio-8443-exec-5] DEBUG o.h.e.t.internal.TransactionImpl - committing
14:01:27.900 [https-jsse-nio-8443-exec-5] DEBUG o.s.jdbc.datasource.DataSourceUtils - Resetting read-only flag of JDBC Connection [HikariProxyConnection@1627053249 wrapping oracle.jdbc.driver.T4CConnection@38419b4a]
14:01:27.900 [https-jsse-nio-8443-exec-5] INFO  i.c.exception.ResponseAspect - Web Controller: showReports
14:01:29.393 [https-jsse-nio-8443-exec-3] DEBUG o.s.security.web.FilterChainProxy - Securing GET /tickets
14:01:29.393 [https-jsse-nio-8443-exec-3] DEBUG o.s.s.w.a.c.ChannelProcessingFilter - Request: filter invocation [GET /tickets]; ConfigAttributes: [REQUIRES_SECURE_CHANNEL]
14:01:29.394 [https-jsse-nio-8443-exec-3] DEBUG o.s.s.w.c.HttpSessionSecurityContextRepository - Retrieved SecurityContextImpl [Authentication=UsernamePasswordAuthenticationToken [Principal=ir.model.entity.CustomUserDetails@29c0617f, Credentials=[PROTECTED], Authenticated=true, Details=WebAuthenticationDetails [RemoteIpAddress=0:0:0:0:0:0:0:1, SessionId=null], Granted Authorities=[TICKET_EDIT, BUILDING_DELETE, TICKET_CHECK_SCORE, BUILDING_EDIT, BUILDING_CREATE, TICKET_CHECK_CLOSE, REPORT_VIEW, ROLE_ADMIN, TICKET_CREATE, TICKET_DELETE]]]
14:01:29.394 [https-jsse-nio-8443-exec-3] DEBUG o.s.security.web.FilterChainProxy - Secured GET /tickets
14:01:29.396 [https-jsse-nio-8443-exec-3] DEBUG o.s.jdbc.datasource.DataSourceUtils - Setting JDBC Connection [HikariProxyConnection@1785014722 wrapping oracle.jdbc.driver.T4CConnection@38419b4a] read-only
14:01:29.396 [https-jsse-nio-8443-exec-3] DEBUG o.h.e.t.internal.TransactionImpl - On TransactionImpl creation, JpaCompliance#isJpaTransactionComplianceEnabled == false
14:01:29.396 [https-jsse-nio-8443-exec-3] DEBUG o.h.e.t.internal.TransactionImpl - begin
14:01:29.397 [https-jsse-nio-8443-exec-3] DEBUG org.hibernate.SQL - 
    select
        u1_0.username,
        u1_0.account_non_expired,
        u1_0.account_non_locked,
        u1_0.credentials_expiry_date,
        u1_0.credentials_non_expired,
        u1_0.deleted,
        u1_0.enabled,
        u1_0.password,
        rs1_0.username,
        rs1_1.name,
        rs1_1.deleted,
        ps1_0.role_name,
        ps1_1.id,
        ps1_1.deleted,
        ps1_1.permission 
    from
        user_tbl u1_0 
    left join
        (user_role_tbl rs1_0 
    join
        role_tbl rs1_1 
            on rs1_1.name=rs1_0.role_name) 
        on u1_0.username=rs1_0.username 
        and ( rs1_1.deleted = 0) 
    left join
        (role_permission_tbl ps1_0 
    join
        permission_tbl ps1_1 
            on ps1_1.id=ps1_0.permission) 
        on rs1_1.name=ps1_0.role_name 
        and ( ps1_1.deleted = 0) 
    where
        u1_0.username=? 
        and (
            u1_0.deleted = 0
        )
14:01:29.398 [https-jsse-nio-8443-exec-3] TRACE org.hibernate.orm.jdbc.bind - binding parameter (1:VARCHAR) <- [ali]
14:01:29.399 [https-jsse-nio-8443-exec-3] TRACE org.hibernate.orm.jdbc.extract - extracted value (9:VARCHAR) -> [ali]
14:01:29.399 [https-jsse-nio-8443-exec-3] TRACE org.hibernate.orm.jdbc.extract - extracted value (10:VARCHAR) -> [ROLE_ADMIN]
14:01:29.399 [https-jsse-nio-8443-exec-3] TRACE org.hibernate.orm.jdbc.extract - extracted value (12:VARCHAR) -> [ROLE_ADMIN]
14:01:29.399 [https-jsse-nio-8443-exec-3] TRACE org.hibernate.orm.jdbc.extract - extracted value (13:BIGINT) -> [1]
14:01:29.399 [https-jsse-nio-8443-exec-3] TRACE org.hibernate.orm.jdbc.extract - extracted value (14:BOOLEAN) -> [false]
14:01:29.399 [https-jsse-nio-8443-exec-3] TRACE org.hibernate.orm.jdbc.extract - extracted value (15:VARCHAR) -> [TICKET_CREATE]
14:01:29.399 [https-jsse-nio-8443-exec-3] TRACE org.hibernate.orm.jdbc.extract - extracted value (11:BOOLEAN) -> [false]
14:01:29.399 [https-jsse-nio-8443-exec-3] TRACE org.hibernate.orm.jdbc.extract - extracted value (2:BOOLEAN) -> [true]
14:01:29.399 [https-jsse-nio-8443-exec-3] TRACE org.hibernate.orm.jdbc.extract - extracted value (3:BOOLEAN) -> [true]
14:01:29.400 [https-jsse-nio-8443-exec-3] TRACE org.hibernate.orm.jdbc.extract - extracted value (4:TIMESTAMP) -> [2026-08-03T18:03:44.737555]
14:01:29.400 [https-jsse-nio-8443-exec-3] TRACE org.hibernate.orm.jdbc.extract - extracted value (5:BOOLEAN) -> [true]
14:01:29.400 [https-jsse-nio-8443-exec-3] TRACE org.hibernate.orm.jdbc.extract - extracted value (6:BOOLEAN) -> [false]
14:01:29.400 [https-jsse-nio-8443-exec-3] TRACE org.hibernate.orm.jdbc.extract - extracted value (7:BOOLEAN) -> [true]
14:01:29.400 [https-jsse-nio-8443-exec-3] TRACE org.hibernate.orm.jdbc.extract - extracted value (8:VARCHAR) -> [$2a$12$zWjkkNI6AJKAxh71k9FGeekl8NyE861fVAn0dtmHT4Ve90RbP/.qO]
14:01:29.400 [https-jsse-nio-8443-exec-3] TRACE org.hibernate.orm.jdbc.extract - extracted value (10:VARCHAR) -> [ROLE_ADMIN]
14:01:29.400 [https-jsse-nio-8443-exec-3] TRACE org.hibernate.orm.jdbc.extract - extracted value (13:BIGINT) -> [2]
14:01:29.400 [https-jsse-nio-8443-exec-3] TRACE org.hibernate.orm.jdbc.extract - extracted value (14:BOOLEAN) -> [false]
14:01:29.400 [https-jsse-nio-8443-exec-3] TRACE org.hibernate.orm.jdbc.extract - extracted value (15:VARCHAR) -> [TICKET_EDIT]
14:01:29.400 [https-jsse-nio-8443-exec-3] TRACE org.hibernate.orm.jdbc.extract - extracted value (10:VARCHAR) -> [ROLE_ADMIN]
14:01:29.400 [https-jsse-nio-8443-exec-3] TRACE org.hibernate.orm.jdbc.extract - extracted value (13:BIGINT) -> [3]
14:01:29.400 [https-jsse-nio-8443-exec-3] TRACE org.hibernate.orm.jdbc.extract - extracted value (14:BOOLEAN) -> [false]
14:01:29.400 [https-jsse-nio-8443-exec-3] TRACE org.hibernate.orm.jdbc.extract - extracted value (15:VARCHAR) -> [TICKET_DELETE]
14:01:29.400 [https-jsse-nio-8443-exec-3] TRACE org.hibernate.orm.jdbc.extract - extracted value (10:VARCHAR) -> [ROLE_ADMIN]
14:01:29.401 [https-jsse-nio-8443-exec-3] TRACE org.hibernate.orm.jdbc.extract - extracted value (13:BIGINT) -> [4]
14:01:29.401 [https-jsse-nio-8443-exec-3] TRACE org.hibernate.orm.jdbc.extract - extracted value (14:BOOLEAN) -> [false]
14:01:29.401 [https-jsse-nio-8443-exec-3] TRACE org.hibernate.orm.jdbc.extract - extracted value (15:VARCHAR) -> [REPORT_VIEW]
14:01:29.401 [https-jsse-nio-8443-exec-3] TRACE org.hibernate.orm.jdbc.extract - extracted value (10:VARCHAR) -> [ROLE_ADMIN]
14:01:29.401 [https-jsse-nio-8443-exec-3] TRACE org.hibernate.orm.jdbc.extract - extracted value (13:BIGINT) -> [5]
14:01:29.401 [https-jsse-nio-8443-exec-3] TRACE org.hibernate.orm.jdbc.extract - extracted value (14:BOOLEAN) -> [false]
14:01:29.401 [https-jsse-nio-8443-exec-3] TRACE org.hibernate.orm.jdbc.extract - extracted value (15:VARCHAR) -> [TICKET_CHECK_SCORE]
14:01:29.401 [https-jsse-nio-8443-exec-3] TRACE org.hibernate.orm.jdbc.extract - extracted value (10:VARCHAR) -> [ROLE_ADMIN]
14:01:29.401 [https-jsse-nio-8443-exec-3] TRACE org.hibernate.orm.jdbc.extract - extracted value (13:BIGINT) -> [6]
14:01:29.401 [https-jsse-nio-8443-exec-3] TRACE org.hibernate.orm.jdbc.extract - extracted value (14:BOOLEAN) -> [false]
14:01:29.401 [https-jsse-nio-8443-exec-3] TRACE org.hibernate.orm.jdbc.extract - extracted value (15:VARCHAR) -> [TICKET_CHECK_CLOSE]
14:01:29.401 [https-jsse-nio-8443-exec-3] TRACE org.hibernate.orm.jdbc.extract - extracted value (10:VARCHAR) -> [ROLE_ADMIN]
14:01:29.401 [https-jsse-nio-8443-exec-3] TRACE org.hibernate.orm.jdbc.extract - extracted value (13:BIGINT) -> [7]
14:01:29.401 [https-jsse-nio-8443-exec-3] TRACE org.hibernate.orm.jdbc.extract - extracted value (14:BOOLEAN) -> [false]
14:01:29.401 [https-jsse-nio-8443-exec-3] TRACE org.hibernate.orm.jdbc.extract - extracted value (15:VARCHAR) -> [BUILDING_CREATE]
14:01:29.401 [https-jsse-nio-8443-exec-3] TRACE org.hibernate.orm.jdbc.extract - extracted value (10:VARCHAR) -> [ROLE_ADMIN]
14:01:29.401 [https-jsse-nio-8443-exec-3] TRACE org.hibernate.orm.jdbc.extract - extracted value (13:BIGINT) -> [8]
14:01:29.401 [https-jsse-nio-8443-exec-3] TRACE org.hibernate.orm.jdbc.extract - extracted value (14:BOOLEAN) -> [false]
14:01:29.401 [https-jsse-nio-8443-exec-3] TRACE org.hibernate.orm.jdbc.extract - extracted value (15:VARCHAR) -> [BUILDING_EDIT]
14:01:29.401 [https-jsse-nio-8443-exec-3] TRACE org.hibernate.orm.jdbc.extract - extracted value (10:VARCHAR) -> [ROLE_ADMIN]
14:01:29.402 [https-jsse-nio-8443-exec-3] TRACE org.hibernate.orm.jdbc.extract - extracted value (13:BIGINT) -> [9]
14:01:29.402 [https-jsse-nio-8443-exec-3] TRACE org.hibernate.orm.jdbc.extract - extracted value (14:BOOLEAN) -> [false]
14:01:29.402 [https-jsse-nio-8443-exec-3] TRACE org.hibernate.orm.jdbc.extract - extracted value (15:VARCHAR) -> [BUILDING_DELETE]
14:01:29.402 [https-jsse-nio-8443-exec-3] DEBUG o.h.e.t.internal.TransactionImpl - committing
14:01:29.403 [https-jsse-nio-8443-exec-3] DEBUG o.s.jdbc.datasource.DataSourceUtils - Resetting read-only flag of JDBC Connection [HikariProxyConnection@1785014722 wrapping oracle.jdbc.driver.T4CConnection@38419b4a]
14:01:29.405 [https-jsse-nio-8443-exec-3] DEBUG org.hibernate.SQL - 
    /* <criteria> */ select
        n1_0.id,
        n1_0.created_at,
        n1_0.is_read,
        n1_0.link,
        n1_0.message,
        n1_0.title,
        n1_0.username 
    from
        notification_table n1_0 
    where
        n1_0.username=? 
        and n1_0.is_read=0 
    order by
        n1_0.created_at desc 
    fetch
        first ? rows only
14:01:29.405 [https-jsse-nio-8443-exec-3] TRACE org.hibernate.orm.jdbc.bind - binding parameter (1:VARCHAR) <- [ali]
14:01:29.405 [https-jsse-nio-8443-exec-3] TRACE org.hibernate.orm.jdbc.bind - binding parameter (2:INTEGER) <- [5]
14:01:29.408 [https-jsse-nio-8443-exec-3] DEBUG org.hibernate.SQL - 
    /* <criteria> */ select
        count(n1_0.id) 
    from
        notification_table n1_0 
    where
        n1_0.username=? 
        and n1_0.is_read=0
14:01:29.408 [https-jsse-nio-8443-exec-3] TRACE org.hibernate.orm.jdbc.bind - binding parameter (1:VARCHAR) <- [ali]
14:01:29.408 [https-jsse-nio-8443-exec-3] TRACE org.hibernate.orm.jdbc.extract - extracted value (1:BIGINT) -> [0]
14:01:29.409 [https-jsse-nio-8443-exec-3] DEBUG org.hibernate.SQL - 
    /* <criteria> */ select
        count(t1_0.id) 
    from
        ticket_tbl t1_0 
    where
        (
            t1_0.deleted = 0
        ) 
        and t1_0.status=?
14:01:29.409 [https-jsse-nio-8443-exec-3] TRACE org.hibernate.orm.jdbc.bind - binding parameter (1:TINYINT) <- [NotSeen]
14:01:29.409 [https-jsse-nio-8443-exec-3] TRACE org.hibernate.orm.jdbc.extract - extracted value (1:BIGINT) -> [0]
14:01:29.409 [https-jsse-nio-8443-exec-3] INFO  i.c.exception.ResponseAspect - Web Controller: addNotifications
14:01:29.412 [https-jsse-nio-8443-exec-3] DEBUG org.hibernate.SQL - 
    /* <criteria> */ select
        t1_0.id,
        t1_0.customer,
        t1_0.date_time,
        t1_0.deleted,
        t1_0.score,
        t1_0.section_id,
        t1_0.status,
        t1_0.title 
    from
        ticket_tbl t1_0 
    where
        (
            t1_0.deleted = 0
        ) 
    order by
        t1_0.date_time,
        t1_0.date_time 
    fetch
        first ? rows only
14:01:29.412 [https-jsse-nio-8443-exec-3] TRACE org.hibernate.orm.jdbc.bind - binding parameter (1:INTEGER) <- [10]
14:01:29.415 [https-jsse-nio-8443-exec-3] TRACE org.hibernate.orm.jdbc.extract - extracted value (1:BIGINT) -> [1]
14:01:29.415 [https-jsse-nio-8443-exec-3] TRACE org.hibernate.orm.jdbc.extract - extracted value (2:VARCHAR) -> [hasan]
14:01:29.415 [https-jsse-nio-8443-exec-3] DEBUG org.hibernate.SQL - 
    select
        u1_0.username,
        u1_0.account_non_expired,
        u1_0.account_non_locked,
        u1_0.credentials_expiry_date,
        u1_0.credentials_non_expired,
        u1_0.deleted,
        u1_0.enabled,
        u1_0.password,
        rs1_0.username,
        rs1_1.name,
        rs1_1.deleted,
        ps1_0.role_name,
        ps1_1.id,
        ps1_1.deleted,
        ps1_1.permission 
    from
        user_tbl u1_0 
    left join
        (user_role_tbl rs1_0 
    join
        role_tbl rs1_1 
            on rs1_1.name=rs1_0.role_name) 
        on u1_0.username=rs1_0.username 
        and ( rs1_1.deleted = 0) 
    left join
        (role_permission_tbl ps1_0 
    join
        permission_tbl ps1_1 
            on ps1_1.id=ps1_0.permission) 
        on rs1_1.name=ps1_0.role_name 
        and ( ps1_1.deleted = 0) 
    where
        u1_0.username=? 
        and (
            u1_0.deleted = 0
        )
14:01:29.416 [https-jsse-nio-8443-exec-3] TRACE org.hibernate.orm.jdbc.bind - binding parameter (1:VARCHAR) <- [hasan]
14:01:29.428 [https-jsse-nio-8443-exec-3] TRACE org.hibernate.orm.jdbc.extract - extracted value (9:VARCHAR) -> [hasan]
14:01:29.428 [https-jsse-nio-8443-exec-3] TRACE org.hibernate.orm.jdbc.extract - extracted value (10:VARCHAR) -> [ROLE_CUSTOMER]
14:01:29.428 [https-jsse-nio-8443-exec-3] TRACE org.hibernate.orm.jdbc.extract - extracted value (12:VARCHAR) -> [ROLE_CUSTOMER]
14:01:29.428 [https-jsse-nio-8443-exec-3] TRACE org.hibernate.orm.jdbc.extract - extracted value (13:BIGINT) -> [1]
14:01:29.428 [https-jsse-nio-8443-exec-3] TRACE org.hibernate.orm.jdbc.extract - extracted value (11:BOOLEAN) -> [false]
14:01:29.428 [https-jsse-nio-8443-exec-3] TRACE org.hibernate.orm.jdbc.extract - extracted value (2:BOOLEAN) -> [true]
14:01:29.428 [https-jsse-nio-8443-exec-3] TRACE org.hibernate.orm.jdbc.extract - extracted value (3:BOOLEAN) -> [true]
14:01:29.428 [https-jsse-nio-8443-exec-3] TRACE org.hibernate.orm.jdbc.extract - extracted value (4:TIMESTAMP) -> [2026-08-03T22:36:24.281543]
14:01:29.428 [https-jsse-nio-8443-exec-3] TRACE org.hibernate.orm.jdbc.extract - extracted value (5:BOOLEAN) -> [true]
14:01:29.428 [https-jsse-nio-8443-exec-3] TRACE org.hibernate.orm.jdbc.extract - extracted value (6:BOOLEAN) -> [false]
14:01:29.428 [https-jsse-nio-8443-exec-3] TRACE org.hibernate.orm.jdbc.extract - extracted value (7:BOOLEAN) -> [true]
14:01:29.428 [https-jsse-nio-8443-exec-3] TRACE org.hibernate.orm.jdbc.extract - extracted value (8:VARCHAR) -> [$2a$12$On9gnEeusVWqrhY7gH8BH.4Fs/LopJPYgCbl5qlVI723TmxHkXSx.]
14:01:29.429 [https-jsse-nio-8443-exec-3] TRACE org.hibernate.orm.jdbc.extract - extracted value (6:BIGINT) -> [2]
14:01:29.429 [https-jsse-nio-8443-exec-3] DEBUG org.hibernate.SQL - 
    select
        s1_0.id,
        s1_0.building_id,
        s1_0.deleted,
        ps1_0.id,
        ps1_0.building_id,
        ps1_0.deleted,
        ps1_0.parent_section_id,
        ps1_0.title,
        s1_0.title,
        csl1_0.parent_section_id,
        csl1_0.id,
        csl1_0.building_id,
        csl1_0.deleted,
        csl1_0.title 
    from
        section_table s1_0 
    left join
        section_table ps1_0 
            on ps1_0.id=s1_0.parent_section_id 
            and (ps1_0.deleted = 0) 
    left join
        section_table csl1_0 
            on s1_0.id=csl1_0.parent_section_id 
            and (csl1_0.deleted = 0) 
    where
        s1_0.id=? 
        and (
            s1_0.deleted = 0
        )
14:01:29.429 [https-jsse-nio-8443-exec-3] TRACE org.hibernate.orm.jdbc.bind - binding parameter (1:BIGINT) <- [2]
14:01:29.436 [https-jsse-nio-8443-exec-3] TRACE org.hibernate.orm.jdbc.extract - extracted value (10:BIGINT) -> [2]
14:01:29.436 [https-jsse-nio-8443-exec-3] TRACE org.hibernate.orm.jdbc.extract - extracted value (11:BIGINT) -> [3]
14:01:29.436 [https-jsse-nio-8443-exec-3] TRACE org.hibernate.orm.jdbc.extract - extracted value (4:BIGINT) -> [1]
14:01:29.436 [https-jsse-nio-8443-exec-3] TRACE org.hibernate.orm.jdbc.extract - extracted value (2:BIGINT) -> [null]
14:01:29.436 [https-jsse-nio-8443-exec-3] TRACE org.hibernate.orm.jdbc.extract - extracted value (12:BIGINT) -> [null]
14:01:29.436 [https-jsse-nio-8443-exec-3] TRACE org.hibernate.orm.jdbc.extract - extracted value (5:BIGINT) -> [null]
14:01:29.436 [https-jsse-nio-8443-exec-3] TRACE org.hibernate.orm.jdbc.extract - extracted value (7:BIGINT) -> [null]
14:01:29.436 [https-jsse-nio-8443-exec-3] TRACE org.hibernate.orm.jdbc.extract - extracted value (13:BOOLEAN) -> [false]
14:01:29.436 [https-jsse-nio-8443-exec-3] TRACE org.hibernate.orm.jdbc.extract - extracted value (14:VARCHAR) -> [BUS]
14:01:29.437 [https-jsse-nio-8443-exec-3] TRACE org.hibernate.orm.jdbc.extract - extracted value (6:BOOLEAN) -> [false]
14:01:29.437 [https-jsse-nio-8443-exec-3] TRACE org.hibernate.orm.jdbc.extract - extracted value (8:VARCHAR) -> [MAIN SECTION]
14:01:29.437 [https-jsse-nio-8443-exec-3] TRACE org.hibernate.orm.jdbc.extract - extracted value (3:BOOLEAN) -> [false]
14:01:29.437 [https-jsse-nio-8443-exec-3] TRACE org.hibernate.orm.jdbc.extract - extracted value (9:VARCHAR) -> [TRANSPORT]
14:01:29.437 [https-jsse-nio-8443-exec-3] TRACE org.hibernate.orm.jdbc.extract - extracted value (11:BIGINT) -> [4]
14:01:29.437 [https-jsse-nio-8443-exec-3] TRACE org.hibernate.orm.jdbc.extract - extracted value (12:BIGINT) -> [null]
14:01:29.437 [https-jsse-nio-8443-exec-3] TRACE org.hibernate.orm.jdbc.extract - extracted value (13:BOOLEAN) -> [false]
14:01:29.438 [https-jsse-nio-8443-exec-3] TRACE org.hibernate.orm.jdbc.extract - extracted value (14:VARCHAR) -> [TRAIN]
14:01:29.438 [https-jsse-nio-8443-exec-3] TRACE org.hibernate.orm.jdbc.extract - extracted value (3:TIMESTAMP) -> [2026-01-20T22:39:36.568]
14:01:29.438 [https-jsse-nio-8443-exec-3] TRACE org.hibernate.orm.jdbc.extract - extracted value (4:BOOLEAN) -> [false]
14:01:29.438 [https-jsse-nio-8443-exec-3] TRACE org.hibernate.orm.jdbc.extract - extracted value (5:INTEGER) -> [null]
14:01:29.438 [https-jsse-nio-8443-exec-3] TRACE org.hibernate.orm.jdbc.extract - extracted value (7:TINYINT) -> [Closed]
14:01:29.438 [https-jsse-nio-8443-exec-3] TRACE org.hibernate.orm.jdbc.extract - extracted value (8:VARCHAR) -> [test 1]
14:01:29.438 [https-jsse-nio-8443-exec-3] DEBUG org.hibernate.SQL - 
    select
        csl1_0.parent_section_id,
        csl1_0.id,
        csl1_0.building_id,
        csl1_0.deleted,
        csl1_0.title 
    from
        section_table csl1_0 
    where
        csl1_0.parent_section_id=? 
        and (
            csl1_0.deleted = 0
        )
14:01:29.438 [https-jsse-nio-8443-exec-3] TRACE org.hibernate.orm.jdbc.bind - binding parameter (1:BIGINT) <- [4]
14:01:29.439 [https-jsse-nio-8443-exec-3] DEBUG org.hibernate.SQL - 
    select
        csl1_0.parent_section_id,
        csl1_0.id,
        csl1_0.building_id,
        csl1_0.deleted,
        csl1_0.title 
    from
        section_table csl1_0 
    where
        csl1_0.parent_section_id=? 
        and (
            csl1_0.deleted = 0
        )
14:01:29.440 [https-jsse-nio-8443-exec-3] TRACE org.hibernate.orm.jdbc.bind - binding parameter (1:BIGINT) <- [1]
14:01:29.441 [https-jsse-nio-8443-exec-3] TRACE org.hibernate.orm.jdbc.extract - extracted value (1:BIGINT) -> [1]
14:01:29.441 [https-jsse-nio-8443-exec-3] TRACE org.hibernate.orm.jdbc.extract - extracted value (2:BIGINT) -> [2]
14:01:29.441 [https-jsse-nio-8443-exec-3] TRACE org.hibernate.orm.jdbc.extract - extracted value (1:BIGINT) -> [1]
14:01:29.441 [https-jsse-nio-8443-exec-3] TRACE org.hibernate.orm.jdbc.extract - extracted value (2:BIGINT) -> [5]
14:01:29.441 [https-jsse-nio-8443-exec-3] TRACE org.hibernate.orm.jdbc.extract - extracted value (3:BIGINT) -> [null]
14:01:29.442 [https-jsse-nio-8443-exec-3] TRACE org.hibernate.orm.jdbc.extract - extracted value (4:BOOLEAN) -> [false]
14:01:29.443 [https-jsse-nio-8443-exec-3] TRACE org.hibernate.orm.jdbc.extract - extracted value (5:VARCHAR) -> [HSE]
14:01:29.443 [https-jsse-nio-8443-exec-3] DEBUG org.hibernate.SQL - 
    select
        csl1_0.parent_section_id,
        csl1_0.id,
        csl1_0.building_id,
        csl1_0.deleted,
        csl1_0.title 
    from
        section_table csl1_0 
    where
        csl1_0.parent_section_id=? 
        and (
            csl1_0.deleted = 0
        )
14:01:29.443 [https-jsse-nio-8443-exec-3] TRACE org.hibernate.orm.jdbc.bind - binding parameter (1:BIGINT) <- [5]
14:01:29.444 [https-jsse-nio-8443-exec-3] DEBUG org.hibernate.SQL - 
    select
        csl1_0.parent_section_id,
        csl1_0.id,
        csl1_0.building_id,
        csl1_0.deleted,
        csl1_0.title 
    from
        section_table csl1_0 
    where
        csl1_0.parent_section_id=? 
        and (
            csl1_0.deleted = 0
        )
14:01:29.444 [https-jsse-nio-8443-exec-3] TRACE org.hibernate.orm.jdbc.bind - binding parameter (1:BIGINT) <- [3]
14:01:29.445 [https-jsse-nio-8443-exec-3] TRACE o.s.c.interceptor.CacheInterceptor - Computed cache key 'SimpleKey []' for operation Builder[public java.util.List ir.service.impl.SectionServiceImpl.findAllForFilter()] caches=[sectionsFilter] | key='' | keyGenerator='' | cacheManager='' | cacheResolver='' | condition='' | unless='' | sync='false'
14:01:29.447 [https-jsse-nio-8443-exec-3] TRACE o.s.c.interceptor.CacheInterceptor - Cache entry for key 'SimpleKey []' found in cache(s) [sectionsFilter]
14:01:29.447 [https-jsse-nio-8443-exec-3] INFO  i.c.exception.ResponseAspect - Web Controller: showAllTickets
14:01:29.523 [https-jsse-nio-8443-exec-9] DEBUG o.s.security.web.FilterChainProxy - Securing GET /css/fontawesome.css
14:01:29.523 [https-jsse-nio-8443-exec-6] DEBUG o.s.security.web.FilterChainProxy - Securing GET /css/reset.css
14:01:29.523 [https-jsse-nio-8443-exec-10] DEBUG o.s.security.web.FilterChainProxy - Securing GET /css/bootstrap.min.css
14:01:29.523 [https-jsse-nio-8443-exec-4] DEBUG o.s.security.web.FilterChainProxy - Securing GET /css/fonts.min.css
14:01:29.524 [https-jsse-nio-8443-exec-6] DEBUG o.s.s.w.a.c.ChannelProcessingFilter - Request: filter invocation [GET /css/reset.css]; ConfigAttributes: [REQUIRES_SECURE_CHANNEL]
14:01:29.524 [https-jsse-nio-8443-exec-10] DEBUG o.s.s.w.a.c.ChannelProcessingFilter - Request: filter invocation [GET /css/bootstrap.min.css]; ConfigAttributes: [REQUIRES_SECURE_CHANNEL]
14:01:29.524 [https-jsse-nio-8443-exec-9] DEBUG o.s.s.w.a.c.ChannelProcessingFilter - Request: filter invocation [GET /css/fontawesome.css]; ConfigAttributes: [REQUIRES_SECURE_CHANNEL]
14:01:29.524 [https-jsse-nio-8443-exec-4] DEBUG o.s.s.w.a.c.ChannelProcessingFilter - Request: filter invocation [GET /css/fonts.min.css]; ConfigAttributes: [REQUIRES_SECURE_CHANNEL]
14:01:29.524 [https-jsse-nio-8443-exec-6] DEBUG o.s.security.web.FilterChainProxy - Secured GET /css/reset.css
14:01:29.524 [https-jsse-nio-8443-exec-10] DEBUG o.s.security.web.FilterChainProxy - Secured GET /css/bootstrap.min.css
14:01:29.524 [https-jsse-nio-8443-exec-9] DEBUG o.s.security.web.FilterChainProxy - Secured GET /css/fontawesome.css
14:01:29.524 [https-jsse-nio-8443-exec-4] DEBUG o.s.security.web.FilterChainProxy - Secured GET /css/fonts.min.css
14:01:29.524 [https-jsse-nio-8443-exec-7] DEBUG o.s.security.web.FilterChainProxy - Securing GET /css/toast.css
14:01:29.524 [https-jsse-nio-8443-exec-7] DEBUG o.s.s.w.a.c.ChannelProcessingFilter - Request: filter invocation [GET /css/toast.css]; ConfigAttributes: [REQUIRES_SECURE_CHANNEL]
14:01:29.524 [https-jsse-nio-8443-exec-7] DEBUG o.s.security.web.FilterChainProxy - Secured GET /css/toast.css
14:01:29.525 [https-jsse-nio-8443-exec-6] DEBUG o.s.s.w.c.HttpSessionSecurityContextRepository - Retrieved SecurityContextImpl [Authentication=UsernamePasswordAuthenticationToken [Principal=ir.model.entity.CustomUserDetails@29c0617f, Credentials=[PROTECTED], Authenticated=true, Details=WebAuthenticationDetails [RemoteIpAddress=0:0:0:0:0:0:0:1, SessionId=null], Granted Authorities=[TICKET_EDIT, BUILDING_DELETE, TICKET_CHECK_SCORE, BUILDING_EDIT, BUILDING_CREATE, TICKET_CHECK_CLOSE, REPORT_VIEW, ROLE_ADMIN, TICKET_CREATE, TICKET_DELETE]]]
14:01:29.526 [https-jsse-nio-8443-exec-4] DEBUG o.s.s.w.c.HttpSessionSecurityContextRepository - Retrieved SecurityContextImpl [Authentication=UsernamePasswordAuthenticationToken [Principal=ir.model.entity.CustomUserDetails@29c0617f, Credentials=[PROTECTED], Authenticated=true, Details=WebAuthenticationDetails [RemoteIpAddress=0:0:0:0:0:0:0:1, SessionId=null], Granted Authorities=[TICKET_EDIT, BUILDING_DELETE, TICKET_CHECK_SCORE, BUILDING_EDIT, BUILDING_CREATE, TICKET_CHECK_CLOSE, REPORT_VIEW, ROLE_ADMIN, TICKET_CREATE, TICKET_DELETE]]]
14:01:29.526 [https-jsse-nio-8443-exec-7] DEBUG o.s.s.w.c.HttpSessionSecurityContextRepository - Retrieved SecurityContextImpl [Authentication=UsernamePasswordAuthenticationToken [Principal=ir.model.entity.CustomUserDetails@29c0617f, Credentials=[PROTECTED], Authenticated=true, Details=WebAuthenticationDetails [RemoteIpAddress=0:0:0:0:0:0:0:1, SessionId=null], Granted Authorities=[TICKET_EDIT, BUILDING_DELETE, TICKET_CHECK_SCORE, BUILDING_EDIT, BUILDING_CREATE, TICKET_CHECK_CLOSE, REPORT_VIEW, ROLE_ADMIN, TICKET_CREATE, TICKET_DELETE]]]
14:01:29.526 [https-jsse-nio-8443-exec-2] DEBUG o.s.security.web.FilterChainProxy - Securing GET /css/styles.css
14:01:29.526 [https-jsse-nio-8443-exec-2] DEBUG o.s.s.w.a.c.ChannelProcessingFilter - Request: filter invocation [GET /css/styles.css]; ConfigAttributes: [REQUIRES_SECURE_CHANNEL]
14:01:29.527 [https-jsse-nio-8443-exec-2] DEBUG o.s.security.web.FilterChainProxy - Secured GET /css/styles.css
14:01:29.527 [https-jsse-nio-8443-exec-1] DEBUG o.s.security.web.FilterChainProxy - Securing GET /icons/mftlogo.png
14:01:29.528 [https-jsse-nio-8443-exec-1] DEBUG o.s.s.w.a.c.ChannelProcessingFilter - Request: filter invocation [GET /icons/mftlogo.png]; ConfigAttributes: [REQUIRES_SECURE_CHANNEL]
14:01:29.528 [https-jsse-nio-8443-exec-1] DEBUG o.s.security.web.FilterChainProxy - Secured GET /icons/mftlogo.png
14:01:29.529 [https-jsse-nio-8443-exec-2] DEBUG o.s.s.w.c.HttpSessionSecurityContextRepository - Retrieved SecurityContextImpl [Authentication=UsernamePasswordAuthenticationToken [Principal=ir.model.entity.CustomUserDetails@29c0617f, Credentials=[PROTECTED], Authenticated=true, Details=WebAuthenticationDetails [RemoteIpAddress=0:0:0:0:0:0:0:1, SessionId=null], Granted Authorities=[TICKET_EDIT, BUILDING_DELETE, TICKET_CHECK_SCORE, BUILDING_EDIT, BUILDING_CREATE, TICKET_CHECK_CLOSE, REPORT_VIEW, ROLE_ADMIN, TICKET_CREATE, TICKET_DELETE]]]
14:01:29.532 [https-jsse-nio-8443-exec-1] DEBUG o.s.s.w.c.HttpSessionSecurityContextRepository - Retrieved SecurityContextImpl [Authentication=UsernamePasswordAuthenticationToken [Principal=ir.model.entity.CustomUserDetails@29c0617f, Credentials=[PROTECTED], Authenticated=true, Details=WebAuthenticationDetails [RemoteIpAddress=0:0:0:0:0:0:0:1, SessionId=null], Granted Authorities=[TICKET_EDIT, BUILDING_DELETE, TICKET_CHECK_SCORE, BUILDING_EDIT, BUILDING_CREATE, TICKET_CHECK_CLOSE, REPORT_VIEW, ROLE_ADMIN, TICKET_CREATE, TICKET_DELETE]]]
14:01:29.532 [https-jsse-nio-8443-exec-8] DEBUG o.s.security.web.FilterChainProxy - Securing GET /js/bootstrap.bundle.min.js
14:01:29.532 [https-jsse-nio-8443-exec-5] DEBUG o.s.security.web.FilterChainProxy - Securing GET /js/fontawesome.js
14:01:29.532 [https-jsse-nio-8443-exec-6] DEBUG o.s.security.web.FilterChainProxy - Securing GET /js/toast.js
14:01:29.532 [https-jsse-nio-8443-exec-5] DEBUG o.s.s.w.a.c.ChannelProcessingFilter - Request: filter invocation [GET /js/fontawesome.js]; ConfigAttributes: [REQUIRES_SECURE_CHANNEL]
14:01:29.532 [https-jsse-nio-8443-exec-6] DEBUG o.s.s.w.a.c.ChannelProcessingFilter - Request: filter invocation [GET /js/toast.js]; ConfigAttributes: [REQUIRES_SECURE_CHANNEL]
14:01:29.532 [https-jsse-nio-8443-exec-8] DEBUG o.s.s.w.a.c.ChannelProcessingFilter - Request: filter invocation [GET /js/bootstrap.bundle.min.js]; ConfigAttributes: [REQUIRES_SECURE_CHANNEL]
14:01:29.532 [https-jsse-nio-8443-exec-5] DEBUG o.s.security.web.FilterChainProxy - Secured GET /js/fontawesome.js
14:01:29.532 [https-jsse-nio-8443-exec-6] DEBUG o.s.security.web.FilterChainProxy - Secured GET /js/toast.js
14:01:29.532 [https-jsse-nio-8443-exec-8] DEBUG o.s.security.web.FilterChainProxy - Secured GET /js/bootstrap.bundle.min.js
14:01:29.533 [https-jsse-nio-8443-exec-4] DEBUG o.s.security.web.FilterChainProxy - Securing GET /js/script.js
14:01:29.533 [https-jsse-nio-8443-exec-4] DEBUG o.s.s.w.a.c.ChannelProcessingFilter - Request: filter invocation [GET /js/script.js]; ConfigAttributes: [REQUIRES_SECURE_CHANNEL]
14:01:29.533 [https-jsse-nio-8443-exec-4] DEBUG o.s.security.web.FilterChainProxy - Secured GET /js/script.js
14:01:29.533 [https-jsse-nio-8443-exec-6] DEBUG o.s.s.w.c.HttpSessionSecurityContextRepository - Retrieved SecurityContextImpl [Authentication=UsernamePasswordAuthenticationToken [Principal=ir.model.entity.CustomUserDetails@29c0617f, Credentials=[PROTECTED], Authenticated=true, Details=WebAuthenticationDetails [RemoteIpAddress=0:0:0:0:0:0:0:1, SessionId=null], Granted Authorities=[TICKET_EDIT, BUILDING_DELETE, TICKET_CHECK_SCORE, BUILDING_EDIT, BUILDING_CREATE, TICKET_CHECK_CLOSE, REPORT_VIEW, ROLE_ADMIN, TICKET_CREATE, TICKET_DELETE]]]
14:01:29.535 [https-jsse-nio-8443-exec-4] DEBUG o.s.s.w.c.HttpSessionSecurityContextRepository - Retrieved SecurityContextImpl [Authentication=UsernamePasswordAuthenticationToken [Principal=ir.model.entity.CustomUserDetails@29c0617f, Credentials=[PROTECTED], Authenticated=true, Details=WebAuthenticationDetails [RemoteIpAddress=0:0:0:0:0:0:0:1, SessionId=null], Granted Authorities=[TICKET_EDIT, BUILDING_DELETE, TICKET_CHECK_SCORE, BUILDING_EDIT, BUILDING_CREATE, TICKET_CHECK_CLOSE, REPORT_VIEW, ROLE_ADMIN, TICKET_CREATE, TICKET_DELETE]]]
14:01:29.535 [https-jsse-nio-8443-exec-7] DEBUG o.s.security.web.FilterChainProxy - Securing GET /js/tickets-api.js
14:01:29.535 [https-jsse-nio-8443-exec-7] DEBUG o.s.s.w.a.c.ChannelProcessingFilter - Request: filter invocation [GET /js/tickets-api.js]; ConfigAttributes: [REQUIRES_SECURE_CHANNEL]
14:01:29.536 [https-jsse-nio-8443-exec-7] DEBUG o.s.security.web.FilterChainProxy - Secured GET /js/tickets-api.js
14:01:29.538 [https-jsse-nio-8443-exec-10] DEBUG o.s.s.w.c.HttpSessionSecurityContextRepository - Retrieved SecurityContextImpl [Authentication=UsernamePasswordAuthenticationToken [Principal=ir.model.entity.CustomUserDetails@29c0617f, Credentials=[PROTECTED], Authenticated=true, Details=WebAuthenticationDetails [RemoteIpAddress=0:0:0:0:0:0:0:1, SessionId=null], Granted Authorities=[TICKET_EDIT, BUILDING_DELETE, TICKET_CHECK_SCORE, BUILDING_EDIT, BUILDING_CREATE, TICKET_CHECK_CLOSE, REPORT_VIEW, ROLE_ADMIN, TICKET_CREATE, TICKET_DELETE]]]
14:01:29.538 [https-jsse-nio-8443-exec-8] DEBUG o.s.s.w.c.HttpSessionSecurityContextRepository - Retrieved SecurityContextImpl [Authentication=UsernamePasswordAuthenticationToken [Principal=ir.model.entity.CustomUserDetails@29c0617f, Credentials=[PROTECTED], Authenticated=true, Details=WebAuthenticationDetails [RemoteIpAddress=0:0:0:0:0:0:0:1, SessionId=null], Granted Authorities=[TICKET_EDIT, BUILDING_DELETE, TICKET_CHECK_SCORE, BUILDING_EDIT, BUILDING_CREATE, TICKET_CHECK_CLOSE, REPORT_VIEW, ROLE_ADMIN, TICKET_CREATE, TICKET_DELETE]]]
14:01:29.550 [https-jsse-nio-8443-exec-9] DEBUG o.s.s.w.c.HttpSessionSecurityContextRepository - Retrieved SecurityContextImpl [Authentication=UsernamePasswordAuthenticationToken [Principal=ir.model.entity.CustomUserDetails@29c0617f, Credentials=[PROTECTED], Authenticated=true, Details=WebAuthenticationDetails [RemoteIpAddress=0:0:0:0:0:0:0:1, SessionId=null], Granted Authorities=[TICKET_EDIT, BUILDING_DELETE, TICKET_CHECK_SCORE, BUILDING_EDIT, BUILDING_CREATE, TICKET_CHECK_CLOSE, REPORT_VIEW, ROLE_ADMIN, TICKET_CREATE, TICKET_DELETE]]]
14:01:29.561 [https-jsse-nio-8443-exec-7] DEBUG o.s.s.w.c.HttpSessionSecurityContextRepository - Retrieved SecurityContextImpl [Authentication=UsernamePasswordAuthenticationToken [Principal=ir.model.entity.CustomUserDetails@29c0617f, Credentials=[PROTECTED], Authenticated=true, Details=WebAuthenticationDetails [RemoteIpAddress=0:0:0:0:0:0:0:1, SessionId=null], Granted Authorities=[TICKET_EDIT, BUILDING_DELETE, TICKET_CHECK_SCORE, BUILDING_EDIT, BUILDING_CREATE, TICKET_CHECK_CLOSE, REPORT_VIEW, ROLE_ADMIN, TICKET_CREATE, TICKET_DELETE]]]
14:01:29.579 [https-jsse-nio-8443-exec-2] DEBUG o.s.security.web.FilterChainProxy - Securing GET /webfonts/fa-solid-900.woff2
14:01:29.579 [https-jsse-nio-8443-exec-3] DEBUG o.s.security.web.FilterChainProxy - Securing GET /webfonts/fa-brands-400.woff2
14:01:29.579 [https-jsse-nio-8443-exec-2] DEBUG o.s.s.w.a.c.ChannelProcessingFilter - Request: filter invocation [GET /webfonts/fa-solid-900.woff2]; ConfigAttributes: [REQUIRES_SECURE_CHANNEL]
14:01:29.579 [https-jsse-nio-8443-exec-3] DEBUG o.s.s.w.a.c.ChannelProcessingFilter - Request: filter invocation [GET /webfonts/fa-brands-400.woff2]; ConfigAttributes: [REQUIRES_SECURE_CHANNEL]
14:01:29.580 [https-jsse-nio-8443-exec-2] DEBUG o.s.s.w.c.HttpSessionSecurityContextRepository - Retrieved SecurityContextImpl [Authentication=UsernamePasswordAuthenticationToken [Principal=ir.model.entity.CustomUserDetails@29c0617f, Credentials=[PROTECTED], Authenticated=true, Details=WebAuthenticationDetails [RemoteIpAddress=0:0:0:0:0:0:0:1, SessionId=null], Granted Authorities=[TICKET_EDIT, BUILDING_DELETE, TICKET_CHECK_SCORE, BUILDING_EDIT, BUILDING_CREATE, TICKET_CHECK_CLOSE, REPORT_VIEW, ROLE_ADMIN, TICKET_CREATE, TICKET_DELETE]]]
14:01:29.580 [https-jsse-nio-8443-exec-3] DEBUG o.s.s.w.c.HttpSessionSecurityContextRepository - Retrieved SecurityContextImpl [Authentication=UsernamePasswordAuthenticationToken [Principal=ir.model.entity.CustomUserDetails@29c0617f, Credentials=[PROTECTED], Authenticated=true, Details=WebAuthenticationDetails [RemoteIpAddress=0:0:0:0:0:0:0:1, SessionId=null], Granted Authorities=[TICKET_EDIT, BUILDING_DELETE, TICKET_CHECK_SCORE, BUILDING_EDIT, BUILDING_CREATE, TICKET_CHECK_CLOSE, REPORT_VIEW, ROLE_ADMIN, TICKET_CREATE, TICKET_DELETE]]]
14:01:29.580 [https-jsse-nio-8443-exec-2] DEBUG o.s.security.web.FilterChainProxy - Secured GET /webfonts/fa-solid-900.woff2
14:01:29.580 [https-jsse-nio-8443-exec-3] DEBUG o.s.security.web.FilterChainProxy - Secured GET /webfonts/fa-brands-400.woff2
14:01:29.773 [scheduling-1] DEBUG o.h.e.t.internal.TransactionImpl - On TransactionImpl creation, JpaCompliance#isJpaTransactionComplianceEnabled == false
14:01:29.773 [scheduling-1] DEBUG o.h.e.t.internal.TransactionImpl - begin
14:01:29.774 [scheduling-1] DEBUG org.hibernate.SQL - 
    /* <criteria> */ select
        oe1_0.id,
        oe1_0.aggregate_id,
        oe1_0.aggregate_type,
        oe1_0.created_at,
        oe1_0.deleted,
        oe1_0.event_type,
        oe1_0.payload,
        oe1_0.published 
    from
        outbox_tbl oe1_0 
    where
        (
            oe1_0.deleted = 0
        ) 
        and oe1_0.published=0 
    order by
        oe1_0.created_at
14:01:29.774 [scheduling-1] DEBUG o.h.e.t.internal.TransactionImpl - committing
14:01:30.064 [https-jsse-nio-8443-exec-5] DEBUG o.s.s.w.c.HttpSessionSecurityContextRepository - Retrieved SecurityContextImpl [Authentication=UsernamePasswordAuthenticationToken [Principal=ir.model.entity.CustomUserDetails@29c0617f, Credentials=[PROTECTED], Authenticated=true, Details=WebAuthenticationDetails [RemoteIpAddress=0:0:0:0:0:0:0:1, SessionId=null], Granted Authorities=[TICKET_EDIT, BUILDING_DELETE, TICKET_CHECK_SCORE, BUILDING_EDIT, BUILDING_CREATE, TICKET_CHECK_CLOSE, REPORT_VIEW, ROLE_ADMIN, TICKET_CREATE, TICKET_DELETE]]]
14:01:30.134 [https-jsse-nio-8443-exec-1] DEBUG o.s.security.web.FilterChainProxy - Securing GET /tickets?page=0&size=10&fragment=true
14:01:30.134 [https-jsse-nio-8443-exec-1] DEBUG o.s.s.w.a.c.ChannelProcessingFilter - Request: filter invocation [GET /tickets?page=0&size=10&fragment=true]; ConfigAttributes: [REQUIRES_SECURE_CHANNEL]
14:01:30.135 [https-jsse-nio-8443-exec-1] DEBUG o.s.s.w.c.HttpSessionSecurityContextRepository - Retrieved SecurityContextImpl [Authentication=UsernamePasswordAuthenticationToken [Principal=ir.model.entity.CustomUserDetails@29c0617f, Credentials=[PROTECTED], Authenticated=true, Details=WebAuthenticationDetails [RemoteIpAddress=0:0:0:0:0:0:0:1, SessionId=null], Granted Authorities=[TICKET_EDIT, BUILDING_DELETE, TICKET_CHECK_SCORE, BUILDING_EDIT, BUILDING_CREATE, TICKET_CHECK_CLOSE, REPORT_VIEW, ROLE_ADMIN, TICKET_CREATE, TICKET_DELETE]]]
14:01:30.135 [https-jsse-nio-8443-exec-1] DEBUG o.s.security.web.FilterChainProxy - Secured GET /tickets?page=0&size=10&fragment=true
14:01:30.135 [https-jsse-nio-8443-exec-1] DEBUG o.s.jdbc.datasource.DataSourceUtils - Setting JDBC Connection [HikariProxyConnection@60013827 wrapping oracle.jdbc.driver.T4CConnection@38419b4a] read-only
14:01:30.135 [https-jsse-nio-8443-exec-1] DEBUG o.h.e.t.internal.TransactionImpl - On TransactionImpl creation, JpaCompliance#isJpaTransactionComplianceEnabled == false
14:01:30.136 [https-jsse-nio-8443-exec-1] DEBUG o.h.e.t.internal.TransactionImpl - begin
14:01:30.136 [https-jsse-nio-8443-exec-1] DEBUG org.hibernate.SQL - 
    select
        u1_0.username,
        u1_0.account_non_expired,
        u1_0.account_non_locked,
        u1_0.credentials_expiry_date,
        u1_0.credentials_non_expired,
        u1_0.deleted,
        u1_0.enabled,
        u1_0.password,
        rs1_0.username,
        rs1_1.name,
        rs1_1.deleted,
        ps1_0.role_name,
        ps1_1.id,
        ps1_1.deleted,
        ps1_1.permission 
    from
        user_tbl u1_0 
    left join
        (user_role_tbl rs1_0 
    join
        role_tbl rs1_1 
            on rs1_1.name=rs1_0.role_name) 
        on u1_0.username=rs1_0.username 
        and ( rs1_1.deleted = 0) 
    left join
        (role_permission_tbl ps1_0 
    join
        permission_tbl ps1_1 
            on ps1_1.id=ps1_0.permission) 
        on rs1_1.name=ps1_0.role_name 
        and ( ps1_1.deleted = 0) 
    where
        u1_0.username=? 
        and (
            u1_0.deleted = 0
        )
14:01:30.136 [https-jsse-nio-8443-exec-1] TRACE org.hibernate.orm.jdbc.bind - binding parameter (1:VARCHAR) <- [ali]
14:01:30.137 [https-jsse-nio-8443-exec-1] TRACE org.hibernate.orm.jdbc.extract - extracted value (9:VARCHAR) -> [ali]
14:01:30.137 [https-jsse-nio-8443-exec-1] TRACE org.hibernate.orm.jdbc.extract - extracted value (10:VARCHAR) -> [ROLE_ADMIN]
14:01:30.137 [https-jsse-nio-8443-exec-1] TRACE org.hibernate.orm.jdbc.extract - extracted value (12:VARCHAR) -> [ROLE_ADMIN]
14:01:30.137 [https-jsse-nio-8443-exec-1] TRACE org.hibernate.orm.jdbc.extract - extracted value (13:BIGINT) -> [1]
14:01:30.137 [https-jsse-nio-8443-exec-1] TRACE org.hibernate.orm.jdbc.extract - extracted value (14:BOOLEAN) -> [false]
14:01:30.137 [https-jsse-nio-8443-exec-1] TRACE org.hibernate.orm.jdbc.extract - extracted value (15:VARCHAR) -> [TICKET_CREATE]
14:01:30.138 [https-jsse-nio-8443-exec-1] TRACE org.hibernate.orm.jdbc.extract - extracted value (11:BOOLEAN) -> [false]
14:01:30.138 [https-jsse-nio-8443-exec-1] TRACE org.hibernate.orm.jdbc.extract - extracted value (2:BOOLEAN) -> [true]
14:01:30.138 [https-jsse-nio-8443-exec-1] TRACE org.hibernate.orm.jdbc.extract - extracted value (3:BOOLEAN) -> [true]
14:01:30.138 [https-jsse-nio-8443-exec-1] TRACE org.hibernate.orm.jdbc.extract - extracted value (4:TIMESTAMP) -> [2026-08-03T18:03:44.737555]
14:01:30.138 [https-jsse-nio-8443-exec-1] TRACE org.hibernate.orm.jdbc.extract - extracted value (5:BOOLEAN) -> [true]
14:01:30.139 [https-jsse-nio-8443-exec-1] TRACE org.hibernate.orm.jdbc.extract - extracted value (6:BOOLEAN) -> [false]
14:01:30.139 [https-jsse-nio-8443-exec-1] TRACE org.hibernate.orm.jdbc.extract - extracted value (7:BOOLEAN) -> [true]
14:01:30.139 [https-jsse-nio-8443-exec-1] TRACE org.hibernate.orm.jdbc.extract - extracted value (8:VARCHAR) -> [$2a$12$zWjkkNI6AJKAxh71k9FGeekl8NyE861fVAn0dtmHT4Ve90RbP/.qO]
14:01:30.139 [https-jsse-nio-8443-exec-1] TRACE org.hibernate.orm.jdbc.extract - extracted value (10:VARCHAR) -> [ROLE_ADMIN]
14:01:30.139 [https-jsse-nio-8443-exec-1] TRACE org.hibernate.orm.jdbc.extract - extracted value (13:BIGINT) -> [2]
14:01:30.139 [https-jsse-nio-8443-exec-1] TRACE org.hibernate.orm.jdbc.extract - extracted value (14:BOOLEAN) -> [false]
14:01:30.139 [https-jsse-nio-8443-exec-1] TRACE org.hibernate.orm.jdbc.extract - extracted value (15:VARCHAR) -> [TICKET_EDIT]
14:01:30.139 [https-jsse-nio-8443-exec-1] TRACE org.hibernate.orm.jdbc.extract - extracted value (10:VARCHAR) -> [ROLE_ADMIN]
14:01:30.139 [https-jsse-nio-8443-exec-1] TRACE org.hibernate.orm.jdbc.extract - extracted value (13:BIGINT) -> [3]
14:01:30.139 [https-jsse-nio-8443-exec-1] TRACE org.hibernate.orm.jdbc.extract - extracted value (14:BOOLEAN) -> [false]
14:01:30.139 [https-jsse-nio-8443-exec-1] TRACE org.hibernate.orm.jdbc.extract - extracted value (15:VARCHAR) -> [TICKET_DELETE]
14:01:30.139 [https-jsse-nio-8443-exec-1] TRACE org.hibernate.orm.jdbc.extract - extracted value (10:VARCHAR) -> [ROLE_ADMIN]
14:01:30.139 [https-jsse-nio-8443-exec-1] TRACE org.hibernate.orm.jdbc.extract - extracted value (13:BIGINT) -> [4]
14:01:30.139 [https-jsse-nio-8443-exec-1] TRACE org.hibernate.orm.jdbc.extract - extracted value (14:BOOLEAN) -> [false]
14:01:30.139 [https-jsse-nio-8443-exec-1] TRACE org.hibernate.orm.jdbc.extract - extracted value (15:VARCHAR) -> [REPORT_VIEW]
14:01:30.139 [https-jsse-nio-8443-exec-1] TRACE org.hibernate.orm.jdbc.extract - extracted value (10:VARCHAR) -> [ROLE_ADMIN]
14:01:30.139 [https-jsse-nio-8443-exec-1] TRACE org.hibernate.orm.jdbc.extract - extracted value (13:BIGINT) -> [5]
14:01:30.139 [https-jsse-nio-8443-exec-1] TRACE org.hibernate.orm.jdbc.extract - extracted value (14:BOOLEAN) -> [false]
14:01:30.139 [https-jsse-nio-8443-exec-1] TRACE org.hibernate.orm.jdbc.extract - extracted value (15:VARCHAR) -> [TICKET_CHECK_SCORE]
14:01:30.139 [https-jsse-nio-8443-exec-1] TRACE org.hibernate.orm.jdbc.extract - extracted value (10:VARCHAR) -> [ROLE_ADMIN]
14:01:30.139 [https-jsse-nio-8443-exec-1] TRACE org.hibernate.orm.jdbc.extract - extracted value (13:BIGINT) -> [6]
14:01:30.139 [https-jsse-nio-8443-exec-1] TRACE org.hibernate.orm.jdbc.extract - extracted value (14:BOOLEAN) -> [false]
14:01:30.140 [https-jsse-nio-8443-exec-1] TRACE org.hibernate.orm.jdbc.extract - extracted value (15:VARCHAR) -> [TICKET_CHECK_CLOSE]
14:01:30.140 [https-jsse-nio-8443-exec-1] TRACE org.hibernate.orm.jdbc.extract - extracted value (10:VARCHAR) -> [ROLE_ADMIN]
14:01:30.140 [https-jsse-nio-8443-exec-1] TRACE org.hibernate.orm.jdbc.extract - extracted value (13:BIGINT) -> [7]
14:01:30.140 [https-jsse-nio-8443-exec-1] TRACE org.hibernate.orm.jdbc.extract - extracted value (14:BOOLEAN) -> [false]
14:01:30.140 [https-jsse-nio-8443-exec-1] TRACE org.hibernate.orm.jdbc.extract - extracted value (15:VARCHAR) -> [BUILDING_CREATE]
14:01:30.140 [https-jsse-nio-8443-exec-1] TRACE org.hibernate.orm.jdbc.extract - extracted value (10:VARCHAR) -> [ROLE_ADMIN]
14:01:30.140 [https-jsse-nio-8443-exec-1] TRACE org.hibernate.orm.jdbc.extract - extracted value (13:BIGINT) -> [8]
14:01:30.140 [https-jsse-nio-8443-exec-1] TRACE org.hibernate.orm.jdbc.extract - extracted value (14:BOOLEAN) -> [false]
14:01:30.140 [https-jsse-nio-8443-exec-1] TRACE org.hibernate.orm.jdbc.extract - extracted value (15:VARCHAR) -> [BUILDING_EDIT]
14:01:30.140 [https-jsse-nio-8443-exec-1] TRACE org.hibernate.orm.jdbc.extract - extracted value (10:VARCHAR) -> [ROLE_ADMIN]
14:01:30.140 [https-jsse-nio-8443-exec-1] TRACE org.hibernate.orm.jdbc.extract - extracted value (13:BIGINT) -> [9]
14:01:30.140 [https-jsse-nio-8443-exec-1] TRACE org.hibernate.orm.jdbc.extract - extracted value (14:BOOLEAN) -> [false]
14:01:30.140 [https-jsse-nio-8443-exec-1] TRACE org.hibernate.orm.jdbc.extract - extracted value (15:VARCHAR) -> [BUILDING_DELETE]
14:01:30.140 [https-jsse-nio-8443-exec-1] DEBUG o.h.e.t.internal.TransactionImpl - committing
14:01:30.140 [https-jsse-nio-8443-exec-1] DEBUG o.s.jdbc.datasource.DataSourceUtils - Resetting read-only flag of JDBC Connection [HikariProxyConnection@60013827 wrapping oracle.jdbc.driver.T4CConnection@38419b4a]
14:01:30.141 [https-jsse-nio-8443-exec-1] DEBUG org.hibernate.SQL - 
    /* <criteria> */ select
        n1_0.id,
        n1_0.created_at,
        n1_0.is_read,
        n1_0.link,
        n1_0.message,
        n1_0.title,
        n1_0.username 
    from
        notification_table n1_0 
    where
        n1_0.username=? 
        and n1_0.is_read=0 
    order by
        n1_0.created_at desc 
    fetch
        first ? rows only
14:01:30.141 [https-jsse-nio-8443-exec-1] TRACE org.hibernate.orm.jdbc.bind - binding parameter (1:VARCHAR) <- [ali]
14:01:30.141 [https-jsse-nio-8443-exec-1] TRACE org.hibernate.orm.jdbc.bind - binding parameter (2:INTEGER) <- [5]
14:01:30.144 [https-jsse-nio-8443-exec-1] DEBUG org.hibernate.SQL - 
    /* <criteria> */ select
        count(n1_0.id) 
    from
        notification_table n1_0 
    where
        n1_0.username=? 
        and n1_0.is_read=0
14:01:30.144 [https-jsse-nio-8443-exec-1] TRACE org.hibernate.orm.jdbc.bind - binding parameter (1:VARCHAR) <- [ali]
14:01:30.144 [https-jsse-nio-8443-exec-1] TRACE org.hibernate.orm.jdbc.extract - extracted value (1:BIGINT) -> [0]
14:01:30.145 [https-jsse-nio-8443-exec-1] DEBUG org.hibernate.SQL - 
    /* <criteria> */ select
        count(t1_0.id) 
    from
        ticket_tbl t1_0 
    where
        (
            t1_0.deleted = 0
        ) 
        and t1_0.status=?
14:01:30.145 [https-jsse-nio-8443-exec-1] TRACE org.hibernate.orm.jdbc.bind - binding parameter (1:TINYINT) <- [NotSeen]
14:01:30.146 [https-jsse-nio-8443-exec-1] TRACE org.hibernate.orm.jdbc.extract - extracted value (1:BIGINT) -> [0]
14:01:30.146 [https-jsse-nio-8443-exec-1] INFO  i.c.exception.ResponseAspect - Web Controller: addNotifications
14:01:30.148 [https-jsse-nio-8443-exec-1] DEBUG org.hibernate.SQL - 
    /* <criteria> */ select
        t1_0.id,
        t1_0.customer,
        t1_0.date_time,
        t1_0.deleted,
        t1_0.score,
        t1_0.section_id,
        t1_0.status,
        t1_0.title 
    from
        ticket_tbl t1_0 
    where
        (
            t1_0.deleted = 0
        ) 
    order by
        t1_0.date_time,
        t1_0.date_time 
    fetch
        first ? rows only
14:01:30.148 [https-jsse-nio-8443-exec-1] TRACE org.hibernate.orm.jdbc.bind - binding parameter (1:INTEGER) <- [10]
14:01:30.148 [https-jsse-nio-8443-exec-1] TRACE org.hibernate.orm.jdbc.extract - extracted value (1:BIGINT) -> [1]
14:01:30.148 [https-jsse-nio-8443-exec-1] TRACE org.hibernate.orm.jdbc.extract - extracted value (2:VARCHAR) -> [hasan]
14:01:30.148 [https-jsse-nio-8443-exec-1] DEBUG org.hibernate.SQL - 
    select
        u1_0.username,
        u1_0.account_non_expired,
        u1_0.account_non_locked,
        u1_0.credentials_expiry_date,
        u1_0.credentials_non_expired,
        u1_0.deleted,
        u1_0.enabled,
        u1_0.password,
        rs1_0.username,
        rs1_1.name,
        rs1_1.deleted,
        ps1_0.role_name,
        ps1_1.id,
        ps1_1.deleted,
        ps1_1.permission 
    from
        user_tbl u1_0 
    left join
        (user_role_tbl rs1_0 
    join
        role_tbl rs1_1 
            on rs1_1.name=rs1_0.role_name) 
        on u1_0.username=rs1_0.username 
        and ( rs1_1.deleted = 0) 
    left join
        (role_permission_tbl ps1_0 
    join
        permission_tbl ps1_1 
            on ps1_1.id=ps1_0.permission) 
        on rs1_1.name=ps1_0.role_name 
        and ( ps1_1.deleted = 0) 
    where
        u1_0.username=? 
        and (
            u1_0.deleted = 0
        )
14:01:30.149 [https-jsse-nio-8443-exec-1] TRACE org.hibernate.orm.jdbc.bind - binding parameter (1:VARCHAR) <- [hasan]
14:01:30.150 [https-jsse-nio-8443-exec-1] TRACE org.hibernate.orm.jdbc.extract - extracted value (9:VARCHAR) -> [hasan]
14:01:30.150 [https-jsse-nio-8443-exec-1] TRACE org.hibernate.orm.jdbc.extract - extracted value (10:VARCHAR) -> [ROLE_CUSTOMER]
14:01:30.150 [https-jsse-nio-8443-exec-1] TRACE org.hibernate.orm.jdbc.extract - extracted value (12:VARCHAR) -> [ROLE_CUSTOMER]
14:01:30.150 [https-jsse-nio-8443-exec-1] TRACE org.hibernate.orm.jdbc.extract - extracted value (13:BIGINT) -> [1]
14:01:30.150 [https-jsse-nio-8443-exec-1] TRACE org.hibernate.orm.jdbc.extract - extracted value (11:BOOLEAN) -> [false]
14:01:30.151 [https-jsse-nio-8443-exec-1] TRACE org.hibernate.orm.jdbc.extract - extracted value (2:BOOLEAN) -> [true]
14:01:30.151 [https-jsse-nio-8443-exec-1] TRACE org.hibernate.orm.jdbc.extract - extracted value (3:BOOLEAN) -> [true]
14:01:30.151 [https-jsse-nio-8443-exec-1] TRACE org.hibernate.orm.jdbc.extract - extracted value (4:TIMESTAMP) -> [2026-08-03T22:36:24.281543]
14:01:30.151 [https-jsse-nio-8443-exec-1] TRACE org.hibernate.orm.jdbc.extract - extracted value (5:BOOLEAN) -> [true]
14:01:30.151 [https-jsse-nio-8443-exec-1] TRACE org.hibernate.orm.jdbc.extract - extracted value (6:BOOLEAN) -> [false]
14:01:30.151 [https-jsse-nio-8443-exec-1] TRACE org.hibernate.orm.jdbc.extract - extracted value (7:BOOLEAN) -> [true]
14:01:30.151 [https-jsse-nio-8443-exec-1] TRACE org.hibernate.orm.jdbc.extract - extracted value (8:VARCHAR) -> [$2a$12$On9gnEeusVWqrhY7gH8BH.4Fs/LopJPYgCbl5qlVI723TmxHkXSx.]
14:01:30.151 [https-jsse-nio-8443-exec-1] TRACE org.hibernate.orm.jdbc.extract - extracted value (6:BIGINT) -> [2]
14:01:30.151 [https-jsse-nio-8443-exec-1] DEBUG org.hibernate.SQL - 
    select
        s1_0.id,
        s1_0.building_id,
        s1_0.deleted,
        ps1_0.id,
        ps1_0.building_id,
        ps1_0.deleted,
        ps1_0.parent_section_id,
        ps1_0.title,
        s1_0.title,
        csl1_0.parent_section_id,
        csl1_0.id,
        csl1_0.building_id,
        csl1_0.deleted,
        csl1_0.title 
    from
        section_table s1_0 
    left join
        section_table ps1_0 
            on ps1_0.id=s1_0.parent_section_id 
            and (ps1_0.deleted = 0) 
    left join
        section_table csl1_0 
            on s1_0.id=csl1_0.parent_section_id 
            and (csl1_0.deleted = 0) 
    where
        s1_0.id=? 
        and (
            s1_0.deleted = 0
        )
14:01:30.151 [https-jsse-nio-8443-exec-1] TRACE org.hibernate.orm.jdbc.bind - binding parameter (1:BIGINT) <- [2]
14:01:30.152 [https-jsse-nio-8443-exec-1] TRACE org.hibernate.orm.jdbc.extract - extracted value (10:BIGINT) -> [2]
14:01:30.152 [https-jsse-nio-8443-exec-1] TRACE org.hibernate.orm.jdbc.extract - extracted value (11:BIGINT) -> [3]
14:01:30.152 [https-jsse-nio-8443-exec-1] TRACE org.hibernate.orm.jdbc.extract - extracted value (4:BIGINT) -> [1]
14:01:30.152 [https-jsse-nio-8443-exec-1] TRACE org.hibernate.orm.jdbc.extract - extracted value (2:BIGINT) -> [null]
14:01:30.152 [https-jsse-nio-8443-exec-1] TRACE org.hibernate.orm.jdbc.extract - extracted value (12:BIGINT) -> [null]
14:01:30.152 [https-jsse-nio-8443-exec-1] TRACE org.hibernate.orm.jdbc.extract - extracted value (5:BIGINT) -> [null]
14:01:30.152 [https-jsse-nio-8443-exec-1] TRACE org.hibernate.orm.jdbc.extract - extracted value (7:BIGINT) -> [null]
14:01:30.152 [https-jsse-nio-8443-exec-1] TRACE org.hibernate.orm.jdbc.extract - extracted value (13:BOOLEAN) -> [false]
14:01:30.152 [https-jsse-nio-8443-exec-1] TRACE org.hibernate.orm.jdbc.extract - extracted value (14:VARCHAR) -> [BUS]
14:01:30.152 [https-jsse-nio-8443-exec-1] TRACE org.hibernate.orm.jdbc.extract - extracted value (6:BOOLEAN) -> [false]
14:01:30.152 [https-jsse-nio-8443-exec-1] TRACE org.hibernate.orm.jdbc.extract - extracted value (8:VARCHAR) -> [MAIN SECTION]
14:01:30.152 [https-jsse-nio-8443-exec-1] TRACE org.hibernate.orm.jdbc.extract - extracted value (3:BOOLEAN) -> [false]
14:01:30.152 [https-jsse-nio-8443-exec-1] TRACE org.hibernate.orm.jdbc.extract - extracted value (9:VARCHAR) -> [TRANSPORT]
14:01:30.152 [https-jsse-nio-8443-exec-1] TRACE org.hibernate.orm.jdbc.extract - extracted value (11:BIGINT) -> [4]
14:01:30.152 [https-jsse-nio-8443-exec-1] TRACE org.hibernate.orm.jdbc.extract - extracted value (12:BIGINT) -> [null]
14:01:30.152 [https-jsse-nio-8443-exec-1] TRACE org.hibernate.orm.jdbc.extract - extracted value (13:BOOLEAN) -> [false]
14:01:30.152 [https-jsse-nio-8443-exec-1] TRACE org.hibernate.orm.jdbc.extract - extracted value (14:VARCHAR) -> [TRAIN]
14:01:30.152 [https-jsse-nio-8443-exec-1] TRACE org.hibernate.orm.jdbc.extract - extracted value (3:TIMESTAMP) -> [2026-01-20T22:39:36.568]
14:01:30.152 [https-jsse-nio-8443-exec-1] TRACE org.hibernate.orm.jdbc.extract - extracted value (4:BOOLEAN) -> [false]
14:01:30.152 [https-jsse-nio-8443-exec-1] TRACE org.hibernate.orm.jdbc.extract - extracted value (5:INTEGER) -> [null]
14:01:30.152 [https-jsse-nio-8443-exec-1] TRACE org.hibernate.orm.jdbc.extract - extracted value (7:TINYINT) -> [Closed]
14:01:30.152 [https-jsse-nio-8443-exec-1] TRACE org.hibernate.orm.jdbc.extract - extracted value (8:VARCHAR) -> [test 1]
14:01:30.153 [https-jsse-nio-8443-exec-1] DEBUG org.hibernate.SQL - 
    select
        csl1_0.parent_section_id,
        csl1_0.id,
        csl1_0.building_id,
        csl1_0.deleted,
        csl1_0.title 
    from
        section_table csl1_0 
    where
        csl1_0.parent_section_id=? 
        and (
            csl1_0.deleted = 0
        )
14:01:30.153 [https-jsse-nio-8443-exec-1] TRACE org.hibernate.orm.jdbc.bind - binding parameter (1:BIGINT) <- [4]
14:01:30.154 [https-jsse-nio-8443-exec-1] DEBUG org.hibernate.SQL - 
    select
        csl1_0.parent_section_id,
        csl1_0.id,
        csl1_0.building_id,
        csl1_0.deleted,
        csl1_0.title 
    from
        section_table csl1_0 
    where
        csl1_0.parent_section_id=? 
        and (
            csl1_0.deleted = 0
        )
14:01:30.154 [https-jsse-nio-8443-exec-1] TRACE org.hibernate.orm.jdbc.bind - binding parameter (1:BIGINT) <- [1]
14:01:30.154 [https-jsse-nio-8443-exec-1] TRACE org.hibernate.orm.jdbc.extract - extracted value (1:BIGINT) -> [1]
14:01:30.155 [https-jsse-nio-8443-exec-1] TRACE org.hibernate.orm.jdbc.extract - extracted value (2:BIGINT) -> [2]
14:01:30.155 [https-jsse-nio-8443-exec-1] TRACE org.hibernate.orm.jdbc.extract - extracted value (1:BIGINT) -> [1]
14:01:30.155 [https-jsse-nio-8443-exec-1] TRACE org.hibernate.orm.jdbc.extract - extracted value (2:BIGINT) -> [5]
14:01:30.155 [https-jsse-nio-8443-exec-1] TRACE org.hibernate.orm.jdbc.extract - extracted value (3:BIGINT) -> [null]
14:01:30.155 [https-jsse-nio-8443-exec-1] TRACE org.hibernate.orm.jdbc.extract - extracted value (4:BOOLEAN) -> [false]
14:01:30.155 [https-jsse-nio-8443-exec-1] TRACE org.hibernate.orm.jdbc.extract - extracted value (5:VARCHAR) -> [HSE]
14:01:30.155 [https-jsse-nio-8443-exec-1] DEBUG org.hibernate.SQL - 
    select
        csl1_0.parent_section_id,
        csl1_0.id,
        csl1_0.building_id,
        csl1_0.deleted,
        csl1_0.title 
    from
        section_table csl1_0 
    where
        csl1_0.parent_section_id=? 
        and (
            csl1_0.deleted = 0
        )
14:01:30.155 [https-jsse-nio-8443-exec-1] TRACE org.hibernate.orm.jdbc.bind - binding parameter (1:BIGINT) <- [5]
14:01:30.156 [https-jsse-nio-8443-exec-1] DEBUG org.hibernate.SQL - 
    select
        csl1_0.parent_section_id,
        csl1_0.id,
        csl1_0.building_id,
        csl1_0.deleted,
        csl1_0.title 
    from
        section_table csl1_0 
    where
        csl1_0.parent_section_id=? 
        and (
            csl1_0.deleted = 0
        )
14:01:30.156 [https-jsse-nio-8443-exec-1] TRACE org.hibernate.orm.jdbc.bind - binding parameter (1:BIGINT) <- [3]
14:01:30.157 [https-jsse-nio-8443-exec-1] TRACE o.s.c.interceptor.CacheInterceptor - Computed cache key 'SimpleKey []' for operation Builder[public java.util.List ir.service.impl.SectionServiceImpl.findAllForFilter()] caches=[sectionsFilter] | key='' | keyGenerator='' | cacheManager='' | cacheResolver='' | condition='' | unless='' | sync='false'
14:01:30.157 [https-jsse-nio-8443-exec-1] TRACE o.s.c.interceptor.CacheInterceptor - Cache entry for key 'SimpleKey []' found in cache(s) [sectionsFilter]
14:01:30.157 [https-jsse-nio-8443-exec-1] INFO  i.c.exception.ResponseAspect - Web Controller: showAllTickets
14:01:31.777 [scheduling-1] DEBUG o.h.e.t.internal.TransactionImpl - On TransactionImpl creation, JpaCompliance#isJpaTransactionComplianceEnabled == false
14:01:31.777 [scheduling-1] DEBUG o.h.e.t.internal.TransactionImpl - begin
14:01:31.779 [scheduling-1] DEBUG org.hibernate.SQL - 
    /* <criteria> */ select
        oe1_0.id,
        oe1_0.aggregate_id,
        oe1_0.aggregate_type,
        oe1_0.created_at,
        oe1_0.deleted,
        oe1_0.event_type,
        oe1_0.payload,
        oe1_0.published 
    from
        outbox_tbl oe1_0 
    where
        (
            oe1_0.deleted = 0
        ) 
        and oe1_0.published=0 
    order by
        oe1_0.created_at
14:01:31.780 [scheduling-1] DEBUG o.h.e.t.internal.TransactionImpl - committing
14:01:33.737 [org.springframework.kafka.KafkaListenerEndpointContainer#0-0-C-1] INFO  o.apache.kafka.clients.NetworkClient - [Consumer clientId=consumer-building-service-updater-1, groupId=building-service-updater] Node -1 disconnected.
14:01:33.737 [org.springframework.kafka.KafkaListenerEndpointContainer#0-0-C-1] WARN  o.apache.kafka.clients.NetworkClient - [Consumer clientId=consumer-building-service-updater-1, groupId=building-service-updater] Connection to node -1 (/100.99.137.56:9092) could not be established. Node may not be available.
14:01:33.737 [org.springframework.kafka.KafkaListenerEndpointContainer#0-0-C-1] WARN  o.apache.kafka.clients.NetworkClient - [Consumer clientId=consumer-building-service-updater-1, groupId=building-service-updater] Bootstrap broker 100.99.137.56:9092 (id: -1 rack: null) disconnected
14:01:33.782 [scheduling-1] DEBUG o.h.e.t.internal.TransactionImpl - On TransactionImpl creation, JpaCompliance#isJpaTransactionComplianceEnabled == false
14:01:33.782 [scheduling-1] DEBUG o.h.e.t.internal.TransactionImpl - begin
14:01:33.783 [scheduling-1] DEBUG org.hibernate.SQL - 
    /* <criteria> */ select
        oe1_0.id,
        oe1_0.aggregate_id,
        oe1_0.aggregate_type,
        oe1_0.created_at,
        oe1_0.deleted,
        oe1_0.event_type,
        oe1_0.payload,
        oe1_0.published 
    from
        outbox_tbl oe1_0 
    where
        (
            oe1_0.deleted = 0
        ) 
        and oe1_0.published=0 
    order by
        oe1_0.created_at
14:01:33.784 [scheduling-1] DEBUG o.h.e.t.internal.TransactionImpl - committing
14:01:35.646 [https-jsse-nio-8443-exec-6] DEBUG o.s.security.web.FilterChainProxy - Securing POST /logout
14:01:35.646 [https-jsse-nio-8443-exec-6] DEBUG o.s.s.w.a.c.ChannelProcessingFilter - Request: filter invocation [POST /logout]; ConfigAttributes: [REQUIRES_SECURE_CHANNEL]
14:01:35.647 [https-jsse-nio-8443-exec-6] DEBUG o.s.s.w.c.HttpSessionSecurityContextRepository - Retrieved SecurityContextImpl [Authentication=UsernamePasswordAuthenticationToken [Principal=ir.model.entity.CustomUserDetails@29c0617f, Credentials=[PROTECTED], Authenticated=true, Details=WebAuthenticationDetails [RemoteIpAddress=0:0:0:0:0:0:0:1, SessionId=null], Granted Authorities=[TICKET_EDIT, BUILDING_DELETE, TICKET_CHECK_SCORE, BUILDING_EDIT, BUILDING_CREATE, TICKET_CHECK_CLOSE, REPORT_VIEW, ROLE_ADMIN, TICKET_CREATE, TICKET_DELETE]]]
14:01:35.647 [https-jsse-nio-8443-exec-6] DEBUG o.s.s.w.a.logout.LogoutFilter - Logging out [UsernamePasswordAuthenticationToken [Principal=ir.model.entity.CustomUserDetails@29c0617f, Credentials=[PROTECTED], Authenticated=true, Details=WebAuthenticationDetails [RemoteIpAddress=0:0:0:0:0:0:0:1, SessionId=null], Granted Authorities=[TICKET_EDIT, BUILDING_DELETE, TICKET_CHECK_SCORE, BUILDING_EDIT, BUILDING_CREATE, TICKET_CHECK_CLOSE, REPORT_VIEW, ROLE_ADMIN, TICKET_CREATE, TICKET_DELETE]]]
14:01:35.648 [https-jsse-nio-8443-exec-6] INFO  ir.config.SecurityConfig - User ali logged out at 2026-04-23T14:01:35.648791800
14:01:35.649 [https-jsse-nio-8443-exec-6] DEBUG o.s.s.w.a.l.SecurityContextLogoutHandler - Invalidated session 8BF3564E1C9402DE54F8EC72836B269D
14:01:35.649 [https-jsse-nio-8443-exec-6] DEBUG o.s.s.web.DefaultRedirectStrategy - Redirecting to /login?logout
14:01:35.653 [https-jsse-nio-8443-exec-4] DEBUG o.s.security.web.FilterChainProxy - Securing GET /login?logout
14:01:35.653 [https-jsse-nio-8443-exec-4] DEBUG o.s.s.w.a.c.ChannelProcessingFilter - Request: filter invocation [GET /login?logout]; ConfigAttributes: [REQUIRES_SECURE_CHANNEL]
14:01:35.653 [https-jsse-nio-8443-exec-4] DEBUG o.s.s.w.a.AnonymousAuthenticationFilter - Set SecurityContextHolder to anonymous SecurityContext
14:01:35.653 [https-jsse-nio-8443-exec-4] DEBUG o.s.security.web.FilterChainProxy - Secured GET /login?logout
14:01:35.672 [https-jsse-nio-8443-exec-8] DEBUG o.s.security.web.FilterChainProxy - Securing GET /css/bootstrap.min.css
14:01:35.672 [https-jsse-nio-8443-exec-10] DEBUG o.s.security.web.FilterChainProxy - Securing GET /css/reset.css
14:01:35.672 [https-jsse-nio-8443-exec-8] DEBUG o.s.s.w.a.c.ChannelProcessingFilter - Request: filter invocation [GET /css/bootstrap.min.css]; ConfigAttributes: [REQUIRES_SECURE_CHANNEL]
14:01:35.672 [https-jsse-nio-8443-exec-10] DEBUG o.s.s.w.a.c.ChannelProcessingFilter - Request: filter invocation [GET /css/reset.css]; ConfigAttributes: [REQUIRES_SECURE_CHANNEL]
14:01:35.672 [https-jsse-nio-8443-exec-9] DEBUG o.s.security.web.FilterChainProxy - Securing GET /css/fontawesome.css
14:01:35.672 [https-jsse-nio-8443-exec-9] DEBUG o.s.s.w.a.c.ChannelProcessingFilter - Request: filter invocation [GET /css/fontawesome.css]; ConfigAttributes: [REQUIRES_SECURE_CHANNEL]
14:01:35.672 [https-jsse-nio-8443-exec-7] DEBUG o.s.security.web.FilterChainProxy - Securing GET /css/fonts.min.css
14:01:35.672 [https-jsse-nio-8443-exec-8] DEBUG o.s.s.w.a.AnonymousAuthenticationFilter - Set SecurityContextHolder to anonymous SecurityContext
14:01:35.672 [https-jsse-nio-8443-exec-10] DEBUG o.s.s.w.a.AnonymousAuthenticationFilter - Set SecurityContextHolder to anonymous SecurityContext
14:01:35.672 [https-jsse-nio-8443-exec-7] DEBUG o.s.s.w.a.c.ChannelProcessingFilter - Request: filter invocation [GET /css/fonts.min.css]; ConfigAttributes: [REQUIRES_SECURE_CHANNEL]
14:01:35.672 [https-jsse-nio-8443-exec-9] DEBUG o.s.s.w.a.AnonymousAuthenticationFilter - Set SecurityContextHolder to anonymous SecurityContext
14:01:35.672 [https-jsse-nio-8443-exec-8] DEBUG o.s.security.web.FilterChainProxy - Secured GET /css/bootstrap.min.css
14:01:35.672 [https-jsse-nio-8443-exec-10] DEBUG o.s.security.web.FilterChainProxy - Secured GET /css/reset.css
14:01:35.672 [https-jsse-nio-8443-exec-9] DEBUG o.s.security.web.FilterChainProxy - Secured GET /css/fontawesome.css
14:01:35.672 [https-jsse-nio-8443-exec-7] DEBUG o.s.s.w.a.AnonymousAuthenticationFilter - Set SecurityContextHolder to anonymous SecurityContext
14:01:35.672 [https-jsse-nio-8443-exec-7] DEBUG o.s.security.web.FilterChainProxy - Secured GET /css/fonts.min.css
14:01:35.672 [https-jsse-nio-8443-exec-3] DEBUG o.s.security.web.FilterChainProxy - Securing GET /css/toast.css
14:01:35.673 [https-jsse-nio-8443-exec-3] DEBUG o.s.s.w.a.c.ChannelProcessingFilter - Request: filter invocation [GET /css/toast.css]; ConfigAttributes: [REQUIRES_SECURE_CHANNEL]
14:01:35.673 [https-jsse-nio-8443-exec-2] DEBUG o.s.security.web.FilterChainProxy - Securing GET /css/styles.css
14:01:35.673 [https-jsse-nio-8443-exec-2] DEBUG o.s.s.w.a.c.ChannelProcessingFilter - Request: filter invocation [GET /css/styles.css]; ConfigAttributes: [REQUIRES_SECURE_CHANNEL]
14:01:35.673 [https-jsse-nio-8443-exec-3] DEBUG o.s.s.w.a.AnonymousAuthenticationFilter - Set SecurityContextHolder to anonymous SecurityContext
14:01:35.673 [https-jsse-nio-8443-exec-2] DEBUG o.s.s.w.a.AnonymousAuthenticationFilter - Set SecurityContextHolder to anonymous SecurityContext
14:01:35.673 [https-jsse-nio-8443-exec-3] DEBUG o.s.security.web.FilterChainProxy - Secured GET /css/toast.css
14:01:35.673 [https-jsse-nio-8443-exec-2] DEBUG o.s.security.web.FilterChainProxy - Secured GET /css/styles.css
14:01:35.675 [https-jsse-nio-8443-exec-5] DEBUG o.s.security.web.FilterChainProxy - Securing GET /js/bootstrap.bundle.min.js
14:01:35.676 [https-jsse-nio-8443-exec-5] DEBUG o.s.s.w.a.c.ChannelProcessingFilter - Request: filter invocation [GET /js/bootstrap.bundle.min.js]; ConfigAttributes: [REQUIRES_SECURE_CHANNEL]
14:01:35.676 [https-jsse-nio-8443-exec-1] DEBUG o.s.security.web.FilterChainProxy - Securing GET /js/fontawesome.js
14:01:35.676 [https-jsse-nio-8443-exec-6] DEBUG o.s.security.web.FilterChainProxy - Securing GET /js/toast.js
14:01:35.676 [https-jsse-nio-8443-exec-4] DEBUG o.s.security.web.FilterChainProxy - Securing GET /js/script.js
14:01:35.676 [https-jsse-nio-8443-exec-1] DEBUG o.s.s.w.a.c.ChannelProcessingFilter - Request: filter invocation [GET /js/fontawesome.js]; ConfigAttributes: [REQUIRES_SECURE_CHANNEL]
14:01:35.676 [https-jsse-nio-8443-exec-6] DEBUG o.s.s.w.a.c.ChannelProcessingFilter - Request: filter invocation [GET /js/toast.js]; ConfigAttributes: [REQUIRES_SECURE_CHANNEL]
14:01:35.676 [https-jsse-nio-8443-exec-5] DEBUG o.s.s.w.a.AnonymousAuthenticationFilter - Set SecurityContextHolder to anonymous SecurityContext
14:01:35.676 [https-jsse-nio-8443-exec-4] DEBUG o.s.s.w.a.c.ChannelProcessingFilter - Request: filter invocation [GET /js/script.js]; ConfigAttributes: [REQUIRES_SECURE_CHANNEL]
14:01:35.676 [https-jsse-nio-8443-exec-1] DEBUG o.s.s.w.a.AnonymousAuthenticationFilter - Set SecurityContextHolder to anonymous SecurityContext
14:01:35.676 [https-jsse-nio-8443-exec-6] DEBUG o.s.s.w.a.AnonymousAuthenticationFilter - Set SecurityContextHolder to anonymous SecurityContext
14:01:35.676 [https-jsse-nio-8443-exec-5] DEBUG o.s.security.web.FilterChainProxy - Secured GET /js/bootstrap.bundle.min.js
14:01:35.676 [https-jsse-nio-8443-exec-4] DEBUG o.s.s.w.a.AnonymousAuthenticationFilter - Set SecurityContextHolder to anonymous SecurityContext
14:01:35.676 [https-jsse-nio-8443-exec-1] DEBUG o.s.security.web.FilterChainProxy - Secured GET /js/fontawesome.js
14:01:35.676 [https-jsse-nio-8443-exec-6] DEBUG o.s.security.web.FilterChainProxy - Secured GET /js/toast.js
14:01:35.676 [https-jsse-nio-8443-exec-4] DEBUG o.s.security.web.FilterChainProxy - Secured GET /js/script.js
14:01:35.679 [https-jsse-nio-8443-exec-10] DEBUG o.s.security.web.FilterChainProxy - Securing GET /js/profiles-register.js
14:01:35.680 [https-jsse-nio-8443-exec-10] DEBUG o.s.s.w.a.c.ChannelProcessingFilter - Request: filter invocation [GET /js/profiles-register.js]; ConfigAttributes: [REQUIRES_SECURE_CHANNEL]
14:01:35.680 [https-jsse-nio-8443-exec-10] DEBUG o.s.s.w.a.AnonymousAuthenticationFilter - Set SecurityContextHolder to anonymous SecurityContext
14:01:35.680 [https-jsse-nio-8443-exec-10] DEBUG o.s.security.web.FilterChainProxy - Secured GET /js/profiles-register.js
14:01:35.796 [scheduling-1] DEBUG o.h.e.t.internal.TransactionImpl - On TransactionImpl creation, JpaCompliance#isJpaTransactionComplianceEnabled == false
14:01:35.796 [scheduling-1] DEBUG o.h.e.t.internal.TransactionImpl - begin
14:01:35.797 [scheduling-1] DEBUG org.hibernate.SQL - 
    /* <criteria> */ select
        oe1_0.id,
        oe1_0.aggregate_id,
        oe1_0.aggregate_type,
        oe1_0.created_at,
        oe1_0.deleted,
        oe1_0.event_type,
        oe1_0.payload,
        oe1_0.published 
    from
        outbox_tbl oe1_0 
    where
        (
            oe1_0.deleted = 0
        ) 
        and oe1_0.published=0 
    order by
        oe1_0.created_at
14:01:35.798 [scheduling-1] DEBUG o.h.e.t.internal.TransactionImpl - committing
14:01:37.800 [scheduling-1] DEBUG o.h.e.t.internal.TransactionImpl - On TransactionImpl creation, JpaCompliance#isJpaTransactionComplianceEnabled == false
14:01:37.800 [scheduling-1] DEBUG o.h.e.t.internal.TransactionImpl - begin
14:01:37.802 [scheduling-1] DEBUG org.hibernate.SQL - 
    /* <criteria> */ select
        oe1_0.id,
        oe1_0.aggregate_id,
        oe1_0.aggregate_type,
        oe1_0.created_at,
        oe1_0.deleted,
        oe1_0.event_type,
        oe1_0.payload,
        oe1_0.published 
    from
        outbox_tbl oe1_0 
    where
        (
            oe1_0.deleted = 0
        ) 
        and oe1_0.published=0 
    order by
        oe1_0.created_at
14:01:37.803 [scheduling-1] DEBUG o.h.e.t.internal.TransactionImpl - committing
14:01:38.596 [org.springframework.kafka.KafkaListenerEndpointContainer#0-0-C-1] INFO  o.a.k.c.c.i.ConsumerCoordinator - [Consumer clientId=consumer-building-service-updater-1, groupId=building-service-updater] Resetting generation and member id due to: consumer pro-actively leaving the group
14:01:38.596 [org.springframework.kafka.KafkaListenerEndpointContainer#0-0-C-1] INFO  o.a.k.c.c.i.ConsumerCoordinator - [Consumer clientId=consumer-building-service-updater-1, groupId=building-service-updater] Request joining group due to: consumer pro-actively leaving the group
14:01:38.596 [org.springframework.kafka.KafkaListenerEndpointContainer#0-0-C-1] INFO  o.a.k.c.c.i.LegacyKafkaConsumer - [Consumer clientId=consumer-building-service-updater-1, groupId=building-service-updater] Unsubscribed all topics or patterns and assigned partitions
14:01:38.597 [org.springframework.kafka.KafkaListenerEndpointContainer#0-0-C-1] INFO  o.a.k.c.c.i.ConsumerCoordinator - [Consumer clientId=consumer-building-service-updater-1, groupId=building-service-updater] Resetting generation and member id due to: consumer pro-actively leaving the group
14:01:38.597 [org.springframework.kafka.KafkaListenerEndpointContainer#0-0-C-1] INFO  o.a.k.c.c.i.ConsumerCoordinator - [Consumer clientId=consumer-building-service-updater-1, groupId=building-service-updater] Request joining group due to: consumer pro-actively leaving the group
14:01:38.599 [org.springframework.kafka.KafkaListenerEndpointContainer#0-0-C-1] INFO  o.a.kafka.common.metrics.Metrics - Metrics scheduler closed
14:01:38.599 [org.springframework.kafka.KafkaListenerEndpointContainer#0-0-C-1] INFO  o.a.kafka.common.metrics.Metrics - Closing reporter org.apache.kafka.common.metrics.JmxReporter
14:01:38.599 [org.springframework.kafka.KafkaListenerEndpointContainer#0-0-C-1] INFO  o.a.kafka.common.metrics.Metrics - Closing reporter org.apache.kafka.common.telemetry.internals.ClientTelemetryReporter
14:01:38.599 [org.springframework.kafka.KafkaListenerEndpointContainer#0-0-C-1] INFO  o.a.kafka.common.metrics.Metrics - Metrics reporters closed
14:01:38.603 [org.springframework.kafka.KafkaListenerEndpointContainer#0-0-C-1] INFO  o.a.kafka.common.utils.AppInfoParser - App info kafka.consumer for consumer-building-service-updater-1 unregistered
14:01:38.604 [org.springframework.kafka.KafkaListenerEndpointContainer#0-0-C-1] INFO  o.s.k.l.KafkaMessageListenerContainer - building-service-updater: Consumer stopped
14:01:38.605 [SpringApplicationShutdownHook] INFO  o.s.b.w.e.tomcat.GracefulShutdown - Commencing graceful shutdown. Waiting for active requests to complete
14:01:38.914 [tomcat-shutdown] INFO  o.s.b.w.e.tomcat.GracefulShutdown - Graceful shutdown complete
14:01:38.942 [SpringApplicationShutdownHook] INFO  o.s.o.j.LocalContainerEntityManagerFactoryBean - Closing JPA EntityManagerFactory for persistence unit 'default'
14:01:38.944 [SpringApplicationShutdownHook] INFO  com.zaxxer.hikari.HikariDataSource - HikariPool-1 - Shutdown initiated...
14:01:38.952 [SpringApplicationShutdownHook] INFO  com.zaxxer.hikari.HikariDataSource - HikariPool-1 - Shutdown completed.
