08:22:59.247 [background-preinit] INFO  o.h.validator.internal.util.Version - HV000001: Hibernate Validator 8.0.2.Final
08:22:59.294 [restartedMain] INFO  ir.TicketingSpringSample - Starting TicketingSpringSample using Java 17.0.12 with PID 7656 (D:\JAVA\MFT learning\projects\Spring\ticketing_spring_sample\target\classes started by arbab in D:\JAVA\MFT learning\projects\Spring\ticketing_spring_sample)
08:22:59.295 [restartedMain] INFO  ir.TicketingSpringSample - The following 1 profile is active: "dev"
08:22:59.346 [restartedMain] INFO  o.s.b.d.restart.ChangeableUrls - The Class-Path manifest attribute in C:\Users\arbab\.m2\repository\com\oracle\database\jdbc\ojdbc11\21.9.0.0\ojdbc11-21.9.0.0.jar referenced one or more files that do not exist: file:/C:/Users/arbab/.m2/repository/com/oracle/database/jdbc/ojdbc11/21.9.0.0/oraclepki.jar
08:22:59.346 [restartedMain] INFO  o.s.b.d.e.DevToolsPropertyDefaultsPostProcessor - Devtools property defaults active! Set 'spring.devtools.add-properties' to 'false' to disable
08:22:59.346 [restartedMain] INFO  o.s.b.d.e.DevToolsPropertyDefaultsPostProcessor - For additional web related logging consider setting the 'logging.level.web' property to 'DEBUG'
08:23:00.241 [restartedMain] INFO  o.s.b.f.s.DefaultListableBeanFactory - Overriding bean definition for bean 'localeResolver' with a different definition: replacing [Root bean: class=null; scope=; abstract=false; lazyInit=null; autowireMode=3; dependencyCheck=0; autowireCandidate=true; primary=false; fallback=false; factoryBeanName=org.springframework.web.servlet.config.annotation.DelegatingWebMvcConfiguration; factoryMethodName=localeResolver; initMethodNames=null; destroyMethodNames=[(inferred)]; defined in class path resource [org/springframework/web/servlet/config/annotation/DelegatingWebMvcConfiguration.class]] with [Root bean: class=null; scope=; abstract=false; lazyInit=null; autowireMode=3; dependencyCheck=0; autowireCandidate=true; primary=false; fallback=false; factoryBeanName=webConfig; factoryMethodName=localeResolver; initMethodNames=null; destroyMethodNames=[(inferred)]; defined in class path resource [ir/config/WebConfig.class]]
08:23:00.248 [restartedMain] INFO  o.s.d.r.c.RepositoryConfigurationDelegate - Multiple Spring Data modules found, entering strict repository configuration mode
08:23:00.249 [restartedMain] INFO  o.s.d.r.c.RepositoryConfigurationDelegate - Bootstrapping Spring Data JPA repositories in DEFAULT mode.
08:23:00.393 [restartedMain] INFO  o.s.d.r.c.RepositoryConfigurationExtensionSupport - Spring Data JPA - Could not safely identify store assignment for repository candidate interface ir.repository.ImageRepository; If you want this repository to be a JPA repository, consider annotating your entities with one of these annotations: jakarta.persistence.Entity, jakarta.persistence.MappedSuperclass (preferred), or consider extending one of the following types with your repository: org.springframework.data.jpa.repository.JpaRepository
08:23:00.448 [restartedMain] INFO  o.s.d.r.c.RepositoryConfigurationDelegate - Finished Spring Data repository scanning in 190 ms. Found 10 JPA repository interfaces.
08:23:00.841 [restartedMain] INFO  o.s.d.r.c.RepositoryConfigurationDelegate - Multiple Spring Data modules found, entering strict repository configuration mode
08:23:00.842 [restartedMain] INFO  o.s.d.r.c.RepositoryConfigurationDelegate - Bootstrapping Spring Data MongoDB repositories in DEFAULT mode.
08:23:00.855 [restartedMain] INFO  o.s.d.r.c.RepositoryConfigurationExtensionSupport - Spring Data MongoDB - Could not safely identify store assignment for repository candidate interface ir.repository.AttachmentRepository; If you want this repository to be a MongoDB repository, consider annotating your entities with one of these annotations: org.springframework.data.mongodb.core.mapping.Document (preferred), or consider extending one of the following types with your repository: org.springframework.data.mongodb.repository.MongoRepository
08:23:00.855 [restartedMain] INFO  o.s.d.r.c.RepositoryConfigurationExtensionSupport - Spring Data MongoDB - Could not safely identify store assignment for repository candidate interface ir.repository.BuildingRepository; If you want this repository to be a MongoDB repository, consider annotating your entities with one of these annotations: org.springframework.data.mongodb.core.mapping.Document (preferred), or consider extending one of the following types with your repository: org.springframework.data.mongodb.repository.MongoRepository
08:23:00.856 [restartedMain] INFO  o.s.d.r.c.RepositoryConfigurationExtensionSupport - Spring Data MongoDB - Could not safely identify store assignment for repository candidate interface ir.repository.MessageRepository; If you want this repository to be a MongoDB repository, consider annotating your entities with one of these annotations: org.springframework.data.mongodb.core.mapping.Document (preferred), or consider extending one of the following types with your repository: org.springframework.data.mongodb.repository.MongoRepository
08:23:00.856 [restartedMain] INFO  o.s.d.r.c.RepositoryConfigurationExtensionSupport - Spring Data MongoDB - Could not safely identify store assignment for repository candidate interface ir.repository.OutboxRepository; If you want this repository to be a MongoDB repository, consider annotating your entities with one of these annotations: org.springframework.data.mongodb.core.mapping.Document (preferred), or consider extending one of the following types with your repository: org.springframework.data.mongodb.repository.MongoRepository
08:23:00.856 [restartedMain] INFO  o.s.d.r.c.RepositoryConfigurationExtensionSupport - Spring Data MongoDB - Could not safely identify store assignment for repository candidate interface ir.repository.PermissionRepository; If you want this repository to be a MongoDB repository, consider annotating your entities with one of these annotations: org.springframework.data.mongodb.core.mapping.Document (preferred), or consider extending one of the following types with your repository: org.springframework.data.mongodb.repository.MongoRepository
08:23:00.856 [restartedMain] INFO  o.s.d.r.c.RepositoryConfigurationExtensionSupport - Spring Data MongoDB - Could not safely identify store assignment for repository candidate interface ir.repository.ProfileRepository; If you want this repository to be a MongoDB repository, consider annotating your entities with one of these annotations: org.springframework.data.mongodb.core.mapping.Document (preferred), or consider extending one of the following types with your repository: org.springframework.data.mongodb.repository.MongoRepository
08:23:00.856 [restartedMain] INFO  o.s.d.r.c.RepositoryConfigurationExtensionSupport - Spring Data MongoDB - Could not safely identify store assignment for repository candidate interface ir.repository.RoleRepository; If you want this repository to be a MongoDB repository, consider annotating your entities with one of these annotations: org.springframework.data.mongodb.core.mapping.Document (preferred), or consider extending one of the following types with your repository: org.springframework.data.mongodb.repository.MongoRepository
08:23:00.857 [restartedMain] INFO  o.s.d.r.c.RepositoryConfigurationExtensionSupport - Spring Data MongoDB - Could not safely identify store assignment for repository candidate interface ir.repository.SectionRepository; If you want this repository to be a MongoDB repository, consider annotating your entities with one of these annotations: org.springframework.data.mongodb.core.mapping.Document (preferred), or consider extending one of the following types with your repository: org.springframework.data.mongodb.repository.MongoRepository
08:23:00.857 [restartedMain] INFO  o.s.d.r.c.RepositoryConfigurationExtensionSupport - Spring Data MongoDB - Could not safely identify store assignment for repository candidate interface ir.repository.TicketRepository; If you want this repository to be a MongoDB repository, consider annotating your entities with one of these annotations: org.springframework.data.mongodb.core.mapping.Document (preferred), or consider extending one of the following types with your repository: org.springframework.data.mongodb.repository.MongoRepository
08:23:00.857 [restartedMain] INFO  o.s.d.r.c.RepositoryConfigurationExtensionSupport - Spring Data MongoDB - Could not safely identify store assignment for repository candidate interface ir.repository.UserRepository; If you want this repository to be a MongoDB repository, consider annotating your entities with one of these annotations: org.springframework.data.mongodb.core.mapping.Document (preferred), or consider extending one of the following types with your repository: org.springframework.data.mongodb.repository.MongoRepository
08:23:00.863 [restartedMain] INFO  o.s.d.r.c.RepositoryConfigurationDelegate - Finished Spring Data repository scanning in 19 ms. Found 1 MongoDB repository interface.
08:23:00.874 [restartedMain] INFO  o.s.d.r.c.RepositoryConfigurationDelegate - Multiple Spring Data modules found, entering strict repository configuration mode
08:23:00.875 [restartedMain] INFO  o.s.d.r.c.RepositoryConfigurationDelegate - Bootstrapping Spring Data Redis repositories in DEFAULT mode.
08:23:00.888 [restartedMain] INFO  o.s.d.r.c.RepositoryConfigurationExtensionSupport - Spring Data Redis - Could not safely identify store assignment for repository candidate interface ir.repository.AttachmentRepository; If you want this repository to be a Redis repository, consider annotating your entities with one of these annotations: org.springframework.data.redis.core.RedisHash (preferred), or consider extending one of the following types with your repository: org.springframework.data.keyvalue.repository.KeyValueRepository
08:23:00.889 [restartedMain] INFO  o.s.d.r.c.RepositoryConfigurationExtensionSupport - Spring Data Redis - Could not safely identify store assignment for repository candidate interface ir.repository.BuildingRepository; If you want this repository to be a Redis repository, consider annotating your entities with one of these annotations: org.springframework.data.redis.core.RedisHash (preferred), or consider extending one of the following types with your repository: org.springframework.data.keyvalue.repository.KeyValueRepository
08:23:00.889 [restartedMain] INFO  o.s.d.r.c.RepositoryConfigurationExtensionSupport - Spring Data Redis - Could not safely identify store assignment for repository candidate interface ir.repository.ImageRepository; If you want this repository to be a Redis repository, consider annotating your entities with one of these annotations: org.springframework.data.redis.core.RedisHash (preferred), or consider extending one of the following types with your repository: org.springframework.data.keyvalue.repository.KeyValueRepository
08:23:00.889 [restartedMain] INFO  o.s.d.r.c.RepositoryConfigurationExtensionSupport - Spring Data Redis - Could not safely identify store assignment for repository candidate interface ir.repository.MessageRepository; If you want this repository to be a Redis repository, consider annotating your entities with one of these annotations: org.springframework.data.redis.core.RedisHash (preferred), or consider extending one of the following types with your repository: org.springframework.data.keyvalue.repository.KeyValueRepository
08:23:00.889 [restartedMain] INFO  o.s.d.r.c.RepositoryConfigurationExtensionSupport - Spring Data Redis - Could not safely identify store assignment for repository candidate interface ir.repository.OutboxRepository; If you want this repository to be a Redis repository, consider annotating your entities with one of these annotations: org.springframework.data.redis.core.RedisHash (preferred), or consider extending one of the following types with your repository: org.springframework.data.keyvalue.repository.KeyValueRepository
08:23:00.889 [restartedMain] INFO  o.s.d.r.c.RepositoryConfigurationExtensionSupport - Spring Data Redis - Could not safely identify store assignment for repository candidate interface ir.repository.PermissionRepository; If you want this repository to be a Redis repository, consider annotating your entities with one of these annotations: org.springframework.data.redis.core.RedisHash (preferred), or consider extending one of the following types with your repository: org.springframework.data.keyvalue.repository.KeyValueRepository
08:23:00.889 [restartedMain] INFO  o.s.d.r.c.RepositoryConfigurationExtensionSupport - Spring Data Redis - Could not safely identify store assignment for repository candidate interface ir.repository.ProfileRepository; If you want this repository to be a Redis repository, consider annotating your entities with one of these annotations: org.springframework.data.redis.core.RedisHash (preferred), or consider extending one of the following types with your repository: org.springframework.data.keyvalue.repository.KeyValueRepository
08:23:00.889 [restartedMain] INFO  o.s.d.r.c.RepositoryConfigurationExtensionSupport - Spring Data Redis - Could not safely identify store assignment for repository candidate interface ir.repository.RoleRepository; If you want this repository to be a Redis repository, consider annotating your entities with one of these annotations: org.springframework.data.redis.core.RedisHash (preferred), or consider extending one of the following types with your repository: org.springframework.data.keyvalue.repository.KeyValueRepository
08:23:00.890 [restartedMain] INFO  o.s.d.r.c.RepositoryConfigurationExtensionSupport - Spring Data Redis - Could not safely identify store assignment for repository candidate interface ir.repository.SectionRepository; If you want this repository to be a Redis repository, consider annotating your entities with one of these annotations: org.springframework.data.redis.core.RedisHash (preferred), or consider extending one of the following types with your repository: org.springframework.data.keyvalue.repository.KeyValueRepository
08:23:00.890 [restartedMain] INFO  o.s.d.r.c.RepositoryConfigurationExtensionSupport - Spring Data Redis - Could not safely identify store assignment for repository candidate interface ir.repository.TicketRepository; If you want this repository to be a Redis repository, consider annotating your entities with one of these annotations: org.springframework.data.redis.core.RedisHash (preferred), or consider extending one of the following types with your repository: org.springframework.data.keyvalue.repository.KeyValueRepository
08:23:00.890 [restartedMain] INFO  o.s.d.r.c.RepositoryConfigurationExtensionSupport - Spring Data Redis - Could not safely identify store assignment for repository candidate interface ir.repository.UserRepository; If you want this repository to be a Redis repository, consider annotating your entities with one of these annotations: org.springframework.data.redis.core.RedisHash (preferred), or consider extending one of the following types with your repository: org.springframework.data.keyvalue.repository.KeyValueRepository
08:23:00.890 [restartedMain] INFO  o.s.d.r.c.RepositoryConfigurationDelegate - Finished Spring Data repository scanning in 7 ms. Found 0 Redis repository interfaces.
08:23:01.927 [restartedMain] INFO  o.s.b.w.e.tomcat.TomcatWebServer - Tomcat initialized with port 8443 (https)
08:23:01.936 [restartedMain] INFO  o.a.coyote.http11.Http11NioProtocol - Initializing ProtocolHandler ["https-jsse-nio-8443"]
08:23:01.939 [restartedMain] INFO  o.a.catalina.core.StandardService - Starting service [Tomcat]
08:23:01.940 [restartedMain] INFO  o.a.catalina.core.StandardEngine - Starting Servlet engine: [Apache Tomcat/10.1.36]
08:23:01.987 [restartedMain] INFO  o.a.c.c.C.[Tomcat].[localhost].[/] - Initializing Spring embedded WebApplicationContext
08:23:01.987 [restartedMain] INFO  o.s.b.w.s.c.ServletWebServerApplicationContext - Root WebApplicationContext: initialization completed in 2630 ms
08:23:02.441 [restartedMain] INFO  o.h.jpa.internal.util.LogHelper - HHH000204: Processing PersistenceUnitInfo [name: default]
08:23:02.496 [restartedMain] INFO  org.hibernate.Version - HHH000412: Hibernate ORM core version 6.6.8.Final
08:23:02.526 [restartedMain] INFO  o.h.c.i.RegionFactoryInitiator - HHH000026: Second-level cache disabled
08:23:02.762 [restartedMain] INFO  o.s.o.j.p.SpringPersistenceUnitInfo - No LoadTimeWeaver setup: ignoring JPA class transformer
08:23:02.789 [restartedMain] INFO  com.zaxxer.hikari.HikariDataSource - HikariPool-1 - Starting...
08:23:03.102 [restartedMain] INFO  com.zaxxer.hikari.pool.HikariPool - HikariPool-1 - Added connection oracle.jdbc.driver.T4CConnection@337dabf2
08:23:03.104 [restartedMain] INFO  com.zaxxer.hikari.HikariDataSource - HikariPool-1 - Start completed.
08:23:03.229 [restartedMain] WARN  org.hibernate.orm.deprecation - HHH90000025: OracleDialect does not need to be specified explicitly using 'hibernate.dialect' (remove the property setting and it will be selected by default)
08:23:03.262 [restartedMain] INFO  o.hibernate.orm.connections.pooling - HHH10001005: Database info:
	Database JDBC URL [Connecting through datasource 'HikariDataSource (HikariPool-1)']
	Database driver: undefined/unknown
	Database version: 21.0
	Autocommit mode: undefined/unknown
	Isolation level: undefined/unknown
	Minimum pool size: undefined/unknown
	Maximum pool size: undefined/unknown
08:23:04.240 [restartedMain] INFO  o.h.e.t.j.p.i.JtaPlatformInitiator - HHH000489: No JTA platform available (set 'hibernate.transaction.jta.platform' to enable JTA platform integration)
08:23:05.173 [restartedMain] DEBUG org.hibernate.SQL - 
    alter table attachment_tbl 
       modify file_type smallint
08:23:05.199 [restartedMain] DEBUG org.hibernate.SQL - 
    alter table ticket_tbl 
       modify status smallint
08:23:16.664 [restartedMain] INFO  o.s.o.j.LocalContainerEntityManagerFactoryBean - Initialized JPA EntityManagerFactory for persistence unit 'default'
08:23:17.323 [restartedMain] INFO  o.s.d.j.r.query.QueryEnhancerFactory - Hibernate is in classpath; If applicable, HQL parser will be used.
08:23:17.826 [restartedMain] TRACE o.s.c.a.AnnotationCacheOperationSource - Adding cacheable method 'update' with operations: [Builder[public ir.model.entity.Section ir.service.impl.SectionServiceImpl.update(java.lang.Long,ir.model.entity.Section)] caches=[sections, sectionsPageable, sectionsFilter] | key='' | keyGenerator='' | cacheManager='' | cacheResolver='' | condition='',true,false]
08:23:17.831 [restartedMain] TRACE o.s.c.a.AnnotationCacheOperationSource - Adding cacheable method 'save' with operations: [Builder[public ir.model.entity.Section ir.service.impl.SectionServiceImpl.save(ir.model.entity.Section)] caches=[sections, sectionsPageable, sectionsFilter] | key='' | keyGenerator='' | cacheManager='' | cacheResolver='' | condition='',true,false]
08:23:17.831 [restartedMain] TRACE o.s.c.a.AnnotationCacheOperationSource - Adding cacheable method 'findAll' with operations: [Builder[public org.springframework.data.domain.Page ir.service.impl.SectionServiceImpl.findAll(org.springframework.data.domain.Pageable)] caches=[sectionsPageable] | key='' | keyGenerator='' | cacheManager='' | cacheResolver='' | condition='' | unless='' | sync='false']
08:23:17.832 [restartedMain] TRACE o.s.c.a.AnnotationCacheOperationSource - Adding cacheable method 'findAll' with operations: [Builder[public java.util.List ir.service.impl.SectionServiceImpl.findAll()] caches=[sections] | key='' | keyGenerator='' | cacheManager='' | cacheResolver='' | condition='' | unless='' | sync='false']
08:23:17.832 [restartedMain] TRACE o.s.c.a.AnnotationCacheOperationSource - Adding cacheable method 'deleteById' with operations: [Builder[public void ir.service.impl.SectionServiceImpl.deleteById(java.lang.Long)] caches=[sections, sectionsPageable, sectionsFilter] | key='' | keyGenerator='' | cacheManager='' | cacheResolver='' | condition='',true,false]
08:23:17.832 [restartedMain] TRACE o.s.c.a.AnnotationCacheOperationSource - Adding cacheable method 'findAllForFilter' with operations: [Builder[public java.util.List ir.service.impl.SectionServiceImpl.findAllForFilter()] caches=[sectionsFilter] | key='' | keyGenerator='' | cacheManager='' | cacheResolver='' | condition='' | unless='' | sync='false']
08:23:18.141 [restartedMain] INFO  org.mongodb.driver.client - MongoClient with metadata {"driver": {"name": "mongo-java-driver|sync|spring-boot", "version": "5.2.1"}, "os": {"type": "Windows", "name": "Windows 10", "architecture": "amd64", "version": "10.0"}, "platform": "Java/Oracle Corporation/17.0.12+8-LTS-286"} created with settings MongoClientSettings{readPreference=primary, writeConcern=WriteConcern{w=null, wTimeout=null ms, journal=null}, retryWrites=true, retryReads=true, readConcern=ReadConcern{level=null}, credential=null, transportSettings=null, commandListeners=[io.micrometer.core.instrument.binder.mongodb.MongoMetricsCommandListener@3797783], codecRegistry=ProvidersCodecRegistry{codecProviders=[ValueCodecProvider{}, BsonValueCodecProvider{}, DBRefCodecProvider{}, DBObjectCodecProvider{}, DocumentCodecProvider{}, CollectionCodecProvider{}, IterableCodecProvider{}, MapCodecProvider{}, GeoJsonCodecProvider{}, GridFSFileCodecProvider{}, Jsr310CodecProvider{}, JsonObjectCodecProvider{}, BsonCodecProvider{}, EnumCodecProvider{}, com.mongodb.client.model.mql.ExpressionCodecProvider@68034a22, com.mongodb.Jep395RecordCodecProvider@431d063a, com.mongodb.KotlinCodecProvider@555c3268]}, loggerSettings=LoggerSettings{maxDocumentLength=1000}, clusterSettings={hosts=[localhost:27017], srvServiceName=mongodb, mode=SINGLE, requiredClusterType=UNKNOWN, requiredReplicaSetName='null', serverSelector='null', clusterListeners='[]', serverSelectionTimeout='30000 ms', localThreshold='15 ms'}, socketSettings=SocketSettings{connectTimeoutMS=10000, readTimeoutMS=0, receiveBufferSize=0, proxySettings=ProxySettings{host=null, port=null, username=null, password=null}}, heartbeatSocketSettings=SocketSettings{connectTimeoutMS=10000, readTimeoutMS=10000, receiveBufferSize=0, proxySettings=ProxySettings{host=null, port=null, username=null, password=null}}, connectionPoolSettings=ConnectionPoolSettings{maxSize=100, minSize=0, maxWaitTimeMS=120000, maxConnectionLifeTimeMS=0, maxConnectionIdleTimeMS=0, maintenanceInitialDelayMS=0, maintenanceFrequencyMS=60000, connectionPoolListeners=[io.micrometer.core.instrument.binder.mongodb.MongoMetricsConnectionPoolListener@a7718a7], maxConnecting=2}, serverSettings=ServerSettings{heartbeatFrequencyMS=10000, minHeartbeatFrequencyMS=500, serverMonitoringMode=AUTO, serverListeners='[]', serverMonitorListeners='[]'}, sslSettings=SslSettings{enabled=false, invalidHostNameAllowed=false, context=null}, applicationName='null', compressorList=[], uuidRepresentation=JAVA_LEGACY, serverApi=null, autoEncryptionSettings=null, dnsClient=null, inetAddressResolver=null, contextProvider=null, timeoutMS=null}
08:23:18.156 [cluster-ClusterId{value='693cf13e10289b694d005e32', description='null'}-localhost:27017] INFO  org.mongodb.driver.cluster - Monitor thread successfully connected to server with description ServerDescription{address=localhost:27017, type=STANDALONE, cryptd=false, state=CONNECTED, ok=true, minWireVersion=0, maxWireVersion=27, maxDocumentSize=16777216, logicalSessionTimeoutMinutes=30, roundTripTimeNanos=19080900, minRoundTripTimeNanos=0}
08:23:18.302 [restartedMain] INFO  o.s.b.d.a.OptionalLiveReloadServer - LiveReload server is running on port 35729
08:23:19.237 [restartedMain] WARN  o.s.b.a.o.j.JpaBaseConfiguration$JpaWebConfiguration - spring.jpa.open-in-view is enabled by default. Therefore, database queries may be performed during view rendering. Explicitly configure spring.jpa.open-in-view to disable this warning
08:23:19.308 [restartedMain] INFO  o.s.s.c.a.a.c.InitializeAuthenticationProviderBeanManagerConfigurer$InitializeAuthenticationProviderManagerConfigurer - Global AuthenticationManager configured with AuthenticationProvider bean with name authenticationProvider
08:23:19.309 [restartedMain] WARN  o.s.s.c.a.a.c.InitializeUserDetailsBeanManagerConfigurer$InitializeUserDetailsManagerConfigurer - Global AuthenticationManager configured with an AuthenticationProvider bean. UserDetailsService beans will not be used by Spring Security for automatically configuring username/password login. Consider removing the AuthenticationProvider bean. Alternatively, consider using the UserDetailsService in a manually instantiated DaoAuthenticationProvider. If the current configuration is intentional, to turn off this warning, increase the logging level of 'org.springframework.security.config.annotation.authentication.configuration.InitializeUserDetailsBeanManagerConfigurer' to ERROR
08:23:20.083 [restartedMain] INFO  o.s.b.a.e.web.EndpointLinksResolver - Exposing 3 endpoints beneath base path '/actuator'
08:23:20.280 [restartedMain] INFO  o.s.s.w.a.c.ChannelProcessingFilter - Validated configuration attributes
08:23:20.284 [restartedMain] DEBUG o.s.s.web.DefaultSecurityFilterChain - Will secure any request with filters: DisableEncodeUrlFilter, ChannelProcessingFilter, WebAsyncManagerIntegrationFilter, SecurityContextHolderFilter, HeaderWriterFilter, CorsFilter, CsrfFilter, LogoutFilter, UsernamePasswordAuthenticationFilter, ConcurrentSessionFilter, RequestCacheAwareFilter, SecurityContextHolderAwareRequestFilter, AnonymousAuthenticationFilter, SessionManagementFilter, ExceptionTranslationFilter, AuthorizationFilter
08:23:21.053 [restartedMain] INFO  o.s.b.a.h.H2ConsoleAutoConfiguration - H2 console available at '/h2-console'. Database available at 'jdbc:oracle:thin:@localhost:1521:xe'
08:23:21.317 [restartedMain] INFO  o.a.coyote.http11.Http11NioProtocol - Starting ProtocolHandler ["https-jsse-nio-8443"]
08:23:21.414 [restartedMain] INFO  o.a.t.u.net.NioEndpoint.certificate - Connector [https-jsse-nio-8443], TLS virtual host [_default_], certificate type [UNDEFINED] configured from keystore [C:\Users\arbab\.keystore] using alias [ticketingkey] with trust store [null]
08:23:21.425 [restartedMain] INFO  o.s.b.w.e.tomcat.TomcatWebServer - Tomcat started on port 8443 (https) with context path '/'
08:23:21.459 [restartedMain] INFO  o.a.k.c.consumer.ConsumerConfig - ConsumerConfig values: 
	allow.auto.create.topics = true
	auto.commit.interval.ms = 5000
	auto.include.jmx.reporter = true
	auto.offset.reset = latest
	bootstrap.servers = [localhost:9092]
	check.crcs = true
	client.dns.lookup = use_all_dns_ips
	client.id = consumer-building-service-updater-1
	client.rack = 
	connections.max.idle.ms = 540000
	default.api.timeout.ms = 60000
	enable.auto.commit = false
	enable.metrics.push = true
	exclude.internal.topics = true
	fetch.max.bytes = 52428800
	fetch.max.wait.ms = 500
	fetch.min.bytes = 1
	group.id = building-service-updater
	group.instance.id = null
	group.protocol = classic
	group.remote.assignor = null
	heartbeat.interval.ms = 3000
	interceptor.classes = []
	internal.leave.group.on.close = true
	internal.throw.on.fetch.stable.offset.unsupported = false
	isolation.level = read_uncommitted
	key.deserializer = class org.apache.kafka.common.serialization.StringDeserializer
	max.partition.fetch.bytes = 1048576
	max.poll.interval.ms = 300000
	max.poll.records = 500
	metadata.max.age.ms = 300000
	metadata.recovery.strategy = none
	metric.reporters = []
	metrics.num.samples = 2
	metrics.recording.level = INFO
	metrics.sample.window.ms = 30000
	partition.assignment.strategy = [class org.apache.kafka.clients.consumer.RangeAssignor, class org.apache.kafka.clients.consumer.CooperativeStickyAssignor]
	receive.buffer.bytes = 65536
	reconnect.backoff.max.ms = 1000
	reconnect.backoff.ms = 50
	request.timeout.ms = 30000
	retry.backoff.max.ms = 1000
	retry.backoff.ms = 100
	sasl.client.callback.handler.class = null
	sasl.jaas.config = null
	sasl.kerberos.kinit.cmd = /usr/bin/kinit
	sasl.kerberos.min.time.before.relogin = 60000
	sasl.kerberos.service.name = null
	sasl.kerberos.ticket.renew.jitter = 0.05
	sasl.kerberos.ticket.renew.window.factor = 0.8
	sasl.login.callback.handler.class = null
	sasl.login.class = null
	sasl.login.connect.timeout.ms = null
	sasl.login.read.timeout.ms = null
	sasl.login.refresh.buffer.seconds = 300
	sasl.login.refresh.min.period.seconds = 60
	sasl.login.refresh.window.factor = 0.8
	sasl.login.refresh.window.jitter = 0.05
	sasl.login.retry.backoff.max.ms = 10000
	sasl.login.retry.backoff.ms = 100
	sasl.mechanism = GSSAPI
	sasl.oauthbearer.clock.skew.seconds = 30
	sasl.oauthbearer.expected.audience = null
	sasl.oauthbearer.expected.issuer = null
	sasl.oauthbearer.jwks.endpoint.refresh.ms = 3600000
	sasl.oauthbearer.jwks.endpoint.retry.backoff.max.ms = 10000
	sasl.oauthbearer.jwks.endpoint.retry.backoff.ms = 100
	sasl.oauthbearer.jwks.endpoint.url = null
	sasl.oauthbearer.scope.claim.name = scope
	sasl.oauthbearer.sub.claim.name = sub
	sasl.oauthbearer.token.endpoint.url = null
	security.protocol = PLAINTEXT
	security.providers = null
	send.buffer.bytes = 131072
	session.timeout.ms = 45000
	socket.connection.setup.timeout.max.ms = 30000
	socket.connection.setup.timeout.ms = 10000
	ssl.cipher.suites = null
	ssl.enabled.protocols = [TLSv1.2, TLSv1.3]
	ssl.endpoint.identification.algorithm = https
	ssl.engine.factory.class = null
	ssl.key.password = null
	ssl.keymanager.algorithm = SunX509
	ssl.keystore.certificate.chain = null
	ssl.keystore.key = null
	ssl.keystore.location = null
	ssl.keystore.password = null
	ssl.keystore.type = JKS
	ssl.protocol = TLSv1.3
	ssl.provider = null
	ssl.secure.random.implementation = null
	ssl.trustmanager.algorithm = PKIX
	ssl.truststore.certificates = null
	ssl.truststore.location = null
	ssl.truststore.password = null
	ssl.truststore.type = JKS
	value.deserializer = class org.apache.kafka.common.serialization.StringDeserializer

08:23:21.517 [restartedMain] INFO  o.a.k.c.t.i.KafkaMetricsCollector - initializing Kafka metrics collector
08:23:21.599 [restartedMain] INFO  o.a.kafka.common.utils.AppInfoParser - Kafka version: 3.8.1
08:23:21.599 [restartedMain] INFO  o.a.kafka.common.utils.AppInfoParser - Kafka commitId: 70d6ff42debf7e17
08:23:21.599 [restartedMain] INFO  o.a.kafka.common.utils.AppInfoParser - Kafka startTimeMs: 1765601601597
08:23:21.612 [restartedMain] INFO  o.a.k.c.c.i.LegacyKafkaConsumer - [Consumer clientId=consumer-building-service-updater-1, groupId=building-service-updater] Subscribed to topic(s): address-created-topic
08:23:21.635 [restartedMain] INFO  ir.TicketingSpringSample - Started TicketingSpringSample in 22.728 seconds (process running for 23.939)
08:23:21.646 [restartedMain] TRACE o.s.c.interceptor.CacheInterceptor - Computed cache key 'SimpleKey []' for operation Builder[public java.util.List ir.service.impl.SectionServiceImpl.findAll()] caches=[sections] | key='' | keyGenerator='' | cacheManager='' | cacheResolver='' | condition='' | unless='' | sync='false'
08:23:21.646 [restartedMain] TRACE o.s.c.interceptor.CacheInterceptor - No cache entry for key 'SimpleKey []' in cache(s) [sections]
08:23:21.653 [restartedMain] DEBUG o.s.jdbc.datasource.DataSourceUtils - Setting JDBC Connection [HikariProxyConnection@976492551 wrapping oracle.jdbc.driver.T4CConnection@337dabf2] read-only
08:23:21.655 [restartedMain] DEBUG o.h.e.t.internal.TransactionImpl - On TransactionImpl creation, JpaCompliance#isJpaTransactionComplianceEnabled == false
08:23:21.655 [restartedMain] DEBUG o.h.e.t.internal.TransactionImpl - begin
08:23:21.705 [restartedMain] DEBUG org.hibernate.SQL - 
    /* <criteria> */ select
        s1_0.id,
        s1_0.building_id,
        s1_0.deleted,
        s1_0.parent_section_id,
        s1_0.title 
    from
        section_table s1_0 
    where
        (
            s1_0.deleted = 0
        )
08:23:21.724 [restartedMain] TRACE org.hibernate.orm.jdbc.extract - extracted value (1:BIGINT) -> [1]
08:23:21.726 [restartedMain] TRACE org.hibernate.orm.jdbc.extract - extracted value (2:BIGINT) -> [null]
08:23:21.729 [restartedMain] TRACE org.hibernate.orm.jdbc.extract - extracted value (4:BIGINT) -> [null]
08:23:21.730 [restartedMain] TRACE org.hibernate.orm.jdbc.extract - extracted value (3:BOOLEAN) -> [false]
08:23:21.730 [restartedMain] TRACE org.hibernate.orm.jdbc.extract - extracted value (5:VARCHAR) -> [MAIN SECTION]
08:23:21.733 [restartedMain] TRACE org.hibernate.orm.jdbc.extract - extracted value (1:BIGINT) -> [2]
08:23:21.733 [restartedMain] TRACE org.hibernate.orm.jdbc.extract - extracted value (2:BIGINT) -> [null]
08:23:21.733 [restartedMain] TRACE org.hibernate.orm.jdbc.extract - extracted value (4:BIGINT) -> [1]
08:23:21.733 [restartedMain] TRACE org.hibernate.orm.jdbc.extract - extracted value (3:BOOLEAN) -> [false]
08:23:21.733 [restartedMain] TRACE org.hibernate.orm.jdbc.extract - extracted value (5:VARCHAR) -> [HSE]
08:23:21.733 [restartedMain] TRACE org.hibernate.orm.jdbc.extract - extracted value (1:BIGINT) -> [3]
08:23:21.733 [restartedMain] TRACE org.hibernate.orm.jdbc.extract - extracted value (2:BIGINT) -> [null]
08:23:21.733 [restartedMain] TRACE org.hibernate.orm.jdbc.extract - extracted value (4:BIGINT) -> [1]
08:23:21.733 [restartedMain] TRACE org.hibernate.orm.jdbc.extract - extracted value (3:BOOLEAN) -> [false]
08:23:21.734 [restartedMain] TRACE org.hibernate.orm.jdbc.extract - extracted value (5:VARCHAR) -> [TRANSPORT]
08:23:21.734 [restartedMain] TRACE org.hibernate.orm.jdbc.extract - extracted value (1:BIGINT) -> [4]
08:23:21.734 [restartedMain] TRACE org.hibernate.orm.jdbc.extract - extracted value (2:BIGINT) -> [null]
08:23:21.734 [restartedMain] TRACE org.hibernate.orm.jdbc.extract - extracted value (4:BIGINT) -> [3]
08:23:21.734 [restartedMain] TRACE org.hibernate.orm.jdbc.extract - extracted value (3:BOOLEAN) -> [false]
08:23:21.734 [restartedMain] TRACE org.hibernate.orm.jdbc.extract - extracted value (5:VARCHAR) -> [BUS]
08:23:21.734 [restartedMain] TRACE org.hibernate.orm.jdbc.extract - extracted value (1:BIGINT) -> [5]
08:23:21.734 [restartedMain] TRACE org.hibernate.orm.jdbc.extract - extracted value (2:BIGINT) -> [null]
08:23:21.734 [restartedMain] TRACE org.hibernate.orm.jdbc.extract - extracted value (4:BIGINT) -> [3]
08:23:21.734 [restartedMain] TRACE org.hibernate.orm.jdbc.extract - extracted value (3:BOOLEAN) -> [false]
08:23:21.734 [restartedMain] TRACE org.hibernate.orm.jdbc.extract - extracted value (5:VARCHAR) -> [TAXI]
08:23:21.737 [restartedMain] DEBUG org.hibernate.SQL - 
    select
        csl1_0.parent_section_id,
        csl1_0.id,
        csl1_0.building_id,
        csl1_0.deleted,
        csl1_0.title 
    from
        section_table csl1_0 
    where
        csl1_0.parent_section_id=? 
        and (
            csl1_0.deleted = 0
        )
08:23:21.738 [restartedMain] TRACE org.hibernate.orm.jdbc.bind - binding parameter (1:BIGINT) <- [5]
08:23:21.746 [restartedMain] DEBUG org.hibernate.SQL - 
    select
        csl1_0.parent_section_id,
        csl1_0.id,
        csl1_0.building_id,
        csl1_0.deleted,
        csl1_0.title 
    from
        section_table csl1_0 
    where
        csl1_0.parent_section_id=? 
        and (
            csl1_0.deleted = 0
        )
08:23:21.746 [restartedMain] TRACE org.hibernate.orm.jdbc.bind - binding parameter (1:BIGINT) <- [4]
08:23:21.748 [restartedMain] DEBUG org.hibernate.SQL - 
    select
        csl1_0.parent_section_id,
        csl1_0.id,
        csl1_0.building_id,
        csl1_0.deleted,
        csl1_0.title 
    from
        section_table csl1_0 
    where
        csl1_0.parent_section_id=? 
        and (
            csl1_0.deleted = 0
        )
08:23:21.748 [restartedMain] TRACE org.hibernate.orm.jdbc.bind - binding parameter (1:BIGINT) <- [3]
08:23:21.749 [restartedMain] TRACE org.hibernate.orm.jdbc.extract - extracted value (1:BIGINT) -> [3]
08:23:21.749 [restartedMain] TRACE org.hibernate.orm.jdbc.extract - extracted value (2:BIGINT) -> [4]
08:23:21.750 [restartedMain] TRACE org.hibernate.orm.jdbc.extract - extracted value (1:BIGINT) -> [3]
08:23:21.750 [restartedMain] TRACE org.hibernate.orm.jdbc.extract - extracted value (2:BIGINT) -> [5]
08:23:21.750 [restartedMain] DEBUG org.hibernate.SQL - 
    select
        csl1_0.parent_section_id,
        csl1_0.id,
        csl1_0.building_id,
        csl1_0.deleted,
        csl1_0.title 
    from
        section_table csl1_0 
    where
        csl1_0.parent_section_id=? 
        and (
            csl1_0.deleted = 0
        )
08:23:21.750 [restartedMain] TRACE org.hibernate.orm.jdbc.bind - binding parameter (1:BIGINT) <- [2]
08:23:21.751 [restartedMain] DEBUG org.hibernate.SQL - 
    select
        csl1_0.parent_section_id,
        csl1_0.id,
        csl1_0.building_id,
        csl1_0.deleted,
        csl1_0.title 
    from
        section_table csl1_0 
    where
        csl1_0.parent_section_id=? 
        and (
            csl1_0.deleted = 0
        )
08:23:21.752 [restartedMain] TRACE org.hibernate.orm.jdbc.bind - binding parameter (1:BIGINT) <- [1]
08:23:21.752 [restartedMain] TRACE org.hibernate.orm.jdbc.extract - extracted value (1:BIGINT) -> [1]
08:23:21.752 [restartedMain] TRACE org.hibernate.orm.jdbc.extract - extracted value (2:BIGINT) -> [2]
08:23:21.753 [restartedMain] TRACE org.hibernate.orm.jdbc.extract - extracted value (1:BIGINT) -> [1]
08:23:21.753 [restartedMain] TRACE org.hibernate.orm.jdbc.extract - extracted value (2:BIGINT) -> [3]
08:23:21.756 [restartedMain] DEBUG o.h.e.t.internal.TransactionImpl - committing
08:23:21.758 [restartedMain] DEBUG o.s.jdbc.datasource.DataSourceUtils - Resetting read-only flag of JDBC Connection [HikariProxyConnection@976492551 wrapping oracle.jdbc.driver.T4CConnection@337dabf2]
08:23:21.759 [restartedMain] TRACE o.s.c.interceptor.CacheInterceptor - Creating cache entry for key 'SimpleKey []' in cache(s) [sections]
08:23:21.759 [restartedMain] TRACE o.s.c.interceptor.CacheInterceptor - Computed cache key 'Page request [number: 0, size 50, sort: UNSORTED]' for operation Builder[public org.springframework.data.domain.Page ir.service.impl.SectionServiceImpl.findAll(org.springframework.data.domain.Pageable)] caches=[sectionsPageable] | key='' | keyGenerator='' | cacheManager='' | cacheResolver='' | condition='' | unless='' | sync='false'
08:23:21.759 [restartedMain] TRACE o.s.c.interceptor.CacheInterceptor - No cache entry for key 'Page request [number: 0, size 50, sort: UNSORTED]' in cache(s) [sectionsPageable]
08:23:21.759 [restartedMain] DEBUG o.s.jdbc.datasource.DataSourceUtils - Setting JDBC Connection [HikariProxyConnection@1701177801 wrapping oracle.jdbc.driver.T4CConnection@337dabf2] read-only
08:23:21.759 [restartedMain] DEBUG o.h.e.t.internal.TransactionImpl - On TransactionImpl creation, JpaCompliance#isJpaTransactionComplianceEnabled == false
08:23:21.759 [restartedMain] DEBUG o.h.e.t.internal.TransactionImpl - begin
08:23:21.761 [restartedMain] DEBUG org.hibernate.SQL - 
    /* <criteria> */ select
        s1_0.id,
        s1_0.building_id,
        s1_0.deleted,
        s1_0.parent_section_id,
        s1_0.title 
    from
        section_table s1_0 
    where
        (
            s1_0.deleted = 0
        ) 
    offset
        ? rows 
    fetch
        first ? rows only
08:23:21.761 [restartedMain] TRACE org.hibernate.orm.jdbc.bind - binding parameter (1:INTEGER) <- [0]
08:23:21.762 [restartedMain] TRACE org.hibernate.orm.jdbc.bind - binding parameter (2:INTEGER) <- [50]
08:23:21.764 [restartedMain] TRACE org.hibernate.orm.jdbc.extract - extracted value (1:BIGINT) -> [1]
08:23:21.765 [restartedMain] TRACE org.hibernate.orm.jdbc.extract - extracted value (2:BIGINT) -> [null]
08:23:21.765 [restartedMain] TRACE org.hibernate.orm.jdbc.extract - extracted value (4:BIGINT) -> [null]
08:23:21.765 [restartedMain] TRACE org.hibernate.orm.jdbc.extract - extracted value (3:BOOLEAN) -> [false]
08:23:21.765 [restartedMain] TRACE org.hibernate.orm.jdbc.extract - extracted value (5:VARCHAR) -> [MAIN SECTION]
08:23:21.765 [restartedMain] TRACE org.hibernate.orm.jdbc.extract - extracted value (1:BIGINT) -> [2]
08:23:21.765 [restartedMain] TRACE org.hibernate.orm.jdbc.extract - extracted value (2:BIGINT) -> [null]
08:23:21.765 [restartedMain] TRACE org.hibernate.orm.jdbc.extract - extracted value (4:BIGINT) -> [1]
08:23:21.765 [restartedMain] TRACE org.hibernate.orm.jdbc.extract - extracted value (3:BOOLEAN) -> [false]
08:23:21.765 [restartedMain] TRACE org.hibernate.orm.jdbc.extract - extracted value (5:VARCHAR) -> [HSE]
08:23:21.765 [restartedMain] TRACE org.hibernate.orm.jdbc.extract - extracted value (1:BIGINT) -> [3]
08:23:21.765 [restartedMain] TRACE org.hibernate.orm.jdbc.extract - extracted value (2:BIGINT) -> [null]
08:23:21.765 [restartedMain] TRACE org.hibernate.orm.jdbc.extract - extracted value (4:BIGINT) -> [1]
08:23:21.765 [restartedMain] TRACE org.hibernate.orm.jdbc.extract - extracted value (3:BOOLEAN) -> [false]
08:23:21.765 [restartedMain] TRACE org.hibernate.orm.jdbc.extract - extracted value (5:VARCHAR) -> [TRANSPORT]
08:23:21.765 [restartedMain] TRACE org.hibernate.orm.jdbc.extract - extracted value (1:BIGINT) -> [4]
08:23:21.765 [restartedMain] TRACE org.hibernate.orm.jdbc.extract - extracted value (2:BIGINT) -> [null]
08:23:21.766 [restartedMain] TRACE org.hibernate.orm.jdbc.extract - extracted value (4:BIGINT) -> [3]
08:23:21.766 [restartedMain] TRACE org.hibernate.orm.jdbc.extract - extracted value (3:BOOLEAN) -> [false]
08:23:21.766 [restartedMain] TRACE org.hibernate.orm.jdbc.extract - extracted value (5:VARCHAR) -> [BUS]
08:23:21.766 [restartedMain] TRACE org.hibernate.orm.jdbc.extract - extracted value (1:BIGINT) -> [5]
08:23:21.766 [restartedMain] TRACE org.hibernate.orm.jdbc.extract - extracted value (2:BIGINT) -> [null]
08:23:21.766 [restartedMain] TRACE org.hibernate.orm.jdbc.extract - extracted value (4:BIGINT) -> [3]
08:23:21.766 [restartedMain] TRACE org.hibernate.orm.jdbc.extract - extracted value (3:BOOLEAN) -> [false]
08:23:21.766 [restartedMain] TRACE org.hibernate.orm.jdbc.extract - extracted value (5:VARCHAR) -> [TAXI]
08:23:21.766 [restartedMain] DEBUG org.hibernate.SQL - 
    select
        csl1_0.parent_section_id,
        csl1_0.id,
        csl1_0.building_id,
        csl1_0.deleted,
        csl1_0.title 
    from
        section_table csl1_0 
    where
        csl1_0.parent_section_id=? 
        and (
            csl1_0.deleted = 0
        )
08:23:21.766 [restartedMain] TRACE org.hibernate.orm.jdbc.bind - binding parameter (1:BIGINT) <- [5]
08:23:21.767 [restartedMain] DEBUG org.hibernate.SQL - 
    select
        csl1_0.parent_section_id,
        csl1_0.id,
        csl1_0.building_id,
        csl1_0.deleted,
        csl1_0.title 
    from
        section_table csl1_0 
    where
        csl1_0.parent_section_id=? 
        and (
            csl1_0.deleted = 0
        )
08:23:21.767 [restartedMain] TRACE org.hibernate.orm.jdbc.bind - binding parameter (1:BIGINT) <- [4]
08:23:21.768 [restartedMain] DEBUG org.hibernate.SQL - 
    select
        csl1_0.parent_section_id,
        csl1_0.id,
        csl1_0.building_id,
        csl1_0.deleted,
        csl1_0.title 
    from
        section_table csl1_0 
    where
        csl1_0.parent_section_id=? 
        and (
            csl1_0.deleted = 0
        )
08:23:21.768 [restartedMain] TRACE org.hibernate.orm.jdbc.bind - binding parameter (1:BIGINT) <- [3]
08:23:21.769 [restartedMain] TRACE org.hibernate.orm.jdbc.extract - extracted value (1:BIGINT) -> [3]
08:23:21.769 [restartedMain] TRACE org.hibernate.orm.jdbc.extract - extracted value (2:BIGINT) -> [4]
08:23:21.769 [restartedMain] TRACE org.hibernate.orm.jdbc.extract - extracted value (1:BIGINT) -> [3]
08:23:21.769 [restartedMain] TRACE org.hibernate.orm.jdbc.extract - extracted value (2:BIGINT) -> [5]
08:23:21.769 [restartedMain] DEBUG org.hibernate.SQL - 
    select
        csl1_0.parent_section_id,
        csl1_0.id,
        csl1_0.building_id,
        csl1_0.deleted,
        csl1_0.title 
    from
        section_table csl1_0 
    where
        csl1_0.parent_section_id=? 
        and (
            csl1_0.deleted = 0
        )
08:23:21.769 [restartedMain] TRACE org.hibernate.orm.jdbc.bind - binding parameter (1:BIGINT) <- [2]
08:23:21.770 [restartedMain] DEBUG org.hibernate.SQL - 
    select
        csl1_0.parent_section_id,
        csl1_0.id,
        csl1_0.building_id,
        csl1_0.deleted,
        csl1_0.title 
    from
        section_table csl1_0 
    where
        csl1_0.parent_section_id=? 
        and (
            csl1_0.deleted = 0
        )
08:23:21.770 [restartedMain] TRACE org.hibernate.orm.jdbc.bind - binding parameter (1:BIGINT) <- [1]
08:23:21.771 [restartedMain] TRACE org.hibernate.orm.jdbc.extract - extracted value (1:BIGINT) -> [1]
08:23:21.771 [restartedMain] TRACE org.hibernate.orm.jdbc.extract - extracted value (2:BIGINT) -> [2]
08:23:21.771 [restartedMain] TRACE org.hibernate.orm.jdbc.extract - extracted value (1:BIGINT) -> [1]
08:23:21.771 [restartedMain] TRACE org.hibernate.orm.jdbc.extract - extracted value (2:BIGINT) -> [3]
08:23:21.773 [restartedMain] DEBUG o.h.e.t.internal.TransactionImpl - committing
08:23:21.774 [restartedMain] DEBUG o.s.jdbc.datasource.DataSourceUtils - Resetting read-only flag of JDBC Connection [HikariProxyConnection@1701177801 wrapping oracle.jdbc.driver.T4CConnection@337dabf2]
08:23:21.774 [restartedMain] TRACE o.s.c.interceptor.CacheInterceptor - Creating cache entry for key 'Page request [number: 0, size 50, sort: UNSORTED]' in cache(s) [sectionsPageable]
08:23:21.774 [restartedMain] TRACE o.s.c.interceptor.CacheInterceptor - Computed cache key 'SimpleKey []' for operation Builder[public java.util.List ir.service.impl.SectionServiceImpl.findAllForFilter()] caches=[sectionsFilter] | key='' | keyGenerator='' | cacheManager='' | cacheResolver='' | condition='' | unless='' | sync='false'
08:23:21.774 [restartedMain] TRACE o.s.c.interceptor.CacheInterceptor - No cache entry for key 'SimpleKey []' in cache(s) [sectionsFilter]
08:23:21.774 [restartedMain] DEBUG o.s.jdbc.datasource.DataSourceUtils - Setting JDBC Connection [HikariProxyConnection@237539186 wrapping oracle.jdbc.driver.T4CConnection@337dabf2] read-only
08:23:21.774 [restartedMain] DEBUG o.h.e.t.internal.TransactionImpl - On TransactionImpl creation, JpaCompliance#isJpaTransactionComplianceEnabled == false
08:23:21.774 [restartedMain] DEBUG o.h.e.t.internal.TransactionImpl - begin
08:23:21.784 [restartedMain] DEBUG org.hibernate.SQL - 
    /* SELECT
        new  ir.dto.SectionFilterDto(s.id, s.title) 
    FROM
        sectionEntity s 
    where
        s.deleted = false */ select
            s1_0.id,
            s1_0.title 
        from
            section_table s1_0 
        where
            (
                s1_0.deleted = 0
            ) 
            and s1_0.deleted=0
08:23:21.787 [restartedMain] TRACE org.hibernate.orm.jdbc.extract - extracted value (1:BIGINT) -> [1]
08:23:21.787 [restartedMain] TRACE org.hibernate.orm.jdbc.extract - extracted value (2:VARCHAR) -> [MAIN SECTION]
08:23:21.787 [restartedMain] TRACE org.hibernate.orm.jdbc.extract - extracted value (1:BIGINT) -> [2]
08:23:21.787 [restartedMain] TRACE org.hibernate.orm.jdbc.extract - extracted value (2:VARCHAR) -> [HSE]
08:23:21.787 [restartedMain] TRACE org.hibernate.orm.jdbc.extract - extracted value (1:BIGINT) -> [3]
08:23:21.787 [restartedMain] TRACE org.hibernate.orm.jdbc.extract - extracted value (2:VARCHAR) -> [TRANSPORT]
08:23:21.787 [restartedMain] TRACE org.hibernate.orm.jdbc.extract - extracted value (1:BIGINT) -> [4]
08:23:21.787 [restartedMain] TRACE org.hibernate.orm.jdbc.extract - extracted value (2:VARCHAR) -> [BUS]
08:23:21.788 [restartedMain] TRACE org.hibernate.orm.jdbc.extract - extracted value (1:BIGINT) -> [5]
08:23:21.788 [restartedMain] TRACE org.hibernate.orm.jdbc.extract - extracted value (2:VARCHAR) -> [TAXI]
08:23:21.789 [restartedMain] DEBUG o.h.e.t.internal.TransactionImpl - committing
08:23:21.789 [restartedMain] DEBUG o.s.jdbc.datasource.DataSourceUtils - Resetting read-only flag of JDBC Connection [HikariProxyConnection@237539186 wrapping oracle.jdbc.driver.T4CConnection@337dabf2]
08:23:21.789 [restartedMain] TRACE o.s.c.interceptor.CacheInterceptor - Creating cache entry for key 'SimpleKey []' in cache(s) [sectionsFilter]
08:23:21.789 [restartedMain] INFO  ir.config.SectionCacheWarmup - **************************************************************  cache sections  ***************************************************************
08:23:21.790 [restartedMain] INFO  ir.TicketingSpringSample - **************************************************************Spring Boot Application Started
08:23:21.863 [org.springframework.kafka.KafkaListenerEndpointContainer#0-0-C-1] INFO  o.apache.kafka.clients.NetworkClient - [Consumer clientId=consumer-building-service-updater-1, groupId=building-service-updater] Node -1 disconnected.
08:23:21.864 [org.springframework.kafka.KafkaListenerEndpointContainer#0-0-C-1] WARN  o.apache.kafka.clients.NetworkClient - [Consumer clientId=consumer-building-service-updater-1, groupId=building-service-updater] Connection to node -1 (localhost/127.0.0.1:9092) could not be established. Node may not be available.
08:23:21.865 [org.springframework.kafka.KafkaListenerEndpointContainer#0-0-C-1] WARN  o.apache.kafka.clients.NetworkClient - [Consumer clientId=consumer-building-service-updater-1, groupId=building-service-updater] Bootstrap broker localhost:9092 (id: -1 rack: null) disconnected
08:23:21.962 [org.springframework.kafka.KafkaListenerEndpointContainer#0-0-C-1] INFO  o.apache.kafka.clients.NetworkClient - [Consumer clientId=consumer-building-service-updater-1, groupId=building-service-updater] Node -1 disconnected.
08:23:21.963 [org.springframework.kafka.KafkaListenerEndpointContainer#0-0-C-1] WARN  o.apache.kafka.clients.NetworkClient - [Consumer clientId=consumer-building-service-updater-1, groupId=building-service-updater] Connection to node -1 (localhost/127.0.0.1:9092) could not be established. Node may not be available.
08:23:21.963 [org.springframework.kafka.KafkaListenerEndpointContainer#0-0-C-1] WARN  o.apache.kafka.clients.NetworkClient - [Consumer clientId=consumer-building-service-updater-1, groupId=building-service-updater] Bootstrap broker localhost:9092 (id: -1 rack: null) disconnected
08:23:22.092 [org.springframework.kafka.KafkaListenerEndpointContainer#0-0-C-1] INFO  o.apache.kafka.clients.NetworkClient - [Consumer clientId=consumer-building-service-updater-1, groupId=building-service-updater] Node -1 disconnected.
08:23:22.093 [org.springframework.kafka.KafkaListenerEndpointContainer#0-0-C-1] WARN  o.apache.kafka.clients.NetworkClient - [Consumer clientId=consumer-building-service-updater-1, groupId=building-service-updater] Connection to node -1 (localhost/127.0.0.1:9092) could not be established. Node may not be available.
08:23:22.093 [org.springframework.kafka.KafkaListenerEndpointContainer#0-0-C-1] WARN  o.apache.kafka.clients.NetworkClient - [Consumer clientId=consumer-building-service-updater-1, groupId=building-service-updater] Bootstrap broker localhost:9092 (id: -1 rack: null) disconnected
08:23:22.311 [org.springframework.kafka.KafkaListenerEndpointContainer#0-0-C-1] INFO  o.apache.kafka.clients.NetworkClient - [Consumer clientId=consumer-building-service-updater-1, groupId=building-service-updater] Node -1 disconnected.
08:23:22.312 [org.springframework.kafka.KafkaListenerEndpointContainer#0-0-C-1] WARN  o.apache.kafka.clients.NetworkClient - [Consumer clientId=consumer-building-service-updater-1, groupId=building-service-updater] Connection to node -1 (localhost/127.0.0.1:9092) could not be established. Node may not be available.
08:23:22.312 [org.springframework.kafka.KafkaListenerEndpointContainer#0-0-C-1] WARN  o.apache.kafka.clients.NetworkClient - [Consumer clientId=consumer-building-service-updater-1, groupId=building-service-updater] Bootstrap broker localhost:9092 (id: -1 rack: null) disconnected
08:23:22.356 [RMI TCP Connection(14)-192.168.1.152] INFO  o.a.c.c.C.[Tomcat].[localhost].[/] - Initializing Spring DispatcherServlet 'dispatcherServlet'
08:23:22.356 [RMI TCP Connection(14)-192.168.1.152] INFO  o.s.web.servlet.DispatcherServlet - Initializing Servlet 'dispatcherServlet'
08:23:22.361 [RMI TCP Connection(14)-192.168.1.152] INFO  o.s.web.servlet.DispatcherServlet - Completed initialization in 4 ms
08:23:22.452 [RMI TCP Connection(13)-192.168.1.152] DEBUG o.s.jdbc.datasource.DataSourceUtils - Fetching JDBC Connection from DataSource
08:23:22.458 [RMI TCP Connection(13)-192.168.1.152] DEBUG o.s.jdbc.datasource.DataSourceUtils - Fetching JDBC Connection from DataSource
08:23:22.709 [org.springframework.kafka.KafkaListenerEndpointContainer#0-0-C-1] INFO  o.apache.kafka.clients.NetworkClient - [Consumer clientId=consumer-building-service-updater-1, groupId=building-service-updater] Node -1 disconnected.
08:23:22.709 [org.springframework.kafka.KafkaListenerEndpointContainer#0-0-C-1] WARN  o.apache.kafka.clients.NetworkClient - [Consumer clientId=consumer-building-service-updater-1, groupId=building-service-updater] Connection to node -1 (localhost/127.0.0.1:9092) could not be established. Node may not be available.
08:23:22.709 [org.springframework.kafka.KafkaListenerEndpointContainer#0-0-C-1] WARN  o.apache.kafka.clients.NetworkClient - [Consumer clientId=consumer-building-service-updater-1, groupId=building-service-updater] Bootstrap broker localhost:9092 (id: -1 rack: null) disconnected
08:23:22.866 [boundedElastic-1] WARN  o.s.b.a.d.r.RedisReactiveHealthIndicator - Redis health check failed
org.springframework.data.redis.RedisConnectionFailureException: Unable to connect to Redis
	at org.springframework.data.redis.connection.lettuce.LettuceConnectionFactory$ExceptionTranslatingConnectionProvider.translateException(LettuceConnectionFactory.java:1858)
	at org.springframework.data.redis.connection.lettuce.LettuceConnectionFactory$ExceptionTranslatingConnectionProvider.getConnection(LettuceConnectionFactory.java:1789)
	at org.springframework.data.redis.connection.lettuce.LettuceConnectionFactory$SharedConnection.getNativeConnection(LettuceConnectionFactory.java:1586)
	at org.springframework.data.redis.connection.lettuce.LettuceConnectionFactory$SharedConnection.lambda$getConnection$0(LettuceConnectionFactory.java:1566)
	at org.springframework.data.redis.connection.lettuce.LettuceConnectionFactory.doInLock(LettuceConnectionFactory.java:1527)
	at org.springframework.data.redis.connection.lettuce.LettuceConnectionFactory$SharedConnection.getConnection(LettuceConnectionFactory.java:1563)
	at org.springframework.data.redis.connection.lettuce.LettuceConnectionFactory.getSharedReactiveConnection(LettuceConnectionFactory.java:1274)
	at org.springframework.data.redis.connection.lettuce.LettuceConnectionFactory.getReactiveConnection(LettuceConnectionFactory.java:1149)
	at org.springframework.data.redis.connection.lettuce.LettuceConnectionFactory.getReactiveConnection(LettuceConnectionFactory.java:120)
	at reactor.core.publisher.MonoSupplier.call(MonoSupplier.java:67)
	at reactor.core.publisher.FluxSubscribeOnCallable$CallableSubscribeOnSubscription.run(FluxSubscribeOnCallable.java:228)
	at reactor.core.scheduler.SchedulerTask.call(SchedulerTask.java:68)
	at reactor.core.scheduler.SchedulerTask.call(SchedulerTask.java:28)
	at java.base/java.util.concurrent.FutureTask.run(FutureTask.java:264)
	at java.base/java.util.concurrent.ScheduledThreadPoolExecutor$ScheduledFutureTask.run(ScheduledThreadPoolExecutor.java:304)
	at java.base/java.util.concurrent.ThreadPoolExecutor.runWorker(ThreadPoolExecutor.java:1136)
	at java.base/java.util.concurrent.ThreadPoolExecutor$Worker.run(ThreadPoolExecutor.java:635)
	at java.base/java.lang.Thread.run(Thread.java:842)
Caused by: io.lettuce.core.RedisConnectionException: Unable to connect to localhost/<unresolved>:6379
	at io.lettuce.core.RedisConnectionException.create(RedisConnectionException.java:63)
	at io.lettuce.core.RedisConnectionException.create(RedisConnectionException.java:41)
	at io.lettuce.core.AbstractRedisClient.getConnection(AbstractRedisClient.java:354)
	at io.lettuce.core.RedisClient.connect(RedisClient.java:219)
	at org.springframework.data.redis.connection.lettuce.StandaloneConnectionProvider.lambda$getConnection$1(StandaloneConnectionProvider.java:112)
	at java.base/java.util.Optional.orElseGet(Optional.java:364)
	at org.springframework.data.redis.connection.lettuce.StandaloneConnectionProvider.getConnection(StandaloneConnectionProvider.java:112)
	at org.springframework.data.redis.connection.lettuce.LettuceConnectionFactory$ExceptionTranslatingConnectionProvider.getConnection(LettuceConnectionFactory.java:1787)
	... 16 common frames omitted
Caused by: io.netty.channel.AbstractChannel$AnnotatedConnectException: Connection refused: no further information: localhost/127.0.0.1:6379
Caused by: java.net.ConnectException: Connection refused: no further information
	at java.base/sun.nio.ch.Net.pollConnect(Native Method)
	at java.base/sun.nio.ch.Net.pollConnectNow(Net.java:672)
	at java.base/sun.nio.ch.SocketChannelImpl.finishConnect(SocketChannelImpl.java:946)
	at io.netty.channel.socket.nio.NioSocketChannel.doFinishConnect(NioSocketChannel.java:336)
	at io.netty.channel.nio.AbstractNioChannel$AbstractNioUnsafe.finishConnect(AbstractNioChannel.java:339)
	at io.netty.channel.nio.NioEventLoop.processSelectedKey(NioEventLoop.java:784)
	at io.netty.channel.nio.NioEventLoop.processSelectedKeysOptimized(NioEventLoop.java:732)
	at io.netty.channel.nio.NioEventLoop.processSelectedKeys(NioEventLoop.java:658)
	at io.netty.channel.nio.NioEventLoop.run(NioEventLoop.java:562)
	at io.netty.util.concurrent.SingleThreadEventExecutor$4.run(SingleThreadEventExecutor.java:998)
	at io.netty.util.internal.ThreadExecutorMap$2.run(ThreadExecutorMap.java:74)
	at io.netty.util.concurrent.FastThreadLocalRunnable.run(FastThreadLocalRunnable.java:30)
	at java.base/java.lang.Thread.run(Thread.java:842)
08:23:23.533 [org.springframework.kafka.KafkaListenerEndpointContainer#0-0-C-1] INFO  o.apache.kafka.clients.NetworkClient - [Consumer clientId=consumer-building-service-updater-1, groupId=building-service-updater] Node -1 disconnected.
08:23:23.533 [org.springframework.kafka.KafkaListenerEndpointContainer#0-0-C-1] WARN  o.apache.kafka.clients.NetworkClient - [Consumer clientId=consumer-building-service-updater-1, groupId=building-service-updater] Connection to node -1 (localhost/127.0.0.1:9092) could not be established. Node may not be available.
08:23:23.534 [org.springframework.kafka.KafkaListenerEndpointContainer#0-0-C-1] WARN  o.apache.kafka.clients.NetworkClient - [Consumer clientId=consumer-building-service-updater-1, groupId=building-service-updater] Bootstrap broker localhost:9092 (id: -1 rack: null) disconnected
08:23:24.546 [org.springframework.kafka.KafkaListenerEndpointContainer#0-0-C-1] INFO  o.apache.kafka.clients.NetworkClient - [Consumer clientId=consumer-building-service-updater-1, groupId=building-service-updater] Node -1 disconnected.
08:23:24.547 [org.springframework.kafka.KafkaListenerEndpointContainer#0-0-C-1] WARN  o.apache.kafka.clients.NetworkClient - [Consumer clientId=consumer-building-service-updater-1, groupId=building-service-updater] Connection to node -1 (localhost/127.0.0.1:9092) could not be established. Node may not be available.
08:23:24.547 [org.springframework.kafka.KafkaListenerEndpointContainer#0-0-C-1] WARN  o.apache.kafka.clients.NetworkClient - [Consumer clientId=consumer-building-service-updater-1, groupId=building-service-updater] Bootstrap broker localhost:9092 (id: -1 rack: null) disconnected
08:23:25.562 [org.springframework.kafka.KafkaListenerEndpointContainer#0-0-C-1] INFO  o.apache.kafka.clients.NetworkClient - [Consumer clientId=consumer-building-service-updater-1, groupId=building-service-updater] Node -1 disconnected.
08:23:25.562 [org.springframework.kafka.KafkaListenerEndpointContainer#0-0-C-1] WARN  o.apache.kafka.clients.NetworkClient - [Consumer clientId=consumer-building-service-updater-1, groupId=building-service-updater] Connection to node -1 (localhost/127.0.0.1:9092) could not be established. Node may not be available.
08:23:25.562 [org.springframework.kafka.KafkaListenerEndpointContainer#0-0-C-1] WARN  o.apache.kafka.clients.NetworkClient - [Consumer clientId=consumer-building-service-updater-1, groupId=building-service-updater] Bootstrap broker localhost:9092 (id: -1 rack: null) disconnected
08:23:26.429 [org.springframework.kafka.KafkaListenerEndpointContainer#0-0-C-1] INFO  o.apache.kafka.clients.NetworkClient - [Consumer clientId=consumer-building-service-updater-1, groupId=building-service-updater] Node -1 disconnected.
08:23:26.429 [org.springframework.kafka.KafkaListenerEndpointContainer#0-0-C-1] WARN  o.apache.kafka.clients.NetworkClient - [Consumer clientId=consumer-building-service-updater-1, groupId=building-service-updater] Connection to node -1 (localhost/127.0.0.1:9092) could not be established. Node may not be available.
08:23:26.429 [org.springframework.kafka.KafkaListenerEndpointContainer#0-0-C-1] WARN  o.apache.kafka.clients.NetworkClient - [Consumer clientId=consumer-building-service-updater-1, groupId=building-service-updater] Bootstrap broker localhost:9092 (id: -1 rack: null) disconnected
08:23:27.411 [org.springframework.kafka.KafkaListenerEndpointContainer#0-0-C-1] INFO  o.apache.kafka.clients.NetworkClient - [Consumer clientId=consumer-building-service-updater-1, groupId=building-service-updater] Node -1 disconnected.
08:23:27.411 [org.springframework.kafka.KafkaListenerEndpointContainer#0-0-C-1] WARN  o.apache.kafka.clients.NetworkClient - [Consumer clientId=consumer-building-service-updater-1, groupId=building-service-updater] Connection to node -1 (localhost/127.0.0.1:9092) could not be established. Node may not be available.
08:23:27.411 [org.springframework.kafka.KafkaListenerEndpointContainer#0-0-C-1] WARN  o.apache.kafka.clients.NetworkClient - [Consumer clientId=consumer-building-service-updater-1, groupId=building-service-updater] Bootstrap broker localhost:9092 (id: -1 rack: null) disconnected
08:23:28.411 [org.springframework.kafka.KafkaListenerEndpointContainer#0-0-C-1] INFO  o.apache.kafka.clients.NetworkClient - [Consumer clientId=consumer-building-service-updater-1, groupId=building-service-updater] Node -1 disconnected.
08:23:28.412 [org.springframework.kafka.KafkaListenerEndpointContainer#0-0-C-1] WARN  o.apache.kafka.clients.NetworkClient - [Consumer clientId=consumer-building-service-updater-1, groupId=building-service-updater] Connection to node -1 (localhost/127.0.0.1:9092) could not be established. Node may not be available.
08:23:28.412 [org.springframework.kafka.KafkaListenerEndpointContainer#0-0-C-1] WARN  o.apache.kafka.clients.NetworkClient - [Consumer clientId=consumer-building-service-updater-1, groupId=building-service-updater] Bootstrap broker localhost:9092 (id: -1 rack: null) disconnected
08:23:29.288 [org.springframework.kafka.KafkaListenerEndpointContainer#0-0-C-1] INFO  o.apache.kafka.clients.NetworkClient - [Consumer clientId=consumer-building-service-updater-1, groupId=building-service-updater] Node -1 disconnected.
08:23:29.288 [org.springframework.kafka.KafkaListenerEndpointContainer#0-0-C-1] WARN  o.apache.kafka.clients.NetworkClient - [Consumer clientId=consumer-building-service-updater-1, groupId=building-service-updater] Connection to node -1 (localhost/127.0.0.1:9092) could not be established. Node may not be available.
08:23:29.288 [org.springframework.kafka.KafkaListenerEndpointContainer#0-0-C-1] WARN  o.apache.kafka.clients.NetworkClient - [Consumer clientId=consumer-building-service-updater-1, groupId=building-service-updater] Bootstrap broker localhost:9092 (id: -1 rack: null) disconnected
08:23:30.320 [org.springframework.kafka.KafkaListenerEndpointContainer#0-0-C-1] INFO  o.apache.kafka.clients.NetworkClient - [Consumer clientId=consumer-building-service-updater-1, groupId=building-service-updater] Node -1 disconnected.
08:23:30.320 [org.springframework.kafka.KafkaListenerEndpointContainer#0-0-C-1] WARN  o.apache.kafka.clients.NetworkClient - [Consumer clientId=consumer-building-service-updater-1, groupId=building-service-updater] Connection to node -1 (localhost/127.0.0.1:9092) could not be established. Node may not be available.
08:23:30.320 [org.springframework.kafka.KafkaListenerEndpointContainer#0-0-C-1] WARN  o.apache.kafka.clients.NetworkClient - [Consumer clientId=consumer-building-service-updater-1, groupId=building-service-updater] Bootstrap broker localhost:9092 (id: -1 rack: null) disconnected
08:23:31.076 [org.springframework.kafka.KafkaListenerEndpointContainer#0-0-C-1] INFO  o.a.k.c.c.i.ConsumerCoordinator - [Consumer clientId=consumer-building-service-updater-1, groupId=building-service-updater] Resetting generation and member id due to: consumer pro-actively leaving the group
08:23:31.077 [org.springframework.kafka.KafkaListenerEndpointContainer#0-0-C-1] INFO  o.a.k.c.c.i.ConsumerCoordinator - [Consumer clientId=consumer-building-service-updater-1, groupId=building-service-updater] Request joining group due to: consumer pro-actively leaving the group
08:23:31.077 [org.springframework.kafka.KafkaListenerEndpointContainer#0-0-C-1] INFO  o.a.k.c.c.i.LegacyKafkaConsumer - [Consumer clientId=consumer-building-service-updater-1, groupId=building-service-updater] Unsubscribed all topics or patterns and assigned partitions
08:23:31.078 [org.springframework.kafka.KafkaListenerEndpointContainer#0-0-C-1] INFO  o.a.k.c.c.i.ConsumerCoordinator - [Consumer clientId=consumer-building-service-updater-1, groupId=building-service-updater] Resetting generation and member id due to: consumer pro-actively leaving the group
08:23:31.079 [org.springframework.kafka.KafkaListenerEndpointContainer#0-0-C-1] INFO  o.a.k.c.c.i.ConsumerCoordinator - [Consumer clientId=consumer-building-service-updater-1, groupId=building-service-updater] Request joining group due to: consumer pro-actively leaving the group
08:23:31.083 [org.springframework.kafka.KafkaListenerEndpointContainer#0-0-C-1] INFO  o.a.kafka.common.metrics.Metrics - Metrics scheduler closed
08:23:31.083 [org.springframework.kafka.KafkaListenerEndpointContainer#0-0-C-1] INFO  o.a.kafka.common.metrics.Metrics - Closing reporter org.apache.kafka.common.metrics.JmxReporter
08:23:31.083 [org.springframework.kafka.KafkaListenerEndpointContainer#0-0-C-1] INFO  o.a.kafka.common.metrics.Metrics - Closing reporter org.apache.kafka.common.telemetry.internals.ClientTelemetryReporter
08:23:31.083 [org.springframework.kafka.KafkaListenerEndpointContainer#0-0-C-1] INFO  o.a.kafka.common.metrics.Metrics - Metrics reporters closed
08:23:31.089 [org.springframework.kafka.KafkaListenerEndpointContainer#0-0-C-1] INFO  o.a.kafka.common.utils.AppInfoParser - App info kafka.consumer for consumer-building-service-updater-1 unregistered
08:23:31.092 [org.springframework.kafka.KafkaListenerEndpointContainer#0-0-C-1] INFO  o.s.k.l.KafkaMessageListenerContainer - building-service-updater: Consumer stopped
08:23:31.093 [SpringApplicationShutdownHook] INFO  o.s.b.w.e.tomcat.GracefulShutdown - Commencing graceful shutdown. Waiting for active requests to complete
08:23:31.370 [tomcat-shutdown] INFO  o.s.b.w.e.tomcat.GracefulShutdown - Graceful shutdown complete
08:23:31.392 [SpringApplicationShutdownHook] INFO  o.s.o.j.LocalContainerEntityManagerFactoryBean - Closing JPA EntityManagerFactory for persistence unit 'default'
08:23:31.394 [SpringApplicationShutdownHook] INFO  com.zaxxer.hikari.HikariDataSource - HikariPool-1 - Shutdown initiated...
08:23:31.406 [SpringApplicationShutdownHook] INFO  com.zaxxer.hikari.HikariDataSource - HikariPool-1 - Shutdown completed.
08:45:19.823 [background-preinit] INFO  o.h.validator.internal.util.Version - HV000001: Hibernate Validator 8.0.2.Final
08:45:19.857 [restartedMain] INFO  ir.TicketingSpringSample - Starting TicketingSpringSample using Java 17.0.12 with PID 13500 (D:\JAVA\MFT learning\projects\Spring\ticketing_spring_sample\target\classes started by arbab in D:\JAVA\MFT learning\projects\Spring\ticketing_spring_sample)
08:45:19.858 [restartedMain] INFO  ir.TicketingSpringSample - The following 1 profile is active: "dev"
08:45:19.903 [restartedMain] INFO  o.s.b.d.restart.ChangeableUrls - The Class-Path manifest attribute in C:\Users\arbab\.m2\repository\com\oracle\database\jdbc\ojdbc11\21.9.0.0\ojdbc11-21.9.0.0.jar referenced one or more files that do not exist: file:/C:/Users/arbab/.m2/repository/com/oracle/database/jdbc/ojdbc11/21.9.0.0/oraclepki.jar
08:45:19.903 [restartedMain] INFO  o.s.b.d.e.DevToolsPropertyDefaultsPostProcessor - Devtools property defaults active! Set 'spring.devtools.add-properties' to 'false' to disable
08:45:19.903 [restartedMain] INFO  o.s.b.d.e.DevToolsPropertyDefaultsPostProcessor - For additional web related logging consider setting the 'logging.level.web' property to 'DEBUG'
08:45:20.531 [restartedMain] INFO  o.s.b.f.s.DefaultListableBeanFactory - Overriding bean definition for bean 'localeResolver' with a different definition: replacing [Root bean: class=null; scope=; abstract=false; lazyInit=null; autowireMode=3; dependencyCheck=0; autowireCandidate=true; primary=false; fallback=false; factoryBeanName=org.springframework.web.servlet.config.annotation.DelegatingWebMvcConfiguration; factoryMethodName=localeResolver; initMethodNames=null; destroyMethodNames=[(inferred)]; defined in class path resource [org/springframework/web/servlet/config/annotation/DelegatingWebMvcConfiguration.class]] with [Root bean: class=null; scope=; abstract=false; lazyInit=null; autowireMode=3; dependencyCheck=0; autowireCandidate=true; primary=false; fallback=false; factoryBeanName=webConfig; factoryMethodName=localeResolver; initMethodNames=null; destroyMethodNames=[(inferred)]; defined in class path resource [ir/config/WebConfig.class]]
08:45:20.537 [restartedMain] INFO  o.s.d.r.c.RepositoryConfigurationDelegate - Multiple Spring Data modules found, entering strict repository configuration mode
08:45:20.537 [restartedMain] INFO  o.s.d.r.c.RepositoryConfigurationDelegate - Bootstrapping Spring Data JPA repositories in DEFAULT mode.
08:45:20.648 [restartedMain] INFO  o.s.d.r.c.RepositoryConfigurationExtensionSupport - Spring Data JPA - Could not safely identify store assignment for repository candidate interface ir.repository.ImageRepository; If you want this repository to be a JPA repository, consider annotating your entities with one of these annotations: jakarta.persistence.Entity, jakarta.persistence.MappedSuperclass (preferred), or consider extending one of the following types with your repository: org.springframework.data.jpa.repository.JpaRepository
08:45:20.698 [restartedMain] INFO  o.s.d.r.c.RepositoryConfigurationDelegate - Finished Spring Data repository scanning in 153 ms. Found 10 JPA repository interfaces.
08:45:21.010 [restartedMain] INFO  o.s.d.r.c.RepositoryConfigurationDelegate - Multiple Spring Data modules found, entering strict repository configuration mode
08:45:21.010 [restartedMain] INFO  o.s.d.r.c.RepositoryConfigurationDelegate - Bootstrapping Spring Data MongoDB repositories in DEFAULT mode.
08:45:21.021 [restartedMain] INFO  o.s.d.r.c.RepositoryConfigurationExtensionSupport - Spring Data MongoDB - Could not safely identify store assignment for repository candidate interface ir.repository.AttachmentRepository; If you want this repository to be a MongoDB repository, consider annotating your entities with one of these annotations: org.springframework.data.mongodb.core.mapping.Document (preferred), or consider extending one of the following types with your repository: org.springframework.data.mongodb.repository.MongoRepository
08:45:21.022 [restartedMain] INFO  o.s.d.r.c.RepositoryConfigurationExtensionSupport - Spring Data MongoDB - Could not safely identify store assignment for repository candidate interface ir.repository.BuildingRepository; If you want this repository to be a MongoDB repository, consider annotating your entities with one of these annotations: org.springframework.data.mongodb.core.mapping.Document (preferred), or consider extending one of the following types with your repository: org.springframework.data.mongodb.repository.MongoRepository
08:45:21.022 [restartedMain] INFO  o.s.d.r.c.RepositoryConfigurationExtensionSupport - Spring Data MongoDB - Could not safely identify store assignment for repository candidate interface ir.repository.MessageRepository; If you want this repository to be a MongoDB repository, consider annotating your entities with one of these annotations: org.springframework.data.mongodb.core.mapping.Document (preferred), or consider extending one of the following types with your repository: org.springframework.data.mongodb.repository.MongoRepository
08:45:21.022 [restartedMain] INFO  o.s.d.r.c.RepositoryConfigurationExtensionSupport - Spring Data MongoDB - Could not safely identify store assignment for repository candidate interface ir.repository.OutboxRepository; If you want this repository to be a MongoDB repository, consider annotating your entities with one of these annotations: org.springframework.data.mongodb.core.mapping.Document (preferred), or consider extending one of the following types with your repository: org.springframework.data.mongodb.repository.MongoRepository
08:45:21.022 [restartedMain] INFO  o.s.d.r.c.RepositoryConfigurationExtensionSupport - Spring Data MongoDB - Could not safely identify store assignment for repository candidate interface ir.repository.PermissionRepository; If you want this repository to be a MongoDB repository, consider annotating your entities with one of these annotations: org.springframework.data.mongodb.core.mapping.Document (preferred), or consider extending one of the following types with your repository: org.springframework.data.mongodb.repository.MongoRepository
08:45:21.022 [restartedMain] INFO  o.s.d.r.c.RepositoryConfigurationExtensionSupport - Spring Data MongoDB - Could not safely identify store assignment for repository candidate interface ir.repository.ProfileRepository; If you want this repository to be a MongoDB repository, consider annotating your entities with one of these annotations: org.springframework.data.mongodb.core.mapping.Document (preferred), or consider extending one of the following types with your repository: org.springframework.data.mongodb.repository.MongoRepository
08:45:21.023 [restartedMain] INFO  o.s.d.r.c.RepositoryConfigurationExtensionSupport - Spring Data MongoDB - Could not safely identify store assignment for repository candidate interface ir.repository.RoleRepository; If you want this repository to be a MongoDB repository, consider annotating your entities with one of these annotations: org.springframework.data.mongodb.core.mapping.Document (preferred), or consider extending one of the following types with your repository: org.springframework.data.mongodb.repository.MongoRepository
08:45:21.023 [restartedMain] INFO  o.s.d.r.c.RepositoryConfigurationExtensionSupport - Spring Data MongoDB - Could not safely identify store assignment for repository candidate interface ir.repository.SectionRepository; If you want this repository to be a MongoDB repository, consider annotating your entities with one of these annotations: org.springframework.data.mongodb.core.mapping.Document (preferred), or consider extending one of the following types with your repository: org.springframework.data.mongodb.repository.MongoRepository
08:45:21.023 [restartedMain] INFO  o.s.d.r.c.RepositoryConfigurationExtensionSupport - Spring Data MongoDB - Could not safely identify store assignment for repository candidate interface ir.repository.TicketRepository; If you want this repository to be a MongoDB repository, consider annotating your entities with one of these annotations: org.springframework.data.mongodb.core.mapping.Document (preferred), or consider extending one of the following types with your repository: org.springframework.data.mongodb.repository.MongoRepository
08:45:21.023 [restartedMain] INFO  o.s.d.r.c.RepositoryConfigurationExtensionSupport - Spring Data MongoDB - Could not safely identify store assignment for repository candidate interface ir.repository.UserRepository; If you want this repository to be a MongoDB repository, consider annotating your entities with one of these annotations: org.springframework.data.mongodb.core.mapping.Document (preferred), or consider extending one of the following types with your repository: org.springframework.data.mongodb.repository.MongoRepository
08:45:21.028 [restartedMain] INFO  o.s.d.r.c.RepositoryConfigurationDelegate - Finished Spring Data repository scanning in 17 ms. Found 1 MongoDB repository interface.
08:45:21.036 [restartedMain] INFO  o.s.d.r.c.RepositoryConfigurationDelegate - Multiple Spring Data modules found, entering strict repository configuration mode
08:45:21.036 [restartedMain] INFO  o.s.d.r.c.RepositoryConfigurationDelegate - Bootstrapping Spring Data Redis repositories in DEFAULT mode.
08:45:21.051 [restartedMain] INFO  o.s.d.r.c.RepositoryConfigurationExtensionSupport - Spring Data Redis - Could not safely identify store assignment for repository candidate interface ir.repository.AttachmentRepository; If you want this repository to be a Redis repository, consider annotating your entities with one of these annotations: org.springframework.data.redis.core.RedisHash (preferred), or consider extending one of the following types with your repository: org.springframework.data.keyvalue.repository.KeyValueRepository
08:45:21.051 [restartedMain] INFO  o.s.d.r.c.RepositoryConfigurationExtensionSupport - Spring Data Redis - Could not safely identify store assignment for repository candidate interface ir.repository.BuildingRepository; If you want this repository to be a Redis repository, consider annotating your entities with one of these annotations: org.springframework.data.redis.core.RedisHash (preferred), or consider extending one of the following types with your repository: org.springframework.data.keyvalue.repository.KeyValueRepository
08:45:21.051 [restartedMain] INFO  o.s.d.r.c.RepositoryConfigurationExtensionSupport - Spring Data Redis - Could not safely identify store assignment for repository candidate interface ir.repository.ImageRepository; If you want this repository to be a Redis repository, consider annotating your entities with one of these annotations: org.springframework.data.redis.core.RedisHash (preferred), or consider extending one of the following types with your repository: org.springframework.data.keyvalue.repository.KeyValueRepository
08:45:21.051 [restartedMain] INFO  o.s.d.r.c.RepositoryConfigurationExtensionSupport - Spring Data Redis - Could not safely identify store assignment for repository candidate interface ir.repository.MessageRepository; If you want this repository to be a Redis repository, consider annotating your entities with one of these annotations: org.springframework.data.redis.core.RedisHash (preferred), or consider extending one of the following types with your repository: org.springframework.data.keyvalue.repository.KeyValueRepository
08:45:21.051 [restartedMain] INFO  o.s.d.r.c.RepositoryConfigurationExtensionSupport - Spring Data Redis - Could not safely identify store assignment for repository candidate interface ir.repository.OutboxRepository; If you want this repository to be a Redis repository, consider annotating your entities with one of these annotations: org.springframework.data.redis.core.RedisHash (preferred), or consider extending one of the following types with your repository: org.springframework.data.keyvalue.repository.KeyValueRepository
08:45:21.051 [restartedMain] INFO  o.s.d.r.c.RepositoryConfigurationExtensionSupport - Spring Data Redis - Could not safely identify store assignment for repository candidate interface ir.repository.PermissionRepository; If you want this repository to be a Redis repository, consider annotating your entities with one of these annotations: org.springframework.data.redis.core.RedisHash (preferred), or consider extending one of the following types with your repository: org.springframework.data.keyvalue.repository.KeyValueRepository
08:45:21.052 [restartedMain] INFO  o.s.d.r.c.RepositoryConfigurationExtensionSupport - Spring Data Redis - Could not safely identify store assignment for repository candidate interface ir.repository.ProfileRepository; If you want this repository to be a Redis repository, consider annotating your entities with one of these annotations: org.springframework.data.redis.core.RedisHash (preferred), or consider extending one of the following types with your repository: org.springframework.data.keyvalue.repository.KeyValueRepository
08:45:21.052 [restartedMain] INFO  o.s.d.r.c.RepositoryConfigurationExtensionSupport - Spring Data Redis - Could not safely identify store assignment for repository candidate interface ir.repository.RoleRepository; If you want this repository to be a Redis repository, consider annotating your entities with one of these annotations: org.springframework.data.redis.core.RedisHash (preferred), or consider extending one of the following types with your repository: org.springframework.data.keyvalue.repository.KeyValueRepository
08:45:21.052 [restartedMain] INFO  o.s.d.r.c.RepositoryConfigurationExtensionSupport - Spring Data Redis - Could not safely identify store assignment for repository candidate interface ir.repository.SectionRepository; If you want this repository to be a Redis repository, consider annotating your entities with one of these annotations: org.springframework.data.redis.core.RedisHash (preferred), or consider extending one of the following types with your repository: org.springframework.data.keyvalue.repository.KeyValueRepository
08:45:21.052 [restartedMain] INFO  o.s.d.r.c.RepositoryConfigurationExtensionSupport - Spring Data Redis - Could not safely identify store assignment for repository candidate interface ir.repository.TicketRepository; If you want this repository to be a Redis repository, consider annotating your entities with one of these annotations: org.springframework.data.redis.core.RedisHash (preferred), or consider extending one of the following types with your repository: org.springframework.data.keyvalue.repository.KeyValueRepository
08:45:21.052 [restartedMain] INFO  o.s.d.r.c.RepositoryConfigurationExtensionSupport - Spring Data Redis - Could not safely identify store assignment for repository candidate interface ir.repository.UserRepository; If you want this repository to be a Redis repository, consider annotating your entities with one of these annotations: org.springframework.data.redis.core.RedisHash (preferred), or consider extending one of the following types with your repository: org.springframework.data.keyvalue.repository.KeyValueRepository
08:45:21.052 [restartedMain] INFO  o.s.d.r.c.RepositoryConfigurationDelegate - Finished Spring Data repository scanning in 6 ms. Found 0 Redis repository interfaces.
08:45:21.856 [restartedMain] INFO  o.s.b.w.e.tomcat.TomcatWebServer - Tomcat initialized with port 8443 (https)
08:45:21.864 [restartedMain] INFO  o.a.coyote.http11.Http11NioProtocol - Initializing ProtocolHandler ["https-jsse-nio-8443"]
08:45:21.867 [restartedMain] INFO  o.a.catalina.core.StandardService - Starting service [Tomcat]
08:45:21.867 [restartedMain] INFO  o.a.catalina.core.StandardEngine - Starting Servlet engine: [Apache Tomcat/10.1.36]
08:45:21.911 [restartedMain] INFO  o.a.c.c.C.[Tomcat].[localhost].[/] - Initializing Spring embedded WebApplicationContext
08:45:21.911 [restartedMain] INFO  o.s.b.w.s.c.ServletWebServerApplicationContext - Root WebApplicationContext: initialization completed in 1999 ms
08:45:22.312 [restartedMain] INFO  o.h.jpa.internal.util.LogHelper - HHH000204: Processing PersistenceUnitInfo [name: default]
08:45:22.345 [restartedMain] INFO  org.hibernate.Version - HHH000412: Hibernate ORM core version 6.6.8.Final
08:45:22.367 [restartedMain] INFO  o.h.c.i.RegionFactoryInitiator - HHH000026: Second-level cache disabled
08:45:22.549 [restartedMain] INFO  o.s.o.j.p.SpringPersistenceUnitInfo - No LoadTimeWeaver setup: ignoring JPA class transformer
08:45:22.571 [restartedMain] INFO  com.zaxxer.hikari.HikariDataSource - HikariPool-1 - Starting...
08:45:22.811 [restartedMain] INFO  com.zaxxer.hikari.pool.HikariPool - HikariPool-1 - Added connection oracle.jdbc.driver.T4CConnection@4e0d9310
08:45:22.813 [restartedMain] INFO  com.zaxxer.hikari.HikariDataSource - HikariPool-1 - Start completed.
08:45:22.916 [restartedMain] WARN  org.hibernate.orm.deprecation - HHH90000025: OracleDialect does not need to be specified explicitly using 'hibernate.dialect' (remove the property setting and it will be selected by default)
08:45:22.948 [restartedMain] INFO  o.hibernate.orm.connections.pooling - HHH10001005: Database info:
	Database JDBC URL [Connecting through datasource 'HikariDataSource (HikariPool-1)']
	Database driver: undefined/unknown
	Database version: 21.0
	Autocommit mode: undefined/unknown
	Isolation level: undefined/unknown
	Minimum pool size: undefined/unknown
	Maximum pool size: undefined/unknown
08:45:23.804 [restartedMain] INFO  o.h.e.t.j.p.i.JtaPlatformInitiator - HHH000489: No JTA platform available (set 'hibernate.transaction.jta.platform' to enable JTA platform integration)
08:45:24.652 [restartedMain] DEBUG org.hibernate.SQL - 
    alter table attachment_tbl 
       modify file_type smallint
08:45:24.666 [restartedMain] DEBUG org.hibernate.SQL - 
    alter table ticket_tbl 
       modify status smallint
08:45:24.720 [restartedMain] INFO  o.s.o.j.LocalContainerEntityManagerFactoryBean - Initialized JPA EntityManagerFactory for persistence unit 'default'
08:45:25.364 [restartedMain] INFO  o.s.d.j.r.query.QueryEnhancerFactory - Hibernate is in classpath; If applicable, HQL parser will be used.
08:45:25.789 [restartedMain] TRACE o.s.c.a.AnnotationCacheOperationSource - Adding cacheable method 'update' with operations: [Builder[public ir.model.entity.Section ir.service.impl.SectionServiceImpl.update(java.lang.Long,ir.model.entity.Section)] caches=[sections, sectionsPageable, sectionsFilter] | key='' | keyGenerator='' | cacheManager='' | cacheResolver='' | condition='',true,false]
08:45:25.793 [restartedMain] TRACE o.s.c.a.AnnotationCacheOperationSource - Adding cacheable method 'save' with operations: [Builder[public ir.model.entity.Section ir.service.impl.SectionServiceImpl.save(ir.model.entity.Section)] caches=[sections, sectionsPageable, sectionsFilter] | key='' | keyGenerator='' | cacheManager='' | cacheResolver='' | condition='',true,false]
08:45:25.794 [restartedMain] TRACE o.s.c.a.AnnotationCacheOperationSource - Adding cacheable method 'findAll' with operations: [Builder[public org.springframework.data.domain.Page ir.service.impl.SectionServiceImpl.findAll(org.springframework.data.domain.Pageable)] caches=[sectionsPageable] | key='' | keyGenerator='' | cacheManager='' | cacheResolver='' | condition='' | unless='' | sync='false']
08:45:25.794 [restartedMain] TRACE o.s.c.a.AnnotationCacheOperationSource - Adding cacheable method 'findAll' with operations: [Builder[public java.util.List ir.service.impl.SectionServiceImpl.findAll()] caches=[sections] | key='' | keyGenerator='' | cacheManager='' | cacheResolver='' | condition='' | unless='' | sync='false']
08:45:25.794 [restartedMain] TRACE o.s.c.a.AnnotationCacheOperationSource - Adding cacheable method 'deleteById' with operations: [Builder[public void ir.service.impl.SectionServiceImpl.deleteById(java.lang.Long)] caches=[sections, sectionsPageable, sectionsFilter] | key='' | keyGenerator='' | cacheManager='' | cacheResolver='' | condition='',true,false]
08:45:25.795 [restartedMain] TRACE o.s.c.a.AnnotationCacheOperationSource - Adding cacheable method 'findAllForFilter' with operations: [Builder[public java.util.List ir.service.impl.SectionServiceImpl.findAllForFilter()] caches=[sectionsFilter] | key='' | keyGenerator='' | cacheManager='' | cacheResolver='' | condition='' | unless='' | sync='false']
08:45:26.075 [restartedMain] INFO  org.mongodb.driver.client - MongoClient with metadata {"driver": {"name": "mongo-java-driver|sync|spring-boot", "version": "5.2.1"}, "os": {"type": "Windows", "name": "Windows 10", "architecture": "amd64", "version": "10.0"}, "platform": "Java/Oracle Corporation/17.0.12+8-LTS-286"} created with settings MongoClientSettings{readPreference=primary, writeConcern=WriteConcern{w=null, wTimeout=null ms, journal=null}, retryWrites=true, retryReads=true, readConcern=ReadConcern{level=null}, credential=null, transportSettings=null, commandListeners=[io.micrometer.core.instrument.binder.mongodb.MongoMetricsCommandListener@116f3f12], codecRegistry=ProvidersCodecRegistry{codecProviders=[ValueCodecProvider{}, BsonValueCodecProvider{}, DBRefCodecProvider{}, DBObjectCodecProvider{}, DocumentCodecProvider{}, CollectionCodecProvider{}, IterableCodecProvider{}, MapCodecProvider{}, GeoJsonCodecProvider{}, GridFSFileCodecProvider{}, Jsr310CodecProvider{}, JsonObjectCodecProvider{}, BsonCodecProvider{}, EnumCodecProvider{}, com.mongodb.client.model.mql.ExpressionCodecProvider@45511fe4, com.mongodb.Jep395RecordCodecProvider@79835e27, com.mongodb.KotlinCodecProvider@6469f141]}, loggerSettings=LoggerSettings{maxDocumentLength=1000}, clusterSettings={hosts=[localhost:27017], srvServiceName=mongodb, mode=SINGLE, requiredClusterType=UNKNOWN, requiredReplicaSetName='null', serverSelector='null', clusterListeners='[]', serverSelectionTimeout='30000 ms', localThreshold='15 ms'}, socketSettings=SocketSettings{connectTimeoutMS=10000, readTimeoutMS=0, receiveBufferSize=0, proxySettings=ProxySettings{host=null, port=null, username=null, password=null}}, heartbeatSocketSettings=SocketSettings{connectTimeoutMS=10000, readTimeoutMS=10000, receiveBufferSize=0, proxySettings=ProxySettings{host=null, port=null, username=null, password=null}}, connectionPoolSettings=ConnectionPoolSettings{maxSize=100, minSize=0, maxWaitTimeMS=120000, maxConnectionLifeTimeMS=0, maxConnectionIdleTimeMS=0, maintenanceInitialDelayMS=0, maintenanceFrequencyMS=60000, connectionPoolListeners=[io.micrometer.core.instrument.binder.mongodb.MongoMetricsConnectionPoolListener@65d791d1], maxConnecting=2}, serverSettings=ServerSettings{heartbeatFrequencyMS=10000, minHeartbeatFrequencyMS=500, serverMonitoringMode=AUTO, serverListeners='[]', serverMonitorListeners='[]'}, sslSettings=SslSettings{enabled=false, invalidHostNameAllowed=false, context=null}, applicationName='null', compressorList=[], uuidRepresentation=JAVA_LEGACY, serverApi=null, autoEncryptionSettings=null, dnsClient=null, inetAddressResolver=null, contextProvider=null, timeoutMS=null}
08:45:26.085 [cluster-ClusterId{value='693cf66d64c5721be844dc00', description='null'}-localhost:27017] INFO  org.mongodb.driver.cluster - Monitor thread successfully connected to server with description ServerDescription{address=localhost:27017, type=STANDALONE, cryptd=false, state=CONNECTED, ok=true, minWireVersion=0, maxWireVersion=27, maxDocumentSize=16777216, logicalSessionTimeoutMinutes=30, roundTripTimeNanos=17433700, minRoundTripTimeNanos=0}
08:45:26.228 [restartedMain] INFO  o.s.b.d.a.OptionalLiveReloadServer - LiveReload server is running on port 35729
08:45:27.035 [restartedMain] WARN  o.s.b.a.o.j.JpaBaseConfiguration$JpaWebConfiguration - spring.jpa.open-in-view is enabled by default. Therefore, database queries may be performed during view rendering. Explicitly configure spring.jpa.open-in-view to disable this warning
08:45:27.086 [restartedMain] INFO  o.s.s.c.a.a.c.InitializeAuthenticationProviderBeanManagerConfigurer$InitializeAuthenticationProviderManagerConfigurer - Global AuthenticationManager configured with AuthenticationProvider bean with name authenticationProvider
08:45:27.087 [restartedMain] WARN  o.s.s.c.a.a.c.InitializeUserDetailsBeanManagerConfigurer$InitializeUserDetailsManagerConfigurer - Global AuthenticationManager configured with an AuthenticationProvider bean. UserDetailsService beans will not be used by Spring Security for automatically configuring username/password login. Consider removing the AuthenticationProvider bean. Alternatively, consider using the UserDetailsService in a manually instantiated DaoAuthenticationProvider. If the current configuration is intentional, to turn off this warning, increase the logging level of 'org.springframework.security.config.annotation.authentication.configuration.InitializeUserDetailsBeanManagerConfigurer' to ERROR
08:45:27.693 [restartedMain] INFO  o.s.b.a.e.web.EndpointLinksResolver - Exposing 3 endpoints beneath base path '/actuator'
08:45:27.870 [restartedMain] INFO  o.s.s.w.a.c.ChannelProcessingFilter - Validated configuration attributes
08:45:27.874 [restartedMain] DEBUG o.s.s.web.DefaultSecurityFilterChain - Will secure any request with filters: DisableEncodeUrlFilter, ChannelProcessingFilter, WebAsyncManagerIntegrationFilter, SecurityContextHolderFilter, HeaderWriterFilter, CorsFilter, CsrfFilter, LogoutFilter, UsernamePasswordAuthenticationFilter, ConcurrentSessionFilter, RequestCacheAwareFilter, SecurityContextHolderAwareRequestFilter, AnonymousAuthenticationFilter, SessionManagementFilter, ExceptionTranslationFilter, AuthorizationFilter
08:45:28.572 [restartedMain] INFO  o.s.b.a.h.H2ConsoleAutoConfiguration - H2 console available at '/h2-console'. Database available at 'jdbc:oracle:thin:@localhost:1521:xe'
08:45:28.796 [restartedMain] INFO  o.a.coyote.http11.Http11NioProtocol - Starting ProtocolHandler ["https-jsse-nio-8443"]
08:45:28.855 [restartedMain] INFO  o.a.t.u.net.NioEndpoint.certificate - Connector [https-jsse-nio-8443], TLS virtual host [_default_], certificate type [UNDEFINED] configured from keystore [C:\Users\arbab\.keystore] using alias [ticketingkey] with trust store [null]
08:45:28.866 [restartedMain] INFO  o.s.b.w.e.tomcat.TomcatWebServer - Tomcat started on port 8443 (https) with context path '/'
08:45:28.894 [restartedMain] INFO  o.a.k.c.consumer.ConsumerConfig - ConsumerConfig values: 
	allow.auto.create.topics = true
	auto.commit.interval.ms = 5000
	auto.include.jmx.reporter = true
	auto.offset.reset = latest
	bootstrap.servers = [localhost:9092]
	check.crcs = true
	client.dns.lookup = use_all_dns_ips
	client.id = consumer-building-service-updater-1
	client.rack = 
	connections.max.idle.ms = 540000
	default.api.timeout.ms = 60000
	enable.auto.commit = false
	enable.metrics.push = true
	exclude.internal.topics = true
	fetch.max.bytes = 52428800
	fetch.max.wait.ms = 500
	fetch.min.bytes = 1
	group.id = building-service-updater
	group.instance.id = null
	group.protocol = classic
	group.remote.assignor = null
	heartbeat.interval.ms = 3000
	interceptor.classes = []
	internal.leave.group.on.close = true
	internal.throw.on.fetch.stable.offset.unsupported = false
	isolation.level = read_uncommitted
	key.deserializer = class org.apache.kafka.common.serialization.StringDeserializer
	max.partition.fetch.bytes = 1048576
	max.poll.interval.ms = 300000
	max.poll.records = 500
	metadata.max.age.ms = 300000
	metadata.recovery.strategy = none
	metric.reporters = []
	metrics.num.samples = 2
	metrics.recording.level = INFO
	metrics.sample.window.ms = 30000
	partition.assignment.strategy = [class org.apache.kafka.clients.consumer.RangeAssignor, class org.apache.kafka.clients.consumer.CooperativeStickyAssignor]
	receive.buffer.bytes = 65536
	reconnect.backoff.max.ms = 1000
	reconnect.backoff.ms = 50
	request.timeout.ms = 30000
	retry.backoff.max.ms = 1000
	retry.backoff.ms = 100
	sasl.client.callback.handler.class = null
	sasl.jaas.config = null
	sasl.kerberos.kinit.cmd = /usr/bin/kinit
	sasl.kerberos.min.time.before.relogin = 60000
	sasl.kerberos.service.name = null
	sasl.kerberos.ticket.renew.jitter = 0.05
	sasl.kerberos.ticket.renew.window.factor = 0.8
	sasl.login.callback.handler.class = null
	sasl.login.class = null
	sasl.login.connect.timeout.ms = null
	sasl.login.read.timeout.ms = null
	sasl.login.refresh.buffer.seconds = 300
	sasl.login.refresh.min.period.seconds = 60
	sasl.login.refresh.window.factor = 0.8
	sasl.login.refresh.window.jitter = 0.05
	sasl.login.retry.backoff.max.ms = 10000
	sasl.login.retry.backoff.ms = 100
	sasl.mechanism = GSSAPI
	sasl.oauthbearer.clock.skew.seconds = 30
	sasl.oauthbearer.expected.audience = null
	sasl.oauthbearer.expected.issuer = null
	sasl.oauthbearer.jwks.endpoint.refresh.ms = 3600000
	sasl.oauthbearer.jwks.endpoint.retry.backoff.max.ms = 10000
	sasl.oauthbearer.jwks.endpoint.retry.backoff.ms = 100
	sasl.oauthbearer.jwks.endpoint.url = null
	sasl.oauthbearer.scope.claim.name = scope
	sasl.oauthbearer.sub.claim.name = sub
	sasl.oauthbearer.token.endpoint.url = null
	security.protocol = PLAINTEXT
	security.providers = null
	send.buffer.bytes = 131072
	session.timeout.ms = 45000
	socket.connection.setup.timeout.max.ms = 30000
	socket.connection.setup.timeout.ms = 10000
	ssl.cipher.suites = null
	ssl.enabled.protocols = [TLSv1.2, TLSv1.3]
	ssl.endpoint.identification.algorithm = https
	ssl.engine.factory.class = null
	ssl.key.password = null
	ssl.keymanager.algorithm = SunX509
	ssl.keystore.certificate.chain = null
	ssl.keystore.key = null
	ssl.keystore.location = null
	ssl.keystore.password = null
	ssl.keystore.type = JKS
	ssl.protocol = TLSv1.3
	ssl.provider = null
	ssl.secure.random.implementation = null
	ssl.trustmanager.algorithm = PKIX
	ssl.truststore.certificates = null
	ssl.truststore.location = null
	ssl.truststore.password = null
	ssl.truststore.type = JKS
	value.deserializer = class org.apache.kafka.common.serialization.StringDeserializer

08:45:28.927 [restartedMain] INFO  o.a.k.c.t.i.KafkaMetricsCollector - initializing Kafka metrics collector
08:45:28.982 [restartedMain] INFO  o.a.kafka.common.utils.AppInfoParser - Kafka version: 3.8.1
08:45:28.982 [restartedMain] INFO  o.a.kafka.common.utils.AppInfoParser - Kafka commitId: 70d6ff42debf7e17
08:45:28.982 [restartedMain] INFO  o.a.kafka.common.utils.AppInfoParser - Kafka startTimeMs: 1765602928981
08:45:29.001 [restartedMain] INFO  o.a.k.c.c.i.LegacyKafkaConsumer - [Consumer clientId=consumer-building-service-updater-1, groupId=building-service-updater] Subscribed to topic(s): address-created-topic
08:45:29.023 [restartedMain] INFO  ir.TicketingSpringSample - Started TicketingSpringSample in 9.463 seconds (process running for 10.143)
08:45:29.036 [restartedMain] TRACE o.s.c.interceptor.CacheInterceptor - Computed cache key 'SimpleKey []' for operation Builder[public java.util.List ir.service.impl.SectionServiceImpl.findAll()] caches=[sections] | key='' | keyGenerator='' | cacheManager='' | cacheResolver='' | condition='' | unless='' | sync='false'
08:45:29.036 [restartedMain] TRACE o.s.c.interceptor.CacheInterceptor - No cache entry for key 'SimpleKey []' in cache(s) [sections]
08:45:29.044 [restartedMain] DEBUG o.s.jdbc.datasource.DataSourceUtils - Setting JDBC Connection [HikariProxyConnection@963199546 wrapping oracle.jdbc.driver.T4CConnection@4e0d9310] read-only
08:45:29.045 [restartedMain] DEBUG o.h.e.t.internal.TransactionImpl - On TransactionImpl creation, JpaCompliance#isJpaTransactionComplianceEnabled == false
08:45:29.045 [restartedMain] DEBUG o.h.e.t.internal.TransactionImpl - begin
08:45:29.095 [restartedMain] DEBUG org.hibernate.SQL - 
    /* <criteria> */ select
        s1_0.id,
        s1_0.building_id,
        s1_0.deleted,
        s1_0.parent_section_id,
        s1_0.title 
    from
        section_table s1_0 
    where
        (
            s1_0.deleted = 0
        )
08:45:29.113 [restartedMain] TRACE org.hibernate.orm.jdbc.extract - extracted value (1:BIGINT) -> [1]
08:45:29.114 [restartedMain] TRACE org.hibernate.orm.jdbc.extract - extracted value (2:BIGINT) -> [null]
08:45:29.117 [restartedMain] TRACE org.hibernate.orm.jdbc.extract - extracted value (4:BIGINT) -> [null]
08:45:29.118 [restartedMain] TRACE org.hibernate.orm.jdbc.extract - extracted value (3:BOOLEAN) -> [false]
08:45:29.118 [restartedMain] TRACE org.hibernate.orm.jdbc.extract - extracted value (5:VARCHAR) -> [MAIN SECTION]
08:45:29.122 [restartedMain] TRACE org.hibernate.orm.jdbc.extract - extracted value (1:BIGINT) -> [2]
08:45:29.122 [restartedMain] TRACE org.hibernate.orm.jdbc.extract - extracted value (2:BIGINT) -> [null]
08:45:29.122 [restartedMain] TRACE org.hibernate.orm.jdbc.extract - extracted value (4:BIGINT) -> [1]
08:45:29.122 [restartedMain] TRACE org.hibernate.orm.jdbc.extract - extracted value (3:BOOLEAN) -> [false]
08:45:29.122 [restartedMain] TRACE org.hibernate.orm.jdbc.extract - extracted value (5:VARCHAR) -> [HSE]
08:45:29.122 [restartedMain] TRACE org.hibernate.orm.jdbc.extract - extracted value (1:BIGINT) -> [3]
08:45:29.122 [restartedMain] TRACE org.hibernate.orm.jdbc.extract - extracted value (2:BIGINT) -> [null]
08:45:29.122 [restartedMain] TRACE org.hibernate.orm.jdbc.extract - extracted value (4:BIGINT) -> [1]
08:45:29.122 [restartedMain] TRACE org.hibernate.orm.jdbc.extract - extracted value (3:BOOLEAN) -> [false]
08:45:29.122 [restartedMain] TRACE org.hibernate.orm.jdbc.extract - extracted value (5:VARCHAR) -> [TRANSPORT]
08:45:29.122 [restartedMain] TRACE org.hibernate.orm.jdbc.extract - extracted value (1:BIGINT) -> [4]
08:45:29.123 [restartedMain] TRACE org.hibernate.orm.jdbc.extract - extracted value (2:BIGINT) -> [null]
08:45:29.123 [restartedMain] TRACE org.hibernate.orm.jdbc.extract - extracted value (4:BIGINT) -> [3]
08:45:29.123 [restartedMain] TRACE org.hibernate.orm.jdbc.extract - extracted value (3:BOOLEAN) -> [false]
08:45:29.123 [restartedMain] TRACE org.hibernate.orm.jdbc.extract - extracted value (5:VARCHAR) -> [BUS]
08:45:29.123 [restartedMain] TRACE org.hibernate.orm.jdbc.extract - extracted value (1:BIGINT) -> [5]
08:45:29.123 [restartedMain] TRACE org.hibernate.orm.jdbc.extract - extracted value (2:BIGINT) -> [null]
08:45:29.123 [restartedMain] TRACE org.hibernate.orm.jdbc.extract - extracted value (4:BIGINT) -> [3]
08:45:29.123 [restartedMain] TRACE org.hibernate.orm.jdbc.extract - extracted value (3:BOOLEAN) -> [false]
08:45:29.123 [restartedMain] TRACE org.hibernate.orm.jdbc.extract - extracted value (5:VARCHAR) -> [TAXI]
08:45:29.126 [restartedMain] DEBUG org.hibernate.SQL - 
    select
        csl1_0.parent_section_id,
        csl1_0.id,
        csl1_0.building_id,
        csl1_0.deleted,
        csl1_0.title 
    from
        section_table csl1_0 
    where
        csl1_0.parent_section_id=? 
        and (
            csl1_0.deleted = 0
        )
08:45:29.126 [restartedMain] TRACE org.hibernate.orm.jdbc.bind - binding parameter (1:BIGINT) <- [5]
08:45:29.132 [restartedMain] DEBUG org.hibernate.SQL - 
    select
        csl1_0.parent_section_id,
        csl1_0.id,
        csl1_0.building_id,
        csl1_0.deleted,
        csl1_0.title 
    from
        section_table csl1_0 
    where
        csl1_0.parent_section_id=? 
        and (
            csl1_0.deleted = 0
        )
08:45:29.132 [restartedMain] TRACE org.hibernate.orm.jdbc.bind - binding parameter (1:BIGINT) <- [4]
08:45:29.133 [restartedMain] DEBUG org.hibernate.SQL - 
    select
        csl1_0.parent_section_id,
        csl1_0.id,
        csl1_0.building_id,
        csl1_0.deleted,
        csl1_0.title 
    from
        section_table csl1_0 
    where
        csl1_0.parent_section_id=? 
        and (
            csl1_0.deleted = 0
        )
08:45:29.133 [restartedMain] TRACE org.hibernate.orm.jdbc.bind - binding parameter (1:BIGINT) <- [3]
08:45:29.133 [restartedMain] TRACE org.hibernate.orm.jdbc.extract - extracted value (1:BIGINT) -> [3]
08:45:29.134 [restartedMain] TRACE org.hibernate.orm.jdbc.extract - extracted value (2:BIGINT) -> [4]
08:45:29.135 [restartedMain] TRACE org.hibernate.orm.jdbc.extract - extracted value (1:BIGINT) -> [3]
08:45:29.135 [restartedMain] TRACE org.hibernate.orm.jdbc.extract - extracted value (2:BIGINT) -> [5]
08:45:29.136 [restartedMain] DEBUG org.hibernate.SQL - 
    select
        csl1_0.parent_section_id,
        csl1_0.id,
        csl1_0.building_id,
        csl1_0.deleted,
        csl1_0.title 
    from
        section_table csl1_0 
    where
        csl1_0.parent_section_id=? 
        and (
            csl1_0.deleted = 0
        )
08:45:29.136 [restartedMain] TRACE org.hibernate.orm.jdbc.bind - binding parameter (1:BIGINT) <- [2]
08:45:29.136 [restartedMain] DEBUG org.hibernate.SQL - 
    select
        csl1_0.parent_section_id,
        csl1_0.id,
        csl1_0.building_id,
        csl1_0.deleted,
        csl1_0.title 
    from
        section_table csl1_0 
    where
        csl1_0.parent_section_id=? 
        and (
            csl1_0.deleted = 0
        )
08:45:29.137 [restartedMain] TRACE org.hibernate.orm.jdbc.bind - binding parameter (1:BIGINT) <- [1]
08:45:29.137 [restartedMain] TRACE org.hibernate.orm.jdbc.extract - extracted value (1:BIGINT) -> [1]
08:45:29.137 [restartedMain] TRACE org.hibernate.orm.jdbc.extract - extracted value (2:BIGINT) -> [2]
08:45:29.137 [restartedMain] TRACE org.hibernate.orm.jdbc.extract - extracted value (1:BIGINT) -> [1]
08:45:29.137 [restartedMain] TRACE org.hibernate.orm.jdbc.extract - extracted value (2:BIGINT) -> [3]
08:45:29.140 [restartedMain] DEBUG o.h.e.t.internal.TransactionImpl - committing
08:45:29.142 [restartedMain] DEBUG o.s.jdbc.datasource.DataSourceUtils - Resetting read-only flag of JDBC Connection [HikariProxyConnection@963199546 wrapping oracle.jdbc.driver.T4CConnection@4e0d9310]
08:45:29.143 [restartedMain] TRACE o.s.c.interceptor.CacheInterceptor - Creating cache entry for key 'SimpleKey []' in cache(s) [sections]
08:45:29.143 [restartedMain] TRACE o.s.c.interceptor.CacheInterceptor - Computed cache key 'Page request [number: 0, size 50, sort: UNSORTED]' for operation Builder[public org.springframework.data.domain.Page ir.service.impl.SectionServiceImpl.findAll(org.springframework.data.domain.Pageable)] caches=[sectionsPageable] | key='' | keyGenerator='' | cacheManager='' | cacheResolver='' | condition='' | unless='' | sync='false'
08:45:29.143 [restartedMain] TRACE o.s.c.interceptor.CacheInterceptor - No cache entry for key 'Page request [number: 0, size 50, sort: UNSORTED]' in cache(s) [sectionsPageable]
08:45:29.143 [restartedMain] DEBUG o.s.jdbc.datasource.DataSourceUtils - Setting JDBC Connection [HikariProxyConnection@480433936 wrapping oracle.jdbc.driver.T4CConnection@4e0d9310] read-only
08:45:29.143 [restartedMain] DEBUG o.h.e.t.internal.TransactionImpl - On TransactionImpl creation, JpaCompliance#isJpaTransactionComplianceEnabled == false
08:45:29.143 [restartedMain] DEBUG o.h.e.t.internal.TransactionImpl - begin
08:45:29.145 [restartedMain] DEBUG org.hibernate.SQL - 
    /* <criteria> */ select
        s1_0.id,
        s1_0.building_id,
        s1_0.deleted,
        s1_0.parent_section_id,
        s1_0.title 
    from
        section_table s1_0 
    where
        (
            s1_0.deleted = 0
        ) 
    offset
        ? rows 
    fetch
        first ? rows only
08:45:29.146 [restartedMain] TRACE org.hibernate.orm.jdbc.bind - binding parameter (1:INTEGER) <- [0]
08:45:29.146 [restartedMain] TRACE org.hibernate.orm.jdbc.bind - binding parameter (2:INTEGER) <- [50]
08:45:29.148 [restartedMain] TRACE org.hibernate.orm.jdbc.extract - extracted value (1:BIGINT) -> [1]
08:45:29.148 [restartedMain] TRACE org.hibernate.orm.jdbc.extract - extracted value (2:BIGINT) -> [null]
08:45:29.148 [restartedMain] TRACE org.hibernate.orm.jdbc.extract - extracted value (4:BIGINT) -> [null]
08:45:29.148 [restartedMain] TRACE org.hibernate.orm.jdbc.extract - extracted value (3:BOOLEAN) -> [false]
08:45:29.148 [restartedMain] TRACE org.hibernate.orm.jdbc.extract - extracted value (5:VARCHAR) -> [MAIN SECTION]
08:45:29.149 [restartedMain] TRACE org.hibernate.orm.jdbc.extract - extracted value (1:BIGINT) -> [2]
08:45:29.149 [restartedMain] TRACE org.hibernate.orm.jdbc.extract - extracted value (2:BIGINT) -> [null]
08:45:29.149 [restartedMain] TRACE org.hibernate.orm.jdbc.extract - extracted value (4:BIGINT) -> [1]
08:45:29.149 [restartedMain] TRACE org.hibernate.orm.jdbc.extract - extracted value (3:BOOLEAN) -> [false]
08:45:29.149 [restartedMain] TRACE org.hibernate.orm.jdbc.extract - extracted value (5:VARCHAR) -> [HSE]
08:45:29.149 [restartedMain] TRACE org.hibernate.orm.jdbc.extract - extracted value (1:BIGINT) -> [3]
08:45:29.149 [restartedMain] TRACE org.hibernate.orm.jdbc.extract - extracted value (2:BIGINT) -> [null]
08:45:29.149 [restartedMain] TRACE org.hibernate.orm.jdbc.extract - extracted value (4:BIGINT) -> [1]
08:45:29.149 [restartedMain] TRACE org.hibernate.orm.jdbc.extract - extracted value (3:BOOLEAN) -> [false]
08:45:29.149 [restartedMain] TRACE org.hibernate.orm.jdbc.extract - extracted value (5:VARCHAR) -> [TRANSPORT]
08:45:29.149 [restartedMain] TRACE org.hibernate.orm.jdbc.extract - extracted value (1:BIGINT) -> [4]
08:45:29.149 [restartedMain] TRACE org.hibernate.orm.jdbc.extract - extracted value (2:BIGINT) -> [null]
08:45:29.149 [restartedMain] TRACE org.hibernate.orm.jdbc.extract - extracted value (4:BIGINT) -> [3]
08:45:29.149 [restartedMain] TRACE org.hibernate.orm.jdbc.extract - extracted value (3:BOOLEAN) -> [false]
08:45:29.149 [restartedMain] TRACE org.hibernate.orm.jdbc.extract - extracted value (5:VARCHAR) -> [BUS]
08:45:29.150 [restartedMain] TRACE org.hibernate.orm.jdbc.extract - extracted value (1:BIGINT) -> [5]
08:45:29.150 [restartedMain] TRACE org.hibernate.orm.jdbc.extract - extracted value (2:BIGINT) -> [null]
08:45:29.150 [restartedMain] TRACE org.hibernate.orm.jdbc.extract - extracted value (4:BIGINT) -> [3]
08:45:29.150 [restartedMain] TRACE org.hibernate.orm.jdbc.extract - extracted value (3:BOOLEAN) -> [false]
08:45:29.150 [restartedMain] TRACE org.hibernate.orm.jdbc.extract - extracted value (5:VARCHAR) -> [TAXI]
08:45:29.150 [restartedMain] DEBUG org.hibernate.SQL - 
    select
        csl1_0.parent_section_id,
        csl1_0.id,
        csl1_0.building_id,
        csl1_0.deleted,
        csl1_0.title 
    from
        section_table csl1_0 
    where
        csl1_0.parent_section_id=? 
        and (
            csl1_0.deleted = 0
        )
08:45:29.150 [restartedMain] TRACE org.hibernate.orm.jdbc.bind - binding parameter (1:BIGINT) <- [5]
08:45:29.151 [restartedMain] DEBUG org.hibernate.SQL - 
    select
        csl1_0.parent_section_id,
        csl1_0.id,
        csl1_0.building_id,
        csl1_0.deleted,
        csl1_0.title 
    from
        section_table csl1_0 
    where
        csl1_0.parent_section_id=? 
        and (
            csl1_0.deleted = 0
        )
08:45:29.151 [restartedMain] TRACE org.hibernate.orm.jdbc.bind - binding parameter (1:BIGINT) <- [4]
08:45:29.151 [restartedMain] DEBUG org.hibernate.SQL - 
    select
        csl1_0.parent_section_id,
        csl1_0.id,
        csl1_0.building_id,
        csl1_0.deleted,
        csl1_0.title 
    from
        section_table csl1_0 
    where
        csl1_0.parent_section_id=? 
        and (
            csl1_0.deleted = 0
        )
08:45:29.152 [restartedMain] TRACE org.hibernate.orm.jdbc.bind - binding parameter (1:BIGINT) <- [3]
08:45:29.152 [restartedMain] TRACE org.hibernate.orm.jdbc.extract - extracted value (1:BIGINT) -> [3]
08:45:29.152 [restartedMain] TRACE org.hibernate.orm.jdbc.extract - extracted value (2:BIGINT) -> [4]
08:45:29.152 [restartedMain] TRACE org.hibernate.orm.jdbc.extract - extracted value (1:BIGINT) -> [3]
08:45:29.152 [restartedMain] TRACE org.hibernate.orm.jdbc.extract - extracted value (2:BIGINT) -> [5]
08:45:29.152 [restartedMain] DEBUG org.hibernate.SQL - 
    select
        csl1_0.parent_section_id,
        csl1_0.id,
        csl1_0.building_id,
        csl1_0.deleted,
        csl1_0.title 
    from
        section_table csl1_0 
    where
        csl1_0.parent_section_id=? 
        and (
            csl1_0.deleted = 0
        )
08:45:29.153 [restartedMain] TRACE org.hibernate.orm.jdbc.bind - binding parameter (1:BIGINT) <- [2]
08:45:29.153 [restartedMain] DEBUG org.hibernate.SQL - 
    select
        csl1_0.parent_section_id,
        csl1_0.id,
        csl1_0.building_id,
        csl1_0.deleted,
        csl1_0.title 
    from
        section_table csl1_0 
    where
        csl1_0.parent_section_id=? 
        and (
            csl1_0.deleted = 0
        )
08:45:29.153 [restartedMain] TRACE org.hibernate.orm.jdbc.bind - binding parameter (1:BIGINT) <- [1]
08:45:29.154 [restartedMain] TRACE org.hibernate.orm.jdbc.extract - extracted value (1:BIGINT) -> [1]
08:45:29.154 [restartedMain] TRACE org.hibernate.orm.jdbc.extract - extracted value (2:BIGINT) -> [2]
08:45:29.154 [restartedMain] TRACE org.hibernate.orm.jdbc.extract - extracted value (1:BIGINT) -> [1]
08:45:29.154 [restartedMain] TRACE org.hibernate.orm.jdbc.extract - extracted value (2:BIGINT) -> [3]
08:45:29.156 [restartedMain] DEBUG o.h.e.t.internal.TransactionImpl - committing
08:45:29.156 [restartedMain] DEBUG o.s.jdbc.datasource.DataSourceUtils - Resetting read-only flag of JDBC Connection [HikariProxyConnection@480433936 wrapping oracle.jdbc.driver.T4CConnection@4e0d9310]
08:45:29.157 [restartedMain] TRACE o.s.c.interceptor.CacheInterceptor - Creating cache entry for key 'Page request [number: 0, size 50, sort: UNSORTED]' in cache(s) [sectionsPageable]
08:45:29.157 [restartedMain] TRACE o.s.c.interceptor.CacheInterceptor - Computed cache key 'SimpleKey []' for operation Builder[public java.util.List ir.service.impl.SectionServiceImpl.findAllForFilter()] caches=[sectionsFilter] | key='' | keyGenerator='' | cacheManager='' | cacheResolver='' | condition='' | unless='' | sync='false'
08:45:29.157 [restartedMain] TRACE o.s.c.interceptor.CacheInterceptor - No cache entry for key 'SimpleKey []' in cache(s) [sectionsFilter]
08:45:29.157 [restartedMain] DEBUG o.s.jdbc.datasource.DataSourceUtils - Setting JDBC Connection [HikariProxyConnection@1628502841 wrapping oracle.jdbc.driver.T4CConnection@4e0d9310] read-only
08:45:29.157 [restartedMain] DEBUG o.h.e.t.internal.TransactionImpl - On TransactionImpl creation, JpaCompliance#isJpaTransactionComplianceEnabled == false
08:45:29.159 [restartedMain] DEBUG o.h.e.t.internal.TransactionImpl - begin
08:45:29.171 [restartedMain] DEBUG org.hibernate.SQL - 
    /* SELECT
        new  ir.dto.SectionFilterDto(s.id, s.title) 
    FROM
        sectionEntity s 
    where
        s.deleted = false */ select
            s1_0.id,
            s1_0.title 
        from
            section_table s1_0 
        where
            (
                s1_0.deleted = 0
            ) 
            and s1_0.deleted=0
08:45:29.174 [restartedMain] TRACE org.hibernate.orm.jdbc.extract - extracted value (1:BIGINT) -> [1]
08:45:29.174 [restartedMain] TRACE org.hibernate.orm.jdbc.extract - extracted value (2:VARCHAR) -> [MAIN SECTION]
08:45:29.174 [restartedMain] TRACE org.hibernate.orm.jdbc.extract - extracted value (1:BIGINT) -> [2]
08:45:29.174 [restartedMain] TRACE org.hibernate.orm.jdbc.extract - extracted value (2:VARCHAR) -> [HSE]
08:45:29.174 [restartedMain] TRACE org.hibernate.orm.jdbc.extract - extracted value (1:BIGINT) -> [3]
08:45:29.174 [restartedMain] TRACE org.hibernate.orm.jdbc.extract - extracted value (2:VARCHAR) -> [TRANSPORT]
08:45:29.174 [restartedMain] TRACE org.hibernate.orm.jdbc.extract - extracted value (1:BIGINT) -> [4]
08:45:29.174 [restartedMain] TRACE org.hibernate.orm.jdbc.extract - extracted value (2:VARCHAR) -> [BUS]
08:45:29.174 [restartedMain] TRACE org.hibernate.orm.jdbc.extract - extracted value (1:BIGINT) -> [5]
08:45:29.174 [restartedMain] TRACE org.hibernate.orm.jdbc.extract - extracted value (2:VARCHAR) -> [TAXI]
08:45:29.176 [restartedMain] DEBUG o.h.e.t.internal.TransactionImpl - committing
08:45:29.176 [restartedMain] DEBUG o.s.jdbc.datasource.DataSourceUtils - Resetting read-only flag of JDBC Connection [HikariProxyConnection@1628502841 wrapping oracle.jdbc.driver.T4CConnection@4e0d9310]
08:45:29.176 [restartedMain] TRACE o.s.c.interceptor.CacheInterceptor - Creating cache entry for key 'SimpleKey []' in cache(s) [sectionsFilter]
08:45:29.176 [restartedMain] INFO  ir.config.SectionCacheWarmup - **************************************************************  cache sections  ***************************************************************
08:45:29.178 [restartedMain] INFO  ir.TicketingSpringSample - **************************************************************Spring Boot Application Started
08:45:29.254 [org.springframework.kafka.KafkaListenerEndpointContainer#0-0-C-1] INFO  o.apache.kafka.clients.NetworkClient - [Consumer clientId=consumer-building-service-updater-1, groupId=building-service-updater] Node -1 disconnected.
08:45:29.256 [org.springframework.kafka.KafkaListenerEndpointContainer#0-0-C-1] WARN  o.apache.kafka.clients.NetworkClient - [Consumer clientId=consumer-building-service-updater-1, groupId=building-service-updater] Connection to node -1 (localhost/127.0.0.1:9092) could not be established. Node may not be available.
08:45:29.256 [org.springframework.kafka.KafkaListenerEndpointContainer#0-0-C-1] WARN  o.apache.kafka.clients.NetworkClient - [Consumer clientId=consumer-building-service-updater-1, groupId=building-service-updater] Bootstrap broker localhost:9092 (id: -1 rack: null) disconnected
08:45:29.290 [RMI TCP Connection(3)-192.168.1.152] INFO  o.a.c.c.C.[Tomcat].[localhost].[/] - Initializing Spring DispatcherServlet 'dispatcherServlet'
08:45:29.291 [RMI TCP Connection(3)-192.168.1.152] INFO  o.s.web.servlet.DispatcherServlet - Initializing Servlet 'dispatcherServlet'
08:45:29.291 [RMI TCP Connection(3)-192.168.1.152] INFO  o.s.web.servlet.DispatcherServlet - Completed initialization in 0 ms
08:45:29.367 [RMI TCP Connection(4)-192.168.1.152] DEBUG o.s.jdbc.datasource.DataSourceUtils - Fetching JDBC Connection from DataSource
08:45:29.371 [org.springframework.kafka.KafkaListenerEndpointContainer#0-0-C-1] INFO  o.apache.kafka.clients.NetworkClient - [Consumer clientId=consumer-building-service-updater-1, groupId=building-service-updater] Node -1 disconnected.
08:45:29.372 [org.springframework.kafka.KafkaListenerEndpointContainer#0-0-C-1] WARN  o.apache.kafka.clients.NetworkClient - [Consumer clientId=consumer-building-service-updater-1, groupId=building-service-updater] Connection to node -1 (localhost/127.0.0.1:9092) could not be established. Node may not be available.
08:45:29.372 [org.springframework.kafka.KafkaListenerEndpointContainer#0-0-C-1] WARN  o.apache.kafka.clients.NetworkClient - [Consumer clientId=consumer-building-service-updater-1, groupId=building-service-updater] Bootstrap broker localhost:9092 (id: -1 rack: null) disconnected
08:45:29.372 [RMI TCP Connection(4)-192.168.1.152] DEBUG o.s.jdbc.datasource.DataSourceUtils - Fetching JDBC Connection from DataSource
08:45:29.482 [org.springframework.kafka.KafkaListenerEndpointContainer#0-0-C-1] INFO  o.apache.kafka.clients.NetworkClient - [Consumer clientId=consumer-building-service-updater-1, groupId=building-service-updater] Node -1 disconnected.
08:45:29.482 [org.springframework.kafka.KafkaListenerEndpointContainer#0-0-C-1] WARN  o.apache.kafka.clients.NetworkClient - [Consumer clientId=consumer-building-service-updater-1, groupId=building-service-updater] Connection to node -1 (localhost/127.0.0.1:9092) could not be established. Node may not be available.
08:45:29.482 [org.springframework.kafka.KafkaListenerEndpointContainer#0-0-C-1] WARN  o.apache.kafka.clients.NetworkClient - [Consumer clientId=consumer-building-service-updater-1, groupId=building-service-updater] Bootstrap broker localhost:9092 (id: -1 rack: null) disconnected
08:45:29.672 [org.springframework.kafka.KafkaListenerEndpointContainer#0-0-C-1] INFO  o.apache.kafka.clients.NetworkClient - [Consumer clientId=consumer-building-service-updater-1, groupId=building-service-updater] Node -1 disconnected.
08:45:29.673 [org.springframework.kafka.KafkaListenerEndpointContainer#0-0-C-1] WARN  o.apache.kafka.clients.NetworkClient - [Consumer clientId=consumer-building-service-updater-1, groupId=building-service-updater] Connection to node -1 (localhost/127.0.0.1:9092) could not be established. Node may not be available.
08:45:29.673 [org.springframework.kafka.KafkaListenerEndpointContainer#0-0-C-1] WARN  o.apache.kafka.clients.NetworkClient - [Consumer clientId=consumer-building-service-updater-1, groupId=building-service-updater] Bootstrap broker localhost:9092 (id: -1 rack: null) disconnected
08:45:29.741 [boundedElastic-1] WARN  o.s.b.a.d.r.RedisReactiveHealthIndicator - Redis health check failed
org.springframework.data.redis.RedisConnectionFailureException: Unable to connect to Redis
	at org.springframework.data.redis.connection.lettuce.LettuceConnectionFactory$ExceptionTranslatingConnectionProvider.translateException(LettuceConnectionFactory.java:1858)
	at org.springframework.data.redis.connection.lettuce.LettuceConnectionFactory$ExceptionTranslatingConnectionProvider.getConnection(LettuceConnectionFactory.java:1789)
	at org.springframework.data.redis.connection.lettuce.LettuceConnectionFactory$SharedConnection.getNativeConnection(LettuceConnectionFactory.java:1586)
	at org.springframework.data.redis.connection.lettuce.LettuceConnectionFactory$SharedConnection.lambda$getConnection$0(LettuceConnectionFactory.java:1566)
	at org.springframework.data.redis.connection.lettuce.LettuceConnectionFactory.doInLock(LettuceConnectionFactory.java:1527)
	at org.springframework.data.redis.connection.lettuce.LettuceConnectionFactory$SharedConnection.getConnection(LettuceConnectionFactory.java:1563)
	at org.springframework.data.redis.connection.lettuce.LettuceConnectionFactory.getSharedReactiveConnection(LettuceConnectionFactory.java:1274)
	at org.springframework.data.redis.connection.lettuce.LettuceConnectionFactory.getReactiveConnection(LettuceConnectionFactory.java:1149)
	at org.springframework.data.redis.connection.lettuce.LettuceConnectionFactory.getReactiveConnection(LettuceConnectionFactory.java:120)
	at reactor.core.publisher.MonoSupplier.call(MonoSupplier.java:67)
	at reactor.core.publisher.FluxSubscribeOnCallable$CallableSubscribeOnSubscription.run(FluxSubscribeOnCallable.java:228)
	at reactor.core.scheduler.SchedulerTask.call(SchedulerTask.java:68)
	at reactor.core.scheduler.SchedulerTask.call(SchedulerTask.java:28)
	at java.base/java.util.concurrent.FutureTask.run(FutureTask.java:264)
	at java.base/java.util.concurrent.ScheduledThreadPoolExecutor$ScheduledFutureTask.run(ScheduledThreadPoolExecutor.java:304)
	at java.base/java.util.concurrent.ThreadPoolExecutor.runWorker(ThreadPoolExecutor.java:1136)
	at java.base/java.util.concurrent.ThreadPoolExecutor$Worker.run(ThreadPoolExecutor.java:635)
	at java.base/java.lang.Thread.run(Thread.java:842)
Caused by: io.lettuce.core.RedisConnectionException: Unable to connect to localhost/<unresolved>:6379
	at io.lettuce.core.RedisConnectionException.create(RedisConnectionException.java:63)
	at io.lettuce.core.RedisConnectionException.create(RedisConnectionException.java:41)
	at io.lettuce.core.AbstractRedisClient.getConnection(AbstractRedisClient.java:354)
	at io.lettuce.core.RedisClient.connect(RedisClient.java:219)
	at org.springframework.data.redis.connection.lettuce.StandaloneConnectionProvider.lambda$getConnection$1(StandaloneConnectionProvider.java:112)
	at java.base/java.util.Optional.orElseGet(Optional.java:364)
	at org.springframework.data.redis.connection.lettuce.StandaloneConnectionProvider.getConnection(StandaloneConnectionProvider.java:112)
	at org.springframework.data.redis.connection.lettuce.LettuceConnectionFactory$ExceptionTranslatingConnectionProvider.getConnection(LettuceConnectionFactory.java:1787)
	... 16 common frames omitted
Caused by: io.netty.channel.AbstractChannel$AnnotatedConnectException: Connection refused: no further information: localhost/127.0.0.1:6379
Caused by: java.net.ConnectException: Connection refused: no further information
	at java.base/sun.nio.ch.Net.pollConnect(Native Method)
	at java.base/sun.nio.ch.Net.pollConnectNow(Net.java:672)
	at java.base/sun.nio.ch.SocketChannelImpl.finishConnect(SocketChannelImpl.java:946)
	at io.netty.channel.socket.nio.NioSocketChannel.doFinishConnect(NioSocketChannel.java:336)
	at io.netty.channel.nio.AbstractNioChannel$AbstractNioUnsafe.finishConnect(AbstractNioChannel.java:339)
	at io.netty.channel.nio.NioEventLoop.processSelectedKey(NioEventLoop.java:784)
	at io.netty.channel.nio.NioEventLoop.processSelectedKeysOptimized(NioEventLoop.java:732)
	at io.netty.channel.nio.NioEventLoop.processSelectedKeys(NioEventLoop.java:658)
	at io.netty.channel.nio.NioEventLoop.run(NioEventLoop.java:562)
	at io.netty.util.concurrent.SingleThreadEventExecutor$4.run(SingleThreadEventExecutor.java:998)
	at io.netty.util.internal.ThreadExecutorMap$2.run(ThreadExecutorMap.java:74)
	at io.netty.util.concurrent.FastThreadLocalRunnable.run(FastThreadLocalRunnable.java:30)
	at java.base/java.lang.Thread.run(Thread.java:842)
08:45:30.077 [org.springframework.kafka.KafkaListenerEndpointContainer#0-0-C-1] INFO  o.apache.kafka.clients.NetworkClient - [Consumer clientId=consumer-building-service-updater-1, groupId=building-service-updater] Node -1 disconnected.
08:45:30.077 [org.springframework.kafka.KafkaListenerEndpointContainer#0-0-C-1] WARN  o.apache.kafka.clients.NetworkClient - [Consumer clientId=consumer-building-service-updater-1, groupId=building-service-updater] Connection to node -1 (localhost/127.0.0.1:9092) could not be established. Node may not be available.
08:45:30.077 [org.springframework.kafka.KafkaListenerEndpointContainer#0-0-C-1] WARN  o.apache.kafka.clients.NetworkClient - [Consumer clientId=consumer-building-service-updater-1, groupId=building-service-updater] Bootstrap broker localhost:9092 (id: -1 rack: null) disconnected
08:45:30.871 [org.springframework.kafka.KafkaListenerEndpointContainer#0-0-C-1] INFO  o.apache.kafka.clients.NetworkClient - [Consumer clientId=consumer-building-service-updater-1, groupId=building-service-updater] Node -1 disconnected.
08:45:30.871 [org.springframework.kafka.KafkaListenerEndpointContainer#0-0-C-1] WARN  o.apache.kafka.clients.NetworkClient - [Consumer clientId=consumer-building-service-updater-1, groupId=building-service-updater] Connection to node -1 (localhost/127.0.0.1:9092) could not be established. Node may not be available.
08:45:30.871 [org.springframework.kafka.KafkaListenerEndpointContainer#0-0-C-1] WARN  o.apache.kafka.clients.NetworkClient - [Consumer clientId=consumer-building-service-updater-1, groupId=building-service-updater] Bootstrap broker localhost:9092 (id: -1 rack: null) disconnected
08:45:31.831 [org.springframework.kafka.KafkaListenerEndpointContainer#0-0-C-1] INFO  o.apache.kafka.clients.NetworkClient - [Consumer clientId=consumer-building-service-updater-1, groupId=building-service-updater] Node -1 disconnected.
08:45:31.831 [org.springframework.kafka.KafkaListenerEndpointContainer#0-0-C-1] WARN  o.apache.kafka.clients.NetworkClient - [Consumer clientId=consumer-building-service-updater-1, groupId=building-service-updater] Connection to node -1 (localhost/127.0.0.1:9092) could not be established. Node may not be available.
08:45:31.831 [org.springframework.kafka.KafkaListenerEndpointContainer#0-0-C-1] WARN  o.apache.kafka.clients.NetworkClient - [Consumer clientId=consumer-building-service-updater-1, groupId=building-service-updater] Bootstrap broker localhost:9092 (id: -1 rack: null) disconnected
08:45:32.893 [org.springframework.kafka.KafkaListenerEndpointContainer#0-0-C-1] INFO  o.apache.kafka.clients.NetworkClient - [Consumer clientId=consumer-building-service-updater-1, groupId=building-service-updater] Node -1 disconnected.
08:45:32.893 [org.springframework.kafka.KafkaListenerEndpointContainer#0-0-C-1] WARN  o.apache.kafka.clients.NetworkClient - [Consumer clientId=consumer-building-service-updater-1, groupId=building-service-updater] Connection to node -1 (localhost/127.0.0.1:9092) could not be established. Node may not be available.
08:45:32.893 [org.springframework.kafka.KafkaListenerEndpointContainer#0-0-C-1] WARN  o.apache.kafka.clients.NetworkClient - [Consumer clientId=consumer-building-service-updater-1, groupId=building-service-updater] Bootstrap broker localhost:9092 (id: -1 rack: null) disconnected
08:45:33.924 [org.springframework.kafka.KafkaListenerEndpointContainer#0-0-C-1] INFO  o.apache.kafka.clients.NetworkClient - [Consumer clientId=consumer-building-service-updater-1, groupId=building-service-updater] Node -1 disconnected.
08:45:33.925 [org.springframework.kafka.KafkaListenerEndpointContainer#0-0-C-1] WARN  o.apache.kafka.clients.NetworkClient - [Consumer clientId=consumer-building-service-updater-1, groupId=building-service-updater] Connection to node -1 (localhost/127.0.0.1:9092) could not be established. Node may not be available.
08:45:33.925 [org.springframework.kafka.KafkaListenerEndpointContainer#0-0-C-1] WARN  o.apache.kafka.clients.NetworkClient - [Consumer clientId=consumer-building-service-updater-1, groupId=building-service-updater] Bootstrap broker localhost:9092 (id: -1 rack: null) disconnected
08:45:34.961 [org.springframework.kafka.KafkaListenerEndpointContainer#0-0-C-1] INFO  o.apache.kafka.clients.NetworkClient - [Consumer clientId=consumer-building-service-updater-1, groupId=building-service-updater] Node -1 disconnected.
08:45:34.961 [org.springframework.kafka.KafkaListenerEndpointContainer#0-0-C-1] WARN  o.apache.kafka.clients.NetworkClient - [Consumer clientId=consumer-building-service-updater-1, groupId=building-service-updater] Connection to node -1 (localhost/127.0.0.1:9092) could not be established. Node may not be available.
08:45:34.961 [org.springframework.kafka.KafkaListenerEndpointContainer#0-0-C-1] WARN  o.apache.kafka.clients.NetworkClient - [Consumer clientId=consumer-building-service-updater-1, groupId=building-service-updater] Bootstrap broker localhost:9092 (id: -1 rack: null) disconnected
08:45:35.773 [org.springframework.kafka.KafkaListenerEndpointContainer#0-0-C-1] INFO  o.apache.kafka.clients.NetworkClient - [Consumer clientId=consumer-building-service-updater-1, groupId=building-service-updater] Node -1 disconnected.
08:45:35.773 [org.springframework.kafka.KafkaListenerEndpointContainer#0-0-C-1] WARN  o.apache.kafka.clients.NetworkClient - [Consumer clientId=consumer-building-service-updater-1, groupId=building-service-updater] Connection to node -1 (localhost/127.0.0.1:9092) could not be established. Node may not be available.
08:45:35.773 [org.springframework.kafka.KafkaListenerEndpointContainer#0-0-C-1] WARN  o.apache.kafka.clients.NetworkClient - [Consumer clientId=consumer-building-service-updater-1, groupId=building-service-updater] Bootstrap broker localhost:9092 (id: -1 rack: null) disconnected
08:45:36.785 [org.springframework.kafka.KafkaListenerEndpointContainer#0-0-C-1] INFO  o.apache.kafka.clients.NetworkClient - [Consumer clientId=consumer-building-service-updater-1, groupId=building-service-updater] Node -1 disconnected.
08:45:36.785 [org.springframework.kafka.KafkaListenerEndpointContainer#0-0-C-1] WARN  o.apache.kafka.clients.NetworkClient - [Consumer clientId=consumer-building-service-updater-1, groupId=building-service-updater] Connection to node -1 (localhost/127.0.0.1:9092) could not be established. Node may not be available.
08:45:36.785 [org.springframework.kafka.KafkaListenerEndpointContainer#0-0-C-1] WARN  o.apache.kafka.clients.NetworkClient - [Consumer clientId=consumer-building-service-updater-1, groupId=building-service-updater] Bootstrap broker localhost:9092 (id: -1 rack: null) disconnected
08:45:37.745 [org.springframework.kafka.KafkaListenerEndpointContainer#0-0-C-1] INFO  o.apache.kafka.clients.NetworkClient - [Consumer clientId=consumer-building-service-updater-1, groupId=building-service-updater] Node -1 disconnected.
08:45:37.745 [org.springframework.kafka.KafkaListenerEndpointContainer#0-0-C-1] WARN  o.apache.kafka.clients.NetworkClient - [Consumer clientId=consumer-building-service-updater-1, groupId=building-service-updater] Connection to node -1 (localhost/127.0.0.1:9092) could not be established. Node may not be available.
08:45:37.745 [org.springframework.kafka.KafkaListenerEndpointContainer#0-0-C-1] WARN  o.apache.kafka.clients.NetworkClient - [Consumer clientId=consumer-building-service-updater-1, groupId=building-service-updater] Bootstrap broker localhost:9092 (id: -1 rack: null) disconnected
08:45:38.760 [org.springframework.kafka.KafkaListenerEndpointContainer#0-0-C-1] INFO  o.apache.kafka.clients.NetworkClient - [Consumer clientId=consumer-building-service-updater-1, groupId=building-service-updater] Node -1 disconnected.
08:45:38.760 [org.springframework.kafka.KafkaListenerEndpointContainer#0-0-C-1] WARN  o.apache.kafka.clients.NetworkClient - [Consumer clientId=consumer-building-service-updater-1, groupId=building-service-updater] Connection to node -1 (localhost/127.0.0.1:9092) could not be established. Node may not be available.
08:45:38.760 [org.springframework.kafka.KafkaListenerEndpointContainer#0-0-C-1] WARN  o.apache.kafka.clients.NetworkClient - [Consumer clientId=consumer-building-service-updater-1, groupId=building-service-updater] Bootstrap broker localhost:9092 (id: -1 rack: null) disconnected
08:45:39.688 [org.springframework.kafka.KafkaListenerEndpointContainer#0-0-C-1] INFO  o.apache.kafka.clients.NetworkClient - [Consumer clientId=consumer-building-service-updater-1, groupId=building-service-updater] Node -1 disconnected.
08:45:39.689 [org.springframework.kafka.KafkaListenerEndpointContainer#0-0-C-1] WARN  o.apache.kafka.clients.NetworkClient - [Consumer clientId=consumer-building-service-updater-1, groupId=building-service-updater] Connection to node -1 (localhost/127.0.0.1:9092) could not be established. Node may not be available.
08:45:39.689 [org.springframework.kafka.KafkaListenerEndpointContainer#0-0-C-1] WARN  o.apache.kafka.clients.NetworkClient - [Consumer clientId=consumer-building-service-updater-1, groupId=building-service-updater] Bootstrap broker localhost:9092 (id: -1 rack: null) disconnected
08:45:40.652 [org.springframework.kafka.KafkaListenerEndpointContainer#0-0-C-1] INFO  o.apache.kafka.clients.NetworkClient - [Consumer clientId=consumer-building-service-updater-1, groupId=building-service-updater] Node -1 disconnected.
08:45:40.652 [org.springframework.kafka.KafkaListenerEndpointContainer#0-0-C-1] WARN  o.apache.kafka.clients.NetworkClient - [Consumer clientId=consumer-building-service-updater-1, groupId=building-service-updater] Connection to node -1 (localhost/127.0.0.1:9092) could not be established. Node may not be available.
08:45:40.652 [org.springframework.kafka.KafkaListenerEndpointContainer#0-0-C-1] WARN  o.apache.kafka.clients.NetworkClient - [Consumer clientId=consumer-building-service-updater-1, groupId=building-service-updater] Bootstrap broker localhost:9092 (id: -1 rack: null) disconnected
08:45:41.666 [org.springframework.kafka.KafkaListenerEndpointContainer#0-0-C-1] INFO  o.apache.kafka.clients.NetworkClient - [Consumer clientId=consumer-building-service-updater-1, groupId=building-service-updater] Node -1 disconnected.
08:45:41.666 [org.springframework.kafka.KafkaListenerEndpointContainer#0-0-C-1] WARN  o.apache.kafka.clients.NetworkClient - [Consumer clientId=consumer-building-service-updater-1, groupId=building-service-updater] Connection to node -1 (localhost/127.0.0.1:9092) could not be established. Node may not be available.
08:45:41.667 [org.springframework.kafka.KafkaListenerEndpointContainer#0-0-C-1] WARN  o.apache.kafka.clients.NetworkClient - [Consumer clientId=consumer-building-service-updater-1, groupId=building-service-updater] Bootstrap broker localhost:9092 (id: -1 rack: null) disconnected
08:45:42.667 [org.springframework.kafka.KafkaListenerEndpointContainer#0-0-C-1] INFO  o.apache.kafka.clients.NetworkClient - [Consumer clientId=consumer-building-service-updater-1, groupId=building-service-updater] Node -1 disconnected.
08:45:42.667 [org.springframework.kafka.KafkaListenerEndpointContainer#0-0-C-1] WARN  o.apache.kafka.clients.NetworkClient - [Consumer clientId=consumer-building-service-updater-1, groupId=building-service-updater] Connection to node -1 (localhost/127.0.0.1:9092) could not be established. Node may not be available.
08:45:42.667 [org.springframework.kafka.KafkaListenerEndpointContainer#0-0-C-1] WARN  o.apache.kafka.clients.NetworkClient - [Consumer clientId=consumer-building-service-updater-1, groupId=building-service-updater] Bootstrap broker localhost:9092 (id: -1 rack: null) disconnected
08:45:43.597 [org.springframework.kafka.KafkaListenerEndpointContainer#0-0-C-1] INFO  o.apache.kafka.clients.NetworkClient - [Consumer clientId=consumer-building-service-updater-1, groupId=building-service-updater] Node -1 disconnected.
08:45:43.597 [org.springframework.kafka.KafkaListenerEndpointContainer#0-0-C-1] WARN  o.apache.kafka.clients.NetworkClient - [Consumer clientId=consumer-building-service-updater-1, groupId=building-service-updater] Connection to node -1 (localhost/127.0.0.1:9092) could not be established. Node may not be available.
08:45:43.597 [org.springframework.kafka.KafkaListenerEndpointContainer#0-0-C-1] WARN  o.apache.kafka.clients.NetworkClient - [Consumer clientId=consumer-building-service-updater-1, groupId=building-service-updater] Bootstrap broker localhost:9092 (id: -1 rack: null) disconnected
08:45:44.439 [org.springframework.kafka.KafkaListenerEndpointContainer#0-0-C-1] INFO  o.apache.kafka.clients.NetworkClient - [Consumer clientId=consumer-building-service-updater-1, groupId=building-service-updater] Node -1 disconnected.
08:45:44.439 [org.springframework.kafka.KafkaListenerEndpointContainer#0-0-C-1] WARN  o.apache.kafka.clients.NetworkClient - [Consumer clientId=consumer-building-service-updater-1, groupId=building-service-updater] Connection to node -1 (localhost/127.0.0.1:9092) could not be established. Node may not be available.
08:45:44.439 [org.springframework.kafka.KafkaListenerEndpointContainer#0-0-C-1] WARN  o.apache.kafka.clients.NetworkClient - [Consumer clientId=consumer-building-service-updater-1, groupId=building-service-updater] Bootstrap broker localhost:9092 (id: -1 rack: null) disconnected
08:45:45.487 [org.springframework.kafka.KafkaListenerEndpointContainer#0-0-C-1] INFO  o.apache.kafka.clients.NetworkClient - [Consumer clientId=consumer-building-service-updater-1, groupId=building-service-updater] Node -1 disconnected.
08:45:45.487 [org.springframework.kafka.KafkaListenerEndpointContainer#0-0-C-1] WARN  o.apache.kafka.clients.NetworkClient - [Consumer clientId=consumer-building-service-updater-1, groupId=building-service-updater] Connection to node -1 (localhost/127.0.0.1:9092) could not be established. Node may not be available.
08:45:45.487 [org.springframework.kafka.KafkaListenerEndpointContainer#0-0-C-1] WARN  o.apache.kafka.clients.NetworkClient - [Consumer clientId=consumer-building-service-updater-1, groupId=building-service-updater] Bootstrap broker localhost:9092 (id: -1 rack: null) disconnected
08:45:46.501 [org.springframework.kafka.KafkaListenerEndpointContainer#0-0-C-1] INFO  o.apache.kafka.clients.NetworkClient - [Consumer clientId=consumer-building-service-updater-1, groupId=building-service-updater] Node -1 disconnected.
08:45:46.501 [org.springframework.kafka.KafkaListenerEndpointContainer#0-0-C-1] WARN  o.apache.kafka.clients.NetworkClient - [Consumer clientId=consumer-building-service-updater-1, groupId=building-service-updater] Connection to node -1 (localhost/127.0.0.1:9092) could not be established. Node may not be available.
08:45:46.501 [org.springframework.kafka.KafkaListenerEndpointContainer#0-0-C-1] WARN  o.apache.kafka.clients.NetworkClient - [Consumer clientId=consumer-building-service-updater-1, groupId=building-service-updater] Bootstrap broker localhost:9092 (id: -1 rack: null) disconnected
08:45:47.501 [org.springframework.kafka.KafkaListenerEndpointContainer#0-0-C-1] INFO  o.apache.kafka.clients.NetworkClient - [Consumer clientId=consumer-building-service-updater-1, groupId=building-service-updater] Node -1 disconnected.
08:45:47.501 [org.springframework.kafka.KafkaListenerEndpointContainer#0-0-C-1] WARN  o.apache.kafka.clients.NetworkClient - [Consumer clientId=consumer-building-service-updater-1, groupId=building-service-updater] Connection to node -1 (localhost/127.0.0.1:9092) could not be established. Node may not be available.
08:45:47.501 [org.springframework.kafka.KafkaListenerEndpointContainer#0-0-C-1] WARN  o.apache.kafka.clients.NetworkClient - [Consumer clientId=consumer-building-service-updater-1, groupId=building-service-updater] Bootstrap broker localhost:9092 (id: -1 rack: null) disconnected
08:45:48.503 [org.springframework.kafka.KafkaListenerEndpointContainer#0-0-C-1] INFO  o.apache.kafka.clients.NetworkClient - [Consumer clientId=consumer-building-service-updater-1, groupId=building-service-updater] Node -1 disconnected.
08:45:48.503 [org.springframework.kafka.KafkaListenerEndpointContainer#0-0-C-1] WARN  o.apache.kafka.clients.NetworkClient - [Consumer clientId=consumer-building-service-updater-1, groupId=building-service-updater] Connection to node -1 (localhost/127.0.0.1:9092) could not be established. Node may not be available.
08:45:48.503 [org.springframework.kafka.KafkaListenerEndpointContainer#0-0-C-1] WARN  o.apache.kafka.clients.NetworkClient - [Consumer clientId=consumer-building-service-updater-1, groupId=building-service-updater] Bootstrap broker localhost:9092 (id: -1 rack: null) disconnected
08:45:49.193 [https-jsse-nio-8443-exec-5] DEBUG o.s.security.web.FilterChainProxy - Securing GET /tickets
08:45:49.198 [https-jsse-nio-8443-exec-5] DEBUG o.s.s.w.a.c.ChannelProcessingFilter - Request: filter invocation [GET /tickets]; ConfigAttributes: [REQUIRES_SECURE_CHANNEL]
08:45:49.206 [https-jsse-nio-8443-exec-5] DEBUG o.s.s.w.a.AnonymousAuthenticationFilter - Set SecurityContextHolder to anonymous SecurityContext
08:45:49.274 [https-jsse-nio-8443-exec-5] DEBUG o.s.s.w.s.HttpSessionRequestCache - Saved request https://localhost:8443/tickets?continue to session
08:45:49.274 [https-jsse-nio-8443-exec-5] DEBUG o.s.s.web.DefaultRedirectStrategy - Redirecting to https://localhost:8443/login
08:45:49.282 [https-jsse-nio-8443-exec-4] DEBUG o.s.security.web.FilterChainProxy - Securing GET /login
08:45:49.282 [https-jsse-nio-8443-exec-4] DEBUG o.s.s.w.a.c.ChannelProcessingFilter - Request: filter invocation [GET /login]; ConfigAttributes: [REQUIRES_SECURE_CHANNEL]
08:45:49.282 [https-jsse-nio-8443-exec-4] DEBUG o.s.s.w.a.AnonymousAuthenticationFilter - Set SecurityContextHolder to anonymous SecurityContext
08:45:49.284 [https-jsse-nio-8443-exec-4] DEBUG o.s.security.web.FilterChainProxy - Secured GET /login
08:45:49.533 [org.springframework.kafka.KafkaListenerEndpointContainer#0-0-C-1] INFO  o.apache.kafka.clients.NetworkClient - [Consumer clientId=consumer-building-service-updater-1, groupId=building-service-updater] Node -1 disconnected.
08:45:49.533 [org.springframework.kafka.KafkaListenerEndpointContainer#0-0-C-1] WARN  o.apache.kafka.clients.NetworkClient - [Consumer clientId=consumer-building-service-updater-1, groupId=building-service-updater] Connection to node -1 (localhost/127.0.0.1:9092) could not be established. Node may not be available.
08:45:49.533 [org.springframework.kafka.KafkaListenerEndpointContainer#0-0-C-1] WARN  o.apache.kafka.clients.NetworkClient - [Consumer clientId=consumer-building-service-updater-1, groupId=building-service-updater] Bootstrap broker localhost:9092 (id: -1 rack: null) disconnected
08:45:49.558 [https-jsse-nio-8443-exec-4] DEBUG o.s.security.web.FilterChainProxy - Securing GET /favicon.ico
08:45:49.559 [https-jsse-nio-8443-exec-4] DEBUG o.s.s.w.a.c.ChannelProcessingFilter - Request: filter invocation [GET /favicon.ico]; ConfigAttributes: [REQUIRES_SECURE_CHANNEL]
08:45:49.559 [https-jsse-nio-8443-exec-4] DEBUG o.s.s.w.a.AnonymousAuthenticationFilter - Set SecurityContextHolder to anonymous SecurityContext
08:45:49.559 [https-jsse-nio-8443-exec-4] DEBUG o.s.security.web.FilterChainProxy - Secured GET /favicon.ico
08:45:49.570 [https-jsse-nio-8443-exec-4] DEBUG o.s.security.web.FilterChainProxy - Securing GET /error
08:45:49.571 [https-jsse-nio-8443-exec-4] DEBUG o.s.s.w.a.c.ChannelProcessingFilter - Request: filter invocation [GET /error]; ConfigAttributes: [REQUIRES_SECURE_CHANNEL]
08:45:49.571 [https-jsse-nio-8443-exec-4] DEBUG o.s.s.w.a.AnonymousAuthenticationFilter - Set SecurityContextHolder to anonymous SecurityContext
08:45:49.572 [https-jsse-nio-8443-exec-4] DEBUG o.s.s.w.s.HttpSessionRequestCache - Saved request https://localhost:8443/error?continue to session
08:45:49.572 [https-jsse-nio-8443-exec-4] DEBUG o.s.s.web.DefaultRedirectStrategy - Redirecting to https://localhost:8443/login
08:45:49.575 [https-jsse-nio-8443-exec-10] DEBUG o.s.security.web.FilterChainProxy - Securing GET /login
08:45:49.575 [https-jsse-nio-8443-exec-10] DEBUG o.s.s.w.a.c.ChannelProcessingFilter - Request: filter invocation [GET /login]; ConfigAttributes: [REQUIRES_SECURE_CHANNEL]
08:45:49.576 [https-jsse-nio-8443-exec-10] DEBUG o.s.s.w.a.AnonymousAuthenticationFilter - Set SecurityContextHolder to anonymous SecurityContext
08:45:49.576 [https-jsse-nio-8443-exec-10] DEBUG o.s.security.web.FilterChainProxy - Secured GET /login
08:45:50.552 [org.springframework.kafka.KafkaListenerEndpointContainer#0-0-C-1] INFO  o.apache.kafka.clients.NetworkClient - [Consumer clientId=consumer-building-service-updater-1, groupId=building-service-updater] Node -1 disconnected.
08:45:50.553 [org.springframework.kafka.KafkaListenerEndpointContainer#0-0-C-1] WARN  o.apache.kafka.clients.NetworkClient - [Consumer clientId=consumer-building-service-updater-1, groupId=building-service-updater] Connection to node -1 (localhost/127.0.0.1:9092) could not be established. Node may not be available.
08:45:50.553 [org.springframework.kafka.KafkaListenerEndpointContainer#0-0-C-1] WARN  o.apache.kafka.clients.NetworkClient - [Consumer clientId=consumer-building-service-updater-1, groupId=building-service-updater] Bootstrap broker localhost:9092 (id: -1 rack: null) disconnected
08:45:51.438 [org.springframework.kafka.KafkaListenerEndpointContainer#0-0-C-1] INFO  o.apache.kafka.clients.NetworkClient - [Consumer clientId=consumer-building-service-updater-1, groupId=building-service-updater] Node -1 disconnected.
08:45:51.438 [org.springframework.kafka.KafkaListenerEndpointContainer#0-0-C-1] WARN  o.apache.kafka.clients.NetworkClient - [Consumer clientId=consumer-building-service-updater-1, groupId=building-service-updater] Connection to node -1 (localhost/127.0.0.1:9092) could not be established. Node may not be available.
08:45:51.438 [org.springframework.kafka.KafkaListenerEndpointContainer#0-0-C-1] WARN  o.apache.kafka.clients.NetworkClient - [Consumer clientId=consumer-building-service-updater-1, groupId=building-service-updater] Bootstrap broker localhost:9092 (id: -1 rack: null) disconnected
08:45:52.421 [org.springframework.kafka.KafkaListenerEndpointContainer#0-0-C-1] INFO  o.apache.kafka.clients.NetworkClient - [Consumer clientId=consumer-building-service-updater-1, groupId=building-service-updater] Node -1 disconnected.
08:45:52.421 [org.springframework.kafka.KafkaListenerEndpointContainer#0-0-C-1] WARN  o.apache.kafka.clients.NetworkClient - [Consumer clientId=consumer-building-service-updater-1, groupId=building-service-updater] Connection to node -1 (localhost/127.0.0.1:9092) could not be established. Node may not be available.
08:45:52.421 [org.springframework.kafka.KafkaListenerEndpointContainer#0-0-C-1] WARN  o.apache.kafka.clients.NetworkClient - [Consumer clientId=consumer-building-service-updater-1, groupId=building-service-updater] Bootstrap broker localhost:9092 (id: -1 rack: null) disconnected
08:45:53.437 [org.springframework.kafka.KafkaListenerEndpointContainer#0-0-C-1] INFO  o.apache.kafka.clients.NetworkClient - [Consumer clientId=consumer-building-service-updater-1, groupId=building-service-updater] Node -1 disconnected.
08:45:53.437 [org.springframework.kafka.KafkaListenerEndpointContainer#0-0-C-1] WARN  o.apache.kafka.clients.NetworkClient - [Consumer clientId=consumer-building-service-updater-1, groupId=building-service-updater] Connection to node -1 (localhost/127.0.0.1:9092) could not be established. Node may not be available.
08:45:53.437 [org.springframework.kafka.KafkaListenerEndpointContainer#0-0-C-1] WARN  o.apache.kafka.clients.NetworkClient - [Consumer clientId=consumer-building-service-updater-1, groupId=building-service-updater] Bootstrap broker localhost:9092 (id: -1 rack: null) disconnected
08:45:53.629 [https-jsse-nio-8443-exec-3] DEBUG o.s.security.web.FilterChainProxy - Securing POST /login
08:45:53.629 [https-jsse-nio-8443-exec-3] DEBUG o.s.s.w.a.c.ChannelProcessingFilter - Request: filter invocation [POST /login]; ConfigAttributes: [REQUIRES_SECURE_CHANNEL]
08:45:53.969 [https-jsse-nio-8443-exec-3] DEBUG org.hibernate.SQL - 
    /* <criteria> */ select
        u1_0.username,
        u1_0.account_non_expired,
        u1_0.account_non_locked,
        u1_0.credentials_expiry_date,
        u1_0.credentials_non_expired,
        u1_0.deleted,
        u1_0.enabled,
        u1_0.password 
    from
        user_tbl u1_0 
    where
        (
            u1_0.deleted = 0
        ) 
        and u1_0.username=?
08:45:53.970 [https-jsse-nio-8443-exec-3] TRACE org.hibernate.orm.jdbc.bind - binding parameter (1:VARCHAR) <- [ali]
08:45:54.003 [https-jsse-nio-8443-exec-3] TRACE org.hibernate.orm.jdbc.extract - extracted value (1:VARCHAR) -> [ali]
08:45:54.004 [https-jsse-nio-8443-exec-3] TRACE org.hibernate.orm.jdbc.extract - extracted value (2:BOOLEAN) -> [true]
08:45:54.004 [https-jsse-nio-8443-exec-3] TRACE org.hibernate.orm.jdbc.extract - extracted value (3:BOOLEAN) -> [true]
08:45:54.004 [https-jsse-nio-8443-exec-3] TRACE org.hibernate.orm.jdbc.extract - extracted value (4:TIMESTAMP) -> [2026-05-30T21:30:53.300956]
08:45:54.004 [https-jsse-nio-8443-exec-3] TRACE org.hibernate.orm.jdbc.extract - extracted value (5:BOOLEAN) -> [true]
08:45:54.004 [https-jsse-nio-8443-exec-3] TRACE org.hibernate.orm.jdbc.extract - extracted value (6:BOOLEAN) -> [false]
08:45:54.004 [https-jsse-nio-8443-exec-3] TRACE org.hibernate.orm.jdbc.extract - extracted value (7:BOOLEAN) -> [true]
08:45:54.004 [https-jsse-nio-8443-exec-3] TRACE org.hibernate.orm.jdbc.extract - extracted value (8:VARCHAR) -> [$2a$12$JRWydGv3q.xLuqLZANLEuO38Y8584BP1ABWUffjm8Da5MxgZ0fC8i]
08:45:54.005 [https-jsse-nio-8443-exec-3] DEBUG org.hibernate.SQL - 
    select
        rs1_0.username,
        rs1_1.name,
        rs1_1.deleted,
        ps1_0.role_name,
        ps1_1.id,
        ps1_1.deleted,
        ps1_1.permission 
    from
        user_role_tbl rs1_0 
    join
        role_tbl rs1_1 
            on rs1_1.name=rs1_0.role_name 
    left join
        (role_permission_tbl ps1_0 
    join
        permission_tbl ps1_1 
            on ps1_1.id=ps1_0.permission) 
        on rs1_1.name=ps1_0.role_name 
        and ( ps1_1.deleted = 0) 
    where
        rs1_0.username=? 
        and (
            rs1_1.deleted = 0
        )
08:45:54.005 [https-jsse-nio-8443-exec-3] TRACE org.hibernate.orm.jdbc.bind - binding parameter (1:VARCHAR) <- [ali]
08:45:54.015 [https-jsse-nio-8443-exec-3] TRACE org.hibernate.orm.jdbc.extract - extracted value (1:VARCHAR) -> [ali]
08:45:54.015 [https-jsse-nio-8443-exec-3] TRACE org.hibernate.orm.jdbc.extract - extracted value (2:VARCHAR) -> [ROLE_ADMIN]
08:45:54.015 [https-jsse-nio-8443-exec-3] TRACE org.hibernate.orm.jdbc.extract - extracted value (4:VARCHAR) -> [ROLE_ADMIN]
08:45:54.015 [https-jsse-nio-8443-exec-3] TRACE org.hibernate.orm.jdbc.extract - extracted value (5:BIGINT) -> [1]
08:45:54.016 [https-jsse-nio-8443-exec-3] TRACE org.hibernate.orm.jdbc.extract - extracted value (6:BOOLEAN) -> [false]
08:45:54.016 [https-jsse-nio-8443-exec-3] TRACE org.hibernate.orm.jdbc.extract - extracted value (7:VARCHAR) -> [TICKET_CREATE]
08:45:54.016 [https-jsse-nio-8443-exec-3] TRACE org.hibernate.orm.jdbc.extract - extracted value (3:BOOLEAN) -> [false]
08:45:54.016 [https-jsse-nio-8443-exec-3] TRACE org.hibernate.orm.jdbc.extract - extracted value (1:VARCHAR) -> [ali]
08:45:54.016 [https-jsse-nio-8443-exec-3] TRACE org.hibernate.orm.jdbc.extract - extracted value (2:VARCHAR) -> [ROLE_ADMIN]
08:45:54.016 [https-jsse-nio-8443-exec-3] TRACE org.hibernate.orm.jdbc.extract - extracted value (5:BIGINT) -> [2]
08:45:54.016 [https-jsse-nio-8443-exec-3] TRACE org.hibernate.orm.jdbc.extract - extracted value (6:BOOLEAN) -> [false]
08:45:54.016 [https-jsse-nio-8443-exec-3] TRACE org.hibernate.orm.jdbc.extract - extracted value (7:VARCHAR) -> [TICKET_DELETE]
08:45:54.016 [https-jsse-nio-8443-exec-3] TRACE org.hibernate.orm.jdbc.extract - extracted value (1:VARCHAR) -> [ali]
08:45:54.016 [https-jsse-nio-8443-exec-3] TRACE org.hibernate.orm.jdbc.extract - extracted value (2:VARCHAR) -> [ROLE_ADMIN]
08:45:54.016 [https-jsse-nio-8443-exec-3] TRACE org.hibernate.orm.jdbc.extract - extracted value (5:BIGINT) -> [3]
08:45:54.016 [https-jsse-nio-8443-exec-3] TRACE org.hibernate.orm.jdbc.extract - extracted value (6:BOOLEAN) -> [false]
08:45:54.016 [https-jsse-nio-8443-exec-3] TRACE org.hibernate.orm.jdbc.extract - extracted value (7:VARCHAR) -> [TICKET_EDIT]
08:45:54.016 [https-jsse-nio-8443-exec-3] TRACE org.hibernate.orm.jdbc.extract - extracted value (1:VARCHAR) -> [ali]
08:45:54.016 [https-jsse-nio-8443-exec-3] TRACE org.hibernate.orm.jdbc.extract - extracted value (2:VARCHAR) -> [ROLE_ADMIN]
08:45:54.016 [https-jsse-nio-8443-exec-3] TRACE org.hibernate.orm.jdbc.extract - extracted value (5:BIGINT) -> [4]
08:45:54.016 [https-jsse-nio-8443-exec-3] TRACE org.hibernate.orm.jdbc.extract - extracted value (6:BOOLEAN) -> [false]
08:45:54.016 [https-jsse-nio-8443-exec-3] TRACE org.hibernate.orm.jdbc.extract - extracted value (7:VARCHAR) -> [BUILDING_CREATE]
08:45:54.306 [https-jsse-nio-8443-exec-3] DEBUG o.s.s.a.d.DaoAuthenticationProvider - Authenticated user
08:45:54.307 [https-jsse-nio-8443-exec-3] DEBUG o.s.s.w.a.s.SessionFixationProtectionStrategy - Invalidating session with Id 'F5FA942712FD3296F7514915924D4DFF' and migrating attributes.
08:45:54.307 [https-jsse-nio-8443-exec-3] DEBUG o.s.s.w.a.s.SessionFixationProtectionStrategy - Started new session: 0CC831428A5790CF78CF0DBA8CC70A0B
08:45:54.307 [https-jsse-nio-8443-exec-3] DEBUG o.s.s.w.a.s.SessionFixationProtectionStrategy - Changed session id from F5FA942712FD3296F7514915924D4DFF
08:45:54.308 [https-jsse-nio-8443-exec-3] DEBUG o.s.s.c.session.SessionRegistryImpl - Registering session 0CC831428A5790CF78CF0DBA8CC70A0B, for principal ir.model.entity.CustomUserDetails@d6fdef9
08:45:54.308 [https-jsse-nio-8443-exec-3] DEBUG o.s.s.w.c.HttpSessionSecurityContextRepository - Stored SecurityContextImpl [Authentication=UsernamePasswordAuthenticationToken [Principal=ir.model.entity.CustomUserDetails@d6fdef9, Credentials=[PROTECTED], Authenticated=true, Details=WebAuthenticationDetails [RemoteIpAddress=0:0:0:0:0:0:0:1, SessionId=F5FA942712FD3296F7514915924D4DFF], Granted Authorities=[TICKET_EDIT, BUILDING_CREATE, ROLE_ADMIN, TICKET_CREATE, TICKET_DELETE]]] to HttpSession [org.apache.catalina.session.StandardSessionFacade@5e971b9c]
08:45:54.308 [https-jsse-nio-8443-exec-3] DEBUG o.s.s.w.a.UsernamePasswordAuthenticationFilter - Set SecurityContextHolder to UsernamePasswordAuthenticationToken [Principal=ir.model.entity.CustomUserDetails@d6fdef9, Credentials=[PROTECTED], Authenticated=true, Details=WebAuthenticationDetails [RemoteIpAddress=0:0:0:0:0:0:0:1, SessionId=F5FA942712FD3296F7514915924D4DFF], Granted Authorities=[TICKET_EDIT, BUILDING_CREATE, ROLE_ADMIN, TICKET_CREATE, TICKET_DELETE]]
08:45:54.308 [https-jsse-nio-8443-exec-3] DEBUG o.s.s.web.DefaultRedirectStrategy - Redirecting to /home
08:45:54.312 [https-jsse-nio-8443-exec-7] DEBUG o.s.security.web.FilterChainProxy - Securing GET /home
08:45:54.312 [https-jsse-nio-8443-exec-7] DEBUG o.s.s.w.a.c.ChannelProcessingFilter - Request: filter invocation [GET /home]; ConfigAttributes: [REQUIRES_SECURE_CHANNEL]
08:45:54.313 [https-jsse-nio-8443-exec-7] DEBUG o.s.s.w.c.HttpSessionSecurityContextRepository - Retrieved SecurityContextImpl [Authentication=UsernamePasswordAuthenticationToken [Principal=ir.model.entity.CustomUserDetails@d6fdef9, Credentials=[PROTECTED], Authenticated=true, Details=WebAuthenticationDetails [RemoteIpAddress=0:0:0:0:0:0:0:1, SessionId=F5FA942712FD3296F7514915924D4DFF], Granted Authorities=[TICKET_EDIT, BUILDING_CREATE, ROLE_ADMIN, TICKET_CREATE, TICKET_DELETE]]]
08:45:54.313 [https-jsse-nio-8443-exec-7] DEBUG o.s.security.web.FilterChainProxy - Secured GET /home
08:45:54.394 [https-jsse-nio-8443-exec-9] DEBUG o.s.security.web.FilterChainProxy - Securing GET /favicon.ico
08:45:54.395 [https-jsse-nio-8443-exec-9] DEBUG o.s.s.w.a.c.ChannelProcessingFilter - Request: filter invocation [GET /favicon.ico]; ConfigAttributes: [REQUIRES_SECURE_CHANNEL]
08:45:54.395 [https-jsse-nio-8443-exec-9] DEBUG o.s.security.web.FilterChainProxy - Secured GET /favicon.ico
08:45:54.397 [https-jsse-nio-8443-exec-9] DEBUG o.s.s.w.c.HttpSessionSecurityContextRepository - Retrieved SecurityContextImpl [Authentication=UsernamePasswordAuthenticationToken [Principal=ir.model.entity.CustomUserDetails@d6fdef9, Credentials=[PROTECTED], Authenticated=true, Details=WebAuthenticationDetails [RemoteIpAddress=0:0:0:0:0:0:0:1, SessionId=F5FA942712FD3296F7514915924D4DFF], Granted Authorities=[TICKET_EDIT, BUILDING_CREATE, ROLE_ADMIN, TICKET_CREATE, TICKET_DELETE]]]
08:45:54.398 [https-jsse-nio-8443-exec-9] DEBUG o.s.security.web.FilterChainProxy - Securing GET /error
08:45:54.398 [https-jsse-nio-8443-exec-9] DEBUG o.s.s.w.a.c.ChannelProcessingFilter - Request: filter invocation [GET /error]; ConfigAttributes: [REQUIRES_SECURE_CHANNEL]
08:45:54.398 [https-jsse-nio-8443-exec-9] DEBUG o.s.s.w.c.HttpSessionSecurityContextRepository - Retrieved SecurityContextImpl [Authentication=UsernamePasswordAuthenticationToken [Principal=ir.model.entity.CustomUserDetails@d6fdef9, Credentials=[PROTECTED], Authenticated=true, Details=WebAuthenticationDetails [RemoteIpAddress=0:0:0:0:0:0:0:1, SessionId=F5FA942712FD3296F7514915924D4DFF], Granted Authorities=[TICKET_EDIT, BUILDING_CREATE, ROLE_ADMIN, TICKET_CREATE, TICKET_DELETE]]]
08:45:54.399 [https-jsse-nio-8443-exec-9] DEBUG o.s.security.web.FilterChainProxy - Secured GET /error
08:45:54.438 [org.springframework.kafka.KafkaListenerEndpointContainer#0-0-C-1] INFO  o.apache.kafka.clients.NetworkClient - [Consumer clientId=consumer-building-service-updater-1, groupId=building-service-updater] Node -1 disconnected.
08:45:54.438 [org.springframework.kafka.KafkaListenerEndpointContainer#0-0-C-1] WARN  o.apache.kafka.clients.NetworkClient - [Consumer clientId=consumer-building-service-updater-1, groupId=building-service-updater] Connection to node -1 (localhost/127.0.0.1:9092) could not be established. Node may not be available.
08:45:54.438 [org.springframework.kafka.KafkaListenerEndpointContainer#0-0-C-1] WARN  o.apache.kafka.clients.NetworkClient - [Consumer clientId=consumer-building-service-updater-1, groupId=building-service-updater] Bootstrap broker localhost:9092 (id: -1 rack: null) disconnected
08:45:55.443 [org.springframework.kafka.KafkaListenerEndpointContainer#0-0-C-1] INFO  o.apache.kafka.clients.NetworkClient - [Consumer clientId=consumer-building-service-updater-1, groupId=building-service-updater] Node -1 disconnected.
08:45:55.443 [org.springframework.kafka.KafkaListenerEndpointContainer#0-0-C-1] WARN  o.apache.kafka.clients.NetworkClient - [Consumer clientId=consumer-building-service-updater-1, groupId=building-service-updater] Connection to node -1 (localhost/127.0.0.1:9092) could not be established. Node may not be available.
08:45:55.443 [org.springframework.kafka.KafkaListenerEndpointContainer#0-0-C-1] WARN  o.apache.kafka.clients.NetworkClient - [Consumer clientId=consumer-building-service-updater-1, groupId=building-service-updater] Bootstrap broker localhost:9092 (id: -1 rack: null) disconnected
08:45:56.492 [org.springframework.kafka.KafkaListenerEndpointContainer#0-0-C-1] INFO  o.apache.kafka.clients.NetworkClient - [Consumer clientId=consumer-building-service-updater-1, groupId=building-service-updater] Node -1 disconnected.
08:45:56.492 [org.springframework.kafka.KafkaListenerEndpointContainer#0-0-C-1] WARN  o.apache.kafka.clients.NetworkClient - [Consumer clientId=consumer-building-service-updater-1, groupId=building-service-updater] Connection to node -1 (localhost/127.0.0.1:9092) could not be established. Node may not be available.
08:45:56.492 [org.springframework.kafka.KafkaListenerEndpointContainer#0-0-C-1] WARN  o.apache.kafka.clients.NetworkClient - [Consumer clientId=consumer-building-service-updater-1, groupId=building-service-updater] Bootstrap broker localhost:9092 (id: -1 rack: null) disconnected
08:45:57.545 [org.springframework.kafka.KafkaListenerEndpointContainer#0-0-C-1] INFO  o.apache.kafka.clients.NetworkClient - [Consumer clientId=consumer-building-service-updater-1, groupId=building-service-updater] Node -1 disconnected.
08:45:57.545 [org.springframework.kafka.KafkaListenerEndpointContainer#0-0-C-1] WARN  o.apache.kafka.clients.NetworkClient - [Consumer clientId=consumer-building-service-updater-1, groupId=building-service-updater] Connection to node -1 (localhost/127.0.0.1:9092) could not be established. Node may not be available.
08:45:57.545 [org.springframework.kafka.KafkaListenerEndpointContainer#0-0-C-1] WARN  o.apache.kafka.clients.NetworkClient - [Consumer clientId=consumer-building-service-updater-1, groupId=building-service-updater] Bootstrap broker localhost:9092 (id: -1 rack: null) disconnected
08:45:57.767 [https-jsse-nio-8443-exec-8] DEBUG o.s.security.web.FilterChainProxy - Securing GET /tickets
08:45:57.768 [https-jsse-nio-8443-exec-8] DEBUG o.s.s.w.a.c.ChannelProcessingFilter - Request: filter invocation [GET /tickets]; ConfigAttributes: [REQUIRES_SECURE_CHANNEL]
08:45:57.769 [https-jsse-nio-8443-exec-8] DEBUG o.s.s.w.c.HttpSessionSecurityContextRepository - Retrieved SecurityContextImpl [Authentication=UsernamePasswordAuthenticationToken [Principal=ir.model.entity.CustomUserDetails@d6fdef9, Credentials=[PROTECTED], Authenticated=true, Details=WebAuthenticationDetails [RemoteIpAddress=0:0:0:0:0:0:0:1, SessionId=F5FA942712FD3296F7514915924D4DFF], Granted Authorities=[TICKET_EDIT, BUILDING_CREATE, ROLE_ADMIN, TICKET_CREATE, TICKET_DELETE]]]
08:45:57.769 [https-jsse-nio-8443-exec-8] DEBUG o.s.security.web.FilterChainProxy - Secured GET /tickets
08:45:57.788 [https-jsse-nio-8443-exec-8] DEBUG org.hibernate.SQL - 
    /* <criteria> */ select
        t1_0.id,
        t1_0.customer,
        t1_0.date_time,
        t1_0.deleted,
        t1_0.score,
        t1_0.section_id,
        t1_0.status,
        t1_0.title 
    from
        ticket_tbl t1_0 
    where
        (
            t1_0.deleted = 0
        ) 
    order by
        t1_0.date_time,
        t1_0.date_time 
    fetch
        first ? rows only
08:45:57.790 [https-jsse-nio-8443-exec-8] TRACE org.hibernate.orm.jdbc.bind - binding parameter (1:INTEGER) <- [10]
08:45:57.796 [https-jsse-nio-8443-exec-8] TRACE o.s.c.interceptor.CacheInterceptor - Computed cache key 'SimpleKey []' for operation Builder[public java.util.List ir.service.impl.SectionServiceImpl.findAllForFilter()] caches=[sectionsFilter] | key='' | keyGenerator='' | cacheManager='' | cacheResolver='' | condition='' | unless='' | sync='false'
08:45:57.797 [https-jsse-nio-8443-exec-8] TRACE o.s.c.interceptor.CacheInterceptor - Cache entry for key 'SimpleKey []' found in cache(s) [sectionsFilter]
08:45:57.799 [https-jsse-nio-8443-exec-8] INFO  i.c.exception.ResponseAspect - Web Controller: showAllTickets
08:45:58.228 [https-jsse-nio-8443-exec-3] DEBUG o.s.security.web.FilterChainProxy - Securing GET /tickets
08:45:58.229 [https-jsse-nio-8443-exec-3] DEBUG o.s.s.w.a.c.ChannelProcessingFilter - Request: filter invocation [GET /tickets]; ConfigAttributes: [REQUIRES_SECURE_CHANNEL]
08:45:58.229 [https-jsse-nio-8443-exec-3] DEBUG o.s.s.w.c.HttpSessionSecurityContextRepository - Retrieved SecurityContextImpl [Authentication=UsernamePasswordAuthenticationToken [Principal=ir.model.entity.CustomUserDetails@d6fdef9, Credentials=[PROTECTED], Authenticated=true, Details=WebAuthenticationDetails [RemoteIpAddress=0:0:0:0:0:0:0:1, SessionId=F5FA942712FD3296F7514915924D4DFF], Granted Authorities=[TICKET_EDIT, BUILDING_CREATE, ROLE_ADMIN, TICKET_CREATE, TICKET_DELETE]]]
08:45:58.230 [https-jsse-nio-8443-exec-3] DEBUG o.s.security.web.FilterChainProxy - Secured GET /tickets
08:45:58.231 [https-jsse-nio-8443-exec-3] DEBUG org.hibernate.SQL - 
    /* <criteria> */ select
        t1_0.id,
        t1_0.customer,
        t1_0.date_time,
        t1_0.deleted,
        t1_0.score,
        t1_0.section_id,
        t1_0.status,
        t1_0.title 
    from
        ticket_tbl t1_0 
    where
        (
            t1_0.deleted = 0
        ) 
    order by
        t1_0.date_time,
        t1_0.date_time 
    fetch
        first ? rows only
08:45:58.231 [https-jsse-nio-8443-exec-3] TRACE org.hibernate.orm.jdbc.bind - binding parameter (1:INTEGER) <- [10]
08:45:58.232 [https-jsse-nio-8443-exec-3] TRACE o.s.c.interceptor.CacheInterceptor - Computed cache key 'SimpleKey []' for operation Builder[public java.util.List ir.service.impl.SectionServiceImpl.findAllForFilter()] caches=[sectionsFilter] | key='' | keyGenerator='' | cacheManager='' | cacheResolver='' | condition='' | unless='' | sync='false'
08:45:58.232 [https-jsse-nio-8443-exec-3] TRACE o.s.c.interceptor.CacheInterceptor - Cache entry for key 'SimpleKey []' found in cache(s) [sectionsFilter]
08:45:58.232 [https-jsse-nio-8443-exec-3] INFO  i.c.exception.ResponseAspect - Web Controller: showAllTickets
08:45:58.265 [https-jsse-nio-8443-exec-10] DEBUG o.s.security.web.FilterChainProxy - Securing GET /css/reset.css
08:45:58.266 [https-jsse-nio-8443-exec-10] DEBUG o.s.s.w.a.c.ChannelProcessingFilter - Request: filter invocation [GET /css/reset.css]; ConfigAttributes: [REQUIRES_SECURE_CHANNEL]
08:45:58.266 [https-jsse-nio-8443-exec-10] DEBUG o.s.security.web.FilterChainProxy - Secured GET /css/reset.css
08:45:58.279 [https-jsse-nio-8443-exec-10] DEBUG o.s.s.w.c.HttpSessionSecurityContextRepository - Retrieved SecurityContextImpl [Authentication=UsernamePasswordAuthenticationToken [Principal=ir.model.entity.CustomUserDetails@d6fdef9, Credentials=[PROTECTED], Authenticated=true, Details=WebAuthenticationDetails [RemoteIpAddress=0:0:0:0:0:0:0:1, SessionId=F5FA942712FD3296F7514915924D4DFF], Granted Authorities=[TICKET_EDIT, BUILDING_CREATE, ROLE_ADMIN, TICKET_CREATE, TICKET_DELETE]]]
08:45:58.281 [https-jsse-nio-8443-exec-10] DEBUG o.s.security.web.FilterChainProxy - Securing GET /css/fontawesome.css
08:45:58.282 [https-jsse-nio-8443-exec-10] DEBUG o.s.s.w.a.c.ChannelProcessingFilter - Request: filter invocation [GET /css/fontawesome.css]; ConfigAttributes: [REQUIRES_SECURE_CHANNEL]
08:45:58.282 [https-jsse-nio-8443-exec-10] DEBUG o.s.security.web.FilterChainProxy - Secured GET /css/fontawesome.css
08:45:58.307 [https-jsse-nio-8443-exec-5] DEBUG o.s.security.web.FilterChainProxy - Securing GET /css/toast.css
08:45:58.307 [https-jsse-nio-8443-exec-5] DEBUG o.s.s.w.a.c.ChannelProcessingFilter - Request: filter invocation [GET /css/toast.css]; ConfigAttributes: [REQUIRES_SECURE_CHANNEL]
08:45:58.308 [https-jsse-nio-8443-exec-5] DEBUG o.s.security.web.FilterChainProxy - Secured GET /css/toast.css
08:45:58.310 [https-jsse-nio-8443-exec-1] DEBUG o.s.security.web.FilterChainProxy - Securing GET /css/styles.css
08:45:58.311 [https-jsse-nio-8443-exec-1] DEBUG o.s.s.w.a.c.ChannelProcessingFilter - Request: filter invocation [GET /css/styles.css]; ConfigAttributes: [REQUIRES_SECURE_CHANNEL]
08:45:58.311 [https-jsse-nio-8443-exec-3] DEBUG o.s.security.web.FilterChainProxy - Securing GET /css/bootstrap.min.css
08:45:58.311 [https-jsse-nio-8443-exec-3] DEBUG o.s.s.w.a.c.ChannelProcessingFilter - Request: filter invocation [GET /css/bootstrap.min.css]; ConfigAttributes: [REQUIRES_SECURE_CHANNEL]
08:45:58.312 [https-jsse-nio-8443-exec-1] DEBUG o.s.security.web.FilterChainProxy - Secured GET /css/styles.css
08:45:58.312 [https-jsse-nio-8443-exec-3] DEBUG o.s.security.web.FilterChainProxy - Secured GET /css/bootstrap.min.css
08:45:58.313 [https-jsse-nio-8443-exec-4] DEBUG o.s.security.web.FilterChainProxy - Securing GET /css/fonts.min.css
08:45:58.313 [https-jsse-nio-8443-exec-4] DEBUG o.s.s.w.a.c.ChannelProcessingFilter - Request: filter invocation [GET /css/fonts.min.css]; ConfigAttributes: [REQUIRES_SECURE_CHANNEL]
08:45:58.313 [https-jsse-nio-8443-exec-9] DEBUG o.s.security.web.FilterChainProxy - Securing GET /js/bootstrap.bundle.min.js
08:45:58.313 [https-jsse-nio-8443-exec-9] DEBUG o.s.s.w.a.c.ChannelProcessingFilter - Request: filter invocation [GET /js/bootstrap.bundle.min.js]; ConfigAttributes: [REQUIRES_SECURE_CHANNEL]
08:45:58.313 [https-jsse-nio-8443-exec-4] DEBUG o.s.security.web.FilterChainProxy - Secured GET /css/fonts.min.css
08:45:58.314 [https-jsse-nio-8443-exec-9] DEBUG o.s.security.web.FilterChainProxy - Secured GET /js/bootstrap.bundle.min.js
08:45:58.321 [https-jsse-nio-8443-exec-5] DEBUG o.s.s.w.c.HttpSessionSecurityContextRepository - Retrieved SecurityContextImpl [Authentication=UsernamePasswordAuthenticationToken [Principal=ir.model.entity.CustomUserDetails@d6fdef9, Credentials=[PROTECTED], Authenticated=true, Details=WebAuthenticationDetails [RemoteIpAddress=0:0:0:0:0:0:0:1, SessionId=F5FA942712FD3296F7514915924D4DFF], Granted Authorities=[TICKET_EDIT, BUILDING_CREATE, ROLE_ADMIN, TICKET_CREATE, TICKET_DELETE]]]
08:45:58.323 [https-jsse-nio-8443-exec-5] DEBUG o.s.security.web.FilterChainProxy - Securing GET /icons/mftlogo.png
08:45:58.323 [https-jsse-nio-8443-exec-5] DEBUG o.s.s.w.a.c.ChannelProcessingFilter - Request: filter invocation [GET /icons/mftlogo.png]; ConfigAttributes: [REQUIRES_SECURE_CHANNEL]
08:45:58.324 [https-jsse-nio-8443-exec-5] DEBUG o.s.security.web.FilterChainProxy - Secured GET /icons/mftlogo.png
08:45:58.325 [https-jsse-nio-8443-exec-1] DEBUG o.s.s.w.c.HttpSessionSecurityContextRepository - Retrieved SecurityContextImpl [Authentication=UsernamePasswordAuthenticationToken [Principal=ir.model.entity.CustomUserDetails@d6fdef9, Credentials=[PROTECTED], Authenticated=true, Details=WebAuthenticationDetails [RemoteIpAddress=0:0:0:0:0:0:0:1, SessionId=F5FA942712FD3296F7514915924D4DFF], Granted Authorities=[TICKET_EDIT, BUILDING_CREATE, ROLE_ADMIN, TICKET_CREATE, TICKET_DELETE]]]
08:45:58.327 [https-jsse-nio-8443-exec-8] DEBUG o.s.security.web.FilterChainProxy - Securing GET /js/fontawesome.js
08:45:58.327 [https-jsse-nio-8443-exec-8] DEBUG o.s.s.w.a.c.ChannelProcessingFilter - Request: filter invocation [GET /js/fontawesome.js]; ConfigAttributes: [REQUIRES_SECURE_CHANNEL]
08:45:58.328 [https-jsse-nio-8443-exec-8] DEBUG o.s.security.web.FilterChainProxy - Secured GET /js/fontawesome.js
08:45:58.328 [https-jsse-nio-8443-exec-4] DEBUG o.s.s.w.c.HttpSessionSecurityContextRepository - Retrieved SecurityContextImpl [Authentication=UsernamePasswordAuthenticationToken [Principal=ir.model.entity.CustomUserDetails@d6fdef9, Credentials=[PROTECTED], Authenticated=true, Details=WebAuthenticationDetails [RemoteIpAddress=0:0:0:0:0:0:0:1, SessionId=F5FA942712FD3296F7514915924D4DFF], Granted Authorities=[TICKET_EDIT, BUILDING_CREATE, ROLE_ADMIN, TICKET_CREATE, TICKET_DELETE]]]
08:45:58.329 [https-jsse-nio-8443-exec-5] DEBUG o.s.s.w.c.HttpSessionSecurityContextRepository - Retrieved SecurityContextImpl [Authentication=UsernamePasswordAuthenticationToken [Principal=ir.model.entity.CustomUserDetails@d6fdef9, Credentials=[PROTECTED], Authenticated=true, Details=WebAuthenticationDetails [RemoteIpAddress=0:0:0:0:0:0:0:1, SessionId=F5FA942712FD3296F7514915924D4DFF], Granted Authorities=[TICKET_EDIT, BUILDING_CREATE, ROLE_ADMIN, TICKET_CREATE, TICKET_DELETE]]]
08:45:58.331 [https-jsse-nio-8443-exec-6] DEBUG o.s.security.web.FilterChainProxy - Securing GET /js/toast.js
08:45:58.331 [https-jsse-nio-8443-exec-6] DEBUG o.s.s.w.a.c.ChannelProcessingFilter - Request: filter invocation [GET /js/toast.js]; ConfigAttributes: [REQUIRES_SECURE_CHANNEL]
08:45:58.331 [https-jsse-nio-8443-exec-2] DEBUG o.s.security.web.FilterChainProxy - Securing GET /js/script.js
08:45:58.331 [https-jsse-nio-8443-exec-6] DEBUG o.s.security.web.FilterChainProxy - Secured GET /js/toast.js
08:45:58.331 [https-jsse-nio-8443-exec-2] DEBUG o.s.s.w.a.c.ChannelProcessingFilter - Request: filter invocation [GET /js/script.js]; ConfigAttributes: [REQUIRES_SECURE_CHANNEL]
08:45:58.332 [https-jsse-nio-8443-exec-2] DEBUG o.s.security.web.FilterChainProxy - Secured GET /js/script.js
08:45:58.335 [https-jsse-nio-8443-exec-10] DEBUG o.s.s.w.c.HttpSessionSecurityContextRepository - Retrieved SecurityContextImpl [Authentication=UsernamePasswordAuthenticationToken [Principal=ir.model.entity.CustomUserDetails@d6fdef9, Credentials=[PROTECTED], Authenticated=true, Details=WebAuthenticationDetails [RemoteIpAddress=0:0:0:0:0:0:0:1, SessionId=F5FA942712FD3296F7514915924D4DFF], Granted Authorities=[TICKET_EDIT, BUILDING_CREATE, ROLE_ADMIN, TICKET_CREATE, TICKET_DELETE]]]
08:45:58.336 [https-jsse-nio-8443-exec-10] DEBUG o.s.security.web.FilterChainProxy - Securing GET /js/tickets-api.js
08:45:58.336 [https-jsse-nio-8443-exec-10] DEBUG o.s.s.w.a.c.ChannelProcessingFilter - Request: filter invocation [GET /js/tickets-api.js]; ConfigAttributes: [REQUIRES_SECURE_CHANNEL]
08:45:58.337 [https-jsse-nio-8443-exec-10] DEBUG o.s.security.web.FilterChainProxy - Secured GET /js/tickets-api.js
08:45:58.341 [https-jsse-nio-8443-exec-3] DEBUG o.s.s.w.c.HttpSessionSecurityContextRepository - Retrieved SecurityContextImpl [Authentication=UsernamePasswordAuthenticationToken [Principal=ir.model.entity.CustomUserDetails@d6fdef9, Credentials=[PROTECTED], Authenticated=true, Details=WebAuthenticationDetails [RemoteIpAddress=0:0:0:0:0:0:0:1, SessionId=F5FA942712FD3296F7514915924D4DFF], Granted Authorities=[TICKET_EDIT, BUILDING_CREATE, ROLE_ADMIN, TICKET_CREATE, TICKET_DELETE]]]
08:45:58.353 [https-jsse-nio-8443-exec-2] DEBUG o.s.s.w.c.HttpSessionSecurityContextRepository - Retrieved SecurityContextImpl [Authentication=UsernamePasswordAuthenticationToken [Principal=ir.model.entity.CustomUserDetails@d6fdef9, Credentials=[PROTECTED], Authenticated=true, Details=WebAuthenticationDetails [RemoteIpAddress=0:0:0:0:0:0:0:1, SessionId=F5FA942712FD3296F7514915924D4DFF], Granted Authorities=[TICKET_EDIT, BUILDING_CREATE, ROLE_ADMIN, TICKET_CREATE, TICKET_DELETE]]]
08:45:58.353 [https-jsse-nio-8443-exec-6] DEBUG o.s.s.w.c.HttpSessionSecurityContextRepository - Retrieved SecurityContextImpl [Authentication=UsernamePasswordAuthenticationToken [Principal=ir.model.entity.CustomUserDetails@d6fdef9, Credentials=[PROTECTED], Authenticated=true, Details=WebAuthenticationDetails [RemoteIpAddress=0:0:0:0:0:0:0:1, SessionId=F5FA942712FD3296F7514915924D4DFF], Granted Authorities=[TICKET_EDIT, BUILDING_CREATE, ROLE_ADMIN, TICKET_CREATE, TICKET_DELETE]]]
08:45:58.367 [https-jsse-nio-8443-exec-10] DEBUG o.s.s.w.c.HttpSessionSecurityContextRepository - Retrieved SecurityContextImpl [Authentication=UsernamePasswordAuthenticationToken [Principal=ir.model.entity.CustomUserDetails@d6fdef9, Credentials=[PROTECTED], Authenticated=true, Details=WebAuthenticationDetails [RemoteIpAddress=0:0:0:0:0:0:0:1, SessionId=F5FA942712FD3296F7514915924D4DFF], Granted Authorities=[TICKET_EDIT, BUILDING_CREATE, ROLE_ADMIN, TICKET_CREATE, TICKET_DELETE]]]
08:45:58.375 [https-jsse-nio-8443-exec-9] DEBUG o.s.s.w.c.HttpSessionSecurityContextRepository - Retrieved SecurityContextImpl [Authentication=UsernamePasswordAuthenticationToken [Principal=ir.model.entity.CustomUserDetails@d6fdef9, Credentials=[PROTECTED], Authenticated=true, Details=WebAuthenticationDetails [RemoteIpAddress=0:0:0:0:0:0:0:1, SessionId=F5FA942712FD3296F7514915924D4DFF], Granted Authorities=[TICKET_EDIT, BUILDING_CREATE, ROLE_ADMIN, TICKET_CREATE, TICKET_DELETE]]]
08:45:58.386 [https-jsse-nio-8443-exec-7] DEBUG o.s.security.web.FilterChainProxy - Securing GET /webfonts/fa-solid-900.woff2
08:45:58.386 [https-jsse-nio-8443-exec-1] DEBUG o.s.security.web.FilterChainProxy - Securing GET /webfonts/fa-brands-400.woff2
08:45:58.386 [https-jsse-nio-8443-exec-1] DEBUG o.s.s.w.a.c.ChannelProcessingFilter - Request: filter invocation [GET /webfonts/fa-brands-400.woff2]; ConfigAttributes: [REQUIRES_SECURE_CHANNEL]
08:45:58.386 [https-jsse-nio-8443-exec-7] DEBUG o.s.s.w.a.c.ChannelProcessingFilter - Request: filter invocation [GET /webfonts/fa-solid-900.woff2]; ConfigAttributes: [REQUIRES_SECURE_CHANNEL]
08:45:58.387 [https-jsse-nio-8443-exec-7] DEBUG o.s.s.w.c.HttpSessionSecurityContextRepository - Retrieved SecurityContextImpl [Authentication=UsernamePasswordAuthenticationToken [Principal=ir.model.entity.CustomUserDetails@d6fdef9, Credentials=[PROTECTED], Authenticated=true, Details=WebAuthenticationDetails [RemoteIpAddress=0:0:0:0:0:0:0:1, SessionId=F5FA942712FD3296F7514915924D4DFF], Granted Authorities=[TICKET_EDIT, BUILDING_CREATE, ROLE_ADMIN, TICKET_CREATE, TICKET_DELETE]]]
08:45:58.387 [https-jsse-nio-8443-exec-1] DEBUG o.s.s.w.c.HttpSessionSecurityContextRepository - Retrieved SecurityContextImpl [Authentication=UsernamePasswordAuthenticationToken [Principal=ir.model.entity.CustomUserDetails@d6fdef9, Credentials=[PROTECTED], Authenticated=true, Details=WebAuthenticationDetails [RemoteIpAddress=0:0:0:0:0:0:0:1, SessionId=F5FA942712FD3296F7514915924D4DFF], Granted Authorities=[TICKET_EDIT, BUILDING_CREATE, ROLE_ADMIN, TICKET_CREATE, TICKET_DELETE]]]
08:45:58.387 [https-jsse-nio-8443-exec-7] DEBUG o.s.security.web.FilterChainProxy - Secured GET /webfonts/fa-solid-900.woff2
08:45:58.387 [https-jsse-nio-8443-exec-1] DEBUG o.s.security.web.FilterChainProxy - Secured GET /webfonts/fa-brands-400.woff2
08:45:58.529 [org.springframework.kafka.KafkaListenerEndpointContainer#0-0-C-1] INFO  o.apache.kafka.clients.NetworkClient - [Consumer clientId=consumer-building-service-updater-1, groupId=building-service-updater] Node -1 disconnected.
08:45:58.529 [org.springframework.kafka.KafkaListenerEndpointContainer#0-0-C-1] WARN  o.apache.kafka.clients.NetworkClient - [Consumer clientId=consumer-building-service-updater-1, groupId=building-service-updater] Connection to node -1 (localhost/127.0.0.1:9092) could not be established. Node may not be available.
08:45:58.529 [org.springframework.kafka.KafkaListenerEndpointContainer#0-0-C-1] WARN  o.apache.kafka.clients.NetworkClient - [Consumer clientId=consumer-building-service-updater-1, groupId=building-service-updater] Bootstrap broker localhost:9092 (id: -1 rack: null) disconnected
08:45:58.887 [https-jsse-nio-8443-exec-8] DEBUG o.s.s.w.c.HttpSessionSecurityContextRepository - Retrieved SecurityContextImpl [Authentication=UsernamePasswordAuthenticationToken [Principal=ir.model.entity.CustomUserDetails@d6fdef9, Credentials=[PROTECTED], Authenticated=true, Details=WebAuthenticationDetails [RemoteIpAddress=0:0:0:0:0:0:0:1, SessionId=F5FA942712FD3296F7514915924D4DFF], Granted Authorities=[TICKET_EDIT, BUILDING_CREATE, ROLE_ADMIN, TICKET_CREATE, TICKET_DELETE]]]
08:45:58.988 [https-jsse-nio-8443-exec-4] DEBUG o.s.security.web.FilterChainProxy - Securing GET /tickets?page=0&size=10&fragment=true
08:45:58.988 [https-jsse-nio-8443-exec-4] DEBUG o.s.s.w.a.c.ChannelProcessingFilter - Request: filter invocation [GET /tickets?page=0&size=10&fragment=true]; ConfigAttributes: [REQUIRES_SECURE_CHANNEL]
08:45:58.990 [https-jsse-nio-8443-exec-4] DEBUG o.s.s.w.c.HttpSessionSecurityContextRepository - Retrieved SecurityContextImpl [Authentication=UsernamePasswordAuthenticationToken [Principal=ir.model.entity.CustomUserDetails@d6fdef9, Credentials=[PROTECTED], Authenticated=true, Details=WebAuthenticationDetails [RemoteIpAddress=0:0:0:0:0:0:0:1, SessionId=F5FA942712FD3296F7514915924D4DFF], Granted Authorities=[TICKET_EDIT, BUILDING_CREATE, ROLE_ADMIN, TICKET_CREATE, TICKET_DELETE]]]
08:45:58.990 [https-jsse-nio-8443-exec-4] DEBUG o.s.security.web.FilterChainProxy - Secured GET /tickets?page=0&size=10&fragment=true
08:45:58.992 [https-jsse-nio-8443-exec-4] DEBUG org.hibernate.SQL - 
    /* <criteria> */ select
        t1_0.id,
        t1_0.customer,
        t1_0.date_time,
        t1_0.deleted,
        t1_0.score,
        t1_0.section_id,
        t1_0.status,
        t1_0.title 
    from
        ticket_tbl t1_0 
    where
        (
            t1_0.deleted = 0
        ) 
    order by
        t1_0.date_time,
        t1_0.date_time 
    fetch
        first ? rows only
08:45:58.993 [https-jsse-nio-8443-exec-4] TRACE org.hibernate.orm.jdbc.bind - binding parameter (1:INTEGER) <- [10]
08:45:58.994 [https-jsse-nio-8443-exec-4] TRACE o.s.c.interceptor.CacheInterceptor - Computed cache key 'SimpleKey []' for operation Builder[public java.util.List ir.service.impl.SectionServiceImpl.findAllForFilter()] caches=[sectionsFilter] | key='' | keyGenerator='' | cacheManager='' | cacheResolver='' | condition='' | unless='' | sync='false'
08:45:58.994 [https-jsse-nio-8443-exec-4] TRACE o.s.c.interceptor.CacheInterceptor - Cache entry for key 'SimpleKey []' found in cache(s) [sectionsFilter]
08:45:58.994 [https-jsse-nio-8443-exec-4] INFO  i.c.exception.ResponseAspect - Web Controller: showAllTickets
08:45:59.379 [org.springframework.kafka.KafkaListenerEndpointContainer#0-0-C-1] INFO  o.apache.kafka.clients.NetworkClient - [Consumer clientId=consumer-building-service-updater-1, groupId=building-service-updater] Node -1 disconnected.
08:45:59.379 [org.springframework.kafka.KafkaListenerEndpointContainer#0-0-C-1] WARN  o.apache.kafka.clients.NetworkClient - [Consumer clientId=consumer-building-service-updater-1, groupId=building-service-updater] Connection to node -1 (localhost/127.0.0.1:9092) could not be established. Node may not be available.
08:45:59.379 [org.springframework.kafka.KafkaListenerEndpointContainer#0-0-C-1] WARN  o.apache.kafka.clients.NetworkClient - [Consumer clientId=consumer-building-service-updater-1, groupId=building-service-updater] Bootstrap broker localhost:9092 (id: -1 rack: null) disconnected
08:46:00.393 [org.springframework.kafka.KafkaListenerEndpointContainer#0-0-C-1] INFO  o.apache.kafka.clients.NetworkClient - [Consumer clientId=consumer-building-service-updater-1, groupId=building-service-updater] Node -1 disconnected.
08:46:00.393 [org.springframework.kafka.KafkaListenerEndpointContainer#0-0-C-1] WARN  o.apache.kafka.clients.NetworkClient - [Consumer clientId=consumer-building-service-updater-1, groupId=building-service-updater] Connection to node -1 (localhost/127.0.0.1:9092) could not be established. Node may not be available.
08:46:00.393 [org.springframework.kafka.KafkaListenerEndpointContainer#0-0-C-1] WARN  o.apache.kafka.clients.NetworkClient - [Consumer clientId=consumer-building-service-updater-1, groupId=building-service-updater] Bootstrap broker localhost:9092 (id: -1 rack: null) disconnected
08:46:01.407 [org.springframework.kafka.KafkaListenerEndpointContainer#0-0-C-1] INFO  o.apache.kafka.clients.NetworkClient - [Consumer clientId=consumer-building-service-updater-1, groupId=building-service-updater] Node -1 disconnected.
08:46:01.407 [org.springframework.kafka.KafkaListenerEndpointContainer#0-0-C-1] WARN  o.apache.kafka.clients.NetworkClient - [Consumer clientId=consumer-building-service-updater-1, groupId=building-service-updater] Connection to node -1 (localhost/127.0.0.1:9092) could not be established. Node may not be available.
08:46:01.407 [org.springframework.kafka.KafkaListenerEndpointContainer#0-0-C-1] WARN  o.apache.kafka.clients.NetworkClient - [Consumer clientId=consumer-building-service-updater-1, groupId=building-service-updater] Bootstrap broker localhost:9092 (id: -1 rack: null) disconnected
08:46:02.333 [org.springframework.kafka.KafkaListenerEndpointContainer#0-0-C-1] INFO  o.apache.kafka.clients.NetworkClient - [Consumer clientId=consumer-building-service-updater-1, groupId=building-service-updater] Node -1 disconnected.
08:46:02.333 [org.springframework.kafka.KafkaListenerEndpointContainer#0-0-C-1] WARN  o.apache.kafka.clients.NetworkClient - [Consumer clientId=consumer-building-service-updater-1, groupId=building-service-updater] Connection to node -1 (localhost/127.0.0.1:9092) could not be established. Node may not be available.
08:46:02.333 [org.springframework.kafka.KafkaListenerEndpointContainer#0-0-C-1] WARN  o.apache.kafka.clients.NetworkClient - [Consumer clientId=consumer-building-service-updater-1, groupId=building-service-updater] Bootstrap broker localhost:9092 (id: -1 rack: null) disconnected
08:46:03.213 [org.springframework.kafka.KafkaListenerEndpointContainer#0-0-C-1] INFO  o.apache.kafka.clients.NetworkClient - [Consumer clientId=consumer-building-service-updater-1, groupId=building-service-updater] Node -1 disconnected.
08:46:03.213 [org.springframework.kafka.KafkaListenerEndpointContainer#0-0-C-1] WARN  o.apache.kafka.clients.NetworkClient - [Consumer clientId=consumer-building-service-updater-1, groupId=building-service-updater] Connection to node -1 (localhost/127.0.0.1:9092) could not be established. Node may not be available.
08:46:03.213 [org.springframework.kafka.KafkaListenerEndpointContainer#0-0-C-1] WARN  o.apache.kafka.clients.NetworkClient - [Consumer clientId=consumer-building-service-updater-1, groupId=building-service-updater] Bootstrap broker localhost:9092 (id: -1 rack: null) disconnected
08:46:04.247 [org.springframework.kafka.KafkaListenerEndpointContainer#0-0-C-1] INFO  o.apache.kafka.clients.NetworkClient - [Consumer clientId=consumer-building-service-updater-1, groupId=building-service-updater] Node -1 disconnected.
08:46:04.248 [org.springframework.kafka.KafkaListenerEndpointContainer#0-0-C-1] WARN  o.apache.kafka.clients.NetworkClient - [Consumer clientId=consumer-building-service-updater-1, groupId=building-service-updater] Connection to node -1 (localhost/127.0.0.1:9092) could not be established. Node may not be available.
08:46:04.248 [org.springframework.kafka.KafkaListenerEndpointContainer#0-0-C-1] WARN  o.apache.kafka.clients.NetworkClient - [Consumer clientId=consumer-building-service-updater-1, groupId=building-service-updater] Bootstrap broker localhost:9092 (id: -1 rack: null) disconnected
08:46:05.253 [org.springframework.kafka.KafkaListenerEndpointContainer#0-0-C-1] INFO  o.apache.kafka.clients.NetworkClient - [Consumer clientId=consumer-building-service-updater-1, groupId=building-service-updater] Node -1 disconnected.
08:46:05.253 [org.springframework.kafka.KafkaListenerEndpointContainer#0-0-C-1] WARN  o.apache.kafka.clients.NetworkClient - [Consumer clientId=consumer-building-service-updater-1, groupId=building-service-updater] Connection to node -1 (localhost/127.0.0.1:9092) could not be established. Node may not be available.
08:46:05.253 [org.springframework.kafka.KafkaListenerEndpointContainer#0-0-C-1] WARN  o.apache.kafka.clients.NetworkClient - [Consumer clientId=consumer-building-service-updater-1, groupId=building-service-updater] Bootstrap broker localhost:9092 (id: -1 rack: null) disconnected
08:46:05.509 [https-jsse-nio-8443-exec-5] DEBUG o.s.security.web.FilterChainProxy - Securing GET /buildings
08:46:05.509 [https-jsse-nio-8443-exec-5] DEBUG o.s.s.w.a.c.ChannelProcessingFilter - Request: filter invocation [GET /buildings]; ConfigAttributes: [REQUIRES_SECURE_CHANNEL]
08:46:05.510 [https-jsse-nio-8443-exec-5] DEBUG o.s.s.w.c.HttpSessionSecurityContextRepository - Retrieved SecurityContextImpl [Authentication=UsernamePasswordAuthenticationToken [Principal=ir.model.entity.CustomUserDetails@d6fdef9, Credentials=[PROTECTED], Authenticated=true, Details=WebAuthenticationDetails [RemoteIpAddress=0:0:0:0:0:0:0:1, SessionId=F5FA942712FD3296F7514915924D4DFF], Granted Authorities=[TICKET_EDIT, BUILDING_CREATE, ROLE_ADMIN, TICKET_CREATE, TICKET_DELETE]]]
08:46:05.510 [https-jsse-nio-8443-exec-5] DEBUG o.s.security.web.FilterChainProxy - Secured GET /buildings
08:46:05.513 [https-jsse-nio-8443-exec-5] DEBUG o.s.jdbc.datasource.DataSourceUtils - Setting JDBC Connection [HikariProxyConnection@779673240 wrapping oracle.jdbc.driver.T4CConnection@4e0d9310] read-only
08:46:05.513 [https-jsse-nio-8443-exec-5] DEBUG o.h.e.t.internal.TransactionImpl - On TransactionImpl creation, JpaCompliance#isJpaTransactionComplianceEnabled == false
08:46:05.514 [https-jsse-nio-8443-exec-5] DEBUG o.h.e.t.internal.TransactionImpl - begin
08:46:05.515 [https-jsse-nio-8443-exec-5] DEBUG org.hibernate.SQL - 
    /* <criteria> */ select
        b1_0.id,
        b1_0.address_id,
        b1_0.deleted,
        b1_0.title 
    from
        building_table b1_0 
    where
        (
            b1_0.deleted = 0
        ) 
    order by
        b1_0.title 
    offset
        ? rows 
    fetch
        first ? rows only
08:46:05.516 [https-jsse-nio-8443-exec-5] TRACE org.hibernate.orm.jdbc.bind - binding parameter (1:INTEGER) <- [0]
08:46:05.516 [https-jsse-nio-8443-exec-5] TRACE org.hibernate.orm.jdbc.bind - binding parameter (2:INTEGER) <- [10]
08:46:05.531 [https-jsse-nio-8443-exec-5] DEBUG o.h.e.t.internal.TransactionImpl - committing
08:46:05.532 [https-jsse-nio-8443-exec-5] DEBUG o.s.jdbc.datasource.DataSourceUtils - Resetting read-only flag of JDBC Connection [HikariProxyConnection@779673240 wrapping oracle.jdbc.driver.T4CConnection@4e0d9310]
08:46:05.532 [https-jsse-nio-8443-exec-5] INFO  i.c.exception.ResponseAspect - Web Controller: rolesList
08:46:05.567 [https-jsse-nio-8443-exec-5] ERROR org.thymeleaf.TemplateEngine - [THYMELEAF][https-jsse-nio-8443-exec-5] Exception processing template "building": An error happened during template parsing (template: "class path resource [templates/building.html]")
org.thymeleaf.exceptions.TemplateInputException: An error happened during template parsing (template: "class path resource [templates/building.html]")
	at org.thymeleaf.templateparser.markup.AbstractMarkupTemplateParser.parse(AbstractMarkupTemplateParser.java:241)
	at org.thymeleaf.templateparser.markup.AbstractMarkupTemplateParser.parseStandalone(AbstractMarkupTemplateParser.java:100)
	at org.thymeleaf.engine.TemplateManager.parseAndProcess(TemplateManager.java:666)
	at org.thymeleaf.TemplateEngine.process(TemplateEngine.java:1103)
	at org.thymeleaf.TemplateEngine.process(TemplateEngine.java:1077)
	at org.thymeleaf.spring6.view.ThymeleafView.renderFragment(ThymeleafView.java:372)
	at org.thymeleaf.spring6.view.ThymeleafView.render(ThymeleafView.java:192)
	at org.springframework.web.servlet.DispatcherServlet.render(DispatcherServlet.java:1435)
	at org.springframework.web.servlet.DispatcherServlet.processDispatchResult(DispatcherServlet.java:1167)
	at org.springframework.web.servlet.DispatcherServlet.doDispatch(DispatcherServlet.java:1105)
	at org.springframework.web.servlet.DispatcherServlet.doService(DispatcherServlet.java:978)
	at org.springframework.web.servlet.FrameworkServlet.processRequest(FrameworkServlet.java:1014)
	at org.springframework.web.servlet.FrameworkServlet.doGet(FrameworkServlet.java:903)
	at jakarta.servlet.http.HttpServlet.service(HttpServlet.java:564)
	at org.springframework.web.servlet.FrameworkServlet.service(FrameworkServlet.java:885)
	at jakarta.servlet.http.HttpServlet.service(HttpServlet.java:658)
	at org.apache.catalina.core.ApplicationFilterChain.internalDoFilter(ApplicationFilterChain.java:195)
	at org.apache.catalina.core.ApplicationFilterChain.doFilter(ApplicationFilterChain.java:140)
	at org.apache.tomcat.websocket.server.WsFilter.doFilter(WsFilter.java:51)
	at org.apache.catalina.core.ApplicationFilterChain.internalDoFilter(ApplicationFilterChain.java:164)
	at org.apache.catalina.core.ApplicationFilterChain.doFilter(ApplicationFilterChain.java:140)
	at org.springframework.web.filter.CompositeFilter$VirtualFilterChain.doFilter(CompositeFilter.java:108)
	at org.springframework.security.web.FilterChainProxy.lambda$doFilterInternal$3(FilterChainProxy.java:231)
	at org.springframework.security.web.ObservationFilterChainDecorator$FilterObservation$SimpleFilterObservation.lambda$wrap$1(ObservationFilterChainDecorator.java:479)
	at org.springframework.security.web.ObservationFilterChainDecorator$AroundFilterObservation$SimpleAroundFilterObservation.lambda$wrap$1(ObservationFilterChainDecorator.java:340)
	at org.springframework.security.web.ObservationFilterChainDecorator.lambda$wrapSecured$0(ObservationFilterChainDecorator.java:82)
	at org.springframework.security.web.ObservationFilterChainDecorator$VirtualFilterChain.doFilter(ObservationFilterChainDecorator.java:128)
	at org.springframework.security.web.access.intercept.AuthorizationFilter.doFilter(AuthorizationFilter.java:101)
	at org.springframework.security.web.ObservationFilterChainDecorator$ObservationFilter.wrapFilter(ObservationFilterChainDecorator.java:240)
	at org.springframework.security.web.ObservationFilterChainDecorator$ObservationFilter.doFilter(ObservationFilterChainDecorator.java:227)
	at org.springframework.security.web.ObservationFilterChainDecorator$VirtualFilterChain.doFilter(ObservationFilterChainDecorator.java:137)
	at org.springframework.security.web.access.ExceptionTranslationFilter.doFilter(ExceptionTranslationFilter.java:126)
	at org.springframework.security.web.access.ExceptionTranslationFilter.doFilter(ExceptionTranslationFilter.java:120)
	at org.springframework.security.web.ObservationFilterChainDecorator$ObservationFilter.wrapFilter(ObservationFilterChainDecorator.java:240)
	at org.springframework.security.web.ObservationFilterChainDecorator$ObservationFilter.doFilter(ObservationFilterChainDecorator.java:227)
	at org.springframework.security.web.ObservationFilterChainDecorator$VirtualFilterChain.doFilter(ObservationFilterChainDecorator.java:137)
	at org.springframework.security.web.session.SessionManagementFilter.doFilter(SessionManagementFilter.java:131)
	at org.springframework.security.web.session.SessionManagementFilter.doFilter(SessionManagementFilter.java:85)
	at org.springframework.security.web.ObservationFilterChainDecorator$ObservationFilter.wrapFilter(ObservationFilterChainDecorator.java:240)
	at org.springframework.security.web.ObservationFilterChainDecorator$ObservationFilter.doFilter(ObservationFilterChainDecorator.java:227)
	at org.springframework.security.web.ObservationFilterChainDecorator$VirtualFilterChain.doFilter(ObservationFilterChainDecorator.java:137)
	at org.springframework.security.web.authentication.AnonymousAuthenticationFilter.doFilter(AnonymousAuthenticationFilter.java:100)
	at org.springframework.security.web.ObservationFilterChainDecorator$ObservationFilter.wrapFilter(ObservationFilterChainDecorator.java:240)
	at org.springframework.security.web.ObservationFilterChainDecorator$ObservationFilter.doFilter(ObservationFilterChainDecorator.java:227)
	at org.springframework.security.web.ObservationFilterChainDecorator$VirtualFilterChain.doFilter(ObservationFilterChainDecorator.java:137)
	at org.springframework.security.web.servletapi.SecurityContextHolderAwareRequestFilter.doFilter(SecurityContextHolderAwareRequestFilter.java:179)
	at org.springframework.security.web.ObservationFilterChainDecorator$ObservationFilter.wrapFilter(ObservationFilterChainDecorator.java:240)
	at org.springframework.security.web.ObservationFilterChainDecorator$ObservationFilter.doFilter(ObservationFilterChainDecorator.java:227)
	at org.springframework.security.web.ObservationFilterChainDecorator$VirtualFilterChain.doFilter(ObservationFilterChainDecorator.java:137)
	at org.springframework.security.web.savedrequest.RequestCacheAwareFilter.doFilter(RequestCacheAwareFilter.java:63)
	at org.springframework.security.web.ObservationFilterChainDecorator$ObservationFilter.wrapFilter(ObservationFilterChainDecorator.java:240)
	at org.springframework.security.web.ObservationFilterChainDecorator$ObservationFilter.doFilter(ObservationFilterChainDecorator.java:227)
	at org.springframework.security.web.ObservationFilterChainDecorator$VirtualFilterChain.doFilter(ObservationFilterChainDecorator.java:137)
	at org.springframework.security.web.session.ConcurrentSessionFilter.doFilter(ConcurrentSessionFilter.java:151)
	at org.springframework.security.web.session.ConcurrentSessionFilter.doFilter(ConcurrentSessionFilter.java:129)
	at org.springframework.security.web.ObservationFilterChainDecorator$ObservationFilter.wrapFilter(ObservationFilterChainDecorator.java:240)
	at org.springframework.security.web.ObservationFilterChainDecorator$ObservationFilter.doFilter(ObservationFilterChainDecorator.java:227)
	at org.springframework.security.web.ObservationFilterChainDecorator$VirtualFilterChain.doFilter(ObservationFilterChainDecorator.java:137)
	at org.springframework.security.web.authentication.AbstractAuthenticationProcessingFilter.doFilter(AbstractAuthenticationProcessingFilter.java:227)
	at org.springframework.security.web.authentication.AbstractAuthenticationProcessingFilter.doFilter(AbstractAuthenticationProcessingFilter.java:221)
	at org.springframework.security.web.ObservationFilterChainDecorator$ObservationFilter.wrapFilter(ObservationFilterChainDecorator.java:240)
	at org.springframework.security.web.ObservationFilterChainDecorator$ObservationFilter.doFilter(ObservationFilterChainDecorator.java:227)
	at org.springframework.security.web.ObservationFilterChainDecorator$VirtualFilterChain.doFilter(ObservationFilterChainDecorator.java:137)
	at org.springframework.security.web.authentication.logout.LogoutFilter.doFilter(LogoutFilter.java:107)
	at org.springframework.security.web.authentication.logout.LogoutFilter.doFilter(LogoutFilter.java:93)
	at org.springframework.security.web.ObservationFilterChainDecorator$ObservationFilter.wrapFilter(ObservationFilterChainDecorator.java:240)
	at org.springframework.security.web.ObservationFilterChainDecorator$ObservationFilter.doFilter(ObservationFilterChainDecorator.java:227)
	at org.springframework.security.web.ObservationFilterChainDecorator$VirtualFilterChain.doFilter(ObservationFilterChainDecorator.java:137)
	at org.springframework.security.web.csrf.CsrfFilter.doFilterInternal(CsrfFilter.java:117)
	at org.springframework.web.filter.OncePerRequestFilter.doFilter(OncePerRequestFilter.java:116)
	at org.springframework.security.web.ObservationFilterChainDecorator$ObservationFilter.wrapFilter(ObservationFilterChainDecorator.java:240)
	at org.springframework.security.web.ObservationFilterChainDecorator$ObservationFilter.doFilter(ObservationFilterChainDecorator.java:227)
	at org.springframework.security.web.ObservationFilterChainDecorator$VirtualFilterChain.doFilter(ObservationFilterChainDecorator.java:137)
	at org.springframework.web.filter.CorsFilter.doFilterInternal(CorsFilter.java:91)
	at org.springframework.web.filter.OncePerRequestFilter.doFilter(OncePerRequestFilter.java:116)
	at org.springframework.security.web.ObservationFilterChainDecorator$ObservationFilter.wrapFilter(ObservationFilterChainDecorator.java:240)
	at org.springframework.security.web.ObservationFilterChainDecorator$ObservationFilter.doFilter(ObservationFilterChainDecorator.java:227)
	at org.springframework.security.web.ObservationFilterChainDecorator$VirtualFilterChain.doFilter(ObservationFilterChainDecorator.java:137)
	at org.springframework.security.web.header.HeaderWriterFilter.doHeadersAfter(HeaderWriterFilter.java:90)
	at org.springframework.security.web.header.HeaderWriterFilter.doFilterInternal(HeaderWriterFilter.java:75)
	at org.springframework.web.filter.OncePerRequestFilter.doFilter(OncePerRequestFilter.java:116)
	at org.springframework.security.web.ObservationFilterChainDecorator$ObservationFilter.wrapFilter(ObservationFilterChainDecorator.java:240)
	at org.springframework.security.web.ObservationFilterChainDecorator$ObservationFilter.doFilter(ObservationFilterChainDecorator.java:227)
	at org.springframework.security.web.ObservationFilterChainDecorator$VirtualFilterChain.doFilter(ObservationFilterChainDecorator.java:137)
	at org.springframework.security.web.context.SecurityContextHolderFilter.doFilter(SecurityContextHolderFilter.java:82)
	at org.springframework.security.web.context.SecurityContextHolderFilter.doFilter(SecurityContextHolderFilter.java:69)
	at org.springframework.security.web.ObservationFilterChainDecorator$ObservationFilter.wrapFilter(ObservationFilterChainDecorator.java:240)
	at org.springframework.security.web.ObservationFilterChainDecorator$ObservationFilter.doFilter(ObservationFilterChainDecorator.java:227)
	at org.springframework.security.web.ObservationFilterChainDecorator$VirtualFilterChain.doFilter(ObservationFilterChainDecorator.java:137)
	at org.springframework.security.web.context.request.async.WebAsyncManagerIntegrationFilter.doFilterInternal(WebAsyncManagerIntegrationFilter.java:62)
	at org.springframework.web.filter.OncePerRequestFilter.doFilter(OncePerRequestFilter.java:116)
	at org.springframework.security.web.ObservationFilterChainDecorator$ObservationFilter.wrapFilter(ObservationFilterChainDecorator.java:240)
	at org.springframework.security.web.ObservationFilterChainDecorator$ObservationFilter.doFilter(ObservationFilterChainDecorator.java:227)
	at org.springframework.security.web.ObservationFilterChainDecorator$VirtualFilterChain.doFilter(ObservationFilterChainDecorator.java:137)
	at org.springframework.security.web.access.channel.ChannelProcessingFilter.doFilter(ChannelProcessingFilter.java:133)
	at org.springframework.security.web.ObservationFilterChainDecorator$ObservationFilter.wrapFilter(ObservationFilterChainDecorator.java:240)
	at org.springframework.security.web.ObservationFilterChainDecorator$ObservationFilter.doFilter(ObservationFilterChainDecorator.java:227)
	at org.springframework.security.web.ObservationFilterChainDecorator$VirtualFilterChain.doFilter(ObservationFilterChainDecorator.java:137)
	at org.springframework.security.web.session.DisableEncodeUrlFilter.doFilterInternal(DisableEncodeUrlFilter.java:42)
	at org.springframework.web.filter.OncePerRequestFilter.doFilter(OncePerRequestFilter.java:116)
	at org.springframework.security.web.ObservationFilterChainDecorator$ObservationFilter.wrapFilter(ObservationFilterChainDecorator.java:240)
	at org.springframework.security.web.ObservationFilterChainDecorator$AroundFilterObservation$SimpleAroundFilterObservation.lambda$wrap$0(ObservationFilterChainDecorator.java:323)
	at org.springframework.security.web.ObservationFilterChainDecorator$ObservationFilter.doFilter(ObservationFilterChainDecorator.java:224)
	at org.springframework.security.web.ObservationFilterChainDecorator$VirtualFilterChain.doFilter(ObservationFilterChainDecorator.java:137)
	at org.springframework.security.web.FilterChainProxy.doFilterInternal(FilterChainProxy.java:233)
	at org.springframework.security.web.FilterChainProxy.doFilter(FilterChainProxy.java:191)
	at org.springframework.web.filter.CompositeFilter$VirtualFilterChain.doFilter(CompositeFilter.java:113)
	at org.springframework.web.servlet.handler.HandlerMappingIntrospector.lambda$createCacheFilter$3(HandlerMappingIntrospector.java:243)
	at org.springframework.web.filter.CompositeFilter$VirtualFilterChain.doFilter(CompositeFilter.java:113)
	at org.springframework.web.filter.CompositeFilter.doFilter(CompositeFilter.java:74)
	at org.springframework.security.config.annotation.web.configuration.WebMvcSecurityConfiguration$CompositeFilterChainProxy.doFilter(WebMvcSecurityConfiguration.java:238)
	at org.springframework.web.filter.DelegatingFilterProxy.invokeDelegate(DelegatingFilterProxy.java:362)
	at org.springframework.web.filter.DelegatingFilterProxy.doFilter(DelegatingFilterProxy.java:278)
	at org.apache.catalina.core.ApplicationFilterChain.internalDoFilter(ApplicationFilterChain.java:164)
	at org.apache.catalina.core.ApplicationFilterChain.doFilter(ApplicationFilterChain.java:140)
	at org.springframework.web.filter.ServerHttpObservationFilter.doFilterInternal(ServerHttpObservationFilter.java:114)
	at org.springframework.web.filter.OncePerRequestFilter.doFilter(OncePerRequestFilter.java:116)
	at org.apache.catalina.core.ApplicationFilterChain.internalDoFilter(ApplicationFilterChain.java:164)
	at org.apache.catalina.core.ApplicationFilterChain.doFilter(ApplicationFilterChain.java:140)
	at org.springframework.web.filter.CharacterEncodingFilter.doFilterInternal(CharacterEncodingFilter.java:201)
	at org.springframework.web.filter.OncePerRequestFilter.doFilter(OncePerRequestFilter.java:116)
	at org.apache.catalina.core.ApplicationFilterChain.internalDoFilter(ApplicationFilterChain.java:164)
	at org.apache.catalina.core.ApplicationFilterChain.doFilter(ApplicationFilterChain.java:140)
	at org.apache.catalina.core.StandardWrapperValve.invoke(StandardWrapperValve.java:167)
	at org.apache.catalina.core.StandardContextValve.invoke(StandardContextValve.java:90)
	at org.apache.catalina.authenticator.AuthenticatorBase.invoke(AuthenticatorBase.java:483)
	at org.apache.catalina.core.StandardHostValve.invoke(StandardHostValve.java:115)
	at org.apache.catalina.valves.ErrorReportValve.invoke(ErrorReportValve.java:93)
	at org.apache.catalina.core.StandardEngineValve.invoke(StandardEngineValve.java:74)
	at org.apache.catalina.connector.CoyoteAdapter.service(CoyoteAdapter.java:344)
	at org.apache.coyote.http11.Http11Processor.service(Http11Processor.java:397)
	at org.apache.coyote.AbstractProcessorLight.process(AbstractProcessorLight.java:63)
	at org.apache.coyote.AbstractProtocol$ConnectionHandler.process(AbstractProtocol.java:905)
	at org.apache.tomcat.util.net.NioEndpoint$SocketProcessor.doRun(NioEndpoint.java:1743)
	at org.apache.tomcat.util.net.SocketProcessorBase.run(SocketProcessorBase.java:52)
	at org.apache.tomcat.util.threads.ThreadPoolExecutor.runWorker(ThreadPoolExecutor.java:1190)
	at org.apache.tomcat.util.threads.ThreadPoolExecutor$Worker.run(ThreadPoolExecutor.java:659)
	at org.apache.tomcat.util.threads.TaskThread$WrappingRunnable.run(TaskThread.java:63)
	at java.base/java.lang.Thread.run(Thread.java:842)
Caused by: org.attoparser.ParseException: Exception evaluating SpringEL expression: "page == profiles.number" (template: "fragments/building-fragments/buildings-table" - line 76, col 25)
	at org.attoparser.MarkupParser.parseDocument(MarkupParser.java:393)
	at org.attoparser.MarkupParser.parse(MarkupParser.java:257)
	at org.thymeleaf.templateparser.markup.AbstractMarkupTemplateParser.parse(AbstractMarkupTemplateParser.java:230)
	... 138 common frames omitted
Caused by: org.thymeleaf.exceptions.TemplateProcessingException: Exception evaluating SpringEL expression: "page == profiles.number" (template: "fragments/building-fragments/buildings-table" - line 76, col 25)
	at org.thymeleaf.spring6.expression.SPELVariableExpressionEvaluator.evaluate(SPELVariableExpressionEvaluator.java:292)
	at org.thymeleaf.standard.expression.VariableExpression.executeVariableExpression(VariableExpression.java:166)
	at org.thymeleaf.standard.expression.SimpleExpression.executeSimple(SimpleExpression.java:66)
	at org.thymeleaf.standard.expression.Expression.execute(Expression.java:109)
	at org.thymeleaf.standard.expression.Expression.execute(Expression.java:138)
	at org.thymeleaf.standard.expression.ConditionalExpression.executeConditional(ConditionalExpression.java:209)
	at org.thymeleaf.standard.expression.ComplexExpression.executeComplex(ComplexExpression.java:77)
	at org.thymeleaf.standard.expression.Expression.execute(Expression.java:112)
	at org.thymeleaf.standard.expression.Expression.execute(Expression.java:138)
	at org.thymeleaf.standard.processor.AbstractStandardExpressionAttributeTagProcessor.doProcess(AbstractStandardExpressionAttributeTagProcessor.java:144)
	at org.thymeleaf.processor.element.AbstractAttributeTagProcessor.doProcess(AbstractAttributeTagProcessor.java:74)
	at org.thymeleaf.processor.element.AbstractElementTagProcessor.process(AbstractElementTagProcessor.java:95)
	at org.thymeleaf.util.ProcessorConfigurationUtils$ElementTagProcessorWrapper.process(ProcessorConfigurationUtils.java:633)
	at org.thymeleaf.engine.ProcessorTemplateHandler.handleOpenElement(ProcessorTemplateHandler.java:1314)
	at org.thymeleaf.engine.OpenElementTag.beHandled(OpenElementTag.java:205)
	at org.thymeleaf.engine.Model.process(Model.java:282)
	at org.thymeleaf.engine.Model.process(Model.java:290)
	at org.thymeleaf.engine.IteratedGatheringModelProcessable.processIterationModel(IteratedGatheringModelProcessable.java:368)
	at org.thymeleaf.engine.IteratedGatheringModelProcessable.process(IteratedGatheringModelProcessable.java:222)
	at org.thymeleaf.engine.ProcessorTemplateHandler.handleCloseElement(ProcessorTemplateHandler.java:1640)
	at org.thymeleaf.engine.CloseElementTag.beHandled(CloseElementTag.java:139)
	at org.thymeleaf.engine.Model.process(Model.java:282)
	at org.thymeleaf.engine.ProcessorTemplateHandler.handleOpenElement(ProcessorTemplateHandler.java:1587)
	at org.thymeleaf.engine.TemplateHandlerAdapterMarkupHandler.handleOpenElementEnd(TemplateHandlerAdapterMarkupHandler.java:304)
	at org.thymeleaf.templateparser.markup.InlinedOutputExpressionMarkupHandler$InlineMarkupAdapterPreProcessorHandler.handleOpenElementEnd(InlinedOutputExpressionMarkupHandler.java:278)
	at org.thymeleaf.standard.inline.OutputExpressionInlinePreProcessorHandler.handleOpenElementEnd(OutputExpressionInlinePreProcessorHandler.java:186)
	at org.thymeleaf.templateparser.markup.InlinedOutputExpressionMarkupHandler.handleOpenElementEnd(InlinedOutputExpressionMarkupHandler.java:124)
	at org.attoparser.HtmlElement.handleOpenElementEnd(HtmlElement.java:109)
	at org.attoparser.HtmlMarkupHandler.handleOpenElementEnd(HtmlMarkupHandler.java:297)
	at org.attoparser.MarkupEventProcessorHandler.handleOpenElementEnd(MarkupEventProcessorHandler.java:402)
	at org.attoparser.ParsingElementMarkupUtil.parseOpenElement(ParsingElementMarkupUtil.java:159)
	at org.attoparser.MarkupParser.parseBuffer(MarkupParser.java:710)
	at org.attoparser.MarkupParser.parseDocument(MarkupParser.java:301)
	... 140 common frames omitted
Caused by: org.springframework.expression.spel.SpelEvaluationException: EL1007E: Property or field 'number' cannot be found on null
	at org.springframework.expression.spel.ast.PropertyOrFieldReference.readProperty(PropertyOrFieldReference.java:225)
	at org.springframework.expression.spel.ast.PropertyOrFieldReference.getValueInternal(PropertyOrFieldReference.java:112)
	at org.springframework.expression.spel.ast.PropertyOrFieldReference$AccessorValueRef.getValue(PropertyOrFieldReference.java:376)
	at org.springframework.expression.spel.ast.CompoundExpression.getValueInternal(CompoundExpression.java:97)
	at org.springframework.expression.spel.ast.OpEQ.getValueInternal(OpEQ.java:43)
	at org.springframework.expression.spel.ast.OpEQ.getValueInternal(OpEQ.java:32)
	at org.springframework.expression.spel.ast.SpelNodeImpl.getValue(SpelNodeImpl.java:116)
	at org.springframework.expression.spel.standard.SpelExpression.getValue(SpelExpression.java:338)
	at org.thymeleaf.spring6.expression.SPELVariableExpressionEvaluator.evaluate(SPELVariableExpressionEvaluator.java:265)
	... 172 common frames omitted
08:46:05.569 [https-jsse-nio-8443-exec-5] ERROR o.a.c.c.C.[.[.[.[dispatcherServlet] - Servlet.service() for servlet [dispatcherServlet] in context with path [] threw exception [Request processing failed: org.thymeleaf.exceptions.TemplateInputException: An error happened during template parsing (template: "class path resource [templates/building.html]")] with root cause
org.springframework.expression.spel.SpelEvaluationException: EL1007E: Property or field 'number' cannot be found on null
	at org.springframework.expression.spel.ast.PropertyOrFieldReference.readProperty(PropertyOrFieldReference.java:225)
	at org.springframework.expression.spel.ast.PropertyOrFieldReference.getValueInternal(PropertyOrFieldReference.java:112)
	at org.springframework.expression.spel.ast.PropertyOrFieldReference$AccessorValueRef.getValue(PropertyOrFieldReference.java:376)
	at org.springframework.expression.spel.ast.CompoundExpression.getValueInternal(CompoundExpression.java:97)
	at org.springframework.expression.spel.ast.OpEQ.getValueInternal(OpEQ.java:43)
	at org.springframework.expression.spel.ast.OpEQ.getValueInternal(OpEQ.java:32)
	at org.springframework.expression.spel.ast.SpelNodeImpl.getValue(SpelNodeImpl.java:116)
	at org.springframework.expression.spel.standard.SpelExpression.getValue(SpelExpression.java:338)
	at org.thymeleaf.spring6.expression.SPELVariableExpressionEvaluator.evaluate(SPELVariableExpressionEvaluator.java:265)
	at org.thymeleaf.standard.expression.VariableExpression.executeVariableExpression(VariableExpression.java:166)
	at org.thymeleaf.standard.expression.SimpleExpression.executeSimple(SimpleExpression.java:66)
	at org.thymeleaf.standard.expression.Expression.execute(Expression.java:109)
	at org.thymeleaf.standard.expression.Expression.execute(Expression.java:138)
	at org.thymeleaf.standard.expression.ConditionalExpression.executeConditional(ConditionalExpression.java:209)
	at org.thymeleaf.standard.expression.ComplexExpression.executeComplex(ComplexExpression.java:77)
	at org.thymeleaf.standard.expression.Expression.execute(Expression.java:112)
	at org.thymeleaf.standard.expression.Expression.execute(Expression.java:138)
	at org.thymeleaf.standard.processor.AbstractStandardExpressionAttributeTagProcessor.doProcess(AbstractStandardExpressionAttributeTagProcessor.java:144)
	at org.thymeleaf.processor.element.AbstractAttributeTagProcessor.doProcess(AbstractAttributeTagProcessor.java:74)
	at org.thymeleaf.processor.element.AbstractElementTagProcessor.process(AbstractElementTagProcessor.java:95)
	at org.thymeleaf.util.ProcessorConfigurationUtils$ElementTagProcessorWrapper.process(ProcessorConfigurationUtils.java:633)
	at org.thymeleaf.engine.ProcessorTemplateHandler.handleOpenElement(ProcessorTemplateHandler.java:1314)
	at org.thymeleaf.engine.OpenElementTag.beHandled(OpenElementTag.java:205)
	at org.thymeleaf.engine.Model.process(Model.java:282)
	at org.thymeleaf.engine.Model.process(Model.java:290)
	at org.thymeleaf.engine.IteratedGatheringModelProcessable.processIterationModel(IteratedGatheringModelProcessable.java:368)
	at org.thymeleaf.engine.IteratedGatheringModelProcessable.process(IteratedGatheringModelProcessable.java:222)
	at org.thymeleaf.engine.ProcessorTemplateHandler.handleCloseElement(ProcessorTemplateHandler.java:1640)
	at org.thymeleaf.engine.CloseElementTag.beHandled(CloseElementTag.java:139)
	at org.thymeleaf.engine.Model.process(Model.java:282)
	at org.thymeleaf.engine.ProcessorTemplateHandler.handleOpenElement(ProcessorTemplateHandler.java:1587)
	at org.thymeleaf.engine.TemplateHandlerAdapterMarkupHandler.handleOpenElementEnd(TemplateHandlerAdapterMarkupHandler.java:304)
	at org.thymeleaf.templateparser.markup.InlinedOutputExpressionMarkupHandler$InlineMarkupAdapterPreProcessorHandler.handleOpenElementEnd(InlinedOutputExpressionMarkupHandler.java:278)
	at org.thymeleaf.standard.inline.OutputExpressionInlinePreProcessorHandler.handleOpenElementEnd(OutputExpressionInlinePreProcessorHandler.java:186)
	at org.thymeleaf.templateparser.markup.InlinedOutputExpressionMarkupHandler.handleOpenElementEnd(InlinedOutputExpressionMarkupHandler.java:124)
	at org.attoparser.HtmlElement.handleOpenElementEnd(HtmlElement.java:109)
	at org.attoparser.HtmlMarkupHandler.handleOpenElementEnd(HtmlMarkupHandler.java:297)
	at org.attoparser.MarkupEventProcessorHandler.handleOpenElementEnd(MarkupEventProcessorHandler.java:402)
	at org.attoparser.ParsingElementMarkupUtil.parseOpenElement(ParsingElementMarkupUtil.java:159)
	at org.attoparser.MarkupParser.parseBuffer(MarkupParser.java:710)
	at org.attoparser.MarkupParser.parseDocument(MarkupParser.java:301)
	at org.attoparser.MarkupParser.parse(MarkupParser.java:257)
	at org.thymeleaf.templateparser.markup.AbstractMarkupTemplateParser.parse(AbstractMarkupTemplateParser.java:230)
	at org.thymeleaf.templateparser.markup.AbstractMarkupTemplateParser.parseStandalone(AbstractMarkupTemplateParser.java:100)
	at org.thymeleaf.engine.TemplateManager.parseAndProcess(TemplateManager.java:666)
	at org.thymeleaf.TemplateEngine.process(TemplateEngine.java:1103)
	at org.thymeleaf.TemplateEngine.process(TemplateEngine.java:1077)
	at org.thymeleaf.spring6.view.ThymeleafView.renderFragment(ThymeleafView.java:372)
	at org.thymeleaf.spring6.view.ThymeleafView.render(ThymeleafView.java:192)
	at org.springframework.web.servlet.DispatcherServlet.render(DispatcherServlet.java:1435)
	at org.springframework.web.servlet.DispatcherServlet.processDispatchResult(DispatcherServlet.java:1167)
	at org.springframework.web.servlet.DispatcherServlet.doDispatch(DispatcherServlet.java:1105)
	at org.springframework.web.servlet.DispatcherServlet.doService(DispatcherServlet.java:978)
	at org.springframework.web.servlet.FrameworkServlet.processRequest(FrameworkServlet.java:1014)
	at org.springframework.web.servlet.FrameworkServlet.doGet(FrameworkServlet.java:903)
	at jakarta.servlet.http.HttpServlet.service(HttpServlet.java:564)
	at org.springframework.web.servlet.FrameworkServlet.service(FrameworkServlet.java:885)
	at jakarta.servlet.http.HttpServlet.service(HttpServlet.java:658)
	at org.apache.catalina.core.ApplicationFilterChain.internalDoFilter(ApplicationFilterChain.java:195)
	at org.apache.catalina.core.ApplicationFilterChain.doFilter(ApplicationFilterChain.java:140)
	at org.apache.tomcat.websocket.server.WsFilter.doFilter(WsFilter.java:51)
	at org.apache.catalina.core.ApplicationFilterChain.internalDoFilter(ApplicationFilterChain.java:164)
	at org.apache.catalina.core.ApplicationFilterChain.doFilter(ApplicationFilterChain.java:140)
	at org.springframework.web.filter.CompositeFilter$VirtualFilterChain.doFilter(CompositeFilter.java:108)
	at org.springframework.security.web.FilterChainProxy.lambda$doFilterInternal$3(FilterChainProxy.java:231)
	at org.springframework.security.web.ObservationFilterChainDecorator$FilterObservation$SimpleFilterObservation.lambda$wrap$1(ObservationFilterChainDecorator.java:479)
	at org.springframework.security.web.ObservationFilterChainDecorator$AroundFilterObservation$SimpleAroundFilterObservation.lambda$wrap$1(ObservationFilterChainDecorator.java:340)
	at org.springframework.security.web.ObservationFilterChainDecorator.lambda$wrapSecured$0(ObservationFilterChainDecorator.java:82)
	at org.springframework.security.web.ObservationFilterChainDecorator$VirtualFilterChain.doFilter(ObservationFilterChainDecorator.java:128)
	at org.springframework.security.web.access.intercept.AuthorizationFilter.doFilter(AuthorizationFilter.java:101)
	at org.springframework.security.web.ObservationFilterChainDecorator$ObservationFilter.wrapFilter(ObservationFilterChainDecorator.java:240)
	at org.springframework.security.web.ObservationFilterChainDecorator$ObservationFilter.doFilter(ObservationFilterChainDecorator.java:227)
	at org.springframework.security.web.ObservationFilterChainDecorator$VirtualFilterChain.doFilter(ObservationFilterChainDecorator.java:137)
	at org.springframework.security.web.access.ExceptionTranslationFilter.doFilter(ExceptionTranslationFilter.java:126)
	at org.springframework.security.web.access.ExceptionTranslationFilter.doFilter(ExceptionTranslationFilter.java:120)
	at org.springframework.security.web.ObservationFilterChainDecorator$ObservationFilter.wrapFilter(ObservationFilterChainDecorator.java:240)
	at org.springframework.security.web.ObservationFilterChainDecorator$ObservationFilter.doFilter(ObservationFilterChainDecorator.java:227)
	at org.springframework.security.web.ObservationFilterChainDecorator$VirtualFilterChain.doFilter(ObservationFilterChainDecorator.java:137)
	at org.springframework.security.web.session.SessionManagementFilter.doFilter(SessionManagementFilter.java:131)
	at org.springframework.security.web.session.SessionManagementFilter.doFilter(SessionManagementFilter.java:85)
	at org.springframework.security.web.ObservationFilterChainDecorator$ObservationFilter.wrapFilter(ObservationFilterChainDecorator.java:240)
	at org.springframework.security.web.ObservationFilterChainDecorator$ObservationFilter.doFilter(ObservationFilterChainDecorator.java:227)
	at org.springframework.security.web.ObservationFilterChainDecorator$VirtualFilterChain.doFilter(ObservationFilterChainDecorator.java:137)
	at org.springframework.security.web.authentication.AnonymousAuthenticationFilter.doFilter(AnonymousAuthenticationFilter.java:100)
	at org.springframework.security.web.ObservationFilterChainDecorator$ObservationFilter.wrapFilter(ObservationFilterChainDecorator.java:240)
	at org.springframework.security.web.ObservationFilterChainDecorator$ObservationFilter.doFilter(ObservationFilterChainDecorator.java:227)
	at org.springframework.security.web.ObservationFilterChainDecorator$VirtualFilterChain.doFilter(ObservationFilterChainDecorator.java:137)
	at org.springframework.security.web.servletapi.SecurityContextHolderAwareRequestFilter.doFilter(SecurityContextHolderAwareRequestFilter.java:179)
	at org.springframework.security.web.ObservationFilterChainDecorator$ObservationFilter.wrapFilter(ObservationFilterChainDecorator.java:240)
	at org.springframework.security.web.ObservationFilterChainDecorator$ObservationFilter.doFilter(ObservationFilterChainDecorator.java:227)
	at org.springframework.security.web.ObservationFilterChainDecorator$VirtualFilterChain.doFilter(ObservationFilterChainDecorator.java:137)
	at org.springframework.security.web.savedrequest.RequestCacheAwareFilter.doFilter(RequestCacheAwareFilter.java:63)
	at org.springframework.security.web.ObservationFilterChainDecorator$ObservationFilter.wrapFilter(ObservationFilterChainDecorator.java:240)
	at org.springframework.security.web.ObservationFilterChainDecorator$ObservationFilter.doFilter(ObservationFilterChainDecorator.java:227)
	at org.springframework.security.web.ObservationFilterChainDecorator$VirtualFilterChain.doFilter(ObservationFilterChainDecorator.java:137)
	at org.springframework.security.web.session.ConcurrentSessionFilter.doFilter(ConcurrentSessionFilter.java:151)
	at org.springframework.security.web.session.ConcurrentSessionFilter.doFilter(ConcurrentSessionFilter.java:129)
	at org.springframework.security.web.ObservationFilterChainDecorator$ObservationFilter.wrapFilter(ObservationFilterChainDecorator.java:240)
	at org.springframework.security.web.ObservationFilterChainDecorator$ObservationFilter.doFilter(ObservationFilterChainDecorator.java:227)
	at org.springframework.security.web.ObservationFilterChainDecorator$VirtualFilterChain.doFilter(ObservationFilterChainDecorator.java:137)
	at org.springframework.security.web.authentication.AbstractAuthenticationProcessingFilter.doFilter(AbstractAuthenticationProcessingFilter.java:227)
	at org.springframework.security.web.authentication.AbstractAuthenticationProcessingFilter.doFilter(AbstractAuthenticationProcessingFilter.java:221)
	at org.springframework.security.web.ObservationFilterChainDecorator$ObservationFilter.wrapFilter(ObservationFilterChainDecorator.java:240)
	at org.springframework.security.web.ObservationFilterChainDecorator$ObservationFilter.doFilter(ObservationFilterChainDecorator.java:227)
	at org.springframework.security.web.ObservationFilterChainDecorator$VirtualFilterChain.doFilter(ObservationFilterChainDecorator.java:137)
	at org.springframework.security.web.authentication.logout.LogoutFilter.doFilter(LogoutFilter.java:107)
	at org.springframework.security.web.authentication.logout.LogoutFilter.doFilter(LogoutFilter.java:93)
	at org.springframework.security.web.ObservationFilterChainDecorator$ObservationFilter.wrapFilter(ObservationFilterChainDecorator.java:240)
	at org.springframework.security.web.ObservationFilterChainDecorator$ObservationFilter.doFilter(ObservationFilterChainDecorator.java:227)
	at org.springframework.security.web.ObservationFilterChainDecorator$VirtualFilterChain.doFilter(ObservationFilterChainDecorator.java:137)
	at org.springframework.security.web.csrf.CsrfFilter.doFilterInternal(CsrfFilter.java:117)
	at org.springframework.web.filter.OncePerRequestFilter.doFilter(OncePerRequestFilter.java:116)
	at org.springframework.security.web.ObservationFilterChainDecorator$ObservationFilter.wrapFilter(ObservationFilterChainDecorator.java:240)
	at org.springframework.security.web.ObservationFilterChainDecorator$ObservationFilter.doFilter(ObservationFilterChainDecorator.java:227)
	at org.springframework.security.web.ObservationFilterChainDecorator$VirtualFilterChain.doFilter(ObservationFilterChainDecorator.java:137)
	at org.springframework.web.filter.CorsFilter.doFilterInternal(CorsFilter.java:91)
	at org.springframework.web.filter.OncePerRequestFilter.doFilter(OncePerRequestFilter.java:116)
	at org.springframework.security.web.ObservationFilterChainDecorator$ObservationFilter.wrapFilter(ObservationFilterChainDecorator.java:240)
	at org.springframework.security.web.ObservationFilterChainDecorator$ObservationFilter.doFilter(ObservationFilterChainDecorator.java:227)
	at org.springframework.security.web.ObservationFilterChainDecorator$VirtualFilterChain.doFilter(ObservationFilterChainDecorator.java:137)
	at org.springframework.security.web.header.HeaderWriterFilter.doHeadersAfter(HeaderWriterFilter.java:90)
	at org.springframework.security.web.header.HeaderWriterFilter.doFilterInternal(HeaderWriterFilter.java:75)
	at org.springframework.web.filter.OncePerRequestFilter.doFilter(OncePerRequestFilter.java:116)
	at org.springframework.security.web.ObservationFilterChainDecorator$ObservationFilter.wrapFilter(ObservationFilterChainDecorator.java:240)
	at org.springframework.security.web.ObservationFilterChainDecorator$ObservationFilter.doFilter(ObservationFilterChainDecorator.java:227)
	at org.springframework.security.web.ObservationFilterChainDecorator$VirtualFilterChain.doFilter(ObservationFilterChainDecorator.java:137)
	at org.springframework.security.web.context.SecurityContextHolderFilter.doFilter(SecurityContextHolderFilter.java:82)
	at org.springframework.security.web.context.SecurityContextHolderFilter.doFilter(SecurityContextHolderFilter.java:69)
	at org.springframework.security.web.ObservationFilterChainDecorator$ObservationFilter.wrapFilter(ObservationFilterChainDecorator.java:240)
	at org.springframework.security.web.ObservationFilterChainDecorator$ObservationFilter.doFilter(ObservationFilterChainDecorator.java:227)
	at org.springframework.security.web.ObservationFilterChainDecorator$VirtualFilterChain.doFilter(ObservationFilterChainDecorator.java:137)
	at org.springframework.security.web.context.request.async.WebAsyncManagerIntegrationFilter.doFilterInternal(WebAsyncManagerIntegrationFilter.java:62)
	at org.springframework.web.filter.OncePerRequestFilter.doFilter(OncePerRequestFilter.java:116)
	at org.springframework.security.web.ObservationFilterChainDecorator$ObservationFilter.wrapFilter(ObservationFilterChainDecorator.java:240)
	at org.springframework.security.web.ObservationFilterChainDecorator$ObservationFilter.doFilter(ObservationFilterChainDecorator.java:227)
	at org.springframework.security.web.ObservationFilterChainDecorator$VirtualFilterChain.doFilter(ObservationFilterChainDecorator.java:137)
	at org.springframework.security.web.access.channel.ChannelProcessingFilter.doFilter(ChannelProcessingFilter.java:133)
	at org.springframework.security.web.ObservationFilterChainDecorator$ObservationFilter.wrapFilter(ObservationFilterChainDecorator.java:240)
	at org.springframework.security.web.ObservationFilterChainDecorator$ObservationFilter.doFilter(ObservationFilterChainDecorator.java:227)
	at org.springframework.security.web.ObservationFilterChainDecorator$VirtualFilterChain.doFilter(ObservationFilterChainDecorator.java:137)
	at org.springframework.security.web.session.DisableEncodeUrlFilter.doFilterInternal(DisableEncodeUrlFilter.java:42)
	at org.springframework.web.filter.OncePerRequestFilter.doFilter(OncePerRequestFilter.java:116)
	at org.springframework.security.web.ObservationFilterChainDecorator$ObservationFilter.wrapFilter(ObservationFilterChainDecorator.java:240)
	at org.springframework.security.web.ObservationFilterChainDecorator$AroundFilterObservation$SimpleAroundFilterObservation.lambda$wrap$0(ObservationFilterChainDecorator.java:323)
	at org.springframework.security.web.ObservationFilterChainDecorator$ObservationFilter.doFilter(ObservationFilterChainDecorator.java:224)
	at org.springframework.security.web.ObservationFilterChainDecorator$VirtualFilterChain.doFilter(ObservationFilterChainDecorator.java:137)
	at org.springframework.security.web.FilterChainProxy.doFilterInternal(FilterChainProxy.java:233)
	at org.springframework.security.web.FilterChainProxy.doFilter(FilterChainProxy.java:191)
	at org.springframework.web.filter.CompositeFilter$VirtualFilterChain.doFilter(CompositeFilter.java:113)
	at org.springframework.web.servlet.handler.HandlerMappingIntrospector.lambda$createCacheFilter$3(HandlerMappingIntrospector.java:243)
	at org.springframework.web.filter.CompositeFilter$VirtualFilterChain.doFilter(CompositeFilter.java:113)
	at org.springframework.web.filter.CompositeFilter.doFilter(CompositeFilter.java:74)
	at org.springframework.security.config.annotation.web.configuration.WebMvcSecurityConfiguration$CompositeFilterChainProxy.doFilter(WebMvcSecurityConfiguration.java:238)
	at org.springframework.web.filter.DelegatingFilterProxy.invokeDelegate(DelegatingFilterProxy.java:362)
	at org.springframework.web.filter.DelegatingFilterProxy.doFilter(DelegatingFilterProxy.java:278)
	at org.apache.catalina.core.ApplicationFilterChain.internalDoFilter(ApplicationFilterChain.java:164)
	at org.apache.catalina.core.ApplicationFilterChain.doFilter(ApplicationFilterChain.java:140)
	at org.springframework.web.filter.ServerHttpObservationFilter.doFilterInternal(ServerHttpObservationFilter.java:114)
	at org.springframework.web.filter.OncePerRequestFilter.doFilter(OncePerRequestFilter.java:116)
	at org.apache.catalina.core.ApplicationFilterChain.internalDoFilter(ApplicationFilterChain.java:164)
	at org.apache.catalina.core.ApplicationFilterChain.doFilter(ApplicationFilterChain.java:140)
	at org.springframework.web.filter.CharacterEncodingFilter.doFilterInternal(CharacterEncodingFilter.java:201)
	at org.springframework.web.filter.OncePerRequestFilter.doFilter(OncePerRequestFilter.java:116)
	at org.apache.catalina.core.ApplicationFilterChain.internalDoFilter(ApplicationFilterChain.java:164)
	at org.apache.catalina.core.ApplicationFilterChain.doFilter(ApplicationFilterChain.java:140)
	at org.apache.catalina.core.StandardWrapperValve.invoke(StandardWrapperValve.java:167)
	at org.apache.catalina.core.StandardContextValve.invoke(StandardContextValve.java:90)
	at org.apache.catalina.authenticator.AuthenticatorBase.invoke(AuthenticatorBase.java:483)
	at org.apache.catalina.core.StandardHostValve.invoke(StandardHostValve.java:115)
	at org.apache.catalina.valves.ErrorReportValve.invoke(ErrorReportValve.java:93)
	at org.apache.catalina.core.StandardEngineValve.invoke(StandardEngineValve.java:74)
	at org.apache.catalina.connector.CoyoteAdapter.service(CoyoteAdapter.java:344)
	at org.apache.coyote.http11.Http11Processor.service(Http11Processor.java:397)
	at org.apache.coyote.AbstractProcessorLight.process(AbstractProcessorLight.java:63)
	at org.apache.coyote.AbstractProtocol$ConnectionHandler.process(AbstractProtocol.java:905)
	at org.apache.tomcat.util.net.NioEndpoint$SocketProcessor.doRun(NioEndpoint.java:1743)
	at org.apache.tomcat.util.net.SocketProcessorBase.run(SocketProcessorBase.java:52)
	at org.apache.tomcat.util.threads.ThreadPoolExecutor.runWorker(ThreadPoolExecutor.java:1190)
	at org.apache.tomcat.util.threads.ThreadPoolExecutor$Worker.run(ThreadPoolExecutor.java:659)
	at org.apache.tomcat.util.threads.TaskThread$WrappingRunnable.run(TaskThread.java:63)
	at java.base/java.lang.Thread.run(Thread.java:842)
08:46:05.571 [https-jsse-nio-8443-exec-5] DEBUG o.s.security.web.FilterChainProxy - Securing GET /error
08:46:05.571 [https-jsse-nio-8443-exec-5] DEBUG o.s.s.w.a.c.ChannelProcessingFilter - Request: filter invocation [GET /error]; ConfigAttributes: [REQUIRES_SECURE_CHANNEL]
08:46:05.572 [https-jsse-nio-8443-exec-5] DEBUG o.s.s.w.c.HttpSessionSecurityContextRepository - Retrieved SecurityContextImpl [Authentication=UsernamePasswordAuthenticationToken [Principal=ir.model.entity.CustomUserDetails@d6fdef9, Credentials=[PROTECTED], Authenticated=true, Details=WebAuthenticationDetails [RemoteIpAddress=0:0:0:0:0:0:0:1, SessionId=F5FA942712FD3296F7514915924D4DFF], Granted Authorities=[TICKET_EDIT, BUILDING_CREATE, ROLE_ADMIN, TICKET_CREATE, TICKET_DELETE]]]
08:46:05.572 [https-jsse-nio-8443-exec-5] DEBUG o.s.security.web.FilterChainProxy - Secured GET /error
08:46:06.254 [org.springframework.kafka.KafkaListenerEndpointContainer#0-0-C-1] INFO  o.apache.kafka.clients.NetworkClient - [Consumer clientId=consumer-building-service-updater-1, groupId=building-service-updater] Node -1 disconnected.
08:46:06.254 [org.springframework.kafka.KafkaListenerEndpointContainer#0-0-C-1] WARN  o.apache.kafka.clients.NetworkClient - [Consumer clientId=consumer-building-service-updater-1, groupId=building-service-updater] Connection to node -1 (localhost/127.0.0.1:9092) could not be established. Node may not be available.
08:46:06.254 [org.springframework.kafka.KafkaListenerEndpointContainer#0-0-C-1] WARN  o.apache.kafka.clients.NetworkClient - [Consumer clientId=consumer-building-service-updater-1, groupId=building-service-updater] Bootstrap broker localhost:9092 (id: -1 rack: null) disconnected
08:46:07.283 [org.springframework.kafka.KafkaListenerEndpointContainer#0-0-C-1] INFO  o.apache.kafka.clients.NetworkClient - [Consumer clientId=consumer-building-service-updater-1, groupId=building-service-updater] Node -1 disconnected.
08:46:07.284 [org.springframework.kafka.KafkaListenerEndpointContainer#0-0-C-1] WARN  o.apache.kafka.clients.NetworkClient - [Consumer clientId=consumer-building-service-updater-1, groupId=building-service-updater] Connection to node -1 (localhost/127.0.0.1:9092) could not be established. Node may not be available.
08:46:07.284 [org.springframework.kafka.KafkaListenerEndpointContainer#0-0-C-1] WARN  o.apache.kafka.clients.NetworkClient - [Consumer clientId=consumer-building-service-updater-1, groupId=building-service-updater] Bootstrap broker localhost:9092 (id: -1 rack: null) disconnected
08:46:08.284 [org.springframework.kafka.KafkaListenerEndpointContainer#0-0-C-1] INFO  o.apache.kafka.clients.NetworkClient - [Consumer clientId=consumer-building-service-updater-1, groupId=building-service-updater] Node -1 disconnected.
08:46:08.284 [org.springframework.kafka.KafkaListenerEndpointContainer#0-0-C-1] WARN  o.apache.kafka.clients.NetworkClient - [Consumer clientId=consumer-building-service-updater-1, groupId=building-service-updater] Connection to node -1 (localhost/127.0.0.1:9092) could not be established. Node may not be available.
08:46:08.284 [org.springframework.kafka.KafkaListenerEndpointContainer#0-0-C-1] WARN  o.apache.kafka.clients.NetworkClient - [Consumer clientId=consumer-building-service-updater-1, groupId=building-service-updater] Bootstrap broker localhost:9092 (id: -1 rack: null) disconnected
08:46:09.297 [org.springframework.kafka.KafkaListenerEndpointContainer#0-0-C-1] INFO  o.apache.kafka.clients.NetworkClient - [Consumer clientId=consumer-building-service-updater-1, groupId=building-service-updater] Node -1 disconnected.
08:46:09.297 [org.springframework.kafka.KafkaListenerEndpointContainer#0-0-C-1] WARN  o.apache.kafka.clients.NetworkClient - [Consumer clientId=consumer-building-service-updater-1, groupId=building-service-updater] Connection to node -1 (localhost/127.0.0.1:9092) could not be established. Node may not be available.
08:46:09.297 [org.springframework.kafka.KafkaListenerEndpointContainer#0-0-C-1] WARN  o.apache.kafka.clients.NetworkClient - [Consumer clientId=consumer-building-service-updater-1, groupId=building-service-updater] Bootstrap broker localhost:9092 (id: -1 rack: null) disconnected
08:46:10.233 [org.springframework.kafka.KafkaListenerEndpointContainer#0-0-C-1] INFO  o.apache.kafka.clients.NetworkClient - [Consumer clientId=consumer-building-service-updater-1, groupId=building-service-updater] Node -1 disconnected.
08:46:10.233 [org.springframework.kafka.KafkaListenerEndpointContainer#0-0-C-1] WARN  o.apache.kafka.clients.NetworkClient - [Consumer clientId=consumer-building-service-updater-1, groupId=building-service-updater] Connection to node -1 (localhost/127.0.0.1:9092) could not be established. Node may not be available.
08:46:10.234 [org.springframework.kafka.KafkaListenerEndpointContainer#0-0-C-1] WARN  o.apache.kafka.clients.NetworkClient - [Consumer clientId=consumer-building-service-updater-1, groupId=building-service-updater] Bootstrap broker localhost:9092 (id: -1 rack: null) disconnected
08:46:11.233 [org.springframework.kafka.KafkaListenerEndpointContainer#0-0-C-1] INFO  o.apache.kafka.clients.NetworkClient - [Consumer clientId=consumer-building-service-updater-1, groupId=building-service-updater] Node -1 disconnected.
08:46:11.233 [org.springframework.kafka.KafkaListenerEndpointContainer#0-0-C-1] WARN  o.apache.kafka.clients.NetworkClient - [Consumer clientId=consumer-building-service-updater-1, groupId=building-service-updater] Connection to node -1 (localhost/127.0.0.1:9092) could not be established. Node may not be available.
08:46:11.233 [org.springframework.kafka.KafkaListenerEndpointContainer#0-0-C-1] WARN  o.apache.kafka.clients.NetworkClient - [Consumer clientId=consumer-building-service-updater-1, groupId=building-service-updater] Bootstrap broker localhost:9092 (id: -1 rack: null) disconnected
08:46:12.196 [org.springframework.kafka.KafkaListenerEndpointContainer#0-0-C-1] INFO  o.apache.kafka.clients.NetworkClient - [Consumer clientId=consumer-building-service-updater-1, groupId=building-service-updater] Node -1 disconnected.
08:46:12.196 [org.springframework.kafka.KafkaListenerEndpointContainer#0-0-C-1] WARN  o.apache.kafka.clients.NetworkClient - [Consumer clientId=consumer-building-service-updater-1, groupId=building-service-updater] Connection to node -1 (localhost/127.0.0.1:9092) could not be established. Node may not be available.
08:46:12.196 [org.springframework.kafka.KafkaListenerEndpointContainer#0-0-C-1] WARN  o.apache.kafka.clients.NetworkClient - [Consumer clientId=consumer-building-service-updater-1, groupId=building-service-updater] Bootstrap broker localhost:9092 (id: -1 rack: null) disconnected
08:46:13.222 [org.springframework.kafka.KafkaListenerEndpointContainer#0-0-C-1] INFO  o.apache.kafka.clients.NetworkClient - [Consumer clientId=consumer-building-service-updater-1, groupId=building-service-updater] Node -1 disconnected.
08:46:13.222 [org.springframework.kafka.KafkaListenerEndpointContainer#0-0-C-1] WARN  o.apache.kafka.clients.NetworkClient - [Consumer clientId=consumer-building-service-updater-1, groupId=building-service-updater] Connection to node -1 (localhost/127.0.0.1:9092) could not be established. Node may not be available.
08:46:13.222 [org.springframework.kafka.KafkaListenerEndpointContainer#0-0-C-1] WARN  o.apache.kafka.clients.NetworkClient - [Consumer clientId=consumer-building-service-updater-1, groupId=building-service-updater] Bootstrap broker localhost:9092 (id: -1 rack: null) disconnected
08:46:14.183 [org.springframework.kafka.KafkaListenerEndpointContainer#0-0-C-1] INFO  o.apache.kafka.clients.NetworkClient - [Consumer clientId=consumer-building-service-updater-1, groupId=building-service-updater] Node -1 disconnected.
08:46:14.183 [org.springframework.kafka.KafkaListenerEndpointContainer#0-0-C-1] WARN  o.apache.kafka.clients.NetworkClient - [Consumer clientId=consumer-building-service-updater-1, groupId=building-service-updater] Connection to node -1 (localhost/127.0.0.1:9092) could not be established. Node may not be available.
08:46:14.183 [org.springframework.kafka.KafkaListenerEndpointContainer#0-0-C-1] WARN  o.apache.kafka.clients.NetworkClient - [Consumer clientId=consumer-building-service-updater-1, groupId=building-service-updater] Bootstrap broker localhost:9092 (id: -1 rack: null) disconnected
08:46:15.197 [org.springframework.kafka.KafkaListenerEndpointContainer#0-0-C-1] INFO  o.apache.kafka.clients.NetworkClient - [Consumer clientId=consumer-building-service-updater-1, groupId=building-service-updater] Node -1 disconnected.
08:46:15.197 [org.springframework.kafka.KafkaListenerEndpointContainer#0-0-C-1] WARN  o.apache.kafka.clients.NetworkClient - [Consumer clientId=consumer-building-service-updater-1, groupId=building-service-updater] Connection to node -1 (localhost/127.0.0.1:9092) could not be established. Node may not be available.
08:46:15.197 [org.springframework.kafka.KafkaListenerEndpointContainer#0-0-C-1] WARN  o.apache.kafka.clients.NetworkClient - [Consumer clientId=consumer-building-service-updater-1, groupId=building-service-updater] Bootstrap broker localhost:9092 (id: -1 rack: null) disconnected
08:46:16.212 [org.springframework.kafka.KafkaListenerEndpointContainer#0-0-C-1] INFO  o.apache.kafka.clients.NetworkClient - [Consumer clientId=consumer-building-service-updater-1, groupId=building-service-updater] Node -1 disconnected.
08:46:16.212 [org.springframework.kafka.KafkaListenerEndpointContainer#0-0-C-1] WARN  o.apache.kafka.clients.NetworkClient - [Consumer clientId=consumer-building-service-updater-1, groupId=building-service-updater] Connection to node -1 (localhost/127.0.0.1:9092) could not be established. Node may not be available.
08:46:16.212 [org.springframework.kafka.KafkaListenerEndpointContainer#0-0-C-1] WARN  o.apache.kafka.clients.NetworkClient - [Consumer clientId=consumer-building-service-updater-1, groupId=building-service-updater] Bootstrap broker localhost:9092 (id: -1 rack: null) disconnected
08:46:17.251 [org.springframework.kafka.KafkaListenerEndpointContainer#0-0-C-1] INFO  o.apache.kafka.clients.NetworkClient - [Consumer clientId=consumer-building-service-updater-1, groupId=building-service-updater] Node -1 disconnected.
08:46:17.251 [org.springframework.kafka.KafkaListenerEndpointContainer#0-0-C-1] WARN  o.apache.kafka.clients.NetworkClient - [Consumer clientId=consumer-building-service-updater-1, groupId=building-service-updater] Connection to node -1 (localhost/127.0.0.1:9092) could not be established. Node may not be available.
08:46:17.251 [org.springframework.kafka.KafkaListenerEndpointContainer#0-0-C-1] WARN  o.apache.kafka.clients.NetworkClient - [Consumer clientId=consumer-building-service-updater-1, groupId=building-service-updater] Bootstrap broker localhost:9092 (id: -1 rack: null) disconnected
08:46:17.431 [https-jsse-nio-8443-exec-3] DEBUG o.s.security.web.FilterChainProxy - Securing GET /buildings
08:46:17.431 [https-jsse-nio-8443-exec-3] DEBUG o.s.s.w.a.c.ChannelProcessingFilter - Request: filter invocation [GET /buildings]; ConfigAttributes: [REQUIRES_SECURE_CHANNEL]
08:46:17.431 [https-jsse-nio-8443-exec-3] DEBUG o.s.s.w.c.HttpSessionSecurityContextRepository - Retrieved SecurityContextImpl [Authentication=UsernamePasswordAuthenticationToken [Principal=ir.model.entity.CustomUserDetails@d6fdef9, Credentials=[PROTECTED], Authenticated=true, Details=WebAuthenticationDetails [RemoteIpAddress=0:0:0:0:0:0:0:1, SessionId=F5FA942712FD3296F7514915924D4DFF], Granted Authorities=[TICKET_EDIT, BUILDING_CREATE, ROLE_ADMIN, TICKET_CREATE, TICKET_DELETE]]]
08:46:17.431 [https-jsse-nio-8443-exec-3] DEBUG o.s.security.web.FilterChainProxy - Secured GET /buildings
08:46:17.433 [https-jsse-nio-8443-exec-3] DEBUG o.s.jdbc.datasource.DataSourceUtils - Setting JDBC Connection [HikariProxyConnection@1125513597 wrapping oracle.jdbc.driver.T4CConnection@4e0d9310] read-only
08:46:17.433 [https-jsse-nio-8443-exec-3] DEBUG o.h.e.t.internal.TransactionImpl - On TransactionImpl creation, JpaCompliance#isJpaTransactionComplianceEnabled == false
08:46:17.433 [https-jsse-nio-8443-exec-3] DEBUG o.h.e.t.internal.TransactionImpl - begin
08:46:17.434 [https-jsse-nio-8443-exec-3] DEBUG org.hibernate.SQL - 
    /* <criteria> */ select
        b1_0.id,
        b1_0.address_id,
        b1_0.deleted,
        b1_0.title 
    from
        building_table b1_0 
    where
        (
            b1_0.deleted = 0
        ) 
    order by
        b1_0.title 
    offset
        ? rows 
    fetch
        first ? rows only
08:46:17.435 [https-jsse-nio-8443-exec-3] TRACE org.hibernate.orm.jdbc.bind - binding parameter (1:INTEGER) <- [0]
08:46:17.435 [https-jsse-nio-8443-exec-3] TRACE org.hibernate.orm.jdbc.bind - binding parameter (2:INTEGER) <- [10]
08:46:17.435 [https-jsse-nio-8443-exec-3] DEBUG o.h.e.t.internal.TransactionImpl - committing
08:46:17.436 [https-jsse-nio-8443-exec-3] DEBUG o.s.jdbc.datasource.DataSourceUtils - Resetting read-only flag of JDBC Connection [HikariProxyConnection@1125513597 wrapping oracle.jdbc.driver.T4CConnection@4e0d9310]
08:46:17.436 [https-jsse-nio-8443-exec-3] INFO  i.c.exception.ResponseAspect - Web Controller: rolesList
08:46:17.448 [https-jsse-nio-8443-exec-3] ERROR org.thymeleaf.TemplateEngine - [THYMELEAF][https-jsse-nio-8443-exec-3] Exception processing template "building": An error happened during template parsing (template: "class path resource [templates/building.html]")
org.thymeleaf.exceptions.TemplateInputException: An error happened during template parsing (template: "class path resource [templates/building.html]")
	at org.thymeleaf.templateparser.markup.AbstractMarkupTemplateParser.parse(AbstractMarkupTemplateParser.java:241)
	at org.thymeleaf.templateparser.markup.AbstractMarkupTemplateParser.parseStandalone(AbstractMarkupTemplateParser.java:100)
	at org.thymeleaf.engine.TemplateManager.parseAndProcess(TemplateManager.java:666)
	at org.thymeleaf.TemplateEngine.process(TemplateEngine.java:1103)
	at org.thymeleaf.TemplateEngine.process(TemplateEngine.java:1077)
	at org.thymeleaf.spring6.view.ThymeleafView.renderFragment(ThymeleafView.java:372)
	at org.thymeleaf.spring6.view.ThymeleafView.render(ThymeleafView.java:192)
	at org.springframework.web.servlet.DispatcherServlet.render(DispatcherServlet.java:1435)
	at org.springframework.web.servlet.DispatcherServlet.processDispatchResult(DispatcherServlet.java:1167)
	at org.springframework.web.servlet.DispatcherServlet.doDispatch(DispatcherServlet.java:1105)
	at org.springframework.web.servlet.DispatcherServlet.doService(DispatcherServlet.java:978)
	at org.springframework.web.servlet.FrameworkServlet.processRequest(FrameworkServlet.java:1014)
	at org.springframework.web.servlet.FrameworkServlet.doGet(FrameworkServlet.java:903)
	at jakarta.servlet.http.HttpServlet.service(HttpServlet.java:564)
	at org.springframework.web.servlet.FrameworkServlet.service(FrameworkServlet.java:885)
	at jakarta.servlet.http.HttpServlet.service(HttpServlet.java:658)
	at org.apache.catalina.core.ApplicationFilterChain.internalDoFilter(ApplicationFilterChain.java:195)
	at org.apache.catalina.core.ApplicationFilterChain.doFilter(ApplicationFilterChain.java:140)
	at org.apache.tomcat.websocket.server.WsFilter.doFilter(WsFilter.java:51)
	at org.apache.catalina.core.ApplicationFilterChain.internalDoFilter(ApplicationFilterChain.java:164)
	at org.apache.catalina.core.ApplicationFilterChain.doFilter(ApplicationFilterChain.java:140)
	at org.springframework.web.filter.CompositeFilter$VirtualFilterChain.doFilter(CompositeFilter.java:108)
	at org.springframework.security.web.FilterChainProxy.lambda$doFilterInternal$3(FilterChainProxy.java:231)
	at org.springframework.security.web.ObservationFilterChainDecorator$FilterObservation$SimpleFilterObservation.lambda$wrap$1(ObservationFilterChainDecorator.java:479)
	at org.springframework.security.web.ObservationFilterChainDecorator$AroundFilterObservation$SimpleAroundFilterObservation.lambda$wrap$1(ObservationFilterChainDecorator.java:340)
	at org.springframework.security.web.ObservationFilterChainDecorator.lambda$wrapSecured$0(ObservationFilterChainDecorator.java:82)
	at org.springframework.security.web.ObservationFilterChainDecorator$VirtualFilterChain.doFilter(ObservationFilterChainDecorator.java:128)
	at org.springframework.security.web.access.intercept.AuthorizationFilter.doFilter(AuthorizationFilter.java:101)
	at org.springframework.security.web.ObservationFilterChainDecorator$ObservationFilter.wrapFilter(ObservationFilterChainDecorator.java:240)
	at org.springframework.security.web.ObservationFilterChainDecorator$ObservationFilter.doFilter(ObservationFilterChainDecorator.java:227)
	at org.springframework.security.web.ObservationFilterChainDecorator$VirtualFilterChain.doFilter(ObservationFilterChainDecorator.java:137)
	at org.springframework.security.web.access.ExceptionTranslationFilter.doFilter(ExceptionTranslationFilter.java:126)
	at org.springframework.security.web.access.ExceptionTranslationFilter.doFilter(ExceptionTranslationFilter.java:120)
	at org.springframework.security.web.ObservationFilterChainDecorator$ObservationFilter.wrapFilter(ObservationFilterChainDecorator.java:240)
	at org.springframework.security.web.ObservationFilterChainDecorator$ObservationFilter.doFilter(ObservationFilterChainDecorator.java:227)
	at org.springframework.security.web.ObservationFilterChainDecorator$VirtualFilterChain.doFilter(ObservationFilterChainDecorator.java:137)
	at org.springframework.security.web.session.SessionManagementFilter.doFilter(SessionManagementFilter.java:131)
	at org.springframework.security.web.session.SessionManagementFilter.doFilter(SessionManagementFilter.java:85)
	at org.springframework.security.web.ObservationFilterChainDecorator$ObservationFilter.wrapFilter(ObservationFilterChainDecorator.java:240)
	at org.springframework.security.web.ObservationFilterChainDecorator$ObservationFilter.doFilter(ObservationFilterChainDecorator.java:227)
	at org.springframework.security.web.ObservationFilterChainDecorator$VirtualFilterChain.doFilter(ObservationFilterChainDecorator.java:137)
	at org.springframework.security.web.authentication.AnonymousAuthenticationFilter.doFilter(AnonymousAuthenticationFilter.java:100)
	at org.springframework.security.web.ObservationFilterChainDecorator$ObservationFilter.wrapFilter(ObservationFilterChainDecorator.java:240)
	at org.springframework.security.web.ObservationFilterChainDecorator$ObservationFilter.doFilter(ObservationFilterChainDecorator.java:227)
	at org.springframework.security.web.ObservationFilterChainDecorator$VirtualFilterChain.doFilter(ObservationFilterChainDecorator.java:137)
	at org.springframework.security.web.servletapi.SecurityContextHolderAwareRequestFilter.doFilter(SecurityContextHolderAwareRequestFilter.java:179)
	at org.springframework.security.web.ObservationFilterChainDecorator$ObservationFilter.wrapFilter(ObservationFilterChainDecorator.java:240)
	at org.springframework.security.web.ObservationFilterChainDecorator$ObservationFilter.doFilter(ObservationFilterChainDecorator.java:227)
	at org.springframework.security.web.ObservationFilterChainDecorator$VirtualFilterChain.doFilter(ObservationFilterChainDecorator.java:137)
	at org.springframework.security.web.savedrequest.RequestCacheAwareFilter.doFilter(RequestCacheAwareFilter.java:63)
	at org.springframework.security.web.ObservationFilterChainDecorator$ObservationFilter.wrapFilter(ObservationFilterChainDecorator.java:240)
	at org.springframework.security.web.ObservationFilterChainDecorator$ObservationFilter.doFilter(ObservationFilterChainDecorator.java:227)
	at org.springframework.security.web.ObservationFilterChainDecorator$VirtualFilterChain.doFilter(ObservationFilterChainDecorator.java:137)
	at org.springframework.security.web.session.ConcurrentSessionFilter.doFilter(ConcurrentSessionFilter.java:151)
	at org.springframework.security.web.session.ConcurrentSessionFilter.doFilter(ConcurrentSessionFilter.java:129)
	at org.springframework.security.web.ObservationFilterChainDecorator$ObservationFilter.wrapFilter(ObservationFilterChainDecorator.java:240)
	at org.springframework.security.web.ObservationFilterChainDecorator$ObservationFilter.doFilter(ObservationFilterChainDecorator.java:227)
	at org.springframework.security.web.ObservationFilterChainDecorator$VirtualFilterChain.doFilter(ObservationFilterChainDecorator.java:137)
	at org.springframework.security.web.authentication.AbstractAuthenticationProcessingFilter.doFilter(AbstractAuthenticationProcessingFilter.java:227)
	at org.springframework.security.web.authentication.AbstractAuthenticationProcessingFilter.doFilter(AbstractAuthenticationProcessingFilter.java:221)
	at org.springframework.security.web.ObservationFilterChainDecorator$ObservationFilter.wrapFilter(ObservationFilterChainDecorator.java:240)
	at org.springframework.security.web.ObservationFilterChainDecorator$ObservationFilter.doFilter(ObservationFilterChainDecorator.java:227)
	at org.springframework.security.web.ObservationFilterChainDecorator$VirtualFilterChain.doFilter(ObservationFilterChainDecorator.java:137)
	at org.springframework.security.web.authentication.logout.LogoutFilter.doFilter(LogoutFilter.java:107)
	at org.springframework.security.web.authentication.logout.LogoutFilter.doFilter(LogoutFilter.java:93)
	at org.springframework.security.web.ObservationFilterChainDecorator$ObservationFilter.wrapFilter(ObservationFilterChainDecorator.java:240)
	at org.springframework.security.web.ObservationFilterChainDecorator$ObservationFilter.doFilter(ObservationFilterChainDecorator.java:227)
	at org.springframework.security.web.ObservationFilterChainDecorator$VirtualFilterChain.doFilter(ObservationFilterChainDecorator.java:137)
	at org.springframework.security.web.csrf.CsrfFilter.doFilterInternal(CsrfFilter.java:117)
	at org.springframework.web.filter.OncePerRequestFilter.doFilter(OncePerRequestFilter.java:116)
	at org.springframework.security.web.ObservationFilterChainDecorator$ObservationFilter.wrapFilter(ObservationFilterChainDecorator.java:240)
	at org.springframework.security.web.ObservationFilterChainDecorator$ObservationFilter.doFilter(ObservationFilterChainDecorator.java:227)
	at org.springframework.security.web.ObservationFilterChainDecorator$VirtualFilterChain.doFilter(ObservationFilterChainDecorator.java:137)
	at org.springframework.web.filter.CorsFilter.doFilterInternal(CorsFilter.java:91)
	at org.springframework.web.filter.OncePerRequestFilter.doFilter(OncePerRequestFilter.java:116)
	at org.springframework.security.web.ObservationFilterChainDecorator$ObservationFilter.wrapFilter(ObservationFilterChainDecorator.java:240)
	at org.springframework.security.web.ObservationFilterChainDecorator$ObservationFilter.doFilter(ObservationFilterChainDecorator.java:227)
	at org.springframework.security.web.ObservationFilterChainDecorator$VirtualFilterChain.doFilter(ObservationFilterChainDecorator.java:137)
	at org.springframework.security.web.header.HeaderWriterFilter.doHeadersAfter(HeaderWriterFilter.java:90)
	at org.springframework.security.web.header.HeaderWriterFilter.doFilterInternal(HeaderWriterFilter.java:75)
	at org.springframework.web.filter.OncePerRequestFilter.doFilter(OncePerRequestFilter.java:116)
	at org.springframework.security.web.ObservationFilterChainDecorator$ObservationFilter.wrapFilter(ObservationFilterChainDecorator.java:240)
	at org.springframework.security.web.ObservationFilterChainDecorator$ObservationFilter.doFilter(ObservationFilterChainDecorator.java:227)
	at org.springframework.security.web.ObservationFilterChainDecorator$VirtualFilterChain.doFilter(ObservationFilterChainDecorator.java:137)
	at org.springframework.security.web.context.SecurityContextHolderFilter.doFilter(SecurityContextHolderFilter.java:82)
	at org.springframework.security.web.context.SecurityContextHolderFilter.doFilter(SecurityContextHolderFilter.java:69)
	at org.springframework.security.web.ObservationFilterChainDecorator$ObservationFilter.wrapFilter(ObservationFilterChainDecorator.java:240)
	at org.springframework.security.web.ObservationFilterChainDecorator$ObservationFilter.doFilter(ObservationFilterChainDecorator.java:227)
	at org.springframework.security.web.ObservationFilterChainDecorator$VirtualFilterChain.doFilter(ObservationFilterChainDecorator.java:137)
	at org.springframework.security.web.context.request.async.WebAsyncManagerIntegrationFilter.doFilterInternal(WebAsyncManagerIntegrationFilter.java:62)
	at org.springframework.web.filter.OncePerRequestFilter.doFilter(OncePerRequestFilter.java:116)
	at org.springframework.security.web.ObservationFilterChainDecorator$ObservationFilter.wrapFilter(ObservationFilterChainDecorator.java:240)
	at org.springframework.security.web.ObservationFilterChainDecorator$ObservationFilter.doFilter(ObservationFilterChainDecorator.java:227)
	at org.springframework.security.web.ObservationFilterChainDecorator$VirtualFilterChain.doFilter(ObservationFilterChainDecorator.java:137)
	at org.springframework.security.web.access.channel.ChannelProcessingFilter.doFilter(ChannelProcessingFilter.java:133)
	at org.springframework.security.web.ObservationFilterChainDecorator$ObservationFilter.wrapFilter(ObservationFilterChainDecorator.java:240)
	at org.springframework.security.web.ObservationFilterChainDecorator$ObservationFilter.doFilter(ObservationFilterChainDecorator.java:227)
	at org.springframework.security.web.ObservationFilterChainDecorator$VirtualFilterChain.doFilter(ObservationFilterChainDecorator.java:137)
	at org.springframework.security.web.session.DisableEncodeUrlFilter.doFilterInternal(DisableEncodeUrlFilter.java:42)
	at org.springframework.web.filter.OncePerRequestFilter.doFilter(OncePerRequestFilter.java:116)
	at org.springframework.security.web.ObservationFilterChainDecorator$ObservationFilter.wrapFilter(ObservationFilterChainDecorator.java:240)
	at org.springframework.security.web.ObservationFilterChainDecorator$AroundFilterObservation$SimpleAroundFilterObservation.lambda$wrap$0(ObservationFilterChainDecorator.java:323)
	at org.springframework.security.web.ObservationFilterChainDecorator$ObservationFilter.doFilter(ObservationFilterChainDecorator.java:224)
	at org.springframework.security.web.ObservationFilterChainDecorator$VirtualFilterChain.doFilter(ObservationFilterChainDecorator.java:137)
	at org.springframework.security.web.FilterChainProxy.doFilterInternal(FilterChainProxy.java:233)
	at org.springframework.security.web.FilterChainProxy.doFilter(FilterChainProxy.java:191)
	at org.springframework.web.filter.CompositeFilter$VirtualFilterChain.doFilter(CompositeFilter.java:113)
	at org.springframework.web.servlet.handler.HandlerMappingIntrospector.lambda$createCacheFilter$3(HandlerMappingIntrospector.java:243)
	at org.springframework.web.filter.CompositeFilter$VirtualFilterChain.doFilter(CompositeFilter.java:113)
	at org.springframework.web.filter.CompositeFilter.doFilter(CompositeFilter.java:74)
	at org.springframework.security.config.annotation.web.configuration.WebMvcSecurityConfiguration$CompositeFilterChainProxy.doFilter(WebMvcSecurityConfiguration.java:238)
	at org.springframework.web.filter.DelegatingFilterProxy.invokeDelegate(DelegatingFilterProxy.java:362)
	at org.springframework.web.filter.DelegatingFilterProxy.doFilter(DelegatingFilterProxy.java:278)
	at org.apache.catalina.core.ApplicationFilterChain.internalDoFilter(ApplicationFilterChain.java:164)
	at org.apache.catalina.core.ApplicationFilterChain.doFilter(ApplicationFilterChain.java:140)
	at org.springframework.web.filter.ServerHttpObservationFilter.doFilterInternal(ServerHttpObservationFilter.java:114)
	at org.springframework.web.filter.OncePerRequestFilter.doFilter(OncePerRequestFilter.java:116)
	at org.apache.catalina.core.ApplicationFilterChain.internalDoFilter(ApplicationFilterChain.java:164)
	at org.apache.catalina.core.ApplicationFilterChain.doFilter(ApplicationFilterChain.java:140)
	at org.springframework.web.filter.CharacterEncodingFilter.doFilterInternal(CharacterEncodingFilter.java:201)
	at org.springframework.web.filter.OncePerRequestFilter.doFilter(OncePerRequestFilter.java:116)
	at org.apache.catalina.core.ApplicationFilterChain.internalDoFilter(ApplicationFilterChain.java:164)
	at org.apache.catalina.core.ApplicationFilterChain.doFilter(ApplicationFilterChain.java:140)
	at org.apache.catalina.core.StandardWrapperValve.invoke(StandardWrapperValve.java:167)
	at org.apache.catalina.core.StandardContextValve.invoke(StandardContextValve.java:90)
	at org.apache.catalina.authenticator.AuthenticatorBase.invoke(AuthenticatorBase.java:483)
	at org.apache.catalina.core.StandardHostValve.invoke(StandardHostValve.java:115)
	at org.apache.catalina.valves.ErrorReportValve.invoke(ErrorReportValve.java:93)
	at org.apache.catalina.core.StandardEngineValve.invoke(StandardEngineValve.java:74)
	at org.apache.catalina.connector.CoyoteAdapter.service(CoyoteAdapter.java:344)
	at org.apache.coyote.http11.Http11Processor.service(Http11Processor.java:397)
	at org.apache.coyote.AbstractProcessorLight.process(AbstractProcessorLight.java:63)
	at org.apache.coyote.AbstractProtocol$ConnectionHandler.process(AbstractProtocol.java:905)
	at org.apache.tomcat.util.net.NioEndpoint$SocketProcessor.doRun(NioEndpoint.java:1743)
	at org.apache.tomcat.util.net.SocketProcessorBase.run(SocketProcessorBase.java:52)
	at org.apache.tomcat.util.threads.ThreadPoolExecutor.runWorker(ThreadPoolExecutor.java:1190)
	at org.apache.tomcat.util.threads.ThreadPoolExecutor$Worker.run(ThreadPoolExecutor.java:659)
	at org.apache.tomcat.util.threads.TaskThread$WrappingRunnable.run(TaskThread.java:63)
	at java.base/java.lang.Thread.run(Thread.java:842)
Caused by: org.attoparser.ParseException: Exception evaluating SpringEL expression: "page == profiles.number" (template: "fragments/building-fragments/buildings-table" - line 76, col 25)
	at org.attoparser.MarkupParser.parseDocument(MarkupParser.java:393)
	at org.attoparser.MarkupParser.parse(MarkupParser.java:257)
	at org.thymeleaf.templateparser.markup.AbstractMarkupTemplateParser.parse(AbstractMarkupTemplateParser.java:230)
	... 138 common frames omitted
Caused by: org.thymeleaf.exceptions.TemplateProcessingException: Exception evaluating SpringEL expression: "page == profiles.number" (template: "fragments/building-fragments/buildings-table" - line 76, col 25)
	at org.thymeleaf.spring6.expression.SPELVariableExpressionEvaluator.evaluate(SPELVariableExpressionEvaluator.java:292)
	at org.thymeleaf.standard.expression.VariableExpression.executeVariableExpression(VariableExpression.java:166)
	at org.thymeleaf.standard.expression.SimpleExpression.executeSimple(SimpleExpression.java:66)
	at org.thymeleaf.standard.expression.Expression.execute(Expression.java:109)
	at org.thymeleaf.standard.expression.Expression.execute(Expression.java:138)
	at org.thymeleaf.standard.expression.ConditionalExpression.executeConditional(ConditionalExpression.java:209)
	at org.thymeleaf.standard.expression.ComplexExpression.executeComplex(ComplexExpression.java:77)
	at org.thymeleaf.standard.expression.Expression.execute(Expression.java:112)
	at org.thymeleaf.standard.expression.Expression.execute(Expression.java:138)
	at org.thymeleaf.standard.processor.AbstractStandardExpressionAttributeTagProcessor.doProcess(AbstractStandardExpressionAttributeTagProcessor.java:144)
	at org.thymeleaf.processor.element.AbstractAttributeTagProcessor.doProcess(AbstractAttributeTagProcessor.java:74)
	at org.thymeleaf.processor.element.AbstractElementTagProcessor.process(AbstractElementTagProcessor.java:95)
	at org.thymeleaf.util.ProcessorConfigurationUtils$ElementTagProcessorWrapper.process(ProcessorConfigurationUtils.java:633)
	at org.thymeleaf.engine.ProcessorTemplateHandler.handleOpenElement(ProcessorTemplateHandler.java:1314)
	at org.thymeleaf.engine.OpenElementTag.beHandled(OpenElementTag.java:205)
	at org.thymeleaf.engine.Model.process(Model.java:282)
	at org.thymeleaf.engine.Model.process(Model.java:290)
	at org.thymeleaf.engine.IteratedGatheringModelProcessable.processIterationModel(IteratedGatheringModelProcessable.java:368)
	at org.thymeleaf.engine.IteratedGatheringModelProcessable.process(IteratedGatheringModelProcessable.java:222)
	at org.thymeleaf.engine.ProcessorTemplateHandler.handleCloseElement(ProcessorTemplateHandler.java:1640)
	at org.thymeleaf.engine.CloseElementTag.beHandled(CloseElementTag.java:139)
	at org.thymeleaf.engine.Model.process(Model.java:282)
	at org.thymeleaf.engine.ProcessorTemplateHandler.handleOpenElement(ProcessorTemplateHandler.java:1587)
	at org.thymeleaf.engine.TemplateHandlerAdapterMarkupHandler.handleOpenElementEnd(TemplateHandlerAdapterMarkupHandler.java:304)
	at org.thymeleaf.templateparser.markup.InlinedOutputExpressionMarkupHandler$InlineMarkupAdapterPreProcessorHandler.handleOpenElementEnd(InlinedOutputExpressionMarkupHandler.java:278)
	at org.thymeleaf.standard.inline.OutputExpressionInlinePreProcessorHandler.handleOpenElementEnd(OutputExpressionInlinePreProcessorHandler.java:186)
	at org.thymeleaf.templateparser.markup.InlinedOutputExpressionMarkupHandler.handleOpenElementEnd(InlinedOutputExpressionMarkupHandler.java:124)
	at org.attoparser.HtmlElement.handleOpenElementEnd(HtmlElement.java:109)
	at org.attoparser.HtmlMarkupHandler.handleOpenElementEnd(HtmlMarkupHandler.java:297)
	at org.attoparser.MarkupEventProcessorHandler.handleOpenElementEnd(MarkupEventProcessorHandler.java:402)
	at org.attoparser.ParsingElementMarkupUtil.parseOpenElement(ParsingElementMarkupUtil.java:159)
	at org.attoparser.MarkupParser.parseBuffer(MarkupParser.java:710)
	at org.attoparser.MarkupParser.parseDocument(MarkupParser.java:301)
	... 140 common frames omitted
Caused by: org.springframework.expression.spel.SpelEvaluationException: EL1007E: Property or field 'number' cannot be found on null
	at org.springframework.expression.spel.ast.PropertyOrFieldReference.readProperty(PropertyOrFieldReference.java:225)
	at org.springframework.expression.spel.ast.PropertyOrFieldReference.getValueInternal(PropertyOrFieldReference.java:112)
	at org.springframework.expression.spel.ast.PropertyOrFieldReference$AccessorValueRef.getValue(PropertyOrFieldReference.java:376)
	at org.springframework.expression.spel.ast.CompoundExpression.getValueInternal(CompoundExpression.java:97)
	at org.springframework.expression.spel.ast.OpEQ.getValueInternal(OpEQ.java:43)
	at org.springframework.expression.spel.ast.OpEQ.getValueInternal(OpEQ.java:32)
	at org.springframework.expression.spel.ast.SpelNodeImpl.getValue(SpelNodeImpl.java:116)
	at org.springframework.expression.spel.standard.SpelExpression.getValue(SpelExpression.java:338)
	at org.thymeleaf.spring6.expression.SPELVariableExpressionEvaluator.evaluate(SPELVariableExpressionEvaluator.java:265)
	... 172 common frames omitted
08:46:17.450 [https-jsse-nio-8443-exec-3] ERROR o.a.c.c.C.[.[.[.[dispatcherServlet] - Servlet.service() for servlet [dispatcherServlet] in context with path [] threw exception [Request processing failed: org.thymeleaf.exceptions.TemplateInputException: An error happened during template parsing (template: "class path resource [templates/building.html]")] with root cause
org.springframework.expression.spel.SpelEvaluationException: EL1007E: Property or field 'number' cannot be found on null
	at org.springframework.expression.spel.ast.PropertyOrFieldReference.readProperty(PropertyOrFieldReference.java:225)
	at org.springframework.expression.spel.ast.PropertyOrFieldReference.getValueInternal(PropertyOrFieldReference.java:112)
	at org.springframework.expression.spel.ast.PropertyOrFieldReference$AccessorValueRef.getValue(PropertyOrFieldReference.java:376)
	at org.springframework.expression.spel.ast.CompoundExpression.getValueInternal(CompoundExpression.java:97)
	at org.springframework.expression.spel.ast.OpEQ.getValueInternal(OpEQ.java:43)
	at org.springframework.expression.spel.ast.OpEQ.getValueInternal(OpEQ.java:32)
	at org.springframework.expression.spel.ast.SpelNodeImpl.getValue(SpelNodeImpl.java:116)
	at org.springframework.expression.spel.standard.SpelExpression.getValue(SpelExpression.java:338)
	at org.thymeleaf.spring6.expression.SPELVariableExpressionEvaluator.evaluate(SPELVariableExpressionEvaluator.java:265)
	at org.thymeleaf.standard.expression.VariableExpression.executeVariableExpression(VariableExpression.java:166)
	at org.thymeleaf.standard.expression.SimpleExpression.executeSimple(SimpleExpression.java:66)
	at org.thymeleaf.standard.expression.Expression.execute(Expression.java:109)
	at org.thymeleaf.standard.expression.Expression.execute(Expression.java:138)
	at org.thymeleaf.standard.expression.ConditionalExpression.executeConditional(ConditionalExpression.java:209)
	at org.thymeleaf.standard.expression.ComplexExpression.executeComplex(ComplexExpression.java:77)
	at org.thymeleaf.standard.expression.Expression.execute(Expression.java:112)
	at org.thymeleaf.standard.expression.Expression.execute(Expression.java:138)
	at org.thymeleaf.standard.processor.AbstractStandardExpressionAttributeTagProcessor.doProcess(AbstractStandardExpressionAttributeTagProcessor.java:144)
	at org.thymeleaf.processor.element.AbstractAttributeTagProcessor.doProcess(AbstractAttributeTagProcessor.java:74)
	at org.thymeleaf.processor.element.AbstractElementTagProcessor.process(AbstractElementTagProcessor.java:95)
	at org.thymeleaf.util.ProcessorConfigurationUtils$ElementTagProcessorWrapper.process(ProcessorConfigurationUtils.java:633)
	at org.thymeleaf.engine.ProcessorTemplateHandler.handleOpenElement(ProcessorTemplateHandler.java:1314)
	at org.thymeleaf.engine.OpenElementTag.beHandled(OpenElementTag.java:205)
	at org.thymeleaf.engine.Model.process(Model.java:282)
	at org.thymeleaf.engine.Model.process(Model.java:290)
	at org.thymeleaf.engine.IteratedGatheringModelProcessable.processIterationModel(IteratedGatheringModelProcessable.java:368)
	at org.thymeleaf.engine.IteratedGatheringModelProcessable.process(IteratedGatheringModelProcessable.java:222)
	at org.thymeleaf.engine.ProcessorTemplateHandler.handleCloseElement(ProcessorTemplateHandler.java:1640)
	at org.thymeleaf.engine.CloseElementTag.beHandled(CloseElementTag.java:139)
	at org.thymeleaf.engine.Model.process(Model.java:282)
	at org.thymeleaf.engine.ProcessorTemplateHandler.handleOpenElement(ProcessorTemplateHandler.java:1587)
	at org.thymeleaf.engine.TemplateHandlerAdapterMarkupHandler.handleOpenElementEnd(TemplateHandlerAdapterMarkupHandler.java:304)
	at org.thymeleaf.templateparser.markup.InlinedOutputExpressionMarkupHandler$InlineMarkupAdapterPreProcessorHandler.handleOpenElementEnd(InlinedOutputExpressionMarkupHandler.java:278)
	at org.thymeleaf.standard.inline.OutputExpressionInlinePreProcessorHandler.handleOpenElementEnd(OutputExpressionInlinePreProcessorHandler.java:186)
	at org.thymeleaf.templateparser.markup.InlinedOutputExpressionMarkupHandler.handleOpenElementEnd(InlinedOutputExpressionMarkupHandler.java:124)
	at org.attoparser.HtmlElement.handleOpenElementEnd(HtmlElement.java:109)
	at org.attoparser.HtmlMarkupHandler.handleOpenElementEnd(HtmlMarkupHandler.java:297)
	at org.attoparser.MarkupEventProcessorHandler.handleOpenElementEnd(MarkupEventProcessorHandler.java:402)
	at org.attoparser.ParsingElementMarkupUtil.parseOpenElement(ParsingElementMarkupUtil.java:159)
	at org.attoparser.MarkupParser.parseBuffer(MarkupParser.java:710)
	at org.attoparser.MarkupParser.parseDocument(MarkupParser.java:301)
	at org.attoparser.MarkupParser.parse(MarkupParser.java:257)
	at org.thymeleaf.templateparser.markup.AbstractMarkupTemplateParser.parse(AbstractMarkupTemplateParser.java:230)
	at org.thymeleaf.templateparser.markup.AbstractMarkupTemplateParser.parseStandalone(AbstractMarkupTemplateParser.java:100)
	at org.thymeleaf.engine.TemplateManager.parseAndProcess(TemplateManager.java:666)
	at org.thymeleaf.TemplateEngine.process(TemplateEngine.java:1103)
	at org.thymeleaf.TemplateEngine.process(TemplateEngine.java:1077)
	at org.thymeleaf.spring6.view.ThymeleafView.renderFragment(ThymeleafView.java:372)
	at org.thymeleaf.spring6.view.ThymeleafView.render(ThymeleafView.java:192)
	at org.springframework.web.servlet.DispatcherServlet.render(DispatcherServlet.java:1435)
	at org.springframework.web.servlet.DispatcherServlet.processDispatchResult(DispatcherServlet.java:1167)
	at org.springframework.web.servlet.DispatcherServlet.doDispatch(DispatcherServlet.java:1105)
	at org.springframework.web.servlet.DispatcherServlet.doService(DispatcherServlet.java:978)
	at org.springframework.web.servlet.FrameworkServlet.processRequest(FrameworkServlet.java:1014)
	at org.springframework.web.servlet.FrameworkServlet.doGet(FrameworkServlet.java:903)
	at jakarta.servlet.http.HttpServlet.service(HttpServlet.java:564)
	at org.springframework.web.servlet.FrameworkServlet.service(FrameworkServlet.java:885)
	at jakarta.servlet.http.HttpServlet.service(HttpServlet.java:658)
	at org.apache.catalina.core.ApplicationFilterChain.internalDoFilter(ApplicationFilterChain.java:195)
	at org.apache.catalina.core.ApplicationFilterChain.doFilter(ApplicationFilterChain.java:140)
	at org.apache.tomcat.websocket.server.WsFilter.doFilter(WsFilter.java:51)
	at org.apache.catalina.core.ApplicationFilterChain.internalDoFilter(ApplicationFilterChain.java:164)
	at org.apache.catalina.core.ApplicationFilterChain.doFilter(ApplicationFilterChain.java:140)
	at org.springframework.web.filter.CompositeFilter$VirtualFilterChain.doFilter(CompositeFilter.java:108)
	at org.springframework.security.web.FilterChainProxy.lambda$doFilterInternal$3(FilterChainProxy.java:231)
	at org.springframework.security.web.ObservationFilterChainDecorator$FilterObservation$SimpleFilterObservation.lambda$wrap$1(ObservationFilterChainDecorator.java:479)
	at org.springframework.security.web.ObservationFilterChainDecorator$AroundFilterObservation$SimpleAroundFilterObservation.lambda$wrap$1(ObservationFilterChainDecorator.java:340)
	at org.springframework.security.web.ObservationFilterChainDecorator.lambda$wrapSecured$0(ObservationFilterChainDecorator.java:82)
	at org.springframework.security.web.ObservationFilterChainDecorator$VirtualFilterChain.doFilter(ObservationFilterChainDecorator.java:128)
	at org.springframework.security.web.access.intercept.AuthorizationFilter.doFilter(AuthorizationFilter.java:101)
	at org.springframework.security.web.ObservationFilterChainDecorator$ObservationFilter.wrapFilter(ObservationFilterChainDecorator.java:240)
	at org.springframework.security.web.ObservationFilterChainDecorator$ObservationFilter.doFilter(ObservationFilterChainDecorator.java:227)
	at org.springframework.security.web.ObservationFilterChainDecorator$VirtualFilterChain.doFilter(ObservationFilterChainDecorator.java:137)
	at org.springframework.security.web.access.ExceptionTranslationFilter.doFilter(ExceptionTranslationFilter.java:126)
	at org.springframework.security.web.access.ExceptionTranslationFilter.doFilter(ExceptionTranslationFilter.java:120)
	at org.springframework.security.web.ObservationFilterChainDecorator$ObservationFilter.wrapFilter(ObservationFilterChainDecorator.java:240)
	at org.springframework.security.web.ObservationFilterChainDecorator$ObservationFilter.doFilter(ObservationFilterChainDecorator.java:227)
	at org.springframework.security.web.ObservationFilterChainDecorator$VirtualFilterChain.doFilter(ObservationFilterChainDecorator.java:137)
	at org.springframework.security.web.session.SessionManagementFilter.doFilter(SessionManagementFilter.java:131)
	at org.springframework.security.web.session.SessionManagementFilter.doFilter(SessionManagementFilter.java:85)
	at org.springframework.security.web.ObservationFilterChainDecorator$ObservationFilter.wrapFilter(ObservationFilterChainDecorator.java:240)
	at org.springframework.security.web.ObservationFilterChainDecorator$ObservationFilter.doFilter(ObservationFilterChainDecorator.java:227)
	at org.springframework.security.web.ObservationFilterChainDecorator$VirtualFilterChain.doFilter(ObservationFilterChainDecorator.java:137)
	at org.springframework.security.web.authentication.AnonymousAuthenticationFilter.doFilter(AnonymousAuthenticationFilter.java:100)
	at org.springframework.security.web.ObservationFilterChainDecorator$ObservationFilter.wrapFilter(ObservationFilterChainDecorator.java:240)
	at org.springframework.security.web.ObservationFilterChainDecorator$ObservationFilter.doFilter(ObservationFilterChainDecorator.java:227)
	at org.springframework.security.web.ObservationFilterChainDecorator$VirtualFilterChain.doFilter(ObservationFilterChainDecorator.java:137)
	at org.springframework.security.web.servletapi.SecurityContextHolderAwareRequestFilter.doFilter(SecurityContextHolderAwareRequestFilter.java:179)
	at org.springframework.security.web.ObservationFilterChainDecorator$ObservationFilter.wrapFilter(ObservationFilterChainDecorator.java:240)
	at org.springframework.security.web.ObservationFilterChainDecorator$ObservationFilter.doFilter(ObservationFilterChainDecorator.java:227)
	at org.springframework.security.web.ObservationFilterChainDecorator$VirtualFilterChain.doFilter(ObservationFilterChainDecorator.java:137)
	at org.springframework.security.web.savedrequest.RequestCacheAwareFilter.doFilter(RequestCacheAwareFilter.java:63)
	at org.springframework.security.web.ObservationFilterChainDecorator$ObservationFilter.wrapFilter(ObservationFilterChainDecorator.java:240)
	at org.springframework.security.web.ObservationFilterChainDecorator$ObservationFilter.doFilter(ObservationFilterChainDecorator.java:227)
	at org.springframework.security.web.ObservationFilterChainDecorator$VirtualFilterChain.doFilter(ObservationFilterChainDecorator.java:137)
	at org.springframework.security.web.session.ConcurrentSessionFilter.doFilter(ConcurrentSessionFilter.java:151)
	at org.springframework.security.web.session.ConcurrentSessionFilter.doFilter(ConcurrentSessionFilter.java:129)
	at org.springframework.security.web.ObservationFilterChainDecorator$ObservationFilter.wrapFilter(ObservationFilterChainDecorator.java:240)
	at org.springframework.security.web.ObservationFilterChainDecorator$ObservationFilter.doFilter(ObservationFilterChainDecorator.java:227)
	at org.springframework.security.web.ObservationFilterChainDecorator$VirtualFilterChain.doFilter(ObservationFilterChainDecorator.java:137)
	at org.springframework.security.web.authentication.AbstractAuthenticationProcessingFilter.doFilter(AbstractAuthenticationProcessingFilter.java:227)
	at org.springframework.security.web.authentication.AbstractAuthenticationProcessingFilter.doFilter(AbstractAuthenticationProcessingFilter.java:221)
	at org.springframework.security.web.ObservationFilterChainDecorator$ObservationFilter.wrapFilter(ObservationFilterChainDecorator.java:240)
	at org.springframework.security.web.ObservationFilterChainDecorator$ObservationFilter.doFilter(ObservationFilterChainDecorator.java:227)
	at org.springframework.security.web.ObservationFilterChainDecorator$VirtualFilterChain.doFilter(ObservationFilterChainDecorator.java:137)
	at org.springframework.security.web.authentication.logout.LogoutFilter.doFilter(LogoutFilter.java:107)
	at org.springframework.security.web.authentication.logout.LogoutFilter.doFilter(LogoutFilter.java:93)
	at org.springframework.security.web.ObservationFilterChainDecorator$ObservationFilter.wrapFilter(ObservationFilterChainDecorator.java:240)
	at org.springframework.security.web.ObservationFilterChainDecorator$ObservationFilter.doFilter(ObservationFilterChainDecorator.java:227)
	at org.springframework.security.web.ObservationFilterChainDecorator$VirtualFilterChain.doFilter(ObservationFilterChainDecorator.java:137)
	at org.springframework.security.web.csrf.CsrfFilter.doFilterInternal(CsrfFilter.java:117)
	at org.springframework.web.filter.OncePerRequestFilter.doFilter(OncePerRequestFilter.java:116)
	at org.springframework.security.web.ObservationFilterChainDecorator$ObservationFilter.wrapFilter(ObservationFilterChainDecorator.java:240)
	at org.springframework.security.web.ObservationFilterChainDecorator$ObservationFilter.doFilter(ObservationFilterChainDecorator.java:227)
	at org.springframework.security.web.ObservationFilterChainDecorator$VirtualFilterChain.doFilter(ObservationFilterChainDecorator.java:137)
	at org.springframework.web.filter.CorsFilter.doFilterInternal(CorsFilter.java:91)
	at org.springframework.web.filter.OncePerRequestFilter.doFilter(OncePerRequestFilter.java:116)
	at org.springframework.security.web.ObservationFilterChainDecorator$ObservationFilter.wrapFilter(ObservationFilterChainDecorator.java:240)
	at org.springframework.security.web.ObservationFilterChainDecorator$ObservationFilter.doFilter(ObservationFilterChainDecorator.java:227)
	at org.springframework.security.web.ObservationFilterChainDecorator$VirtualFilterChain.doFilter(ObservationFilterChainDecorator.java:137)
	at org.springframework.security.web.header.HeaderWriterFilter.doHeadersAfter(HeaderWriterFilter.java:90)
	at org.springframework.security.web.header.HeaderWriterFilter.doFilterInternal(HeaderWriterFilter.java:75)
	at org.springframework.web.filter.OncePerRequestFilter.doFilter(OncePerRequestFilter.java:116)
	at org.springframework.security.web.ObservationFilterChainDecorator$ObservationFilter.wrapFilter(ObservationFilterChainDecorator.java:240)
	at org.springframework.security.web.ObservationFilterChainDecorator$ObservationFilter.doFilter(ObservationFilterChainDecorator.java:227)
	at org.springframework.security.web.ObservationFilterChainDecorator$VirtualFilterChain.doFilter(ObservationFilterChainDecorator.java:137)
	at org.springframework.security.web.context.SecurityContextHolderFilter.doFilter(SecurityContextHolderFilter.java:82)
	at org.springframework.security.web.context.SecurityContextHolderFilter.doFilter(SecurityContextHolderFilter.java:69)
	at org.springframework.security.web.ObservationFilterChainDecorator$ObservationFilter.wrapFilter(ObservationFilterChainDecorator.java:240)
	at org.springframework.security.web.ObservationFilterChainDecorator$ObservationFilter.doFilter(ObservationFilterChainDecorator.java:227)
	at org.springframework.security.web.ObservationFilterChainDecorator$VirtualFilterChain.doFilter(ObservationFilterChainDecorator.java:137)
	at org.springframework.security.web.context.request.async.WebAsyncManagerIntegrationFilter.doFilterInternal(WebAsyncManagerIntegrationFilter.java:62)
	at org.springframework.web.filter.OncePerRequestFilter.doFilter(OncePerRequestFilter.java:116)
	at org.springframework.security.web.ObservationFilterChainDecorator$ObservationFilter.wrapFilter(ObservationFilterChainDecorator.java:240)
	at org.springframework.security.web.ObservationFilterChainDecorator$ObservationFilter.doFilter(ObservationFilterChainDecorator.java:227)
	at org.springframework.security.web.ObservationFilterChainDecorator$VirtualFilterChain.doFilter(ObservationFilterChainDecorator.java:137)
	at org.springframework.security.web.access.channel.ChannelProcessingFilter.doFilter(ChannelProcessingFilter.java:133)
	at org.springframework.security.web.ObservationFilterChainDecorator$ObservationFilter.wrapFilter(ObservationFilterChainDecorator.java:240)
	at org.springframework.security.web.ObservationFilterChainDecorator$ObservationFilter.doFilter(ObservationFilterChainDecorator.java:227)
	at org.springframework.security.web.ObservationFilterChainDecorator$VirtualFilterChain.doFilter(ObservationFilterChainDecorator.java:137)
	at org.springframework.security.web.session.DisableEncodeUrlFilter.doFilterInternal(DisableEncodeUrlFilter.java:42)
	at org.springframework.web.filter.OncePerRequestFilter.doFilter(OncePerRequestFilter.java:116)
	at org.springframework.security.web.ObservationFilterChainDecorator$ObservationFilter.wrapFilter(ObservationFilterChainDecorator.java:240)
	at org.springframework.security.web.ObservationFilterChainDecorator$AroundFilterObservation$SimpleAroundFilterObservation.lambda$wrap$0(ObservationFilterChainDecorator.java:323)
	at org.springframework.security.web.ObservationFilterChainDecorator$ObservationFilter.doFilter(ObservationFilterChainDecorator.java:224)
	at org.springframework.security.web.ObservationFilterChainDecorator$VirtualFilterChain.doFilter(ObservationFilterChainDecorator.java:137)
	at org.springframework.security.web.FilterChainProxy.doFilterInternal(FilterChainProxy.java:233)
	at org.springframework.security.web.FilterChainProxy.doFilter(FilterChainProxy.java:191)
	at org.springframework.web.filter.CompositeFilter$VirtualFilterChain.doFilter(CompositeFilter.java:113)
	at org.springframework.web.servlet.handler.HandlerMappingIntrospector.lambda$createCacheFilter$3(HandlerMappingIntrospector.java:243)
	at org.springframework.web.filter.CompositeFilter$VirtualFilterChain.doFilter(CompositeFilter.java:113)
	at org.springframework.web.filter.CompositeFilter.doFilter(CompositeFilter.java:74)
	at org.springframework.security.config.annotation.web.configuration.WebMvcSecurityConfiguration$CompositeFilterChainProxy.doFilter(WebMvcSecurityConfiguration.java:238)
	at org.springframework.web.filter.DelegatingFilterProxy.invokeDelegate(DelegatingFilterProxy.java:362)
	at org.springframework.web.filter.DelegatingFilterProxy.doFilter(DelegatingFilterProxy.java:278)
	at org.apache.catalina.core.ApplicationFilterChain.internalDoFilter(ApplicationFilterChain.java:164)
	at org.apache.catalina.core.ApplicationFilterChain.doFilter(ApplicationFilterChain.java:140)
	at org.springframework.web.filter.ServerHttpObservationFilter.doFilterInternal(ServerHttpObservationFilter.java:114)
	at org.springframework.web.filter.OncePerRequestFilter.doFilter(OncePerRequestFilter.java:116)
	at org.apache.catalina.core.ApplicationFilterChain.internalDoFilter(ApplicationFilterChain.java:164)
	at org.apache.catalina.core.ApplicationFilterChain.doFilter(ApplicationFilterChain.java:140)
	at org.springframework.web.filter.CharacterEncodingFilter.doFilterInternal(CharacterEncodingFilter.java:201)
	at org.springframework.web.filter.OncePerRequestFilter.doFilter(OncePerRequestFilter.java:116)
	at org.apache.catalina.core.ApplicationFilterChain.internalDoFilter(ApplicationFilterChain.java:164)
	at org.apache.catalina.core.ApplicationFilterChain.doFilter(ApplicationFilterChain.java:140)
	at org.apache.catalina.core.StandardWrapperValve.invoke(StandardWrapperValve.java:167)
	at org.apache.catalina.core.StandardContextValve.invoke(StandardContextValve.java:90)
	at org.apache.catalina.authenticator.AuthenticatorBase.invoke(AuthenticatorBase.java:483)
	at org.apache.catalina.core.StandardHostValve.invoke(StandardHostValve.java:115)
	at org.apache.catalina.valves.ErrorReportValve.invoke(ErrorReportValve.java:93)
	at org.apache.catalina.core.StandardEngineValve.invoke(StandardEngineValve.java:74)
	at org.apache.catalina.connector.CoyoteAdapter.service(CoyoteAdapter.java:344)
	at org.apache.coyote.http11.Http11Processor.service(Http11Processor.java:397)
	at org.apache.coyote.AbstractProcessorLight.process(AbstractProcessorLight.java:63)
	at org.apache.coyote.AbstractProtocol$ConnectionHandler.process(AbstractProtocol.java:905)
	at org.apache.tomcat.util.net.NioEndpoint$SocketProcessor.doRun(NioEndpoint.java:1743)
	at org.apache.tomcat.util.net.SocketProcessorBase.run(SocketProcessorBase.java:52)
	at org.apache.tomcat.util.threads.ThreadPoolExecutor.runWorker(ThreadPoolExecutor.java:1190)
	at org.apache.tomcat.util.threads.ThreadPoolExecutor$Worker.run(ThreadPoolExecutor.java:659)
	at org.apache.tomcat.util.threads.TaskThread$WrappingRunnable.run(TaskThread.java:63)
	at java.base/java.lang.Thread.run(Thread.java:842)
08:46:17.451 [https-jsse-nio-8443-exec-3] DEBUG o.s.security.web.FilterChainProxy - Securing GET /error
08:46:17.451 [https-jsse-nio-8443-exec-3] DEBUG o.s.s.w.a.c.ChannelProcessingFilter - Request: filter invocation [GET /error]; ConfigAttributes: [REQUIRES_SECURE_CHANNEL]
08:46:17.451 [https-jsse-nio-8443-exec-3] DEBUG o.s.s.w.c.HttpSessionSecurityContextRepository - Retrieved SecurityContextImpl [Authentication=UsernamePasswordAuthenticationToken [Principal=ir.model.entity.CustomUserDetails@d6fdef9, Credentials=[PROTECTED], Authenticated=true, Details=WebAuthenticationDetails [RemoteIpAddress=0:0:0:0:0:0:0:1, SessionId=F5FA942712FD3296F7514915924D4DFF], Granted Authorities=[TICKET_EDIT, BUILDING_CREATE, ROLE_ADMIN, TICKET_CREATE, TICKET_DELETE]]]
08:46:17.452 [https-jsse-nio-8443-exec-3] DEBUG o.s.security.web.FilterChainProxy - Secured GET /error
08:46:18.253 [org.springframework.kafka.KafkaListenerEndpointContainer#0-0-C-1] INFO  o.apache.kafka.clients.NetworkClient - [Consumer clientId=consumer-building-service-updater-1, groupId=building-service-updater] Node -1 disconnected.
08:46:18.253 [org.springframework.kafka.KafkaListenerEndpointContainer#0-0-C-1] WARN  o.apache.kafka.clients.NetworkClient - [Consumer clientId=consumer-building-service-updater-1, groupId=building-service-updater] Connection to node -1 (localhost/127.0.0.1:9092) could not be established. Node may not be available.
08:46:18.253 [org.springframework.kafka.KafkaListenerEndpointContainer#0-0-C-1] WARN  o.apache.kafka.clients.NetworkClient - [Consumer clientId=consumer-building-service-updater-1, groupId=building-service-updater] Bootstrap broker localhost:9092 (id: -1 rack: null) disconnected
08:46:19.254 [org.springframework.kafka.KafkaListenerEndpointContainer#0-0-C-1] INFO  o.apache.kafka.clients.NetworkClient - [Consumer clientId=consumer-building-service-updater-1, groupId=building-service-updater] Node -1 disconnected.
08:46:19.254 [org.springframework.kafka.KafkaListenerEndpointContainer#0-0-C-1] WARN  o.apache.kafka.clients.NetworkClient - [Consumer clientId=consumer-building-service-updater-1, groupId=building-service-updater] Connection to node -1 (localhost/127.0.0.1:9092) could not be established. Node may not be available.
08:46:19.254 [org.springframework.kafka.KafkaListenerEndpointContainer#0-0-C-1] WARN  o.apache.kafka.clients.NetworkClient - [Consumer clientId=consumer-building-service-updater-1, groupId=building-service-updater] Bootstrap broker localhost:9092 (id: -1 rack: null) disconnected
08:46:20.101 [org.springframework.kafka.KafkaListenerEndpointContainer#0-0-C-1] INFO  o.apache.kafka.clients.NetworkClient - [Consumer clientId=consumer-building-service-updater-1, groupId=building-service-updater] Node -1 disconnected.
08:46:20.101 [org.springframework.kafka.KafkaListenerEndpointContainer#0-0-C-1] WARN  o.apache.kafka.clients.NetworkClient - [Consumer clientId=consumer-building-service-updater-1, groupId=building-service-updater] Connection to node -1 (localhost/127.0.0.1:9092) could not be established. Node may not be available.
08:46:20.101 [org.springframework.kafka.KafkaListenerEndpointContainer#0-0-C-1] WARN  o.apache.kafka.clients.NetworkClient - [Consumer clientId=consumer-building-service-updater-1, groupId=building-service-updater] Bootstrap broker localhost:9092 (id: -1 rack: null) disconnected
08:46:21.152 [org.springframework.kafka.KafkaListenerEndpointContainer#0-0-C-1] INFO  o.apache.kafka.clients.NetworkClient - [Consumer clientId=consumer-building-service-updater-1, groupId=building-service-updater] Node -1 disconnected.
08:46:21.152 [org.springframework.kafka.KafkaListenerEndpointContainer#0-0-C-1] WARN  o.apache.kafka.clients.NetworkClient - [Consumer clientId=consumer-building-service-updater-1, groupId=building-service-updater] Connection to node -1 (localhost/127.0.0.1:9092) could not be established. Node may not be available.
08:46:21.152 [org.springframework.kafka.KafkaListenerEndpointContainer#0-0-C-1] WARN  o.apache.kafka.clients.NetworkClient - [Consumer clientId=consumer-building-service-updater-1, groupId=building-service-updater] Bootstrap broker localhost:9092 (id: -1 rack: null) disconnected
08:46:21.664 [org.springframework.kafka.KafkaListenerEndpointContainer#0-0-C-1] INFO  o.a.k.c.c.i.ConsumerCoordinator - [Consumer clientId=consumer-building-service-updater-1, groupId=building-service-updater] Resetting generation and member id due to: consumer pro-actively leaving the group
08:46:21.665 [org.springframework.kafka.KafkaListenerEndpointContainer#0-0-C-1] INFO  o.a.k.c.c.i.ConsumerCoordinator - [Consumer clientId=consumer-building-service-updater-1, groupId=building-service-updater] Request joining group due to: consumer pro-actively leaving the group
08:46:21.665 [org.springframework.kafka.KafkaListenerEndpointContainer#0-0-C-1] INFO  o.a.k.c.c.i.LegacyKafkaConsumer - [Consumer clientId=consumer-building-service-updater-1, groupId=building-service-updater] Unsubscribed all topics or patterns and assigned partitions
08:46:21.666 [org.springframework.kafka.KafkaListenerEndpointContainer#0-0-C-1] INFO  o.a.k.c.c.i.ConsumerCoordinator - [Consumer clientId=consumer-building-service-updater-1, groupId=building-service-updater] Resetting generation and member id due to: consumer pro-actively leaving the group
08:46:21.666 [org.springframework.kafka.KafkaListenerEndpointContainer#0-0-C-1] INFO  o.a.k.c.c.i.ConsumerCoordinator - [Consumer clientId=consumer-building-service-updater-1, groupId=building-service-updater] Request joining group due to: consumer pro-actively leaving the group
08:46:21.668 [org.springframework.kafka.KafkaListenerEndpointContainer#0-0-C-1] INFO  o.a.kafka.common.metrics.Metrics - Metrics scheduler closed
08:46:21.668 [org.springframework.kafka.KafkaListenerEndpointContainer#0-0-C-1] INFO  o.a.kafka.common.metrics.Metrics - Closing reporter org.apache.kafka.common.metrics.JmxReporter
08:46:21.668 [org.springframework.kafka.KafkaListenerEndpointContainer#0-0-C-1] INFO  o.a.kafka.common.metrics.Metrics - Closing reporter org.apache.kafka.common.telemetry.internals.ClientTelemetryReporter
08:46:21.668 [org.springframework.kafka.KafkaListenerEndpointContainer#0-0-C-1] INFO  o.a.kafka.common.metrics.Metrics - Metrics reporters closed
08:46:21.671 [org.springframework.kafka.KafkaListenerEndpointContainer#0-0-C-1] INFO  o.a.kafka.common.utils.AppInfoParser - App info kafka.consumer for consumer-building-service-updater-1 unregistered
08:46:21.673 [org.springframework.kafka.KafkaListenerEndpointContainer#0-0-C-1] INFO  o.s.k.l.KafkaMessageListenerContainer - building-service-updater: Consumer stopped
08:46:21.674 [SpringApplicationShutdownHook] INFO  o.s.b.w.e.tomcat.GracefulShutdown - Commencing graceful shutdown. Waiting for active requests to complete
08:46:21.947 [tomcat-shutdown] INFO  o.s.b.w.e.tomcat.GracefulShutdown - Graceful shutdown complete
08:46:21.966 [SpringApplicationShutdownHook] INFO  o.s.o.j.LocalContainerEntityManagerFactoryBean - Closing JPA EntityManagerFactory for persistence unit 'default'
08:46:21.968 [SpringApplicationShutdownHook] INFO  com.zaxxer.hikari.HikariDataSource - HikariPool-1 - Shutdown initiated...
08:46:21.986 [SpringApplicationShutdownHook] INFO  com.zaxxer.hikari.HikariDataSource - HikariPool-1 - Shutdown completed.
08:49:18.890 [background-preinit] INFO  o.h.validator.internal.util.Version - HV000001: Hibernate Validator 8.0.2.Final
08:49:18.925 [restartedMain] INFO  ir.TicketingSpringSample - Starting TicketingSpringSample using Java 17.0.12 with PID 15688 (D:\JAVA\MFT learning\projects\Spring\ticketing_spring_sample\target\classes started by arbab in D:\JAVA\MFT learning\projects\Spring\ticketing_spring_sample)
08:49:18.926 [restartedMain] INFO  ir.TicketingSpringSample - The following 1 profile is active: "dev"
08:49:18.972 [restartedMain] INFO  o.s.b.d.restart.ChangeableUrls - The Class-Path manifest attribute in C:\Users\arbab\.m2\repository\com\oracle\database\jdbc\ojdbc11\21.9.0.0\ojdbc11-21.9.0.0.jar referenced one or more files that do not exist: file:/C:/Users/arbab/.m2/repository/com/oracle/database/jdbc/ojdbc11/21.9.0.0/oraclepki.jar
08:49:18.973 [restartedMain] INFO  o.s.b.d.e.DevToolsPropertyDefaultsPostProcessor - Devtools property defaults active! Set 'spring.devtools.add-properties' to 'false' to disable
08:49:18.973 [restartedMain] INFO  o.s.b.d.e.DevToolsPropertyDefaultsPostProcessor - For additional web related logging consider setting the 'logging.level.web' property to 'DEBUG'
08:49:19.624 [restartedMain] INFO  o.s.b.f.s.DefaultListableBeanFactory - Overriding bean definition for bean 'localeResolver' with a different definition: replacing [Root bean: class=null; scope=; abstract=false; lazyInit=null; autowireMode=3; dependencyCheck=0; autowireCandidate=true; primary=false; fallback=false; factoryBeanName=org.springframework.web.servlet.config.annotation.DelegatingWebMvcConfiguration; factoryMethodName=localeResolver; initMethodNames=null; destroyMethodNames=[(inferred)]; defined in class path resource [org/springframework/web/servlet/config/annotation/DelegatingWebMvcConfiguration.class]] with [Root bean: class=null; scope=; abstract=false; lazyInit=null; autowireMode=3; dependencyCheck=0; autowireCandidate=true; primary=false; fallback=false; factoryBeanName=webConfig; factoryMethodName=localeResolver; initMethodNames=null; destroyMethodNames=[(inferred)]; defined in class path resource [ir/config/WebConfig.class]]
08:49:19.629 [restartedMain] INFO  o.s.d.r.c.RepositoryConfigurationDelegate - Multiple Spring Data modules found, entering strict repository configuration mode
08:49:19.629 [restartedMain] INFO  o.s.d.r.c.RepositoryConfigurationDelegate - Bootstrapping Spring Data JPA repositories in DEFAULT mode.
08:49:19.738 [restartedMain] INFO  o.s.d.r.c.RepositoryConfigurationExtensionSupport - Spring Data JPA - Could not safely identify store assignment for repository candidate interface ir.repository.ImageRepository; If you want this repository to be a JPA repository, consider annotating your entities with one of these annotations: jakarta.persistence.Entity, jakarta.persistence.MappedSuperclass (preferred), or consider extending one of the following types with your repository: org.springframework.data.jpa.repository.JpaRepository
08:49:19.787 [restartedMain] INFO  o.s.d.r.c.RepositoryConfigurationDelegate - Finished Spring Data repository scanning in 151 ms. Found 10 JPA repository interfaces.
08:49:20.096 [restartedMain] INFO  o.s.d.r.c.RepositoryConfigurationDelegate - Multiple Spring Data modules found, entering strict repository configuration mode
08:49:20.096 [restartedMain] INFO  o.s.d.r.c.RepositoryConfigurationDelegate - Bootstrapping Spring Data MongoDB repositories in DEFAULT mode.
08:49:20.108 [restartedMain] INFO  o.s.d.r.c.RepositoryConfigurationExtensionSupport - Spring Data MongoDB - Could not safely identify store assignment for repository candidate interface ir.repository.AttachmentRepository; If you want this repository to be a MongoDB repository, consider annotating your entities with one of these annotations: org.springframework.data.mongodb.core.mapping.Document (preferred), or consider extending one of the following types with your repository: org.springframework.data.mongodb.repository.MongoRepository
08:49:20.108 [restartedMain] INFO  o.s.d.r.c.RepositoryConfigurationExtensionSupport - Spring Data MongoDB - Could not safely identify store assignment for repository candidate interface ir.repository.BuildingRepository; If you want this repository to be a MongoDB repository, consider annotating your entities with one of these annotations: org.springframework.data.mongodb.core.mapping.Document (preferred), or consider extending one of the following types with your repository: org.springframework.data.mongodb.repository.MongoRepository
08:49:20.108 [restartedMain] INFO  o.s.d.r.c.RepositoryConfigurationExtensionSupport - Spring Data MongoDB - Could not safely identify store assignment for repository candidate interface ir.repository.MessageRepository; If you want this repository to be a MongoDB repository, consider annotating your entities with one of these annotations: org.springframework.data.mongodb.core.mapping.Document (preferred), or consider extending one of the following types with your repository: org.springframework.data.mongodb.repository.MongoRepository
08:49:20.108 [restartedMain] INFO  o.s.d.r.c.RepositoryConfigurationExtensionSupport - Spring Data MongoDB - Could not safely identify store assignment for repository candidate interface ir.repository.OutboxRepository; If you want this repository to be a MongoDB repository, consider annotating your entities with one of these annotations: org.springframework.data.mongodb.core.mapping.Document (preferred), or consider extending one of the following types with your repository: org.springframework.data.mongodb.repository.MongoRepository
08:49:20.109 [restartedMain] INFO  o.s.d.r.c.RepositoryConfigurationExtensionSupport - Spring Data MongoDB - Could not safely identify store assignment for repository candidate interface ir.repository.PermissionRepository; If you want this repository to be a MongoDB repository, consider annotating your entities with one of these annotations: org.springframework.data.mongodb.core.mapping.Document (preferred), or consider extending one of the following types with your repository: org.springframework.data.mongodb.repository.MongoRepository
08:49:20.109 [restartedMain] INFO  o.s.d.r.c.RepositoryConfigurationExtensionSupport - Spring Data MongoDB - Could not safely identify store assignment for repository candidate interface ir.repository.ProfileRepository; If you want this repository to be a MongoDB repository, consider annotating your entities with one of these annotations: org.springframework.data.mongodb.core.mapping.Document (preferred), or consider extending one of the following types with your repository: org.springframework.data.mongodb.repository.MongoRepository
08:49:20.109 [restartedMain] INFO  o.s.d.r.c.RepositoryConfigurationExtensionSupport - Spring Data MongoDB - Could not safely identify store assignment for repository candidate interface ir.repository.RoleRepository; If you want this repository to be a MongoDB repository, consider annotating your entities with one of these annotations: org.springframework.data.mongodb.core.mapping.Document (preferred), or consider extending one of the following types with your repository: org.springframework.data.mongodb.repository.MongoRepository
08:49:20.109 [restartedMain] INFO  o.s.d.r.c.RepositoryConfigurationExtensionSupport - Spring Data MongoDB - Could not safely identify store assignment for repository candidate interface ir.repository.SectionRepository; If you want this repository to be a MongoDB repository, consider annotating your entities with one of these annotations: org.springframework.data.mongodb.core.mapping.Document (preferred), or consider extending one of the following types with your repository: org.springframework.data.mongodb.repository.MongoRepository
08:49:20.109 [restartedMain] INFO  o.s.d.r.c.RepositoryConfigurationExtensionSupport - Spring Data MongoDB - Could not safely identify store assignment for repository candidate interface ir.repository.TicketRepository; If you want this repository to be a MongoDB repository, consider annotating your entities with one of these annotations: org.springframework.data.mongodb.core.mapping.Document (preferred), or consider extending one of the following types with your repository: org.springframework.data.mongodb.repository.MongoRepository
08:49:20.110 [restartedMain] INFO  o.s.d.r.c.RepositoryConfigurationExtensionSupport - Spring Data MongoDB - Could not safely identify store assignment for repository candidate interface ir.repository.UserRepository; If you want this repository to be a MongoDB repository, consider annotating your entities with one of these annotations: org.springframework.data.mongodb.core.mapping.Document (preferred), or consider extending one of the following types with your repository: org.springframework.data.mongodb.repository.MongoRepository
08:49:20.115 [restartedMain] INFO  o.s.d.r.c.RepositoryConfigurationDelegate - Finished Spring Data repository scanning in 17 ms. Found 1 MongoDB repository interface.
08:49:20.122 [restartedMain] INFO  o.s.d.r.c.RepositoryConfigurationDelegate - Multiple Spring Data modules found, entering strict repository configuration mode
08:49:20.122 [restartedMain] INFO  o.s.d.r.c.RepositoryConfigurationDelegate - Bootstrapping Spring Data Redis repositories in DEFAULT mode.
08:49:20.133 [restartedMain] INFO  o.s.d.r.c.RepositoryConfigurationExtensionSupport - Spring Data Redis - Could not safely identify store assignment for repository candidate interface ir.repository.AttachmentRepository; If you want this repository to be a Redis repository, consider annotating your entities with one of these annotations: org.springframework.data.redis.core.RedisHash (preferred), or consider extending one of the following types with your repository: org.springframework.data.keyvalue.repository.KeyValueRepository
08:49:20.133 [restartedMain] INFO  o.s.d.r.c.RepositoryConfigurationExtensionSupport - Spring Data Redis - Could not safely identify store assignment for repository candidate interface ir.repository.BuildingRepository; If you want this repository to be a Redis repository, consider annotating your entities with one of these annotations: org.springframework.data.redis.core.RedisHash (preferred), or consider extending one of the following types with your repository: org.springframework.data.keyvalue.repository.KeyValueRepository
08:49:20.133 [restartedMain] INFO  o.s.d.r.c.RepositoryConfigurationExtensionSupport - Spring Data Redis - Could not safely identify store assignment for repository candidate interface ir.repository.ImageRepository; If you want this repository to be a Redis repository, consider annotating your entities with one of these annotations: org.springframework.data.redis.core.RedisHash (preferred), or consider extending one of the following types with your repository: org.springframework.data.keyvalue.repository.KeyValueRepository
08:49:20.133 [restartedMain] INFO  o.s.d.r.c.RepositoryConfigurationExtensionSupport - Spring Data Redis - Could not safely identify store assignment for repository candidate interface ir.repository.MessageRepository; If you want this repository to be a Redis repository, consider annotating your entities with one of these annotations: org.springframework.data.redis.core.RedisHash (preferred), or consider extending one of the following types with your repository: org.springframework.data.keyvalue.repository.KeyValueRepository
08:49:20.133 [restartedMain] INFO  o.s.d.r.c.RepositoryConfigurationExtensionSupport - Spring Data Redis - Could not safely identify store assignment for repository candidate interface ir.repository.OutboxRepository; If you want this repository to be a Redis repository, consider annotating your entities with one of these annotations: org.springframework.data.redis.core.RedisHash (preferred), or consider extending one of the following types with your repository: org.springframework.data.keyvalue.repository.KeyValueRepository
08:49:20.133 [restartedMain] INFO  o.s.d.r.c.RepositoryConfigurationExtensionSupport - Spring Data Redis - Could not safely identify store assignment for repository candidate interface ir.repository.PermissionRepository; If you want this repository to be a Redis repository, consider annotating your entities with one of these annotations: org.springframework.data.redis.core.RedisHash (preferred), or consider extending one of the following types with your repository: org.springframework.data.keyvalue.repository.KeyValueRepository
08:49:20.133 [restartedMain] INFO  o.s.d.r.c.RepositoryConfigurationExtensionSupport - Spring Data Redis - Could not safely identify store assignment for repository candidate interface ir.repository.ProfileRepository; If you want this repository to be a Redis repository, consider annotating your entities with one of these annotations: org.springframework.data.redis.core.RedisHash (preferred), or consider extending one of the following types with your repository: org.springframework.data.keyvalue.repository.KeyValueRepository
08:49:20.134 [restartedMain] INFO  o.s.d.r.c.RepositoryConfigurationExtensionSupport - Spring Data Redis - Could not safely identify store assignment for repository candidate interface ir.repository.RoleRepository; If you want this repository to be a Redis repository, consider annotating your entities with one of these annotations: org.springframework.data.redis.core.RedisHash (preferred), or consider extending one of the following types with your repository: org.springframework.data.keyvalue.repository.KeyValueRepository
08:49:20.134 [restartedMain] INFO  o.s.d.r.c.RepositoryConfigurationExtensionSupport - Spring Data Redis - Could not safely identify store assignment for repository candidate interface ir.repository.SectionRepository; If you want this repository to be a Redis repository, consider annotating your entities with one of these annotations: org.springframework.data.redis.core.RedisHash (preferred), or consider extending one of the following types with your repository: org.springframework.data.keyvalue.repository.KeyValueRepository
08:49:20.134 [restartedMain] INFO  o.s.d.r.c.RepositoryConfigurationExtensionSupport - Spring Data Redis - Could not safely identify store assignment for repository candidate interface ir.repository.TicketRepository; If you want this repository to be a Redis repository, consider annotating your entities with one of these annotations: org.springframework.data.redis.core.RedisHash (preferred), or consider extending one of the following types with your repository: org.springframework.data.keyvalue.repository.KeyValueRepository
08:49:20.134 [restartedMain] INFO  o.s.d.r.c.RepositoryConfigurationExtensionSupport - Spring Data Redis - Could not safely identify store assignment for repository candidate interface ir.repository.UserRepository; If you want this repository to be a Redis repository, consider annotating your entities with one of these annotations: org.springframework.data.redis.core.RedisHash (preferred), or consider extending one of the following types with your repository: org.springframework.data.keyvalue.repository.KeyValueRepository
08:49:20.134 [restartedMain] INFO  o.s.d.r.c.RepositoryConfigurationDelegate - Finished Spring Data repository scanning in 5 ms. Found 0 Redis repository interfaces.
08:49:20.941 [restartedMain] INFO  o.s.b.w.e.tomcat.TomcatWebServer - Tomcat initialized with port 8443 (https)
08:49:20.948 [restartedMain] INFO  o.a.coyote.http11.Http11NioProtocol - Initializing ProtocolHandler ["https-jsse-nio-8443"]
08:49:20.951 [restartedMain] INFO  o.a.catalina.core.StandardService - Starting service [Tomcat]
08:49:20.951 [restartedMain] INFO  o.a.catalina.core.StandardEngine - Starting Servlet engine: [Apache Tomcat/10.1.36]
08:49:20.997 [restartedMain] INFO  o.a.c.c.C.[Tomcat].[localhost].[/] - Initializing Spring embedded WebApplicationContext
08:49:20.998 [restartedMain] INFO  o.s.b.w.s.c.ServletWebServerApplicationContext - Root WebApplicationContext: initialization completed in 2013 ms
08:49:21.391 [restartedMain] INFO  o.h.jpa.internal.util.LogHelper - HHH000204: Processing PersistenceUnitInfo [name: default]
08:49:21.425 [restartedMain] INFO  org.hibernate.Version - HHH000412: Hibernate ORM core version 6.6.8.Final
08:49:21.448 [restartedMain] INFO  o.h.c.i.RegionFactoryInitiator - HHH000026: Second-level cache disabled
08:49:21.633 [restartedMain] INFO  o.s.o.j.p.SpringPersistenceUnitInfo - No LoadTimeWeaver setup: ignoring JPA class transformer
08:49:21.653 [restartedMain] INFO  com.zaxxer.hikari.HikariDataSource - HikariPool-1 - Starting...
08:49:21.864 [restartedMain] INFO  com.zaxxer.hikari.pool.HikariPool - HikariPool-1 - Added connection oracle.jdbc.driver.T4CConnection@423e2de1
08:49:21.866 [restartedMain] INFO  com.zaxxer.hikari.HikariDataSource - HikariPool-1 - Start completed.
08:49:21.974 [restartedMain] WARN  org.hibernate.orm.deprecation - HHH90000025: OracleDialect does not need to be specified explicitly using 'hibernate.dialect' (remove the property setting and it will be selected by default)
08:49:21.994 [restartedMain] INFO  o.hibernate.orm.connections.pooling - HHH10001005: Database info:
	Database JDBC URL [Connecting through datasource 'HikariDataSource (HikariPool-1)']
	Database driver: undefined/unknown
	Database version: 21.0
	Autocommit mode: undefined/unknown
	Isolation level: undefined/unknown
	Minimum pool size: undefined/unknown
	Maximum pool size: undefined/unknown
08:49:22.854 [restartedMain] INFO  o.h.e.t.j.p.i.JtaPlatformInitiator - HHH000489: No JTA platform available (set 'hibernate.transaction.jta.platform' to enable JTA platform integration)
08:49:22.969 [restartedMain] DEBUG org.hibernate.SQL - 
    alter table attachment_tbl 
       modify file_type smallint
08:49:22.973 [restartedMain] DEBUG org.hibernate.SQL - 
    alter table ticket_tbl 
       modify status smallint
08:49:23.023 [restartedMain] INFO  o.s.o.j.LocalContainerEntityManagerFactoryBean - Initialized JPA EntityManagerFactory for persistence unit 'default'
08:49:23.663 [restartedMain] INFO  o.s.d.j.r.query.QueryEnhancerFactory - Hibernate is in classpath; If applicable, HQL parser will be used.
08:49:24.095 [restartedMain] TRACE o.s.c.a.AnnotationCacheOperationSource - Adding cacheable method 'update' with operations: [Builder[public ir.model.entity.Section ir.service.impl.SectionServiceImpl.update(java.lang.Long,ir.model.entity.Section)] caches=[sections, sectionsPageable, sectionsFilter] | key='' | keyGenerator='' | cacheManager='' | cacheResolver='' | condition='',true,false]
08:49:24.099 [restartedMain] TRACE o.s.c.a.AnnotationCacheOperationSource - Adding cacheable method 'save' with operations: [Builder[public ir.model.entity.Section ir.service.impl.SectionServiceImpl.save(ir.model.entity.Section)] caches=[sections, sectionsPageable, sectionsFilter] | key='' | keyGenerator='' | cacheManager='' | cacheResolver='' | condition='',true,false]
08:49:24.099 [restartedMain] TRACE o.s.c.a.AnnotationCacheOperationSource - Adding cacheable method 'findAll' with operations: [Builder[public org.springframework.data.domain.Page ir.service.impl.SectionServiceImpl.findAll(org.springframework.data.domain.Pageable)] caches=[sectionsPageable] | key='' | keyGenerator='' | cacheManager='' | cacheResolver='' | condition='' | unless='' | sync='false']
08:49:24.099 [restartedMain] TRACE o.s.c.a.AnnotationCacheOperationSource - Adding cacheable method 'findAll' with operations: [Builder[public java.util.List ir.service.impl.SectionServiceImpl.findAll()] caches=[sections] | key='' | keyGenerator='' | cacheManager='' | cacheResolver='' | condition='' | unless='' | sync='false']
08:49:24.100 [restartedMain] TRACE o.s.c.a.AnnotationCacheOperationSource - Adding cacheable method 'deleteById' with operations: [Builder[public void ir.service.impl.SectionServiceImpl.deleteById(java.lang.Long)] caches=[sections, sectionsPageable, sectionsFilter] | key='' | keyGenerator='' | cacheManager='' | cacheResolver='' | condition='',true,false]
08:49:24.100 [restartedMain] TRACE o.s.c.a.AnnotationCacheOperationSource - Adding cacheable method 'findAllForFilter' with operations: [Builder[public java.util.List ir.service.impl.SectionServiceImpl.findAllForFilter()] caches=[sectionsFilter] | key='' | keyGenerator='' | cacheManager='' | cacheResolver='' | condition='' | unless='' | sync='false']
08:49:24.373 [restartedMain] INFO  org.mongodb.driver.client - MongoClient with metadata {"driver": {"name": "mongo-java-driver|sync|spring-boot", "version": "5.2.1"}, "os": {"type": "Windows", "name": "Windows 10", "architecture": "amd64", "version": "10.0"}, "platform": "Java/Oracle Corporation/17.0.12+8-LTS-286"} created with settings MongoClientSettings{readPreference=primary, writeConcern=WriteConcern{w=null, wTimeout=null ms, journal=null}, retryWrites=true, retryReads=true, readConcern=ReadConcern{level=null}, credential=null, transportSettings=null, commandListeners=[io.micrometer.core.instrument.binder.mongodb.MongoMetricsCommandListener@309adb6], codecRegistry=ProvidersCodecRegistry{codecProviders=[ValueCodecProvider{}, BsonValueCodecProvider{}, DBRefCodecProvider{}, DBObjectCodecProvider{}, DocumentCodecProvider{}, CollectionCodecProvider{}, IterableCodecProvider{}, MapCodecProvider{}, GeoJsonCodecProvider{}, GridFSFileCodecProvider{}, Jsr310CodecProvider{}, JsonObjectCodecProvider{}, BsonCodecProvider{}, EnumCodecProvider{}, com.mongodb.client.model.mql.ExpressionCodecProvider@14601120, com.mongodb.Jep395RecordCodecProvider@572ae558, com.mongodb.KotlinCodecProvider@9c503c1]}, loggerSettings=LoggerSettings{maxDocumentLength=1000}, clusterSettings={hosts=[localhost:27017], srvServiceName=mongodb, mode=SINGLE, requiredClusterType=UNKNOWN, requiredReplicaSetName='null', serverSelector='null', clusterListeners='[]', serverSelectionTimeout='30000 ms', localThreshold='15 ms'}, socketSettings=SocketSettings{connectTimeoutMS=10000, readTimeoutMS=0, receiveBufferSize=0, proxySettings=ProxySettings{host=null, port=null, username=null, password=null}}, heartbeatSocketSettings=SocketSettings{connectTimeoutMS=10000, readTimeoutMS=10000, receiveBufferSize=0, proxySettings=ProxySettings{host=null, port=null, username=null, password=null}}, connectionPoolSettings=ConnectionPoolSettings{maxSize=100, minSize=0, maxWaitTimeMS=120000, maxConnectionLifeTimeMS=0, maxConnectionIdleTimeMS=0, maintenanceInitialDelayMS=0, maintenanceFrequencyMS=60000, connectionPoolListeners=[io.micrometer.core.instrument.binder.mongodb.MongoMetricsConnectionPoolListener@53542064], maxConnecting=2}, serverSettings=ServerSettings{heartbeatFrequencyMS=10000, minHeartbeatFrequencyMS=500, serverMonitoringMode=AUTO, serverListeners='[]', serverMonitorListeners='[]'}, sslSettings=SslSettings{enabled=false, invalidHostNameAllowed=false, context=null}, applicationName='null', compressorList=[], uuidRepresentation=JAVA_LEGACY, serverApi=null, autoEncryptionSettings=null, dnsClient=null, inetAddressResolver=null, contextProvider=null, timeoutMS=null}
08:49:24.382 [cluster-ClusterId{value='693cf75c03e50353bd1621eb', description='null'}-localhost:27017] INFO  org.mongodb.driver.cluster - Monitor thread successfully connected to server with description ServerDescription{address=localhost:27017, type=STANDALONE, cryptd=false, state=CONNECTED, ok=true, minWireVersion=0, maxWireVersion=27, maxDocumentSize=16777216, logicalSessionTimeoutMinutes=30, roundTripTimeNanos=17194500, minRoundTripTimeNanos=0}
08:49:24.527 [restartedMain] INFO  o.s.b.d.a.OptionalLiveReloadServer - LiveReload server is running on port 35729
08:49:25.343 [restartedMain] WARN  o.s.b.a.o.j.JpaBaseConfiguration$JpaWebConfiguration - spring.jpa.open-in-view is enabled by default. Therefore, database queries may be performed during view rendering. Explicitly configure spring.jpa.open-in-view to disable this warning
08:49:25.395 [restartedMain] INFO  o.s.s.c.a.a.c.InitializeAuthenticationProviderBeanManagerConfigurer$InitializeAuthenticationProviderManagerConfigurer - Global AuthenticationManager configured with AuthenticationProvider bean with name authenticationProvider
08:49:25.395 [restartedMain] WARN  o.s.s.c.a.a.c.InitializeUserDetailsBeanManagerConfigurer$InitializeUserDetailsManagerConfigurer - Global AuthenticationManager configured with an AuthenticationProvider bean. UserDetailsService beans will not be used by Spring Security for automatically configuring username/password login. Consider removing the AuthenticationProvider bean. Alternatively, consider using the UserDetailsService in a manually instantiated DaoAuthenticationProvider. If the current configuration is intentional, to turn off this warning, increase the logging level of 'org.springframework.security.config.annotation.authentication.configuration.InitializeUserDetailsBeanManagerConfigurer' to ERROR
08:49:26.000 [restartedMain] INFO  o.s.b.a.e.web.EndpointLinksResolver - Exposing 3 endpoints beneath base path '/actuator'
08:49:26.171 [restartedMain] INFO  o.s.s.w.a.c.ChannelProcessingFilter - Validated configuration attributes
08:49:26.174 [restartedMain] DEBUG o.s.s.web.DefaultSecurityFilterChain - Will secure any request with filters: DisableEncodeUrlFilter, ChannelProcessingFilter, WebAsyncManagerIntegrationFilter, SecurityContextHolderFilter, HeaderWriterFilter, CorsFilter, CsrfFilter, LogoutFilter, UsernamePasswordAuthenticationFilter, ConcurrentSessionFilter, RequestCacheAwareFilter, SecurityContextHolderAwareRequestFilter, AnonymousAuthenticationFilter, SessionManagementFilter, ExceptionTranslationFilter, AuthorizationFilter
08:49:26.903 [restartedMain] INFO  o.s.b.a.h.H2ConsoleAutoConfiguration - H2 console available at '/h2-console'. Database available at 'jdbc:oracle:thin:@localhost:1521:xe'
08:49:27.137 [restartedMain] INFO  o.a.coyote.http11.Http11NioProtocol - Starting ProtocolHandler ["https-jsse-nio-8443"]
08:49:27.197 [restartedMain] INFO  o.a.t.u.net.NioEndpoint.certificate - Connector [https-jsse-nio-8443], TLS virtual host [_default_], certificate type [UNDEFINED] configured from keystore [C:\Users\arbab\.keystore] using alias [ticketingkey] with trust store [null]
08:49:27.209 [restartedMain] INFO  o.s.b.w.e.tomcat.TomcatWebServer - Tomcat started on port 8443 (https) with context path '/'
08:49:27.236 [restartedMain] INFO  o.a.k.c.consumer.ConsumerConfig - ConsumerConfig values: 
	allow.auto.create.topics = true
	auto.commit.interval.ms = 5000
	auto.include.jmx.reporter = true
	auto.offset.reset = latest
	bootstrap.servers = [localhost:9092]
	check.crcs = true
	client.dns.lookup = use_all_dns_ips
	client.id = consumer-building-service-updater-1
	client.rack = 
	connections.max.idle.ms = 540000
	default.api.timeout.ms = 60000
	enable.auto.commit = false
	enable.metrics.push = true
	exclude.internal.topics = true
	fetch.max.bytes = 52428800
	fetch.max.wait.ms = 500
	fetch.min.bytes = 1
	group.id = building-service-updater
	group.instance.id = null
	group.protocol = classic
	group.remote.assignor = null
	heartbeat.interval.ms = 3000
	interceptor.classes = []
	internal.leave.group.on.close = true
	internal.throw.on.fetch.stable.offset.unsupported = false
	isolation.level = read_uncommitted
	key.deserializer = class org.apache.kafka.common.serialization.StringDeserializer
	max.partition.fetch.bytes = 1048576
	max.poll.interval.ms = 300000
	max.poll.records = 500
	metadata.max.age.ms = 300000
	metadata.recovery.strategy = none
	metric.reporters = []
	metrics.num.samples = 2
	metrics.recording.level = INFO
	metrics.sample.window.ms = 30000
	partition.assignment.strategy = [class org.apache.kafka.clients.consumer.RangeAssignor, class org.apache.kafka.clients.consumer.CooperativeStickyAssignor]
	receive.buffer.bytes = 65536
	reconnect.backoff.max.ms = 1000
	reconnect.backoff.ms = 50
	request.timeout.ms = 30000
	retry.backoff.max.ms = 1000
	retry.backoff.ms = 100
	sasl.client.callback.handler.class = null
	sasl.jaas.config = null
	sasl.kerberos.kinit.cmd = /usr/bin/kinit
	sasl.kerberos.min.time.before.relogin = 60000
	sasl.kerberos.service.name = null
	sasl.kerberos.ticket.renew.jitter = 0.05
	sasl.kerberos.ticket.renew.window.factor = 0.8
	sasl.login.callback.handler.class = null
	sasl.login.class = null
	sasl.login.connect.timeout.ms = null
	sasl.login.read.timeout.ms = null
	sasl.login.refresh.buffer.seconds = 300
	sasl.login.refresh.min.period.seconds = 60
	sasl.login.refresh.window.factor = 0.8
	sasl.login.refresh.window.jitter = 0.05
	sasl.login.retry.backoff.max.ms = 10000
	sasl.login.retry.backoff.ms = 100
	sasl.mechanism = GSSAPI
	sasl.oauthbearer.clock.skew.seconds = 30
	sasl.oauthbearer.expected.audience = null
	sasl.oauthbearer.expected.issuer = null
	sasl.oauthbearer.jwks.endpoint.refresh.ms = 3600000
	sasl.oauthbearer.jwks.endpoint.retry.backoff.max.ms = 10000
	sasl.oauthbearer.jwks.endpoint.retry.backoff.ms = 100
	sasl.oauthbearer.jwks.endpoint.url = null
	sasl.oauthbearer.scope.claim.name = scope
	sasl.oauthbearer.sub.claim.name = sub
	sasl.oauthbearer.token.endpoint.url = null
	security.protocol = PLAINTEXT
	security.providers = null
	send.buffer.bytes = 131072
	session.timeout.ms = 45000
	socket.connection.setup.timeout.max.ms = 30000
	socket.connection.setup.timeout.ms = 10000
	ssl.cipher.suites = null
	ssl.enabled.protocols = [TLSv1.2, TLSv1.3]
	ssl.endpoint.identification.algorithm = https
	ssl.engine.factory.class = null
	ssl.key.password = null
	ssl.keymanager.algorithm = SunX509
	ssl.keystore.certificate.chain = null
	ssl.keystore.key = null
	ssl.keystore.location = null
	ssl.keystore.password = null
	ssl.keystore.type = JKS
	ssl.protocol = TLSv1.3
	ssl.provider = null
	ssl.secure.random.implementation = null
	ssl.trustmanager.algorithm = PKIX
	ssl.truststore.certificates = null
	ssl.truststore.location = null
	ssl.truststore.password = null
	ssl.truststore.type = JKS
	value.deserializer = class org.apache.kafka.common.serialization.StringDeserializer

08:49:27.269 [restartedMain] INFO  o.a.k.c.t.i.KafkaMetricsCollector - initializing Kafka metrics collector
08:49:27.325 [restartedMain] INFO  o.a.kafka.common.utils.AppInfoParser - Kafka version: 3.8.1
08:49:27.325 [restartedMain] INFO  o.a.kafka.common.utils.AppInfoParser - Kafka commitId: 70d6ff42debf7e17
08:49:27.325 [restartedMain] INFO  o.a.kafka.common.utils.AppInfoParser - Kafka startTimeMs: 1765603167324
08:49:27.335 [restartedMain] INFO  o.a.k.c.c.i.LegacyKafkaConsumer - [Consumer clientId=consumer-building-service-updater-1, groupId=building-service-updater] Subscribed to topic(s): address-created-topic
08:49:27.358 [restartedMain] INFO  ir.TicketingSpringSample - Started TicketingSpringSample in 8.75 seconds (process running for 9.636)
08:49:27.370 [restartedMain] TRACE o.s.c.interceptor.CacheInterceptor - Computed cache key 'SimpleKey []' for operation Builder[public java.util.List ir.service.impl.SectionServiceImpl.findAll()] caches=[sections] | key='' | keyGenerator='' | cacheManager='' | cacheResolver='' | condition='' | unless='' | sync='false'
08:49:27.370 [restartedMain] TRACE o.s.c.interceptor.CacheInterceptor - No cache entry for key 'SimpleKey []' in cache(s) [sections]
08:49:27.377 [restartedMain] DEBUG o.s.jdbc.datasource.DataSourceUtils - Setting JDBC Connection [HikariProxyConnection@182312832 wrapping oracle.jdbc.driver.T4CConnection@423e2de1] read-only
08:49:27.379 [restartedMain] DEBUG o.h.e.t.internal.TransactionImpl - On TransactionImpl creation, JpaCompliance#isJpaTransactionComplianceEnabled == false
08:49:27.379 [restartedMain] DEBUG o.h.e.t.internal.TransactionImpl - begin
08:49:27.496 [restartedMain] DEBUG org.hibernate.SQL - 
    /* <criteria> */ select
        s1_0.id,
        s1_0.building_id,
        s1_0.deleted,
        s1_0.parent_section_id,
        s1_0.title 
    from
        section_table s1_0 
    where
        (
            s1_0.deleted = 0
        )
08:49:27.555 [restartedMain] TRACE org.hibernate.orm.jdbc.extract - extracted value (1:BIGINT) -> [1]
08:49:27.557 [restartedMain] TRACE org.hibernate.orm.jdbc.extract - extracted value (2:BIGINT) -> [null]
08:49:27.579 [restartedMain] TRACE org.hibernate.orm.jdbc.extract - extracted value (4:BIGINT) -> [null]
08:49:27.581 [restartedMain] TRACE org.hibernate.orm.jdbc.extract - extracted value (3:BOOLEAN) -> [false]
08:49:27.582 [restartedMain] TRACE org.hibernate.orm.jdbc.extract - extracted value (5:VARCHAR) -> [MAIN SECTION]
08:49:27.588 [restartedMain] TRACE org.hibernate.orm.jdbc.extract - extracted value (1:BIGINT) -> [2]
08:49:27.589 [restartedMain] TRACE org.hibernate.orm.jdbc.extract - extracted value (2:BIGINT) -> [null]
08:49:27.589 [restartedMain] TRACE org.hibernate.orm.jdbc.extract - extracted value (4:BIGINT) -> [1]
08:49:27.589 [restartedMain] TRACE org.hibernate.orm.jdbc.extract - extracted value (3:BOOLEAN) -> [false]
08:49:27.589 [restartedMain] TRACE org.hibernate.orm.jdbc.extract - extracted value (5:VARCHAR) -> [HSE]
08:49:27.590 [restartedMain] TRACE org.hibernate.orm.jdbc.extract - extracted value (1:BIGINT) -> [3]
08:49:27.590 [restartedMain] TRACE org.hibernate.orm.jdbc.extract - extracted value (2:BIGINT) -> [null]
08:49:27.590 [restartedMain] TRACE org.hibernate.orm.jdbc.extract - extracted value (4:BIGINT) -> [1]
08:49:27.590 [restartedMain] TRACE org.hibernate.orm.jdbc.extract - extracted value (3:BOOLEAN) -> [false]
08:49:27.590 [restartedMain] TRACE org.hibernate.orm.jdbc.extract - extracted value (5:VARCHAR) -> [TRANSPORT]
08:49:27.591 [restartedMain] TRACE org.hibernate.orm.jdbc.extract - extracted value (1:BIGINT) -> [4]
08:49:27.592 [restartedMain] TRACE org.hibernate.orm.jdbc.extract - extracted value (2:BIGINT) -> [null]
08:49:27.593 [restartedMain] TRACE org.hibernate.orm.jdbc.extract - extracted value (4:BIGINT) -> [3]
08:49:27.594 [restartedMain] TRACE org.hibernate.orm.jdbc.extract - extracted value (3:BOOLEAN) -> [false]
08:49:27.595 [restartedMain] TRACE org.hibernate.orm.jdbc.extract - extracted value (5:VARCHAR) -> [BUS]
08:49:27.596 [restartedMain] TRACE org.hibernate.orm.jdbc.extract - extracted value (1:BIGINT) -> [5]
08:49:27.596 [restartedMain] TRACE org.hibernate.orm.jdbc.extract - extracted value (2:BIGINT) -> [null]
08:49:27.597 [restartedMain] TRACE org.hibernate.orm.jdbc.extract - extracted value (4:BIGINT) -> [3]
08:49:27.597 [restartedMain] TRACE org.hibernate.orm.jdbc.extract - extracted value (3:BOOLEAN) -> [false]
08:49:27.598 [restartedMain] TRACE org.hibernate.orm.jdbc.extract - extracted value (5:VARCHAR) -> [TAXI]
08:49:27.615 [restartedMain] DEBUG org.hibernate.SQL - 
    select
        csl1_0.parent_section_id,
        csl1_0.id,
        csl1_0.building_id,
        csl1_0.deleted,
        csl1_0.title 
    from
        section_table csl1_0 
    where
        csl1_0.parent_section_id=? 
        and (
            csl1_0.deleted = 0
        )
08:49:27.618 [restartedMain] TRACE org.hibernate.orm.jdbc.bind - binding parameter (1:BIGINT) <- [5]
08:49:27.661 [restartedMain] DEBUG org.hibernate.SQL - 
    select
        csl1_0.parent_section_id,
        csl1_0.id,
        csl1_0.building_id,
        csl1_0.deleted,
        csl1_0.title 
    from
        section_table csl1_0 
    where
        csl1_0.parent_section_id=? 
        and (
            csl1_0.deleted = 0
        )
08:49:27.662 [restartedMain] TRACE org.hibernate.orm.jdbc.bind - binding parameter (1:BIGINT) <- [4]
08:49:27.664 [restartedMain] DEBUG org.hibernate.SQL - 
    select
        csl1_0.parent_section_id,
        csl1_0.id,
        csl1_0.building_id,
        csl1_0.deleted,
        csl1_0.title 
    from
        section_table csl1_0 
    where
        csl1_0.parent_section_id=? 
        and (
            csl1_0.deleted = 0
        )
08:49:27.665 [restartedMain] TRACE org.hibernate.orm.jdbc.bind - binding parameter (1:BIGINT) <- [3]
08:49:27.667 [restartedMain] TRACE org.hibernate.orm.jdbc.extract - extracted value (1:BIGINT) -> [3]
08:49:27.667 [restartedMain] TRACE org.hibernate.orm.jdbc.extract - extracted value (2:BIGINT) -> [4]
08:49:27.669 [restartedMain] TRACE org.hibernate.orm.jdbc.extract - extracted value (1:BIGINT) -> [3]
08:49:27.669 [restartedMain] TRACE org.hibernate.orm.jdbc.extract - extracted value (2:BIGINT) -> [5]
08:49:27.672 [restartedMain] DEBUG org.hibernate.SQL - 
    select
        csl1_0.parent_section_id,
        csl1_0.id,
        csl1_0.building_id,
        csl1_0.deleted,
        csl1_0.title 
    from
        section_table csl1_0 
    where
        csl1_0.parent_section_id=? 
        and (
            csl1_0.deleted = 0
        )
08:49:27.673 [restartedMain] TRACE org.hibernate.orm.jdbc.bind - binding parameter (1:BIGINT) <- [2]
08:49:27.674 [restartedMain] DEBUG org.hibernate.SQL - 
    select
        csl1_0.parent_section_id,
        csl1_0.id,
        csl1_0.building_id,
        csl1_0.deleted,
        csl1_0.title 
    from
        section_table csl1_0 
    where
        csl1_0.parent_section_id=? 
        and (
            csl1_0.deleted = 0
        )
08:49:27.675 [restartedMain] TRACE org.hibernate.orm.jdbc.bind - binding parameter (1:BIGINT) <- [1]
08:49:27.677 [restartedMain] TRACE org.hibernate.orm.jdbc.extract - extracted value (1:BIGINT) -> [1]
08:49:27.677 [restartedMain] TRACE org.hibernate.orm.jdbc.extract - extracted value (2:BIGINT) -> [2]
08:49:27.677 [restartedMain] TRACE org.hibernate.orm.jdbc.extract - extracted value (1:BIGINT) -> [1]
08:49:27.678 [restartedMain] TRACE org.hibernate.orm.jdbc.extract - extracted value (2:BIGINT) -> [3]
08:49:27.684 [restartedMain] DEBUG o.h.e.t.internal.TransactionImpl - committing
08:49:27.688 [restartedMain] DEBUG o.s.jdbc.datasource.DataSourceUtils - Resetting read-only flag of JDBC Connection [HikariProxyConnection@182312832 wrapping oracle.jdbc.driver.T4CConnection@423e2de1]
08:49:27.690 [restartedMain] TRACE o.s.c.interceptor.CacheInterceptor - Creating cache entry for key 'SimpleKey []' in cache(s) [sections]
08:49:27.692 [restartedMain] TRACE o.s.c.interceptor.CacheInterceptor - Computed cache key 'Page request [number: 0, size 50, sort: UNSORTED]' for operation Builder[public org.springframework.data.domain.Page ir.service.impl.SectionServiceImpl.findAll(org.springframework.data.domain.Pageable)] caches=[sectionsPageable] | key='' | keyGenerator='' | cacheManager='' | cacheResolver='' | condition='' | unless='' | sync='false'
08:49:27.692 [restartedMain] TRACE o.s.c.interceptor.CacheInterceptor - No cache entry for key 'Page request [number: 0, size 50, sort: UNSORTED]' in cache(s) [sectionsPageable]
08:49:27.692 [restartedMain] DEBUG o.s.jdbc.datasource.DataSourceUtils - Setting JDBC Connection [HikariProxyConnection@1652163135 wrapping oracle.jdbc.driver.T4CConnection@423e2de1] read-only
08:49:27.692 [restartedMain] DEBUG o.h.e.t.internal.TransactionImpl - On TransactionImpl creation, JpaCompliance#isJpaTransactionComplianceEnabled == false
08:49:27.692 [restartedMain] DEBUG o.h.e.t.internal.TransactionImpl - begin
08:49:27.696 [restartedMain] DEBUG org.hibernate.SQL - 
    /* <criteria> */ select
        s1_0.id,
        s1_0.building_id,
        s1_0.deleted,
        s1_0.parent_section_id,
        s1_0.title 
    from
        section_table s1_0 
    where
        (
            s1_0.deleted = 0
        ) 
    offset
        ? rows 
    fetch
        first ? rows only
08:49:27.696 [restartedMain] TRACE org.hibernate.orm.jdbc.bind - binding parameter (1:INTEGER) <- [0]
08:49:27.697 [restartedMain] TRACE org.hibernate.orm.jdbc.bind - binding parameter (2:INTEGER) <- [50]
08:49:27.698 [restartedMain] TRACE org.hibernate.orm.jdbc.extract - extracted value (1:BIGINT) -> [1]
08:49:27.699 [restartedMain] TRACE org.hibernate.orm.jdbc.extract - extracted value (2:BIGINT) -> [null]
08:49:27.699 [restartedMain] TRACE org.hibernate.orm.jdbc.extract - extracted value (4:BIGINT) -> [null]
08:49:27.699 [restartedMain] TRACE org.hibernate.orm.jdbc.extract - extracted value (3:BOOLEAN) -> [false]
08:49:27.699 [restartedMain] TRACE org.hibernate.orm.jdbc.extract - extracted value (5:VARCHAR) -> [MAIN SECTION]
08:49:27.700 [restartedMain] TRACE org.hibernate.orm.jdbc.extract - extracted value (1:BIGINT) -> [2]
08:49:27.700 [RMI TCP Connection(3)-192.168.1.152] INFO  o.a.c.c.C.[Tomcat].[localhost].[/] - Initializing Spring DispatcherServlet 'dispatcherServlet'
08:49:27.700 [restartedMain] TRACE org.hibernate.orm.jdbc.extract - extracted value (2:BIGINT) -> [null]
08:49:27.700 [restartedMain] TRACE org.hibernate.orm.jdbc.extract - extracted value (4:BIGINT) -> [1]
08:49:27.700 [RMI TCP Connection(3)-192.168.1.152] INFO  o.s.web.servlet.DispatcherServlet - Initializing Servlet 'dispatcherServlet'
08:49:27.700 [restartedMain] TRACE org.hibernate.orm.jdbc.extract - extracted value (3:BOOLEAN) -> [false]
08:49:27.700 [restartedMain] TRACE org.hibernate.orm.jdbc.extract - extracted value (5:VARCHAR) -> [HSE]
08:49:27.700 [restartedMain] TRACE org.hibernate.orm.jdbc.extract - extracted value (1:BIGINT) -> [3]
08:49:27.700 [restartedMain] TRACE org.hibernate.orm.jdbc.extract - extracted value (2:BIGINT) -> [null]
08:49:27.700 [restartedMain] TRACE org.hibernate.orm.jdbc.extract - extracted value (4:BIGINT) -> [1]
08:49:27.700 [restartedMain] TRACE org.hibernate.orm.jdbc.extract - extracted value (3:BOOLEAN) -> [false]
08:49:27.701 [restartedMain] TRACE org.hibernate.orm.jdbc.extract - extracted value (5:VARCHAR) -> [TRANSPORT]
08:49:27.701 [restartedMain] TRACE org.hibernate.orm.jdbc.extract - extracted value (1:BIGINT) -> [4]
08:49:27.701 [restartedMain] TRACE org.hibernate.orm.jdbc.extract - extracted value (2:BIGINT) -> [null]
08:49:27.701 [restartedMain] TRACE org.hibernate.orm.jdbc.extract - extracted value (4:BIGINT) -> [3]
08:49:27.701 [restartedMain] TRACE org.hibernate.orm.jdbc.extract - extracted value (3:BOOLEAN) -> [false]
08:49:27.701 [restartedMain] TRACE org.hibernate.orm.jdbc.extract - extracted value (5:VARCHAR) -> [BUS]
08:49:27.701 [restartedMain] TRACE org.hibernate.orm.jdbc.extract - extracted value (1:BIGINT) -> [5]
08:49:27.702 [restartedMain] TRACE org.hibernate.orm.jdbc.extract - extracted value (2:BIGINT) -> [null]
08:49:27.702 [restartedMain] TRACE org.hibernate.orm.jdbc.extract - extracted value (4:BIGINT) -> [3]
08:49:27.702 [restartedMain] TRACE org.hibernate.orm.jdbc.extract - extracted value (3:BOOLEAN) -> [false]
08:49:27.702 [restartedMain] TRACE org.hibernate.orm.jdbc.extract - extracted value (5:VARCHAR) -> [TAXI]
08:49:27.703 [restartedMain] DEBUG org.hibernate.SQL - 
    select
        csl1_0.parent_section_id,
        csl1_0.id,
        csl1_0.building_id,
        csl1_0.deleted,
        csl1_0.title 
    from
        section_table csl1_0 
    where
        csl1_0.parent_section_id=? 
        and (
            csl1_0.deleted = 0
        )
08:49:27.703 [restartedMain] TRACE org.hibernate.orm.jdbc.bind - binding parameter (1:BIGINT) <- [5]
08:49:27.703 [RMI TCP Connection(3)-192.168.1.152] INFO  o.s.web.servlet.DispatcherServlet - Completed initialization in 3 ms
08:49:27.704 [restartedMain] DEBUG org.hibernate.SQL - 
    select
        csl1_0.parent_section_id,
        csl1_0.id,
        csl1_0.building_id,
        csl1_0.deleted,
        csl1_0.title 
    from
        section_table csl1_0 
    where
        csl1_0.parent_section_id=? 
        and (
            csl1_0.deleted = 0
        )
08:49:27.705 [restartedMain] TRACE org.hibernate.orm.jdbc.bind - binding parameter (1:BIGINT) <- [4]
08:49:27.706 [restartedMain] DEBUG org.hibernate.SQL - 
    select
        csl1_0.parent_section_id,
        csl1_0.id,
        csl1_0.building_id,
        csl1_0.deleted,
        csl1_0.title 
    from
        section_table csl1_0 
    where
        csl1_0.parent_section_id=? 
        and (
            csl1_0.deleted = 0
        )
08:49:27.707 [restartedMain] TRACE org.hibernate.orm.jdbc.bind - binding parameter (1:BIGINT) <- [3]
08:49:27.709 [restartedMain] TRACE org.hibernate.orm.jdbc.extract - extracted value (1:BIGINT) -> [3]
08:49:27.709 [restartedMain] TRACE org.hibernate.orm.jdbc.extract - extracted value (2:BIGINT) -> [4]
08:49:27.722 [restartedMain] TRACE org.hibernate.orm.jdbc.extract - extracted value (1:BIGINT) -> [3]
08:49:27.723 [restartedMain] TRACE org.hibernate.orm.jdbc.extract - extracted value (2:BIGINT) -> [5]
08:49:27.727 [restartedMain] DEBUG org.hibernate.SQL - 
    select
        csl1_0.parent_section_id,
        csl1_0.id,
        csl1_0.building_id,
        csl1_0.deleted,
        csl1_0.title 
    from
        section_table csl1_0 
    where
        csl1_0.parent_section_id=? 
        and (
            csl1_0.deleted = 0
        )
08:49:27.728 [restartedMain] TRACE org.hibernate.orm.jdbc.bind - binding parameter (1:BIGINT) <- [2]
08:49:27.729 [restartedMain] DEBUG org.hibernate.SQL - 
    select
        csl1_0.parent_section_id,
        csl1_0.id,
        csl1_0.building_id,
        csl1_0.deleted,
        csl1_0.title 
    from
        section_table csl1_0 
    where
        csl1_0.parent_section_id=? 
        and (
            csl1_0.deleted = 0
        )
08:49:27.730 [restartedMain] TRACE org.hibernate.orm.jdbc.bind - binding parameter (1:BIGINT) <- [1]
08:49:27.731 [restartedMain] TRACE org.hibernate.orm.jdbc.extract - extracted value (1:BIGINT) -> [1]
08:49:27.731 [restartedMain] TRACE org.hibernate.orm.jdbc.extract - extracted value (2:BIGINT) -> [2]
08:49:27.731 [restartedMain] TRACE org.hibernate.orm.jdbc.extract - extracted value (1:BIGINT) -> [1]
08:49:27.731 [restartedMain] TRACE org.hibernate.orm.jdbc.extract - extracted value (2:BIGINT) -> [3]
08:49:27.748 [restartedMain] DEBUG o.h.e.t.internal.TransactionImpl - committing
08:49:27.769 [restartedMain] DEBUG o.s.jdbc.datasource.DataSourceUtils - Resetting read-only flag of JDBC Connection [HikariProxyConnection@1652163135 wrapping oracle.jdbc.driver.T4CConnection@423e2de1]
08:49:27.773 [restartedMain] TRACE o.s.c.interceptor.CacheInterceptor - Creating cache entry for key 'Page request [number: 0, size 50, sort: UNSORTED]' in cache(s) [sectionsPageable]
08:49:27.773 [restartedMain] TRACE o.s.c.interceptor.CacheInterceptor - Computed cache key 'SimpleKey []' for operation Builder[public java.util.List ir.service.impl.SectionServiceImpl.findAllForFilter()] caches=[sectionsFilter] | key='' | keyGenerator='' | cacheManager='' | cacheResolver='' | condition='' | unless='' | sync='false'
08:49:27.774 [restartedMain] TRACE o.s.c.interceptor.CacheInterceptor - No cache entry for key 'SimpleKey []' in cache(s) [sectionsFilter]
08:49:27.774 [restartedMain] DEBUG o.s.jdbc.datasource.DataSourceUtils - Setting JDBC Connection [HikariProxyConnection@1399064765 wrapping oracle.jdbc.driver.T4CConnection@423e2de1] read-only
08:49:27.774 [restartedMain] DEBUG o.h.e.t.internal.TransactionImpl - On TransactionImpl creation, JpaCompliance#isJpaTransactionComplianceEnabled == false
08:49:27.774 [restartedMain] DEBUG o.h.e.t.internal.TransactionImpl - begin
08:49:27.850 [restartedMain] DEBUG org.hibernate.SQL - 
    /* SELECT
        new  ir.dto.SectionFilterDto(s.id, s.title) 
    FROM
        sectionEntity s 
    where
        s.deleted = false */ select
            s1_0.id,
            s1_0.title 
        from
            section_table s1_0 
        where
            (
                s1_0.deleted = 0
            ) 
            and s1_0.deleted=0
08:49:27.854 [restartedMain] TRACE org.hibernate.orm.jdbc.extract - extracted value (1:BIGINT) -> [1]
08:49:27.854 [restartedMain] TRACE org.hibernate.orm.jdbc.extract - extracted value (2:VARCHAR) -> [MAIN SECTION]
08:49:27.854 [restartedMain] TRACE org.hibernate.orm.jdbc.extract - extracted value (1:BIGINT) -> [2]
08:49:27.854 [restartedMain] TRACE org.hibernate.orm.jdbc.extract - extracted value (2:VARCHAR) -> [HSE]
08:49:27.854 [restartedMain] TRACE org.hibernate.orm.jdbc.extract - extracted value (1:BIGINT) -> [3]
08:49:27.854 [restartedMain] TRACE org.hibernate.orm.jdbc.extract - extracted value (2:VARCHAR) -> [TRANSPORT]
08:49:27.854 [restartedMain] TRACE org.hibernate.orm.jdbc.extract - extracted value (1:BIGINT) -> [4]
08:49:27.854 [restartedMain] TRACE org.hibernate.orm.jdbc.extract - extracted value (2:VARCHAR) -> [BUS]
08:49:27.854 [restartedMain] TRACE org.hibernate.orm.jdbc.extract - extracted value (1:BIGINT) -> [5]
08:49:27.854 [restartedMain] TRACE org.hibernate.orm.jdbc.extract - extracted value (2:VARCHAR) -> [TAXI]
08:49:27.857 [restartedMain] DEBUG o.h.e.t.internal.TransactionImpl - committing
08:49:27.857 [restartedMain] DEBUG o.s.jdbc.datasource.DataSourceUtils - Resetting read-only flag of JDBC Connection [HikariProxyConnection@1399064765 wrapping oracle.jdbc.driver.T4CConnection@423e2de1]
08:49:27.858 [restartedMain] TRACE o.s.c.interceptor.CacheInterceptor - Creating cache entry for key 'SimpleKey []' in cache(s) [sectionsFilter]
08:49:27.858 [restartedMain] INFO  ir.config.SectionCacheWarmup - **************************************************************  cache sections  ***************************************************************
08:49:27.860 [restartedMain] INFO  ir.TicketingSpringSample - **************************************************************Spring Boot Application Started
08:49:27.916 [RMI TCP Connection(2)-192.168.1.152] DEBUG o.s.jdbc.datasource.DataSourceUtils - Fetching JDBC Connection from DataSource
08:49:27.919 [RMI TCP Connection(2)-192.168.1.152] DEBUG o.s.jdbc.datasource.DataSourceUtils - Fetching JDBC Connection from DataSource
08:49:28.064 [org.springframework.kafka.KafkaListenerEndpointContainer#0-0-C-1] INFO  o.apache.kafka.clients.NetworkClient - [Consumer clientId=consumer-building-service-updater-1, groupId=building-service-updater] Node -1 disconnected.
08:49:28.066 [org.springframework.kafka.KafkaListenerEndpointContainer#0-0-C-1] WARN  o.apache.kafka.clients.NetworkClient - [Consumer clientId=consumer-building-service-updater-1, groupId=building-service-updater] Connection to node -1 (localhost/127.0.0.1:9092) could not be established. Node may not be available.
08:49:28.066 [org.springframework.kafka.KafkaListenerEndpointContainer#0-0-C-1] WARN  o.apache.kafka.clients.NetworkClient - [Consumer clientId=consumer-building-service-updater-1, groupId=building-service-updater] Bootstrap broker localhost:9092 (id: -1 rack: null) disconnected
08:49:28.168 [org.springframework.kafka.KafkaListenerEndpointContainer#0-0-C-1] INFO  o.apache.kafka.clients.NetworkClient - [Consumer clientId=consumer-building-service-updater-1, groupId=building-service-updater] Node -1 disconnected.
08:49:28.169 [org.springframework.kafka.KafkaListenerEndpointContainer#0-0-C-1] WARN  o.apache.kafka.clients.NetworkClient - [Consumer clientId=consumer-building-service-updater-1, groupId=building-service-updater] Connection to node -1 (localhost/127.0.0.1:9092) could not be established. Node may not be available.
08:49:28.169 [org.springframework.kafka.KafkaListenerEndpointContainer#0-0-C-1] WARN  o.apache.kafka.clients.NetworkClient - [Consumer clientId=consumer-building-service-updater-1, groupId=building-service-updater] Bootstrap broker localhost:9092 (id: -1 rack: null) disconnected
08:49:28.270 [org.springframework.kafka.KafkaListenerEndpointContainer#0-0-C-1] INFO  o.apache.kafka.clients.NetworkClient - [Consumer clientId=consumer-building-service-updater-1, groupId=building-service-updater] Node -1 disconnected.
08:49:28.270 [org.springframework.kafka.KafkaListenerEndpointContainer#0-0-C-1] WARN  o.apache.kafka.clients.NetworkClient - [Consumer clientId=consumer-building-service-updater-1, groupId=building-service-updater] Connection to node -1 (localhost/127.0.0.1:9092) could not be established. Node may not be available.
08:49:28.270 [org.springframework.kafka.KafkaListenerEndpointContainer#0-0-C-1] WARN  o.apache.kafka.clients.NetworkClient - [Consumer clientId=consumer-building-service-updater-1, groupId=building-service-updater] Bootstrap broker localhost:9092 (id: -1 rack: null) disconnected
08:49:28.346 [boundedElastic-1] WARN  o.s.b.a.d.r.RedisReactiveHealthIndicator - Redis health check failed
org.springframework.data.redis.RedisConnectionFailureException: Unable to connect to Redis
	at org.springframework.data.redis.connection.lettuce.LettuceConnectionFactory$ExceptionTranslatingConnectionProvider.translateException(LettuceConnectionFactory.java:1858)
	at org.springframework.data.redis.connection.lettuce.LettuceConnectionFactory$ExceptionTranslatingConnectionProvider.getConnection(LettuceConnectionFactory.java:1789)
	at org.springframework.data.redis.connection.lettuce.LettuceConnectionFactory$SharedConnection.getNativeConnection(LettuceConnectionFactory.java:1586)
	at org.springframework.data.redis.connection.lettuce.LettuceConnectionFactory$SharedConnection.lambda$getConnection$0(LettuceConnectionFactory.java:1566)
	at org.springframework.data.redis.connection.lettuce.LettuceConnectionFactory.doInLock(LettuceConnectionFactory.java:1527)
	at org.springframework.data.redis.connection.lettuce.LettuceConnectionFactory$SharedConnection.getConnection(LettuceConnectionFactory.java:1563)
	at org.springframework.data.redis.connection.lettuce.LettuceConnectionFactory.getSharedReactiveConnection(LettuceConnectionFactory.java:1274)
	at org.springframework.data.redis.connection.lettuce.LettuceConnectionFactory.getReactiveConnection(LettuceConnectionFactory.java:1149)
	at org.springframework.data.redis.connection.lettuce.LettuceConnectionFactory.getReactiveConnection(LettuceConnectionFactory.java:120)
	at reactor.core.publisher.MonoSupplier.call(MonoSupplier.java:67)
	at reactor.core.publisher.FluxSubscribeOnCallable$CallableSubscribeOnSubscription.run(FluxSubscribeOnCallable.java:228)
	at reactor.core.scheduler.SchedulerTask.call(SchedulerTask.java:68)
	at reactor.core.scheduler.SchedulerTask.call(SchedulerTask.java:28)
	at java.base/java.util.concurrent.FutureTask.run(FutureTask.java:264)
	at java.base/java.util.concurrent.ScheduledThreadPoolExecutor$ScheduledFutureTask.run(ScheduledThreadPoolExecutor.java:304)
	at java.base/java.util.concurrent.ThreadPoolExecutor.runWorker(ThreadPoolExecutor.java:1136)
	at java.base/java.util.concurrent.ThreadPoolExecutor$Worker.run(ThreadPoolExecutor.java:635)
	at java.base/java.lang.Thread.run(Thread.java:842)
Caused by: io.lettuce.core.RedisConnectionException: Unable to connect to localhost/<unresolved>:6379
	at io.lettuce.core.RedisConnectionException.create(RedisConnectionException.java:63)
	at io.lettuce.core.RedisConnectionException.create(RedisConnectionException.java:41)
	at io.lettuce.core.AbstractRedisClient.getConnection(AbstractRedisClient.java:354)
	at io.lettuce.core.RedisClient.connect(RedisClient.java:219)
	at org.springframework.data.redis.connection.lettuce.StandaloneConnectionProvider.lambda$getConnection$1(StandaloneConnectionProvider.java:112)
	at java.base/java.util.Optional.orElseGet(Optional.java:364)
	at org.springframework.data.redis.connection.lettuce.StandaloneConnectionProvider.getConnection(StandaloneConnectionProvider.java:112)
	at org.springframework.data.redis.connection.lettuce.LettuceConnectionFactory$ExceptionTranslatingConnectionProvider.getConnection(LettuceConnectionFactory.java:1787)
	... 16 common frames omitted
Caused by: io.netty.channel.AbstractChannel$AnnotatedConnectException: Connection refused: no further information: localhost/127.0.0.1:6379
Caused by: java.net.ConnectException: Connection refused: no further information
	at java.base/sun.nio.ch.Net.pollConnect(Native Method)
	at java.base/sun.nio.ch.Net.pollConnectNow(Net.java:672)
	at java.base/sun.nio.ch.SocketChannelImpl.finishConnect(SocketChannelImpl.java:946)
	at io.netty.channel.socket.nio.NioSocketChannel.doFinishConnect(NioSocketChannel.java:336)
	at io.netty.channel.nio.AbstractNioChannel$AbstractNioUnsafe.finishConnect(AbstractNioChannel.java:339)
	at io.netty.channel.nio.NioEventLoop.processSelectedKey(NioEventLoop.java:784)
	at io.netty.channel.nio.NioEventLoop.processSelectedKeysOptimized(NioEventLoop.java:732)
	at io.netty.channel.nio.NioEventLoop.processSelectedKeys(NioEventLoop.java:658)
	at io.netty.channel.nio.NioEventLoop.run(NioEventLoop.java:562)
	at io.netty.util.concurrent.SingleThreadEventExecutor$4.run(SingleThreadEventExecutor.java:998)
	at io.netty.util.internal.ThreadExecutorMap$2.run(ThreadExecutorMap.java:74)
	at io.netty.util.concurrent.FastThreadLocalRunnable.run(FastThreadLocalRunnable.java:30)
	at java.base/java.lang.Thread.run(Thread.java:842)
08:49:28.542 [org.springframework.kafka.KafkaListenerEndpointContainer#0-0-C-1] INFO  o.apache.kafka.clients.NetworkClient - [Consumer clientId=consumer-building-service-updater-1, groupId=building-service-updater] Node -1 disconnected.
08:49:28.542 [org.springframework.kafka.KafkaListenerEndpointContainer#0-0-C-1] WARN  o.apache.kafka.clients.NetworkClient - [Consumer clientId=consumer-building-service-updater-1, groupId=building-service-updater] Connection to node -1 (localhost/127.0.0.1:9092) could not be established. Node may not be available.
08:49:28.542 [org.springframework.kafka.KafkaListenerEndpointContainer#0-0-C-1] WARN  o.apache.kafka.clients.NetworkClient - [Consumer clientId=consumer-building-service-updater-1, groupId=building-service-updater] Bootstrap broker localhost:9092 (id: -1 rack: null) disconnected
08:49:29.031 [org.springframework.kafka.KafkaListenerEndpointContainer#0-0-C-1] INFO  o.apache.kafka.clients.NetworkClient - [Consumer clientId=consumer-building-service-updater-1, groupId=building-service-updater] Node -1 disconnected.
08:49:29.031 [org.springframework.kafka.KafkaListenerEndpointContainer#0-0-C-1] WARN  o.apache.kafka.clients.NetworkClient - [Consumer clientId=consumer-building-service-updater-1, groupId=building-service-updater] Connection to node -1 (localhost/127.0.0.1:9092) could not be established. Node may not be available.
08:49:29.031 [org.springframework.kafka.KafkaListenerEndpointContainer#0-0-C-1] WARN  o.apache.kafka.clients.NetworkClient - [Consumer clientId=consumer-building-service-updater-1, groupId=building-service-updater] Bootstrap broker localhost:9092 (id: -1 rack: null) disconnected
08:49:29.772 [org.springframework.kafka.KafkaListenerEndpointContainer#0-0-C-1] INFO  o.apache.kafka.clients.NetworkClient - [Consumer clientId=consumer-building-service-updater-1, groupId=building-service-updater] Node -1 disconnected.
08:49:29.773 [org.springframework.kafka.KafkaListenerEndpointContainer#0-0-C-1] WARN  o.apache.kafka.clients.NetworkClient - [Consumer clientId=consumer-building-service-updater-1, groupId=building-service-updater] Connection to node -1 (localhost/127.0.0.1:9092) could not be established. Node may not be available.
08:49:29.773 [org.springframework.kafka.KafkaListenerEndpointContainer#0-0-C-1] WARN  o.apache.kafka.clients.NetworkClient - [Consumer clientId=consumer-building-service-updater-1, groupId=building-service-updater] Bootstrap broker localhost:9092 (id: -1 rack: null) disconnected
08:49:30.805 [org.springframework.kafka.KafkaListenerEndpointContainer#0-0-C-1] INFO  o.apache.kafka.clients.NetworkClient - [Consumer clientId=consumer-building-service-updater-1, groupId=building-service-updater] Node -1 disconnected.
08:49:30.805 [org.springframework.kafka.KafkaListenerEndpointContainer#0-0-C-1] WARN  o.apache.kafka.clients.NetworkClient - [Consumer clientId=consumer-building-service-updater-1, groupId=building-service-updater] Connection to node -1 (localhost/127.0.0.1:9092) could not be established. Node may not be available.
08:49:30.806 [org.springframework.kafka.KafkaListenerEndpointContainer#0-0-C-1] WARN  o.apache.kafka.clients.NetworkClient - [Consumer clientId=consumer-building-service-updater-1, groupId=building-service-updater] Bootstrap broker localhost:9092 (id: -1 rack: null) disconnected
08:49:31.713 [org.springframework.kafka.KafkaListenerEndpointContainer#0-0-C-1] INFO  o.apache.kafka.clients.NetworkClient - [Consumer clientId=consumer-building-service-updater-1, groupId=building-service-updater] Node -1 disconnected.
08:49:31.713 [org.springframework.kafka.KafkaListenerEndpointContainer#0-0-C-1] WARN  o.apache.kafka.clients.NetworkClient - [Consumer clientId=consumer-building-service-updater-1, groupId=building-service-updater] Connection to node -1 (localhost/127.0.0.1:9092) could not be established. Node may not be available.
08:49:31.713 [org.springframework.kafka.KafkaListenerEndpointContainer#0-0-C-1] WARN  o.apache.kafka.clients.NetworkClient - [Consumer clientId=consumer-building-service-updater-1, groupId=building-service-updater] Bootstrap broker localhost:9092 (id: -1 rack: null) disconnected
08:49:32.577 [https-jsse-nio-8443-exec-2] DEBUG o.s.security.web.FilterChainProxy - Securing GET /buildings
08:49:32.580 [https-jsse-nio-8443-exec-2] DEBUG o.s.s.w.a.c.ChannelProcessingFilter - Request: filter invocation [GET /buildings]; ConfigAttributes: [REQUIRES_SECURE_CHANNEL]
08:49:32.590 [https-jsse-nio-8443-exec-2] DEBUG o.s.s.w.c.HttpSessionSecurityContextRepository - Retrieved SecurityContextImpl [Authentication=UsernamePasswordAuthenticationToken [Principal=ir.model.entity.CustomUserDetails@8b1f75b, Credentials=[PROTECTED], Authenticated=true, Details=WebAuthenticationDetails [RemoteIpAddress=0:0:0:0:0:0:0:1, SessionId=F5FA942712FD3296F7514915924D4DFF], Granted Authorities=[TICKET_EDIT, BUILDING_CREATE, ROLE_ADMIN, TICKET_CREATE, TICKET_DELETE]]]
08:49:32.593 [https-jsse-nio-8443-exec-2] DEBUG o.s.security.web.FilterChainProxy - Secured GET /buildings
08:49:32.615 [https-jsse-nio-8443-exec-2] DEBUG o.s.jdbc.datasource.DataSourceUtils - Setting JDBC Connection [HikariProxyConnection@778795186 wrapping oracle.jdbc.driver.T4CConnection@423e2de1] read-only
08:49:32.615 [https-jsse-nio-8443-exec-2] DEBUG o.h.e.t.internal.TransactionImpl - On TransactionImpl creation, JpaCompliance#isJpaTransactionComplianceEnabled == false
08:49:32.615 [https-jsse-nio-8443-exec-2] DEBUG o.h.e.t.internal.TransactionImpl - begin
08:49:32.617 [https-jsse-nio-8443-exec-2] DEBUG org.hibernate.SQL - 
    /* <criteria> */ select
        b1_0.id,
        b1_0.address_id,
        b1_0.deleted,
        b1_0.title 
    from
        building_table b1_0 
    where
        (
            b1_0.deleted = 0
        ) 
    order by
        b1_0.title 
    offset
        ? rows 
    fetch
        first ? rows only
08:49:32.617 [https-jsse-nio-8443-exec-2] TRACE org.hibernate.orm.jdbc.bind - binding parameter (1:INTEGER) <- [0]
08:49:32.618 [https-jsse-nio-8443-exec-2] TRACE org.hibernate.orm.jdbc.bind - binding parameter (2:INTEGER) <- [10]
08:49:32.619 [https-jsse-nio-8443-exec-2] DEBUG o.h.e.t.internal.TransactionImpl - committing
08:49:32.619 [https-jsse-nio-8443-exec-2] DEBUG o.s.jdbc.datasource.DataSourceUtils - Resetting read-only flag of JDBC Connection [HikariProxyConnection@778795186 wrapping oracle.jdbc.driver.T4CConnection@423e2de1]
08:49:32.620 [https-jsse-nio-8443-exec-2] INFO  i.c.exception.ResponseAspect - Web Controller: rolesList
08:49:32.698 [org.springframework.kafka.KafkaListenerEndpointContainer#0-0-C-1] INFO  o.apache.kafka.clients.NetworkClient - [Consumer clientId=consumer-building-service-updater-1, groupId=building-service-updater] Node -1 disconnected.
08:49:32.698 [org.springframework.kafka.KafkaListenerEndpointContainer#0-0-C-1] WARN  o.apache.kafka.clients.NetworkClient - [Consumer clientId=consumer-building-service-updater-1, groupId=building-service-updater] Connection to node -1 (localhost/127.0.0.1:9092) could not be established. Node may not be available.
08:49:32.698 [org.springframework.kafka.KafkaListenerEndpointContainer#0-0-C-1] WARN  o.apache.kafka.clients.NetworkClient - [Consumer clientId=consumer-building-service-updater-1, groupId=building-service-updater] Bootstrap broker localhost:9092 (id: -1 rack: null) disconnected
08:49:32.884 [https-jsse-nio-8443-exec-2] ERROR org.thymeleaf.TemplateEngine - [THYMELEAF][https-jsse-nio-8443-exec-2] Exception processing template "building": An error happened during template parsing (template: "class path resource [templates/building.html]")
org.thymeleaf.exceptions.TemplateInputException: An error happened during template parsing (template: "class path resource [templates/building.html]")
	at org.thymeleaf.templateparser.markup.AbstractMarkupTemplateParser.parse(AbstractMarkupTemplateParser.java:241)
	at org.thymeleaf.templateparser.markup.AbstractMarkupTemplateParser.parseStandalone(AbstractMarkupTemplateParser.java:100)
	at org.thymeleaf.engine.TemplateManager.parseAndProcess(TemplateManager.java:666)
	at org.thymeleaf.TemplateEngine.process(TemplateEngine.java:1103)
	at org.thymeleaf.TemplateEngine.process(TemplateEngine.java:1077)
	at org.thymeleaf.spring6.view.ThymeleafView.renderFragment(ThymeleafView.java:372)
	at org.thymeleaf.spring6.view.ThymeleafView.render(ThymeleafView.java:192)
	at org.springframework.web.servlet.DispatcherServlet.render(DispatcherServlet.java:1435)
	at org.springframework.web.servlet.DispatcherServlet.processDispatchResult(DispatcherServlet.java:1167)
	at org.springframework.web.servlet.DispatcherServlet.doDispatch(DispatcherServlet.java:1105)
	at org.springframework.web.servlet.DispatcherServlet.doService(DispatcherServlet.java:978)
	at org.springframework.web.servlet.FrameworkServlet.processRequest(FrameworkServlet.java:1014)
	at org.springframework.web.servlet.FrameworkServlet.doGet(FrameworkServlet.java:903)
	at jakarta.servlet.http.HttpServlet.service(HttpServlet.java:564)
	at org.springframework.web.servlet.FrameworkServlet.service(FrameworkServlet.java:885)
	at jakarta.servlet.http.HttpServlet.service(HttpServlet.java:658)
	at org.apache.catalina.core.ApplicationFilterChain.internalDoFilter(ApplicationFilterChain.java:195)
	at org.apache.catalina.core.ApplicationFilterChain.doFilter(ApplicationFilterChain.java:140)
	at org.apache.tomcat.websocket.server.WsFilter.doFilter(WsFilter.java:51)
	at org.apache.catalina.core.ApplicationFilterChain.internalDoFilter(ApplicationFilterChain.java:164)
	at org.apache.catalina.core.ApplicationFilterChain.doFilter(ApplicationFilterChain.java:140)
	at org.springframework.web.filter.CompositeFilter$VirtualFilterChain.doFilter(CompositeFilter.java:108)
	at org.springframework.security.web.FilterChainProxy.lambda$doFilterInternal$3(FilterChainProxy.java:231)
	at org.springframework.security.web.ObservationFilterChainDecorator$FilterObservation$SimpleFilterObservation.lambda$wrap$1(ObservationFilterChainDecorator.java:479)
	at org.springframework.security.web.ObservationFilterChainDecorator$AroundFilterObservation$SimpleAroundFilterObservation.lambda$wrap$1(ObservationFilterChainDecorator.java:340)
	at org.springframework.security.web.ObservationFilterChainDecorator.lambda$wrapSecured$0(ObservationFilterChainDecorator.java:82)
	at org.springframework.security.web.ObservationFilterChainDecorator$VirtualFilterChain.doFilter(ObservationFilterChainDecorator.java:128)
	at org.springframework.security.web.access.intercept.AuthorizationFilter.doFilter(AuthorizationFilter.java:101)
	at org.springframework.security.web.ObservationFilterChainDecorator$ObservationFilter.wrapFilter(ObservationFilterChainDecorator.java:240)
	at org.springframework.security.web.ObservationFilterChainDecorator$ObservationFilter.doFilter(ObservationFilterChainDecorator.java:227)
	at org.springframework.security.web.ObservationFilterChainDecorator$VirtualFilterChain.doFilter(ObservationFilterChainDecorator.java:137)
	at org.springframework.security.web.access.ExceptionTranslationFilter.doFilter(ExceptionTranslationFilter.java:126)
	at org.springframework.security.web.access.ExceptionTranslationFilter.doFilter(ExceptionTranslationFilter.java:120)
	at org.springframework.security.web.ObservationFilterChainDecorator$ObservationFilter.wrapFilter(ObservationFilterChainDecorator.java:240)
	at org.springframework.security.web.ObservationFilterChainDecorator$ObservationFilter.doFilter(ObservationFilterChainDecorator.java:227)
	at org.springframework.security.web.ObservationFilterChainDecorator$VirtualFilterChain.doFilter(ObservationFilterChainDecorator.java:137)
	at org.springframework.security.web.session.SessionManagementFilter.doFilter(SessionManagementFilter.java:131)
	at org.springframework.security.web.session.SessionManagementFilter.doFilter(SessionManagementFilter.java:85)
	at org.springframework.security.web.ObservationFilterChainDecorator$ObservationFilter.wrapFilter(ObservationFilterChainDecorator.java:240)
	at org.springframework.security.web.ObservationFilterChainDecorator$ObservationFilter.doFilter(ObservationFilterChainDecorator.java:227)
	at org.springframework.security.web.ObservationFilterChainDecorator$VirtualFilterChain.doFilter(ObservationFilterChainDecorator.java:137)
	at org.springframework.security.web.authentication.AnonymousAuthenticationFilter.doFilter(AnonymousAuthenticationFilter.java:100)
	at org.springframework.security.web.ObservationFilterChainDecorator$ObservationFilter.wrapFilter(ObservationFilterChainDecorator.java:240)
	at org.springframework.security.web.ObservationFilterChainDecorator$ObservationFilter.doFilter(ObservationFilterChainDecorator.java:227)
	at org.springframework.security.web.ObservationFilterChainDecorator$VirtualFilterChain.doFilter(ObservationFilterChainDecorator.java:137)
	at org.springframework.security.web.servletapi.SecurityContextHolderAwareRequestFilter.doFilter(SecurityContextHolderAwareRequestFilter.java:179)
	at org.springframework.security.web.ObservationFilterChainDecorator$ObservationFilter.wrapFilter(ObservationFilterChainDecorator.java:240)
	at org.springframework.security.web.ObservationFilterChainDecorator$ObservationFilter.doFilter(ObservationFilterChainDecorator.java:227)
	at org.springframework.security.web.ObservationFilterChainDecorator$VirtualFilterChain.doFilter(ObservationFilterChainDecorator.java:137)
	at org.springframework.security.web.savedrequest.RequestCacheAwareFilter.doFilter(RequestCacheAwareFilter.java:63)
	at org.springframework.security.web.ObservationFilterChainDecorator$ObservationFilter.wrapFilter(ObservationFilterChainDecorator.java:240)
	at org.springframework.security.web.ObservationFilterChainDecorator$ObservationFilter.doFilter(ObservationFilterChainDecorator.java:227)
	at org.springframework.security.web.ObservationFilterChainDecorator$VirtualFilterChain.doFilter(ObservationFilterChainDecorator.java:137)
	at org.springframework.security.web.session.ConcurrentSessionFilter.doFilter(ConcurrentSessionFilter.java:151)
	at org.springframework.security.web.session.ConcurrentSessionFilter.doFilter(ConcurrentSessionFilter.java:129)
	at org.springframework.security.web.ObservationFilterChainDecorator$ObservationFilter.wrapFilter(ObservationFilterChainDecorator.java:240)
	at org.springframework.security.web.ObservationFilterChainDecorator$ObservationFilter.doFilter(ObservationFilterChainDecorator.java:227)
	at org.springframework.security.web.ObservationFilterChainDecorator$VirtualFilterChain.doFilter(ObservationFilterChainDecorator.java:137)
	at org.springframework.security.web.authentication.AbstractAuthenticationProcessingFilter.doFilter(AbstractAuthenticationProcessingFilter.java:227)
	at org.springframework.security.web.authentication.AbstractAuthenticationProcessingFilter.doFilter(AbstractAuthenticationProcessingFilter.java:221)
	at org.springframework.security.web.ObservationFilterChainDecorator$ObservationFilter.wrapFilter(ObservationFilterChainDecorator.java:240)
	at org.springframework.security.web.ObservationFilterChainDecorator$ObservationFilter.doFilter(ObservationFilterChainDecorator.java:227)
	at org.springframework.security.web.ObservationFilterChainDecorator$VirtualFilterChain.doFilter(ObservationFilterChainDecorator.java:137)
	at org.springframework.security.web.authentication.logout.LogoutFilter.doFilter(LogoutFilter.java:107)
	at org.springframework.security.web.authentication.logout.LogoutFilter.doFilter(LogoutFilter.java:93)
	at org.springframework.security.web.ObservationFilterChainDecorator$ObservationFilter.wrapFilter(ObservationFilterChainDecorator.java:240)
	at org.springframework.security.web.ObservationFilterChainDecorator$ObservationFilter.doFilter(ObservationFilterChainDecorator.java:227)
	at org.springframework.security.web.ObservationFilterChainDecorator$VirtualFilterChain.doFilter(ObservationFilterChainDecorator.java:137)
	at org.springframework.security.web.csrf.CsrfFilter.doFilterInternal(CsrfFilter.java:117)
	at org.springframework.web.filter.OncePerRequestFilter.doFilter(OncePerRequestFilter.java:116)
	at org.springframework.security.web.ObservationFilterChainDecorator$ObservationFilter.wrapFilter(ObservationFilterChainDecorator.java:240)
	at org.springframework.security.web.ObservationFilterChainDecorator$ObservationFilter.doFilter(ObservationFilterChainDecorator.java:227)
	at org.springframework.security.web.ObservationFilterChainDecorator$VirtualFilterChain.doFilter(ObservationFilterChainDecorator.java:137)
	at org.springframework.web.filter.CorsFilter.doFilterInternal(CorsFilter.java:91)
	at org.springframework.web.filter.OncePerRequestFilter.doFilter(OncePerRequestFilter.java:116)
	at org.springframework.security.web.ObservationFilterChainDecorator$ObservationFilter.wrapFilter(ObservationFilterChainDecorator.java:240)
	at org.springframework.security.web.ObservationFilterChainDecorator$ObservationFilter.doFilter(ObservationFilterChainDecorator.java:227)
	at org.springframework.security.web.ObservationFilterChainDecorator$VirtualFilterChain.doFilter(ObservationFilterChainDecorator.java:137)
	at org.springframework.security.web.header.HeaderWriterFilter.doHeadersAfter(HeaderWriterFilter.java:90)
	at org.springframework.security.web.header.HeaderWriterFilter.doFilterInternal(HeaderWriterFilter.java:75)
	at org.springframework.web.filter.OncePerRequestFilter.doFilter(OncePerRequestFilter.java:116)
	at org.springframework.security.web.ObservationFilterChainDecorator$ObservationFilter.wrapFilter(ObservationFilterChainDecorator.java:240)
	at org.springframework.security.web.ObservationFilterChainDecorator$ObservationFilter.doFilter(ObservationFilterChainDecorator.java:227)
	at org.springframework.security.web.ObservationFilterChainDecorator$VirtualFilterChain.doFilter(ObservationFilterChainDecorator.java:137)
	at org.springframework.security.web.context.SecurityContextHolderFilter.doFilter(SecurityContextHolderFilter.java:82)
	at org.springframework.security.web.context.SecurityContextHolderFilter.doFilter(SecurityContextHolderFilter.java:69)
	at org.springframework.security.web.ObservationFilterChainDecorator$ObservationFilter.wrapFilter(ObservationFilterChainDecorator.java:240)
	at org.springframework.security.web.ObservationFilterChainDecorator$ObservationFilter.doFilter(ObservationFilterChainDecorator.java:227)
	at org.springframework.security.web.ObservationFilterChainDecorator$VirtualFilterChain.doFilter(ObservationFilterChainDecorator.java:137)
	at org.springframework.security.web.context.request.async.WebAsyncManagerIntegrationFilter.doFilterInternal(WebAsyncManagerIntegrationFilter.java:62)
	at org.springframework.web.filter.OncePerRequestFilter.doFilter(OncePerRequestFilter.java:116)
	at org.springframework.security.web.ObservationFilterChainDecorator$ObservationFilter.wrapFilter(ObservationFilterChainDecorator.java:240)
	at org.springframework.security.web.ObservationFilterChainDecorator$ObservationFilter.doFilter(ObservationFilterChainDecorator.java:227)
	at org.springframework.security.web.ObservationFilterChainDecorator$VirtualFilterChain.doFilter(ObservationFilterChainDecorator.java:137)
	at org.springframework.security.web.access.channel.ChannelProcessingFilter.doFilter(ChannelProcessingFilter.java:133)
	at org.springframework.security.web.ObservationFilterChainDecorator$ObservationFilter.wrapFilter(ObservationFilterChainDecorator.java:240)
	at org.springframework.security.web.ObservationFilterChainDecorator$ObservationFilter.doFilter(ObservationFilterChainDecorator.java:227)
	at org.springframework.security.web.ObservationFilterChainDecorator$VirtualFilterChain.doFilter(ObservationFilterChainDecorator.java:137)
	at org.springframework.security.web.session.DisableEncodeUrlFilter.doFilterInternal(DisableEncodeUrlFilter.java:42)
	at org.springframework.web.filter.OncePerRequestFilter.doFilter(OncePerRequestFilter.java:116)
	at org.springframework.security.web.ObservationFilterChainDecorator$ObservationFilter.wrapFilter(ObservationFilterChainDecorator.java:240)
	at org.springframework.security.web.ObservationFilterChainDecorator$AroundFilterObservation$SimpleAroundFilterObservation.lambda$wrap$0(ObservationFilterChainDecorator.java:323)
	at org.springframework.security.web.ObservationFilterChainDecorator$ObservationFilter.doFilter(ObservationFilterChainDecorator.java:224)
	at org.springframework.security.web.ObservationFilterChainDecorator$VirtualFilterChain.doFilter(ObservationFilterChainDecorator.java:137)
	at org.springframework.security.web.FilterChainProxy.doFilterInternal(FilterChainProxy.java:233)
	at org.springframework.security.web.FilterChainProxy.doFilter(FilterChainProxy.java:191)
	at org.springframework.web.filter.CompositeFilter$VirtualFilterChain.doFilter(CompositeFilter.java:113)
	at org.springframework.web.servlet.handler.HandlerMappingIntrospector.lambda$createCacheFilter$3(HandlerMappingIntrospector.java:243)
	at org.springframework.web.filter.CompositeFilter$VirtualFilterChain.doFilter(CompositeFilter.java:113)
	at org.springframework.web.filter.CompositeFilter.doFilter(CompositeFilter.java:74)
	at org.springframework.security.config.annotation.web.configuration.WebMvcSecurityConfiguration$CompositeFilterChainProxy.doFilter(WebMvcSecurityConfiguration.java:238)
	at org.springframework.web.filter.DelegatingFilterProxy.invokeDelegate(DelegatingFilterProxy.java:362)
	at org.springframework.web.filter.DelegatingFilterProxy.doFilter(DelegatingFilterProxy.java:278)
	at org.apache.catalina.core.ApplicationFilterChain.internalDoFilter(ApplicationFilterChain.java:164)
	at org.apache.catalina.core.ApplicationFilterChain.doFilter(ApplicationFilterChain.java:140)
	at org.springframework.web.filter.ServerHttpObservationFilter.doFilterInternal(ServerHttpObservationFilter.java:114)
	at org.springframework.web.filter.OncePerRequestFilter.doFilter(OncePerRequestFilter.java:116)
	at org.apache.catalina.core.ApplicationFilterChain.internalDoFilter(ApplicationFilterChain.java:164)
	at org.apache.catalina.core.ApplicationFilterChain.doFilter(ApplicationFilterChain.java:140)
	at org.springframework.web.filter.CharacterEncodingFilter.doFilterInternal(CharacterEncodingFilter.java:201)
	at org.springframework.web.filter.OncePerRequestFilter.doFilter(OncePerRequestFilter.java:116)
	at org.apache.catalina.core.ApplicationFilterChain.internalDoFilter(ApplicationFilterChain.java:164)
	at org.apache.catalina.core.ApplicationFilterChain.doFilter(ApplicationFilterChain.java:140)
	at org.apache.catalina.core.StandardWrapperValve.invoke(StandardWrapperValve.java:167)
	at org.apache.catalina.core.StandardContextValve.invoke(StandardContextValve.java:90)
	at org.apache.catalina.authenticator.AuthenticatorBase.invoke(AuthenticatorBase.java:483)
	at org.apache.catalina.core.StandardHostValve.invoke(StandardHostValve.java:115)
	at org.apache.catalina.valves.ErrorReportValve.invoke(ErrorReportValve.java:93)
	at org.apache.catalina.core.StandardEngineValve.invoke(StandardEngineValve.java:74)
	at org.apache.catalina.connector.CoyoteAdapter.service(CoyoteAdapter.java:344)
	at org.apache.coyote.http11.Http11Processor.service(Http11Processor.java:397)
	at org.apache.coyote.AbstractProcessorLight.process(AbstractProcessorLight.java:63)
	at org.apache.coyote.AbstractProtocol$ConnectionHandler.process(AbstractProtocol.java:905)
	at org.apache.tomcat.util.net.NioEndpoint$SocketProcessor.doRun(NioEndpoint.java:1743)
	at org.apache.tomcat.util.net.SocketProcessorBase.run(SocketProcessorBase.java:52)
	at org.apache.tomcat.util.threads.ThreadPoolExecutor.runWorker(ThreadPoolExecutor.java:1190)
	at org.apache.tomcat.util.threads.ThreadPoolExecutor$Worker.run(ThreadPoolExecutor.java:659)
	at org.apache.tomcat.util.threads.TaskThread$WrappingRunnable.run(TaskThread.java:63)
	at java.base/java.lang.Thread.run(Thread.java:842)
Caused by: org.attoparser.ParseException: Error resolving template [fragments/building-fragments/building-edit-modal], template might not exist or might not be accessible by any of the configured Template Resolvers (template: "building" - line 35, col 6)
	at org.attoparser.MarkupParser.parseDocument(MarkupParser.java:393)
	at org.attoparser.MarkupParser.parse(MarkupParser.java:257)
	at org.thymeleaf.templateparser.markup.AbstractMarkupTemplateParser.parse(AbstractMarkupTemplateParser.java:230)
	... 138 common frames omitted
Caused by: org.thymeleaf.exceptions.TemplateInputException: Error resolving template [fragments/building-fragments/building-edit-modal], template might not exist or might not be accessible by any of the configured Template Resolvers (template: "building" - line 35, col 6)
	at org.thymeleaf.engine.TemplateManager.resolveTemplate(TemplateManager.java:869)
	at org.thymeleaf.engine.TemplateManager.parseStandalone(TemplateManager.java:250)
	at org.thymeleaf.standard.expression.FragmentExpression.resolveExecutedFragmentExpression(FragmentExpression.java:567)
	at org.thymeleaf.standard.processor.AbstractStandardFragmentInsertionTagProcessor.computeFragment(AbstractStandardFragmentInsertionTagProcessor.java:419)
	at org.thymeleaf.standard.processor.AbstractStandardFragmentInsertionTagProcessor.doProcess(AbstractStandardFragmentInsertionTagProcessor.java:115)
	at org.thymeleaf.processor.element.AbstractAttributeTagProcessor.doProcess(AbstractAttributeTagProcessor.java:74)
	at org.thymeleaf.processor.element.AbstractElementTagProcessor.process(AbstractElementTagProcessor.java:95)
	at org.thymeleaf.util.ProcessorConfigurationUtils$ElementTagProcessorWrapper.process(ProcessorConfigurationUtils.java:633)
	at org.thymeleaf.engine.ProcessorTemplateHandler.handleOpenElement(ProcessorTemplateHandler.java:1314)
	at org.thymeleaf.engine.TemplateHandlerAdapterMarkupHandler.handleOpenElementEnd(TemplateHandlerAdapterMarkupHandler.java:304)
	at org.thymeleaf.templateparser.markup.InlinedOutputExpressionMarkupHandler$InlineMarkupAdapterPreProcessorHandler.handleOpenElementEnd(InlinedOutputExpressionMarkupHandler.java:278)
	at org.thymeleaf.standard.inline.OutputExpressionInlinePreProcessorHandler.handleOpenElementEnd(OutputExpressionInlinePreProcessorHandler.java:186)
	at org.thymeleaf.templateparser.markup.InlinedOutputExpressionMarkupHandler.handleOpenElementEnd(InlinedOutputExpressionMarkupHandler.java:124)
	at org.attoparser.HtmlElement.handleOpenElementEnd(HtmlElement.java:109)
	at org.attoparser.HtmlMarkupHandler.handleOpenElementEnd(HtmlMarkupHandler.java:297)
	at org.attoparser.MarkupEventProcessorHandler.handleOpenElementEnd(MarkupEventProcessorHandler.java:402)
	at org.attoparser.ParsingElementMarkupUtil.parseOpenElement(ParsingElementMarkupUtil.java:159)
	at org.attoparser.MarkupParser.parseBuffer(MarkupParser.java:710)
	at org.attoparser.MarkupParser.parseDocument(MarkupParser.java:301)
	... 140 common frames omitted
08:49:32.887 [https-jsse-nio-8443-exec-2] ERROR o.a.c.c.C.[.[.[.[dispatcherServlet] - Servlet.service() for servlet [dispatcherServlet] in context with path [] threw exception [Request processing failed: org.thymeleaf.exceptions.TemplateInputException: An error happened during template parsing (template: "class path resource [templates/building.html]")] with root cause
org.thymeleaf.exceptions.TemplateInputException: Error resolving template [fragments/building-fragments/building-edit-modal], template might not exist or might not be accessible by any of the configured Template Resolvers (template: "building" - line 35, col 6)
	at org.thymeleaf.engine.TemplateManager.resolveTemplate(TemplateManager.java:869)
	at org.thymeleaf.engine.TemplateManager.parseStandalone(TemplateManager.java:250)
	at org.thymeleaf.standard.expression.FragmentExpression.resolveExecutedFragmentExpression(FragmentExpression.java:567)
	at org.thymeleaf.standard.processor.AbstractStandardFragmentInsertionTagProcessor.computeFragment(AbstractStandardFragmentInsertionTagProcessor.java:419)
	at org.thymeleaf.standard.processor.AbstractStandardFragmentInsertionTagProcessor.doProcess(AbstractStandardFragmentInsertionTagProcessor.java:115)
	at org.thymeleaf.processor.element.AbstractAttributeTagProcessor.doProcess(AbstractAttributeTagProcessor.java:74)
	at org.thymeleaf.processor.element.AbstractElementTagProcessor.process(AbstractElementTagProcessor.java:95)
	at org.thymeleaf.util.ProcessorConfigurationUtils$ElementTagProcessorWrapper.process(ProcessorConfigurationUtils.java:633)
	at org.thymeleaf.engine.ProcessorTemplateHandler.handleOpenElement(ProcessorTemplateHandler.java:1314)
	at org.thymeleaf.engine.TemplateHandlerAdapterMarkupHandler.handleOpenElementEnd(TemplateHandlerAdapterMarkupHandler.java:304)
	at org.thymeleaf.templateparser.markup.InlinedOutputExpressionMarkupHandler$InlineMarkupAdapterPreProcessorHandler.handleOpenElementEnd(InlinedOutputExpressionMarkupHandler.java:278)
	at org.thymeleaf.standard.inline.OutputExpressionInlinePreProcessorHandler.handleOpenElementEnd(OutputExpressionInlinePreProcessorHandler.java:186)
	at org.thymeleaf.templateparser.markup.InlinedOutputExpressionMarkupHandler.handleOpenElementEnd(InlinedOutputExpressionMarkupHandler.java:124)
	at org.attoparser.HtmlElement.handleOpenElementEnd(HtmlElement.java:109)
	at org.attoparser.HtmlMarkupHandler.handleOpenElementEnd(HtmlMarkupHandler.java:297)
	at org.attoparser.MarkupEventProcessorHandler.handleOpenElementEnd(MarkupEventProcessorHandler.java:402)
	at org.attoparser.ParsingElementMarkupUtil.parseOpenElement(ParsingElementMarkupUtil.java:159)
	at org.attoparser.MarkupParser.parseBuffer(MarkupParser.java:710)
	at org.attoparser.MarkupParser.parseDocument(MarkupParser.java:301)
	at org.attoparser.MarkupParser.parse(MarkupParser.java:257)
	at org.thymeleaf.templateparser.markup.AbstractMarkupTemplateParser.parse(AbstractMarkupTemplateParser.java:230)
	at org.thymeleaf.templateparser.markup.AbstractMarkupTemplateParser.parseStandalone(AbstractMarkupTemplateParser.java:100)
	at org.thymeleaf.engine.TemplateManager.parseAndProcess(TemplateManager.java:666)
	at org.thymeleaf.TemplateEngine.process(TemplateEngine.java:1103)
	at org.thymeleaf.TemplateEngine.process(TemplateEngine.java:1077)
	at org.thymeleaf.spring6.view.ThymeleafView.renderFragment(ThymeleafView.java:372)
	at org.thymeleaf.spring6.view.ThymeleafView.render(ThymeleafView.java:192)
	at org.springframework.web.servlet.DispatcherServlet.render(DispatcherServlet.java:1435)
	at org.springframework.web.servlet.DispatcherServlet.processDispatchResult(DispatcherServlet.java:1167)
	at org.springframework.web.servlet.DispatcherServlet.doDispatch(DispatcherServlet.java:1105)
	at org.springframework.web.servlet.DispatcherServlet.doService(DispatcherServlet.java:978)
	at org.springframework.web.servlet.FrameworkServlet.processRequest(FrameworkServlet.java:1014)
	at org.springframework.web.servlet.FrameworkServlet.doGet(FrameworkServlet.java:903)
	at jakarta.servlet.http.HttpServlet.service(HttpServlet.java:564)
	at org.springframework.web.servlet.FrameworkServlet.service(FrameworkServlet.java:885)
	at jakarta.servlet.http.HttpServlet.service(HttpServlet.java:658)
	at org.apache.catalina.core.ApplicationFilterChain.internalDoFilter(ApplicationFilterChain.java:195)
	at org.apache.catalina.core.ApplicationFilterChain.doFilter(ApplicationFilterChain.java:140)
	at org.apache.tomcat.websocket.server.WsFilter.doFilter(WsFilter.java:51)
	at org.apache.catalina.core.ApplicationFilterChain.internalDoFilter(ApplicationFilterChain.java:164)
	at org.apache.catalina.core.ApplicationFilterChain.doFilter(ApplicationFilterChain.java:140)
	at org.springframework.web.filter.CompositeFilter$VirtualFilterChain.doFilter(CompositeFilter.java:108)
	at org.springframework.security.web.FilterChainProxy.lambda$doFilterInternal$3(FilterChainProxy.java:231)
	at org.springframework.security.web.ObservationFilterChainDecorator$FilterObservation$SimpleFilterObservation.lambda$wrap$1(ObservationFilterChainDecorator.java:479)
	at org.springframework.security.web.ObservationFilterChainDecorator$AroundFilterObservation$SimpleAroundFilterObservation.lambda$wrap$1(ObservationFilterChainDecorator.java:340)
	at org.springframework.security.web.ObservationFilterChainDecorator.lambda$wrapSecured$0(ObservationFilterChainDecorator.java:82)
	at org.springframework.security.web.ObservationFilterChainDecorator$VirtualFilterChain.doFilter(ObservationFilterChainDecorator.java:128)
	at org.springframework.security.web.access.intercept.AuthorizationFilter.doFilter(AuthorizationFilter.java:101)
	at org.springframework.security.web.ObservationFilterChainDecorator$ObservationFilter.wrapFilter(ObservationFilterChainDecorator.java:240)
	at org.springframework.security.web.ObservationFilterChainDecorator$ObservationFilter.doFilter(ObservationFilterChainDecorator.java:227)
	at org.springframework.security.web.ObservationFilterChainDecorator$VirtualFilterChain.doFilter(ObservationFilterChainDecorator.java:137)
	at org.springframework.security.web.access.ExceptionTranslationFilter.doFilter(ExceptionTranslationFilter.java:126)
	at org.springframework.security.web.access.ExceptionTranslationFilter.doFilter(ExceptionTranslationFilter.java:120)
	at org.springframework.security.web.ObservationFilterChainDecorator$ObservationFilter.wrapFilter(ObservationFilterChainDecorator.java:240)
	at org.springframework.security.web.ObservationFilterChainDecorator$ObservationFilter.doFilter(ObservationFilterChainDecorator.java:227)
	at org.springframework.security.web.ObservationFilterChainDecorator$VirtualFilterChain.doFilter(ObservationFilterChainDecorator.java:137)
	at org.springframework.security.web.session.SessionManagementFilter.doFilter(SessionManagementFilter.java:131)
	at org.springframework.security.web.session.SessionManagementFilter.doFilter(SessionManagementFilter.java:85)
	at org.springframework.security.web.ObservationFilterChainDecorator$ObservationFilter.wrapFilter(ObservationFilterChainDecorator.java:240)
	at org.springframework.security.web.ObservationFilterChainDecorator$ObservationFilter.doFilter(ObservationFilterChainDecorator.java:227)
	at org.springframework.security.web.ObservationFilterChainDecorator$VirtualFilterChain.doFilter(ObservationFilterChainDecorator.java:137)
	at org.springframework.security.web.authentication.AnonymousAuthenticationFilter.doFilter(AnonymousAuthenticationFilter.java:100)
	at org.springframework.security.web.ObservationFilterChainDecorator$ObservationFilter.wrapFilter(ObservationFilterChainDecorator.java:240)
	at org.springframework.security.web.ObservationFilterChainDecorator$ObservationFilter.doFilter(ObservationFilterChainDecorator.java:227)
	at org.springframework.security.web.ObservationFilterChainDecorator$VirtualFilterChain.doFilter(ObservationFilterChainDecorator.java:137)
	at org.springframework.security.web.servletapi.SecurityContextHolderAwareRequestFilter.doFilter(SecurityContextHolderAwareRequestFilter.java:179)
	at org.springframework.security.web.ObservationFilterChainDecorator$ObservationFilter.wrapFilter(ObservationFilterChainDecorator.java:240)
	at org.springframework.security.web.ObservationFilterChainDecorator$ObservationFilter.doFilter(ObservationFilterChainDecorator.java:227)
	at org.springframework.security.web.ObservationFilterChainDecorator$VirtualFilterChain.doFilter(ObservationFilterChainDecorator.java:137)
	at org.springframework.security.web.savedrequest.RequestCacheAwareFilter.doFilter(RequestCacheAwareFilter.java:63)
	at org.springframework.security.web.ObservationFilterChainDecorator$ObservationFilter.wrapFilter(ObservationFilterChainDecorator.java:240)
	at org.springframework.security.web.ObservationFilterChainDecorator$ObservationFilter.doFilter(ObservationFilterChainDecorator.java:227)
	at org.springframework.security.web.ObservationFilterChainDecorator$VirtualFilterChain.doFilter(ObservationFilterChainDecorator.java:137)
	at org.springframework.security.web.session.ConcurrentSessionFilter.doFilter(ConcurrentSessionFilter.java:151)
	at org.springframework.security.web.session.ConcurrentSessionFilter.doFilter(ConcurrentSessionFilter.java:129)
	at org.springframework.security.web.ObservationFilterChainDecorator$ObservationFilter.wrapFilter(ObservationFilterChainDecorator.java:240)
	at org.springframework.security.web.ObservationFilterChainDecorator$ObservationFilter.doFilter(ObservationFilterChainDecorator.java:227)
	at org.springframework.security.web.ObservationFilterChainDecorator$VirtualFilterChain.doFilter(ObservationFilterChainDecorator.java:137)
	at org.springframework.security.web.authentication.AbstractAuthenticationProcessingFilter.doFilter(AbstractAuthenticationProcessingFilter.java:227)
	at org.springframework.security.web.authentication.AbstractAuthenticationProcessingFilter.doFilter(AbstractAuthenticationProcessingFilter.java:221)
	at org.springframework.security.web.ObservationFilterChainDecorator$ObservationFilter.wrapFilter(ObservationFilterChainDecorator.java:240)
	at org.springframework.security.web.ObservationFilterChainDecorator$ObservationFilter.doFilter(ObservationFilterChainDecorator.java:227)
	at org.springframework.security.web.ObservationFilterChainDecorator$VirtualFilterChain.doFilter(ObservationFilterChainDecorator.java:137)
	at org.springframework.security.web.authentication.logout.LogoutFilter.doFilter(LogoutFilter.java:107)
	at org.springframework.security.web.authentication.logout.LogoutFilter.doFilter(LogoutFilter.java:93)
	at org.springframework.security.web.ObservationFilterChainDecorator$ObservationFilter.wrapFilter(ObservationFilterChainDecorator.java:240)
	at org.springframework.security.web.ObservationFilterChainDecorator$ObservationFilter.doFilter(ObservationFilterChainDecorator.java:227)
	at org.springframework.security.web.ObservationFilterChainDecorator$VirtualFilterChain.doFilter(ObservationFilterChainDecorator.java:137)
	at org.springframework.security.web.csrf.CsrfFilter.doFilterInternal(CsrfFilter.java:117)
	at org.springframework.web.filter.OncePerRequestFilter.doFilter(OncePerRequestFilter.java:116)
	at org.springframework.security.web.ObservationFilterChainDecorator$ObservationFilter.wrapFilter(ObservationFilterChainDecorator.java:240)
	at org.springframework.security.web.ObservationFilterChainDecorator$ObservationFilter.doFilter(ObservationFilterChainDecorator.java:227)
	at org.springframework.security.web.ObservationFilterChainDecorator$VirtualFilterChain.doFilter(ObservationFilterChainDecorator.java:137)
	at org.springframework.web.filter.CorsFilter.doFilterInternal(CorsFilter.java:91)
	at org.springframework.web.filter.OncePerRequestFilter.doFilter(OncePerRequestFilter.java:116)
	at org.springframework.security.web.ObservationFilterChainDecorator$ObservationFilter.wrapFilter(ObservationFilterChainDecorator.java:240)
	at org.springframework.security.web.ObservationFilterChainDecorator$ObservationFilter.doFilter(ObservationFilterChainDecorator.java:227)
	at org.springframework.security.web.ObservationFilterChainDecorator$VirtualFilterChain.doFilter(ObservationFilterChainDecorator.java:137)
	at org.springframework.security.web.header.HeaderWriterFilter.doHeadersAfter(HeaderWriterFilter.java:90)
	at org.springframework.security.web.header.HeaderWriterFilter.doFilterInternal(HeaderWriterFilter.java:75)
	at org.springframework.web.filter.OncePerRequestFilter.doFilter(OncePerRequestFilter.java:116)
	at org.springframework.security.web.ObservationFilterChainDecorator$ObservationFilter.wrapFilter(ObservationFilterChainDecorator.java:240)
	at org.springframework.security.web.ObservationFilterChainDecorator$ObservationFilter.doFilter(ObservationFilterChainDecorator.java:227)
	at org.springframework.security.web.ObservationFilterChainDecorator$VirtualFilterChain.doFilter(ObservationFilterChainDecorator.java:137)
	at org.springframework.security.web.context.SecurityContextHolderFilter.doFilter(SecurityContextHolderFilter.java:82)
	at org.springframework.security.web.context.SecurityContextHolderFilter.doFilter(SecurityContextHolderFilter.java:69)
	at org.springframework.security.web.ObservationFilterChainDecorator$ObservationFilter.wrapFilter(ObservationFilterChainDecorator.java:240)
	at org.springframework.security.web.ObservationFilterChainDecorator$ObservationFilter.doFilter(ObservationFilterChainDecorator.java:227)
	at org.springframework.security.web.ObservationFilterChainDecorator$VirtualFilterChain.doFilter(ObservationFilterChainDecorator.java:137)
	at org.springframework.security.web.context.request.async.WebAsyncManagerIntegrationFilter.doFilterInternal(WebAsyncManagerIntegrationFilter.java:62)
	at org.springframework.web.filter.OncePerRequestFilter.doFilter(OncePerRequestFilter.java:116)
	at org.springframework.security.web.ObservationFilterChainDecorator$ObservationFilter.wrapFilter(ObservationFilterChainDecorator.java:240)
	at org.springframework.security.web.ObservationFilterChainDecorator$ObservationFilter.doFilter(ObservationFilterChainDecorator.java:227)
	at org.springframework.security.web.ObservationFilterChainDecorator$VirtualFilterChain.doFilter(ObservationFilterChainDecorator.java:137)
	at org.springframework.security.web.access.channel.ChannelProcessingFilter.doFilter(ChannelProcessingFilter.java:133)
	at org.springframework.security.web.ObservationFilterChainDecorator$ObservationFilter.wrapFilter(ObservationFilterChainDecorator.java:240)
	at org.springframework.security.web.ObservationFilterChainDecorator$ObservationFilter.doFilter(ObservationFilterChainDecorator.java:227)
	at org.springframework.security.web.ObservationFilterChainDecorator$VirtualFilterChain.doFilter(ObservationFilterChainDecorator.java:137)
	at org.springframework.security.web.session.DisableEncodeUrlFilter.doFilterInternal(DisableEncodeUrlFilter.java:42)
	at org.springframework.web.filter.OncePerRequestFilter.doFilter(OncePerRequestFilter.java:116)
	at org.springframework.security.web.ObservationFilterChainDecorator$ObservationFilter.wrapFilter(ObservationFilterChainDecorator.java:240)
	at org.springframework.security.web.ObservationFilterChainDecorator$AroundFilterObservation$SimpleAroundFilterObservation.lambda$wrap$0(ObservationFilterChainDecorator.java:323)
	at org.springframework.security.web.ObservationFilterChainDecorator$ObservationFilter.doFilter(ObservationFilterChainDecorator.java:224)
	at org.springframework.security.web.ObservationFilterChainDecorator$VirtualFilterChain.doFilter(ObservationFilterChainDecorator.java:137)
	at org.springframework.security.web.FilterChainProxy.doFilterInternal(FilterChainProxy.java:233)
	at org.springframework.security.web.FilterChainProxy.doFilter(FilterChainProxy.java:191)
	at org.springframework.web.filter.CompositeFilter$VirtualFilterChain.doFilter(CompositeFilter.java:113)
	at org.springframework.web.servlet.handler.HandlerMappingIntrospector.lambda$createCacheFilter$3(HandlerMappingIntrospector.java:243)
	at org.springframework.web.filter.CompositeFilter$VirtualFilterChain.doFilter(CompositeFilter.java:113)
	at org.springframework.web.filter.CompositeFilter.doFilter(CompositeFilter.java:74)
	at org.springframework.security.config.annotation.web.configuration.WebMvcSecurityConfiguration$CompositeFilterChainProxy.doFilter(WebMvcSecurityConfiguration.java:238)
	at org.springframework.web.filter.DelegatingFilterProxy.invokeDelegate(DelegatingFilterProxy.java:362)
	at org.springframework.web.filter.DelegatingFilterProxy.doFilter(DelegatingFilterProxy.java:278)
	at org.apache.catalina.core.ApplicationFilterChain.internalDoFilter(ApplicationFilterChain.java:164)
	at org.apache.catalina.core.ApplicationFilterChain.doFilter(ApplicationFilterChain.java:140)
	at org.springframework.web.filter.ServerHttpObservationFilter.doFilterInternal(ServerHttpObservationFilter.java:114)
	at org.springframework.web.filter.OncePerRequestFilter.doFilter(OncePerRequestFilter.java:116)
	at org.apache.catalina.core.ApplicationFilterChain.internalDoFilter(ApplicationFilterChain.java:164)
	at org.apache.catalina.core.ApplicationFilterChain.doFilter(ApplicationFilterChain.java:140)
	at org.springframework.web.filter.CharacterEncodingFilter.doFilterInternal(CharacterEncodingFilter.java:201)
	at org.springframework.web.filter.OncePerRequestFilter.doFilter(OncePerRequestFilter.java:116)
	at org.apache.catalina.core.ApplicationFilterChain.internalDoFilter(ApplicationFilterChain.java:164)
	at org.apache.catalina.core.ApplicationFilterChain.doFilter(ApplicationFilterChain.java:140)
	at org.apache.catalina.core.StandardWrapperValve.invoke(StandardWrapperValve.java:167)
	at org.apache.catalina.core.StandardContextValve.invoke(StandardContextValve.java:90)
	at org.apache.catalina.authenticator.AuthenticatorBase.invoke(AuthenticatorBase.java:483)
	at org.apache.catalina.core.StandardHostValve.invoke(StandardHostValve.java:115)
	at org.apache.catalina.valves.ErrorReportValve.invoke(ErrorReportValve.java:93)
	at org.apache.catalina.core.StandardEngineValve.invoke(StandardEngineValve.java:74)
	at org.apache.catalina.connector.CoyoteAdapter.service(CoyoteAdapter.java:344)
	at org.apache.coyote.http11.Http11Processor.service(Http11Processor.java:397)
	at org.apache.coyote.AbstractProcessorLight.process(AbstractProcessorLight.java:63)
	at org.apache.coyote.AbstractProtocol$ConnectionHandler.process(AbstractProtocol.java:905)
	at org.apache.tomcat.util.net.NioEndpoint$SocketProcessor.doRun(NioEndpoint.java:1743)
	at org.apache.tomcat.util.net.SocketProcessorBase.run(SocketProcessorBase.java:52)
	at org.apache.tomcat.util.threads.ThreadPoolExecutor.runWorker(ThreadPoolExecutor.java:1190)
	at org.apache.tomcat.util.threads.ThreadPoolExecutor$Worker.run(ThreadPoolExecutor.java:659)
	at org.apache.tomcat.util.threads.TaskThread$WrappingRunnable.run(TaskThread.java:63)
	at java.base/java.lang.Thread.run(Thread.java:842)
08:49:32.891 [https-jsse-nio-8443-exec-2] DEBUG o.s.security.web.FilterChainProxy - Securing GET /buildings
08:49:32.891 [https-jsse-nio-8443-exec-2] DEBUG o.s.s.w.a.c.ChannelProcessingFilter - Request: filter invocation [GET /buildings]; ConfigAttributes: [REQUIRES_SECURE_CHANNEL]
08:49:32.928 [https-jsse-nio-8443-exec-6] DEBUG o.s.security.web.FilterChainProxy - Securing GET /css/toast.css
08:49:32.928 [https-jsse-nio-8443-exec-6] DEBUG o.s.s.w.a.c.ChannelProcessingFilter - Request: filter invocation [GET /css/toast.css]; ConfigAttributes: [REQUIRES_SECURE_CHANNEL]
08:49:32.929 [https-jsse-nio-8443-exec-6] DEBUG o.s.security.web.FilterChainProxy - Secured GET /css/toast.css
08:49:32.936 [https-jsse-nio-8443-exec-2] DEBUG o.s.security.web.FilterChainProxy - Securing GET /css/bootstrap.min.css
08:49:32.936 [https-jsse-nio-8443-exec-2] DEBUG o.s.s.w.a.c.ChannelProcessingFilter - Request: filter invocation [GET /css/bootstrap.min.css]; ConfigAttributes: [REQUIRES_SECURE_CHANNEL]
08:49:32.937 [https-jsse-nio-8443-exec-2] DEBUG o.s.security.web.FilterChainProxy - Secured GET /css/bootstrap.min.css
08:49:32.938 [https-jsse-nio-8443-exec-6] DEBUG o.s.s.w.c.HttpSessionSecurityContextRepository - Retrieved SecurityContextImpl [Authentication=UsernamePasswordAuthenticationToken [Principal=ir.model.entity.CustomUserDetails@8b1f75b, Credentials=[PROTECTED], Authenticated=true, Details=WebAuthenticationDetails [RemoteIpAddress=0:0:0:0:0:0:0:1, SessionId=F5FA942712FD3296F7514915924D4DFF], Granted Authorities=[TICKET_EDIT, BUILDING_CREATE, ROLE_ADMIN, TICKET_CREATE, TICKET_DELETE]]]
08:49:32.941 [https-jsse-nio-8443-exec-6] DEBUG o.s.security.web.FilterChainProxy - Securing GET /css/fontawesome.css
08:49:32.941 [https-jsse-nio-8443-exec-6] DEBUG o.s.s.w.a.c.ChannelProcessingFilter - Request: filter invocation [GET /css/fontawesome.css]; ConfigAttributes: [REQUIRES_SECURE_CHANNEL]
08:49:32.942 [https-jsse-nio-8443-exec-6] DEBUG o.s.security.web.FilterChainProxy - Secured GET /css/fontawesome.css
08:49:32.944 [https-jsse-nio-8443-exec-5] DEBUG o.s.security.web.FilterChainProxy - Securing GET /css/fonts.min.css
08:49:32.944 [https-jsse-nio-8443-exec-5] DEBUG o.s.s.w.a.c.ChannelProcessingFilter - Request: filter invocation [GET /css/fonts.min.css]; ConfigAttributes: [REQUIRES_SECURE_CHANNEL]
08:49:32.945 [https-jsse-nio-8443-exec-4] DEBUG o.s.security.web.FilterChainProxy - Securing GET /css/styles.css
08:49:32.945 [https-jsse-nio-8443-exec-4] DEBUG o.s.s.w.a.c.ChannelProcessingFilter - Request: filter invocation [GET /css/styles.css]; ConfigAttributes: [REQUIRES_SECURE_CHANNEL]
08:49:32.945 [https-jsse-nio-8443-exec-5] DEBUG o.s.security.web.FilterChainProxy - Secured GET /css/fonts.min.css
08:49:32.946 [https-jsse-nio-8443-exec-3] DEBUG o.s.security.web.FilterChainProxy - Securing GET /css/reset.css
08:49:32.946 [https-jsse-nio-8443-exec-3] DEBUG o.s.s.w.a.c.ChannelProcessingFilter - Request: filter invocation [GET /css/reset.css]; ConfigAttributes: [REQUIRES_SECURE_CHANNEL]
08:49:32.946 [https-jsse-nio-8443-exec-4] DEBUG o.s.security.web.FilterChainProxy - Secured GET /css/styles.css
08:49:32.947 [https-jsse-nio-8443-exec-3] DEBUG o.s.security.web.FilterChainProxy - Secured GET /css/reset.css
08:49:32.948 [https-jsse-nio-8443-exec-5] DEBUG o.s.s.w.c.HttpSessionSecurityContextRepository - Retrieved SecurityContextImpl [Authentication=UsernamePasswordAuthenticationToken [Principal=ir.model.entity.CustomUserDetails@8b1f75b, Credentials=[PROTECTED], Authenticated=true, Details=WebAuthenticationDetails [RemoteIpAddress=0:0:0:0:0:0:0:1, SessionId=F5FA942712FD3296F7514915924D4DFF], Granted Authorities=[TICKET_EDIT, BUILDING_CREATE, ROLE_ADMIN, TICKET_CREATE, TICKET_DELETE]]]
08:49:32.948 [https-jsse-nio-8443-exec-4] DEBUG o.s.s.w.c.HttpSessionSecurityContextRepository - Retrieved SecurityContextImpl [Authentication=UsernamePasswordAuthenticationToken [Principal=ir.model.entity.CustomUserDetails@8b1f75b, Credentials=[PROTECTED], Authenticated=true, Details=WebAuthenticationDetails [RemoteIpAddress=0:0:0:0:0:0:0:1, SessionId=F5FA942712FD3296F7514915924D4DFF], Granted Authorities=[TICKET_EDIT, BUILDING_CREATE, ROLE_ADMIN, TICKET_CREATE, TICKET_DELETE]]]
08:49:32.949 [https-jsse-nio-8443-exec-3] DEBUG o.s.s.w.c.HttpSessionSecurityContextRepository - Retrieved SecurityContextImpl [Authentication=UsernamePasswordAuthenticationToken [Principal=ir.model.entity.CustomUserDetails@8b1f75b, Credentials=[PROTECTED], Authenticated=true, Details=WebAuthenticationDetails [RemoteIpAddress=0:0:0:0:0:0:0:1, SessionId=F5FA942712FD3296F7514915924D4DFF], Granted Authorities=[TICKET_EDIT, BUILDING_CREATE, ROLE_ADMIN, TICKET_CREATE, TICKET_DELETE]]]
08:49:32.950 [https-jsse-nio-8443-exec-5] DEBUG o.s.security.web.FilterChainProxy - Securing GET /icons/mftlogo.png
08:49:32.950 [https-jsse-nio-8443-exec-5] DEBUG o.s.s.w.a.c.ChannelProcessingFilter - Request: filter invocation [GET /icons/mftlogo.png]; ConfigAttributes: [REQUIRES_SECURE_CHANNEL]
08:49:32.951 [https-jsse-nio-8443-exec-5] DEBUG o.s.security.web.FilterChainProxy - Secured GET /icons/mftlogo.png
08:49:32.954 [https-jsse-nio-8443-exec-5] DEBUG o.s.s.w.c.HttpSessionSecurityContextRepository - Retrieved SecurityContextImpl [Authentication=UsernamePasswordAuthenticationToken [Principal=ir.model.entity.CustomUserDetails@8b1f75b, Credentials=[PROTECTED], Authenticated=true, Details=WebAuthenticationDetails [RemoteIpAddress=0:0:0:0:0:0:0:1, SessionId=F5FA942712FD3296F7514915924D4DFF], Granted Authorities=[TICKET_EDIT, BUILDING_CREATE, ROLE_ADMIN, TICKET_CREATE, TICKET_DELETE]]]
08:49:32.956 [https-jsse-nio-8443-exec-2] DEBUG o.s.s.w.c.HttpSessionSecurityContextRepository - Retrieved SecurityContextImpl [Authentication=UsernamePasswordAuthenticationToken [Principal=ir.model.entity.CustomUserDetails@8b1f75b, Credentials=[PROTECTED], Authenticated=true, Details=WebAuthenticationDetails [RemoteIpAddress=0:0:0:0:0:0:0:1, SessionId=F5FA942712FD3296F7514915924D4DFF], Granted Authorities=[TICKET_EDIT, BUILDING_CREATE, ROLE_ADMIN, TICKET_CREATE, TICKET_DELETE]]]
08:49:32.969 [https-jsse-nio-8443-exec-6] DEBUG o.s.s.w.c.HttpSessionSecurityContextRepository - Retrieved SecurityContextImpl [Authentication=UsernamePasswordAuthenticationToken [Principal=ir.model.entity.CustomUserDetails@8b1f75b, Credentials=[PROTECTED], Authenticated=true, Details=WebAuthenticationDetails [RemoteIpAddress=0:0:0:0:0:0:0:1, SessionId=F5FA942712FD3296F7514915924D4DFF], Granted Authorities=[TICKET_EDIT, BUILDING_CREATE, ROLE_ADMIN, TICKET_CREATE, TICKET_DELETE]]]
08:49:33.703 [org.springframework.kafka.KafkaListenerEndpointContainer#0-0-C-1] INFO  o.apache.kafka.clients.NetworkClient - [Consumer clientId=consumer-building-service-updater-1, groupId=building-service-updater] Node -1 disconnected.
08:49:33.703 [org.springframework.kafka.KafkaListenerEndpointContainer#0-0-C-1] WARN  o.apache.kafka.clients.NetworkClient - [Consumer clientId=consumer-building-service-updater-1, groupId=building-service-updater] Connection to node -1 (localhost/127.0.0.1:9092) could not be established. Node may not be available.
08:49:33.703 [org.springframework.kafka.KafkaListenerEndpointContainer#0-0-C-1] WARN  o.apache.kafka.clients.NetworkClient - [Consumer clientId=consumer-building-service-updater-1, groupId=building-service-updater] Bootstrap broker localhost:9092 (id: -1 rack: null) disconnected
08:49:34.625 [org.springframework.kafka.KafkaListenerEndpointContainer#0-0-C-1] INFO  o.apache.kafka.clients.NetworkClient - [Consumer clientId=consumer-building-service-updater-1, groupId=building-service-updater] Node -1 disconnected.
08:49:34.626 [org.springframework.kafka.KafkaListenerEndpointContainer#0-0-C-1] WARN  o.apache.kafka.clients.NetworkClient - [Consumer clientId=consumer-building-service-updater-1, groupId=building-service-updater] Connection to node -1 (localhost/127.0.0.1:9092) could not be established. Node may not be available.
08:49:34.626 [org.springframework.kafka.KafkaListenerEndpointContainer#0-0-C-1] WARN  o.apache.kafka.clients.NetworkClient - [Consumer clientId=consumer-building-service-updater-1, groupId=building-service-updater] Bootstrap broker localhost:9092 (id: -1 rack: null) disconnected
08:49:35.677 [org.springframework.kafka.KafkaListenerEndpointContainer#0-0-C-1] INFO  o.apache.kafka.clients.NetworkClient - [Consumer clientId=consumer-building-service-updater-1, groupId=building-service-updater] Node -1 disconnected.
08:49:35.677 [org.springframework.kafka.KafkaListenerEndpointContainer#0-0-C-1] WARN  o.apache.kafka.clients.NetworkClient - [Consumer clientId=consumer-building-service-updater-1, groupId=building-service-updater] Connection to node -1 (localhost/127.0.0.1:9092) could not be established. Node may not be available.
08:49:35.677 [org.springframework.kafka.KafkaListenerEndpointContainer#0-0-C-1] WARN  o.apache.kafka.clients.NetworkClient - [Consumer clientId=consumer-building-service-updater-1, groupId=building-service-updater] Bootstrap broker localhost:9092 (id: -1 rack: null) disconnected
08:49:36.599 [org.springframework.kafka.KafkaListenerEndpointContainer#0-0-C-1] INFO  o.apache.kafka.clients.NetworkClient - [Consumer clientId=consumer-building-service-updater-1, groupId=building-service-updater] Node -1 disconnected.
08:49:36.599 [org.springframework.kafka.KafkaListenerEndpointContainer#0-0-C-1] WARN  o.apache.kafka.clients.NetworkClient - [Consumer clientId=consumer-building-service-updater-1, groupId=building-service-updater] Connection to node -1 (localhost/127.0.0.1:9092) could not be established. Node may not be available.
08:49:36.599 [org.springframework.kafka.KafkaListenerEndpointContainer#0-0-C-1] WARN  o.apache.kafka.clients.NetworkClient - [Consumer clientId=consumer-building-service-updater-1, groupId=building-service-updater] Bootstrap broker localhost:9092 (id: -1 rack: null) disconnected
08:49:37.609 [org.springframework.kafka.KafkaListenerEndpointContainer#0-0-C-1] INFO  o.apache.kafka.clients.NetworkClient - [Consumer clientId=consumer-building-service-updater-1, groupId=building-service-updater] Node -1 disconnected.
08:49:37.609 [org.springframework.kafka.KafkaListenerEndpointContainer#0-0-C-1] WARN  o.apache.kafka.clients.NetworkClient - [Consumer clientId=consumer-building-service-updater-1, groupId=building-service-updater] Connection to node -1 (localhost/127.0.0.1:9092) could not be established. Node may not be available.
08:49:37.609 [org.springframework.kafka.KafkaListenerEndpointContainer#0-0-C-1] WARN  o.apache.kafka.clients.NetworkClient - [Consumer clientId=consumer-building-service-updater-1, groupId=building-service-updater] Bootstrap broker localhost:9092 (id: -1 rack: null) disconnected
08:49:38.624 [org.springframework.kafka.KafkaListenerEndpointContainer#0-0-C-1] INFO  o.apache.kafka.clients.NetworkClient - [Consumer clientId=consumer-building-service-updater-1, groupId=building-service-updater] Node -1 disconnected.
08:49:38.624 [org.springframework.kafka.KafkaListenerEndpointContainer#0-0-C-1] WARN  o.apache.kafka.clients.NetworkClient - [Consumer clientId=consumer-building-service-updater-1, groupId=building-service-updater] Connection to node -1 (localhost/127.0.0.1:9092) could not be established. Node may not be available.
08:49:38.624 [org.springframework.kafka.KafkaListenerEndpointContainer#0-0-C-1] WARN  o.apache.kafka.clients.NetworkClient - [Consumer clientId=consumer-building-service-updater-1, groupId=building-service-updater] Bootstrap broker localhost:9092 (id: -1 rack: null) disconnected
08:49:39.473 [org.springframework.kafka.KafkaListenerEndpointContainer#0-0-C-1] INFO  o.apache.kafka.clients.NetworkClient - [Consumer clientId=consumer-building-service-updater-1, groupId=building-service-updater] Node -1 disconnected.
08:49:39.473 [org.springframework.kafka.KafkaListenerEndpointContainer#0-0-C-1] WARN  o.apache.kafka.clients.NetworkClient - [Consumer clientId=consumer-building-service-updater-1, groupId=building-service-updater] Connection to node -1 (localhost/127.0.0.1:9092) could not be established. Node may not be available.
08:49:39.473 [org.springframework.kafka.KafkaListenerEndpointContainer#0-0-C-1] WARN  o.apache.kafka.clients.NetworkClient - [Consumer clientId=consumer-building-service-updater-1, groupId=building-service-updater] Bootstrap broker localhost:9092 (id: -1 rack: null) disconnected
08:49:39.607 [https-jsse-nio-8443-exec-4] DEBUG o.s.security.web.FilterChainProxy - Securing GET /buildings
08:49:39.607 [https-jsse-nio-8443-exec-4] DEBUG o.s.s.w.a.c.ChannelProcessingFilter - Request: filter invocation [GET /buildings]; ConfigAttributes: [REQUIRES_SECURE_CHANNEL]
08:49:39.608 [https-jsse-nio-8443-exec-4] DEBUG o.s.s.w.c.HttpSessionSecurityContextRepository - Retrieved SecurityContextImpl [Authentication=UsernamePasswordAuthenticationToken [Principal=ir.model.entity.CustomUserDetails@8b1f75b, Credentials=[PROTECTED], Authenticated=true, Details=WebAuthenticationDetails [RemoteIpAddress=0:0:0:0:0:0:0:1, SessionId=F5FA942712FD3296F7514915924D4DFF], Granted Authorities=[TICKET_EDIT, BUILDING_CREATE, ROLE_ADMIN, TICKET_CREATE, TICKET_DELETE]]]
08:49:39.608 [https-jsse-nio-8443-exec-4] DEBUG o.s.security.web.FilterChainProxy - Secured GET /buildings
08:49:39.610 [https-jsse-nio-8443-exec-4] DEBUG o.s.jdbc.datasource.DataSourceUtils - Setting JDBC Connection [HikariProxyConnection@674973301 wrapping oracle.jdbc.driver.T4CConnection@423e2de1] read-only
08:49:39.610 [https-jsse-nio-8443-exec-4] DEBUG o.h.e.t.internal.TransactionImpl - On TransactionImpl creation, JpaCompliance#isJpaTransactionComplianceEnabled == false
08:49:39.610 [https-jsse-nio-8443-exec-4] DEBUG o.h.e.t.internal.TransactionImpl - begin
08:49:39.611 [https-jsse-nio-8443-exec-4] DEBUG org.hibernate.SQL - 
    /* <criteria> */ select
        b1_0.id,
        b1_0.address_id,
        b1_0.deleted,
        b1_0.title 
    from
        building_table b1_0 
    where
        (
            b1_0.deleted = 0
        ) 
    order by
        b1_0.title 
    offset
        ? rows 
    fetch
        first ? rows only
08:49:39.612 [https-jsse-nio-8443-exec-4] TRACE org.hibernate.orm.jdbc.bind - binding parameter (1:INTEGER) <- [0]
08:49:39.612 [https-jsse-nio-8443-exec-4] TRACE org.hibernate.orm.jdbc.bind - binding parameter (2:INTEGER) <- [10]
08:49:39.613 [https-jsse-nio-8443-exec-4] DEBUG o.h.e.t.internal.TransactionImpl - committing
08:49:39.613 [https-jsse-nio-8443-exec-4] DEBUG o.s.jdbc.datasource.DataSourceUtils - Resetting read-only flag of JDBC Connection [HikariProxyConnection@674973301 wrapping oracle.jdbc.driver.T4CConnection@423e2de1]
08:49:39.613 [https-jsse-nio-8443-exec-4] INFO  i.c.exception.ResponseAspect - Web Controller: rolesList
08:49:39.624 [https-jsse-nio-8443-exec-4] ERROR org.thymeleaf.TemplateEngine - [THYMELEAF][https-jsse-nio-8443-exec-4] Exception processing template "building": An error happened during template parsing (template: "class path resource [templates/building.html]")
org.thymeleaf.exceptions.TemplateInputException: An error happened during template parsing (template: "class path resource [templates/building.html]")
	at org.thymeleaf.templateparser.markup.AbstractMarkupTemplateParser.parse(AbstractMarkupTemplateParser.java:241)
	at org.thymeleaf.templateparser.markup.AbstractMarkupTemplateParser.parseStandalone(AbstractMarkupTemplateParser.java:100)
	at org.thymeleaf.engine.TemplateManager.parseAndProcess(TemplateManager.java:666)
	at org.thymeleaf.TemplateEngine.process(TemplateEngine.java:1103)
	at org.thymeleaf.TemplateEngine.process(TemplateEngine.java:1077)
	at org.thymeleaf.spring6.view.ThymeleafView.renderFragment(ThymeleafView.java:372)
	at org.thymeleaf.spring6.view.ThymeleafView.render(ThymeleafView.java:192)
	at org.springframework.web.servlet.DispatcherServlet.render(DispatcherServlet.java:1435)
	at org.springframework.web.servlet.DispatcherServlet.processDispatchResult(DispatcherServlet.java:1167)
	at org.springframework.web.servlet.DispatcherServlet.doDispatch(DispatcherServlet.java:1105)
	at org.springframework.web.servlet.DispatcherServlet.doService(DispatcherServlet.java:978)
	at org.springframework.web.servlet.FrameworkServlet.processRequest(FrameworkServlet.java:1014)
	at org.springframework.web.servlet.FrameworkServlet.doGet(FrameworkServlet.java:903)
	at jakarta.servlet.http.HttpServlet.service(HttpServlet.java:564)
	at org.springframework.web.servlet.FrameworkServlet.service(FrameworkServlet.java:885)
	at jakarta.servlet.http.HttpServlet.service(HttpServlet.java:658)
	at org.apache.catalina.core.ApplicationFilterChain.internalDoFilter(ApplicationFilterChain.java:195)
	at org.apache.catalina.core.ApplicationFilterChain.doFilter(ApplicationFilterChain.java:140)
	at org.apache.tomcat.websocket.server.WsFilter.doFilter(WsFilter.java:51)
	at org.apache.catalina.core.ApplicationFilterChain.internalDoFilter(ApplicationFilterChain.java:164)
	at org.apache.catalina.core.ApplicationFilterChain.doFilter(ApplicationFilterChain.java:140)
	at org.springframework.web.filter.CompositeFilter$VirtualFilterChain.doFilter(CompositeFilter.java:108)
	at org.springframework.security.web.FilterChainProxy.lambda$doFilterInternal$3(FilterChainProxy.java:231)
	at org.springframework.security.web.ObservationFilterChainDecorator$FilterObservation$SimpleFilterObservation.lambda$wrap$1(ObservationFilterChainDecorator.java:479)
	at org.springframework.security.web.ObservationFilterChainDecorator$AroundFilterObservation$SimpleAroundFilterObservation.lambda$wrap$1(ObservationFilterChainDecorator.java:340)
	at org.springframework.security.web.ObservationFilterChainDecorator.lambda$wrapSecured$0(ObservationFilterChainDecorator.java:82)
	at org.springframework.security.web.ObservationFilterChainDecorator$VirtualFilterChain.doFilter(ObservationFilterChainDecorator.java:128)
	at org.springframework.security.web.access.intercept.AuthorizationFilter.doFilter(AuthorizationFilter.java:101)
	at org.springframework.security.web.ObservationFilterChainDecorator$ObservationFilter.wrapFilter(ObservationFilterChainDecorator.java:240)
	at org.springframework.security.web.ObservationFilterChainDecorator$ObservationFilter.doFilter(ObservationFilterChainDecorator.java:227)
	at org.springframework.security.web.ObservationFilterChainDecorator$VirtualFilterChain.doFilter(ObservationFilterChainDecorator.java:137)
	at org.springframework.security.web.access.ExceptionTranslationFilter.doFilter(ExceptionTranslationFilter.java:126)
	at org.springframework.security.web.access.ExceptionTranslationFilter.doFilter(ExceptionTranslationFilter.java:120)
	at org.springframework.security.web.ObservationFilterChainDecorator$ObservationFilter.wrapFilter(ObservationFilterChainDecorator.java:240)
	at org.springframework.security.web.ObservationFilterChainDecorator$ObservationFilter.doFilter(ObservationFilterChainDecorator.java:227)
	at org.springframework.security.web.ObservationFilterChainDecorator$VirtualFilterChain.doFilter(ObservationFilterChainDecorator.java:137)
	at org.springframework.security.web.session.SessionManagementFilter.doFilter(SessionManagementFilter.java:131)
	at org.springframework.security.web.session.SessionManagementFilter.doFilter(SessionManagementFilter.java:85)
	at org.springframework.security.web.ObservationFilterChainDecorator$ObservationFilter.wrapFilter(ObservationFilterChainDecorator.java:240)
	at org.springframework.security.web.ObservationFilterChainDecorator$ObservationFilter.doFilter(ObservationFilterChainDecorator.java:227)
	at org.springframework.security.web.ObservationFilterChainDecorator$VirtualFilterChain.doFilter(ObservationFilterChainDecorator.java:137)
	at org.springframework.security.web.authentication.AnonymousAuthenticationFilter.doFilter(AnonymousAuthenticationFilter.java:100)
	at org.springframework.security.web.ObservationFilterChainDecorator$ObservationFilter.wrapFilter(ObservationFilterChainDecorator.java:240)
	at org.springframework.security.web.ObservationFilterChainDecorator$ObservationFilter.doFilter(ObservationFilterChainDecorator.java:227)
	at org.springframework.security.web.ObservationFilterChainDecorator$VirtualFilterChain.doFilter(ObservationFilterChainDecorator.java:137)
	at org.springframework.security.web.servletapi.SecurityContextHolderAwareRequestFilter.doFilter(SecurityContextHolderAwareRequestFilter.java:179)
	at org.springframework.security.web.ObservationFilterChainDecorator$ObservationFilter.wrapFilter(ObservationFilterChainDecorator.java:240)
	at org.springframework.security.web.ObservationFilterChainDecorator$ObservationFilter.doFilter(ObservationFilterChainDecorator.java:227)
	at org.springframework.security.web.ObservationFilterChainDecorator$VirtualFilterChain.doFilter(ObservationFilterChainDecorator.java:137)
	at org.springframework.security.web.savedrequest.RequestCacheAwareFilter.doFilter(RequestCacheAwareFilter.java:63)
	at org.springframework.security.web.ObservationFilterChainDecorator$ObservationFilter.wrapFilter(ObservationFilterChainDecorator.java:240)
	at org.springframework.security.web.ObservationFilterChainDecorator$ObservationFilter.doFilter(ObservationFilterChainDecorator.java:227)
	at org.springframework.security.web.ObservationFilterChainDecorator$VirtualFilterChain.doFilter(ObservationFilterChainDecorator.java:137)
	at org.springframework.security.web.session.ConcurrentSessionFilter.doFilter(ConcurrentSessionFilter.java:151)
	at org.springframework.security.web.session.ConcurrentSessionFilter.doFilter(ConcurrentSessionFilter.java:129)
	at org.springframework.security.web.ObservationFilterChainDecorator$ObservationFilter.wrapFilter(ObservationFilterChainDecorator.java:240)
	at org.springframework.security.web.ObservationFilterChainDecorator$ObservationFilter.doFilter(ObservationFilterChainDecorator.java:227)
	at org.springframework.security.web.ObservationFilterChainDecorator$VirtualFilterChain.doFilter(ObservationFilterChainDecorator.java:137)
	at org.springframework.security.web.authentication.AbstractAuthenticationProcessingFilter.doFilter(AbstractAuthenticationProcessingFilter.java:227)
	at org.springframework.security.web.authentication.AbstractAuthenticationProcessingFilter.doFilter(AbstractAuthenticationProcessingFilter.java:221)
	at org.springframework.security.web.ObservationFilterChainDecorator$ObservationFilter.wrapFilter(ObservationFilterChainDecorator.java:240)
	at org.springframework.security.web.ObservationFilterChainDecorator$ObservationFilter.doFilter(ObservationFilterChainDecorator.java:227)
	at org.springframework.security.web.ObservationFilterChainDecorator$VirtualFilterChain.doFilter(ObservationFilterChainDecorator.java:137)
	at org.springframework.security.web.authentication.logout.LogoutFilter.doFilter(LogoutFilter.java:107)
	at org.springframework.security.web.authentication.logout.LogoutFilter.doFilter(LogoutFilter.java:93)
	at org.springframework.security.web.ObservationFilterChainDecorator$ObservationFilter.wrapFilter(ObservationFilterChainDecorator.java:240)
	at org.springframework.security.web.ObservationFilterChainDecorator$ObservationFilter.doFilter(ObservationFilterChainDecorator.java:227)
	at org.springframework.security.web.ObservationFilterChainDecorator$VirtualFilterChain.doFilter(ObservationFilterChainDecorator.java:137)
	at org.springframework.security.web.csrf.CsrfFilter.doFilterInternal(CsrfFilter.java:117)
	at org.springframework.web.filter.OncePerRequestFilter.doFilter(OncePerRequestFilter.java:116)
	at org.springframework.security.web.ObservationFilterChainDecorator$ObservationFilter.wrapFilter(ObservationFilterChainDecorator.java:240)
	at org.springframework.security.web.ObservationFilterChainDecorator$ObservationFilter.doFilter(ObservationFilterChainDecorator.java:227)
	at org.springframework.security.web.ObservationFilterChainDecorator$VirtualFilterChain.doFilter(ObservationFilterChainDecorator.java:137)
	at org.springframework.web.filter.CorsFilter.doFilterInternal(CorsFilter.java:91)
	at org.springframework.web.filter.OncePerRequestFilter.doFilter(OncePerRequestFilter.java:116)
	at org.springframework.security.web.ObservationFilterChainDecorator$ObservationFilter.wrapFilter(ObservationFilterChainDecorator.java:240)
	at org.springframework.security.web.ObservationFilterChainDecorator$ObservationFilter.doFilter(ObservationFilterChainDecorator.java:227)
	at org.springframework.security.web.ObservationFilterChainDecorator$VirtualFilterChain.doFilter(ObservationFilterChainDecorator.java:137)
	at org.springframework.security.web.header.HeaderWriterFilter.doHeadersAfter(HeaderWriterFilter.java:90)
	at org.springframework.security.web.header.HeaderWriterFilter.doFilterInternal(HeaderWriterFilter.java:75)
	at org.springframework.web.filter.OncePerRequestFilter.doFilter(OncePerRequestFilter.java:116)
	at org.springframework.security.web.ObservationFilterChainDecorator$ObservationFilter.wrapFilter(ObservationFilterChainDecorator.java:240)
	at org.springframework.security.web.ObservationFilterChainDecorator$ObservationFilter.doFilter(ObservationFilterChainDecorator.java:227)
	at org.springframework.security.web.ObservationFilterChainDecorator$VirtualFilterChain.doFilter(ObservationFilterChainDecorator.java:137)
	at org.springframework.security.web.context.SecurityContextHolderFilter.doFilter(SecurityContextHolderFilter.java:82)
	at org.springframework.security.web.context.SecurityContextHolderFilter.doFilter(SecurityContextHolderFilter.java:69)
	at org.springframework.security.web.ObservationFilterChainDecorator$ObservationFilter.wrapFilter(ObservationFilterChainDecorator.java:240)
	at org.springframework.security.web.ObservationFilterChainDecorator$ObservationFilter.doFilter(ObservationFilterChainDecorator.java:227)
	at org.springframework.security.web.ObservationFilterChainDecorator$VirtualFilterChain.doFilter(ObservationFilterChainDecorator.java:137)
	at org.springframework.security.web.context.request.async.WebAsyncManagerIntegrationFilter.doFilterInternal(WebAsyncManagerIntegrationFilter.java:62)
	at org.springframework.web.filter.OncePerRequestFilter.doFilter(OncePerRequestFilter.java:116)
	at org.springframework.security.web.ObservationFilterChainDecorator$ObservationFilter.wrapFilter(ObservationFilterChainDecorator.java:240)
	at org.springframework.security.web.ObservationFilterChainDecorator$ObservationFilter.doFilter(ObservationFilterChainDecorator.java:227)
	at org.springframework.security.web.ObservationFilterChainDecorator$VirtualFilterChain.doFilter(ObservationFilterChainDecorator.java:137)
	at org.springframework.security.web.access.channel.ChannelProcessingFilter.doFilter(ChannelProcessingFilter.java:133)
	at org.springframework.security.web.ObservationFilterChainDecorator$ObservationFilter.wrapFilter(ObservationFilterChainDecorator.java:240)
	at org.springframework.security.web.ObservationFilterChainDecorator$ObservationFilter.doFilter(ObservationFilterChainDecorator.java:227)
	at org.springframework.security.web.ObservationFilterChainDecorator$VirtualFilterChain.doFilter(ObservationFilterChainDecorator.java:137)
	at org.springframework.security.web.session.DisableEncodeUrlFilter.doFilterInternal(DisableEncodeUrlFilter.java:42)
	at org.springframework.web.filter.OncePerRequestFilter.doFilter(OncePerRequestFilter.java:116)
	at org.springframework.security.web.ObservationFilterChainDecorator$ObservationFilter.wrapFilter(ObservationFilterChainDecorator.java:240)
	at org.springframework.security.web.ObservationFilterChainDecorator$AroundFilterObservation$SimpleAroundFilterObservation.lambda$wrap$0(ObservationFilterChainDecorator.java:323)
	at org.springframework.security.web.ObservationFilterChainDecorator$ObservationFilter.doFilter(ObservationFilterChainDecorator.java:224)
	at org.springframework.security.web.ObservationFilterChainDecorator$VirtualFilterChain.doFilter(ObservationFilterChainDecorator.java:137)
	at org.springframework.security.web.FilterChainProxy.doFilterInternal(FilterChainProxy.java:233)
	at org.springframework.security.web.FilterChainProxy.doFilter(FilterChainProxy.java:191)
	at org.springframework.web.filter.CompositeFilter$VirtualFilterChain.doFilter(CompositeFilter.java:113)
	at org.springframework.web.servlet.handler.HandlerMappingIntrospector.lambda$createCacheFilter$3(HandlerMappingIntrospector.java:243)
	at org.springframework.web.filter.CompositeFilter$VirtualFilterChain.doFilter(CompositeFilter.java:113)
	at org.springframework.web.filter.CompositeFilter.doFilter(CompositeFilter.java:74)
	at org.springframework.security.config.annotation.web.configuration.WebMvcSecurityConfiguration$CompositeFilterChainProxy.doFilter(WebMvcSecurityConfiguration.java:238)
	at org.springframework.web.filter.DelegatingFilterProxy.invokeDelegate(DelegatingFilterProxy.java:362)
	at org.springframework.web.filter.DelegatingFilterProxy.doFilter(DelegatingFilterProxy.java:278)
	at org.apache.catalina.core.ApplicationFilterChain.internalDoFilter(ApplicationFilterChain.java:164)
	at org.apache.catalina.core.ApplicationFilterChain.doFilter(ApplicationFilterChain.java:140)
	at org.springframework.web.filter.ServerHttpObservationFilter.doFilterInternal(ServerHttpObservationFilter.java:114)
	at org.springframework.web.filter.OncePerRequestFilter.doFilter(OncePerRequestFilter.java:116)
	at org.apache.catalina.core.ApplicationFilterChain.internalDoFilter(ApplicationFilterChain.java:164)
	at org.apache.catalina.core.ApplicationFilterChain.doFilter(ApplicationFilterChain.java:140)
	at org.springframework.web.filter.CharacterEncodingFilter.doFilterInternal(CharacterEncodingFilter.java:201)
	at org.springframework.web.filter.OncePerRequestFilter.doFilter(OncePerRequestFilter.java:116)
	at org.apache.catalina.core.ApplicationFilterChain.internalDoFilter(ApplicationFilterChain.java:164)
	at org.apache.catalina.core.ApplicationFilterChain.doFilter(ApplicationFilterChain.java:140)
	at org.apache.catalina.core.StandardWrapperValve.invoke(StandardWrapperValve.java:167)
	at org.apache.catalina.core.StandardContextValve.invoke(StandardContextValve.java:90)
	at org.apache.catalina.authenticator.AuthenticatorBase.invoke(AuthenticatorBase.java:483)
	at org.apache.catalina.core.StandardHostValve.invoke(StandardHostValve.java:115)
	at org.apache.catalina.valves.ErrorReportValve.invoke(ErrorReportValve.java:93)
	at org.apache.catalina.core.StandardEngineValve.invoke(StandardEngineValve.java:74)
	at org.apache.catalina.connector.CoyoteAdapter.service(CoyoteAdapter.java:344)
	at org.apache.coyote.http11.Http11Processor.service(Http11Processor.java:397)
	at org.apache.coyote.AbstractProcessorLight.process(AbstractProcessorLight.java:63)
	at org.apache.coyote.AbstractProtocol$ConnectionHandler.process(AbstractProtocol.java:905)
	at org.apache.tomcat.util.net.NioEndpoint$SocketProcessor.doRun(NioEndpoint.java:1743)
	at org.apache.tomcat.util.net.SocketProcessorBase.run(SocketProcessorBase.java:52)
	at org.apache.tomcat.util.threads.ThreadPoolExecutor.runWorker(ThreadPoolExecutor.java:1190)
	at org.apache.tomcat.util.threads.ThreadPoolExecutor$Worker.run(ThreadPoolExecutor.java:659)
	at org.apache.tomcat.util.threads.TaskThread$WrappingRunnable.run(TaskThread.java:63)
	at java.base/java.lang.Thread.run(Thread.java:842)
Caused by: org.attoparser.ParseException: Error resolving template [fragments/building-fragments/building-edit-modal], template might not exist or might not be accessible by any of the configured Template Resolvers (template: "building" - line 35, col 6)
	at org.attoparser.MarkupParser.parseDocument(MarkupParser.java:393)
	at org.attoparser.MarkupParser.parse(MarkupParser.java:257)
	at org.thymeleaf.templateparser.markup.AbstractMarkupTemplateParser.parse(AbstractMarkupTemplateParser.java:230)
	... 138 common frames omitted
Caused by: org.thymeleaf.exceptions.TemplateInputException: Error resolving template [fragments/building-fragments/building-edit-modal], template might not exist or might not be accessible by any of the configured Template Resolvers (template: "building" - line 35, col 6)
	at org.thymeleaf.engine.TemplateManager.resolveTemplate(TemplateManager.java:869)
	at org.thymeleaf.engine.TemplateManager.parseStandalone(TemplateManager.java:250)
	at org.thymeleaf.standard.expression.FragmentExpression.resolveExecutedFragmentExpression(FragmentExpression.java:567)
	at org.thymeleaf.standard.processor.AbstractStandardFragmentInsertionTagProcessor.computeFragment(AbstractStandardFragmentInsertionTagProcessor.java:419)
	at org.thymeleaf.standard.processor.AbstractStandardFragmentInsertionTagProcessor.doProcess(AbstractStandardFragmentInsertionTagProcessor.java:115)
	at org.thymeleaf.processor.element.AbstractAttributeTagProcessor.doProcess(AbstractAttributeTagProcessor.java:74)
	at org.thymeleaf.processor.element.AbstractElementTagProcessor.process(AbstractElementTagProcessor.java:95)
	at org.thymeleaf.util.ProcessorConfigurationUtils$ElementTagProcessorWrapper.process(ProcessorConfigurationUtils.java:633)
	at org.thymeleaf.engine.ProcessorTemplateHandler.handleOpenElement(ProcessorTemplateHandler.java:1314)
	at org.thymeleaf.engine.TemplateHandlerAdapterMarkupHandler.handleOpenElementEnd(TemplateHandlerAdapterMarkupHandler.java:304)
	at org.thymeleaf.templateparser.markup.InlinedOutputExpressionMarkupHandler$InlineMarkupAdapterPreProcessorHandler.handleOpenElementEnd(InlinedOutputExpressionMarkupHandler.java:278)
	at org.thymeleaf.standard.inline.OutputExpressionInlinePreProcessorHandler.handleOpenElementEnd(OutputExpressionInlinePreProcessorHandler.java:186)
	at org.thymeleaf.templateparser.markup.InlinedOutputExpressionMarkupHandler.handleOpenElementEnd(InlinedOutputExpressionMarkupHandler.java:124)
	at org.attoparser.HtmlElement.handleOpenElementEnd(HtmlElement.java:109)
	at org.attoparser.HtmlMarkupHandler.handleOpenElementEnd(HtmlMarkupHandler.java:297)
	at org.attoparser.MarkupEventProcessorHandler.handleOpenElementEnd(MarkupEventProcessorHandler.java:402)
	at org.attoparser.ParsingElementMarkupUtil.parseOpenElement(ParsingElementMarkupUtil.java:159)
	at org.attoparser.MarkupParser.parseBuffer(MarkupParser.java:710)
	at org.attoparser.MarkupParser.parseDocument(MarkupParser.java:301)
	... 140 common frames omitted
08:49:39.625 [https-jsse-nio-8443-exec-4] ERROR o.a.c.c.C.[.[.[.[dispatcherServlet] - Servlet.service() for servlet [dispatcherServlet] in context with path [] threw exception [Request processing failed: org.thymeleaf.exceptions.TemplateInputException: An error happened during template parsing (template: "class path resource [templates/building.html]")] with root cause
org.thymeleaf.exceptions.TemplateInputException: Error resolving template [fragments/building-fragments/building-edit-modal], template might not exist or might not be accessible by any of the configured Template Resolvers (template: "building" - line 35, col 6)
	at org.thymeleaf.engine.TemplateManager.resolveTemplate(TemplateManager.java:869)
	at org.thymeleaf.engine.TemplateManager.parseStandalone(TemplateManager.java:250)
	at org.thymeleaf.standard.expression.FragmentExpression.resolveExecutedFragmentExpression(FragmentExpression.java:567)
	at org.thymeleaf.standard.processor.AbstractStandardFragmentInsertionTagProcessor.computeFragment(AbstractStandardFragmentInsertionTagProcessor.java:419)
	at org.thymeleaf.standard.processor.AbstractStandardFragmentInsertionTagProcessor.doProcess(AbstractStandardFragmentInsertionTagProcessor.java:115)
	at org.thymeleaf.processor.element.AbstractAttributeTagProcessor.doProcess(AbstractAttributeTagProcessor.java:74)
	at org.thymeleaf.processor.element.AbstractElementTagProcessor.process(AbstractElementTagProcessor.java:95)
	at org.thymeleaf.util.ProcessorConfigurationUtils$ElementTagProcessorWrapper.process(ProcessorConfigurationUtils.java:633)
	at org.thymeleaf.engine.ProcessorTemplateHandler.handleOpenElement(ProcessorTemplateHandler.java:1314)
	at org.thymeleaf.engine.TemplateHandlerAdapterMarkupHandler.handleOpenElementEnd(TemplateHandlerAdapterMarkupHandler.java:304)
	at org.thymeleaf.templateparser.markup.InlinedOutputExpressionMarkupHandler$InlineMarkupAdapterPreProcessorHandler.handleOpenElementEnd(InlinedOutputExpressionMarkupHandler.java:278)
	at org.thymeleaf.standard.inline.OutputExpressionInlinePreProcessorHandler.handleOpenElementEnd(OutputExpressionInlinePreProcessorHandler.java:186)
	at org.thymeleaf.templateparser.markup.InlinedOutputExpressionMarkupHandler.handleOpenElementEnd(InlinedOutputExpressionMarkupHandler.java:124)
	at org.attoparser.HtmlElement.handleOpenElementEnd(HtmlElement.java:109)
	at org.attoparser.HtmlMarkupHandler.handleOpenElementEnd(HtmlMarkupHandler.java:297)
	at org.attoparser.MarkupEventProcessorHandler.handleOpenElementEnd(MarkupEventProcessorHandler.java:402)
	at org.attoparser.ParsingElementMarkupUtil.parseOpenElement(ParsingElementMarkupUtil.java:159)
	at org.attoparser.MarkupParser.parseBuffer(MarkupParser.java:710)
	at org.attoparser.MarkupParser.parseDocument(MarkupParser.java:301)
	at org.attoparser.MarkupParser.parse(MarkupParser.java:257)
	at org.thymeleaf.templateparser.markup.AbstractMarkupTemplateParser.parse(AbstractMarkupTemplateParser.java:230)
	at org.thymeleaf.templateparser.markup.AbstractMarkupTemplateParser.parseStandalone(AbstractMarkupTemplateParser.java:100)
	at org.thymeleaf.engine.TemplateManager.parseAndProcess(TemplateManager.java:666)
	at org.thymeleaf.TemplateEngine.process(TemplateEngine.java:1103)
	at org.thymeleaf.TemplateEngine.process(TemplateEngine.java:1077)
	at org.thymeleaf.spring6.view.ThymeleafView.renderFragment(ThymeleafView.java:372)
	at org.thymeleaf.spring6.view.ThymeleafView.render(ThymeleafView.java:192)
	at org.springframework.web.servlet.DispatcherServlet.render(DispatcherServlet.java:1435)
	at org.springframework.web.servlet.DispatcherServlet.processDispatchResult(DispatcherServlet.java:1167)
	at org.springframework.web.servlet.DispatcherServlet.doDispatch(DispatcherServlet.java:1105)
	at org.springframework.web.servlet.DispatcherServlet.doService(DispatcherServlet.java:978)
	at org.springframework.web.servlet.FrameworkServlet.processRequest(FrameworkServlet.java:1014)
	at org.springframework.web.servlet.FrameworkServlet.doGet(FrameworkServlet.java:903)
	at jakarta.servlet.http.HttpServlet.service(HttpServlet.java:564)
	at org.springframework.web.servlet.FrameworkServlet.service(FrameworkServlet.java:885)
	at jakarta.servlet.http.HttpServlet.service(HttpServlet.java:658)
	at org.apache.catalina.core.ApplicationFilterChain.internalDoFilter(ApplicationFilterChain.java:195)
	at org.apache.catalina.core.ApplicationFilterChain.doFilter(ApplicationFilterChain.java:140)
	at org.apache.tomcat.websocket.server.WsFilter.doFilter(WsFilter.java:51)
	at org.apache.catalina.core.ApplicationFilterChain.internalDoFilter(ApplicationFilterChain.java:164)
	at org.apache.catalina.core.ApplicationFilterChain.doFilter(ApplicationFilterChain.java:140)
	at org.springframework.web.filter.CompositeFilter$VirtualFilterChain.doFilter(CompositeFilter.java:108)
	at org.springframework.security.web.FilterChainProxy.lambda$doFilterInternal$3(FilterChainProxy.java:231)
	at org.springframework.security.web.ObservationFilterChainDecorator$FilterObservation$SimpleFilterObservation.lambda$wrap$1(ObservationFilterChainDecorator.java:479)
	at org.springframework.security.web.ObservationFilterChainDecorator$AroundFilterObservation$SimpleAroundFilterObservation.lambda$wrap$1(ObservationFilterChainDecorator.java:340)
	at org.springframework.security.web.ObservationFilterChainDecorator.lambda$wrapSecured$0(ObservationFilterChainDecorator.java:82)
	at org.springframework.security.web.ObservationFilterChainDecorator$VirtualFilterChain.doFilter(ObservationFilterChainDecorator.java:128)
	at org.springframework.security.web.access.intercept.AuthorizationFilter.doFilter(AuthorizationFilter.java:101)
	at org.springframework.security.web.ObservationFilterChainDecorator$ObservationFilter.wrapFilter(ObservationFilterChainDecorator.java:240)
	at org.springframework.security.web.ObservationFilterChainDecorator$ObservationFilter.doFilter(ObservationFilterChainDecorator.java:227)
	at org.springframework.security.web.ObservationFilterChainDecorator$VirtualFilterChain.doFilter(ObservationFilterChainDecorator.java:137)
	at org.springframework.security.web.access.ExceptionTranslationFilter.doFilter(ExceptionTranslationFilter.java:126)
	at org.springframework.security.web.access.ExceptionTranslationFilter.doFilter(ExceptionTranslationFilter.java:120)
	at org.springframework.security.web.ObservationFilterChainDecorator$ObservationFilter.wrapFilter(ObservationFilterChainDecorator.java:240)
	at org.springframework.security.web.ObservationFilterChainDecorator$ObservationFilter.doFilter(ObservationFilterChainDecorator.java:227)
	at org.springframework.security.web.ObservationFilterChainDecorator$VirtualFilterChain.doFilter(ObservationFilterChainDecorator.java:137)
	at org.springframework.security.web.session.SessionManagementFilter.doFilter(SessionManagementFilter.java:131)
	at org.springframework.security.web.session.SessionManagementFilter.doFilter(SessionManagementFilter.java:85)
	at org.springframework.security.web.ObservationFilterChainDecorator$ObservationFilter.wrapFilter(ObservationFilterChainDecorator.java:240)
	at org.springframework.security.web.ObservationFilterChainDecorator$ObservationFilter.doFilter(ObservationFilterChainDecorator.java:227)
	at org.springframework.security.web.ObservationFilterChainDecorator$VirtualFilterChain.doFilter(ObservationFilterChainDecorator.java:137)
	at org.springframework.security.web.authentication.AnonymousAuthenticationFilter.doFilter(AnonymousAuthenticationFilter.java:100)
	at org.springframework.security.web.ObservationFilterChainDecorator$ObservationFilter.wrapFilter(ObservationFilterChainDecorator.java:240)
	at org.springframework.security.web.ObservationFilterChainDecorator$ObservationFilter.doFilter(ObservationFilterChainDecorator.java:227)
	at org.springframework.security.web.ObservationFilterChainDecorator$VirtualFilterChain.doFilter(ObservationFilterChainDecorator.java:137)
	at org.springframework.security.web.servletapi.SecurityContextHolderAwareRequestFilter.doFilter(SecurityContextHolderAwareRequestFilter.java:179)
	at org.springframework.security.web.ObservationFilterChainDecorator$ObservationFilter.wrapFilter(ObservationFilterChainDecorator.java:240)
	at org.springframework.security.web.ObservationFilterChainDecorator$ObservationFilter.doFilter(ObservationFilterChainDecorator.java:227)
	at org.springframework.security.web.ObservationFilterChainDecorator$VirtualFilterChain.doFilter(ObservationFilterChainDecorator.java:137)
	at org.springframework.security.web.savedrequest.RequestCacheAwareFilter.doFilter(RequestCacheAwareFilter.java:63)
	at org.springframework.security.web.ObservationFilterChainDecorator$ObservationFilter.wrapFilter(ObservationFilterChainDecorator.java:240)
	at org.springframework.security.web.ObservationFilterChainDecorator$ObservationFilter.doFilter(ObservationFilterChainDecorator.java:227)
	at org.springframework.security.web.ObservationFilterChainDecorator$VirtualFilterChain.doFilter(ObservationFilterChainDecorator.java:137)
	at org.springframework.security.web.session.ConcurrentSessionFilter.doFilter(ConcurrentSessionFilter.java:151)
	at org.springframework.security.web.session.ConcurrentSessionFilter.doFilter(ConcurrentSessionFilter.java:129)
	at org.springframework.security.web.ObservationFilterChainDecorator$ObservationFilter.wrapFilter(ObservationFilterChainDecorator.java:240)
	at org.springframework.security.web.ObservationFilterChainDecorator$ObservationFilter.doFilter(ObservationFilterChainDecorator.java:227)
	at org.springframework.security.web.ObservationFilterChainDecorator$VirtualFilterChain.doFilter(ObservationFilterChainDecorator.java:137)
	at org.springframework.security.web.authentication.AbstractAuthenticationProcessingFilter.doFilter(AbstractAuthenticationProcessingFilter.java:227)
	at org.springframework.security.web.authentication.AbstractAuthenticationProcessingFilter.doFilter(AbstractAuthenticationProcessingFilter.java:221)
	at org.springframework.security.web.ObservationFilterChainDecorator$ObservationFilter.wrapFilter(ObservationFilterChainDecorator.java:240)
	at org.springframework.security.web.ObservationFilterChainDecorator$ObservationFilter.doFilter(ObservationFilterChainDecorator.java:227)
	at org.springframework.security.web.ObservationFilterChainDecorator$VirtualFilterChain.doFilter(ObservationFilterChainDecorator.java:137)
	at org.springframework.security.web.authentication.logout.LogoutFilter.doFilter(LogoutFilter.java:107)
	at org.springframework.security.web.authentication.logout.LogoutFilter.doFilter(LogoutFilter.java:93)
	at org.springframework.security.web.ObservationFilterChainDecorator$ObservationFilter.wrapFilter(ObservationFilterChainDecorator.java:240)
	at org.springframework.security.web.ObservationFilterChainDecorator$ObservationFilter.doFilter(ObservationFilterChainDecorator.java:227)
	at org.springframework.security.web.ObservationFilterChainDecorator$VirtualFilterChain.doFilter(ObservationFilterChainDecorator.java:137)
	at org.springframework.security.web.csrf.CsrfFilter.doFilterInternal(CsrfFilter.java:117)
	at org.springframework.web.filter.OncePerRequestFilter.doFilter(OncePerRequestFilter.java:116)
	at org.springframework.security.web.ObservationFilterChainDecorator$ObservationFilter.wrapFilter(ObservationFilterChainDecorator.java:240)
	at org.springframework.security.web.ObservationFilterChainDecorator$ObservationFilter.doFilter(ObservationFilterChainDecorator.java:227)
	at org.springframework.security.web.ObservationFilterChainDecorator$VirtualFilterChain.doFilter(ObservationFilterChainDecorator.java:137)
	at org.springframework.web.filter.CorsFilter.doFilterInternal(CorsFilter.java:91)
	at org.springframework.web.filter.OncePerRequestFilter.doFilter(OncePerRequestFilter.java:116)
	at org.springframework.security.web.ObservationFilterChainDecorator$ObservationFilter.wrapFilter(ObservationFilterChainDecorator.java:240)
	at org.springframework.security.web.ObservationFilterChainDecorator$ObservationFilter.doFilter(ObservationFilterChainDecorator.java:227)
	at org.springframework.security.web.ObservationFilterChainDecorator$VirtualFilterChain.doFilter(ObservationFilterChainDecorator.java:137)
	at org.springframework.security.web.header.HeaderWriterFilter.doHeadersAfter(HeaderWriterFilter.java:90)
	at org.springframework.security.web.header.HeaderWriterFilter.doFilterInternal(HeaderWriterFilter.java:75)
	at org.springframework.web.filter.OncePerRequestFilter.doFilter(OncePerRequestFilter.java:116)
	at org.springframework.security.web.ObservationFilterChainDecorator$ObservationFilter.wrapFilter(ObservationFilterChainDecorator.java:240)
	at org.springframework.security.web.ObservationFilterChainDecorator$ObservationFilter.doFilter(ObservationFilterChainDecorator.java:227)
	at org.springframework.security.web.ObservationFilterChainDecorator$VirtualFilterChain.doFilter(ObservationFilterChainDecorator.java:137)
	at org.springframework.security.web.context.SecurityContextHolderFilter.doFilter(SecurityContextHolderFilter.java:82)
	at org.springframework.security.web.context.SecurityContextHolderFilter.doFilter(SecurityContextHolderFilter.java:69)
	at org.springframework.security.web.ObservationFilterChainDecorator$ObservationFilter.wrapFilter(ObservationFilterChainDecorator.java:240)
	at org.springframework.security.web.ObservationFilterChainDecorator$ObservationFilter.doFilter(ObservationFilterChainDecorator.java:227)
	at org.springframework.security.web.ObservationFilterChainDecorator$VirtualFilterChain.doFilter(ObservationFilterChainDecorator.java:137)
	at org.springframework.security.web.context.request.async.WebAsyncManagerIntegrationFilter.doFilterInternal(WebAsyncManagerIntegrationFilter.java:62)
	at org.springframework.web.filter.OncePerRequestFilter.doFilter(OncePerRequestFilter.java:116)
	at org.springframework.security.web.ObservationFilterChainDecorator$ObservationFilter.wrapFilter(ObservationFilterChainDecorator.java:240)
	at org.springframework.security.web.ObservationFilterChainDecorator$ObservationFilter.doFilter(ObservationFilterChainDecorator.java:227)
	at org.springframework.security.web.ObservationFilterChainDecorator$VirtualFilterChain.doFilter(ObservationFilterChainDecorator.java:137)
	at org.springframework.security.web.access.channel.ChannelProcessingFilter.doFilter(ChannelProcessingFilter.java:133)
	at org.springframework.security.web.ObservationFilterChainDecorator$ObservationFilter.wrapFilter(ObservationFilterChainDecorator.java:240)
	at org.springframework.security.web.ObservationFilterChainDecorator$ObservationFilter.doFilter(ObservationFilterChainDecorator.java:227)
	at org.springframework.security.web.ObservationFilterChainDecorator$VirtualFilterChain.doFilter(ObservationFilterChainDecorator.java:137)
	at org.springframework.security.web.session.DisableEncodeUrlFilter.doFilterInternal(DisableEncodeUrlFilter.java:42)
	at org.springframework.web.filter.OncePerRequestFilter.doFilter(OncePerRequestFilter.java:116)
	at org.springframework.security.web.ObservationFilterChainDecorator$ObservationFilter.wrapFilter(ObservationFilterChainDecorator.java:240)
	at org.springframework.security.web.ObservationFilterChainDecorator$AroundFilterObservation$SimpleAroundFilterObservation.lambda$wrap$0(ObservationFilterChainDecorator.java:323)
	at org.springframework.security.web.ObservationFilterChainDecorator$ObservationFilter.doFilter(ObservationFilterChainDecorator.java:224)
	at org.springframework.security.web.ObservationFilterChainDecorator$VirtualFilterChain.doFilter(ObservationFilterChainDecorator.java:137)
	at org.springframework.security.web.FilterChainProxy.doFilterInternal(FilterChainProxy.java:233)
	at org.springframework.security.web.FilterChainProxy.doFilter(FilterChainProxy.java:191)
	at org.springframework.web.filter.CompositeFilter$VirtualFilterChain.doFilter(CompositeFilter.java:113)
	at org.springframework.web.servlet.handler.HandlerMappingIntrospector.lambda$createCacheFilter$3(HandlerMappingIntrospector.java:243)
	at org.springframework.web.filter.CompositeFilter$VirtualFilterChain.doFilter(CompositeFilter.java:113)
	at org.springframework.web.filter.CompositeFilter.doFilter(CompositeFilter.java:74)
	at org.springframework.security.config.annotation.web.configuration.WebMvcSecurityConfiguration$CompositeFilterChainProxy.doFilter(WebMvcSecurityConfiguration.java:238)
	at org.springframework.web.filter.DelegatingFilterProxy.invokeDelegate(DelegatingFilterProxy.java:362)
	at org.springframework.web.filter.DelegatingFilterProxy.doFilter(DelegatingFilterProxy.java:278)
	at org.apache.catalina.core.ApplicationFilterChain.internalDoFilter(ApplicationFilterChain.java:164)
	at org.apache.catalina.core.ApplicationFilterChain.doFilter(ApplicationFilterChain.java:140)
	at org.springframework.web.filter.ServerHttpObservationFilter.doFilterInternal(ServerHttpObservationFilter.java:114)
	at org.springframework.web.filter.OncePerRequestFilter.doFilter(OncePerRequestFilter.java:116)
	at org.apache.catalina.core.ApplicationFilterChain.internalDoFilter(ApplicationFilterChain.java:164)
	at org.apache.catalina.core.ApplicationFilterChain.doFilter(ApplicationFilterChain.java:140)
	at org.springframework.web.filter.CharacterEncodingFilter.doFilterInternal(CharacterEncodingFilter.java:201)
	at org.springframework.web.filter.OncePerRequestFilter.doFilter(OncePerRequestFilter.java:116)
	at org.apache.catalina.core.ApplicationFilterChain.internalDoFilter(ApplicationFilterChain.java:164)
	at org.apache.catalina.core.ApplicationFilterChain.doFilter(ApplicationFilterChain.java:140)
	at org.apache.catalina.core.StandardWrapperValve.invoke(StandardWrapperValve.java:167)
	at org.apache.catalina.core.StandardContextValve.invoke(StandardContextValve.java:90)
	at org.apache.catalina.authenticator.AuthenticatorBase.invoke(AuthenticatorBase.java:483)
	at org.apache.catalina.core.StandardHostValve.invoke(StandardHostValve.java:115)
	at org.apache.catalina.valves.ErrorReportValve.invoke(ErrorReportValve.java:93)
	at org.apache.catalina.core.StandardEngineValve.invoke(StandardEngineValve.java:74)
	at org.apache.catalina.connector.CoyoteAdapter.service(CoyoteAdapter.java:344)
	at org.apache.coyote.http11.Http11Processor.service(Http11Processor.java:397)
	at org.apache.coyote.AbstractProcessorLight.process(AbstractProcessorLight.java:63)
	at org.apache.coyote.AbstractProtocol$ConnectionHandler.process(AbstractProtocol.java:905)
	at org.apache.tomcat.util.net.NioEndpoint$SocketProcessor.doRun(NioEndpoint.java:1743)
	at org.apache.tomcat.util.net.SocketProcessorBase.run(SocketProcessorBase.java:52)
	at org.apache.tomcat.util.threads.ThreadPoolExecutor.runWorker(ThreadPoolExecutor.java:1190)
	at org.apache.tomcat.util.threads.ThreadPoolExecutor$Worker.run(ThreadPoolExecutor.java:659)
	at org.apache.tomcat.util.threads.TaskThread$WrappingRunnable.run(TaskThread.java:63)
	at java.base/java.lang.Thread.run(Thread.java:842)
08:49:39.627 [https-jsse-nio-8443-exec-4] DEBUG o.s.security.web.FilterChainProxy - Securing GET /buildings
08:49:39.627 [https-jsse-nio-8443-exec-4] DEBUG o.s.s.w.a.c.ChannelProcessingFilter - Request: filter invocation [GET /buildings]; ConfigAttributes: [REQUIRES_SECURE_CHANNEL]
08:49:39.641 [https-jsse-nio-8443-exec-3] DEBUG o.s.security.web.FilterChainProxy - Securing GET /css/reset.css
08:49:39.642 [https-jsse-nio-8443-exec-3] DEBUG o.s.s.w.a.c.ChannelProcessingFilter - Request: filter invocation [GET /css/reset.css]; ConfigAttributes: [REQUIRES_SECURE_CHANNEL]
08:49:39.642 [https-jsse-nio-8443-exec-3] DEBUG o.s.security.web.FilterChainProxy - Secured GET /css/reset.css
08:49:39.644 [https-jsse-nio-8443-exec-3] DEBUG o.s.s.w.c.HttpSessionSecurityContextRepository - Retrieved SecurityContextImpl [Authentication=UsernamePasswordAuthenticationToken [Principal=ir.model.entity.CustomUserDetails@8b1f75b, Credentials=[PROTECTED], Authenticated=true, Details=WebAuthenticationDetails [RemoteIpAddress=0:0:0:0:0:0:0:1, SessionId=F5FA942712FD3296F7514915924D4DFF], Granted Authorities=[TICKET_EDIT, BUILDING_CREATE, ROLE_ADMIN, TICKET_CREATE, TICKET_DELETE]]]
08:49:39.645 [https-jsse-nio-8443-exec-10] DEBUG o.s.security.web.FilterChainProxy - Securing GET /css/bootstrap.min.css
08:49:39.645 [https-jsse-nio-8443-exec-1] DEBUG o.s.security.web.FilterChainProxy - Securing GET /css/fontawesome.css
08:49:39.645 [https-jsse-nio-8443-exec-10] DEBUG o.s.s.w.a.c.ChannelProcessingFilter - Request: filter invocation [GET /css/bootstrap.min.css]; ConfigAttributes: [REQUIRES_SECURE_CHANNEL]
08:49:39.645 [https-jsse-nio-8443-exec-1] DEBUG o.s.s.w.a.c.ChannelProcessingFilter - Request: filter invocation [GET /css/fontawesome.css]; ConfigAttributes: [REQUIRES_SECURE_CHANNEL]
08:49:39.645 [https-jsse-nio-8443-exec-8] DEBUG o.s.security.web.FilterChainProxy - Securing GET /css/fonts.min.css
08:49:39.645 [https-jsse-nio-8443-exec-7] DEBUG o.s.security.web.FilterChainProxy - Securing GET /css/toast.css
08:49:39.645 [https-jsse-nio-8443-exec-8] DEBUG o.s.s.w.a.c.ChannelProcessingFilter - Request: filter invocation [GET /css/fonts.min.css]; ConfigAttributes: [REQUIRES_SECURE_CHANNEL]
08:49:39.645 [https-jsse-nio-8443-exec-7] DEBUG o.s.s.w.a.c.ChannelProcessingFilter - Request: filter invocation [GET /css/toast.css]; ConfigAttributes: [REQUIRES_SECURE_CHANNEL]
08:49:39.645 [https-jsse-nio-8443-exec-10] DEBUG o.s.security.web.FilterChainProxy - Secured GET /css/bootstrap.min.css
08:49:39.645 [https-jsse-nio-8443-exec-1] DEBUG o.s.security.web.FilterChainProxy - Secured GET /css/fontawesome.css
08:49:39.646 [https-jsse-nio-8443-exec-8] DEBUG o.s.security.web.FilterChainProxy - Secured GET /css/fonts.min.css
08:49:39.646 [https-jsse-nio-8443-exec-7] DEBUG o.s.security.web.FilterChainProxy - Secured GET /css/toast.css
08:49:39.646 [https-jsse-nio-8443-exec-9] DEBUG o.s.security.web.FilterChainProxy - Securing GET /css/styles.css
08:49:39.646 [https-jsse-nio-8443-exec-9] DEBUG o.s.s.w.a.c.ChannelProcessingFilter - Request: filter invocation [GET /css/styles.css]; ConfigAttributes: [REQUIRES_SECURE_CHANNEL]
08:49:39.647 [https-jsse-nio-8443-exec-9] DEBUG o.s.security.web.FilterChainProxy - Secured GET /css/styles.css
08:49:39.648 [https-jsse-nio-8443-exec-7] DEBUG o.s.s.w.c.HttpSessionSecurityContextRepository - Retrieved SecurityContextImpl [Authentication=UsernamePasswordAuthenticationToken [Principal=ir.model.entity.CustomUserDetails@8b1f75b, Credentials=[PROTECTED], Authenticated=true, Details=WebAuthenticationDetails [RemoteIpAddress=0:0:0:0:0:0:0:1, SessionId=F5FA942712FD3296F7514915924D4DFF], Granted Authorities=[TICKET_EDIT, BUILDING_CREATE, ROLE_ADMIN, TICKET_CREATE, TICKET_DELETE]]]
08:49:39.648 [https-jsse-nio-8443-exec-8] DEBUG o.s.s.w.c.HttpSessionSecurityContextRepository - Retrieved SecurityContextImpl [Authentication=UsernamePasswordAuthenticationToken [Principal=ir.model.entity.CustomUserDetails@8b1f75b, Credentials=[PROTECTED], Authenticated=true, Details=WebAuthenticationDetails [RemoteIpAddress=0:0:0:0:0:0:0:1, SessionId=F5FA942712FD3296F7514915924D4DFF], Granted Authorities=[TICKET_EDIT, BUILDING_CREATE, ROLE_ADMIN, TICKET_CREATE, TICKET_DELETE]]]
08:49:39.650 [https-jsse-nio-8443-exec-2] DEBUG o.s.security.web.FilterChainProxy - Securing GET /icons/mftlogo.png
08:49:39.650 [https-jsse-nio-8443-exec-9] DEBUG o.s.s.w.c.HttpSessionSecurityContextRepository - Retrieved SecurityContextImpl [Authentication=UsernamePasswordAuthenticationToken [Principal=ir.model.entity.CustomUserDetails@8b1f75b, Credentials=[PROTECTED], Authenticated=true, Details=WebAuthenticationDetails [RemoteIpAddress=0:0:0:0:0:0:0:1, SessionId=F5FA942712FD3296F7514915924D4DFF], Granted Authorities=[TICKET_EDIT, BUILDING_CREATE, ROLE_ADMIN, TICKET_CREATE, TICKET_DELETE]]]
08:49:39.651 [https-jsse-nio-8443-exec-2] DEBUG o.s.s.w.a.c.ChannelProcessingFilter - Request: filter invocation [GET /icons/mftlogo.png]; ConfigAttributes: [REQUIRES_SECURE_CHANNEL]
08:49:39.651 [https-jsse-nio-8443-exec-2] DEBUG o.s.security.web.FilterChainProxy - Secured GET /icons/mftlogo.png
08:49:39.655 [https-jsse-nio-8443-exec-2] DEBUG o.s.s.w.c.HttpSessionSecurityContextRepository - Retrieved SecurityContextImpl [Authentication=UsernamePasswordAuthenticationToken [Principal=ir.model.entity.CustomUserDetails@8b1f75b, Credentials=[PROTECTED], Authenticated=true, Details=WebAuthenticationDetails [RemoteIpAddress=0:0:0:0:0:0:0:1, SessionId=F5FA942712FD3296F7514915924D4DFF], Granted Authorities=[TICKET_EDIT, BUILDING_CREATE, ROLE_ADMIN, TICKET_CREATE, TICKET_DELETE]]]
08:49:39.660 [https-jsse-nio-8443-exec-10] DEBUG o.s.s.w.c.HttpSessionSecurityContextRepository - Retrieved SecurityContextImpl [Authentication=UsernamePasswordAuthenticationToken [Principal=ir.model.entity.CustomUserDetails@8b1f75b, Credentials=[PROTECTED], Authenticated=true, Details=WebAuthenticationDetails [RemoteIpAddress=0:0:0:0:0:0:0:1, SessionId=F5FA942712FD3296F7514915924D4DFF], Granted Authorities=[TICKET_EDIT, BUILDING_CREATE, ROLE_ADMIN, TICKET_CREATE, TICKET_DELETE]]]
08:49:39.673 [https-jsse-nio-8443-exec-1] DEBUG o.s.s.w.c.HttpSessionSecurityContextRepository - Retrieved SecurityContextImpl [Authentication=UsernamePasswordAuthenticationToken [Principal=ir.model.entity.CustomUserDetails@8b1f75b, Credentials=[PROTECTED], Authenticated=true, Details=WebAuthenticationDetails [RemoteIpAddress=0:0:0:0:0:0:0:1, SessionId=F5FA942712FD3296F7514915924D4DFF], Granted Authorities=[TICKET_EDIT, BUILDING_CREATE, ROLE_ADMIN, TICKET_CREATE, TICKET_DELETE]]]
08:49:40.396 [org.springframework.kafka.KafkaListenerEndpointContainer#0-0-C-1] INFO  o.apache.kafka.clients.NetworkClient - [Consumer clientId=consumer-building-service-updater-1, groupId=building-service-updater] Node -1 disconnected.
08:49:40.396 [org.springframework.kafka.KafkaListenerEndpointContainer#0-0-C-1] WARN  o.apache.kafka.clients.NetworkClient - [Consumer clientId=consumer-building-service-updater-1, groupId=building-service-updater] Connection to node -1 (localhost/127.0.0.1:9092) could not be established. Node may not be available.
08:49:40.396 [org.springframework.kafka.KafkaListenerEndpointContainer#0-0-C-1] WARN  o.apache.kafka.clients.NetworkClient - [Consumer clientId=consumer-building-service-updater-1, groupId=building-service-updater] Bootstrap broker localhost:9092 (id: -1 rack: null) disconnected
08:49:41.398 [org.springframework.kafka.KafkaListenerEndpointContainer#0-0-C-1] INFO  o.apache.kafka.clients.NetworkClient - [Consumer clientId=consumer-building-service-updater-1, groupId=building-service-updater] Node -1 disconnected.
08:49:41.398 [org.springframework.kafka.KafkaListenerEndpointContainer#0-0-C-1] WARN  o.apache.kafka.clients.NetworkClient - [Consumer clientId=consumer-building-service-updater-1, groupId=building-service-updater] Connection to node -1 (localhost/127.0.0.1:9092) could not be established. Node may not be available.
08:49:41.398 [org.springframework.kafka.KafkaListenerEndpointContainer#0-0-C-1] WARN  o.apache.kafka.clients.NetworkClient - [Consumer clientId=consumer-building-service-updater-1, groupId=building-service-updater] Bootstrap broker localhost:9092 (id: -1 rack: null) disconnected
08:49:41.642 [org.springframework.kafka.KafkaListenerEndpointContainer#0-0-C-1] INFO  o.a.k.c.c.i.ConsumerCoordinator - [Consumer clientId=consumer-building-service-updater-1, groupId=building-service-updater] Resetting generation and member id due to: consumer pro-actively leaving the group
08:49:41.642 [org.springframework.kafka.KafkaListenerEndpointContainer#0-0-C-1] INFO  o.a.k.c.c.i.ConsumerCoordinator - [Consumer clientId=consumer-building-service-updater-1, groupId=building-service-updater] Request joining group due to: consumer pro-actively leaving the group
08:49:41.642 [org.springframework.kafka.KafkaListenerEndpointContainer#0-0-C-1] INFO  o.a.k.c.c.i.LegacyKafkaConsumer - [Consumer clientId=consumer-building-service-updater-1, groupId=building-service-updater] Unsubscribed all topics or patterns and assigned partitions
08:49:41.644 [org.springframework.kafka.KafkaListenerEndpointContainer#0-0-C-1] INFO  o.a.k.c.c.i.ConsumerCoordinator - [Consumer clientId=consumer-building-service-updater-1, groupId=building-service-updater] Resetting generation and member id due to: consumer pro-actively leaving the group
08:49:41.644 [org.springframework.kafka.KafkaListenerEndpointContainer#0-0-C-1] INFO  o.a.k.c.c.i.ConsumerCoordinator - [Consumer clientId=consumer-building-service-updater-1, groupId=building-service-updater] Request joining group due to: consumer pro-actively leaving the group
08:49:41.646 [org.springframework.kafka.KafkaListenerEndpointContainer#0-0-C-1] INFO  o.a.kafka.common.metrics.Metrics - Metrics scheduler closed
08:49:41.646 [org.springframework.kafka.KafkaListenerEndpointContainer#0-0-C-1] INFO  o.a.kafka.common.metrics.Metrics - Closing reporter org.apache.kafka.common.metrics.JmxReporter
08:49:41.646 [org.springframework.kafka.KafkaListenerEndpointContainer#0-0-C-1] INFO  o.a.kafka.common.metrics.Metrics - Closing reporter org.apache.kafka.common.telemetry.internals.ClientTelemetryReporter
08:49:41.646 [org.springframework.kafka.KafkaListenerEndpointContainer#0-0-C-1] INFO  o.a.kafka.common.metrics.Metrics - Metrics reporters closed
08:49:41.655 [org.springframework.kafka.KafkaListenerEndpointContainer#0-0-C-1] INFO  o.a.kafka.common.utils.AppInfoParser - App info kafka.consumer for consumer-building-service-updater-1 unregistered
08:49:41.660 [org.springframework.kafka.KafkaListenerEndpointContainer#0-0-C-1] INFO  o.s.k.l.KafkaMessageListenerContainer - building-service-updater: Consumer stopped
08:49:41.672 [SpringApplicationShutdownHook] INFO  o.s.b.w.e.tomcat.GracefulShutdown - Commencing graceful shutdown. Waiting for active requests to complete
08:49:42.001 [tomcat-shutdown] INFO  o.s.b.w.e.tomcat.GracefulShutdown - Graceful shutdown complete
08:49:42.020 [SpringApplicationShutdownHook] INFO  o.s.o.j.LocalContainerEntityManagerFactoryBean - Closing JPA EntityManagerFactory for persistence unit 'default'
08:49:42.022 [SpringApplicationShutdownHook] INFO  com.zaxxer.hikari.HikariDataSource - HikariPool-1 - Shutdown initiated...
08:49:42.030 [SpringApplicationShutdownHook] INFO  com.zaxxer.hikari.HikariDataSource - HikariPool-1 - Shutdown completed.
08:50:25.318 [background-preinit] INFO  o.h.validator.internal.util.Version - HV000001: Hibernate Validator 8.0.2.Final
08:50:25.374 [restartedMain] INFO  ir.TicketingSpringSample - Starting TicketingSpringSample using Java 17.0.12 with PID 6412 (D:\JAVA\MFT learning\projects\Spring\ticketing_spring_sample\target\classes started by arbab in D:\JAVA\MFT learning\projects\Spring\ticketing_spring_sample)
08:50:25.375 [restartedMain] INFO  ir.TicketingSpringSample - The following 1 profile is active: "dev"
08:50:25.414 [restartedMain] INFO  o.s.b.d.restart.ChangeableUrls - The Class-Path manifest attribute in C:\Users\arbab\.m2\repository\com\oracle\database\jdbc\ojdbc11\21.9.0.0\ojdbc11-21.9.0.0.jar referenced one or more files that do not exist: file:/C:/Users/arbab/.m2/repository/com/oracle/database/jdbc/ojdbc11/21.9.0.0/oraclepki.jar
08:50:25.414 [restartedMain] INFO  o.s.b.d.e.DevToolsPropertyDefaultsPostProcessor - Devtools property defaults active! Set 'spring.devtools.add-properties' to 'false' to disable
08:50:25.414 [restartedMain] INFO  o.s.b.d.e.DevToolsPropertyDefaultsPostProcessor - For additional web related logging consider setting the 'logging.level.web' property to 'DEBUG'
08:50:26.023 [restartedMain] INFO  o.s.b.f.s.DefaultListableBeanFactory - Overriding bean definition for bean 'localeResolver' with a different definition: replacing [Root bean: class=null; scope=; abstract=false; lazyInit=null; autowireMode=3; dependencyCheck=0; autowireCandidate=true; primary=false; fallback=false; factoryBeanName=org.springframework.web.servlet.config.annotation.DelegatingWebMvcConfiguration; factoryMethodName=localeResolver; initMethodNames=null; destroyMethodNames=[(inferred)]; defined in class path resource [org/springframework/web/servlet/config/annotation/DelegatingWebMvcConfiguration.class]] with [Root bean: class=null; scope=; abstract=false; lazyInit=null; autowireMode=3; dependencyCheck=0; autowireCandidate=true; primary=false; fallback=false; factoryBeanName=webConfig; factoryMethodName=localeResolver; initMethodNames=null; destroyMethodNames=[(inferred)]; defined in class path resource [ir/config/WebConfig.class]]
08:50:26.028 [restartedMain] INFO  o.s.d.r.c.RepositoryConfigurationDelegate - Multiple Spring Data modules found, entering strict repository configuration mode
08:50:26.028 [restartedMain] INFO  o.s.d.r.c.RepositoryConfigurationDelegate - Bootstrapping Spring Data JPA repositories in DEFAULT mode.
08:50:26.135 [restartedMain] INFO  o.s.d.r.c.RepositoryConfigurationExtensionSupport - Spring Data JPA - Could not safely identify store assignment for repository candidate interface ir.repository.ImageRepository; If you want this repository to be a JPA repository, consider annotating your entities with one of these annotations: jakarta.persistence.Entity, jakarta.persistence.MappedSuperclass (preferred), or consider extending one of the following types with your repository: org.springframework.data.jpa.repository.JpaRepository
08:50:26.181 [restartedMain] INFO  o.s.d.r.c.RepositoryConfigurationDelegate - Finished Spring Data repository scanning in 147 ms. Found 10 JPA repository interfaces.
08:50:26.495 [restartedMain] INFO  o.s.d.r.c.RepositoryConfigurationDelegate - Multiple Spring Data modules found, entering strict repository configuration mode
08:50:26.496 [restartedMain] INFO  o.s.d.r.c.RepositoryConfigurationDelegate - Bootstrapping Spring Data MongoDB repositories in DEFAULT mode.
08:50:26.507 [restartedMain] INFO  o.s.d.r.c.RepositoryConfigurationExtensionSupport - Spring Data MongoDB - Could not safely identify store assignment for repository candidate interface ir.repository.AttachmentRepository; If you want this repository to be a MongoDB repository, consider annotating your entities with one of these annotations: org.springframework.data.mongodb.core.mapping.Document (preferred), or consider extending one of the following types with your repository: org.springframework.data.mongodb.repository.MongoRepository
08:50:26.507 [restartedMain] INFO  o.s.d.r.c.RepositoryConfigurationExtensionSupport - Spring Data MongoDB - Could not safely identify store assignment for repository candidate interface ir.repository.BuildingRepository; If you want this repository to be a MongoDB repository, consider annotating your entities with one of these annotations: org.springframework.data.mongodb.core.mapping.Document (preferred), or consider extending one of the following types with your repository: org.springframework.data.mongodb.repository.MongoRepository
08:50:26.508 [restartedMain] INFO  o.s.d.r.c.RepositoryConfigurationExtensionSupport - Spring Data MongoDB - Could not safely identify store assignment for repository candidate interface ir.repository.MessageRepository; If you want this repository to be a MongoDB repository, consider annotating your entities with one of these annotations: org.springframework.data.mongodb.core.mapping.Document (preferred), or consider extending one of the following types with your repository: org.springframework.data.mongodb.repository.MongoRepository
08:50:26.508 [restartedMain] INFO  o.s.d.r.c.RepositoryConfigurationExtensionSupport - Spring Data MongoDB - Could not safely identify store assignment for repository candidate interface ir.repository.OutboxRepository; If you want this repository to be a MongoDB repository, consider annotating your entities with one of these annotations: org.springframework.data.mongodb.core.mapping.Document (preferred), or consider extending one of the following types with your repository: org.springframework.data.mongodb.repository.MongoRepository
08:50:26.508 [restartedMain] INFO  o.s.d.r.c.RepositoryConfigurationExtensionSupport - Spring Data MongoDB - Could not safely identify store assignment for repository candidate interface ir.repository.PermissionRepository; If you want this repository to be a MongoDB repository, consider annotating your entities with one of these annotations: org.springframework.data.mongodb.core.mapping.Document (preferred), or consider extending one of the following types with your repository: org.springframework.data.mongodb.repository.MongoRepository
08:50:26.508 [restartedMain] INFO  o.s.d.r.c.RepositoryConfigurationExtensionSupport - Spring Data MongoDB - Could not safely identify store assignment for repository candidate interface ir.repository.ProfileRepository; If you want this repository to be a MongoDB repository, consider annotating your entities with one of these annotations: org.springframework.data.mongodb.core.mapping.Document (preferred), or consider extending one of the following types with your repository: org.springframework.data.mongodb.repository.MongoRepository
08:50:26.508 [restartedMain] INFO  o.s.d.r.c.RepositoryConfigurationExtensionSupport - Spring Data MongoDB - Could not safely identify store assignment for repository candidate interface ir.repository.RoleRepository; If you want this repository to be a MongoDB repository, consider annotating your entities with one of these annotations: org.springframework.data.mongodb.core.mapping.Document (preferred), or consider extending one of the following types with your repository: org.springframework.data.mongodb.repository.MongoRepository
08:50:26.508 [restartedMain] INFO  o.s.d.r.c.RepositoryConfigurationExtensionSupport - Spring Data MongoDB - Could not safely identify store assignment for repository candidate interface ir.repository.SectionRepository; If you want this repository to be a MongoDB repository, consider annotating your entities with one of these annotations: org.springframework.data.mongodb.core.mapping.Document (preferred), or consider extending one of the following types with your repository: org.springframework.data.mongodb.repository.MongoRepository
08:50:26.509 [restartedMain] INFO  o.s.d.r.c.RepositoryConfigurationExtensionSupport - Spring Data MongoDB - Could not safely identify store assignment for repository candidate interface ir.repository.TicketRepository; If you want this repository to be a MongoDB repository, consider annotating your entities with one of these annotations: org.springframework.data.mongodb.core.mapping.Document (preferred), or consider extending one of the following types with your repository: org.springframework.data.mongodb.repository.MongoRepository
08:50:26.509 [restartedMain] INFO  o.s.d.r.c.RepositoryConfigurationExtensionSupport - Spring Data MongoDB - Could not safely identify store assignment for repository candidate interface ir.repository.UserRepository; If you want this repository to be a MongoDB repository, consider annotating your entities with one of these annotations: org.springframework.data.mongodb.core.mapping.Document (preferred), or consider extending one of the following types with your repository: org.springframework.data.mongodb.repository.MongoRepository
08:50:26.513 [restartedMain] INFO  o.s.d.r.c.RepositoryConfigurationDelegate - Finished Spring Data repository scanning in 16 ms. Found 1 MongoDB repository interface.
08:50:26.521 [restartedMain] INFO  o.s.d.r.c.RepositoryConfigurationDelegate - Multiple Spring Data modules found, entering strict repository configuration mode
08:50:26.522 [restartedMain] INFO  o.s.d.r.c.RepositoryConfigurationDelegate - Bootstrapping Spring Data Redis repositories in DEFAULT mode.
08:50:26.532 [restartedMain] INFO  o.s.d.r.c.RepositoryConfigurationExtensionSupport - Spring Data Redis - Could not safely identify store assignment for repository candidate interface ir.repository.AttachmentRepository; If you want this repository to be a Redis repository, consider annotating your entities with one of these annotations: org.springframework.data.redis.core.RedisHash (preferred), or consider extending one of the following types with your repository: org.springframework.data.keyvalue.repository.KeyValueRepository
08:50:26.532 [restartedMain] INFO  o.s.d.r.c.RepositoryConfigurationExtensionSupport - Spring Data Redis - Could not safely identify store assignment for repository candidate interface ir.repository.BuildingRepository; If you want this repository to be a Redis repository, consider annotating your entities with one of these annotations: org.springframework.data.redis.core.RedisHash (preferred), or consider extending one of the following types with your repository: org.springframework.data.keyvalue.repository.KeyValueRepository
08:50:26.532 [restartedMain] INFO  o.s.d.r.c.RepositoryConfigurationExtensionSupport - Spring Data Redis - Could not safely identify store assignment for repository candidate interface ir.repository.ImageRepository; If you want this repository to be a Redis repository, consider annotating your entities with one of these annotations: org.springframework.data.redis.core.RedisHash (preferred), or consider extending one of the following types with your repository: org.springframework.data.keyvalue.repository.KeyValueRepository
08:50:26.533 [restartedMain] INFO  o.s.d.r.c.RepositoryConfigurationExtensionSupport - Spring Data Redis - Could not safely identify store assignment for repository candidate interface ir.repository.MessageRepository; If you want this repository to be a Redis repository, consider annotating your entities with one of these annotations: org.springframework.data.redis.core.RedisHash (preferred), or consider extending one of the following types with your repository: org.springframework.data.keyvalue.repository.KeyValueRepository
08:50:26.533 [restartedMain] INFO  o.s.d.r.c.RepositoryConfigurationExtensionSupport - Spring Data Redis - Could not safely identify store assignment for repository candidate interface ir.repository.OutboxRepository; If you want this repository to be a Redis repository, consider annotating your entities with one of these annotations: org.springframework.data.redis.core.RedisHash (preferred), or consider extending one of the following types with your repository: org.springframework.data.keyvalue.repository.KeyValueRepository
08:50:26.533 [restartedMain] INFO  o.s.d.r.c.RepositoryConfigurationExtensionSupport - Spring Data Redis - Could not safely identify store assignment for repository candidate interface ir.repository.PermissionRepository; If you want this repository to be a Redis repository, consider annotating your entities with one of these annotations: org.springframework.data.redis.core.RedisHash (preferred), or consider extending one of the following types with your repository: org.springframework.data.keyvalue.repository.KeyValueRepository
08:50:26.533 [restartedMain] INFO  o.s.d.r.c.RepositoryConfigurationExtensionSupport - Spring Data Redis - Could not safely identify store assignment for repository candidate interface ir.repository.ProfileRepository; If you want this repository to be a Redis repository, consider annotating your entities with one of these annotations: org.springframework.data.redis.core.RedisHash (preferred), or consider extending one of the following types with your repository: org.springframework.data.keyvalue.repository.KeyValueRepository
08:50:26.533 [restartedMain] INFO  o.s.d.r.c.RepositoryConfigurationExtensionSupport - Spring Data Redis - Could not safely identify store assignment for repository candidate interface ir.repository.RoleRepository; If you want this repository to be a Redis repository, consider annotating your entities with one of these annotations: org.springframework.data.redis.core.RedisHash (preferred), or consider extending one of the following types with your repository: org.springframework.data.keyvalue.repository.KeyValueRepository
08:50:26.533 [restartedMain] INFO  o.s.d.r.c.RepositoryConfigurationExtensionSupport - Spring Data Redis - Could not safely identify store assignment for repository candidate interface ir.repository.SectionRepository; If you want this repository to be a Redis repository, consider annotating your entities with one of these annotations: org.springframework.data.redis.core.RedisHash (preferred), or consider extending one of the following types with your repository: org.springframework.data.keyvalue.repository.KeyValueRepository
08:50:26.533 [restartedMain] INFO  o.s.d.r.c.RepositoryConfigurationExtensionSupport - Spring Data Redis - Could not safely identify store assignment for repository candidate interface ir.repository.TicketRepository; If you want this repository to be a Redis repository, consider annotating your entities with one of these annotations: org.springframework.data.redis.core.RedisHash (preferred), or consider extending one of the following types with your repository: org.springframework.data.keyvalue.repository.KeyValueRepository
08:50:26.533 [restartedMain] INFO  o.s.d.r.c.RepositoryConfigurationExtensionSupport - Spring Data Redis - Could not safely identify store assignment for repository candidate interface ir.repository.UserRepository; If you want this repository to be a Redis repository, consider annotating your entities with one of these annotations: org.springframework.data.redis.core.RedisHash (preferred), or consider extending one of the following types with your repository: org.springframework.data.keyvalue.repository.KeyValueRepository
08:50:26.534 [restartedMain] INFO  o.s.d.r.c.RepositoryConfigurationDelegate - Finished Spring Data repository scanning in 6 ms. Found 0 Redis repository interfaces.
08:50:27.315 [restartedMain] INFO  o.s.b.w.e.tomcat.TomcatWebServer - Tomcat initialized with port 8443 (https)
08:50:27.323 [restartedMain] INFO  o.a.coyote.http11.Http11NioProtocol - Initializing ProtocolHandler ["https-jsse-nio-8443"]
08:50:27.325 [restartedMain] INFO  o.a.catalina.core.StandardService - Starting service [Tomcat]
08:50:27.326 [restartedMain] INFO  o.a.catalina.core.StandardEngine - Starting Servlet engine: [Apache Tomcat/10.1.36]
08:50:27.367 [restartedMain] INFO  o.a.c.c.C.[Tomcat].[localhost].[/] - Initializing Spring embedded WebApplicationContext
08:50:27.367 [restartedMain] INFO  o.s.b.w.s.c.ServletWebServerApplicationContext - Root WebApplicationContext: initialization completed in 1944 ms
08:50:27.750 [restartedMain] INFO  o.h.jpa.internal.util.LogHelper - HHH000204: Processing PersistenceUnitInfo [name: default]
08:50:27.783 [restartedMain] INFO  org.hibernate.Version - HHH000412: Hibernate ORM core version 6.6.8.Final
08:50:27.810 [restartedMain] INFO  o.h.c.i.RegionFactoryInitiator - HHH000026: Second-level cache disabled
08:50:27.992 [restartedMain] INFO  o.s.o.j.p.SpringPersistenceUnitInfo - No LoadTimeWeaver setup: ignoring JPA class transformer
08:50:28.012 [restartedMain] INFO  com.zaxxer.hikari.HikariDataSource - HikariPool-1 - Starting...
08:50:28.205 [restartedMain] INFO  com.zaxxer.hikari.pool.HikariPool - HikariPool-1 - Added connection oracle.jdbc.driver.T4CConnection@351c9402
08:50:28.206 [restartedMain] INFO  com.zaxxer.hikari.HikariDataSource - HikariPool-1 - Start completed.
08:50:28.302 [restartedMain] WARN  org.hibernate.orm.deprecation - HHH90000025: OracleDialect does not need to be specified explicitly using 'hibernate.dialect' (remove the property setting and it will be selected by default)
08:50:28.329 [restartedMain] INFO  o.hibernate.orm.connections.pooling - HHH10001005: Database info:
	Database JDBC URL [Connecting through datasource 'HikariDataSource (HikariPool-1)']
	Database driver: undefined/unknown
	Database version: 21.0
	Autocommit mode: undefined/unknown
	Isolation level: undefined/unknown
	Minimum pool size: undefined/unknown
	Maximum pool size: undefined/unknown
08:50:29.182 [restartedMain] INFO  o.h.e.t.j.p.i.JtaPlatformInitiator - HHH000489: No JTA platform available (set 'hibernate.transaction.jta.platform' to enable JTA platform integration)
08:50:29.302 [restartedMain] DEBUG org.hibernate.SQL - 
    alter table attachment_tbl 
       modify file_type smallint
08:50:29.314 [restartedMain] DEBUG org.hibernate.SQL - 
    alter table ticket_tbl 
       modify status smallint
08:50:29.365 [restartedMain] INFO  o.s.o.j.LocalContainerEntityManagerFactoryBean - Initialized JPA EntityManagerFactory for persistence unit 'default'
08:50:30.021 [restartedMain] INFO  o.s.d.j.r.query.QueryEnhancerFactory - Hibernate is in classpath; If applicable, HQL parser will be used.
08:50:30.442 [restartedMain] TRACE o.s.c.a.AnnotationCacheOperationSource - Adding cacheable method 'update' with operations: [Builder[public ir.model.entity.Section ir.service.impl.SectionServiceImpl.update(java.lang.Long,ir.model.entity.Section)] caches=[sections, sectionsPageable, sectionsFilter] | key='' | keyGenerator='' | cacheManager='' | cacheResolver='' | condition='',true,false]
08:50:30.446 [restartedMain] TRACE o.s.c.a.AnnotationCacheOperationSource - Adding cacheable method 'save' with operations: [Builder[public ir.model.entity.Section ir.service.impl.SectionServiceImpl.save(ir.model.entity.Section)] caches=[sections, sectionsPageable, sectionsFilter] | key='' | keyGenerator='' | cacheManager='' | cacheResolver='' | condition='',true,false]
08:50:30.447 [restartedMain] TRACE o.s.c.a.AnnotationCacheOperationSource - Adding cacheable method 'findAll' with operations: [Builder[public org.springframework.data.domain.Page ir.service.impl.SectionServiceImpl.findAll(org.springframework.data.domain.Pageable)] caches=[sectionsPageable] | key='' | keyGenerator='' | cacheManager='' | cacheResolver='' | condition='' | unless='' | sync='false']
08:50:30.447 [restartedMain] TRACE o.s.c.a.AnnotationCacheOperationSource - Adding cacheable method 'findAll' with operations: [Builder[public java.util.List ir.service.impl.SectionServiceImpl.findAll()] caches=[sections] | key='' | keyGenerator='' | cacheManager='' | cacheResolver='' | condition='' | unless='' | sync='false']
08:50:30.447 [restartedMain] TRACE o.s.c.a.AnnotationCacheOperationSource - Adding cacheable method 'deleteById' with operations: [Builder[public void ir.service.impl.SectionServiceImpl.deleteById(java.lang.Long)] caches=[sections, sectionsPageable, sectionsFilter] | key='' | keyGenerator='' | cacheManager='' | cacheResolver='' | condition='',true,false]
08:50:30.447 [restartedMain] TRACE o.s.c.a.AnnotationCacheOperationSource - Adding cacheable method 'findAllForFilter' with operations: [Builder[public java.util.List ir.service.impl.SectionServiceImpl.findAllForFilter()] caches=[sectionsFilter] | key='' | keyGenerator='' | cacheManager='' | cacheResolver='' | condition='' | unless='' | sync='false']
08:50:30.713 [restartedMain] INFO  org.mongodb.driver.client - MongoClient with metadata {"driver": {"name": "mongo-java-driver|sync|spring-boot", "version": "5.2.1"}, "os": {"type": "Windows", "name": "Windows 10", "architecture": "amd64", "version": "10.0"}, "platform": "Java/Oracle Corporation/17.0.12+8-LTS-286"} created with settings MongoClientSettings{readPreference=primary, writeConcern=WriteConcern{w=null, wTimeout=null ms, journal=null}, retryWrites=true, retryReads=true, readConcern=ReadConcern{level=null}, credential=null, transportSettings=null, commandListeners=[io.micrometer.core.instrument.binder.mongodb.MongoMetricsCommandListener@27afaa4c], codecRegistry=ProvidersCodecRegistry{codecProviders=[ValueCodecProvider{}, BsonValueCodecProvider{}, DBRefCodecProvider{}, DBObjectCodecProvider{}, DocumentCodecProvider{}, CollectionCodecProvider{}, IterableCodecProvider{}, MapCodecProvider{}, GeoJsonCodecProvider{}, GridFSFileCodecProvider{}, Jsr310CodecProvider{}, JsonObjectCodecProvider{}, BsonCodecProvider{}, EnumCodecProvider{}, com.mongodb.client.model.mql.ExpressionCodecProvider@6723f9ff, com.mongodb.Jep395RecordCodecProvider@15b50d6b, com.mongodb.KotlinCodecProvider@3ea19975]}, loggerSettings=LoggerSettings{maxDocumentLength=1000}, clusterSettings={hosts=[localhost:27017], srvServiceName=mongodb, mode=SINGLE, requiredClusterType=UNKNOWN, requiredReplicaSetName='null', serverSelector='null', clusterListeners='[]', serverSelectionTimeout='30000 ms', localThreshold='15 ms'}, socketSettings=SocketSettings{connectTimeoutMS=10000, readTimeoutMS=0, receiveBufferSize=0, proxySettings=ProxySettings{host=null, port=null, username=null, password=null}}, heartbeatSocketSettings=SocketSettings{connectTimeoutMS=10000, readTimeoutMS=10000, receiveBufferSize=0, proxySettings=ProxySettings{host=null, port=null, username=null, password=null}}, connectionPoolSettings=ConnectionPoolSettings{maxSize=100, minSize=0, maxWaitTimeMS=120000, maxConnectionLifeTimeMS=0, maxConnectionIdleTimeMS=0, maintenanceInitialDelayMS=0, maintenanceFrequencyMS=60000, connectionPoolListeners=[io.micrometer.core.instrument.binder.mongodb.MongoMetricsConnectionPoolListener@52134b1a], maxConnecting=2}, serverSettings=ServerSettings{heartbeatFrequencyMS=10000, minHeartbeatFrequencyMS=500, serverMonitoringMode=AUTO, serverListeners='[]', serverMonitorListeners='[]'}, sslSettings=SslSettings{enabled=false, invalidHostNameAllowed=false, context=null}, applicationName='null', compressorList=[], uuidRepresentation=JAVA_LEGACY, serverApi=null, autoEncryptionSettings=null, dnsClient=null, inetAddressResolver=null, contextProvider=null, timeoutMS=null}
08:50:30.727 [cluster-ClusterId{value='693cf79e36f7be1997f71dc7', description='null'}-localhost:27017] INFO  org.mongodb.driver.cluster - Monitor thread successfully connected to server with description ServerDescription{address=localhost:27017, type=STANDALONE, cryptd=false, state=CONNECTED, ok=true, minWireVersion=0, maxWireVersion=27, maxDocumentSize=16777216, logicalSessionTimeoutMinutes=30, roundTripTimeNanos=20273000, minRoundTripTimeNanos=0}
08:50:30.860 [restartedMain] INFO  o.s.b.d.a.OptionalLiveReloadServer - LiveReload server is running on port 35729
08:50:31.662 [restartedMain] WARN  o.s.b.a.o.j.JpaBaseConfiguration$JpaWebConfiguration - spring.jpa.open-in-view is enabled by default. Therefore, database queries may be performed during view rendering. Explicitly configure spring.jpa.open-in-view to disable this warning
08:50:31.711 [restartedMain] INFO  o.s.s.c.a.a.c.InitializeAuthenticationProviderBeanManagerConfigurer$InitializeAuthenticationProviderManagerConfigurer - Global AuthenticationManager configured with AuthenticationProvider bean with name authenticationProvider
08:50:31.711 [restartedMain] WARN  o.s.s.c.a.a.c.InitializeUserDetailsBeanManagerConfigurer$InitializeUserDetailsManagerConfigurer - Global AuthenticationManager configured with an AuthenticationProvider bean. UserDetailsService beans will not be used by Spring Security for automatically configuring username/password login. Consider removing the AuthenticationProvider bean. Alternatively, consider using the UserDetailsService in a manually instantiated DaoAuthenticationProvider. If the current configuration is intentional, to turn off this warning, increase the logging level of 'org.springframework.security.config.annotation.authentication.configuration.InitializeUserDetailsBeanManagerConfigurer' to ERROR
08:50:32.311 [restartedMain] INFO  o.s.b.a.e.web.EndpointLinksResolver - Exposing 3 endpoints beneath base path '/actuator'
08:50:32.491 [restartedMain] INFO  o.s.s.w.a.c.ChannelProcessingFilter - Validated configuration attributes
08:50:32.496 [restartedMain] DEBUG o.s.s.web.DefaultSecurityFilterChain - Will secure any request with filters: DisableEncodeUrlFilter, ChannelProcessingFilter, WebAsyncManagerIntegrationFilter, SecurityContextHolderFilter, HeaderWriterFilter, CorsFilter, CsrfFilter, LogoutFilter, UsernamePasswordAuthenticationFilter, ConcurrentSessionFilter, RequestCacheAwareFilter, SecurityContextHolderAwareRequestFilter, AnonymousAuthenticationFilter, SessionManagementFilter, ExceptionTranslationFilter, AuthorizationFilter
08:50:33.160 [restartedMain] INFO  o.s.b.a.h.H2ConsoleAutoConfiguration - H2 console available at '/h2-console'. Database available at 'jdbc:oracle:thin:@localhost:1521:xe'
08:50:33.391 [restartedMain] INFO  o.a.coyote.http11.Http11NioProtocol - Starting ProtocolHandler ["https-jsse-nio-8443"]
08:50:33.455 [restartedMain] INFO  o.a.t.u.net.NioEndpoint.certificate - Connector [https-jsse-nio-8443], TLS virtual host [_default_], certificate type [UNDEFINED] configured from keystore [C:\Users\arbab\.keystore] using alias [ticketingkey] with trust store [null]
08:50:33.467 [restartedMain] INFO  o.s.b.w.e.tomcat.TomcatWebServer - Tomcat started on port 8443 (https) with context path '/'
08:50:33.496 [restartedMain] INFO  o.a.k.c.consumer.ConsumerConfig - ConsumerConfig values: 
	allow.auto.create.topics = true
	auto.commit.interval.ms = 5000
	auto.include.jmx.reporter = true
	auto.offset.reset = latest
	bootstrap.servers = [localhost:9092]
	check.crcs = true
	client.dns.lookup = use_all_dns_ips
	client.id = consumer-building-service-updater-1
	client.rack = 
	connections.max.idle.ms = 540000
	default.api.timeout.ms = 60000
	enable.auto.commit = false
	enable.metrics.push = true
	exclude.internal.topics = true
	fetch.max.bytes = 52428800
	fetch.max.wait.ms = 500
	fetch.min.bytes = 1
	group.id = building-service-updater
	group.instance.id = null
	group.protocol = classic
	group.remote.assignor = null
	heartbeat.interval.ms = 3000
	interceptor.classes = []
	internal.leave.group.on.close = true
	internal.throw.on.fetch.stable.offset.unsupported = false
	isolation.level = read_uncommitted
	key.deserializer = class org.apache.kafka.common.serialization.StringDeserializer
	max.partition.fetch.bytes = 1048576
	max.poll.interval.ms = 300000
	max.poll.records = 500
	metadata.max.age.ms = 300000
	metadata.recovery.strategy = none
	metric.reporters = []
	metrics.num.samples = 2
	metrics.recording.level = INFO
	metrics.sample.window.ms = 30000
	partition.assignment.strategy = [class org.apache.kafka.clients.consumer.RangeAssignor, class org.apache.kafka.clients.consumer.CooperativeStickyAssignor]
	receive.buffer.bytes = 65536
	reconnect.backoff.max.ms = 1000
	reconnect.backoff.ms = 50
	request.timeout.ms = 30000
	retry.backoff.max.ms = 1000
	retry.backoff.ms = 100
	sasl.client.callback.handler.class = null
	sasl.jaas.config = null
	sasl.kerberos.kinit.cmd = /usr/bin/kinit
	sasl.kerberos.min.time.before.relogin = 60000
	sasl.kerberos.service.name = null
	sasl.kerberos.ticket.renew.jitter = 0.05
	sasl.kerberos.ticket.renew.window.factor = 0.8
	sasl.login.callback.handler.class = null
	sasl.login.class = null
	sasl.login.connect.timeout.ms = null
	sasl.login.read.timeout.ms = null
	sasl.login.refresh.buffer.seconds = 300
	sasl.login.refresh.min.period.seconds = 60
	sasl.login.refresh.window.factor = 0.8
	sasl.login.refresh.window.jitter = 0.05
	sasl.login.retry.backoff.max.ms = 10000
	sasl.login.retry.backoff.ms = 100
	sasl.mechanism = GSSAPI
	sasl.oauthbearer.clock.skew.seconds = 30
	sasl.oauthbearer.expected.audience = null
	sasl.oauthbearer.expected.issuer = null
	sasl.oauthbearer.jwks.endpoint.refresh.ms = 3600000
	sasl.oauthbearer.jwks.endpoint.retry.backoff.max.ms = 10000
	sasl.oauthbearer.jwks.endpoint.retry.backoff.ms = 100
	sasl.oauthbearer.jwks.endpoint.url = null
	sasl.oauthbearer.scope.claim.name = scope
	sasl.oauthbearer.sub.claim.name = sub
	sasl.oauthbearer.token.endpoint.url = null
	security.protocol = PLAINTEXT
	security.providers = null
	send.buffer.bytes = 131072
	session.timeout.ms = 45000
	socket.connection.setup.timeout.max.ms = 30000
	socket.connection.setup.timeout.ms = 10000
	ssl.cipher.suites = null
	ssl.enabled.protocols = [TLSv1.2, TLSv1.3]
	ssl.endpoint.identification.algorithm = https
	ssl.engine.factory.class = null
	ssl.key.password = null
	ssl.keymanager.algorithm = SunX509
	ssl.keystore.certificate.chain = null
	ssl.keystore.key = null
	ssl.keystore.location = null
	ssl.keystore.password = null
	ssl.keystore.type = JKS
	ssl.protocol = TLSv1.3
	ssl.provider = null
	ssl.secure.random.implementation = null
	ssl.trustmanager.algorithm = PKIX
	ssl.truststore.certificates = null
	ssl.truststore.location = null
	ssl.truststore.password = null
	ssl.truststore.type = JKS
	value.deserializer = class org.apache.kafka.common.serialization.StringDeserializer

08:50:33.531 [restartedMain] INFO  o.a.k.c.t.i.KafkaMetricsCollector - initializing Kafka metrics collector
08:50:33.587 [restartedMain] INFO  o.a.kafka.common.utils.AppInfoParser - Kafka version: 3.8.1
08:50:33.587 [restartedMain] INFO  o.a.kafka.common.utils.AppInfoParser - Kafka commitId: 70d6ff42debf7e17
08:50:33.587 [restartedMain] INFO  o.a.kafka.common.utils.AppInfoParser - Kafka startTimeMs: 1765603233586
08:50:33.600 [restartedMain] INFO  o.a.k.c.c.i.LegacyKafkaConsumer - [Consumer clientId=consumer-building-service-updater-1, groupId=building-service-updater] Subscribed to topic(s): address-created-topic
08:50:33.621 [restartedMain] INFO  ir.TicketingSpringSample - Started TicketingSpringSample in 8.574 seconds (process running for 9.366)
08:50:33.633 [restartedMain] TRACE o.s.c.interceptor.CacheInterceptor - Computed cache key 'SimpleKey []' for operation Builder[public java.util.List ir.service.impl.SectionServiceImpl.findAll()] caches=[sections] | key='' | keyGenerator='' | cacheManager='' | cacheResolver='' | condition='' | unless='' | sync='false'
08:50:33.633 [restartedMain] TRACE o.s.c.interceptor.CacheInterceptor - No cache entry for key 'SimpleKey []' in cache(s) [sections]
08:50:33.640 [restartedMain] DEBUG o.s.jdbc.datasource.DataSourceUtils - Setting JDBC Connection [HikariProxyConnection@16359970 wrapping oracle.jdbc.driver.T4CConnection@351c9402] read-only
08:50:33.642 [restartedMain] DEBUG o.h.e.t.internal.TransactionImpl - On TransactionImpl creation, JpaCompliance#isJpaTransactionComplianceEnabled == false
08:50:33.642 [restartedMain] DEBUG o.h.e.t.internal.TransactionImpl - begin
08:50:33.694 [restartedMain] DEBUG org.hibernate.SQL - 
    /* <criteria> */ select
        s1_0.id,
        s1_0.building_id,
        s1_0.deleted,
        s1_0.parent_section_id,
        s1_0.title 
    from
        section_table s1_0 
    where
        (
            s1_0.deleted = 0
        )
08:50:33.711 [restartedMain] TRACE org.hibernate.orm.jdbc.extract - extracted value (1:BIGINT) -> [1]
08:50:33.712 [restartedMain] TRACE org.hibernate.orm.jdbc.extract - extracted value (2:BIGINT) -> [null]
08:50:33.715 [restartedMain] TRACE org.hibernate.orm.jdbc.extract - extracted value (4:BIGINT) -> [null]
08:50:33.716 [restartedMain] TRACE org.hibernate.orm.jdbc.extract - extracted value (3:BOOLEAN) -> [false]
08:50:33.716 [restartedMain] TRACE org.hibernate.orm.jdbc.extract - extracted value (5:VARCHAR) -> [MAIN SECTION]
08:50:33.719 [restartedMain] TRACE org.hibernate.orm.jdbc.extract - extracted value (1:BIGINT) -> [2]
08:50:33.719 [restartedMain] TRACE org.hibernate.orm.jdbc.extract - extracted value (2:BIGINT) -> [null]
08:50:33.719 [restartedMain] TRACE org.hibernate.orm.jdbc.extract - extracted value (4:BIGINT) -> [1]
08:50:33.719 [restartedMain] TRACE org.hibernate.orm.jdbc.extract - extracted value (3:BOOLEAN) -> [false]
08:50:33.719 [restartedMain] TRACE org.hibernate.orm.jdbc.extract - extracted value (5:VARCHAR) -> [HSE]
08:50:33.719 [restartedMain] TRACE org.hibernate.orm.jdbc.extract - extracted value (1:BIGINT) -> [3]
08:50:33.719 [restartedMain] TRACE org.hibernate.orm.jdbc.extract - extracted value (2:BIGINT) -> [null]
08:50:33.719 [restartedMain] TRACE org.hibernate.orm.jdbc.extract - extracted value (4:BIGINT) -> [1]
08:50:33.719 [restartedMain] TRACE org.hibernate.orm.jdbc.extract - extracted value (3:BOOLEAN) -> [false]
08:50:33.719 [restartedMain] TRACE org.hibernate.orm.jdbc.extract - extracted value (5:VARCHAR) -> [TRANSPORT]
08:50:33.719 [restartedMain] TRACE org.hibernate.orm.jdbc.extract - extracted value (1:BIGINT) -> [4]
08:50:33.720 [restartedMain] TRACE org.hibernate.orm.jdbc.extract - extracted value (2:BIGINT) -> [null]
08:50:33.720 [restartedMain] TRACE org.hibernate.orm.jdbc.extract - extracted value (4:BIGINT) -> [3]
08:50:33.720 [restartedMain] TRACE org.hibernate.orm.jdbc.extract - extracted value (3:BOOLEAN) -> [false]
08:50:33.720 [restartedMain] TRACE org.hibernate.orm.jdbc.extract - extracted value (5:VARCHAR) -> [BUS]
08:50:33.720 [restartedMain] TRACE org.hibernate.orm.jdbc.extract - extracted value (1:BIGINT) -> [5]
08:50:33.720 [restartedMain] TRACE org.hibernate.orm.jdbc.extract - extracted value (2:BIGINT) -> [null]
08:50:33.720 [restartedMain] TRACE org.hibernate.orm.jdbc.extract - extracted value (4:BIGINT) -> [3]
08:50:33.720 [restartedMain] TRACE org.hibernate.orm.jdbc.extract - extracted value (3:BOOLEAN) -> [false]
08:50:33.720 [restartedMain] TRACE org.hibernate.orm.jdbc.extract - extracted value (5:VARCHAR) -> [TAXI]
08:50:33.723 [restartedMain] DEBUG org.hibernate.SQL - 
    select
        csl1_0.parent_section_id,
        csl1_0.id,
        csl1_0.building_id,
        csl1_0.deleted,
        csl1_0.title 
    from
        section_table csl1_0 
    where
        csl1_0.parent_section_id=? 
        and (
            csl1_0.deleted = 0
        )
08:50:33.724 [restartedMain] TRACE org.hibernate.orm.jdbc.bind - binding parameter (1:BIGINT) <- [5]
08:50:33.729 [restartedMain] DEBUG org.hibernate.SQL - 
    select
        csl1_0.parent_section_id,
        csl1_0.id,
        csl1_0.building_id,
        csl1_0.deleted,
        csl1_0.title 
    from
        section_table csl1_0 
    where
        csl1_0.parent_section_id=? 
        and (
            csl1_0.deleted = 0
        )
08:50:33.730 [restartedMain] TRACE org.hibernate.orm.jdbc.bind - binding parameter (1:BIGINT) <- [4]
08:50:33.730 [restartedMain] DEBUG org.hibernate.SQL - 
    select
        csl1_0.parent_section_id,
        csl1_0.id,
        csl1_0.building_id,
        csl1_0.deleted,
        csl1_0.title 
    from
        section_table csl1_0 
    where
        csl1_0.parent_section_id=? 
        and (
            csl1_0.deleted = 0
        )
08:50:33.730 [restartedMain] TRACE org.hibernate.orm.jdbc.bind - binding parameter (1:BIGINT) <- [3]
08:50:33.731 [restartedMain] TRACE org.hibernate.orm.jdbc.extract - extracted value (1:BIGINT) -> [3]
08:50:33.731 [restartedMain] TRACE org.hibernate.orm.jdbc.extract - extracted value (2:BIGINT) -> [4]
08:50:33.732 [restartedMain] TRACE org.hibernate.orm.jdbc.extract - extracted value (1:BIGINT) -> [3]
08:50:33.732 [restartedMain] TRACE org.hibernate.orm.jdbc.extract - extracted value (2:BIGINT) -> [5]
08:50:33.732 [restartedMain] DEBUG org.hibernate.SQL - 
    select
        csl1_0.parent_section_id,
        csl1_0.id,
        csl1_0.building_id,
        csl1_0.deleted,
        csl1_0.title 
    from
        section_table csl1_0 
    where
        csl1_0.parent_section_id=? 
        and (
            csl1_0.deleted = 0
        )
08:50:33.732 [restartedMain] TRACE org.hibernate.orm.jdbc.bind - binding parameter (1:BIGINT) <- [2]
08:50:33.733 [restartedMain] DEBUG org.hibernate.SQL - 
    select
        csl1_0.parent_section_id,
        csl1_0.id,
        csl1_0.building_id,
        csl1_0.deleted,
        csl1_0.title 
    from
        section_table csl1_0 
    where
        csl1_0.parent_section_id=? 
        and (
            csl1_0.deleted = 0
        )
08:50:33.733 [restartedMain] TRACE org.hibernate.orm.jdbc.bind - binding parameter (1:BIGINT) <- [1]
08:50:33.734 [restartedMain] TRACE org.hibernate.orm.jdbc.extract - extracted value (1:BIGINT) -> [1]
08:50:33.734 [restartedMain] TRACE org.hibernate.orm.jdbc.extract - extracted value (2:BIGINT) -> [2]
08:50:33.734 [restartedMain] TRACE org.hibernate.orm.jdbc.extract - extracted value (1:BIGINT) -> [1]
08:50:33.734 [restartedMain] TRACE org.hibernate.orm.jdbc.extract - extracted value (2:BIGINT) -> [3]
08:50:33.737 [restartedMain] DEBUG o.h.e.t.internal.TransactionImpl - committing
08:50:33.739 [restartedMain] DEBUG o.s.jdbc.datasource.DataSourceUtils - Resetting read-only flag of JDBC Connection [HikariProxyConnection@16359970 wrapping oracle.jdbc.driver.T4CConnection@351c9402]
08:50:33.740 [restartedMain] TRACE o.s.c.interceptor.CacheInterceptor - Creating cache entry for key 'SimpleKey []' in cache(s) [sections]
08:50:33.740 [restartedMain] TRACE o.s.c.interceptor.CacheInterceptor - Computed cache key 'Page request [number: 0, size 50, sort: UNSORTED]' for operation Builder[public org.springframework.data.domain.Page ir.service.impl.SectionServiceImpl.findAll(org.springframework.data.domain.Pageable)] caches=[sectionsPageable] | key='' | keyGenerator='' | cacheManager='' | cacheResolver='' | condition='' | unless='' | sync='false'
08:50:33.740 [restartedMain] TRACE o.s.c.interceptor.CacheInterceptor - No cache entry for key 'Page request [number: 0, size 50, sort: UNSORTED]' in cache(s) [sectionsPageable]
08:50:33.740 [restartedMain] DEBUG o.s.jdbc.datasource.DataSourceUtils - Setting JDBC Connection [HikariProxyConnection@1152020226 wrapping oracle.jdbc.driver.T4CConnection@351c9402] read-only
08:50:33.740 [restartedMain] DEBUG o.h.e.t.internal.TransactionImpl - On TransactionImpl creation, JpaCompliance#isJpaTransactionComplianceEnabled == false
08:50:33.740 [restartedMain] DEBUG o.h.e.t.internal.TransactionImpl - begin
08:50:33.742 [restartedMain] DEBUG org.hibernate.SQL - 
    /* <criteria> */ select
        s1_0.id,
        s1_0.building_id,
        s1_0.deleted,
        s1_0.parent_section_id,
        s1_0.title 
    from
        section_table s1_0 
    where
        (
            s1_0.deleted = 0
        ) 
    offset
        ? rows 
    fetch
        first ? rows only
08:50:33.743 [restartedMain] TRACE org.hibernate.orm.jdbc.bind - binding parameter (1:INTEGER) <- [0]
08:50:33.743 [restartedMain] TRACE org.hibernate.orm.jdbc.bind - binding parameter (2:INTEGER) <- [50]
08:50:33.744 [restartedMain] TRACE org.hibernate.orm.jdbc.extract - extracted value (1:BIGINT) -> [1]
08:50:33.744 [restartedMain] TRACE org.hibernate.orm.jdbc.extract - extracted value (2:BIGINT) -> [null]
08:50:33.744 [restartedMain] TRACE org.hibernate.orm.jdbc.extract - extracted value (4:BIGINT) -> [null]
08:50:33.744 [restartedMain] TRACE org.hibernate.orm.jdbc.extract - extracted value (3:BOOLEAN) -> [false]
08:50:33.744 [restartedMain] TRACE org.hibernate.orm.jdbc.extract - extracted value (5:VARCHAR) -> [MAIN SECTION]
08:50:33.744 [restartedMain] TRACE org.hibernate.orm.jdbc.extract - extracted value (1:BIGINT) -> [2]
08:50:33.744 [restartedMain] TRACE org.hibernate.orm.jdbc.extract - extracted value (2:BIGINT) -> [null]
08:50:33.744 [restartedMain] TRACE org.hibernate.orm.jdbc.extract - extracted value (4:BIGINT) -> [1]
08:50:33.744 [restartedMain] TRACE org.hibernate.orm.jdbc.extract - extracted value (3:BOOLEAN) -> [false]
08:50:33.744 [restartedMain] TRACE org.hibernate.orm.jdbc.extract - extracted value (5:VARCHAR) -> [HSE]
08:50:33.744 [restartedMain] TRACE org.hibernate.orm.jdbc.extract - extracted value (1:BIGINT) -> [3]
08:50:33.744 [restartedMain] TRACE org.hibernate.orm.jdbc.extract - extracted value (2:BIGINT) -> [null]
08:50:33.745 [restartedMain] TRACE org.hibernate.orm.jdbc.extract - extracted value (4:BIGINT) -> [1]
08:50:33.745 [restartedMain] TRACE org.hibernate.orm.jdbc.extract - extracted value (3:BOOLEAN) -> [false]
08:50:33.745 [restartedMain] TRACE org.hibernate.orm.jdbc.extract - extracted value (5:VARCHAR) -> [TRANSPORT]
08:50:33.745 [restartedMain] TRACE org.hibernate.orm.jdbc.extract - extracted value (1:BIGINT) -> [4]
08:50:33.745 [restartedMain] TRACE org.hibernate.orm.jdbc.extract - extracted value (2:BIGINT) -> [null]
08:50:33.745 [restartedMain] TRACE org.hibernate.orm.jdbc.extract - extracted value (4:BIGINT) -> [3]
08:50:33.745 [restartedMain] TRACE org.hibernate.orm.jdbc.extract - extracted value (3:BOOLEAN) -> [false]
08:50:33.745 [restartedMain] TRACE org.hibernate.orm.jdbc.extract - extracted value (5:VARCHAR) -> [BUS]
08:50:33.745 [restartedMain] TRACE org.hibernate.orm.jdbc.extract - extracted value (1:BIGINT) -> [5]
08:50:33.745 [restartedMain] TRACE org.hibernate.orm.jdbc.extract - extracted value (2:BIGINT) -> [null]
08:50:33.745 [restartedMain] TRACE org.hibernate.orm.jdbc.extract - extracted value (4:BIGINT) -> [3]
08:50:33.745 [restartedMain] TRACE org.hibernate.orm.jdbc.extract - extracted value (3:BOOLEAN) -> [false]
08:50:33.745 [restartedMain] TRACE org.hibernate.orm.jdbc.extract - extracted value (5:VARCHAR) -> [TAXI]
08:50:33.745 [restartedMain] DEBUG org.hibernate.SQL - 
    select
        csl1_0.parent_section_id,
        csl1_0.id,
        csl1_0.building_id,
        csl1_0.deleted,
        csl1_0.title 
    from
        section_table csl1_0 
    where
        csl1_0.parent_section_id=? 
        and (
            csl1_0.deleted = 0
        )
08:50:33.745 [restartedMain] TRACE org.hibernate.orm.jdbc.bind - binding parameter (1:BIGINT) <- [5]
08:50:33.746 [restartedMain] DEBUG org.hibernate.SQL - 
    select
        csl1_0.parent_section_id,
        csl1_0.id,
        csl1_0.building_id,
        csl1_0.deleted,
        csl1_0.title 
    from
        section_table csl1_0 
    where
        csl1_0.parent_section_id=? 
        and (
            csl1_0.deleted = 0
        )
08:50:33.746 [restartedMain] TRACE org.hibernate.orm.jdbc.bind - binding parameter (1:BIGINT) <- [4]
08:50:33.753 [restartedMain] DEBUG org.hibernate.SQL - 
    select
        csl1_0.parent_section_id,
        csl1_0.id,
        csl1_0.building_id,
        csl1_0.deleted,
        csl1_0.title 
    from
        section_table csl1_0 
    where
        csl1_0.parent_section_id=? 
        and (
            csl1_0.deleted = 0
        )
08:50:33.754 [restartedMain] TRACE org.hibernate.orm.jdbc.bind - binding parameter (1:BIGINT) <- [3]
08:50:33.754 [restartedMain] TRACE org.hibernate.orm.jdbc.extract - extracted value (1:BIGINT) -> [3]
08:50:33.754 [restartedMain] TRACE org.hibernate.orm.jdbc.extract - extracted value (2:BIGINT) -> [4]
08:50:33.754 [restartedMain] TRACE org.hibernate.orm.jdbc.extract - extracted value (1:BIGINT) -> [3]
08:50:33.754 [restartedMain] TRACE org.hibernate.orm.jdbc.extract - extracted value (2:BIGINT) -> [5]
08:50:33.755 [restartedMain] DEBUG org.hibernate.SQL - 
    select
        csl1_0.parent_section_id,
        csl1_0.id,
        csl1_0.building_id,
        csl1_0.deleted,
        csl1_0.title 
    from
        section_table csl1_0 
    where
        csl1_0.parent_section_id=? 
        and (
            csl1_0.deleted = 0
        )
08:50:33.755 [restartedMain] TRACE org.hibernate.orm.jdbc.bind - binding parameter (1:BIGINT) <- [2]
08:50:33.755 [restartedMain] DEBUG org.hibernate.SQL - 
    select
        csl1_0.parent_section_id,
        csl1_0.id,
        csl1_0.building_id,
        csl1_0.deleted,
        csl1_0.title 
    from
        section_table csl1_0 
    where
        csl1_0.parent_section_id=? 
        and (
            csl1_0.deleted = 0
        )
08:50:33.755 [restartedMain] TRACE org.hibernate.orm.jdbc.bind - binding parameter (1:BIGINT) <- [1]
08:50:33.756 [restartedMain] TRACE org.hibernate.orm.jdbc.extract - extracted value (1:BIGINT) -> [1]
08:50:33.756 [restartedMain] TRACE org.hibernate.orm.jdbc.extract - extracted value (2:BIGINT) -> [2]
08:50:33.756 [restartedMain] TRACE org.hibernate.orm.jdbc.extract - extracted value (1:BIGINT) -> [1]
08:50:33.756 [restartedMain] TRACE org.hibernate.orm.jdbc.extract - extracted value (2:BIGINT) -> [3]
08:50:33.758 [restartedMain] DEBUG o.h.e.t.internal.TransactionImpl - committing
08:50:33.758 [restartedMain] DEBUG o.s.jdbc.datasource.DataSourceUtils - Resetting read-only flag of JDBC Connection [HikariProxyConnection@1152020226 wrapping oracle.jdbc.driver.T4CConnection@351c9402]
08:50:33.758 [restartedMain] TRACE o.s.c.interceptor.CacheInterceptor - Creating cache entry for key 'Page request [number: 0, size 50, sort: UNSORTED]' in cache(s) [sectionsPageable]
08:50:33.759 [restartedMain] TRACE o.s.c.interceptor.CacheInterceptor - Computed cache key 'SimpleKey []' for operation Builder[public java.util.List ir.service.impl.SectionServiceImpl.findAllForFilter()] caches=[sectionsFilter] | key='' | keyGenerator='' | cacheManager='' | cacheResolver='' | condition='' | unless='' | sync='false'
08:50:33.759 [restartedMain] TRACE o.s.c.interceptor.CacheInterceptor - No cache entry for key 'SimpleKey []' in cache(s) [sectionsFilter]
08:50:33.759 [restartedMain] DEBUG o.s.jdbc.datasource.DataSourceUtils - Setting JDBC Connection [HikariProxyConnection@968659426 wrapping oracle.jdbc.driver.T4CConnection@351c9402] read-only
08:50:33.759 [restartedMain] DEBUG o.h.e.t.internal.TransactionImpl - On TransactionImpl creation, JpaCompliance#isJpaTransactionComplianceEnabled == false
08:50:33.759 [restartedMain] DEBUG o.h.e.t.internal.TransactionImpl - begin
08:50:33.769 [restartedMain] DEBUG org.hibernate.SQL - 
    /* SELECT
        new  ir.dto.SectionFilterDto(s.id, s.title) 
    FROM
        sectionEntity s 
    where
        s.deleted = false */ select
            s1_0.id,
            s1_0.title 
        from
            section_table s1_0 
        where
            (
                s1_0.deleted = 0
            ) 
            and s1_0.deleted=0
08:50:33.771 [restartedMain] TRACE org.hibernate.orm.jdbc.extract - extracted value (1:BIGINT) -> [1]
08:50:33.771 [restartedMain] TRACE org.hibernate.orm.jdbc.extract - extracted value (2:VARCHAR) -> [MAIN SECTION]
08:50:33.771 [restartedMain] TRACE org.hibernate.orm.jdbc.extract - extracted value (1:BIGINT) -> [2]
08:50:33.771 [restartedMain] TRACE org.hibernate.orm.jdbc.extract - extracted value (2:VARCHAR) -> [HSE]
08:50:33.771 [restartedMain] TRACE org.hibernate.orm.jdbc.extract - extracted value (1:BIGINT) -> [3]
08:50:33.771 [restartedMain] TRACE org.hibernate.orm.jdbc.extract - extracted value (2:VARCHAR) -> [TRANSPORT]
08:50:33.771 [restartedMain] TRACE org.hibernate.orm.jdbc.extract - extracted value (1:BIGINT) -> [4]
08:50:33.771 [restartedMain] TRACE org.hibernate.orm.jdbc.extract - extracted value (2:VARCHAR) -> [BUS]
08:50:33.771 [restartedMain] TRACE org.hibernate.orm.jdbc.extract - extracted value (1:BIGINT) -> [5]
08:50:33.771 [restartedMain] TRACE org.hibernate.orm.jdbc.extract - extracted value (2:VARCHAR) -> [TAXI]
08:50:33.772 [restartedMain] DEBUG o.h.e.t.internal.TransactionImpl - committing
08:50:33.773 [restartedMain] DEBUG o.s.jdbc.datasource.DataSourceUtils - Resetting read-only flag of JDBC Connection [HikariProxyConnection@968659426 wrapping oracle.jdbc.driver.T4CConnection@351c9402]
08:50:33.773 [restartedMain] TRACE o.s.c.interceptor.CacheInterceptor - Creating cache entry for key 'SimpleKey []' in cache(s) [sectionsFilter]
08:50:33.773 [restartedMain] INFO  ir.config.SectionCacheWarmup - **************************************************************  cache sections  ***************************************************************
08:50:33.774 [restartedMain] INFO  ir.TicketingSpringSample - **************************************************************Spring Boot Application Started
08:50:33.822 [org.springframework.kafka.KafkaListenerEndpointContainer#0-0-C-1] INFO  o.apache.kafka.clients.NetworkClient - [Consumer clientId=consumer-building-service-updater-1, groupId=building-service-updater] Node -1 disconnected.
08:50:33.823 [org.springframework.kafka.KafkaListenerEndpointContainer#0-0-C-1] WARN  o.apache.kafka.clients.NetworkClient - [Consumer clientId=consumer-building-service-updater-1, groupId=building-service-updater] Connection to node -1 (localhost/127.0.0.1:9092) could not be established. Node may not be available.
08:50:33.823 [org.springframework.kafka.KafkaListenerEndpointContainer#0-0-C-1] WARN  o.apache.kafka.clients.NetworkClient - [Consumer clientId=consumer-building-service-updater-1, groupId=building-service-updater] Bootstrap broker localhost:9092 (id: -1 rack: null) disconnected
08:50:33.908 [org.springframework.kafka.KafkaListenerEndpointContainer#0-0-C-1] INFO  o.apache.kafka.clients.NetworkClient - [Consumer clientId=consumer-building-service-updater-1, groupId=building-service-updater] Node -1 disconnected.
08:50:33.908 [org.springframework.kafka.KafkaListenerEndpointContainer#0-0-C-1] WARN  o.apache.kafka.clients.NetworkClient - [Consumer clientId=consumer-building-service-updater-1, groupId=building-service-updater] Connection to node -1 (localhost/127.0.0.1:9092) could not be established. Node may not be available.
08:50:33.909 [org.springframework.kafka.KafkaListenerEndpointContainer#0-0-C-1] WARN  o.apache.kafka.clients.NetworkClient - [Consumer clientId=consumer-building-service-updater-1, groupId=building-service-updater] Bootstrap broker localhost:9092 (id: -1 rack: null) disconnected
08:50:34.025 [org.springframework.kafka.KafkaListenerEndpointContainer#0-0-C-1] INFO  o.apache.kafka.clients.NetworkClient - [Consumer clientId=consumer-building-service-updater-1, groupId=building-service-updater] Node -1 disconnected.
08:50:34.026 [org.springframework.kafka.KafkaListenerEndpointContainer#0-0-C-1] WARN  o.apache.kafka.clients.NetworkClient - [Consumer clientId=consumer-building-service-updater-1, groupId=building-service-updater] Connection to node -1 (localhost/127.0.0.1:9092) could not be established. Node may not be available.
08:50:34.026 [org.springframework.kafka.KafkaListenerEndpointContainer#0-0-C-1] WARN  o.apache.kafka.clients.NetworkClient - [Consumer clientId=consumer-building-service-updater-1, groupId=building-service-updater] Bootstrap broker localhost:9092 (id: -1 rack: null) disconnected
08:50:34.164 [RMI TCP Connection(2)-192.168.1.152] INFO  o.a.c.c.C.[Tomcat].[localhost].[/] - Initializing Spring DispatcherServlet 'dispatcherServlet'
08:50:34.165 [RMI TCP Connection(2)-192.168.1.152] INFO  o.s.web.servlet.DispatcherServlet - Initializing Servlet 'dispatcherServlet'
08:50:34.168 [RMI TCP Connection(2)-192.168.1.152] INFO  o.s.web.servlet.DispatcherServlet - Completed initialization in 3 ms
08:50:34.191 [org.springframework.kafka.KafkaListenerEndpointContainer#0-0-C-1] INFO  o.apache.kafka.clients.NetworkClient - [Consumer clientId=consumer-building-service-updater-1, groupId=building-service-updater] Node -1 disconnected.
08:50:34.192 [org.springframework.kafka.KafkaListenerEndpointContainer#0-0-C-1] WARN  o.apache.kafka.clients.NetworkClient - [Consumer clientId=consumer-building-service-updater-1, groupId=building-service-updater] Connection to node -1 (localhost/127.0.0.1:9092) could not be established. Node may not be available.
08:50:34.192 [org.springframework.kafka.KafkaListenerEndpointContainer#0-0-C-1] WARN  o.apache.kafka.clients.NetworkClient - [Consumer clientId=consumer-building-service-updater-1, groupId=building-service-updater] Bootstrap broker localhost:9092 (id: -1 rack: null) disconnected
08:50:34.230 [RMI TCP Connection(3)-192.168.1.152] DEBUG o.s.jdbc.datasource.DataSourceUtils - Fetching JDBC Connection from DataSource
08:50:34.234 [RMI TCP Connection(3)-192.168.1.152] DEBUG o.s.jdbc.datasource.DataSourceUtils - Fetching JDBC Connection from DataSource
08:50:34.570 [org.springframework.kafka.KafkaListenerEndpointContainer#0-0-C-1] INFO  o.apache.kafka.clients.NetworkClient - [Consumer clientId=consumer-building-service-updater-1, groupId=building-service-updater] Node -1 disconnected.
08:50:34.570 [org.springframework.kafka.KafkaListenerEndpointContainer#0-0-C-1] WARN  o.apache.kafka.clients.NetworkClient - [Consumer clientId=consumer-building-service-updater-1, groupId=building-service-updater] Connection to node -1 (localhost/127.0.0.1:9092) could not be established. Node may not be available.
08:50:34.570 [org.springframework.kafka.KafkaListenerEndpointContainer#0-0-C-1] WARN  o.apache.kafka.clients.NetworkClient - [Consumer clientId=consumer-building-service-updater-1, groupId=building-service-updater] Bootstrap broker localhost:9092 (id: -1 rack: null) disconnected
08:50:34.571 [boundedElastic-1] WARN  o.s.b.a.d.r.RedisReactiveHealthIndicator - Redis health check failed
org.springframework.data.redis.RedisConnectionFailureException: Unable to connect to Redis
	at org.springframework.data.redis.connection.lettuce.LettuceConnectionFactory$ExceptionTranslatingConnectionProvider.translateException(LettuceConnectionFactory.java:1858)
	at org.springframework.data.redis.connection.lettuce.LettuceConnectionFactory$ExceptionTranslatingConnectionProvider.getConnection(LettuceConnectionFactory.java:1789)
	at org.springframework.data.redis.connection.lettuce.LettuceConnectionFactory$SharedConnection.getNativeConnection(LettuceConnectionFactory.java:1586)
	at org.springframework.data.redis.connection.lettuce.LettuceConnectionFactory$SharedConnection.lambda$getConnection$0(LettuceConnectionFactory.java:1566)
	at org.springframework.data.redis.connection.lettuce.LettuceConnectionFactory.doInLock(LettuceConnectionFactory.java:1527)
	at org.springframework.data.redis.connection.lettuce.LettuceConnectionFactory$SharedConnection.getConnection(LettuceConnectionFactory.java:1563)
	at org.springframework.data.redis.connection.lettuce.LettuceConnectionFactory.getSharedReactiveConnection(LettuceConnectionFactory.java:1274)
	at org.springframework.data.redis.connection.lettuce.LettuceConnectionFactory.getReactiveConnection(LettuceConnectionFactory.java:1149)
	at org.springframework.data.redis.connection.lettuce.LettuceConnectionFactory.getReactiveConnection(LettuceConnectionFactory.java:120)
	at reactor.core.publisher.MonoSupplier.call(MonoSupplier.java:67)
	at reactor.core.publisher.FluxSubscribeOnCallable$CallableSubscribeOnSubscription.run(FluxSubscribeOnCallable.java:228)
	at reactor.core.scheduler.SchedulerTask.call(SchedulerTask.java:68)
	at reactor.core.scheduler.SchedulerTask.call(SchedulerTask.java:28)
	at java.base/java.util.concurrent.FutureTask.run(FutureTask.java:264)
	at java.base/java.util.concurrent.ScheduledThreadPoolExecutor$ScheduledFutureTask.run(ScheduledThreadPoolExecutor.java:304)
	at java.base/java.util.concurrent.ThreadPoolExecutor.runWorker(ThreadPoolExecutor.java:1136)
	at java.base/java.util.concurrent.ThreadPoolExecutor$Worker.run(ThreadPoolExecutor.java:635)
	at java.base/java.lang.Thread.run(Thread.java:842)
Caused by: io.lettuce.core.RedisConnectionException: Unable to connect to localhost/<unresolved>:6379
	at io.lettuce.core.RedisConnectionException.create(RedisConnectionException.java:63)
	at io.lettuce.core.RedisConnectionException.create(RedisConnectionException.java:41)
	at io.lettuce.core.AbstractRedisClient.getConnection(AbstractRedisClient.java:354)
	at io.lettuce.core.RedisClient.connect(RedisClient.java:219)
	at org.springframework.data.redis.connection.lettuce.StandaloneConnectionProvider.lambda$getConnection$1(StandaloneConnectionProvider.java:112)
	at java.base/java.util.Optional.orElseGet(Optional.java:364)
	at org.springframework.data.redis.connection.lettuce.StandaloneConnectionProvider.getConnection(StandaloneConnectionProvider.java:112)
	at org.springframework.data.redis.connection.lettuce.LettuceConnectionFactory$ExceptionTranslatingConnectionProvider.getConnection(LettuceConnectionFactory.java:1787)
	... 16 common frames omitted
Caused by: io.netty.channel.AbstractChannel$AnnotatedConnectException: Connection refused: no further information: localhost/127.0.0.1:6379
Caused by: java.net.ConnectException: Connection refused: no further information
	at java.base/sun.nio.ch.Net.pollConnect(Native Method)
	at java.base/sun.nio.ch.Net.pollConnectNow(Net.java:672)
	at java.base/sun.nio.ch.SocketChannelImpl.finishConnect(SocketChannelImpl.java:946)
	at io.netty.channel.socket.nio.NioSocketChannel.doFinishConnect(NioSocketChannel.java:336)
	at io.netty.channel.nio.AbstractNioChannel$AbstractNioUnsafe.finishConnect(AbstractNioChannel.java:339)
	at io.netty.channel.nio.NioEventLoop.processSelectedKey(NioEventLoop.java:784)
	at io.netty.channel.nio.NioEventLoop.processSelectedKeysOptimized(NioEventLoop.java:732)
	at io.netty.channel.nio.NioEventLoop.processSelectedKeys(NioEventLoop.java:658)
	at io.netty.channel.nio.NioEventLoop.run(NioEventLoop.java:562)
	at io.netty.util.concurrent.SingleThreadEventExecutor$4.run(SingleThreadEventExecutor.java:998)
	at io.netty.util.internal.ThreadExecutorMap$2.run(ThreadExecutorMap.java:74)
	at io.netty.util.concurrent.FastThreadLocalRunnable.run(FastThreadLocalRunnable.java:30)
	at java.base/java.lang.Thread.run(Thread.java:842)
08:50:35.473 [org.springframework.kafka.KafkaListenerEndpointContainer#0-0-C-1] INFO  o.apache.kafka.clients.NetworkClient - [Consumer clientId=consumer-building-service-updater-1, groupId=building-service-updater] Node -1 disconnected.
08:50:35.473 [org.springframework.kafka.KafkaListenerEndpointContainer#0-0-C-1] WARN  o.apache.kafka.clients.NetworkClient - [Consumer clientId=consumer-building-service-updater-1, groupId=building-service-updater] Connection to node -1 (localhost/127.0.0.1:9092) could not be established. Node may not be available.
08:50:35.473 [org.springframework.kafka.KafkaListenerEndpointContainer#0-0-C-1] WARN  o.apache.kafka.clients.NetworkClient - [Consumer clientId=consumer-building-service-updater-1, groupId=building-service-updater] Bootstrap broker localhost:9092 (id: -1 rack: null) disconnected
08:50:36.385 [org.springframework.kafka.KafkaListenerEndpointContainer#0-0-C-1] INFO  o.apache.kafka.clients.NetworkClient - [Consumer clientId=consumer-building-service-updater-1, groupId=building-service-updater] Node -1 disconnected.
08:50:36.385 [org.springframework.kafka.KafkaListenerEndpointContainer#0-0-C-1] WARN  o.apache.kafka.clients.NetworkClient - [Consumer clientId=consumer-building-service-updater-1, groupId=building-service-updater] Connection to node -1 (localhost/127.0.0.1:9092) could not be established. Node may not be available.
08:50:36.385 [org.springframework.kafka.KafkaListenerEndpointContainer#0-0-C-1] WARN  o.apache.kafka.clients.NetworkClient - [Consumer clientId=consumer-building-service-updater-1, groupId=building-service-updater] Bootstrap broker localhost:9092 (id: -1 rack: null) disconnected
08:50:37.258 [org.springframework.kafka.KafkaListenerEndpointContainer#0-0-C-1] INFO  o.apache.kafka.clients.NetworkClient - [Consumer clientId=consumer-building-service-updater-1, groupId=building-service-updater] Node -1 disconnected.
08:50:37.258 [org.springframework.kafka.KafkaListenerEndpointContainer#0-0-C-1] WARN  o.apache.kafka.clients.NetworkClient - [Consumer clientId=consumer-building-service-updater-1, groupId=building-service-updater] Connection to node -1 (localhost/127.0.0.1:9092) could not be established. Node may not be available.
08:50:37.258 [org.springframework.kafka.KafkaListenerEndpointContainer#0-0-C-1] WARN  o.apache.kafka.clients.NetworkClient - [Consumer clientId=consumer-building-service-updater-1, groupId=building-service-updater] Bootstrap broker localhost:9092 (id: -1 rack: null) disconnected
08:50:37.897 [https-jsse-nio-8443-exec-3] DEBUG o.s.security.web.FilterChainProxy - Securing GET /buildings
08:50:37.902 [https-jsse-nio-8443-exec-3] DEBUG o.s.s.w.a.c.ChannelProcessingFilter - Request: filter invocation [GET /buildings]; ConfigAttributes: [REQUIRES_SECURE_CHANNEL]
08:50:37.913 [https-jsse-nio-8443-exec-3] DEBUG o.s.s.w.c.HttpSessionSecurityContextRepository - Retrieved SecurityContextImpl [Authentication=UsernamePasswordAuthenticationToken [Principal=ir.model.entity.CustomUserDetails@4a81877d, Credentials=[PROTECTED], Authenticated=true, Details=WebAuthenticationDetails [RemoteIpAddress=0:0:0:0:0:0:0:1, SessionId=F5FA942712FD3296F7514915924D4DFF], Granted Authorities=[TICKET_EDIT, BUILDING_CREATE, ROLE_ADMIN, TICKET_CREATE, TICKET_DELETE]]]
08:50:37.918 [https-jsse-nio-8443-exec-3] DEBUG o.s.security.web.FilterChainProxy - Secured GET /buildings
08:50:37.940 [https-jsse-nio-8443-exec-3] DEBUG o.s.jdbc.datasource.DataSourceUtils - Setting JDBC Connection [HikariProxyConnection@304464053 wrapping oracle.jdbc.driver.T4CConnection@351c9402] read-only
08:50:37.940 [https-jsse-nio-8443-exec-3] DEBUG o.h.e.t.internal.TransactionImpl - On TransactionImpl creation, JpaCompliance#isJpaTransactionComplianceEnabled == false
08:50:37.940 [https-jsse-nio-8443-exec-3] DEBUG o.h.e.t.internal.TransactionImpl - begin
08:50:37.942 [https-jsse-nio-8443-exec-3] DEBUG org.hibernate.SQL - 
    /* <criteria> */ select
        b1_0.id,
        b1_0.address_id,
        b1_0.deleted,
        b1_0.title 
    from
        building_table b1_0 
    where
        (
            b1_0.deleted = 0
        ) 
    order by
        b1_0.title 
    offset
        ? rows 
    fetch
        first ? rows only
08:50:37.943 [https-jsse-nio-8443-exec-3] TRACE org.hibernate.orm.jdbc.bind - binding parameter (1:INTEGER) <- [0]
08:50:37.943 [https-jsse-nio-8443-exec-3] TRACE org.hibernate.orm.jdbc.bind - binding parameter (2:INTEGER) <- [10]
08:50:37.944 [https-jsse-nio-8443-exec-3] DEBUG o.h.e.t.internal.TransactionImpl - committing
08:50:37.944 [https-jsse-nio-8443-exec-3] DEBUG o.s.jdbc.datasource.DataSourceUtils - Resetting read-only flag of JDBC Connection [HikariProxyConnection@304464053 wrapping oracle.jdbc.driver.T4CConnection@351c9402]
08:50:37.946 [https-jsse-nio-8443-exec-3] INFO  i.c.exception.ResponseAspect - Web Controller: rolesList
08:50:38.167 [org.springframework.kafka.KafkaListenerEndpointContainer#0-0-C-1] INFO  o.apache.kafka.clients.NetworkClient - [Consumer clientId=consumer-building-service-updater-1, groupId=building-service-updater] Node -1 disconnected.
08:50:38.167 [org.springframework.kafka.KafkaListenerEndpointContainer#0-0-C-1] WARN  o.apache.kafka.clients.NetworkClient - [Consumer clientId=consumer-building-service-updater-1, groupId=building-service-updater] Connection to node -1 (localhost/127.0.0.1:9092) could not be established. Node may not be available.
08:50:38.167 [org.springframework.kafka.KafkaListenerEndpointContainer#0-0-C-1] WARN  o.apache.kafka.clients.NetworkClient - [Consumer clientId=consumer-building-service-updater-1, groupId=building-service-updater] Bootstrap broker localhost:9092 (id: -1 rack: null) disconnected
08:50:38.224 [https-jsse-nio-8443-exec-7] DEBUG o.s.security.web.FilterChainProxy - Securing GET /css/reset.css
08:50:38.224 [https-jsse-nio-8443-exec-7] DEBUG o.s.s.w.a.c.ChannelProcessingFilter - Request: filter invocation [GET /css/reset.css]; ConfigAttributes: [REQUIRES_SECURE_CHANNEL]
08:50:38.225 [https-jsse-nio-8443-exec-7] DEBUG o.s.security.web.FilterChainProxy - Secured GET /css/reset.css
08:50:38.232 [https-jsse-nio-8443-exec-7] DEBUG o.s.s.w.c.HttpSessionSecurityContextRepository - Retrieved SecurityContextImpl [Authentication=UsernamePasswordAuthenticationToken [Principal=ir.model.entity.CustomUserDetails@4a81877d, Credentials=[PROTECTED], Authenticated=true, Details=WebAuthenticationDetails [RemoteIpAddress=0:0:0:0:0:0:0:1, SessionId=F5FA942712FD3296F7514915924D4DFF], Granted Authorities=[TICKET_EDIT, BUILDING_CREATE, ROLE_ADMIN, TICKET_CREATE, TICKET_DELETE]]]
08:50:38.234 [https-jsse-nio-8443-exec-7] DEBUG o.s.security.web.FilterChainProxy - Securing GET /css/fontawesome.css
08:50:38.235 [https-jsse-nio-8443-exec-7] DEBUG o.s.s.w.a.c.ChannelProcessingFilter - Request: filter invocation [GET /css/fontawesome.css]; ConfigAttributes: [REQUIRES_SECURE_CHANNEL]
08:50:38.235 [https-jsse-nio-8443-exec-7] DEBUG o.s.security.web.FilterChainProxy - Secured GET /css/fontawesome.css
08:50:38.261 [https-jsse-nio-8443-exec-3] DEBUG o.s.security.web.FilterChainProxy - Securing GET /css/toast.css
08:50:38.262 [https-jsse-nio-8443-exec-3] DEBUG o.s.s.w.a.c.ChannelProcessingFilter - Request: filter invocation [GET /css/toast.css]; ConfigAttributes: [REQUIRES_SECURE_CHANNEL]
08:50:38.262 [https-jsse-nio-8443-exec-3] DEBUG o.s.security.web.FilterChainProxy - Secured GET /css/toast.css
08:50:38.264 [https-jsse-nio-8443-exec-3] DEBUG o.s.s.w.c.HttpSessionSecurityContextRepository - Retrieved SecurityContextImpl [Authentication=UsernamePasswordAuthenticationToken [Principal=ir.model.entity.CustomUserDetails@4a81877d, Credentials=[PROTECTED], Authenticated=true, Details=WebAuthenticationDetails [RemoteIpAddress=0:0:0:0:0:0:0:1, SessionId=F5FA942712FD3296F7514915924D4DFF], Granted Authorities=[TICKET_EDIT, BUILDING_CREATE, ROLE_ADMIN, TICKET_CREATE, TICKET_DELETE]]]
08:50:38.266 [https-jsse-nio-8443-exec-3] DEBUG o.s.security.web.FilterChainProxy - Securing GET /css/styles.css
08:50:38.266 [https-jsse-nio-8443-exec-3] DEBUG o.s.s.w.a.c.ChannelProcessingFilter - Request: filter invocation [GET /css/styles.css]; ConfigAttributes: [REQUIRES_SECURE_CHANNEL]
08:50:38.267 [https-jsse-nio-8443-exec-3] DEBUG o.s.security.web.FilterChainProxy - Secured GET /css/styles.css
08:50:38.269 [https-jsse-nio-8443-exec-7] DEBUG o.s.s.w.c.HttpSessionSecurityContextRepository - Retrieved SecurityContextImpl [Authentication=UsernamePasswordAuthenticationToken [Principal=ir.model.entity.CustomUserDetails@4a81877d, Credentials=[PROTECTED], Authenticated=true, Details=WebAuthenticationDetails [RemoteIpAddress=0:0:0:0:0:0:0:1, SessionId=F5FA942712FD3296F7514915924D4DFF], Granted Authorities=[TICKET_EDIT, BUILDING_CREATE, ROLE_ADMIN, TICKET_CREATE, TICKET_DELETE]]]
08:50:38.269 [https-jsse-nio-8443-exec-3] DEBUG o.s.s.w.c.HttpSessionSecurityContextRepository - Retrieved SecurityContextImpl [Authentication=UsernamePasswordAuthenticationToken [Principal=ir.model.entity.CustomUserDetails@4a81877d, Credentials=[PROTECTED], Authenticated=true, Details=WebAuthenticationDetails [RemoteIpAddress=0:0:0:0:0:0:0:1, SessionId=F5FA942712FD3296F7514915924D4DFF], Granted Authorities=[TICKET_EDIT, BUILDING_CREATE, ROLE_ADMIN, TICKET_CREATE, TICKET_DELETE]]]
08:50:38.269 [https-jsse-nio-8443-exec-5] DEBUG o.s.security.web.FilterChainProxy - Securing GET /css/bootstrap.min.css
08:50:38.269 [https-jsse-nio-8443-exec-5] DEBUG o.s.s.w.a.c.ChannelProcessingFilter - Request: filter invocation [GET /css/bootstrap.min.css]; ConfigAttributes: [REQUIRES_SECURE_CHANNEL]
08:50:38.270 [https-jsse-nio-8443-exec-5] DEBUG o.s.security.web.FilterChainProxy - Secured GET /css/bootstrap.min.css
08:50:38.270 [https-jsse-nio-8443-exec-7] DEBUG o.s.security.web.FilterChainProxy - Securing GET /css/fonts.min.css
08:50:38.271 [https-jsse-nio-8443-exec-7] DEBUG o.s.s.w.a.c.ChannelProcessingFilter - Request: filter invocation [GET /css/fonts.min.css]; ConfigAttributes: [REQUIRES_SECURE_CHANNEL]
08:50:38.272 [https-jsse-nio-8443-exec-10] DEBUG o.s.security.web.FilterChainProxy - Securing GET /js/bootstrap.bundle.min.js
08:50:38.272 [https-jsse-nio-8443-exec-7] DEBUG o.s.security.web.FilterChainProxy - Secured GET /css/fonts.min.css
08:50:38.272 [https-jsse-nio-8443-exec-8] DEBUG o.s.security.web.FilterChainProxy - Securing GET /js/fontawesome.js
08:50:38.272 [https-jsse-nio-8443-exec-10] DEBUG o.s.s.w.a.c.ChannelProcessingFilter - Request: filter invocation [GET /js/bootstrap.bundle.min.js]; ConfigAttributes: [REQUIRES_SECURE_CHANNEL]
08:50:38.272 [https-jsse-nio-8443-exec-6] DEBUG o.s.security.web.FilterChainProxy - Securing GET /icons/mftlogo.png
08:50:38.272 [https-jsse-nio-8443-exec-8] DEBUG o.s.s.w.a.c.ChannelProcessingFilter - Request: filter invocation [GET /js/fontawesome.js]; ConfigAttributes: [REQUIRES_SECURE_CHANNEL]
08:50:38.272 [https-jsse-nio-8443-exec-6] DEBUG o.s.s.w.a.c.ChannelProcessingFilter - Request: filter invocation [GET /icons/mftlogo.png]; ConfigAttributes: [REQUIRES_SECURE_CHANNEL]
08:50:38.272 [https-jsse-nio-8443-exec-4] DEBUG o.s.security.web.FilterChainProxy - Securing GET /js/toast.js
08:50:38.272 [https-jsse-nio-8443-exec-4] DEBUG o.s.s.w.a.c.ChannelProcessingFilter - Request: filter invocation [GET /js/toast.js]; ConfigAttributes: [REQUIRES_SECURE_CHANNEL]
08:50:38.272 [https-jsse-nio-8443-exec-10] DEBUG o.s.security.web.FilterChainProxy - Secured GET /js/bootstrap.bundle.min.js
08:50:38.273 [https-jsse-nio-8443-exec-8] DEBUG o.s.security.web.FilterChainProxy - Secured GET /js/fontawesome.js
08:50:38.273 [https-jsse-nio-8443-exec-6] DEBUG o.s.security.web.FilterChainProxy - Secured GET /icons/mftlogo.png
08:50:38.273 [https-jsse-nio-8443-exec-4] DEBUG o.s.security.web.FilterChainProxy - Secured GET /js/toast.js
08:50:38.274 [https-jsse-nio-8443-exec-7] DEBUG o.s.s.w.c.HttpSessionSecurityContextRepository - Retrieved SecurityContextImpl [Authentication=UsernamePasswordAuthenticationToken [Principal=ir.model.entity.CustomUserDetails@4a81877d, Credentials=[PROTECTED], Authenticated=true, Details=WebAuthenticationDetails [RemoteIpAddress=0:0:0:0:0:0:0:1, SessionId=F5FA942712FD3296F7514915924D4DFF], Granted Authorities=[TICKET_EDIT, BUILDING_CREATE, ROLE_ADMIN, TICKET_CREATE, TICKET_DELETE]]]
08:50:38.275 [https-jsse-nio-8443-exec-4] DEBUG o.s.s.w.c.HttpSessionSecurityContextRepository - Retrieved SecurityContextImpl [Authentication=UsernamePasswordAuthenticationToken [Principal=ir.model.entity.CustomUserDetails@4a81877d, Credentials=[PROTECTED], Authenticated=true, Details=WebAuthenticationDetails [RemoteIpAddress=0:0:0:0:0:0:0:1, SessionId=F5FA942712FD3296F7514915924D4DFF], Granted Authorities=[TICKET_EDIT, BUILDING_CREATE, ROLE_ADMIN, TICKET_CREATE, TICKET_DELETE]]]
08:50:38.276 [https-jsse-nio-8443-exec-7] DEBUG o.s.security.web.FilterChainProxy - Securing GET /js/script.js
08:50:38.277 [https-jsse-nio-8443-exec-7] DEBUG o.s.s.w.a.c.ChannelProcessingFilter - Request: filter invocation [GET /js/script.js]; ConfigAttributes: [REQUIRES_SECURE_CHANNEL]
08:50:38.277 [https-jsse-nio-8443-exec-3] DEBUG o.s.security.web.FilterChainProxy - Securing GET /js/buildings-api.js
08:50:38.277 [https-jsse-nio-8443-exec-6] DEBUG o.s.s.w.c.HttpSessionSecurityContextRepository - Retrieved SecurityContextImpl [Authentication=UsernamePasswordAuthenticationToken [Principal=ir.model.entity.CustomUserDetails@4a81877d, Credentials=[PROTECTED], Authenticated=true, Details=WebAuthenticationDetails [RemoteIpAddress=0:0:0:0:0:0:0:1, SessionId=F5FA942712FD3296F7514915924D4DFF], Granted Authorities=[TICKET_EDIT, BUILDING_CREATE, ROLE_ADMIN, TICKET_CREATE, TICKET_DELETE]]]
08:50:38.278 [https-jsse-nio-8443-exec-3] DEBUG o.s.s.w.a.c.ChannelProcessingFilter - Request: filter invocation [GET /js/buildings-api.js]; ConfigAttributes: [REQUIRES_SECURE_CHANNEL]
08:50:38.278 [https-jsse-nio-8443-exec-7] DEBUG o.s.security.web.FilterChainProxy - Secured GET /js/script.js
08:50:38.279 [https-jsse-nio-8443-exec-3] DEBUG o.s.security.web.FilterChainProxy - Secured GET /js/buildings-api.js
08:50:38.280 [https-jsse-nio-8443-exec-7] DEBUG o.s.s.w.c.HttpSessionSecurityContextRepository - Retrieved SecurityContextImpl [Authentication=UsernamePasswordAuthenticationToken [Principal=ir.model.entity.CustomUserDetails@4a81877d, Credentials=[PROTECTED], Authenticated=true, Details=WebAuthenticationDetails [RemoteIpAddress=0:0:0:0:0:0:0:1, SessionId=F5FA942712FD3296F7514915924D4DFF], Granted Authorities=[TICKET_EDIT, BUILDING_CREATE, ROLE_ADMIN, TICKET_CREATE, TICKET_DELETE]]]
08:50:38.281 [https-jsse-nio-8443-exec-10] DEBUG o.s.s.w.c.HttpSessionSecurityContextRepository - Retrieved SecurityContextImpl [Authentication=UsernamePasswordAuthenticationToken [Principal=ir.model.entity.CustomUserDetails@4a81877d, Credentials=[PROTECTED], Authenticated=true, Details=WebAuthenticationDetails [RemoteIpAddress=0:0:0:0:0:0:0:1, SessionId=F5FA942712FD3296F7514915924D4DFF], Granted Authorities=[TICKET_EDIT, BUILDING_CREATE, ROLE_ADMIN, TICKET_CREATE, TICKET_DELETE]]]
08:50:38.282 [https-jsse-nio-8443-exec-3] DEBUG o.s.s.w.c.HttpSessionSecurityContextRepository - Retrieved SecurityContextImpl [Authentication=UsernamePasswordAuthenticationToken [Principal=ir.model.entity.CustomUserDetails@4a81877d, Credentials=[PROTECTED], Authenticated=true, Details=WebAuthenticationDetails [RemoteIpAddress=0:0:0:0:0:0:0:1, SessionId=F5FA942712FD3296F7514915924D4DFF], Granted Authorities=[TICKET_EDIT, BUILDING_CREATE, ROLE_ADMIN, TICKET_CREATE, TICKET_DELETE]]]
08:50:38.288 [https-jsse-nio-8443-exec-5] DEBUG o.s.s.w.c.HttpSessionSecurityContextRepository - Retrieved SecurityContextImpl [Authentication=UsernamePasswordAuthenticationToken [Principal=ir.model.entity.CustomUserDetails@4a81877d, Credentials=[PROTECTED], Authenticated=true, Details=WebAuthenticationDetails [RemoteIpAddress=0:0:0:0:0:0:0:1, SessionId=F5FA942712FD3296F7514915924D4DFF], Granted Authorities=[TICKET_EDIT, BUILDING_CREATE, ROLE_ADMIN, TICKET_CREATE, TICKET_DELETE]]]
08:50:38.288 [https-jsse-nio-8443-exec-3] DEBUG o.s.security.web.FilterChainProxy - Securing GET /error
08:50:38.289 [https-jsse-nio-8443-exec-3] DEBUG o.s.s.w.a.c.ChannelProcessingFilter - Request: filter invocation [GET /error]; ConfigAttributes: [REQUIRES_SECURE_CHANNEL]
08:50:38.289 [https-jsse-nio-8443-exec-3] DEBUG o.s.s.w.c.HttpSessionSecurityContextRepository - Retrieved SecurityContextImpl [Authentication=UsernamePasswordAuthenticationToken [Principal=ir.model.entity.CustomUserDetails@4a81877d, Credentials=[PROTECTED], Authenticated=true, Details=WebAuthenticationDetails [RemoteIpAddress=0:0:0:0:0:0:0:1, SessionId=F5FA942712FD3296F7514915924D4DFF], Granted Authorities=[TICKET_EDIT, BUILDING_CREATE, ROLE_ADMIN, TICKET_CREATE, TICKET_DELETE]]]
08:50:38.290 [https-jsse-nio-8443-exec-3] DEBUG o.s.security.web.FilterChainProxy - Secured GET /error
08:50:38.308 [https-jsse-nio-8443-exec-1] DEBUG o.s.security.web.FilterChainProxy - Securing GET /webfonts/fa-solid-900.woff2
08:50:38.308 [https-jsse-nio-8443-exec-9] DEBUG o.s.security.web.FilterChainProxy - Securing GET /webfonts/fa-brands-400.woff2
08:50:38.308 [https-jsse-nio-8443-exec-9] DEBUG o.s.s.w.a.c.ChannelProcessingFilter - Request: filter invocation [GET /webfonts/fa-brands-400.woff2]; ConfigAttributes: [REQUIRES_SECURE_CHANNEL]
08:50:38.309 [https-jsse-nio-8443-exec-1] DEBUG o.s.s.w.a.c.ChannelProcessingFilter - Request: filter invocation [GET /webfonts/fa-solid-900.woff2]; ConfigAttributes: [REQUIRES_SECURE_CHANNEL]
08:50:38.318 [https-jsse-nio-8443-exec-1] DEBUG o.s.s.w.c.HttpSessionSecurityContextRepository - Retrieved SecurityContextImpl [Authentication=UsernamePasswordAuthenticationToken [Principal=ir.model.entity.CustomUserDetails@4a81877d, Credentials=[PROTECTED], Authenticated=true, Details=WebAuthenticationDetails [RemoteIpAddress=0:0:0:0:0:0:0:1, SessionId=F5FA942712FD3296F7514915924D4DFF], Granted Authorities=[TICKET_EDIT, BUILDING_CREATE, ROLE_ADMIN, TICKET_CREATE, TICKET_DELETE]]]
08:50:38.318 [https-jsse-nio-8443-exec-9] DEBUG o.s.s.w.c.HttpSessionSecurityContextRepository - Retrieved SecurityContextImpl [Authentication=UsernamePasswordAuthenticationToken [Principal=ir.model.entity.CustomUserDetails@4a81877d, Credentials=[PROTECTED], Authenticated=true, Details=WebAuthenticationDetails [RemoteIpAddress=0:0:0:0:0:0:0:1, SessionId=F5FA942712FD3296F7514915924D4DFF], Granted Authorities=[TICKET_EDIT, BUILDING_CREATE, ROLE_ADMIN, TICKET_CREATE, TICKET_DELETE]]]
08:50:38.318 [https-jsse-nio-8443-exec-1] DEBUG o.s.security.web.FilterChainProxy - Secured GET /webfonts/fa-solid-900.woff2
08:50:38.318 [https-jsse-nio-8443-exec-9] DEBUG o.s.security.web.FilterChainProxy - Secured GET /webfonts/fa-brands-400.woff2
08:50:38.769 [https-jsse-nio-8443-exec-8] DEBUG o.s.s.w.c.HttpSessionSecurityContextRepository - Retrieved SecurityContextImpl [Authentication=UsernamePasswordAuthenticationToken [Principal=ir.model.entity.CustomUserDetails@4a81877d, Credentials=[PROTECTED], Authenticated=true, Details=WebAuthenticationDetails [RemoteIpAddress=0:0:0:0:0:0:0:1, SessionId=F5FA942712FD3296F7514915924D4DFF], Granted Authorities=[TICKET_EDIT, BUILDING_CREATE, ROLE_ADMIN, TICKET_CREATE, TICKET_DELETE]]]
08:50:39.181 [org.springframework.kafka.KafkaListenerEndpointContainer#0-0-C-1] INFO  o.apache.kafka.clients.NetworkClient - [Consumer clientId=consumer-building-service-updater-1, groupId=building-service-updater] Node -1 disconnected.
08:50:39.181 [org.springframework.kafka.KafkaListenerEndpointContainer#0-0-C-1] WARN  o.apache.kafka.clients.NetworkClient - [Consumer clientId=consumer-building-service-updater-1, groupId=building-service-updater] Connection to node -1 (localhost/127.0.0.1:9092) could not be established. Node may not be available.
08:50:39.181 [org.springframework.kafka.KafkaListenerEndpointContainer#0-0-C-1] WARN  o.apache.kafka.clients.NetworkClient - [Consumer clientId=consumer-building-service-updater-1, groupId=building-service-updater] Bootstrap broker localhost:9092 (id: -1 rack: null) disconnected
08:50:40.074 [org.springframework.kafka.KafkaListenerEndpointContainer#0-0-C-1] INFO  o.apache.kafka.clients.NetworkClient - [Consumer clientId=consumer-building-service-updater-1, groupId=building-service-updater] Node -1 disconnected.
08:50:40.074 [org.springframework.kafka.KafkaListenerEndpointContainer#0-0-C-1] WARN  o.apache.kafka.clients.NetworkClient - [Consumer clientId=consumer-building-service-updater-1, groupId=building-service-updater] Connection to node -1 (localhost/127.0.0.1:9092) could not be established. Node may not be available.
08:50:40.074 [org.springframework.kafka.KafkaListenerEndpointContainer#0-0-C-1] WARN  o.apache.kafka.clients.NetworkClient - [Consumer clientId=consumer-building-service-updater-1, groupId=building-service-updater] Bootstrap broker localhost:9092 (id: -1 rack: null) disconnected
08:50:40.895 [org.springframework.kafka.KafkaListenerEndpointContainer#0-0-C-1] INFO  o.apache.kafka.clients.NetworkClient - [Consumer clientId=consumer-building-service-updater-1, groupId=building-service-updater] Node -1 disconnected.
08:50:40.895 [org.springframework.kafka.KafkaListenerEndpointContainer#0-0-C-1] WARN  o.apache.kafka.clients.NetworkClient - [Consumer clientId=consumer-building-service-updater-1, groupId=building-service-updater] Connection to node -1 (localhost/127.0.0.1:9092) could not be established. Node may not be available.
08:50:40.895 [org.springframework.kafka.KafkaListenerEndpointContainer#0-0-C-1] WARN  o.apache.kafka.clients.NetworkClient - [Consumer clientId=consumer-building-service-updater-1, groupId=building-service-updater] Bootstrap broker localhost:9092 (id: -1 rack: null) disconnected
08:50:41.896 [org.springframework.kafka.KafkaListenerEndpointContainer#0-0-C-1] INFO  o.apache.kafka.clients.NetworkClient - [Consumer clientId=consumer-building-service-updater-1, groupId=building-service-updater] Node -1 disconnected.
08:50:41.896 [org.springframework.kafka.KafkaListenerEndpointContainer#0-0-C-1] WARN  o.apache.kafka.clients.NetworkClient - [Consumer clientId=consumer-building-service-updater-1, groupId=building-service-updater] Connection to node -1 (localhost/127.0.0.1:9092) could not be established. Node may not be available.
08:50:41.896 [org.springframework.kafka.KafkaListenerEndpointContainer#0-0-C-1] WARN  o.apache.kafka.clients.NetworkClient - [Consumer clientId=consumer-building-service-updater-1, groupId=building-service-updater] Bootstrap broker localhost:9092 (id: -1 rack: null) disconnected
08:50:42.898 [org.springframework.kafka.KafkaListenerEndpointContainer#0-0-C-1] INFO  o.apache.kafka.clients.NetworkClient - [Consumer clientId=consumer-building-service-updater-1, groupId=building-service-updater] Node -1 disconnected.
08:50:42.898 [org.springframework.kafka.KafkaListenerEndpointContainer#0-0-C-1] WARN  o.apache.kafka.clients.NetworkClient - [Consumer clientId=consumer-building-service-updater-1, groupId=building-service-updater] Connection to node -1 (localhost/127.0.0.1:9092) could not be established. Node may not be available.
08:50:42.898 [org.springframework.kafka.KafkaListenerEndpointContainer#0-0-C-1] WARN  o.apache.kafka.clients.NetworkClient - [Consumer clientId=consumer-building-service-updater-1, groupId=building-service-updater] Bootstrap broker localhost:9092 (id: -1 rack: null) disconnected
08:50:43.713 [org.springframework.kafka.KafkaListenerEndpointContainer#0-0-C-1] INFO  o.apache.kafka.clients.NetworkClient - [Consumer clientId=consumer-building-service-updater-1, groupId=building-service-updater] Node -1 disconnected.
08:50:43.713 [org.springframework.kafka.KafkaListenerEndpointContainer#0-0-C-1] WARN  o.apache.kafka.clients.NetworkClient - [Consumer clientId=consumer-building-service-updater-1, groupId=building-service-updater] Connection to node -1 (localhost/127.0.0.1:9092) could not be established. Node may not be available.
08:50:43.713 [org.springframework.kafka.KafkaListenerEndpointContainer#0-0-C-1] WARN  o.apache.kafka.clients.NetworkClient - [Consumer clientId=consumer-building-service-updater-1, groupId=building-service-updater] Bootstrap broker localhost:9092 (id: -1 rack: null) disconnected
08:50:44.718 [org.springframework.kafka.KafkaListenerEndpointContainer#0-0-C-1] INFO  o.apache.kafka.clients.NetworkClient - [Consumer clientId=consumer-building-service-updater-1, groupId=building-service-updater] Node -1 disconnected.
08:50:44.718 [org.springframework.kafka.KafkaListenerEndpointContainer#0-0-C-1] WARN  o.apache.kafka.clients.NetworkClient - [Consumer clientId=consumer-building-service-updater-1, groupId=building-service-updater] Connection to node -1 (localhost/127.0.0.1:9092) could not be established. Node may not be available.
08:50:44.718 [org.springframework.kafka.KafkaListenerEndpointContainer#0-0-C-1] WARN  o.apache.kafka.clients.NetworkClient - [Consumer clientId=consumer-building-service-updater-1, groupId=building-service-updater] Bootstrap broker localhost:9092 (id: -1 rack: null) disconnected
08:50:45.578 [org.springframework.kafka.KafkaListenerEndpointContainer#0-0-C-1] INFO  o.apache.kafka.clients.NetworkClient - [Consumer clientId=consumer-building-service-updater-1, groupId=building-service-updater] Node -1 disconnected.
08:50:45.578 [org.springframework.kafka.KafkaListenerEndpointContainer#0-0-C-1] WARN  o.apache.kafka.clients.NetworkClient - [Consumer clientId=consumer-building-service-updater-1, groupId=building-service-updater] Connection to node -1 (localhost/127.0.0.1:9092) could not be established. Node may not be available.
08:50:45.578 [org.springframework.kafka.KafkaListenerEndpointContainer#0-0-C-1] WARN  o.apache.kafka.clients.NetworkClient - [Consumer clientId=consumer-building-service-updater-1, groupId=building-service-updater] Bootstrap broker localhost:9092 (id: -1 rack: null) disconnected
08:50:46.599 [org.springframework.kafka.KafkaListenerEndpointContainer#0-0-C-1] INFO  o.apache.kafka.clients.NetworkClient - [Consumer clientId=consumer-building-service-updater-1, groupId=building-service-updater] Node -1 disconnected.
08:50:46.599 [org.springframework.kafka.KafkaListenerEndpointContainer#0-0-C-1] WARN  o.apache.kafka.clients.NetworkClient - [Consumer clientId=consumer-building-service-updater-1, groupId=building-service-updater] Connection to node -1 (localhost/127.0.0.1:9092) could not be established. Node may not be available.
08:50:46.599 [org.springframework.kafka.KafkaListenerEndpointContainer#0-0-C-1] WARN  o.apache.kafka.clients.NetworkClient - [Consumer clientId=consumer-building-service-updater-1, groupId=building-service-updater] Bootstrap broker localhost:9092 (id: -1 rack: null) disconnected
08:50:47.643 [org.springframework.kafka.KafkaListenerEndpointContainer#0-0-C-1] INFO  o.apache.kafka.clients.NetworkClient - [Consumer clientId=consumer-building-service-updater-1, groupId=building-service-updater] Node -1 disconnected.
08:50:47.643 [org.springframework.kafka.KafkaListenerEndpointContainer#0-0-C-1] WARN  o.apache.kafka.clients.NetworkClient - [Consumer clientId=consumer-building-service-updater-1, groupId=building-service-updater] Connection to node -1 (localhost/127.0.0.1:9092) could not be established. Node may not be available.
08:50:47.643 [org.springframework.kafka.KafkaListenerEndpointContainer#0-0-C-1] WARN  o.apache.kafka.clients.NetworkClient - [Consumer clientId=consumer-building-service-updater-1, groupId=building-service-updater] Bootstrap broker localhost:9092 (id: -1 rack: null) disconnected
08:50:48.541 [org.springframework.kafka.KafkaListenerEndpointContainer#0-0-C-1] INFO  o.apache.kafka.clients.NetworkClient - [Consumer clientId=consumer-building-service-updater-1, groupId=building-service-updater] Node -1 disconnected.
08:50:48.541 [org.springframework.kafka.KafkaListenerEndpointContainer#0-0-C-1] WARN  o.apache.kafka.clients.NetworkClient - [Consumer clientId=consumer-building-service-updater-1, groupId=building-service-updater] Connection to node -1 (localhost/127.0.0.1:9092) could not be established. Node may not be available.
08:50:48.541 [org.springframework.kafka.KafkaListenerEndpointContainer#0-0-C-1] WARN  o.apache.kafka.clients.NetworkClient - [Consumer clientId=consumer-building-service-updater-1, groupId=building-service-updater] Bootstrap broker localhost:9092 (id: -1 rack: null) disconnected
08:50:49.466 [org.springframework.kafka.KafkaListenerEndpointContainer#0-0-C-1] INFO  o.apache.kafka.clients.NetworkClient - [Consumer clientId=consumer-building-service-updater-1, groupId=building-service-updater] Node -1 disconnected.
08:50:49.466 [org.springframework.kafka.KafkaListenerEndpointContainer#0-0-C-1] WARN  o.apache.kafka.clients.NetworkClient - [Consumer clientId=consumer-building-service-updater-1, groupId=building-service-updater] Connection to node -1 (localhost/127.0.0.1:9092) could not be established. Node may not be available.
08:50:49.466 [org.springframework.kafka.KafkaListenerEndpointContainer#0-0-C-1] WARN  o.apache.kafka.clients.NetworkClient - [Consumer clientId=consumer-building-service-updater-1, groupId=building-service-updater] Bootstrap broker localhost:9092 (id: -1 rack: null) disconnected
08:50:50.466 [org.springframework.kafka.KafkaListenerEndpointContainer#0-0-C-1] INFO  o.apache.kafka.clients.NetworkClient - [Consumer clientId=consumer-building-service-updater-1, groupId=building-service-updater] Node -1 disconnected.
08:50:50.466 [org.springframework.kafka.KafkaListenerEndpointContainer#0-0-C-1] WARN  o.apache.kafka.clients.NetworkClient - [Consumer clientId=consumer-building-service-updater-1, groupId=building-service-updater] Connection to node -1 (localhost/127.0.0.1:9092) could not be established. Node may not be available.
08:50:50.466 [org.springframework.kafka.KafkaListenerEndpointContainer#0-0-C-1] WARN  o.apache.kafka.clients.NetworkClient - [Consumer clientId=consumer-building-service-updater-1, groupId=building-service-updater] Bootstrap broker localhost:9092 (id: -1 rack: null) disconnected
08:50:51.279 [org.springframework.kafka.KafkaListenerEndpointContainer#0-0-C-1] INFO  o.apache.kafka.clients.NetworkClient - [Consumer clientId=consumer-building-service-updater-1, groupId=building-service-updater] Node -1 disconnected.
08:50:51.279 [org.springframework.kafka.KafkaListenerEndpointContainer#0-0-C-1] WARN  o.apache.kafka.clients.NetworkClient - [Consumer clientId=consumer-building-service-updater-1, groupId=building-service-updater] Connection to node -1 (localhost/127.0.0.1:9092) could not be established. Node may not be available.
08:50:51.279 [org.springframework.kafka.KafkaListenerEndpointContainer#0-0-C-1] WARN  o.apache.kafka.clients.NetworkClient - [Consumer clientId=consumer-building-service-updater-1, groupId=building-service-updater] Bootstrap broker localhost:9092 (id: -1 rack: null) disconnected
08:50:52.294 [org.springframework.kafka.KafkaListenerEndpointContainer#0-0-C-1] INFO  o.apache.kafka.clients.NetworkClient - [Consumer clientId=consumer-building-service-updater-1, groupId=building-service-updater] Node -1 disconnected.
08:50:52.294 [org.springframework.kafka.KafkaListenerEndpointContainer#0-0-C-1] WARN  o.apache.kafka.clients.NetworkClient - [Consumer clientId=consumer-building-service-updater-1, groupId=building-service-updater] Connection to node -1 (localhost/127.0.0.1:9092) could not be established. Node may not be available.
08:50:52.294 [org.springframework.kafka.KafkaListenerEndpointContainer#0-0-C-1] WARN  o.apache.kafka.clients.NetworkClient - [Consumer clientId=consumer-building-service-updater-1, groupId=building-service-updater] Bootstrap broker localhost:9092 (id: -1 rack: null) disconnected
08:50:53.317 [org.springframework.kafka.KafkaListenerEndpointContainer#0-0-C-1] INFO  o.apache.kafka.clients.NetworkClient - [Consumer clientId=consumer-building-service-updater-1, groupId=building-service-updater] Node -1 disconnected.
08:50:53.317 [org.springframework.kafka.KafkaListenerEndpointContainer#0-0-C-1] WARN  o.apache.kafka.clients.NetworkClient - [Consumer clientId=consumer-building-service-updater-1, groupId=building-service-updater] Connection to node -1 (localhost/127.0.0.1:9092) could not be established. Node may not be available.
08:50:53.317 [org.springframework.kafka.KafkaListenerEndpointContainer#0-0-C-1] WARN  o.apache.kafka.clients.NetworkClient - [Consumer clientId=consumer-building-service-updater-1, groupId=building-service-updater] Bootstrap broker localhost:9092 (id: -1 rack: null) disconnected
08:50:54.318 [org.springframework.kafka.KafkaListenerEndpointContainer#0-0-C-1] INFO  o.apache.kafka.clients.NetworkClient - [Consumer clientId=consumer-building-service-updater-1, groupId=building-service-updater] Node -1 disconnected.
08:50:54.318 [org.springframework.kafka.KafkaListenerEndpointContainer#0-0-C-1] WARN  o.apache.kafka.clients.NetworkClient - [Consumer clientId=consumer-building-service-updater-1, groupId=building-service-updater] Connection to node -1 (localhost/127.0.0.1:9092) could not be established. Node may not be available.
08:50:54.318 [org.springframework.kafka.KafkaListenerEndpointContainer#0-0-C-1] WARN  o.apache.kafka.clients.NetworkClient - [Consumer clientId=consumer-building-service-updater-1, groupId=building-service-updater] Bootstrap broker localhost:9092 (id: -1 rack: null) disconnected
08:50:55.333 [org.springframework.kafka.KafkaListenerEndpointContainer#0-0-C-1] INFO  o.apache.kafka.clients.NetworkClient - [Consumer clientId=consumer-building-service-updater-1, groupId=building-service-updater] Node -1 disconnected.
08:50:55.333 [org.springframework.kafka.KafkaListenerEndpointContainer#0-0-C-1] WARN  o.apache.kafka.clients.NetworkClient - [Consumer clientId=consumer-building-service-updater-1, groupId=building-service-updater] Connection to node -1 (localhost/127.0.0.1:9092) could not be established. Node may not be available.
08:50:55.334 [org.springframework.kafka.KafkaListenerEndpointContainer#0-0-C-1] WARN  o.apache.kafka.clients.NetworkClient - [Consumer clientId=consumer-building-service-updater-1, groupId=building-service-updater] Bootstrap broker localhost:9092 (id: -1 rack: null) disconnected
08:50:55.353 [https-jsse-nio-8443-exec-2] DEBUG o.s.security.web.FilterChainProxy - Securing GET /profiles
08:50:55.353 [https-jsse-nio-8443-exec-2] DEBUG o.s.s.w.a.c.ChannelProcessingFilter - Request: filter invocation [GET /profiles]; ConfigAttributes: [REQUIRES_SECURE_CHANNEL]
08:50:55.353 [https-jsse-nio-8443-exec-2] DEBUG o.s.s.w.c.HttpSessionSecurityContextRepository - Retrieved SecurityContextImpl [Authentication=UsernamePasswordAuthenticationToken [Principal=ir.model.entity.CustomUserDetails@4a81877d, Credentials=[PROTECTED], Authenticated=true, Details=WebAuthenticationDetails [RemoteIpAddress=0:0:0:0:0:0:0:1, SessionId=F5FA942712FD3296F7514915924D4DFF], Granted Authorities=[TICKET_EDIT, BUILDING_CREATE, ROLE_ADMIN, TICKET_CREATE, TICKET_DELETE]]]
08:50:55.354 [https-jsse-nio-8443-exec-2] DEBUG o.s.security.web.FilterChainProxy - Secured GET /profiles
08:50:55.358 [https-jsse-nio-8443-exec-2] DEBUG o.s.jdbc.datasource.DataSourceUtils - Setting JDBC Connection [HikariProxyConnection@1467196083 wrapping oracle.jdbc.driver.T4CConnection@351c9402] read-only
08:50:55.358 [https-jsse-nio-8443-exec-2] DEBUG o.h.e.t.internal.TransactionImpl - On TransactionImpl creation, JpaCompliance#isJpaTransactionComplianceEnabled == false
08:50:55.358 [https-jsse-nio-8443-exec-2] DEBUG o.h.e.t.internal.TransactionImpl - begin
08:50:55.359 [https-jsse-nio-8443-exec-2] DEBUG org.hibernate.SQL - 
    /* <criteria> */ select
        p1_0.id,
        p1_0.deleted,
        p1_0.email,
        p1_0.first_name,
        p1_0.last_name,
        p1_0.phone,
        p1_0.attachment_id,
        p1_0.username 
    from
        profile_tbl p1_0 
    where
        (
            p1_0.deleted = 0
        ) 
    order by
        p1_0.first_name 
    offset
        ? rows 
    fetch
        first ? rows only
08:50:55.359 [https-jsse-nio-8443-exec-2] TRACE org.hibernate.orm.jdbc.bind - binding parameter (1:INTEGER) <- [0]
08:50:55.359 [https-jsse-nio-8443-exec-2] TRACE org.hibernate.orm.jdbc.bind - binding parameter (2:INTEGER) <- [10]
08:50:55.365 [https-jsse-nio-8443-exec-2] TRACE org.hibernate.orm.jdbc.extract - extracted value (1:BIGINT) -> [1]
08:50:55.365 [https-jsse-nio-8443-exec-2] TRACE org.hibernate.orm.jdbc.extract - extracted value (7:BIGINT) -> [1]
08:50:55.368 [https-jsse-nio-8443-exec-2] TRACE org.hibernate.orm.jdbc.extract - extracted value (8:VARCHAR) -> [reza]
08:50:55.368 [https-jsse-nio-8443-exec-2] TRACE org.hibernate.orm.jdbc.extract - extracted value (2:BOOLEAN) -> [false]
08:50:55.368 [https-jsse-nio-8443-exec-2] TRACE org.hibernate.orm.jdbc.extract - extracted value (3:VARCHAR) -> [reza@gmail.com]
08:50:55.368 [https-jsse-nio-8443-exec-2] TRACE org.hibernate.orm.jdbc.extract - extracted value (4:VARCHAR) -> [reza]
08:50:55.368 [https-jsse-nio-8443-exec-2] TRACE org.hibernate.orm.jdbc.extract - extracted value (5:VARCHAR) -> [rezai]
08:50:55.368 [https-jsse-nio-8443-exec-2] TRACE org.hibernate.orm.jdbc.extract - extracted value (6:VARCHAR) -> [09122540365]
08:50:55.380 [https-jsse-nio-8443-exec-2] TRACE org.hibernate.orm.jdbc.extract - extracted value (1:BIGINT) -> [2]
08:50:55.380 [https-jsse-nio-8443-exec-2] TRACE org.hibernate.orm.jdbc.extract - extracted value (7:BIGINT) -> [2]
08:50:55.380 [https-jsse-nio-8443-exec-2] TRACE org.hibernate.orm.jdbc.extract - extracted value (8:VARCHAR) -> [shirin]
08:50:55.381 [https-jsse-nio-8443-exec-2] TRACE org.hibernate.orm.jdbc.extract - extracted value (2:BOOLEAN) -> [false]
08:50:55.381 [https-jsse-nio-8443-exec-2] TRACE org.hibernate.orm.jdbc.extract - extracted value (3:VARCHAR) -> [shahram@yahoo.com]
08:50:55.381 [https-jsse-nio-8443-exec-2] TRACE org.hibernate.orm.jdbc.extract - extracted value (4:VARCHAR) -> [shirin]
08:50:55.381 [https-jsse-nio-8443-exec-2] TRACE org.hibernate.orm.jdbc.extract - extracted value (5:VARCHAR) -> [nobari]
08:50:55.381 [https-jsse-nio-8443-exec-2] TRACE org.hibernate.orm.jdbc.extract - extracted value (6:VARCHAR) -> [09122688344]
08:50:55.381 [https-jsse-nio-8443-exec-2] DEBUG o.h.e.t.internal.TransactionImpl - committing
08:50:55.381 [https-jsse-nio-8443-exec-2] DEBUG o.s.jdbc.datasource.DataSourceUtils - Resetting read-only flag of JDBC Connection [HikariProxyConnection@1467196083 wrapping oracle.jdbc.driver.T4CConnection@351c9402]
08:50:55.382 [https-jsse-nio-8443-exec-2] INFO  i.c.exception.ResponseAspect - Web Controller: profilesList
08:50:55.425 [https-jsse-nio-8443-exec-2] DEBUG org.hibernate.SQL - 
    select
        u1_0.username,
        u1_0.account_non_expired,
        u1_0.account_non_locked,
        u1_0.credentials_expiry_date,
        u1_0.credentials_non_expired,
        u1_0.deleted,
        u1_0.enabled,
        u1_0.password,
        rs1_0.username,
        rs1_1.name,
        rs1_1.deleted,
        ps1_0.role_name,
        ps1_1.id,
        ps1_1.deleted,
        ps1_1.permission 
    from
        user_tbl u1_0 
    left join
        (user_role_tbl rs1_0 
    join
        role_tbl rs1_1 
            on rs1_1.name=rs1_0.role_name) 
        on u1_0.username=rs1_0.username 
        and ( rs1_1.deleted = 0) 
    left join
        (role_permission_tbl ps1_0 
    join
        permission_tbl ps1_1 
            on ps1_1.id=ps1_0.permission) 
        on rs1_1.name=ps1_0.role_name 
        and ( ps1_1.deleted = 0) 
    where
        u1_0.username=? 
        and (
            u1_0.deleted = 0
        )
08:50:55.425 [https-jsse-nio-8443-exec-2] TRACE org.hibernate.orm.jdbc.bind - binding parameter (1:VARCHAR) <- [reza]
08:50:55.438 [https-jsse-nio-8443-exec-2] TRACE org.hibernate.orm.jdbc.extract - extracted value (9:VARCHAR) -> [reza]
08:50:55.438 [https-jsse-nio-8443-exec-2] TRACE org.hibernate.orm.jdbc.extract - extracted value (10:VARCHAR) -> [ROLE_MANAGER]
08:50:55.438 [https-jsse-nio-8443-exec-2] TRACE org.hibernate.orm.jdbc.extract - extracted value (12:VARCHAR) -> [null]
08:50:55.438 [https-jsse-nio-8443-exec-2] TRACE org.hibernate.orm.jdbc.extract - extracted value (11:BOOLEAN) -> [false]
08:50:55.438 [https-jsse-nio-8443-exec-2] TRACE org.hibernate.orm.jdbc.extract - extracted value (2:BOOLEAN) -> [true]
08:50:55.438 [https-jsse-nio-8443-exec-2] TRACE org.hibernate.orm.jdbc.extract - extracted value (3:BOOLEAN) -> [true]
08:50:55.438 [https-jsse-nio-8443-exec-2] TRACE org.hibernate.orm.jdbc.extract - extracted value (4:TIMESTAMP) -> [2026-05-30T21:34:06.705809]
08:50:55.438 [https-jsse-nio-8443-exec-2] TRACE org.hibernate.orm.jdbc.extract - extracted value (5:BOOLEAN) -> [true]
08:50:55.438 [https-jsse-nio-8443-exec-2] TRACE org.hibernate.orm.jdbc.extract - extracted value (6:BOOLEAN) -> [false]
08:50:55.438 [https-jsse-nio-8443-exec-2] TRACE org.hibernate.orm.jdbc.extract - extracted value (7:BOOLEAN) -> [true]
08:50:55.438 [https-jsse-nio-8443-exec-2] TRACE org.hibernate.orm.jdbc.extract - extracted value (8:VARCHAR) -> [$2a$12$bardfyG03UYKdkTwZmSsB.8R8w/U.TIJgDo5mKX7U7y1lGb5nEgXW]
08:50:55.442 [https-jsse-nio-8443-exec-2] DEBUG org.hibernate.SQL - 
    select
        u1_0.username,
        u1_0.account_non_expired,
        u1_0.account_non_locked,
        u1_0.credentials_expiry_date,
        u1_0.credentials_non_expired,
        u1_0.deleted,
        u1_0.enabled,
        u1_0.password,
        rs1_0.username,
        rs1_1.name,
        rs1_1.deleted,
        ps1_0.role_name,
        ps1_1.id,
        ps1_1.deleted,
        ps1_1.permission 
    from
        user_tbl u1_0 
    left join
        (user_role_tbl rs1_0 
    join
        role_tbl rs1_1 
            on rs1_1.name=rs1_0.role_name) 
        on u1_0.username=rs1_0.username 
        and ( rs1_1.deleted = 0) 
    left join
        (role_permission_tbl ps1_0 
    join
        permission_tbl ps1_1 
            on ps1_1.id=ps1_0.permission) 
        on rs1_1.name=ps1_0.role_name 
        and ( ps1_1.deleted = 0) 
    where
        u1_0.username=? 
        and (
            u1_0.deleted = 0
        )
08:50:55.443 [https-jsse-nio-8443-exec-2] TRACE org.hibernate.orm.jdbc.bind - binding parameter (1:VARCHAR) <- [shirin]
08:50:55.443 [https-jsse-nio-8443-exec-2] TRACE org.hibernate.orm.jdbc.extract - extracted value (9:VARCHAR) -> [shirin]
08:50:55.444 [https-jsse-nio-8443-exec-2] TRACE org.hibernate.orm.jdbc.extract - extracted value (10:VARCHAR) -> [ROLE_CUSTOMER]
08:50:55.444 [https-jsse-nio-8443-exec-2] TRACE org.hibernate.orm.jdbc.extract - extracted value (12:VARCHAR) -> [ROLE_CUSTOMER]
08:50:55.444 [https-jsse-nio-8443-exec-2] TRACE org.hibernate.orm.jdbc.extract - extracted value (13:BIGINT) -> [1]
08:50:55.444 [https-jsse-nio-8443-exec-2] TRACE org.hibernate.orm.jdbc.extract - extracted value (14:BOOLEAN) -> [false]
08:50:55.444 [https-jsse-nio-8443-exec-2] TRACE org.hibernate.orm.jdbc.extract - extracted value (15:VARCHAR) -> [TICKET_CREATE]
08:50:55.444 [https-jsse-nio-8443-exec-2] TRACE org.hibernate.orm.jdbc.extract - extracted value (11:BOOLEAN) -> [false]
08:50:55.444 [https-jsse-nio-8443-exec-2] TRACE org.hibernate.orm.jdbc.extract - extracted value (2:BOOLEAN) -> [true]
08:50:55.444 [https-jsse-nio-8443-exec-2] TRACE org.hibernate.orm.jdbc.extract - extracted value (3:BOOLEAN) -> [true]
08:50:55.444 [https-jsse-nio-8443-exec-2] TRACE org.hibernate.orm.jdbc.extract - extracted value (4:TIMESTAMP) -> [2026-05-30T23:36]
08:50:55.444 [https-jsse-nio-8443-exec-2] TRACE org.hibernate.orm.jdbc.extract - extracted value (5:BOOLEAN) -> [true]
08:50:55.444 [https-jsse-nio-8443-exec-2] TRACE org.hibernate.orm.jdbc.extract - extracted value (6:BOOLEAN) -> [false]
08:50:55.444 [https-jsse-nio-8443-exec-2] TRACE org.hibernate.orm.jdbc.extract - extracted value (7:BOOLEAN) -> [true]
08:50:55.444 [https-jsse-nio-8443-exec-2] TRACE org.hibernate.orm.jdbc.extract - extracted value (8:VARCHAR) -> [$2a$12$3AL3k15axqPqxFNB7KFOxeqTBuJVkit.citYnhouqCUUZOmoZJLJe]
08:50:55.479 [https-jsse-nio-8443-exec-4] DEBUG o.s.security.web.FilterChainProxy - Securing GET /css/reset.css
08:50:55.480 [https-jsse-nio-8443-exec-6] DEBUG o.s.security.web.FilterChainProxy - Securing GET /css/bootstrap.min.css
08:50:55.480 [https-jsse-nio-8443-exec-4] DEBUG o.s.s.w.a.c.ChannelProcessingFilter - Request: filter invocation [GET /css/reset.css]; ConfigAttributes: [REQUIRES_SECURE_CHANNEL]
08:50:55.480 [https-jsse-nio-8443-exec-6] DEBUG o.s.s.w.a.c.ChannelProcessingFilter - Request: filter invocation [GET /css/bootstrap.min.css]; ConfigAttributes: [REQUIRES_SECURE_CHANNEL]
08:50:55.480 [https-jsse-nio-8443-exec-10] DEBUG o.s.security.web.FilterChainProxy - Securing GET /css/fonts.min.css
08:50:55.480 [https-jsse-nio-8443-exec-5] DEBUG o.s.security.web.FilterChainProxy - Securing GET /css/toast.css
08:50:55.480 [https-jsse-nio-8443-exec-10] DEBUG o.s.s.w.a.c.ChannelProcessingFilter - Request: filter invocation [GET /css/fonts.min.css]; ConfigAttributes: [REQUIRES_SECURE_CHANNEL]
08:50:55.480 [https-jsse-nio-8443-exec-7] DEBUG o.s.security.web.FilterChainProxy - Securing GET /css/fontawesome.css
08:50:55.480 [https-jsse-nio-8443-exec-4] DEBUG o.s.security.web.FilterChainProxy - Secured GET /css/reset.css
08:50:55.481 [https-jsse-nio-8443-exec-5] DEBUG o.s.s.w.a.c.ChannelProcessingFilter - Request: filter invocation [GET /css/toast.css]; ConfigAttributes: [REQUIRES_SECURE_CHANNEL]
08:50:55.481 [https-jsse-nio-8443-exec-6] DEBUG o.s.security.web.FilterChainProxy - Secured GET /css/bootstrap.min.css
08:50:55.481 [https-jsse-nio-8443-exec-7] DEBUG o.s.s.w.a.c.ChannelProcessingFilter - Request: filter invocation [GET /css/fontawesome.css]; ConfigAttributes: [REQUIRES_SECURE_CHANNEL]
08:50:55.481 [https-jsse-nio-8443-exec-10] DEBUG o.s.security.web.FilterChainProxy - Secured GET /css/fonts.min.css
08:50:55.481 [https-jsse-nio-8443-exec-5] DEBUG o.s.security.web.FilterChainProxy - Secured GET /css/toast.css
08:50:55.481 [https-jsse-nio-8443-exec-7] DEBUG o.s.security.web.FilterChainProxy - Secured GET /css/fontawesome.css
08:50:55.482 [https-jsse-nio-8443-exec-4] DEBUG o.s.s.w.c.HttpSessionSecurityContextRepository - Retrieved SecurityContextImpl [Authentication=UsernamePasswordAuthenticationToken [Principal=ir.model.entity.CustomUserDetails@4a81877d, Credentials=[PROTECTED], Authenticated=true, Details=WebAuthenticationDetails [RemoteIpAddress=0:0:0:0:0:0:0:1, SessionId=F5FA942712FD3296F7514915924D4DFF], Granted Authorities=[TICKET_EDIT, BUILDING_CREATE, ROLE_ADMIN, TICKET_CREATE, TICKET_DELETE]]]
08:50:55.482 [https-jsse-nio-8443-exec-5] DEBUG o.s.s.w.c.HttpSessionSecurityContextRepository - Retrieved SecurityContextImpl [Authentication=UsernamePasswordAuthenticationToken [Principal=ir.model.entity.CustomUserDetails@4a81877d, Credentials=[PROTECTED], Authenticated=true, Details=WebAuthenticationDetails [RemoteIpAddress=0:0:0:0:0:0:0:1, SessionId=F5FA942712FD3296F7514915924D4DFF], Granted Authorities=[TICKET_EDIT, BUILDING_CREATE, ROLE_ADMIN, TICKET_CREATE, TICKET_DELETE]]]
08:50:55.483 [https-jsse-nio-8443-exec-10] DEBUG o.s.s.w.c.HttpSessionSecurityContextRepository - Retrieved SecurityContextImpl [Authentication=UsernamePasswordAuthenticationToken [Principal=ir.model.entity.CustomUserDetails@4a81877d, Credentials=[PROTECTED], Authenticated=true, Details=WebAuthenticationDetails [RemoteIpAddress=0:0:0:0:0:0:0:1, SessionId=F5FA942712FD3296F7514915924D4DFF], Granted Authorities=[TICKET_EDIT, BUILDING_CREATE, ROLE_ADMIN, TICKET_CREATE, TICKET_DELETE]]]
08:50:55.485 [https-jsse-nio-8443-exec-3] DEBUG o.s.security.web.FilterChainProxy - Securing GET /css/styles.css
08:50:55.485 [https-jsse-nio-8443-exec-3] DEBUG o.s.s.w.a.c.ChannelProcessingFilter - Request: filter invocation [GET /css/styles.css]; ConfigAttributes: [REQUIRES_SECURE_CHANNEL]
08:50:55.486 [https-jsse-nio-8443-exec-3] DEBUG o.s.security.web.FilterChainProxy - Secured GET /css/styles.css
08:50:55.486 [https-jsse-nio-8443-exec-9] DEBUG o.s.security.web.FilterChainProxy - Securing GET /icons/mftlogo.png
08:50:55.486 [https-jsse-nio-8443-exec-1] DEBUG o.s.security.web.FilterChainProxy - Securing GET /profiles/1/picture
08:50:55.486 [https-jsse-nio-8443-exec-8] DEBUG o.s.security.web.FilterChainProxy - Securing GET /profiles/2/picture
08:50:55.486 [https-jsse-nio-8443-exec-9] DEBUG o.s.s.w.a.c.ChannelProcessingFilter - Request: filter invocation [GET /icons/mftlogo.png]; ConfigAttributes: [REQUIRES_SECURE_CHANNEL]
08:50:55.486 [https-jsse-nio-8443-exec-1] DEBUG o.s.s.w.a.c.ChannelProcessingFilter - Request: filter invocation [GET /profiles/1/picture]; ConfigAttributes: [REQUIRES_SECURE_CHANNEL]
08:50:55.486 [https-jsse-nio-8443-exec-8] DEBUG o.s.s.w.a.c.ChannelProcessingFilter - Request: filter invocation [GET /profiles/2/picture]; ConfigAttributes: [REQUIRES_SECURE_CHANNEL]
08:50:55.487 [https-jsse-nio-8443-exec-1] DEBUG o.s.s.w.c.HttpSessionSecurityContextRepository - Retrieved SecurityContextImpl [Authentication=UsernamePasswordAuthenticationToken [Principal=ir.model.entity.CustomUserDetails@4a81877d, Credentials=[PROTECTED], Authenticated=true, Details=WebAuthenticationDetails [RemoteIpAddress=0:0:0:0:0:0:0:1, SessionId=F5FA942712FD3296F7514915924D4DFF], Granted Authorities=[TICKET_EDIT, BUILDING_CREATE, ROLE_ADMIN, TICKET_CREATE, TICKET_DELETE]]]
08:50:55.487 [https-jsse-nio-8443-exec-8] DEBUG o.s.s.w.c.HttpSessionSecurityContextRepository - Retrieved SecurityContextImpl [Authentication=UsernamePasswordAuthenticationToken [Principal=ir.model.entity.CustomUserDetails@4a81877d, Credentials=[PROTECTED], Authenticated=true, Details=WebAuthenticationDetails [RemoteIpAddress=0:0:0:0:0:0:0:1, SessionId=F5FA942712FD3296F7514915924D4DFF], Granted Authorities=[TICKET_EDIT, BUILDING_CREATE, ROLE_ADMIN, TICKET_CREATE, TICKET_DELETE]]]
08:50:55.487 [https-jsse-nio-8443-exec-9] DEBUG o.s.security.web.FilterChainProxy - Secured GET /icons/mftlogo.png
08:50:55.487 [https-jsse-nio-8443-exec-1] DEBUG o.s.security.web.FilterChainProxy - Secured GET /profiles/1/picture
08:50:55.487 [https-jsse-nio-8443-exec-8] DEBUG o.s.security.web.FilterChainProxy - Secured GET /profiles/2/picture
08:50:55.488 [https-jsse-nio-8443-exec-3] DEBUG o.s.s.w.c.HttpSessionSecurityContextRepository - Retrieved SecurityContextImpl [Authentication=UsernamePasswordAuthenticationToken [Principal=ir.model.entity.CustomUserDetails@4a81877d, Credentials=[PROTECTED], Authenticated=true, Details=WebAuthenticationDetails [RemoteIpAddress=0:0:0:0:0:0:0:1, SessionId=F5FA942712FD3296F7514915924D4DFF], Granted Authorities=[TICKET_EDIT, BUILDING_CREATE, ROLE_ADMIN, TICKET_CREATE, TICKET_DELETE]]]
08:50:55.489 [https-jsse-nio-8443-exec-1] DEBUG o.s.jdbc.datasource.DataSourceUtils - Setting JDBC Connection [HikariProxyConnection@53209083 wrapping oracle.jdbc.driver.T4CConnection@351c9402] read-only
08:50:55.489 [https-jsse-nio-8443-exec-1] DEBUG o.h.e.t.internal.TransactionImpl - On TransactionImpl creation, JpaCompliance#isJpaTransactionComplianceEnabled == false
08:50:55.489 [https-jsse-nio-8443-exec-1] DEBUG o.h.e.t.internal.TransactionImpl - begin
08:50:55.490 [https-jsse-nio-8443-exec-8] DEBUG o.s.jdbc.datasource.DataSourceUtils - Setting JDBC Connection [HikariProxyConnection@2071902140 wrapping oracle.jdbc.driver.T4CConnection@7defda21] read-only
08:50:55.490 [https-jsse-nio-8443-exec-8] DEBUG o.h.e.t.internal.TransactionImpl - On TransactionImpl creation, JpaCompliance#isJpaTransactionComplianceEnabled == false
08:50:55.490 [https-jsse-nio-8443-exec-8] DEBUG o.h.e.t.internal.TransactionImpl - begin
08:50:55.490 [https-jsse-nio-8443-exec-3] DEBUG o.s.security.web.FilterChainProxy - Securing GET /js/bootstrap.bundle.min.js
08:50:55.490 [https-jsse-nio-8443-exec-3] DEBUG o.s.s.w.a.c.ChannelProcessingFilter - Request: filter invocation [GET /js/bootstrap.bundle.min.js]; ConfigAttributes: [REQUIRES_SECURE_CHANNEL]
08:50:55.491 [https-jsse-nio-8443-exec-3] DEBUG o.s.security.web.FilterChainProxy - Secured GET /js/bootstrap.bundle.min.js
08:50:55.491 [https-jsse-nio-8443-exec-9] DEBUG o.s.s.w.c.HttpSessionSecurityContextRepository - Retrieved SecurityContextImpl [Authentication=UsernamePasswordAuthenticationToken [Principal=ir.model.entity.CustomUserDetails@4a81877d, Credentials=[PROTECTED], Authenticated=true, Details=WebAuthenticationDetails [RemoteIpAddress=0:0:0:0:0:0:0:1, SessionId=F5FA942712FD3296F7514915924D4DFF], Granted Authorities=[TICKET_EDIT, BUILDING_CREATE, ROLE_ADMIN, TICKET_CREATE, TICKET_DELETE]]]
08:50:55.492 [https-jsse-nio-8443-exec-1] DEBUG org.hibernate.SQL - 
    select
        p1_0.id,
        p1_0.deleted,
        p1_0.email,
        p1_0.first_name,
        p1_0.last_name,
        p1_0.phone,
        p1_0.attachment_id,
        p1_0.username 
    from
        profile_tbl p1_0 
    where
        p1_0.id=? 
        and (
            p1_0.deleted = 0
        )
08:50:55.492 [https-jsse-nio-8443-exec-8] DEBUG org.hibernate.SQL - 
    select
        p1_0.id,
        p1_0.deleted,
        p1_0.email,
        p1_0.first_name,
        p1_0.last_name,
        p1_0.phone,
        p1_0.attachment_id,
        p1_0.username 
    from
        profile_tbl p1_0 
    where
        p1_0.id=? 
        and (
            p1_0.deleted = 0
        )
08:50:55.492 [https-jsse-nio-8443-exec-1] TRACE org.hibernate.orm.jdbc.bind - binding parameter (1:BIGINT) <- [1]
08:50:55.492 [https-jsse-nio-8443-exec-8] TRACE org.hibernate.orm.jdbc.bind - binding parameter (1:BIGINT) <- [2]
08:50:55.493 [https-jsse-nio-8443-exec-9] DEBUG o.s.security.web.FilterChainProxy - Securing GET /icons/no-image.png
08:50:55.494 [https-jsse-nio-8443-exec-9] DEBUG o.s.s.w.a.c.ChannelProcessingFilter - Request: filter invocation [GET /icons/no-image.png]; ConfigAttributes: [REQUIRES_SECURE_CHANNEL]
08:50:55.494 [https-jsse-nio-8443-exec-9] DEBUG o.s.security.web.FilterChainProxy - Secured GET /icons/no-image.png
08:50:55.498 [https-jsse-nio-8443-exec-9] DEBUG o.s.s.w.c.HttpSessionSecurityContextRepository - Retrieved SecurityContextImpl [Authentication=UsernamePasswordAuthenticationToken [Principal=ir.model.entity.CustomUserDetails@4a81877d, Credentials=[PROTECTED], Authenticated=true, Details=WebAuthenticationDetails [RemoteIpAddress=0:0:0:0:0:0:0:1, SessionId=F5FA942712FD3296F7514915924D4DFF], Granted Authorities=[TICKET_EDIT, BUILDING_CREATE, ROLE_ADMIN, TICKET_CREATE, TICKET_DELETE]]]
08:50:55.498 [https-jsse-nio-8443-exec-3] DEBUG o.s.s.w.c.HttpSessionSecurityContextRepository - Retrieved SecurityContextImpl [Authentication=UsernamePasswordAuthenticationToken [Principal=ir.model.entity.CustomUserDetails@4a81877d, Credentials=[PROTECTED], Authenticated=true, Details=WebAuthenticationDetails [RemoteIpAddress=0:0:0:0:0:0:0:1, SessionId=F5FA942712FD3296F7514915924D4DFF], Granted Authorities=[TICKET_EDIT, BUILDING_CREATE, ROLE_ADMIN, TICKET_CREATE, TICKET_DELETE]]]
08:50:55.499 [https-jsse-nio-8443-exec-6] DEBUG o.s.s.w.c.HttpSessionSecurityContextRepository - Retrieved SecurityContextImpl [Authentication=UsernamePasswordAuthenticationToken [Principal=ir.model.entity.CustomUserDetails@4a81877d, Credentials=[PROTECTED], Authenticated=true, Details=WebAuthenticationDetails [RemoteIpAddress=0:0:0:0:0:0:0:1, SessionId=F5FA942712FD3296F7514915924D4DFF], Granted Authorities=[TICKET_EDIT, BUILDING_CREATE, ROLE_ADMIN, TICKET_CREATE, TICKET_DELETE]]]
08:50:55.500 [https-jsse-nio-8443-exec-8] TRACE org.hibernate.orm.jdbc.extract - extracted value (7:BIGINT) -> [2]
08:50:55.500 [https-jsse-nio-8443-exec-1] TRACE org.hibernate.orm.jdbc.extract - extracted value (7:BIGINT) -> [1]
08:50:55.500 [https-jsse-nio-8443-exec-8] TRACE org.hibernate.orm.jdbc.extract - extracted value (8:VARCHAR) -> [shirin]
08:50:55.500 [https-jsse-nio-8443-exec-1] TRACE org.hibernate.orm.jdbc.extract - extracted value (8:VARCHAR) -> [reza]
08:50:55.500 [https-jsse-nio-8443-exec-5] DEBUG o.s.security.web.FilterChainProxy - Securing GET /js/toast.js
08:50:55.500 [https-jsse-nio-8443-exec-8] TRACE org.hibernate.orm.jdbc.extract - extracted value (2:BOOLEAN) -> [false]
08:50:55.500 [https-jsse-nio-8443-exec-1] TRACE org.hibernate.orm.jdbc.extract - extracted value (2:BOOLEAN) -> [false]
08:50:55.500 [https-jsse-nio-8443-exec-8] TRACE org.hibernate.orm.jdbc.extract - extracted value (3:VARCHAR) -> [shahram@yahoo.com]
08:50:55.500 [https-jsse-nio-8443-exec-2] DEBUG o.s.security.web.FilterChainProxy - Securing GET /js/fontawesome.js
08:50:55.500 [https-jsse-nio-8443-exec-1] TRACE org.hibernate.orm.jdbc.extract - extracted value (3:VARCHAR) -> [reza@gmail.com]
08:50:55.500 [https-jsse-nio-8443-exec-8] TRACE org.hibernate.orm.jdbc.extract - extracted value (4:VARCHAR) -> [shirin]
08:50:55.500 [https-jsse-nio-8443-exec-1] TRACE org.hibernate.orm.jdbc.extract - extracted value (4:VARCHAR) -> [reza]
08:50:55.500 [https-jsse-nio-8443-exec-5] DEBUG o.s.s.w.a.c.ChannelProcessingFilter - Request: filter invocation [GET /js/toast.js]; ConfigAttributes: [REQUIRES_SECURE_CHANNEL]
08:50:55.500 [https-jsse-nio-8443-exec-2] DEBUG o.s.s.w.a.c.ChannelProcessingFilter - Request: filter invocation [GET /js/fontawesome.js]; ConfigAttributes: [REQUIRES_SECURE_CHANNEL]
08:50:55.500 [https-jsse-nio-8443-exec-8] TRACE org.hibernate.orm.jdbc.extract - extracted value (5:VARCHAR) -> [nobari]
08:50:55.500 [https-jsse-nio-8443-exec-1] TRACE org.hibernate.orm.jdbc.extract - extracted value (5:VARCHAR) -> [rezai]
08:50:55.500 [https-jsse-nio-8443-exec-1] TRACE org.hibernate.orm.jdbc.extract - extracted value (6:VARCHAR) -> [09122540365]
08:50:55.500 [https-jsse-nio-8443-exec-8] TRACE org.hibernate.orm.jdbc.extract - extracted value (6:VARCHAR) -> [09122688344]
08:50:55.500 [https-jsse-nio-8443-exec-5] DEBUG o.s.security.web.FilterChainProxy - Secured GET /js/toast.js
08:50:55.500 [https-jsse-nio-8443-exec-2] DEBUG o.s.security.web.FilterChainProxy - Secured GET /js/fontawesome.js
08:50:55.500 [https-jsse-nio-8443-exec-1] DEBUG o.h.e.t.internal.TransactionImpl - committing
08:50:55.500 [https-jsse-nio-8443-exec-8] DEBUG o.h.e.t.internal.TransactionImpl - committing
08:50:55.501 [https-jsse-nio-8443-exec-1] DEBUG o.s.jdbc.datasource.DataSourceUtils - Resetting read-only flag of JDBC Connection [HikariProxyConnection@53209083 wrapping oracle.jdbc.driver.T4CConnection@351c9402]
08:50:55.501 [https-jsse-nio-8443-exec-8] DEBUG o.s.jdbc.datasource.DataSourceUtils - Resetting read-only flag of JDBC Connection [HikariProxyConnection@2071902140 wrapping oracle.jdbc.driver.T4CConnection@7defda21]
08:50:55.501 [https-jsse-nio-8443-exec-4] DEBUG o.s.security.web.FilterChainProxy - Securing GET /js/script.js
08:50:55.501 [https-jsse-nio-8443-exec-4] DEBUG o.s.s.w.a.c.ChannelProcessingFilter - Request: filter invocation [GET /js/script.js]; ConfigAttributes: [REQUIRES_SECURE_CHANNEL]
08:50:55.501 [https-jsse-nio-8443-exec-8] DEBUG org.hibernate.SQL - 
    select
        a1_0.id,
        a1_0.attach_time,
        a1_0.deleted,
        a1_0.description,
        a1_0.extracted_text,
        a1_0.file_name,
        a1_0.file_size,
        a1_0.file_type,
        a1_0.message_id,
        a1_0.mongo_file_id 
    from
        attachment_tbl a1_0 
    where
        a1_0.id=? 
        and (
            a1_0.deleted = 0
        )
08:50:55.501 [https-jsse-nio-8443-exec-1] DEBUG org.hibernate.SQL - 
    select
        a1_0.id,
        a1_0.attach_time,
        a1_0.deleted,
        a1_0.description,
        a1_0.extracted_text,
        a1_0.file_name,
        a1_0.file_size,
        a1_0.file_type,
        a1_0.message_id,
        a1_0.mongo_file_id 
    from
        attachment_tbl a1_0 
    where
        a1_0.id=? 
        and (
            a1_0.deleted = 0
        )
08:50:55.502 [https-jsse-nio-8443-exec-1] TRACE org.hibernate.orm.jdbc.bind - binding parameter (1:BIGINT) <- [1]
08:50:55.502 [https-jsse-nio-8443-exec-8] TRACE org.hibernate.orm.jdbc.bind - binding parameter (1:BIGINT) <- [2]
08:50:55.502 [https-jsse-nio-8443-exec-4] DEBUG o.s.security.web.FilterChainProxy - Secured GET /js/script.js
08:50:55.503 [https-jsse-nio-8443-exec-5] DEBUG o.s.s.w.c.HttpSessionSecurityContextRepository - Retrieved SecurityContextImpl [Authentication=UsernamePasswordAuthenticationToken [Principal=ir.model.entity.CustomUserDetails@4a81877d, Credentials=[PROTECTED], Authenticated=true, Details=WebAuthenticationDetails [RemoteIpAddress=0:0:0:0:0:0:0:1, SessionId=F5FA942712FD3296F7514915924D4DFF], Granted Authorities=[TICKET_EDIT, BUILDING_CREATE, ROLE_ADMIN, TICKET_CREATE, TICKET_DELETE]]]
08:50:55.504 [https-jsse-nio-8443-exec-4] DEBUG o.s.s.w.c.HttpSessionSecurityContextRepository - Retrieved SecurityContextImpl [Authentication=UsernamePasswordAuthenticationToken [Principal=ir.model.entity.CustomUserDetails@4a81877d, Credentials=[PROTECTED], Authenticated=true, Details=WebAuthenticationDetails [RemoteIpAddress=0:0:0:0:0:0:0:1, SessionId=F5FA942712FD3296F7514915924D4DFF], Granted Authorities=[TICKET_EDIT, BUILDING_CREATE, ROLE_ADMIN, TICKET_CREATE, TICKET_DELETE]]]
08:50:55.505 [https-jsse-nio-8443-exec-5] DEBUG o.s.security.web.FilterChainProxy - Securing GET /js/profiles-api.js
08:50:55.505 [https-jsse-nio-8443-exec-5] DEBUG o.s.s.w.a.c.ChannelProcessingFilter - Request: filter invocation [GET /js/profiles-api.js]; ConfigAttributes: [REQUIRES_SECURE_CHANNEL]
08:50:55.506 [https-jsse-nio-8443-exec-5] DEBUG o.s.security.web.FilterChainProxy - Secured GET /js/profiles-api.js
08:50:55.511 [https-jsse-nio-8443-exec-8] TRACE org.hibernate.orm.jdbc.extract - extracted value (9:BIGINT) -> [null]
08:50:55.511 [https-jsse-nio-8443-exec-8] TRACE org.hibernate.orm.jdbc.extract - extracted value (1:BIGINT) -> [2]
08:50:55.511 [https-jsse-nio-8443-exec-8] TRACE org.hibernate.orm.jdbc.extract - extracted value (2:TIMESTAMP) -> [2025-11-30T23:36:19.199976]
08:50:55.511 [https-jsse-nio-8443-exec-8] TRACE org.hibernate.orm.jdbc.extract - extracted value (3:BOOLEAN) -> [false]
08:50:55.511 [https-jsse-nio-8443-exec-8] TRACE org.hibernate.orm.jdbc.extract - extracted value (4:VARCHAR) -> [null]
08:50:55.511 [https-jsse-nio-8443-exec-8] TRACE org.hibernate.orm.jdbc.extract - extracted value (5:VARCHAR) -> [null]
08:50:55.511 [https-jsse-nio-8443-exec-8] TRACE org.hibernate.orm.jdbc.extract - extracted value (6:VARCHAR) -> [p3.jpg]
08:50:55.511 [https-jsse-nio-8443-exec-8] TRACE org.hibernate.orm.jdbc.extract - extracted value (7:BIGINT) -> [183499]
08:50:55.511 [https-jsse-nio-8443-exec-8] TRACE org.hibernate.orm.jdbc.extract - extracted value (8:TINYINT) -> [JPG]
08:50:55.511 [https-jsse-nio-8443-exec-8] TRACE org.hibernate.orm.jdbc.extract - extracted value (10:VARCHAR) -> [692ca3bbe154d309f2383254]
08:50:55.514 [https-jsse-nio-8443-exec-1] TRACE org.hibernate.orm.jdbc.extract - extracted value (9:BIGINT) -> [null]
08:50:55.515 [https-jsse-nio-8443-exec-1] TRACE org.hibernate.orm.jdbc.extract - extracted value (1:BIGINT) -> [1]
08:50:55.515 [https-jsse-nio-8443-exec-1] TRACE org.hibernate.orm.jdbc.extract - extracted value (2:TIMESTAMP) -> [2025-11-30T21:34:06.885794]
08:50:55.515 [https-jsse-nio-8443-exec-1] TRACE org.hibernate.orm.jdbc.extract - extracted value (3:BOOLEAN) -> [false]
08:50:55.515 [https-jsse-nio-8443-exec-1] TRACE org.hibernate.orm.jdbc.extract - extracted value (4:VARCHAR) -> [null]
08:50:55.515 [https-jsse-nio-8443-exec-1] TRACE org.hibernate.orm.jdbc.extract - extracted value (5:VARCHAR) -> [null]
08:50:55.515 [https-jsse-nio-8443-exec-1] TRACE org.hibernate.orm.jdbc.extract - extracted value (6:VARCHAR) -> [p11.jpg]
08:50:55.515 [https-jsse-nio-8443-exec-1] TRACE org.hibernate.orm.jdbc.extract - extracted value (7:BIGINT) -> [344907]
08:50:55.515 [https-jsse-nio-8443-exec-1] TRACE org.hibernate.orm.jdbc.extract - extracted value (8:TINYINT) -> [JPG]
08:50:55.515 [https-jsse-nio-8443-exec-1] TRACE org.hibernate.orm.jdbc.extract - extracted value (10:VARCHAR) -> [692c8716b11dee799d876613]
08:50:55.516 [https-jsse-nio-8443-exec-7] DEBUG o.s.s.w.c.HttpSessionSecurityContextRepository - Retrieved SecurityContextImpl [Authentication=UsernamePasswordAuthenticationToken [Principal=ir.model.entity.CustomUserDetails@4a81877d, Credentials=[PROTECTED], Authenticated=true, Details=WebAuthenticationDetails [RemoteIpAddress=0:0:0:0:0:0:0:1, SessionId=F5FA942712FD3296F7514915924D4DFF], Granted Authorities=[TICKET_EDIT, BUILDING_CREATE, ROLE_ADMIN, TICKET_CREATE, TICKET_DELETE]]]
08:50:55.536 [https-jsse-nio-8443-exec-5] DEBUG o.s.s.w.c.HttpSessionSecurityContextRepository - Retrieved SecurityContextImpl [Authentication=UsernamePasswordAuthenticationToken [Principal=ir.model.entity.CustomUserDetails@4a81877d, Credentials=[PROTECTED], Authenticated=true, Details=WebAuthenticationDetails [RemoteIpAddress=0:0:0:0:0:0:0:1, SessionId=F5FA942712FD3296F7514915924D4DFF], Granted Authorities=[TICKET_EDIT, BUILDING_CREATE, ROLE_ADMIN, TICKET_CREATE, TICKET_DELETE]]]
08:50:55.543 [https-jsse-nio-8443-exec-8] INFO  i.c.exception.ResponseAspect - Web Controller: getProfilePicture
08:50:55.543 [https-jsse-nio-8443-exec-1] INFO  i.c.exception.ResponseAspect - Web Controller: getProfilePicture
08:50:55.559 [https-jsse-nio-8443-exec-9] DEBUG o.s.security.web.FilterChainProxy - Securing GET /webfonts/fa-brands-400.woff2
08:50:55.559 [https-jsse-nio-8443-exec-10] DEBUG o.s.security.web.FilterChainProxy - Securing GET /webfonts/fa-solid-900.woff2
08:50:55.560 [https-jsse-nio-8443-exec-10] DEBUG o.s.s.w.a.c.ChannelProcessingFilter - Request: filter invocation [GET /webfonts/fa-solid-900.woff2]; ConfigAttributes: [REQUIRES_SECURE_CHANNEL]
08:50:55.560 [https-jsse-nio-8443-exec-9] DEBUG o.s.s.w.a.c.ChannelProcessingFilter - Request: filter invocation [GET /webfonts/fa-brands-400.woff2]; ConfigAttributes: [REQUIRES_SECURE_CHANNEL]
08:50:55.560 [https-jsse-nio-8443-exec-9] DEBUG o.s.s.w.c.HttpSessionSecurityContextRepository - Retrieved SecurityContextImpl [Authentication=UsernamePasswordAuthenticationToken [Principal=ir.model.entity.CustomUserDetails@4a81877d, Credentials=[PROTECTED], Authenticated=true, Details=WebAuthenticationDetails [RemoteIpAddress=0:0:0:0:0:0:0:1, SessionId=F5FA942712FD3296F7514915924D4DFF], Granted Authorities=[TICKET_EDIT, BUILDING_CREATE, ROLE_ADMIN, TICKET_CREATE, TICKET_DELETE]]]
08:50:55.561 [https-jsse-nio-8443-exec-10] DEBUG o.s.s.w.c.HttpSessionSecurityContextRepository - Retrieved SecurityContextImpl [Authentication=UsernamePasswordAuthenticationToken [Principal=ir.model.entity.CustomUserDetails@4a81877d, Credentials=[PROTECTED], Authenticated=true, Details=WebAuthenticationDetails [RemoteIpAddress=0:0:0:0:0:0:0:1, SessionId=F5FA942712FD3296F7514915924D4DFF], Granted Authorities=[TICKET_EDIT, BUILDING_CREATE, ROLE_ADMIN, TICKET_CREATE, TICKET_DELETE]]]
08:50:55.561 [https-jsse-nio-8443-exec-9] DEBUG o.s.security.web.FilterChainProxy - Secured GET /webfonts/fa-brands-400.woff2
08:50:55.561 [https-jsse-nio-8443-exec-10] DEBUG o.s.security.web.FilterChainProxy - Secured GET /webfonts/fa-solid-900.woff2
08:50:56.009 [https-jsse-nio-8443-exec-2] DEBUG o.s.s.w.c.HttpSessionSecurityContextRepository - Retrieved SecurityContextImpl [Authentication=UsernamePasswordAuthenticationToken [Principal=ir.model.entity.CustomUserDetails@4a81877d, Credentials=[PROTECTED], Authenticated=true, Details=WebAuthenticationDetails [RemoteIpAddress=0:0:0:0:0:0:0:1, SessionId=F5FA942712FD3296F7514915924D4DFF], Granted Authorities=[TICKET_EDIT, BUILDING_CREATE, ROLE_ADMIN, TICKET_CREATE, TICKET_DELETE]]]
08:50:56.096 [https-jsse-nio-8443-exec-3] DEBUG o.s.security.web.FilterChainProxy - Securing GET /profiles?page=0&size=10&sortBy=firstName&fragment=true
08:50:56.097 [https-jsse-nio-8443-exec-3] DEBUG o.s.s.w.a.c.ChannelProcessingFilter - Request: filter invocation [GET /profiles?page=0&size=10&sortBy=firstName&fragment=true]; ConfigAttributes: [REQUIRES_SECURE_CHANNEL]
08:50:56.098 [https-jsse-nio-8443-exec-3] DEBUG o.s.s.w.c.HttpSessionSecurityContextRepository - Retrieved SecurityContextImpl [Authentication=UsernamePasswordAuthenticationToken [Principal=ir.model.entity.CustomUserDetails@4a81877d, Credentials=[PROTECTED], Authenticated=true, Details=WebAuthenticationDetails [RemoteIpAddress=0:0:0:0:0:0:0:1, SessionId=F5FA942712FD3296F7514915924D4DFF], Granted Authorities=[TICKET_EDIT, BUILDING_CREATE, ROLE_ADMIN, TICKET_CREATE, TICKET_DELETE]]]
08:50:56.099 [https-jsse-nio-8443-exec-3] DEBUG o.s.security.web.FilterChainProxy - Secured GET /profiles?page=0&size=10&sortBy=firstName&fragment=true
08:50:56.101 [https-jsse-nio-8443-exec-3] DEBUG o.s.jdbc.datasource.DataSourceUtils - Setting JDBC Connection [HikariProxyConnection@290027191 wrapping oracle.jdbc.driver.T4CConnection@351c9402] read-only
08:50:56.101 [https-jsse-nio-8443-exec-3] DEBUG o.h.e.t.internal.TransactionImpl - On TransactionImpl creation, JpaCompliance#isJpaTransactionComplianceEnabled == false
08:50:56.101 [https-jsse-nio-8443-exec-3] DEBUG o.h.e.t.internal.TransactionImpl - begin
08:50:56.103 [https-jsse-nio-8443-exec-3] DEBUG org.hibernate.SQL - 
    /* <criteria> */ select
        p1_0.id,
        p1_0.deleted,
        p1_0.email,
        p1_0.first_name,
        p1_0.last_name,
        p1_0.phone,
        p1_0.attachment_id,
        p1_0.username 
    from
        profile_tbl p1_0 
    where
        (
            p1_0.deleted = 0
        ) 
    order by
        p1_0.first_name 
    offset
        ? rows 
    fetch
        first ? rows only
08:50:56.103 [https-jsse-nio-8443-exec-3] TRACE org.hibernate.orm.jdbc.bind - binding parameter (1:INTEGER) <- [0]
08:50:56.103 [https-jsse-nio-8443-exec-3] TRACE org.hibernate.orm.jdbc.bind - binding parameter (2:INTEGER) <- [10]
08:50:56.104 [https-jsse-nio-8443-exec-3] TRACE org.hibernate.orm.jdbc.extract - extracted value (1:BIGINT) -> [1]
08:50:56.104 [https-jsse-nio-8443-exec-3] TRACE org.hibernate.orm.jdbc.extract - extracted value (7:BIGINT) -> [1]
08:50:56.104 [https-jsse-nio-8443-exec-3] TRACE org.hibernate.orm.jdbc.extract - extracted value (8:VARCHAR) -> [reza]
08:50:56.104 [https-jsse-nio-8443-exec-3] TRACE org.hibernate.orm.jdbc.extract - extracted value (2:BOOLEAN) -> [false]
08:50:56.104 [https-jsse-nio-8443-exec-3] TRACE org.hibernate.orm.jdbc.extract - extracted value (3:VARCHAR) -> [reza@gmail.com]
08:50:56.104 [https-jsse-nio-8443-exec-3] TRACE org.hibernate.orm.jdbc.extract - extracted value (4:VARCHAR) -> [reza]
08:50:56.104 [https-jsse-nio-8443-exec-3] TRACE org.hibernate.orm.jdbc.extract - extracted value (5:VARCHAR) -> [rezai]
08:50:56.104 [https-jsse-nio-8443-exec-3] TRACE org.hibernate.orm.jdbc.extract - extracted value (6:VARCHAR) -> [09122540365]
08:50:56.104 [https-jsse-nio-8443-exec-3] TRACE org.hibernate.orm.jdbc.extract - extracted value (1:BIGINT) -> [2]
08:50:56.104 [https-jsse-nio-8443-exec-3] TRACE org.hibernate.orm.jdbc.extract - extracted value (7:BIGINT) -> [2]
08:50:56.104 [https-jsse-nio-8443-exec-3] TRACE org.hibernate.orm.jdbc.extract - extracted value (8:VARCHAR) -> [shirin]
08:50:56.105 [https-jsse-nio-8443-exec-3] TRACE org.hibernate.orm.jdbc.extract - extracted value (2:BOOLEAN) -> [false]
08:50:56.105 [https-jsse-nio-8443-exec-3] TRACE org.hibernate.orm.jdbc.extract - extracted value (3:VARCHAR) -> [shahram@yahoo.com]
08:50:56.105 [https-jsse-nio-8443-exec-3] TRACE org.hibernate.orm.jdbc.extract - extracted value (4:VARCHAR) -> [shirin]
08:50:56.105 [https-jsse-nio-8443-exec-3] TRACE org.hibernate.orm.jdbc.extract - extracted value (5:VARCHAR) -> [nobari]
08:50:56.105 [https-jsse-nio-8443-exec-3] TRACE org.hibernate.orm.jdbc.extract - extracted value (6:VARCHAR) -> [09122688344]
08:50:56.105 [https-jsse-nio-8443-exec-3] DEBUG o.h.e.t.internal.TransactionImpl - committing
08:50:56.105 [https-jsse-nio-8443-exec-3] DEBUG o.s.jdbc.datasource.DataSourceUtils - Resetting read-only flag of JDBC Connection [HikariProxyConnection@290027191 wrapping oracle.jdbc.driver.T4CConnection@351c9402]
08:50:56.105 [https-jsse-nio-8443-exec-3] INFO  i.c.exception.ResponseAspect - Web Controller: profilesList
08:50:56.113 [https-jsse-nio-8443-exec-3] DEBUG org.hibernate.SQL - 
    select
        u1_0.username,
        u1_0.account_non_expired,
        u1_0.account_non_locked,
        u1_0.credentials_expiry_date,
        u1_0.credentials_non_expired,
        u1_0.deleted,
        u1_0.enabled,
        u1_0.password,
        rs1_0.username,
        rs1_1.name,
        rs1_1.deleted,
        ps1_0.role_name,
        ps1_1.id,
        ps1_1.deleted,
        ps1_1.permission 
    from
        user_tbl u1_0 
    left join
        (user_role_tbl rs1_0 
    join
        role_tbl rs1_1 
            on rs1_1.name=rs1_0.role_name) 
        on u1_0.username=rs1_0.username 
        and ( rs1_1.deleted = 0) 
    left join
        (role_permission_tbl ps1_0 
    join
        permission_tbl ps1_1 
            on ps1_1.id=ps1_0.permission) 
        on rs1_1.name=ps1_0.role_name 
        and ( ps1_1.deleted = 0) 
    where
        u1_0.username=? 
        and (
            u1_0.deleted = 0
        )
08:50:56.113 [https-jsse-nio-8443-exec-3] TRACE org.hibernate.orm.jdbc.bind - binding parameter (1:VARCHAR) <- [reza]
08:50:56.114 [https-jsse-nio-8443-exec-3] TRACE org.hibernate.orm.jdbc.extract - extracted value (9:VARCHAR) -> [reza]
08:50:56.114 [https-jsse-nio-8443-exec-3] TRACE org.hibernate.orm.jdbc.extract - extracted value (10:VARCHAR) -> [ROLE_MANAGER]
08:50:56.114 [https-jsse-nio-8443-exec-3] TRACE org.hibernate.orm.jdbc.extract - extracted value (12:VARCHAR) -> [null]
08:50:56.114 [https-jsse-nio-8443-exec-3] TRACE org.hibernate.orm.jdbc.extract - extracted value (11:BOOLEAN) -> [false]
08:50:56.115 [https-jsse-nio-8443-exec-3] TRACE org.hibernate.orm.jdbc.extract - extracted value (2:BOOLEAN) -> [true]
08:50:56.115 [https-jsse-nio-8443-exec-3] TRACE org.hibernate.orm.jdbc.extract - extracted value (3:BOOLEAN) -> [true]
08:50:56.115 [https-jsse-nio-8443-exec-3] TRACE org.hibernate.orm.jdbc.extract - extracted value (4:TIMESTAMP) -> [2026-05-30T21:34:06.705809]
08:50:56.115 [https-jsse-nio-8443-exec-3] TRACE org.hibernate.orm.jdbc.extract - extracted value (5:BOOLEAN) -> [true]
08:50:56.115 [https-jsse-nio-8443-exec-3] TRACE org.hibernate.orm.jdbc.extract - extracted value (6:BOOLEAN) -> [false]
08:50:56.115 [https-jsse-nio-8443-exec-3] TRACE org.hibernate.orm.jdbc.extract - extracted value (7:BOOLEAN) -> [true]
08:50:56.115 [https-jsse-nio-8443-exec-3] TRACE org.hibernate.orm.jdbc.extract - extracted value (8:VARCHAR) -> [$2a$12$bardfyG03UYKdkTwZmSsB.8R8w/U.TIJgDo5mKX7U7y1lGb5nEgXW]
08:50:56.118 [https-jsse-nio-8443-exec-3] DEBUG org.hibernate.SQL - 
    select
        u1_0.username,
        u1_0.account_non_expired,
        u1_0.account_non_locked,
        u1_0.credentials_expiry_date,
        u1_0.credentials_non_expired,
        u1_0.deleted,
        u1_0.enabled,
        u1_0.password,
        rs1_0.username,
        rs1_1.name,
        rs1_1.deleted,
        ps1_0.role_name,
        ps1_1.id,
        ps1_1.deleted,
        ps1_1.permission 
    from
        user_tbl u1_0 
    left join
        (user_role_tbl rs1_0 
    join
        role_tbl rs1_1 
            on rs1_1.name=rs1_0.role_name) 
        on u1_0.username=rs1_0.username 
        and ( rs1_1.deleted = 0) 
    left join
        (role_permission_tbl ps1_0 
    join
        permission_tbl ps1_1 
            on ps1_1.id=ps1_0.permission) 
        on rs1_1.name=ps1_0.role_name 
        and ( ps1_1.deleted = 0) 
    where
        u1_0.username=? 
        and (
            u1_0.deleted = 0
        )
08:50:56.118 [https-jsse-nio-8443-exec-3] TRACE org.hibernate.orm.jdbc.bind - binding parameter (1:VARCHAR) <- [shirin]
08:50:56.119 [https-jsse-nio-8443-exec-3] TRACE org.hibernate.orm.jdbc.extract - extracted value (9:VARCHAR) -> [shirin]
08:50:56.119 [https-jsse-nio-8443-exec-3] TRACE org.hibernate.orm.jdbc.extract - extracted value (10:VARCHAR) -> [ROLE_CUSTOMER]
08:50:56.119 [https-jsse-nio-8443-exec-3] TRACE org.hibernate.orm.jdbc.extract - extracted value (12:VARCHAR) -> [ROLE_CUSTOMER]
08:50:56.119 [https-jsse-nio-8443-exec-3] TRACE org.hibernate.orm.jdbc.extract - extracted value (13:BIGINT) -> [1]
08:50:56.119 [https-jsse-nio-8443-exec-3] TRACE org.hibernate.orm.jdbc.extract - extracted value (14:BOOLEAN) -> [false]
08:50:56.119 [https-jsse-nio-8443-exec-3] TRACE org.hibernate.orm.jdbc.extract - extracted value (15:VARCHAR) -> [TICKET_CREATE]
08:50:56.119 [https-jsse-nio-8443-exec-3] TRACE org.hibernate.orm.jdbc.extract - extracted value (11:BOOLEAN) -> [false]
08:50:56.119 [https-jsse-nio-8443-exec-3] TRACE org.hibernate.orm.jdbc.extract - extracted value (2:BOOLEAN) -> [true]
08:50:56.119 [https-jsse-nio-8443-exec-3] TRACE org.hibernate.orm.jdbc.extract - extracted value (3:BOOLEAN) -> [true]
08:50:56.119 [https-jsse-nio-8443-exec-3] TRACE org.hibernate.orm.jdbc.extract - extracted value (4:TIMESTAMP) -> [2026-05-30T23:36]
08:50:56.119 [https-jsse-nio-8443-exec-3] TRACE org.hibernate.orm.jdbc.extract - extracted value (5:BOOLEAN) -> [true]
08:50:56.120 [https-jsse-nio-8443-exec-3] TRACE org.hibernate.orm.jdbc.extract - extracted value (6:BOOLEAN) -> [false]
08:50:56.120 [https-jsse-nio-8443-exec-3] TRACE org.hibernate.orm.jdbc.extract - extracted value (7:BOOLEAN) -> [true]
08:50:56.120 [https-jsse-nio-8443-exec-3] TRACE org.hibernate.orm.jdbc.extract - extracted value (8:VARCHAR) -> [$2a$12$3AL3k15axqPqxFNB7KFOxeqTBuJVkit.citYnhouqCUUZOmoZJLJe]
08:50:56.124 [https-jsse-nio-8443-exec-6] DEBUG o.s.security.web.FilterChainProxy - Securing GET /profiles/1/picture
08:50:56.124 [https-jsse-nio-8443-exec-4] DEBUG o.s.security.web.FilterChainProxy - Securing GET /profiles/2/picture
08:50:56.124 [https-jsse-nio-8443-exec-6] DEBUG o.s.s.w.a.c.ChannelProcessingFilter - Request: filter invocation [GET /profiles/1/picture]; ConfigAttributes: [REQUIRES_SECURE_CHANNEL]
08:50:56.124 [https-jsse-nio-8443-exec-4] DEBUG o.s.s.w.a.c.ChannelProcessingFilter - Request: filter invocation [GET /profiles/2/picture]; ConfigAttributes: [REQUIRES_SECURE_CHANNEL]
08:50:56.125 [https-jsse-nio-8443-exec-4] DEBUG o.s.s.w.c.HttpSessionSecurityContextRepository - Retrieved SecurityContextImpl [Authentication=UsernamePasswordAuthenticationToken [Principal=ir.model.entity.CustomUserDetails@4a81877d, Credentials=[PROTECTED], Authenticated=true, Details=WebAuthenticationDetails [RemoteIpAddress=0:0:0:0:0:0:0:1, SessionId=F5FA942712FD3296F7514915924D4DFF], Granted Authorities=[TICKET_EDIT, BUILDING_CREATE, ROLE_ADMIN, TICKET_CREATE, TICKET_DELETE]]]
08:50:56.125 [https-jsse-nio-8443-exec-6] DEBUG o.s.s.w.c.HttpSessionSecurityContextRepository - Retrieved SecurityContextImpl [Authentication=UsernamePasswordAuthenticationToken [Principal=ir.model.entity.CustomUserDetails@4a81877d, Credentials=[PROTECTED], Authenticated=true, Details=WebAuthenticationDetails [RemoteIpAddress=0:0:0:0:0:0:0:1, SessionId=F5FA942712FD3296F7514915924D4DFF], Granted Authorities=[TICKET_EDIT, BUILDING_CREATE, ROLE_ADMIN, TICKET_CREATE, TICKET_DELETE]]]
08:50:56.125 [https-jsse-nio-8443-exec-4] DEBUG o.s.security.web.FilterChainProxy - Secured GET /profiles/2/picture
08:50:56.125 [https-jsse-nio-8443-exec-6] DEBUG o.s.security.web.FilterChainProxy - Secured GET /profiles/1/picture
08:50:56.126 [https-jsse-nio-8443-exec-4] DEBUG o.s.jdbc.datasource.DataSourceUtils - Setting JDBC Connection [HikariProxyConnection@2125068927 wrapping oracle.jdbc.driver.T4CConnection@351c9402] read-only
08:50:56.126 [https-jsse-nio-8443-exec-4] DEBUG o.h.e.t.internal.TransactionImpl - On TransactionImpl creation, JpaCompliance#isJpaTransactionComplianceEnabled == false
08:50:56.126 [https-jsse-nio-8443-exec-4] DEBUG o.h.e.t.internal.TransactionImpl - begin
08:50:56.126 [https-jsse-nio-8443-exec-4] DEBUG org.hibernate.SQL - 
    select
        p1_0.id,
        p1_0.deleted,
        p1_0.email,
        p1_0.first_name,
        p1_0.last_name,
        p1_0.phone,
        p1_0.attachment_id,
        p1_0.username 
    from
        profile_tbl p1_0 
    where
        p1_0.id=? 
        and (
            p1_0.deleted = 0
        )
08:50:56.126 [https-jsse-nio-8443-exec-4] TRACE org.hibernate.orm.jdbc.bind - binding parameter (1:BIGINT) <- [2]
08:50:56.126 [https-jsse-nio-8443-exec-6] DEBUG o.s.jdbc.datasource.DataSourceUtils - Setting JDBC Connection [HikariProxyConnection@373129440 wrapping oracle.jdbc.driver.T4CConnection@7defda21] read-only
08:50:56.126 [https-jsse-nio-8443-exec-6] DEBUG o.h.e.t.internal.TransactionImpl - On TransactionImpl creation, JpaCompliance#isJpaTransactionComplianceEnabled == false
08:50:56.127 [https-jsse-nio-8443-exec-6] DEBUG o.h.e.t.internal.TransactionImpl - begin
08:50:56.127 [https-jsse-nio-8443-exec-6] DEBUG org.hibernate.SQL - 
    select
        p1_0.id,
        p1_0.deleted,
        p1_0.email,
        p1_0.first_name,
        p1_0.last_name,
        p1_0.phone,
        p1_0.attachment_id,
        p1_0.username 
    from
        profile_tbl p1_0 
    where
        p1_0.id=? 
        and (
            p1_0.deleted = 0
        )
08:50:56.127 [https-jsse-nio-8443-exec-4] TRACE org.hibernate.orm.jdbc.extract - extracted value (7:BIGINT) -> [2]
08:50:56.127 [https-jsse-nio-8443-exec-6] TRACE org.hibernate.orm.jdbc.bind - binding parameter (1:BIGINT) <- [1]
08:50:56.127 [https-jsse-nio-8443-exec-4] TRACE org.hibernate.orm.jdbc.extract - extracted value (8:VARCHAR) -> [shirin]
08:50:56.127 [https-jsse-nio-8443-exec-4] TRACE org.hibernate.orm.jdbc.extract - extracted value (2:BOOLEAN) -> [false]
08:50:56.127 [https-jsse-nio-8443-exec-4] TRACE org.hibernate.orm.jdbc.extract - extracted value (3:VARCHAR) -> [shahram@yahoo.com]
08:50:56.127 [https-jsse-nio-8443-exec-4] TRACE org.hibernate.orm.jdbc.extract - extracted value (4:VARCHAR) -> [shirin]
08:50:56.127 [https-jsse-nio-8443-exec-4] TRACE org.hibernate.orm.jdbc.extract - extracted value (5:VARCHAR) -> [nobari]
08:50:56.127 [https-jsse-nio-8443-exec-4] TRACE org.hibernate.orm.jdbc.extract - extracted value (6:VARCHAR) -> [09122688344]
08:50:56.127 [https-jsse-nio-8443-exec-4] DEBUG o.h.e.t.internal.TransactionImpl - committing
08:50:56.128 [https-jsse-nio-8443-exec-6] TRACE org.hibernate.orm.jdbc.extract - extracted value (7:BIGINT) -> [1]
08:50:56.128 [https-jsse-nio-8443-exec-6] TRACE org.hibernate.orm.jdbc.extract - extracted value (8:VARCHAR) -> [reza]
08:50:56.128 [https-jsse-nio-8443-exec-4] DEBUG o.s.jdbc.datasource.DataSourceUtils - Resetting read-only flag of JDBC Connection [HikariProxyConnection@2125068927 wrapping oracle.jdbc.driver.T4CConnection@351c9402]
08:50:56.128 [https-jsse-nio-8443-exec-6] TRACE org.hibernate.orm.jdbc.extract - extracted value (2:BOOLEAN) -> [false]
08:50:56.128 [https-jsse-nio-8443-exec-6] TRACE org.hibernate.orm.jdbc.extract - extracted value (3:VARCHAR) -> [reza@gmail.com]
08:50:56.128 [https-jsse-nio-8443-exec-6] TRACE org.hibernate.orm.jdbc.extract - extracted value (4:VARCHAR) -> [reza]
08:50:56.128 [https-jsse-nio-8443-exec-6] TRACE org.hibernate.orm.jdbc.extract - extracted value (5:VARCHAR) -> [rezai]
08:50:56.128 [https-jsse-nio-8443-exec-6] TRACE org.hibernate.orm.jdbc.extract - extracted value (6:VARCHAR) -> [09122540365]
08:50:56.128 [https-jsse-nio-8443-exec-4] DEBUG org.hibernate.SQL - 
    select
        a1_0.id,
        a1_0.attach_time,
        a1_0.deleted,
        a1_0.description,
        a1_0.extracted_text,
        a1_0.file_name,
        a1_0.file_size,
        a1_0.file_type,
        a1_0.message_id,
        a1_0.mongo_file_id 
    from
        attachment_tbl a1_0 
    where
        a1_0.id=? 
        and (
            a1_0.deleted = 0
        )
08:50:56.128 [https-jsse-nio-8443-exec-4] TRACE org.hibernate.orm.jdbc.bind - binding parameter (1:BIGINT) <- [2]
08:50:56.128 [https-jsse-nio-8443-exec-6] DEBUG o.h.e.t.internal.TransactionImpl - committing
08:50:56.128 [https-jsse-nio-8443-exec-6] DEBUG o.s.jdbc.datasource.DataSourceUtils - Resetting read-only flag of JDBC Connection [HikariProxyConnection@373129440 wrapping oracle.jdbc.driver.T4CConnection@7defda21]
08:50:56.128 [https-jsse-nio-8443-exec-6] DEBUG org.hibernate.SQL - 
    select
        a1_0.id,
        a1_0.attach_time,
        a1_0.deleted,
        a1_0.description,
        a1_0.extracted_text,
        a1_0.file_name,
        a1_0.file_size,
        a1_0.file_type,
        a1_0.message_id,
        a1_0.mongo_file_id 
    from
        attachment_tbl a1_0 
    where
        a1_0.id=? 
        and (
            a1_0.deleted = 0
        )
08:50:56.129 [https-jsse-nio-8443-exec-6] TRACE org.hibernate.orm.jdbc.bind - binding parameter (1:BIGINT) <- [1]
08:50:56.129 [https-jsse-nio-8443-exec-4] TRACE org.hibernate.orm.jdbc.extract - extracted value (9:BIGINT) -> [null]
08:50:56.129 [https-jsse-nio-8443-exec-4] TRACE org.hibernate.orm.jdbc.extract - extracted value (1:BIGINT) -> [2]
08:50:56.129 [https-jsse-nio-8443-exec-4] TRACE org.hibernate.orm.jdbc.extract - extracted value (2:TIMESTAMP) -> [2025-11-30T23:36:19.199976]
08:50:56.129 [https-jsse-nio-8443-exec-4] TRACE org.hibernate.orm.jdbc.extract - extracted value (3:BOOLEAN) -> [false]
08:50:56.129 [https-jsse-nio-8443-exec-4] TRACE org.hibernate.orm.jdbc.extract - extracted value (4:VARCHAR) -> [null]
08:50:56.129 [https-jsse-nio-8443-exec-4] TRACE org.hibernate.orm.jdbc.extract - extracted value (5:VARCHAR) -> [null]
08:50:56.129 [https-jsse-nio-8443-exec-4] TRACE org.hibernate.orm.jdbc.extract - extracted value (6:VARCHAR) -> [p3.jpg]
08:50:56.129 [https-jsse-nio-8443-exec-4] TRACE org.hibernate.orm.jdbc.extract - extracted value (7:BIGINT) -> [183499]
08:50:56.129 [https-jsse-nio-8443-exec-4] TRACE org.hibernate.orm.jdbc.extract - extracted value (8:TINYINT) -> [JPG]
08:50:56.129 [https-jsse-nio-8443-exec-4] TRACE org.hibernate.orm.jdbc.extract - extracted value (10:VARCHAR) -> [692ca3bbe154d309f2383254]
08:50:56.129 [https-jsse-nio-8443-exec-6] TRACE org.hibernate.orm.jdbc.extract - extracted value (9:BIGINT) -> [null]
08:50:56.129 [https-jsse-nio-8443-exec-6] TRACE org.hibernate.orm.jdbc.extract - extracted value (1:BIGINT) -> [1]
08:50:56.129 [https-jsse-nio-8443-exec-6] TRACE org.hibernate.orm.jdbc.extract - extracted value (2:TIMESTAMP) -> [2025-11-30T21:34:06.885794]
08:50:56.130 [https-jsse-nio-8443-exec-6] TRACE org.hibernate.orm.jdbc.extract - extracted value (3:BOOLEAN) -> [false]
08:50:56.130 [https-jsse-nio-8443-exec-6] TRACE org.hibernate.orm.jdbc.extract - extracted value (4:VARCHAR) -> [null]
08:50:56.130 [https-jsse-nio-8443-exec-6] TRACE org.hibernate.orm.jdbc.extract - extracted value (5:VARCHAR) -> [null]
08:50:56.130 [https-jsse-nio-8443-exec-6] TRACE org.hibernate.orm.jdbc.extract - extracted value (6:VARCHAR) -> [p11.jpg]
08:50:56.130 [https-jsse-nio-8443-exec-6] TRACE org.hibernate.orm.jdbc.extract - extracted value (7:BIGINT) -> [344907]
08:50:56.130 [https-jsse-nio-8443-exec-6] TRACE org.hibernate.orm.jdbc.extract - extracted value (8:TINYINT) -> [JPG]
08:50:56.130 [https-jsse-nio-8443-exec-6] TRACE org.hibernate.orm.jdbc.extract - extracted value (10:VARCHAR) -> [692c8716b11dee799d876613]
08:50:56.132 [https-jsse-nio-8443-exec-4] INFO  i.c.exception.ResponseAspect - Web Controller: getProfilePicture
08:50:56.132 [https-jsse-nio-8443-exec-6] INFO  i.c.exception.ResponseAspect - Web Controller: getProfilePicture
08:50:56.358 [org.springframework.kafka.KafkaListenerEndpointContainer#0-0-C-1] INFO  o.apache.kafka.clients.NetworkClient - [Consumer clientId=consumer-building-service-updater-1, groupId=building-service-updater] Node -1 disconnected.
08:50:56.358 [org.springframework.kafka.KafkaListenerEndpointContainer#0-0-C-1] WARN  o.apache.kafka.clients.NetworkClient - [Consumer clientId=consumer-building-service-updater-1, groupId=building-service-updater] Connection to node -1 (localhost/127.0.0.1:9092) could not be established. Node may not be available.
08:50:56.358 [org.springframework.kafka.KafkaListenerEndpointContainer#0-0-C-1] WARN  o.apache.kafka.clients.NetworkClient - [Consumer clientId=consumer-building-service-updater-1, groupId=building-service-updater] Bootstrap broker localhost:9092 (id: -1 rack: null) disconnected
08:50:57.183 [org.springframework.kafka.KafkaListenerEndpointContainer#0-0-C-1] INFO  o.apache.kafka.clients.NetworkClient - [Consumer clientId=consumer-building-service-updater-1, groupId=building-service-updater] Node -1 disconnected.
08:50:57.183 [org.springframework.kafka.KafkaListenerEndpointContainer#0-0-C-1] WARN  o.apache.kafka.clients.NetworkClient - [Consumer clientId=consumer-building-service-updater-1, groupId=building-service-updater] Connection to node -1 (localhost/127.0.0.1:9092) could not be established. Node may not be available.
08:50:57.183 [org.springframework.kafka.KafkaListenerEndpointContainer#0-0-C-1] WARN  o.apache.kafka.clients.NetworkClient - [Consumer clientId=consumer-building-service-updater-1, groupId=building-service-updater] Bootstrap broker localhost:9092 (id: -1 rack: null) disconnected
08:50:58.113 [org.springframework.kafka.KafkaListenerEndpointContainer#0-0-C-1] INFO  o.apache.kafka.clients.NetworkClient - [Consumer clientId=consumer-building-service-updater-1, groupId=building-service-updater] Node -1 disconnected.
08:50:58.113 [org.springframework.kafka.KafkaListenerEndpointContainer#0-0-C-1] WARN  o.apache.kafka.clients.NetworkClient - [Consumer clientId=consumer-building-service-updater-1, groupId=building-service-updater] Connection to node -1 (localhost/127.0.0.1:9092) could not be established. Node may not be available.
08:50:58.113 [org.springframework.kafka.KafkaListenerEndpointContainer#0-0-C-1] WARN  o.apache.kafka.clients.NetworkClient - [Consumer clientId=consumer-building-service-updater-1, groupId=building-service-updater] Bootstrap broker localhost:9092 (id: -1 rack: null) disconnected
08:50:59.064 [org.springframework.kafka.KafkaListenerEndpointContainer#0-0-C-1] INFO  o.apache.kafka.clients.NetworkClient - [Consumer clientId=consumer-building-service-updater-1, groupId=building-service-updater] Node -1 disconnected.
08:50:59.064 [org.springframework.kafka.KafkaListenerEndpointContainer#0-0-C-1] WARN  o.apache.kafka.clients.NetworkClient - [Consumer clientId=consumer-building-service-updater-1, groupId=building-service-updater] Connection to node -1 (localhost/127.0.0.1:9092) could not be established. Node may not be available.
08:50:59.064 [org.springframework.kafka.KafkaListenerEndpointContainer#0-0-C-1] WARN  o.apache.kafka.clients.NetworkClient - [Consumer clientId=consumer-building-service-updater-1, groupId=building-service-updater] Bootstrap broker localhost:9092 (id: -1 rack: null) disconnected
08:50:59.923 [org.springframework.kafka.KafkaListenerEndpointContainer#0-0-C-1] INFO  o.apache.kafka.clients.NetworkClient - [Consumer clientId=consumer-building-service-updater-1, groupId=building-service-updater] Node -1 disconnected.
08:50:59.923 [org.springframework.kafka.KafkaListenerEndpointContainer#0-0-C-1] WARN  o.apache.kafka.clients.NetworkClient - [Consumer clientId=consumer-building-service-updater-1, groupId=building-service-updater] Connection to node -1 (localhost/127.0.0.1:9092) could not be established. Node may not be available.
08:50:59.923 [org.springframework.kafka.KafkaListenerEndpointContainer#0-0-C-1] WARN  o.apache.kafka.clients.NetworkClient - [Consumer clientId=consumer-building-service-updater-1, groupId=building-service-updater] Bootstrap broker localhost:9092 (id: -1 rack: null) disconnected
08:51:00.784 [org.springframework.kafka.KafkaListenerEndpointContainer#0-0-C-1] INFO  o.apache.kafka.clients.NetworkClient - [Consumer clientId=consumer-building-service-updater-1, groupId=building-service-updater] Node -1 disconnected.
08:51:00.784 [org.springframework.kafka.KafkaListenerEndpointContainer#0-0-C-1] WARN  o.apache.kafka.clients.NetworkClient - [Consumer clientId=consumer-building-service-updater-1, groupId=building-service-updater] Connection to node -1 (localhost/127.0.0.1:9092) could not be established. Node may not be available.
08:51:00.784 [org.springframework.kafka.KafkaListenerEndpointContainer#0-0-C-1] WARN  o.apache.kafka.clients.NetworkClient - [Consumer clientId=consumer-building-service-updater-1, groupId=building-service-updater] Bootstrap broker localhost:9092 (id: -1 rack: null) disconnected
08:51:01.790 [org.springframework.kafka.KafkaListenerEndpointContainer#0-0-C-1] INFO  o.apache.kafka.clients.NetworkClient - [Consumer clientId=consumer-building-service-updater-1, groupId=building-service-updater] Node -1 disconnected.
08:51:01.790 [org.springframework.kafka.KafkaListenerEndpointContainer#0-0-C-1] WARN  o.apache.kafka.clients.NetworkClient - [Consumer clientId=consumer-building-service-updater-1, groupId=building-service-updater] Connection to node -1 (localhost/127.0.0.1:9092) could not be established. Node may not be available.
08:51:01.790 [org.springframework.kafka.KafkaListenerEndpointContainer#0-0-C-1] WARN  o.apache.kafka.clients.NetworkClient - [Consumer clientId=consumer-building-service-updater-1, groupId=building-service-updater] Bootstrap broker localhost:9092 (id: -1 rack: null) disconnected
08:51:02.763 [org.springframework.kafka.KafkaListenerEndpointContainer#0-0-C-1] INFO  o.apache.kafka.clients.NetworkClient - [Consumer clientId=consumer-building-service-updater-1, groupId=building-service-updater] Node -1 disconnected.
08:51:02.763 [org.springframework.kafka.KafkaListenerEndpointContainer#0-0-C-1] WARN  o.apache.kafka.clients.NetworkClient - [Consumer clientId=consumer-building-service-updater-1, groupId=building-service-updater] Connection to node -1 (localhost/127.0.0.1:9092) could not be established. Node may not be available.
08:51:02.763 [org.springframework.kafka.KafkaListenerEndpointContainer#0-0-C-1] WARN  o.apache.kafka.clients.NetworkClient - [Consumer clientId=consumer-building-service-updater-1, groupId=building-service-updater] Bootstrap broker localhost:9092 (id: -1 rack: null) disconnected
08:51:03.759 [org.springframework.kafka.KafkaListenerEndpointContainer#0-0-C-1] INFO  o.apache.kafka.clients.NetworkClient - [Consumer clientId=consumer-building-service-updater-1, groupId=building-service-updater] Node -1 disconnected.
08:51:03.759 [org.springframework.kafka.KafkaListenerEndpointContainer#0-0-C-1] WARN  o.apache.kafka.clients.NetworkClient - [Consumer clientId=consumer-building-service-updater-1, groupId=building-service-updater] Connection to node -1 (localhost/127.0.0.1:9092) could not be established. Node may not be available.
08:51:03.759 [org.springframework.kafka.KafkaListenerEndpointContainer#0-0-C-1] WARN  o.apache.kafka.clients.NetworkClient - [Consumer clientId=consumer-building-service-updater-1, groupId=building-service-updater] Bootstrap broker localhost:9092 (id: -1 rack: null) disconnected
08:51:03.975 [https-jsse-nio-8443-exec-7] DEBUG o.s.security.web.FilterChainProxy - Securing GET /buildings
08:51:03.975 [https-jsse-nio-8443-exec-7] DEBUG o.s.s.w.a.c.ChannelProcessingFilter - Request: filter invocation [GET /buildings]; ConfigAttributes: [REQUIRES_SECURE_CHANNEL]
08:51:03.976 [https-jsse-nio-8443-exec-7] DEBUG o.s.s.w.c.HttpSessionSecurityContextRepository - Retrieved SecurityContextImpl [Authentication=UsernamePasswordAuthenticationToken [Principal=ir.model.entity.CustomUserDetails@4a81877d, Credentials=[PROTECTED], Authenticated=true, Details=WebAuthenticationDetails [RemoteIpAddress=0:0:0:0:0:0:0:1, SessionId=F5FA942712FD3296F7514915924D4DFF], Granted Authorities=[TICKET_EDIT, BUILDING_CREATE, ROLE_ADMIN, TICKET_CREATE, TICKET_DELETE]]]
08:51:03.976 [https-jsse-nio-8443-exec-7] DEBUG o.s.security.web.FilterChainProxy - Secured GET /buildings
08:51:03.978 [https-jsse-nio-8443-exec-7] DEBUG o.s.jdbc.datasource.DataSourceUtils - Setting JDBC Connection [HikariProxyConnection@128875012 wrapping oracle.jdbc.driver.T4CConnection@351c9402] read-only
08:51:03.979 [https-jsse-nio-8443-exec-7] DEBUG o.h.e.t.internal.TransactionImpl - On TransactionImpl creation, JpaCompliance#isJpaTransactionComplianceEnabled == false
08:51:03.979 [https-jsse-nio-8443-exec-7] DEBUG o.h.e.t.internal.TransactionImpl - begin
08:51:03.982 [https-jsse-nio-8443-exec-7] DEBUG org.hibernate.SQL - 
    /* <criteria> */ select
        b1_0.id,
        b1_0.address_id,
        b1_0.deleted,
        b1_0.title 
    from
        building_table b1_0 
    where
        (
            b1_0.deleted = 0
        ) 
    order by
        b1_0.title 
    offset
        ? rows 
    fetch
        first ? rows only
08:51:03.982 [https-jsse-nio-8443-exec-7] TRACE org.hibernate.orm.jdbc.bind - binding parameter (1:INTEGER) <- [0]
08:51:03.982 [https-jsse-nio-8443-exec-7] TRACE org.hibernate.orm.jdbc.bind - binding parameter (2:INTEGER) <- [10]
08:51:03.983 [https-jsse-nio-8443-exec-7] DEBUG o.h.e.t.internal.TransactionImpl - committing
08:51:03.984 [https-jsse-nio-8443-exec-7] DEBUG o.s.jdbc.datasource.DataSourceUtils - Resetting read-only flag of JDBC Connection [HikariProxyConnection@128875012 wrapping oracle.jdbc.driver.T4CConnection@351c9402]
08:51:03.984 [https-jsse-nio-8443-exec-7] INFO  i.c.exception.ResponseAspect - Web Controller: rolesList
08:51:04.017 [https-jsse-nio-8443-exec-5] DEBUG o.s.security.web.FilterChainProxy - Securing GET /css/reset.css
08:51:04.017 [https-jsse-nio-8443-exec-9] DEBUG o.s.security.web.FilterChainProxy - Securing GET /css/fontawesome.css
08:51:04.017 [https-jsse-nio-8443-exec-8] DEBUG o.s.security.web.FilterChainProxy - Securing GET /css/bootstrap.min.css
08:51:04.017 [https-jsse-nio-8443-exec-5] DEBUG o.s.s.w.a.c.ChannelProcessingFilter - Request: filter invocation [GET /css/reset.css]; ConfigAttributes: [REQUIRES_SECURE_CHANNEL]
08:51:04.017 [https-jsse-nio-8443-exec-9] DEBUG o.s.s.w.a.c.ChannelProcessingFilter - Request: filter invocation [GET /css/fontawesome.css]; ConfigAttributes: [REQUIRES_SECURE_CHANNEL]
08:51:04.017 [https-jsse-nio-8443-exec-8] DEBUG o.s.s.w.a.c.ChannelProcessingFilter - Request: filter invocation [GET /css/bootstrap.min.css]; ConfigAttributes: [REQUIRES_SECURE_CHANNEL]
08:51:04.017 [https-jsse-nio-8443-exec-1] DEBUG o.s.security.web.FilterChainProxy - Securing GET /css/fonts.min.css
08:51:04.017 [https-jsse-nio-8443-exec-10] DEBUG o.s.security.web.FilterChainProxy - Securing GET /css/toast.css
08:51:04.018 [https-jsse-nio-8443-exec-1] DEBUG o.s.s.w.a.c.ChannelProcessingFilter - Request: filter invocation [GET /css/fonts.min.css]; ConfigAttributes: [REQUIRES_SECURE_CHANNEL]
08:51:04.018 [https-jsse-nio-8443-exec-10] DEBUG o.s.s.w.a.c.ChannelProcessingFilter - Request: filter invocation [GET /css/toast.css]; ConfigAttributes: [REQUIRES_SECURE_CHANNEL]
08:51:04.018 [https-jsse-nio-8443-exec-2] DEBUG o.s.security.web.FilterChainProxy - Securing GET /css/styles.css
08:51:04.018 [https-jsse-nio-8443-exec-2] DEBUG o.s.s.w.a.c.ChannelProcessingFilter - Request: filter invocation [GET /css/styles.css]; ConfigAttributes: [REQUIRES_SECURE_CHANNEL]
08:51:04.018 [https-jsse-nio-8443-exec-9] DEBUG o.s.security.web.FilterChainProxy - Secured GET /css/fontawesome.css
08:51:04.018 [https-jsse-nio-8443-exec-8] DEBUG o.s.security.web.FilterChainProxy - Secured GET /css/bootstrap.min.css
08:51:04.018 [https-jsse-nio-8443-exec-5] DEBUG o.s.security.web.FilterChainProxy - Secured GET /css/reset.css
08:51:04.018 [https-jsse-nio-8443-exec-1] DEBUG o.s.security.web.FilterChainProxy - Secured GET /css/fonts.min.css
08:51:04.018 [https-jsse-nio-8443-exec-10] DEBUG o.s.security.web.FilterChainProxy - Secured GET /css/toast.css
08:51:04.018 [https-jsse-nio-8443-exec-2] DEBUG o.s.security.web.FilterChainProxy - Secured GET /css/styles.css
08:51:04.019 [https-jsse-nio-8443-exec-5] DEBUG o.s.s.w.c.HttpSessionSecurityContextRepository - Retrieved SecurityContextImpl [Authentication=UsernamePasswordAuthenticationToken [Principal=ir.model.entity.CustomUserDetails@4a81877d, Credentials=[PROTECTED], Authenticated=true, Details=WebAuthenticationDetails [RemoteIpAddress=0:0:0:0:0:0:0:1, SessionId=F5FA942712FD3296F7514915924D4DFF], Granted Authorities=[TICKET_EDIT, BUILDING_CREATE, ROLE_ADMIN, TICKET_CREATE, TICKET_DELETE]]]
08:51:04.019 [https-jsse-nio-8443-exec-10] DEBUG o.s.s.w.c.HttpSessionSecurityContextRepository - Retrieved SecurityContextImpl [Authentication=UsernamePasswordAuthenticationToken [Principal=ir.model.entity.CustomUserDetails@4a81877d, Credentials=[PROTECTED], Authenticated=true, Details=WebAuthenticationDetails [RemoteIpAddress=0:0:0:0:0:0:0:1, SessionId=F5FA942712FD3296F7514915924D4DFF], Granted Authorities=[TICKET_EDIT, BUILDING_CREATE, ROLE_ADMIN, TICKET_CREATE, TICKET_DELETE]]]
08:51:04.020 [https-jsse-nio-8443-exec-1] DEBUG o.s.s.w.c.HttpSessionSecurityContextRepository - Retrieved SecurityContextImpl [Authentication=UsernamePasswordAuthenticationToken [Principal=ir.model.entity.CustomUserDetails@4a81877d, Credentials=[PROTECTED], Authenticated=true, Details=WebAuthenticationDetails [RemoteIpAddress=0:0:0:0:0:0:0:1, SessionId=F5FA942712FD3296F7514915924D4DFF], Granted Authorities=[TICKET_EDIT, BUILDING_CREATE, ROLE_ADMIN, TICKET_CREATE, TICKET_DELETE]]]
08:51:04.020 [https-jsse-nio-8443-exec-2] DEBUG o.s.s.w.c.HttpSessionSecurityContextRepository - Retrieved SecurityContextImpl [Authentication=UsernamePasswordAuthenticationToken [Principal=ir.model.entity.CustomUserDetails@4a81877d, Credentials=[PROTECTED], Authenticated=true, Details=WebAuthenticationDetails [RemoteIpAddress=0:0:0:0:0:0:0:1, SessionId=F5FA942712FD3296F7514915924D4DFF], Granted Authorities=[TICKET_EDIT, BUILDING_CREATE, ROLE_ADMIN, TICKET_CREATE, TICKET_DELETE]]]
08:51:04.023 [https-jsse-nio-8443-exec-3] DEBUG o.s.security.web.FilterChainProxy - Securing GET /icons/mftlogo.png
08:51:04.023 [https-jsse-nio-8443-exec-4] DEBUG o.s.security.web.FilterChainProxy - Securing GET /js/bootstrap.bundle.min.js
08:51:04.023 [https-jsse-nio-8443-exec-7] DEBUG o.s.security.web.FilterChainProxy - Securing GET /js/toast.js
08:51:04.023 [https-jsse-nio-8443-exec-6] DEBUG o.s.security.web.FilterChainProxy - Securing GET /js/fontawesome.js
08:51:04.023 [https-jsse-nio-8443-exec-3] DEBUG o.s.s.w.a.c.ChannelProcessingFilter - Request: filter invocation [GET /icons/mftlogo.png]; ConfigAttributes: [REQUIRES_SECURE_CHANNEL]
08:51:04.023 [https-jsse-nio-8443-exec-4] DEBUG o.s.s.w.a.c.ChannelProcessingFilter - Request: filter invocation [GET /js/bootstrap.bundle.min.js]; ConfigAttributes: [REQUIRES_SECURE_CHANNEL]
08:51:04.023 [https-jsse-nio-8443-exec-7] DEBUG o.s.s.w.a.c.ChannelProcessingFilter - Request: filter invocation [GET /js/toast.js]; ConfigAttributes: [REQUIRES_SECURE_CHANNEL]
08:51:04.023 [https-jsse-nio-8443-exec-6] DEBUG o.s.s.w.a.c.ChannelProcessingFilter - Request: filter invocation [GET /js/fontawesome.js]; ConfigAttributes: [REQUIRES_SECURE_CHANNEL]
08:51:04.024 [https-jsse-nio-8443-exec-4] DEBUG o.s.security.web.FilterChainProxy - Secured GET /js/bootstrap.bundle.min.js
08:51:04.024 [https-jsse-nio-8443-exec-7] DEBUG o.s.security.web.FilterChainProxy - Secured GET /js/toast.js
08:51:04.024 [https-jsse-nio-8443-exec-6] DEBUG o.s.security.web.FilterChainProxy - Secured GET /js/fontawesome.js
08:51:04.024 [https-jsse-nio-8443-exec-3] DEBUG o.s.security.web.FilterChainProxy - Secured GET /icons/mftlogo.png
08:51:04.025 [https-jsse-nio-8443-exec-7] DEBUG o.s.s.w.c.HttpSessionSecurityContextRepository - Retrieved SecurityContextImpl [Authentication=UsernamePasswordAuthenticationToken [Principal=ir.model.entity.CustomUserDetails@4a81877d, Credentials=[PROTECTED], Authenticated=true, Details=WebAuthenticationDetails [RemoteIpAddress=0:0:0:0:0:0:0:1, SessionId=F5FA942712FD3296F7514915924D4DFF], Granted Authorities=[TICKET_EDIT, BUILDING_CREATE, ROLE_ADMIN, TICKET_CREATE, TICKET_DELETE]]]
08:51:04.027 [https-jsse-nio-8443-exec-3] DEBUG o.s.s.w.c.HttpSessionSecurityContextRepository - Retrieved SecurityContextImpl [Authentication=UsernamePasswordAuthenticationToken [Principal=ir.model.entity.CustomUserDetails@4a81877d, Credentials=[PROTECTED], Authenticated=true, Details=WebAuthenticationDetails [RemoteIpAddress=0:0:0:0:0:0:0:1, SessionId=F5FA942712FD3296F7514915924D4DFF], Granted Authorities=[TICKET_EDIT, BUILDING_CREATE, ROLE_ADMIN, TICKET_CREATE, TICKET_DELETE]]]
08:51:04.027 [https-jsse-nio-8443-exec-10] DEBUG o.s.security.web.FilterChainProxy - Securing GET /js/script.js
08:51:04.027 [https-jsse-nio-8443-exec-10] DEBUG o.s.s.w.a.c.ChannelProcessingFilter - Request: filter invocation [GET /js/script.js]; ConfigAttributes: [REQUIRES_SECURE_CHANNEL]
08:51:04.028 [https-jsse-nio-8443-exec-10] DEBUG o.s.security.web.FilterChainProxy - Secured GET /js/script.js
08:51:04.028 [https-jsse-nio-8443-exec-5] DEBUG o.s.security.web.FilterChainProxy - Securing GET /js/buildings-api.js
08:51:04.028 [https-jsse-nio-8443-exec-5] DEBUG o.s.s.w.a.c.ChannelProcessingFilter - Request: filter invocation [GET /js/buildings-api.js]; ConfigAttributes: [REQUIRES_SECURE_CHANNEL]
08:51:04.029 [https-jsse-nio-8443-exec-5] DEBUG o.s.security.web.FilterChainProxy - Secured GET /js/buildings-api.js
08:51:04.030 [https-jsse-nio-8443-exec-10] DEBUG o.s.s.w.c.HttpSessionSecurityContextRepository - Retrieved SecurityContextImpl [Authentication=UsernamePasswordAuthenticationToken [Principal=ir.model.entity.CustomUserDetails@4a81877d, Credentials=[PROTECTED], Authenticated=true, Details=WebAuthenticationDetails [RemoteIpAddress=0:0:0:0:0:0:0:1, SessionId=F5FA942712FD3296F7514915924D4DFF], Granted Authorities=[TICKET_EDIT, BUILDING_CREATE, ROLE_ADMIN, TICKET_CREATE, TICKET_DELETE]]]
08:51:04.030 [https-jsse-nio-8443-exec-4] DEBUG o.s.s.w.c.HttpSessionSecurityContextRepository - Retrieved SecurityContextImpl [Authentication=UsernamePasswordAuthenticationToken [Principal=ir.model.entity.CustomUserDetails@4a81877d, Credentials=[PROTECTED], Authenticated=true, Details=WebAuthenticationDetails [RemoteIpAddress=0:0:0:0:0:0:0:1, SessionId=F5FA942712FD3296F7514915924D4DFF], Granted Authorities=[TICKET_EDIT, BUILDING_CREATE, ROLE_ADMIN, TICKET_CREATE, TICKET_DELETE]]]
08:51:04.030 [https-jsse-nio-8443-exec-5] DEBUG o.s.s.w.c.HttpSessionSecurityContextRepository - Retrieved SecurityContextImpl [Authentication=UsernamePasswordAuthenticationToken [Principal=ir.model.entity.CustomUserDetails@4a81877d, Credentials=[PROTECTED], Authenticated=true, Details=WebAuthenticationDetails [RemoteIpAddress=0:0:0:0:0:0:0:1, SessionId=F5FA942712FD3296F7514915924D4DFF], Granted Authorities=[TICKET_EDIT, BUILDING_CREATE, ROLE_ADMIN, TICKET_CREATE, TICKET_DELETE]]]
08:51:04.031 [https-jsse-nio-8443-exec-5] DEBUG o.s.security.web.FilterChainProxy - Securing GET /error
08:51:04.031 [https-jsse-nio-8443-exec-5] DEBUG o.s.s.w.a.c.ChannelProcessingFilter - Request: filter invocation [GET /error]; ConfigAttributes: [REQUIRES_SECURE_CHANNEL]
08:51:04.032 [https-jsse-nio-8443-exec-5] DEBUG o.s.s.w.c.HttpSessionSecurityContextRepository - Retrieved SecurityContextImpl [Authentication=UsernamePasswordAuthenticationToken [Principal=ir.model.entity.CustomUserDetails@4a81877d, Credentials=[PROTECTED], Authenticated=true, Details=WebAuthenticationDetails [RemoteIpAddress=0:0:0:0:0:0:0:1, SessionId=F5FA942712FD3296F7514915924D4DFF], Granted Authorities=[TICKET_EDIT, BUILDING_CREATE, ROLE_ADMIN, TICKET_CREATE, TICKET_DELETE]]]
08:51:04.032 [https-jsse-nio-8443-exec-8] DEBUG o.s.s.w.c.HttpSessionSecurityContextRepository - Retrieved SecurityContextImpl [Authentication=UsernamePasswordAuthenticationToken [Principal=ir.model.entity.CustomUserDetails@4a81877d, Credentials=[PROTECTED], Authenticated=true, Details=WebAuthenticationDetails [RemoteIpAddress=0:0:0:0:0:0:0:1, SessionId=F5FA942712FD3296F7514915924D4DFF], Granted Authorities=[TICKET_EDIT, BUILDING_CREATE, ROLE_ADMIN, TICKET_CREATE, TICKET_DELETE]]]
08:51:04.032 [https-jsse-nio-8443-exec-5] DEBUG o.s.security.web.FilterChainProxy - Secured GET /error
08:51:04.045 [https-jsse-nio-8443-exec-9] DEBUG o.s.s.w.c.HttpSessionSecurityContextRepository - Retrieved SecurityContextImpl [Authentication=UsernamePasswordAuthenticationToken [Principal=ir.model.entity.CustomUserDetails@4a81877d, Credentials=[PROTECTED], Authenticated=true, Details=WebAuthenticationDetails [RemoteIpAddress=0:0:0:0:0:0:0:1, SessionId=F5FA942712FD3296F7514915924D4DFF], Granted Authorities=[TICKET_EDIT, BUILDING_CREATE, ROLE_ADMIN, TICKET_CREATE, TICKET_DELETE]]]
08:51:04.070 [https-jsse-nio-8443-exec-1] DEBUG o.s.security.web.FilterChainProxy - Securing GET /webfonts/fa-solid-900.woff2
08:51:04.070 [https-jsse-nio-8443-exec-2] DEBUG o.s.security.web.FilterChainProxy - Securing GET /webfonts/fa-brands-400.woff2
08:51:04.070 [https-jsse-nio-8443-exec-2] DEBUG o.s.s.w.a.c.ChannelProcessingFilter - Request: filter invocation [GET /webfonts/fa-brands-400.woff2]; ConfigAttributes: [REQUIRES_SECURE_CHANNEL]
08:51:04.070 [https-jsse-nio-8443-exec-1] DEBUG o.s.s.w.a.c.ChannelProcessingFilter - Request: filter invocation [GET /webfonts/fa-solid-900.woff2]; ConfigAttributes: [REQUIRES_SECURE_CHANNEL]
08:51:04.071 [https-jsse-nio-8443-exec-2] DEBUG o.s.s.w.c.HttpSessionSecurityContextRepository - Retrieved SecurityContextImpl [Authentication=UsernamePasswordAuthenticationToken [Principal=ir.model.entity.CustomUserDetails@4a81877d, Credentials=[PROTECTED], Authenticated=true, Details=WebAuthenticationDetails [RemoteIpAddress=0:0:0:0:0:0:0:1, SessionId=F5FA942712FD3296F7514915924D4DFF], Granted Authorities=[TICKET_EDIT, BUILDING_CREATE, ROLE_ADMIN, TICKET_CREATE, TICKET_DELETE]]]
08:51:04.071 [https-jsse-nio-8443-exec-1] DEBUG o.s.s.w.c.HttpSessionSecurityContextRepository - Retrieved SecurityContextImpl [Authentication=UsernamePasswordAuthenticationToken [Principal=ir.model.entity.CustomUserDetails@4a81877d, Credentials=[PROTECTED], Authenticated=true, Details=WebAuthenticationDetails [RemoteIpAddress=0:0:0:0:0:0:0:1, SessionId=F5FA942712FD3296F7514915924D4DFF], Granted Authorities=[TICKET_EDIT, BUILDING_CREATE, ROLE_ADMIN, TICKET_CREATE, TICKET_DELETE]]]
08:51:04.071 [https-jsse-nio-8443-exec-2] DEBUG o.s.security.web.FilterChainProxy - Secured GET /webfonts/fa-brands-400.woff2
08:51:04.071 [https-jsse-nio-8443-exec-1] DEBUG o.s.security.web.FilterChainProxy - Secured GET /webfonts/fa-solid-900.woff2
08:51:04.514 [https-jsse-nio-8443-exec-6] DEBUG o.s.s.w.c.HttpSessionSecurityContextRepository - Retrieved SecurityContextImpl [Authentication=UsernamePasswordAuthenticationToken [Principal=ir.model.entity.CustomUserDetails@4a81877d, Credentials=[PROTECTED], Authenticated=true, Details=WebAuthenticationDetails [RemoteIpAddress=0:0:0:0:0:0:0:1, SessionId=F5FA942712FD3296F7514915924D4DFF], Granted Authorities=[TICKET_EDIT, BUILDING_CREATE, ROLE_ADMIN, TICKET_CREATE, TICKET_DELETE]]]
08:51:04.774 [org.springframework.kafka.KafkaListenerEndpointContainer#0-0-C-1] INFO  o.apache.kafka.clients.NetworkClient - [Consumer clientId=consumer-building-service-updater-1, groupId=building-service-updater] Node -1 disconnected.
08:51:04.775 [org.springframework.kafka.KafkaListenerEndpointContainer#0-0-C-1] WARN  o.apache.kafka.clients.NetworkClient - [Consumer clientId=consumer-building-service-updater-1, groupId=building-service-updater] Connection to node -1 (localhost/127.0.0.1:9092) could not be established. Node may not be available.
08:51:04.775 [org.springframework.kafka.KafkaListenerEndpointContainer#0-0-C-1] WARN  o.apache.kafka.clients.NetworkClient - [Consumer clientId=consumer-building-service-updater-1, groupId=building-service-updater] Bootstrap broker localhost:9092 (id: -1 rack: null) disconnected
08:51:05.595 [org.springframework.kafka.KafkaListenerEndpointContainer#0-0-C-1] INFO  o.apache.kafka.clients.NetworkClient - [Consumer clientId=consumer-building-service-updater-1, groupId=building-service-updater] Node -1 disconnected.
08:51:05.595 [org.springframework.kafka.KafkaListenerEndpointContainer#0-0-C-1] WARN  o.apache.kafka.clients.NetworkClient - [Consumer clientId=consumer-building-service-updater-1, groupId=building-service-updater] Connection to node -1 (localhost/127.0.0.1:9092) could not be established. Node may not be available.
08:51:05.595 [org.springframework.kafka.KafkaListenerEndpointContainer#0-0-C-1] WARN  o.apache.kafka.clients.NetworkClient - [Consumer clientId=consumer-building-service-updater-1, groupId=building-service-updater] Bootstrap broker localhost:9092 (id: -1 rack: null) disconnected
08:51:06.462 [org.springframework.kafka.KafkaListenerEndpointContainer#0-0-C-1] INFO  o.apache.kafka.clients.NetworkClient - [Consumer clientId=consumer-building-service-updater-1, groupId=building-service-updater] Node -1 disconnected.
08:51:06.462 [org.springframework.kafka.KafkaListenerEndpointContainer#0-0-C-1] WARN  o.apache.kafka.clients.NetworkClient - [Consumer clientId=consumer-building-service-updater-1, groupId=building-service-updater] Connection to node -1 (localhost/127.0.0.1:9092) could not be established. Node may not be available.
08:51:06.462 [org.springframework.kafka.KafkaListenerEndpointContainer#0-0-C-1] WARN  o.apache.kafka.clients.NetworkClient - [Consumer clientId=consumer-building-service-updater-1, groupId=building-service-updater] Bootstrap broker localhost:9092 (id: -1 rack: null) disconnected
08:51:07.501 [org.springframework.kafka.KafkaListenerEndpointContainer#0-0-C-1] INFO  o.apache.kafka.clients.NetworkClient - [Consumer clientId=consumer-building-service-updater-1, groupId=building-service-updater] Node -1 disconnected.
08:51:07.501 [org.springframework.kafka.KafkaListenerEndpointContainer#0-0-C-1] WARN  o.apache.kafka.clients.NetworkClient - [Consumer clientId=consumer-building-service-updater-1, groupId=building-service-updater] Connection to node -1 (localhost/127.0.0.1:9092) could not be established. Node may not be available.
08:51:07.501 [org.springframework.kafka.KafkaListenerEndpointContainer#0-0-C-1] WARN  o.apache.kafka.clients.NetworkClient - [Consumer clientId=consumer-building-service-updater-1, groupId=building-service-updater] Bootstrap broker localhost:9092 (id: -1 rack: null) disconnected
08:51:08.515 [org.springframework.kafka.KafkaListenerEndpointContainer#0-0-C-1] INFO  o.apache.kafka.clients.NetworkClient - [Consumer clientId=consumer-building-service-updater-1, groupId=building-service-updater] Node -1 disconnected.
08:51:08.515 [org.springframework.kafka.KafkaListenerEndpointContainer#0-0-C-1] WARN  o.apache.kafka.clients.NetworkClient - [Consumer clientId=consumer-building-service-updater-1, groupId=building-service-updater] Connection to node -1 (localhost/127.0.0.1:9092) could not be established. Node may not be available.
08:51:08.515 [org.springframework.kafka.KafkaListenerEndpointContainer#0-0-C-1] WARN  o.apache.kafka.clients.NetworkClient - [Consumer clientId=consumer-building-service-updater-1, groupId=building-service-updater] Bootstrap broker localhost:9092 (id: -1 rack: null) disconnected
08:51:09.515 [org.springframework.kafka.KafkaListenerEndpointContainer#0-0-C-1] INFO  o.apache.kafka.clients.NetworkClient - [Consumer clientId=consumer-building-service-updater-1, groupId=building-service-updater] Node -1 disconnected.
08:51:09.515 [org.springframework.kafka.KafkaListenerEndpointContainer#0-0-C-1] WARN  o.apache.kafka.clients.NetworkClient - [Consumer clientId=consumer-building-service-updater-1, groupId=building-service-updater] Connection to node -1 (localhost/127.0.0.1:9092) could not be established. Node may not be available.
08:51:09.515 [org.springframework.kafka.KafkaListenerEndpointContainer#0-0-C-1] WARN  o.apache.kafka.clients.NetworkClient - [Consumer clientId=consumer-building-service-updater-1, groupId=building-service-updater] Bootstrap broker localhost:9092 (id: -1 rack: null) disconnected
08:51:10.527 [org.springframework.kafka.KafkaListenerEndpointContainer#0-0-C-1] INFO  o.apache.kafka.clients.NetworkClient - [Consumer clientId=consumer-building-service-updater-1, groupId=building-service-updater] Node -1 disconnected.
08:51:10.527 [org.springframework.kafka.KafkaListenerEndpointContainer#0-0-C-1] WARN  o.apache.kafka.clients.NetworkClient - [Consumer clientId=consumer-building-service-updater-1, groupId=building-service-updater] Connection to node -1 (localhost/127.0.0.1:9092) could not be established. Node may not be available.
08:51:10.527 [org.springframework.kafka.KafkaListenerEndpointContainer#0-0-C-1] WARN  o.apache.kafka.clients.NetworkClient - [Consumer clientId=consumer-building-service-updater-1, groupId=building-service-updater] Bootstrap broker localhost:9092 (id: -1 rack: null) disconnected
08:51:11.446 [org.springframework.kafka.KafkaListenerEndpointContainer#0-0-C-1] INFO  o.apache.kafka.clients.NetworkClient - [Consumer clientId=consumer-building-service-updater-1, groupId=building-service-updater] Node -1 disconnected.
08:51:11.446 [org.springframework.kafka.KafkaListenerEndpointContainer#0-0-C-1] WARN  o.apache.kafka.clients.NetworkClient - [Consumer clientId=consumer-building-service-updater-1, groupId=building-service-updater] Connection to node -1 (localhost/127.0.0.1:9092) could not be established. Node may not be available.
08:51:11.446 [org.springframework.kafka.KafkaListenerEndpointContainer#0-0-C-1] WARN  o.apache.kafka.clients.NetworkClient - [Consumer clientId=consumer-building-service-updater-1, groupId=building-service-updater] Bootstrap broker localhost:9092 (id: -1 rack: null) disconnected
08:51:12.356 [org.springframework.kafka.KafkaListenerEndpointContainer#0-0-C-1] INFO  o.apache.kafka.clients.NetworkClient - [Consumer clientId=consumer-building-service-updater-1, groupId=building-service-updater] Node -1 disconnected.
08:51:12.356 [org.springframework.kafka.KafkaListenerEndpointContainer#0-0-C-1] WARN  o.apache.kafka.clients.NetworkClient - [Consumer clientId=consumer-building-service-updater-1, groupId=building-service-updater] Connection to node -1 (localhost/127.0.0.1:9092) could not be established. Node may not be available.
08:51:12.356 [org.springframework.kafka.KafkaListenerEndpointContainer#0-0-C-1] WARN  o.apache.kafka.clients.NetworkClient - [Consumer clientId=consumer-building-service-updater-1, groupId=building-service-updater] Bootstrap broker localhost:9092 (id: -1 rack: null) disconnected
08:51:13.368 [org.springframework.kafka.KafkaListenerEndpointContainer#0-0-C-1] INFO  o.apache.kafka.clients.NetworkClient - [Consumer clientId=consumer-building-service-updater-1, groupId=building-service-updater] Node -1 disconnected.
08:51:13.368 [org.springframework.kafka.KafkaListenerEndpointContainer#0-0-C-1] WARN  o.apache.kafka.clients.NetworkClient - [Consumer clientId=consumer-building-service-updater-1, groupId=building-service-updater] Connection to node -1 (localhost/127.0.0.1:9092) could not be established. Node may not be available.
08:51:13.368 [org.springframework.kafka.KafkaListenerEndpointContainer#0-0-C-1] WARN  o.apache.kafka.clients.NetworkClient - [Consumer clientId=consumer-building-service-updater-1, groupId=building-service-updater] Bootstrap broker localhost:9092 (id: -1 rack: null) disconnected
08:51:13.753 [org.springframework.kafka.KafkaListenerEndpointContainer#0-0-C-1] INFO  o.a.k.c.c.i.ConsumerCoordinator - [Consumer clientId=consumer-building-service-updater-1, groupId=building-service-updater] Resetting generation and member id due to: consumer pro-actively leaving the group
08:51:13.753 [org.springframework.kafka.KafkaListenerEndpointContainer#0-0-C-1] INFO  o.a.k.c.c.i.ConsumerCoordinator - [Consumer clientId=consumer-building-service-updater-1, groupId=building-service-updater] Request joining group due to: consumer pro-actively leaving the group
08:51:13.753 [org.springframework.kafka.KafkaListenerEndpointContainer#0-0-C-1] INFO  o.a.k.c.c.i.LegacyKafkaConsumer - [Consumer clientId=consumer-building-service-updater-1, groupId=building-service-updater] Unsubscribed all topics or patterns and assigned partitions
08:51:13.754 [org.springframework.kafka.KafkaListenerEndpointContainer#0-0-C-1] INFO  o.a.k.c.c.i.ConsumerCoordinator - [Consumer clientId=consumer-building-service-updater-1, groupId=building-service-updater] Resetting generation and member id due to: consumer pro-actively leaving the group
08:51:13.754 [org.springframework.kafka.KafkaListenerEndpointContainer#0-0-C-1] INFO  o.a.k.c.c.i.ConsumerCoordinator - [Consumer clientId=consumer-building-service-updater-1, groupId=building-service-updater] Request joining group due to: consumer pro-actively leaving the group
08:51:13.757 [org.springframework.kafka.KafkaListenerEndpointContainer#0-0-C-1] INFO  o.a.kafka.common.metrics.Metrics - Metrics scheduler closed
08:51:13.757 [org.springframework.kafka.KafkaListenerEndpointContainer#0-0-C-1] INFO  o.a.kafka.common.metrics.Metrics - Closing reporter org.apache.kafka.common.metrics.JmxReporter
08:51:13.757 [org.springframework.kafka.KafkaListenerEndpointContainer#0-0-C-1] INFO  o.a.kafka.common.metrics.Metrics - Closing reporter org.apache.kafka.common.telemetry.internals.ClientTelemetryReporter
08:51:13.757 [org.springframework.kafka.KafkaListenerEndpointContainer#0-0-C-1] INFO  o.a.kafka.common.metrics.Metrics - Metrics reporters closed
08:51:13.761 [org.springframework.kafka.KafkaListenerEndpointContainer#0-0-C-1] INFO  o.a.kafka.common.utils.AppInfoParser - App info kafka.consumer for consumer-building-service-updater-1 unregistered
08:51:13.764 [org.springframework.kafka.KafkaListenerEndpointContainer#0-0-C-1] INFO  o.s.k.l.KafkaMessageListenerContainer - building-service-updater: Consumer stopped
08:51:13.767 [SpringApplicationShutdownHook] INFO  o.s.b.w.e.tomcat.GracefulShutdown - Commencing graceful shutdown. Waiting for active requests to complete
08:51:14.058 [tomcat-shutdown] INFO  o.s.b.w.e.tomcat.GracefulShutdown - Graceful shutdown complete
08:51:14.082 [SpringApplicationShutdownHook] INFO  o.s.o.j.LocalContainerEntityManagerFactoryBean - Closing JPA EntityManagerFactory for persistence unit 'default'
08:51:14.092 [SpringApplicationShutdownHook] INFO  com.zaxxer.hikari.HikariDataSource - HikariPool-1 - Shutdown initiated...
08:51:14.100 [SpringApplicationShutdownHook] INFO  com.zaxxer.hikari.HikariDataSource - HikariPool-1 - Shutdown completed.
