00:05:02.909 [background-preinit] INFO  o.h.validator.internal.util.Version - HV000001: Hibernate Validator 8.0.2.Final
00:05:02.945 [restartedMain] INFO  ir.TicketingSpringSample - Starting TicketingSpringSample using Java 17.0.12 with PID 1120 (D:\JAVA\MFT learning\projects\Spring\ticketing_spring_sample\target\classes started by arbab in D:\JAVA\MFT learning\projects\Spring\ticketing_spring_sample)
00:05:02.945 [restartedMain] INFO  ir.TicketingSpringSample - The following 1 profile is active: "dev"
00:05:02.991 [restartedMain] INFO  o.s.b.d.restart.ChangeableUrls - The Class-Path manifest attribute in C:\Users\arbab\.m2\repository\com\oracle\database\jdbc\ojdbc11\21.9.0.0\ojdbc11-21.9.0.0.jar referenced one or more files that do not exist: file:/C:/Users/arbab/.m2/repository/com/oracle/database/jdbc/ojdbc11/21.9.0.0/oraclepki.jar
00:05:03.002 [restartedMain] INFO  o.s.b.d.e.DevToolsPropertyDefaultsPostProcessor - Devtools property defaults active! Set 'spring.devtools.add-properties' to 'false' to disable
00:05:03.002 [restartedMain] INFO  o.s.b.d.e.DevToolsPropertyDefaultsPostProcessor - For additional web related logging consider setting the 'logging.level.web' property to 'DEBUG'
00:05:03.643 [restartedMain] INFO  o.s.b.f.s.DefaultListableBeanFactory - Overriding bean definition for bean 'localeResolver' with a different definition: replacing [Root bean: class=null; scope=; abstract=false; lazyInit=null; autowireMode=3; dependencyCheck=0; autowireCandidate=true; primary=false; fallback=false; factoryBeanName=org.springframework.web.servlet.config.annotation.DelegatingWebMvcConfiguration; factoryMethodName=localeResolver; initMethodNames=null; destroyMethodNames=[(inferred)]; defined in class path resource [org/springframework/web/servlet/config/annotation/DelegatingWebMvcConfiguration.class]] with [Root bean: class=null; scope=; abstract=false; lazyInit=null; autowireMode=3; dependencyCheck=0; autowireCandidate=true; primary=false; fallback=false; factoryBeanName=webConfig; factoryMethodName=localeResolver; initMethodNames=null; destroyMethodNames=[(inferred)]; defined in class path resource [ir/config/WebConfig.class]]
00:05:03.648 [restartedMain] INFO  o.s.d.r.c.RepositoryConfigurationDelegate - Multiple Spring Data modules found, entering strict repository configuration mode
00:05:03.648 [restartedMain] INFO  o.s.d.r.c.RepositoryConfigurationDelegate - Bootstrapping Spring Data JPA repositories in DEFAULT mode.
00:05:03.804 [restartedMain] INFO  o.s.d.r.c.RepositoryConfigurationDelegate - Finished Spring Data repository scanning in 148 ms. Found 8 JPA repository interfaces.
00:05:04.170 [restartedMain] INFO  o.s.d.r.c.RepositoryConfigurationDelegate - Multiple Spring Data modules found, entering strict repository configuration mode
00:05:04.171 [restartedMain] INFO  o.s.d.r.c.RepositoryConfigurationDelegate - Bootstrapping Spring Data MongoDB repositories in DEFAULT mode.
00:05:04.185 [restartedMain] INFO  o.s.d.r.c.RepositoryConfigurationExtensionSupport - Spring Data MongoDB - Could not safely identify store assignment for repository candidate interface ir.repository.AttachmentRepository; If you want this repository to be a MongoDB repository, consider annotating your entities with one of these annotations: org.springframework.data.mongodb.core.mapping.Document (preferred), or consider extending one of the following types with your repository: org.springframework.data.mongodb.repository.MongoRepository
00:05:04.185 [restartedMain] INFO  o.s.d.r.c.RepositoryConfigurationExtensionSupport - Spring Data MongoDB - Could not safely identify store assignment for repository candidate interface ir.repository.MessageRepository; If you want this repository to be a MongoDB repository, consider annotating your entities with one of these annotations: org.springframework.data.mongodb.core.mapping.Document (preferred), or consider extending one of the following types with your repository: org.springframework.data.mongodb.repository.MongoRepository
00:05:04.185 [restartedMain] INFO  o.s.d.r.c.RepositoryConfigurationExtensionSupport - Spring Data MongoDB - Could not safely identify store assignment for repository candidate interface ir.repository.PermissionRepository; If you want this repository to be a MongoDB repository, consider annotating your entities with one of these annotations: org.springframework.data.mongodb.core.mapping.Document (preferred), or consider extending one of the following types with your repository: org.springframework.data.mongodb.repository.MongoRepository
00:05:04.186 [restartedMain] INFO  o.s.d.r.c.RepositoryConfigurationExtensionSupport - Spring Data MongoDB - Could not safely identify store assignment for repository candidate interface ir.repository.ProfileRepository; If you want this repository to be a MongoDB repository, consider annotating your entities with one of these annotations: org.springframework.data.mongodb.core.mapping.Document (preferred), or consider extending one of the following types with your repository: org.springframework.data.mongodb.repository.MongoRepository
00:05:04.186 [restartedMain] INFO  o.s.d.r.c.RepositoryConfigurationExtensionSupport - Spring Data MongoDB - Could not safely identify store assignment for repository candidate interface ir.repository.RoleRepository; If you want this repository to be a MongoDB repository, consider annotating your entities with one of these annotations: org.springframework.data.mongodb.core.mapping.Document (preferred), or consider extending one of the following types with your repository: org.springframework.data.mongodb.repository.MongoRepository
00:05:04.186 [restartedMain] INFO  o.s.d.r.c.RepositoryConfigurationExtensionSupport - Spring Data MongoDB - Could not safely identify store assignment for repository candidate interface ir.repository.SectionRepository; If you want this repository to be a MongoDB repository, consider annotating your entities with one of these annotations: org.springframework.data.mongodb.core.mapping.Document (preferred), or consider extending one of the following types with your repository: org.springframework.data.mongodb.repository.MongoRepository
00:05:04.186 [restartedMain] INFO  o.s.d.r.c.RepositoryConfigurationExtensionSupport - Spring Data MongoDB - Could not safely identify store assignment for repository candidate interface ir.repository.TicketRepository; If you want this repository to be a MongoDB repository, consider annotating your entities with one of these annotations: org.springframework.data.mongodb.core.mapping.Document (preferred), or consider extending one of the following types with your repository: org.springframework.data.mongodb.repository.MongoRepository
00:05:04.186 [restartedMain] INFO  o.s.d.r.c.RepositoryConfigurationExtensionSupport - Spring Data MongoDB - Could not safely identify store assignment for repository candidate interface ir.repository.UserRepository; If you want this repository to be a MongoDB repository, consider annotating your entities with one of these annotations: org.springframework.data.mongodb.core.mapping.Document (preferred), or consider extending one of the following types with your repository: org.springframework.data.mongodb.repository.MongoRepository
00:05:04.186 [restartedMain] INFO  o.s.d.r.c.RepositoryConfigurationDelegate - Finished Spring Data repository scanning in 14 ms. Found 0 MongoDB repository interfaces.
00:05:04.196 [restartedMain] INFO  o.s.d.r.c.RepositoryConfigurationDelegate - Multiple Spring Data modules found, entering strict repository configuration mode
00:05:04.197 [restartedMain] INFO  o.s.d.r.c.RepositoryConfigurationDelegate - Bootstrapping Spring Data Redis repositories in DEFAULT mode.
00:05:04.210 [restartedMain] INFO  o.s.d.r.c.RepositoryConfigurationExtensionSupport - Spring Data Redis - Could not safely identify store assignment for repository candidate interface ir.repository.AttachmentRepository; If you want this repository to be a Redis repository, consider annotating your entities with one of these annotations: org.springframework.data.redis.core.RedisHash (preferred), or consider extending one of the following types with your repository: org.springframework.data.keyvalue.repository.KeyValueRepository
00:05:04.211 [restartedMain] INFO  o.s.d.r.c.RepositoryConfigurationExtensionSupport - Spring Data Redis - Could not safely identify store assignment for repository candidate interface ir.repository.MessageRepository; If you want this repository to be a Redis repository, consider annotating your entities with one of these annotations: org.springframework.data.redis.core.RedisHash (preferred), or consider extending one of the following types with your repository: org.springframework.data.keyvalue.repository.KeyValueRepository
00:05:04.211 [restartedMain] INFO  o.s.d.r.c.RepositoryConfigurationExtensionSupport - Spring Data Redis - Could not safely identify store assignment for repository candidate interface ir.repository.PermissionRepository; If you want this repository to be a Redis repository, consider annotating your entities with one of these annotations: org.springframework.data.redis.core.RedisHash (preferred), or consider extending one of the following types with your repository: org.springframework.data.keyvalue.repository.KeyValueRepository
00:05:04.211 [restartedMain] INFO  o.s.d.r.c.RepositoryConfigurationExtensionSupport - Spring Data Redis - Could not safely identify store assignment for repository candidate interface ir.repository.ProfileRepository; If you want this repository to be a Redis repository, consider annotating your entities with one of these annotations: org.springframework.data.redis.core.RedisHash (preferred), or consider extending one of the following types with your repository: org.springframework.data.keyvalue.repository.KeyValueRepository
00:05:04.211 [restartedMain] INFO  o.s.d.r.c.RepositoryConfigurationExtensionSupport - Spring Data Redis - Could not safely identify store assignment for repository candidate interface ir.repository.RoleRepository; If you want this repository to be a Redis repository, consider annotating your entities with one of these annotations: org.springframework.data.redis.core.RedisHash (preferred), or consider extending one of the following types with your repository: org.springframework.data.keyvalue.repository.KeyValueRepository
00:05:04.211 [restartedMain] INFO  o.s.d.r.c.RepositoryConfigurationExtensionSupport - Spring Data Redis - Could not safely identify store assignment for repository candidate interface ir.repository.SectionRepository; If you want this repository to be a Redis repository, consider annotating your entities with one of these annotations: org.springframework.data.redis.core.RedisHash (preferred), or consider extending one of the following types with your repository: org.springframework.data.keyvalue.repository.KeyValueRepository
00:05:04.212 [restartedMain] INFO  o.s.d.r.c.RepositoryConfigurationExtensionSupport - Spring Data Redis - Could not safely identify store assignment for repository candidate interface ir.repository.TicketRepository; If you want this repository to be a Redis repository, consider annotating your entities with one of these annotations: org.springframework.data.redis.core.RedisHash (preferred), or consider extending one of the following types with your repository: org.springframework.data.keyvalue.repository.KeyValueRepository
00:05:04.212 [restartedMain] INFO  o.s.d.r.c.RepositoryConfigurationExtensionSupport - Spring Data Redis - Could not safely identify store assignment for repository candidate interface ir.repository.UserRepository; If you want this repository to be a Redis repository, consider annotating your entities with one of these annotations: org.springframework.data.redis.core.RedisHash (preferred), or consider extending one of the following types with your repository: org.springframework.data.keyvalue.repository.KeyValueRepository
00:05:04.212 [restartedMain] INFO  o.s.d.r.c.RepositoryConfigurationDelegate - Finished Spring Data repository scanning in 8 ms. Found 0 Redis repository interfaces.
00:05:05.022 [restartedMain] INFO  o.s.b.w.e.tomcat.TomcatWebServer - Tomcat initialized with port 8443 (https)
00:05:05.030 [restartedMain] INFO  o.a.coyote.http11.Http11NioProtocol - Initializing ProtocolHandler ["https-jsse-nio-8443"]
00:05:05.033 [restartedMain] INFO  o.a.catalina.core.StandardService - Starting service [Tomcat]
00:05:05.033 [restartedMain] INFO  o.a.catalina.core.StandardEngine - Starting Servlet engine: [Apache Tomcat/10.1.36]
00:05:05.088 [restartedMain] INFO  o.a.c.c.C.[Tomcat].[localhost].[/] - Initializing Spring embedded WebApplicationContext
00:05:05.088 [restartedMain] INFO  o.s.b.w.s.c.ServletWebServerApplicationContext - Root WebApplicationContext: initialization completed in 2081 ms
00:05:05.505 [restartedMain] INFO  o.h.jpa.internal.util.LogHelper - HHH000204: Processing PersistenceUnitInfo [name: default]
00:05:05.545 [restartedMain] INFO  org.hibernate.Version - HHH000412: Hibernate ORM core version 6.6.8.Final
00:05:05.570 [restartedMain] INFO  o.h.c.i.RegionFactoryInitiator - HHH000026: Second-level cache disabled
00:05:05.765 [restartedMain] INFO  o.s.o.j.p.SpringPersistenceUnitInfo - No LoadTimeWeaver setup: ignoring JPA class transformer
00:05:05.787 [restartedMain] INFO  com.zaxxer.hikari.HikariDataSource - HikariPool-1 - Starting...
00:05:05.998 [restartedMain] INFO  com.zaxxer.hikari.pool.HikariPool - HikariPool-1 - Added connection oracle.jdbc.driver.T4CConnection@578779b1
00:05:06.000 [restartedMain] INFO  com.zaxxer.hikari.HikariDataSource - HikariPool-1 - Start completed.
00:05:06.112 [restartedMain] WARN  org.hibernate.orm.deprecation - HHH90000025: OracleDialect does not need to be specified explicitly using 'hibernate.dialect' (remove the property setting and it will be selected by default)
00:05:06.132 [restartedMain] INFO  o.hibernate.orm.connections.pooling - HHH10001005: Database info:
	Database JDBC URL [Connecting through datasource 'HikariDataSource (HikariPool-1)']
	Database driver: undefined/unknown
	Database version: 21.0
	Autocommit mode: undefined/unknown
	Isolation level: undefined/unknown
	Minimum pool size: undefined/unknown
	Maximum pool size: undefined/unknown
00:05:07.004 [restartedMain] INFO  o.h.e.t.j.p.i.JtaPlatformInitiator - HHH000489: No JTA platform available (set 'hibernate.transaction.jta.platform' to enable JTA platform integration)
00:05:07.145 [restartedMain] DEBUG org.hibernate.SQL - 
    alter table attachment_tbl 
       modify file_type smallint
00:05:07.162 [restartedMain] DEBUG org.hibernate.SQL - 
    alter table ticket_tbl 
       modify status smallint
00:05:07.212 [restartedMain] INFO  o.s.o.j.LocalContainerEntityManagerFactoryBean - Initialized JPA EntityManagerFactory for persistence unit 'default'
00:05:07.870 [restartedMain] INFO  o.s.d.j.r.query.QueryEnhancerFactory - Hibernate is in classpath; If applicable, HQL parser will be used.
00:05:08.314 [restartedMain] TRACE o.s.c.a.AnnotationCacheOperationSource - Adding cacheable method 'update' with operations: [Builder[public ir.model.entity.Section ir.service.impl.SectionServiceImpl.update(java.lang.Long,ir.model.entity.Section)] caches=[sections, sectionsPageable, sectionsFilter] | key='' | keyGenerator='' | cacheManager='' | cacheResolver='' | condition='',true,false]
00:05:08.318 [restartedMain] TRACE o.s.c.a.AnnotationCacheOperationSource - Adding cacheable method 'save' with operations: [Builder[public ir.model.entity.Section ir.service.impl.SectionServiceImpl.save(ir.model.entity.Section)] caches=[sections, sectionsPageable, sectionsFilter] | key='' | keyGenerator='' | cacheManager='' | cacheResolver='' | condition='',true,false]
00:05:08.318 [restartedMain] TRACE o.s.c.a.AnnotationCacheOperationSource - Adding cacheable method 'findAll' with operations: [Builder[public org.springframework.data.domain.Page ir.service.impl.SectionServiceImpl.findAll(org.springframework.data.domain.Pageable)] caches=[sectionsPageable] | key='' | keyGenerator='' | cacheManager='' | cacheResolver='' | condition='' | unless='' | sync='false']
00:05:08.318 [restartedMain] TRACE o.s.c.a.AnnotationCacheOperationSource - Adding cacheable method 'findAll' with operations: [Builder[public java.util.List ir.service.impl.SectionServiceImpl.findAll()] caches=[sections] | key='' | keyGenerator='' | cacheManager='' | cacheResolver='' | condition='' | unless='' | sync='false']
00:05:08.319 [restartedMain] TRACE o.s.c.a.AnnotationCacheOperationSource - Adding cacheable method 'deleteById' with operations: [Builder[public void ir.service.impl.SectionServiceImpl.deleteById(java.lang.Long)] caches=[sections, sectionsPageable, sectionsFilter] | key='' | keyGenerator='' | cacheManager='' | cacheResolver='' | condition='',true,false]
00:05:08.319 [restartedMain] TRACE o.s.c.a.AnnotationCacheOperationSource - Adding cacheable method 'findAllForFilter' with operations: [Builder[public java.util.List ir.service.impl.SectionServiceImpl.findAllForFilter()] caches=[sectionsFilter] | key='' | keyGenerator='' | cacheManager='' | cacheResolver='' | condition='' | unless='' | sync='false']
00:05:08.642 [restartedMain] WARN  o.s.b.a.o.j.JpaBaseConfiguration$JpaWebConfiguration - spring.jpa.open-in-view is enabled by default. Therefore, database queries may be performed during view rendering. Explicitly configure spring.jpa.open-in-view to disable this warning
00:05:08.695 [restartedMain] INFO  o.s.s.c.a.a.c.InitializeAuthenticationProviderBeanManagerConfigurer$InitializeAuthenticationProviderManagerConfigurer - Global AuthenticationManager configured with AuthenticationProvider bean with name authenticationProvider
00:05:08.695 [restartedMain] WARN  o.s.s.c.a.a.c.InitializeUserDetailsBeanManagerConfigurer$InitializeUserDetailsManagerConfigurer - Global AuthenticationManager configured with an AuthenticationProvider bean. UserDetailsService beans will not be used by Spring Security for automatically configuring username/password login. Consider removing the AuthenticationProvider bean. Alternatively, consider using the UserDetailsService in a manually instantiated DaoAuthenticationProvider. If the current configuration is intentional, to turn off this warning, increase the logging level of 'org.springframework.security.config.annotation.authentication.configuration.InitializeUserDetailsBeanManagerConfigurer' to ERROR
00:05:09.115 [cluster-ClusterId{value='68a38e7d19ac69666df7fdb0', description='null'}-localhost:27017] INFO  org.mongodb.driver.cluster - Exception in monitor thread while connecting to server localhost:27017
com.mongodb.MongoSocketOpenException: Exception opening socket
	at com.mongodb.internal.connection.SocketStream.lambda$open$0(SocketStream.java:85)
	at java.base/java.util.Optional.orElseThrow(Optional.java:403)
	at com.mongodb.internal.connection.SocketStream.open(SocketStream.java:85)
	at com.mongodb.internal.connection.InternalStreamConnection.open(InternalStreamConnection.java:233)
	at com.mongodb.internal.connection.DefaultServerMonitor$ServerMonitor.lookupServerDescription(DefaultServerMonitor.java:219)
	at com.mongodb.internal.connection.DefaultServerMonitor$ServerMonitor.run(DefaultServerMonitor.java:176)
Caused by: java.net.ConnectException: Connection refused: no further information
	at java.base/sun.nio.ch.Net.pollConnect(Native Method)
	at java.base/sun.nio.ch.Net.pollConnectNow(Net.java:672)
	at java.base/sun.nio.ch.NioSocketImpl.timedFinishConnect(NioSocketImpl.java:547)
	at java.base/sun.nio.ch.NioSocketImpl.connect(NioSocketImpl.java:602)
	at java.base/java.net.SocksSocketImpl.connect(SocksSocketImpl.java:327)
	at java.base/java.net.Socket.connect(Socket.java:633)
	at com.mongodb.internal.connection.SocketStreamHelper.initialize(SocketStreamHelper.java:76)
	at com.mongodb.internal.connection.SocketStream.initializeSocket(SocketStream.java:104)
	at com.mongodb.internal.connection.SocketStream.open(SocketStream.java:79)
	... 3 common frames omitted
00:05:09.121 [restartedMain] INFO  org.mongodb.driver.client - MongoClient with metadata {"driver": {"name": "mongo-java-driver|sync|spring-boot", "version": "5.2.1"}, "os": {"type": "Windows", "name": "Windows 10", "architecture": "amd64", "version": "10.0"}, "platform": "Java/Oracle Corporation/17.0.12+8-LTS-286"} created with settings MongoClientSettings{readPreference=primary, writeConcern=WriteConcern{w=null, wTimeout=null ms, journal=null}, retryWrites=true, retryReads=true, readConcern=ReadConcern{level=null}, credential=null, transportSettings=null, commandListeners=[io.micrometer.core.instrument.binder.mongodb.MongoMetricsCommandListener@4133c365], codecRegistry=ProvidersCodecRegistry{codecProviders=[ValueCodecProvider{}, BsonValueCodecProvider{}, DBRefCodecProvider{}, DBObjectCodecProvider{}, DocumentCodecProvider{}, CollectionCodecProvider{}, IterableCodecProvider{}, MapCodecProvider{}, GeoJsonCodecProvider{}, GridFSFileCodecProvider{}, Jsr310CodecProvider{}, JsonObjectCodecProvider{}, BsonCodecProvider{}, EnumCodecProvider{}, com.mongodb.client.model.mql.ExpressionCodecProvider@2d1d443b, com.mongodb.Jep395RecordCodecProvider@2e6fccd9, com.mongodb.KotlinCodecProvider@65a10e1f]}, loggerSettings=LoggerSettings{maxDocumentLength=1000}, clusterSettings={hosts=[localhost:27017], srvServiceName=mongodb, mode=SINGLE, requiredClusterType=UNKNOWN, requiredReplicaSetName='null', serverSelector='null', clusterListeners='[]', serverSelectionTimeout='30000 ms', localThreshold='15 ms'}, socketSettings=SocketSettings{connectTimeoutMS=10000, readTimeoutMS=0, receiveBufferSize=0, proxySettings=ProxySettings{host=null, port=null, username=null, password=null}}, heartbeatSocketSettings=SocketSettings{connectTimeoutMS=10000, readTimeoutMS=10000, receiveBufferSize=0, proxySettings=ProxySettings{host=null, port=null, username=null, password=null}}, connectionPoolSettings=ConnectionPoolSettings{maxSize=100, minSize=0, maxWaitTimeMS=120000, maxConnectionLifeTimeMS=0, maxConnectionIdleTimeMS=0, maintenanceInitialDelayMS=0, maintenanceFrequencyMS=60000, connectionPoolListeners=[io.micrometer.core.instrument.binder.mongodb.MongoMetricsConnectionPoolListener@1aab0f43], maxConnecting=2}, serverSettings=ServerSettings{heartbeatFrequencyMS=10000, minHeartbeatFrequencyMS=500, serverMonitoringMode=AUTO, serverListeners='[]', serverMonitorListeners='[]'}, sslSettings=SslSettings{enabled=false, invalidHostNameAllowed=false, context=null}, applicationName='null', compressorList=[], uuidRepresentation=JAVA_LEGACY, serverApi=null, autoEncryptionSettings=null, dnsClient=null, inetAddressResolver=null, contextProvider=null, timeoutMS=null}
00:05:09.761 [restartedMain] INFO  o.s.b.a.e.web.EndpointLinksResolver - Exposing 3 endpoints beneath base path '/actuator'
00:05:09.935 [restartedMain] INFO  o.s.s.w.a.c.ChannelProcessingFilter - Validated configuration attributes
00:05:09.939 [restartedMain] DEBUG o.s.s.web.DefaultSecurityFilterChain - Will secure any request with filters: DisableEncodeUrlFilter, ChannelProcessingFilter, WebAsyncManagerIntegrationFilter, SecurityContextHolderFilter, HeaderWriterFilter, CorsFilter, CsrfFilter, LogoutFilter, UsernamePasswordAuthenticationFilter, ConcurrentSessionFilter, RequestCacheAwareFilter, SecurityContextHolderAwareRequestFilter, AnonymousAuthenticationFilter, SessionManagementFilter, ExceptionTranslationFilter, AuthorizationFilter
00:05:10.772 [restartedMain] INFO  o.s.b.a.h.H2ConsoleAutoConfiguration - H2 console available at '/h2-console'. Database available at 'jdbc:oracle:thin:@localhost:1521:xe'
00:05:10.877 [restartedMain] INFO  o.s.b.d.a.OptionalLiveReloadServer - LiveReload server is running on port 35729
00:05:10.929 [restartedMain] INFO  o.a.coyote.http11.Http11NioProtocol - Starting ProtocolHandler ["https-jsse-nio-8443"]
00:05:11.001 [restartedMain] INFO  o.a.t.u.net.NioEndpoint.certificate - Connector [https-jsse-nio-8443], TLS virtual host [_default_], certificate type [UNDEFINED] configured from keystore [C:\Users\arbab\.keystore] using alias [ticketingkey] with trust store [null]
00:05:11.013 [restartedMain] INFO  o.s.b.w.e.tomcat.TomcatWebServer - Tomcat started on port 8443 (https) with context path '/'
00:05:11.028 [restartedMain] INFO  ir.TicketingSpringSample - Started TicketingSpringSample in 8.376 seconds (process running for 9.033)
00:05:11.040 [restartedMain] TRACE o.s.c.interceptor.CacheInterceptor - Computed cache key 'SimpleKey []' for operation Builder[public java.util.List ir.service.impl.SectionServiceImpl.findAll()] caches=[sections] | key='' | keyGenerator='' | cacheManager='' | cacheResolver='' | condition='' | unless='' | sync='false'
00:05:11.040 [restartedMain] TRACE o.s.c.interceptor.CacheInterceptor - No cache entry for key 'SimpleKey []' in cache(s) [sections]
00:05:11.045 [restartedMain] DEBUG o.s.jdbc.datasource.DataSourceUtils - Setting JDBC Connection [HikariProxyConnection@512231672 wrapping oracle.jdbc.driver.T4CConnection@578779b1] read-only
00:05:11.045 [restartedMain] DEBUG o.h.e.t.internal.TransactionImpl - On TransactionImpl creation, JpaCompliance#isJpaTransactionComplianceEnabled == false
00:05:11.045 [restartedMain] DEBUG o.h.e.t.internal.TransactionImpl - begin
00:05:11.096 [restartedMain] DEBUG org.hibernate.SQL - 
    /* <criteria> */ select
        s1_0.id,
        s1_0.deleted,
        s1_0.parent_section_id,
        s1_0.title 
    from
        section_table s1_0 
    where
        (
            s1_0.deleted = 0
        )
00:05:11.112 [restartedMain] TRACE org.hibernate.orm.jdbc.extract - extracted value (1:BIGINT) -> [1]
00:05:11.112 [restartedMain] TRACE org.hibernate.orm.jdbc.extract - extracted value (3:BIGINT) -> [null]
00:05:11.112 [restartedMain] TRACE org.hibernate.orm.jdbc.extract - extracted value (2:BOOLEAN) -> [false]
00:05:11.112 [restartedMain] TRACE org.hibernate.orm.jdbc.extract - extracted value (4:VARCHAR) -> [MAIN SECTION]
00:05:11.112 [restartedMain] TRACE org.hibernate.orm.jdbc.extract - extracted value (1:BIGINT) -> [2]
00:05:11.112 [restartedMain] TRACE org.hibernate.orm.jdbc.extract - extracted value (3:BIGINT) -> [1]
00:05:11.112 [restartedMain] TRACE org.hibernate.orm.jdbc.extract - extracted value (2:BOOLEAN) -> [false]
00:05:11.112 [restartedMain] TRACE org.hibernate.orm.jdbc.extract - extracted value (4:VARCHAR) -> [HSE]
00:05:11.112 [restartedMain] TRACE org.hibernate.orm.jdbc.extract - extracted value (1:BIGINT) -> [3]
00:05:11.112 [restartedMain] TRACE org.hibernate.orm.jdbc.extract - extracted value (3:BIGINT) -> [1]
00:05:11.112 [restartedMain] TRACE org.hibernate.orm.jdbc.extract - extracted value (2:BOOLEAN) -> [false]
00:05:11.112 [restartedMain] TRACE org.hibernate.orm.jdbc.extract - extracted value (4:VARCHAR) -> [TRANSPORT]
00:05:11.112 [restartedMain] TRACE org.hibernate.orm.jdbc.extract - extracted value (1:BIGINT) -> [4]
00:05:11.112 [restartedMain] TRACE org.hibernate.orm.jdbc.extract - extracted value (3:BIGINT) -> [3]
00:05:11.112 [restartedMain] TRACE org.hibernate.orm.jdbc.extract - extracted value (2:BOOLEAN) -> [false]
00:05:11.112 [restartedMain] TRACE org.hibernate.orm.jdbc.extract - extracted value (4:VARCHAR) -> [BUS]
00:05:11.112 [restartedMain] TRACE org.hibernate.orm.jdbc.extract - extracted value (1:BIGINT) -> [5]
00:05:11.112 [restartedMain] TRACE org.hibernate.orm.jdbc.extract - extracted value (3:BIGINT) -> [3]
00:05:11.112 [restartedMain] TRACE org.hibernate.orm.jdbc.extract - extracted value (2:BOOLEAN) -> [false]
00:05:11.112 [restartedMain] TRACE org.hibernate.orm.jdbc.extract - extracted value (4:VARCHAR) -> [TAXI]
00:05:11.112 [restartedMain] TRACE org.hibernate.orm.jdbc.extract - extracted value (1:BIGINT) -> [6]
00:05:11.112 [restartedMain] TRACE org.hibernate.orm.jdbc.extract - extracted value (3:BIGINT) -> [1]
00:05:11.112 [restartedMain] TRACE org.hibernate.orm.jdbc.extract - extracted value (2:BOOLEAN) -> [false]
00:05:11.112 [restartedMain] TRACE org.hibernate.orm.jdbc.extract - extracted value (4:VARCHAR) -> [ARCHIVE]
00:05:11.112 [restartedMain] TRACE org.hibernate.orm.jdbc.extract - extracted value (1:BIGINT) -> [7]
00:05:11.112 [restartedMain] TRACE org.hibernate.orm.jdbc.extract - extracted value (3:BIGINT) -> [3]
00:05:11.112 [restartedMain] TRACE org.hibernate.orm.jdbc.extract - extracted value (2:BOOLEAN) -> [false]
00:05:11.112 [restartedMain] TRACE org.hibernate.orm.jdbc.extract - extracted value (4:VARCHAR) -> [TRAIN]
00:05:11.112 [restartedMain] DEBUG org.hibernate.SQL - 
    select
        csl1_0.parent_section_id,
        csl1_0.id,
        csl1_0.deleted,
        csl1_0.title 
    from
        section_table csl1_0 
    where
        csl1_0.parent_section_id=? 
        and (
            csl1_0.deleted = 0
        )
00:05:11.112 [restartedMain] TRACE org.hibernate.orm.jdbc.bind - binding parameter (1:BIGINT) <- [7]
00:05:11.130 [restartedMain] DEBUG org.hibernate.SQL - 
    select
        csl1_0.parent_section_id,
        csl1_0.id,
        csl1_0.deleted,
        csl1_0.title 
    from
        section_table csl1_0 
    where
        csl1_0.parent_section_id=? 
        and (
            csl1_0.deleted = 0
        )
00:05:11.130 [restartedMain] TRACE org.hibernate.orm.jdbc.bind - binding parameter (1:BIGINT) <- [6]
00:05:11.130 [restartedMain] DEBUG org.hibernate.SQL - 
    select
        csl1_0.parent_section_id,
        csl1_0.id,
        csl1_0.deleted,
        csl1_0.title 
    from
        section_table csl1_0 
    where
        csl1_0.parent_section_id=? 
        and (
            csl1_0.deleted = 0
        )
00:05:11.130 [restartedMain] TRACE org.hibernate.orm.jdbc.bind - binding parameter (1:BIGINT) <- [5]
00:05:11.130 [restartedMain] DEBUG org.hibernate.SQL - 
    select
        csl1_0.parent_section_id,
        csl1_0.id,
        csl1_0.deleted,
        csl1_0.title 
    from
        section_table csl1_0 
    where
        csl1_0.parent_section_id=? 
        and (
            csl1_0.deleted = 0
        )
00:05:11.130 [restartedMain] TRACE org.hibernate.orm.jdbc.bind - binding parameter (1:BIGINT) <- [4]
00:05:11.130 [restartedMain] DEBUG org.hibernate.SQL - 
    select
        csl1_0.parent_section_id,
        csl1_0.id,
        csl1_0.deleted,
        csl1_0.title 
    from
        section_table csl1_0 
    where
        csl1_0.parent_section_id=? 
        and (
            csl1_0.deleted = 0
        )
00:05:11.130 [restartedMain] TRACE org.hibernate.orm.jdbc.bind - binding parameter (1:BIGINT) <- [3]
00:05:11.130 [restartedMain] TRACE org.hibernate.orm.jdbc.extract - extracted value (1:BIGINT) -> [3]
00:05:11.130 [restartedMain] TRACE org.hibernate.orm.jdbc.extract - extracted value (2:BIGINT) -> [4]
00:05:11.130 [restartedMain] TRACE org.hibernate.orm.jdbc.extract - extracted value (1:BIGINT) -> [3]
00:05:11.130 [restartedMain] TRACE org.hibernate.orm.jdbc.extract - extracted value (2:BIGINT) -> [5]
00:05:11.130 [restartedMain] TRACE org.hibernate.orm.jdbc.extract - extracted value (1:BIGINT) -> [3]
00:05:11.130 [restartedMain] TRACE org.hibernate.orm.jdbc.extract - extracted value (2:BIGINT) -> [7]
00:05:11.130 [restartedMain] DEBUG org.hibernate.SQL - 
    select
        csl1_0.parent_section_id,
        csl1_0.id,
        csl1_0.deleted,
        csl1_0.title 
    from
        section_table csl1_0 
    where
        csl1_0.parent_section_id=? 
        and (
            csl1_0.deleted = 0
        )
00:05:11.130 [restartedMain] TRACE org.hibernate.orm.jdbc.bind - binding parameter (1:BIGINT) <- [2]
00:05:11.130 [restartedMain] DEBUG org.hibernate.SQL - 
    select
        csl1_0.parent_section_id,
        csl1_0.id,
        csl1_0.deleted,
        csl1_0.title 
    from
        section_table csl1_0 
    where
        csl1_0.parent_section_id=? 
        and (
            csl1_0.deleted = 0
        )
00:05:11.130 [restartedMain] TRACE org.hibernate.orm.jdbc.bind - binding parameter (1:BIGINT) <- [1]
00:05:11.130 [restartedMain] TRACE org.hibernate.orm.jdbc.extract - extracted value (1:BIGINT) -> [1]
00:05:11.130 [restartedMain] TRACE org.hibernate.orm.jdbc.extract - extracted value (2:BIGINT) -> [2]
00:05:11.130 [restartedMain] TRACE org.hibernate.orm.jdbc.extract - extracted value (1:BIGINT) -> [1]
00:05:11.130 [restartedMain] TRACE org.hibernate.orm.jdbc.extract - extracted value (2:BIGINT) -> [3]
00:05:11.130 [restartedMain] TRACE org.hibernate.orm.jdbc.extract - extracted value (1:BIGINT) -> [1]
00:05:11.130 [restartedMain] TRACE org.hibernate.orm.jdbc.extract - extracted value (2:BIGINT) -> [6]
00:05:11.130 [restartedMain] DEBUG o.h.e.t.internal.TransactionImpl - committing
00:05:11.130 [restartedMain] DEBUG o.s.jdbc.datasource.DataSourceUtils - Resetting read-only flag of JDBC Connection [HikariProxyConnection@512231672 wrapping oracle.jdbc.driver.T4CConnection@578779b1]
00:05:11.146 [restartedMain] TRACE o.s.c.interceptor.CacheInterceptor - Creating cache entry for key 'SimpleKey []' in cache(s) [sections]
00:05:11.146 [restartedMain] TRACE o.s.c.interceptor.CacheInterceptor - Computed cache key 'Page request [number: 0, size 50, sort: UNSORTED]' for operation Builder[public org.springframework.data.domain.Page ir.service.impl.SectionServiceImpl.findAll(org.springframework.data.domain.Pageable)] caches=[sectionsPageable] | key='' | keyGenerator='' | cacheManager='' | cacheResolver='' | condition='' | unless='' | sync='false'
00:05:11.146 [restartedMain] TRACE o.s.c.interceptor.CacheInterceptor - No cache entry for key 'Page request [number: 0, size 50, sort: UNSORTED]' in cache(s) [sectionsPageable]
00:05:11.146 [restartedMain] DEBUG o.s.jdbc.datasource.DataSourceUtils - Setting JDBC Connection [HikariProxyConnection@1380328700 wrapping oracle.jdbc.driver.T4CConnection@578779b1] read-only
00:05:11.146 [restartedMain] DEBUG o.h.e.t.internal.TransactionImpl - On TransactionImpl creation, JpaCompliance#isJpaTransactionComplianceEnabled == false
00:05:11.146 [restartedMain] DEBUG o.h.e.t.internal.TransactionImpl - begin
00:05:11.146 [restartedMain] DEBUG org.hibernate.SQL - 
    /* <criteria> */ select
        s1_0.id,
        s1_0.deleted,
        s1_0.parent_section_id,
        s1_0.title 
    from
        section_table s1_0 
    where
        (
            s1_0.deleted = 0
        ) 
    offset
        ? rows 
    fetch
        first ? rows only
00:05:11.146 [restartedMain] TRACE org.hibernate.orm.jdbc.bind - binding parameter (1:INTEGER) <- [0]
00:05:11.146 [restartedMain] TRACE org.hibernate.orm.jdbc.bind - binding parameter (2:INTEGER) <- [50]
00:05:11.146 [restartedMain] TRACE org.hibernate.orm.jdbc.extract - extracted value (1:BIGINT) -> [1]
00:05:11.146 [restartedMain] TRACE org.hibernate.orm.jdbc.extract - extracted value (3:BIGINT) -> [null]
00:05:11.146 [restartedMain] TRACE org.hibernate.orm.jdbc.extract - extracted value (2:BOOLEAN) -> [false]
00:05:11.146 [restartedMain] TRACE org.hibernate.orm.jdbc.extract - extracted value (4:VARCHAR) -> [MAIN SECTION]
00:05:11.146 [restartedMain] TRACE org.hibernate.orm.jdbc.extract - extracted value (1:BIGINT) -> [2]
00:05:11.146 [restartedMain] TRACE org.hibernate.orm.jdbc.extract - extracted value (3:BIGINT) -> [1]
00:05:11.146 [restartedMain] TRACE org.hibernate.orm.jdbc.extract - extracted value (2:BOOLEAN) -> [false]
00:05:11.146 [restartedMain] TRACE org.hibernate.orm.jdbc.extract - extracted value (4:VARCHAR) -> [HSE]
00:05:11.146 [restartedMain] TRACE org.hibernate.orm.jdbc.extract - extracted value (1:BIGINT) -> [3]
00:05:11.146 [restartedMain] TRACE org.hibernate.orm.jdbc.extract - extracted value (3:BIGINT) -> [1]
00:05:11.146 [restartedMain] TRACE org.hibernate.orm.jdbc.extract - extracted value (2:BOOLEAN) -> [false]
00:05:11.146 [restartedMain] TRACE org.hibernate.orm.jdbc.extract - extracted value (4:VARCHAR) -> [TRANSPORT]
00:05:11.146 [restartedMain] TRACE org.hibernate.orm.jdbc.extract - extracted value (1:BIGINT) -> [4]
00:05:11.146 [restartedMain] TRACE org.hibernate.orm.jdbc.extract - extracted value (3:BIGINT) -> [3]
00:05:11.146 [restartedMain] TRACE org.hibernate.orm.jdbc.extract - extracted value (2:BOOLEAN) -> [false]
00:05:11.146 [restartedMain] TRACE org.hibernate.orm.jdbc.extract - extracted value (4:VARCHAR) -> [BUS]
00:05:11.146 [restartedMain] TRACE org.hibernate.orm.jdbc.extract - extracted value (1:BIGINT) -> [5]
00:05:11.146 [restartedMain] TRACE org.hibernate.orm.jdbc.extract - extracted value (3:BIGINT) -> [3]
00:05:11.146 [restartedMain] TRACE org.hibernate.orm.jdbc.extract - extracted value (2:BOOLEAN) -> [false]
00:05:11.146 [restartedMain] TRACE org.hibernate.orm.jdbc.extract - extracted value (4:VARCHAR) -> [TAXI]
00:05:11.146 [restartedMain] TRACE org.hibernate.orm.jdbc.extract - extracted value (1:BIGINT) -> [6]
00:05:11.146 [restartedMain] TRACE org.hibernate.orm.jdbc.extract - extracted value (3:BIGINT) -> [1]
00:05:11.146 [restartedMain] TRACE org.hibernate.orm.jdbc.extract - extracted value (2:BOOLEAN) -> [false]
00:05:11.146 [restartedMain] TRACE org.hibernate.orm.jdbc.extract - extracted value (4:VARCHAR) -> [ARCHIVE]
00:05:11.146 [restartedMain] TRACE org.hibernate.orm.jdbc.extract - extracted value (1:BIGINT) -> [7]
00:05:11.146 [restartedMain] TRACE org.hibernate.orm.jdbc.extract - extracted value (3:BIGINT) -> [3]
00:05:11.146 [restartedMain] TRACE org.hibernate.orm.jdbc.extract - extracted value (2:BOOLEAN) -> [false]
00:05:11.146 [restartedMain] TRACE org.hibernate.orm.jdbc.extract - extracted value (4:VARCHAR) -> [TRAIN]
00:05:11.146 [restartedMain] DEBUG org.hibernate.SQL - 
    select
        csl1_0.parent_section_id,
        csl1_0.id,
        csl1_0.deleted,
        csl1_0.title 
    from
        section_table csl1_0 
    where
        csl1_0.parent_section_id=? 
        and (
            csl1_0.deleted = 0
        )
00:05:11.146 [restartedMain] TRACE org.hibernate.orm.jdbc.bind - binding parameter (1:BIGINT) <- [7]
00:05:11.146 [restartedMain] DEBUG org.hibernate.SQL - 
    select
        csl1_0.parent_section_id,
        csl1_0.id,
        csl1_0.deleted,
        csl1_0.title 
    from
        section_table csl1_0 
    where
        csl1_0.parent_section_id=? 
        and (
            csl1_0.deleted = 0
        )
00:05:11.146 [restartedMain] TRACE org.hibernate.orm.jdbc.bind - binding parameter (1:BIGINT) <- [6]
00:05:11.146 [restartedMain] DEBUG org.hibernate.SQL - 
    select
        csl1_0.parent_section_id,
        csl1_0.id,
        csl1_0.deleted,
        csl1_0.title 
    from
        section_table csl1_0 
    where
        csl1_0.parent_section_id=? 
        and (
            csl1_0.deleted = 0
        )
00:05:11.146 [restartedMain] TRACE org.hibernate.orm.jdbc.bind - binding parameter (1:BIGINT) <- [5]
00:05:11.146 [restartedMain] DEBUG org.hibernate.SQL - 
    select
        csl1_0.parent_section_id,
        csl1_0.id,
        csl1_0.deleted,
        csl1_0.title 
    from
        section_table csl1_0 
    where
        csl1_0.parent_section_id=? 
        and (
            csl1_0.deleted = 0
        )
00:05:11.146 [restartedMain] TRACE org.hibernate.orm.jdbc.bind - binding parameter (1:BIGINT) <- [4]
00:05:11.146 [restartedMain] DEBUG org.hibernate.SQL - 
    select
        csl1_0.parent_section_id,
        csl1_0.id,
        csl1_0.deleted,
        csl1_0.title 
    from
        section_table csl1_0 
    where
        csl1_0.parent_section_id=? 
        and (
            csl1_0.deleted = 0
        )
00:05:11.146 [restartedMain] TRACE org.hibernate.orm.jdbc.bind - binding parameter (1:BIGINT) <- [3]
00:05:11.146 [restartedMain] TRACE org.hibernate.orm.jdbc.extract - extracted value (1:BIGINT) -> [3]
00:05:11.146 [restartedMain] TRACE org.hibernate.orm.jdbc.extract - extracted value (2:BIGINT) -> [4]
00:05:11.146 [restartedMain] TRACE org.hibernate.orm.jdbc.extract - extracted value (1:BIGINT) -> [3]
00:05:11.156 [restartedMain] TRACE org.hibernate.orm.jdbc.extract - extracted value (2:BIGINT) -> [5]
00:05:11.156 [restartedMain] TRACE org.hibernate.orm.jdbc.extract - extracted value (1:BIGINT) -> [3]
00:05:11.156 [restartedMain] TRACE org.hibernate.orm.jdbc.extract - extracted value (2:BIGINT) -> [7]
00:05:11.156 [restartedMain] DEBUG org.hibernate.SQL - 
    select
        csl1_0.parent_section_id,
        csl1_0.id,
        csl1_0.deleted,
        csl1_0.title 
    from
        section_table csl1_0 
    where
        csl1_0.parent_section_id=? 
        and (
            csl1_0.deleted = 0
        )
00:05:11.156 [restartedMain] TRACE org.hibernate.orm.jdbc.bind - binding parameter (1:BIGINT) <- [2]
00:05:11.156 [restartedMain] DEBUG org.hibernate.SQL - 
    select
        csl1_0.parent_section_id,
        csl1_0.id,
        csl1_0.deleted,
        csl1_0.title 
    from
        section_table csl1_0 
    where
        csl1_0.parent_section_id=? 
        and (
            csl1_0.deleted = 0
        )
00:05:11.156 [restartedMain] TRACE org.hibernate.orm.jdbc.bind - binding parameter (1:BIGINT) <- [1]
00:05:11.156 [restartedMain] TRACE org.hibernate.orm.jdbc.extract - extracted value (1:BIGINT) -> [1]
00:05:11.156 [restartedMain] TRACE org.hibernate.orm.jdbc.extract - extracted value (2:BIGINT) -> [2]
00:05:11.156 [restartedMain] TRACE org.hibernate.orm.jdbc.extract - extracted value (1:BIGINT) -> [1]
00:05:11.156 [restartedMain] TRACE org.hibernate.orm.jdbc.extract - extracted value (2:BIGINT) -> [3]
00:05:11.156 [restartedMain] TRACE org.hibernate.orm.jdbc.extract - extracted value (1:BIGINT) -> [1]
00:05:11.156 [restartedMain] TRACE org.hibernate.orm.jdbc.extract - extracted value (2:BIGINT) -> [6]
00:05:11.156 [restartedMain] DEBUG o.h.e.t.internal.TransactionImpl - committing
00:05:11.156 [restartedMain] DEBUG o.s.jdbc.datasource.DataSourceUtils - Resetting read-only flag of JDBC Connection [HikariProxyConnection@1380328700 wrapping oracle.jdbc.driver.T4CConnection@578779b1]
00:05:11.156 [restartedMain] TRACE o.s.c.interceptor.CacheInterceptor - Creating cache entry for key 'Page request [number: 0, size 50, sort: UNSORTED]' in cache(s) [sectionsPageable]
00:05:11.156 [restartedMain] TRACE o.s.c.interceptor.CacheInterceptor - Computed cache key 'SimpleKey []' for operation Builder[public java.util.List ir.service.impl.SectionServiceImpl.findAllForFilter()] caches=[sectionsFilter] | key='' | keyGenerator='' | cacheManager='' | cacheResolver='' | condition='' | unless='' | sync='false'
00:05:11.156 [restartedMain] TRACE o.s.c.interceptor.CacheInterceptor - No cache entry for key 'SimpleKey []' in cache(s) [sectionsFilter]
00:05:11.156 [restartedMain] DEBUG o.s.jdbc.datasource.DataSourceUtils - Setting JDBC Connection [HikariProxyConnection@61286287 wrapping oracle.jdbc.driver.T4CConnection@578779b1] read-only
00:05:11.156 [restartedMain] DEBUG o.h.e.t.internal.TransactionImpl - On TransactionImpl creation, JpaCompliance#isJpaTransactionComplianceEnabled == false
00:05:11.156 [restartedMain] DEBUG o.h.e.t.internal.TransactionImpl - begin
00:05:11.156 [restartedMain] DEBUG org.hibernate.SQL - 
    /* SELECT
        new  ir.dto.SectionFilterDto(s.id, s.title) 
    FROM
        sectionEntity s 
    where
        s.deleted = false */ select
            s1_0.id,
            s1_0.title 
        from
            section_table s1_0 
        where
            (
                s1_0.deleted = 0
            ) 
            and s1_0.deleted=0
00:05:11.156 [restartedMain] TRACE org.hibernate.orm.jdbc.extract - extracted value (1:BIGINT) -> [1]
00:05:11.156 [restartedMain] TRACE org.hibernate.orm.jdbc.extract - extracted value (2:VARCHAR) -> [MAIN SECTION]
00:05:11.156 [restartedMain] TRACE org.hibernate.orm.jdbc.extract - extracted value (1:BIGINT) -> [2]
00:05:11.156 [restartedMain] TRACE org.hibernate.orm.jdbc.extract - extracted value (2:VARCHAR) -> [HSE]
00:05:11.156 [restartedMain] TRACE org.hibernate.orm.jdbc.extract - extracted value (1:BIGINT) -> [3]
00:05:11.156 [restartedMain] TRACE org.hibernate.orm.jdbc.extract - extracted value (2:VARCHAR) -> [TRANSPORT]
00:05:11.156 [restartedMain] TRACE org.hibernate.orm.jdbc.extract - extracted value (1:BIGINT) -> [4]
00:05:11.156 [restartedMain] TRACE org.hibernate.orm.jdbc.extract - extracted value (2:VARCHAR) -> [BUS]
00:05:11.156 [restartedMain] TRACE org.hibernate.orm.jdbc.extract - extracted value (1:BIGINT) -> [5]
00:05:11.156 [restartedMain] TRACE org.hibernate.orm.jdbc.extract - extracted value (2:VARCHAR) -> [TAXI]
00:05:11.156 [restartedMain] TRACE org.hibernate.orm.jdbc.extract - extracted value (1:BIGINT) -> [6]
00:05:11.156 [restartedMain] TRACE org.hibernate.orm.jdbc.extract - extracted value (2:VARCHAR) -> [ARCHIVE]
00:05:11.156 [restartedMain] TRACE org.hibernate.orm.jdbc.extract - extracted value (1:BIGINT) -> [7]
00:05:11.156 [restartedMain] TRACE org.hibernate.orm.jdbc.extract - extracted value (2:VARCHAR) -> [TRAIN]
00:05:11.171 [restartedMain] DEBUG o.h.e.t.internal.TransactionImpl - committing
00:05:11.172 [restartedMain] DEBUG o.s.jdbc.datasource.DataSourceUtils - Resetting read-only flag of JDBC Connection [HikariProxyConnection@61286287 wrapping oracle.jdbc.driver.T4CConnection@578779b1]
00:05:11.172 [restartedMain] TRACE o.s.c.interceptor.CacheInterceptor - Creating cache entry for key 'SimpleKey []' in cache(s) [sectionsFilter]
00:05:11.172 [restartedMain] INFO  ir.config.SectionCacheWarmup - **************************************************************  cache sections  ***************************************************************
00:05:11.181 [restartedMain] INFO  ir.TicketingSpringSample - **************************************************************Spring Boot Application Started
00:05:11.469 [RMI TCP Connection(4)-192.168.1.152] INFO  o.a.c.c.C.[Tomcat].[localhost].[/] - Initializing Spring DispatcherServlet 'dispatcherServlet'
00:05:11.469 [RMI TCP Connection(4)-192.168.1.152] INFO  o.s.web.servlet.DispatcherServlet - Initializing Servlet 'dispatcherServlet'
00:05:11.472 [RMI TCP Connection(4)-192.168.1.152] INFO  o.s.web.servlet.DispatcherServlet - Completed initialization in 3 ms
00:05:11.517 [RMI TCP Connection(3)-192.168.1.152] INFO  org.mongodb.driver.cluster - Waiting for server to become available for operation with ID 3. Remaining time: 29989 ms. Selector: ReadPreferenceServerSelector{readPreference=primary}, topology description: {type=UNKNOWN, servers=[{address=localhost:27017, type=UNKNOWN, state=CONNECTING, exception={com.mongodb.MongoSocketOpenException: Exception opening socket}, caused by {java.net.ConnectException: Connection refused: no further information}}].
00:05:15.763 [https-jsse-nio-8443-exec-3] DEBUG o.s.security.web.FilterChainProxy - Securing GET /profiles
00:05:15.767 [https-jsse-nio-8443-exec-3] DEBUG o.s.s.w.a.c.ChannelProcessingFilter - Request: filter invocation [GET /profiles]; ConfigAttributes: [REQUIRES_SECURE_CHANNEL]
00:05:15.778 [https-jsse-nio-8443-exec-3] DEBUG o.s.s.w.c.HttpSessionSecurityContextRepository - Retrieved SecurityContextImpl [Authentication=UsernamePasswordAuthenticationToken [Principal=ir.model.entity.CustomUserDetails@7420bd47, Credentials=[PROTECTED], Authenticated=true, Details=WebAuthenticationDetails [RemoteIpAddress=0:0:0:0:0:0:0:1, SessionId=54B9903800BC0AD598F338FAFFE368E1], Granted Authorities=[TICKET_EDIT, ROLE_ADMIN, TICKET_CREATE, TICKET_DELETE]]]
00:05:15.781 [https-jsse-nio-8443-exec-3] DEBUG o.s.security.web.FilterChainProxy - Secured GET /profiles
00:05:15.811 [https-jsse-nio-8443-exec-3] DEBUG o.s.jdbc.datasource.DataSourceUtils - Setting JDBC Connection [HikariProxyConnection@824044985 wrapping oracle.jdbc.driver.T4CConnection@578779b1] read-only
00:05:15.813 [https-jsse-nio-8443-exec-3] DEBUG o.h.e.t.internal.TransactionImpl - On TransactionImpl creation, JpaCompliance#isJpaTransactionComplianceEnabled == false
00:05:15.813 [https-jsse-nio-8443-exec-3] DEBUG o.h.e.t.internal.TransactionImpl - begin
00:05:15.814 [https-jsse-nio-8443-exec-3] DEBUG org.hibernate.SQL - 
    /* <criteria> */ select
        p1_0.id,
        p1_0.deleted,
        p1_0.email,
        p1_0.first_name,
        p1_0.last_name,
        p1_0.phone,
        p1_0.username 
    from
        profile_tbl p1_0 
    where
        (
            p1_0.deleted = 0
        ) 
    order by
        p1_0.first_name 
    offset
        ? rows 
    fetch
        first ? rows only
00:05:15.814 [https-jsse-nio-8443-exec-3] TRACE org.hibernate.orm.jdbc.bind - binding parameter (1:INTEGER) <- [0]
00:05:15.814 [https-jsse-nio-8443-exec-3] TRACE org.hibernate.orm.jdbc.bind - binding parameter (2:INTEGER) <- [10]
00:05:15.816 [https-jsse-nio-8443-exec-3] TRACE org.hibernate.orm.jdbc.extract - extracted value (1:BIGINT) -> [3]
00:05:15.816 [https-jsse-nio-8443-exec-3] TRACE org.hibernate.orm.jdbc.extract - extracted value (7:VARCHAR) -> [amir]
00:05:15.819 [https-jsse-nio-8443-exec-3] DEBUG org.hibernate.SQL - 
    select
        u1_0.username,
        u1_0.account_non_expired,
        u1_0.account_non_locked,
        u1_0.credentials_expiry_date,
        u1_0.credentials_non_expired,
        u1_0.deleted,
        u1_0.enabled,
        u1_0.password,
        rs1_0.username,
        rs1_1.name,
        rs1_1.deleted,
        ps1_0.role_name,
        ps1_1.id,
        ps1_1.deleted,
        ps1_1.permission 
    from
        user_tbl u1_0 
    left join
        (user_role_tbl rs1_0 
    join
        role_tbl rs1_1 
            on rs1_1.name=rs1_0.role_name) 
        on u1_0.username=rs1_0.username 
        and ( rs1_1.deleted = 0) 
    left join
        (role_permission_tbl ps1_0 
    join
        permission_tbl ps1_1 
            on ps1_1.id=ps1_0.permission) 
        on rs1_1.name=ps1_0.role_name 
        and ( ps1_1.deleted = 0) 
    where
        u1_0.username=? 
        and (
            u1_0.deleted = 0
        )
00:05:15.819 [https-jsse-nio-8443-exec-3] TRACE org.hibernate.orm.jdbc.bind - binding parameter (1:VARCHAR) <- [amir]
00:05:15.821 [https-jsse-nio-8443-exec-3] TRACE org.hibernate.orm.jdbc.extract - extracted value (9:VARCHAR) -> [amir]
00:05:15.821 [https-jsse-nio-8443-exec-3] TRACE org.hibernate.orm.jdbc.extract - extracted value (10:VARCHAR) -> [ROLE_CUSTOMER]
00:05:15.821 [https-jsse-nio-8443-exec-3] TRACE org.hibernate.orm.jdbc.extract - extracted value (12:VARCHAR) -> [ROLE_CUSTOMER]
00:05:15.821 [https-jsse-nio-8443-exec-3] TRACE org.hibernate.orm.jdbc.extract - extracted value (13:BIGINT) -> [5]
00:05:15.821 [https-jsse-nio-8443-exec-3] TRACE org.hibernate.orm.jdbc.extract - extracted value (14:BOOLEAN) -> [false]
00:05:15.821 [https-jsse-nio-8443-exec-3] TRACE org.hibernate.orm.jdbc.extract - extracted value (15:VARCHAR) -> [TICKET_CREATE]
00:05:15.822 [https-jsse-nio-8443-exec-3] TRACE org.hibernate.orm.jdbc.extract - extracted value (11:BOOLEAN) -> [false]
00:05:15.822 [https-jsse-nio-8443-exec-3] TRACE org.hibernate.orm.jdbc.extract - extracted value (2:BOOLEAN) -> [true]
00:05:15.822 [https-jsse-nio-8443-exec-3] TRACE org.hibernate.orm.jdbc.extract - extracted value (3:BOOLEAN) -> [true]
00:05:15.822 [https-jsse-nio-8443-exec-3] TRACE org.hibernate.orm.jdbc.extract - extracted value (4:TIMESTAMP) -> [2026-02-15T12:40:35.187484]
00:05:15.822 [https-jsse-nio-8443-exec-3] TRACE org.hibernate.orm.jdbc.extract - extracted value (5:BOOLEAN) -> [true]
00:05:15.822 [https-jsse-nio-8443-exec-3] TRACE org.hibernate.orm.jdbc.extract - extracted value (6:BOOLEAN) -> [false]
00:05:15.822 [https-jsse-nio-8443-exec-3] TRACE org.hibernate.orm.jdbc.extract - extracted value (7:BOOLEAN) -> [true]
00:05:15.822 [https-jsse-nio-8443-exec-3] TRACE org.hibernate.orm.jdbc.extract - extracted value (8:VARCHAR) -> [$2a$12$ddwJ0N0uryty40ZjXUABZeK580.kaoEdkMnql79U3k5bq9Bx818Ay]
00:05:15.822 [https-jsse-nio-8443-exec-3] TRACE org.hibernate.orm.jdbc.extract - extracted value (10:VARCHAR) -> [ROLE_MANAGER]
00:05:15.822 [https-jsse-nio-8443-exec-3] TRACE org.hibernate.orm.jdbc.extract - extracted value (12:VARCHAR) -> [ROLE_MANAGER]
00:05:15.822 [https-jsse-nio-8443-exec-3] TRACE org.hibernate.orm.jdbc.extract - extracted value (13:BIGINT) -> [3]
00:05:15.822 [https-jsse-nio-8443-exec-3] TRACE org.hibernate.orm.jdbc.extract - extracted value (14:BOOLEAN) -> [false]
00:05:15.822 [https-jsse-nio-8443-exec-3] TRACE org.hibernate.orm.jdbc.extract - extracted value (15:VARCHAR) -> [TICKET_EDIT]
00:05:15.822 [https-jsse-nio-8443-exec-3] TRACE org.hibernate.orm.jdbc.extract - extracted value (11:BOOLEAN) -> [false]
00:05:15.823 [https-jsse-nio-8443-exec-3] TRACE org.hibernate.orm.jdbc.extract - extracted value (2:BOOLEAN) -> [false]
00:05:15.823 [https-jsse-nio-8443-exec-3] TRACE org.hibernate.orm.jdbc.extract - extracted value (3:VARCHAR) -> [amir@yahoo.com]
00:05:15.823 [https-jsse-nio-8443-exec-3] TRACE org.hibernate.orm.jdbc.extract - extracted value (4:VARCHAR) -> [amir]
00:05:15.823 [https-jsse-nio-8443-exec-3] TRACE org.hibernate.orm.jdbc.extract - extracted value (5:VARCHAR) -> [najafi]
00:05:15.823 [https-jsse-nio-8443-exec-3] TRACE org.hibernate.orm.jdbc.extract - extracted value (6:VARCHAR) -> [09122233475]
00:05:15.825 [https-jsse-nio-8443-exec-3] TRACE org.hibernate.orm.jdbc.extract - extracted value (1:BIGINT) -> [4]
00:05:15.825 [https-jsse-nio-8443-exec-3] TRACE org.hibernate.orm.jdbc.extract - extracted value (7:VARCHAR) -> [artin]
00:05:15.825 [https-jsse-nio-8443-exec-3] DEBUG org.hibernate.SQL - 
    select
        u1_0.username,
        u1_0.account_non_expired,
        u1_0.account_non_locked,
        u1_0.credentials_expiry_date,
        u1_0.credentials_non_expired,
        u1_0.deleted,
        u1_0.enabled,
        u1_0.password,
        rs1_0.username,
        rs1_1.name,
        rs1_1.deleted,
        ps1_0.role_name,
        ps1_1.id,
        ps1_1.deleted,
        ps1_1.permission 
    from
        user_tbl u1_0 
    left join
        (user_role_tbl rs1_0 
    join
        role_tbl rs1_1 
            on rs1_1.name=rs1_0.role_name) 
        on u1_0.username=rs1_0.username 
        and ( rs1_1.deleted = 0) 
    left join
        (role_permission_tbl ps1_0 
    join
        permission_tbl ps1_1 
            on ps1_1.id=ps1_0.permission) 
        on rs1_1.name=ps1_0.role_name 
        and ( ps1_1.deleted = 0) 
    where
        u1_0.username=? 
        and (
            u1_0.deleted = 0
        )
00:05:15.825 [https-jsse-nio-8443-exec-3] TRACE org.hibernate.orm.jdbc.bind - binding parameter (1:VARCHAR) <- [artin]
00:05:15.826 [https-jsse-nio-8443-exec-3] TRACE org.hibernate.orm.jdbc.extract - extracted value (9:VARCHAR) -> [artin]
00:05:15.826 [https-jsse-nio-8443-exec-3] TRACE org.hibernate.orm.jdbc.extract - extracted value (10:VARCHAR) -> [ROLE_CUSTOMER]
00:05:15.826 [https-jsse-nio-8443-exec-3] TRACE org.hibernate.orm.jdbc.extract - extracted value (2:BOOLEAN) -> [true]
00:05:15.826 [https-jsse-nio-8443-exec-3] TRACE org.hibernate.orm.jdbc.extract - extracted value (3:BOOLEAN) -> [true]
00:05:15.826 [https-jsse-nio-8443-exec-3] TRACE org.hibernate.orm.jdbc.extract - extracted value (4:TIMESTAMP) -> [2026-02-15T12:41]
00:05:15.826 [https-jsse-nio-8443-exec-3] TRACE org.hibernate.orm.jdbc.extract - extracted value (5:BOOLEAN) -> [true]
00:05:15.826 [https-jsse-nio-8443-exec-3] TRACE org.hibernate.orm.jdbc.extract - extracted value (6:BOOLEAN) -> [false]
00:05:15.826 [https-jsse-nio-8443-exec-3] TRACE org.hibernate.orm.jdbc.extract - extracted value (7:BOOLEAN) -> [true]
00:05:15.826 [https-jsse-nio-8443-exec-3] TRACE org.hibernate.orm.jdbc.extract - extracted value (8:VARCHAR) -> [$2a$12$LQ/9Uj10CUQqYQSeLTXUEugUzI7FXTZnvnYR6fTSOkdmnpp1mfGMS]
00:05:15.826 [https-jsse-nio-8443-exec-3] TRACE org.hibernate.orm.jdbc.extract - extracted value (2:BOOLEAN) -> [false]
00:05:15.826 [https-jsse-nio-8443-exec-3] TRACE org.hibernate.orm.jdbc.extract - extracted value (3:VARCHAR) -> [artin@yahoo.com]
00:05:15.826 [https-jsse-nio-8443-exec-3] TRACE org.hibernate.orm.jdbc.extract - extracted value (4:VARCHAR) -> [artin]
00:05:15.826 [https-jsse-nio-8443-exec-3] TRACE org.hibernate.orm.jdbc.extract - extracted value (5:VARCHAR) -> [arbabi]
00:05:15.826 [https-jsse-nio-8443-exec-3] TRACE org.hibernate.orm.jdbc.extract - extracted value (6:VARCHAR) -> [09121115544]
00:05:15.826 [https-jsse-nio-8443-exec-3] TRACE org.hibernate.orm.jdbc.extract - extracted value (1:BIGINT) -> [6]
00:05:15.826 [https-jsse-nio-8443-exec-3] TRACE org.hibernate.orm.jdbc.extract - extracted value (7:VARCHAR) -> [babak]
00:05:15.827 [https-jsse-nio-8443-exec-3] DEBUG org.hibernate.SQL - 
    select
        u1_0.username,
        u1_0.account_non_expired,
        u1_0.account_non_locked,
        u1_0.credentials_expiry_date,
        u1_0.credentials_non_expired,
        u1_0.deleted,
        u1_0.enabled,
        u1_0.password,
        rs1_0.username,
        rs1_1.name,
        rs1_1.deleted,
        ps1_0.role_name,
        ps1_1.id,
        ps1_1.deleted,
        ps1_1.permission 
    from
        user_tbl u1_0 
    left join
        (user_role_tbl rs1_0 
    join
        role_tbl rs1_1 
            on rs1_1.name=rs1_0.role_name) 
        on u1_0.username=rs1_0.username 
        and ( rs1_1.deleted = 0) 
    left join
        (role_permission_tbl ps1_0 
    join
        permission_tbl ps1_1 
            on ps1_1.id=ps1_0.permission) 
        on rs1_1.name=ps1_0.role_name 
        and ( ps1_1.deleted = 0) 
    where
        u1_0.username=? 
        and (
            u1_0.deleted = 0
        )
00:05:15.827 [https-jsse-nio-8443-exec-3] TRACE org.hibernate.orm.jdbc.bind - binding parameter (1:VARCHAR) <- [babak]
00:05:15.827 [https-jsse-nio-8443-exec-3] TRACE org.hibernate.orm.jdbc.extract - extracted value (9:VARCHAR) -> [babak]
00:05:15.827 [https-jsse-nio-8443-exec-3] TRACE org.hibernate.orm.jdbc.extract - extracted value (10:VARCHAR) -> [ROLE_ADMIN]
00:05:15.827 [https-jsse-nio-8443-exec-3] TRACE org.hibernate.orm.jdbc.extract - extracted value (12:VARCHAR) -> [ROLE_ADMIN]
00:05:15.828 [https-jsse-nio-8443-exec-3] TRACE org.hibernate.orm.jdbc.extract - extracted value (13:BIGINT) -> [3]
00:05:15.828 [https-jsse-nio-8443-exec-3] TRACE org.hibernate.orm.jdbc.extract - extracted value (11:BOOLEAN) -> [false]
00:05:15.828 [https-jsse-nio-8443-exec-3] TRACE org.hibernate.orm.jdbc.extract - extracted value (2:BOOLEAN) -> [true]
00:05:15.828 [https-jsse-nio-8443-exec-3] TRACE org.hibernate.orm.jdbc.extract - extracted value (3:BOOLEAN) -> [true]
00:05:15.828 [https-jsse-nio-8443-exec-3] TRACE org.hibernate.orm.jdbc.extract - extracted value (4:TIMESTAMP) -> [2026-02-15T12:44:09.575903]
00:05:15.828 [https-jsse-nio-8443-exec-3] TRACE org.hibernate.orm.jdbc.extract - extracted value (5:BOOLEAN) -> [true]
00:05:15.828 [https-jsse-nio-8443-exec-3] TRACE org.hibernate.orm.jdbc.extract - extracted value (6:BOOLEAN) -> [false]
00:05:15.828 [https-jsse-nio-8443-exec-3] TRACE org.hibernate.orm.jdbc.extract - extracted value (7:BOOLEAN) -> [true]
00:05:15.828 [https-jsse-nio-8443-exec-3] TRACE org.hibernate.orm.jdbc.extract - extracted value (8:VARCHAR) -> [$2a$12$cO3JWgyImLr/sWH2aE5qkuAGdDL2z1uXMmoIVtV/YktFDYxYySveW]
00:05:15.828 [https-jsse-nio-8443-exec-3] TRACE org.hibernate.orm.jdbc.extract - extracted value (10:VARCHAR) -> [ROLE_ADMIN]
00:05:15.828 [https-jsse-nio-8443-exec-3] TRACE org.hibernate.orm.jdbc.extract - extracted value (13:BIGINT) -> [4]
00:05:15.828 [https-jsse-nio-8443-exec-3] TRACE org.hibernate.orm.jdbc.extract - extracted value (14:BOOLEAN) -> [false]
00:05:15.828 [https-jsse-nio-8443-exec-3] TRACE org.hibernate.orm.jdbc.extract - extracted value (15:VARCHAR) -> [TICKET_DELETE]
00:05:15.828 [https-jsse-nio-8443-exec-3] TRACE org.hibernate.orm.jdbc.extract - extracted value (10:VARCHAR) -> [ROLE_ADMIN]
00:05:15.828 [https-jsse-nio-8443-exec-3] TRACE org.hibernate.orm.jdbc.extract - extracted value (13:BIGINT) -> [5]
00:05:15.828 [https-jsse-nio-8443-exec-3] TRACE org.hibernate.orm.jdbc.extract - extracted value (10:VARCHAR) -> [ROLE_CUSTOMER]
00:05:15.828 [https-jsse-nio-8443-exec-3] TRACE org.hibernate.orm.jdbc.extract - extracted value (2:BOOLEAN) -> [false]
00:05:15.828 [https-jsse-nio-8443-exec-3] TRACE org.hibernate.orm.jdbc.extract - extracted value (3:VARCHAR) -> [babak@gmail.com]
00:05:15.828 [https-jsse-nio-8443-exec-3] TRACE org.hibernate.orm.jdbc.extract - extracted value (4:VARCHAR) -> [babak]
00:05:15.828 [https-jsse-nio-8443-exec-3] TRACE org.hibernate.orm.jdbc.extract - extracted value (5:VARCHAR) -> [matin]
00:05:15.828 [https-jsse-nio-8443-exec-3] TRACE org.hibernate.orm.jdbc.extract - extracted value (6:VARCHAR) -> [09126963321]
00:05:15.829 [https-jsse-nio-8443-exec-3] TRACE org.hibernate.orm.jdbc.extract - extracted value (1:BIGINT) -> [7]
00:05:15.829 [https-jsse-nio-8443-exec-3] TRACE org.hibernate.orm.jdbc.extract - extracted value (7:VARCHAR) -> [hasan]
00:05:15.829 [https-jsse-nio-8443-exec-3] DEBUG org.hibernate.SQL - 
    select
        u1_0.username,
        u1_0.account_non_expired,
        u1_0.account_non_locked,
        u1_0.credentials_expiry_date,
        u1_0.credentials_non_expired,
        u1_0.deleted,
        u1_0.enabled,
        u1_0.password,
        rs1_0.username,
        rs1_1.name,
        rs1_1.deleted,
        ps1_0.role_name,
        ps1_1.id,
        ps1_1.deleted,
        ps1_1.permission 
    from
        user_tbl u1_0 
    left join
        (user_role_tbl rs1_0 
    join
        role_tbl rs1_1 
            on rs1_1.name=rs1_0.role_name) 
        on u1_0.username=rs1_0.username 
        and ( rs1_1.deleted = 0) 
    left join
        (role_permission_tbl ps1_0 
    join
        permission_tbl ps1_1 
            on ps1_1.id=ps1_0.permission) 
        on rs1_1.name=ps1_0.role_name 
        and ( ps1_1.deleted = 0) 
    where
        u1_0.username=? 
        and (
            u1_0.deleted = 0
        )
00:05:15.829 [https-jsse-nio-8443-exec-3] TRACE org.hibernate.orm.jdbc.bind - binding parameter (1:VARCHAR) <- [hasan]
00:05:15.831 [https-jsse-nio-8443-exec-3] TRACE org.hibernate.orm.jdbc.extract - extracted value (9:VARCHAR) -> [hasan]
00:05:15.831 [https-jsse-nio-8443-exec-3] TRACE org.hibernate.orm.jdbc.extract - extracted value (10:VARCHAR) -> [ROLE_CUSTOMER]
00:05:15.831 [https-jsse-nio-8443-exec-3] TRACE org.hibernate.orm.jdbc.extract - extracted value (2:BOOLEAN) -> [true]
00:05:15.831 [https-jsse-nio-8443-exec-3] TRACE org.hibernate.orm.jdbc.extract - extracted value (3:BOOLEAN) -> [true]
00:05:15.831 [https-jsse-nio-8443-exec-3] TRACE org.hibernate.orm.jdbc.extract - extracted value (4:TIMESTAMP) -> [2026-02-15T12:45:01.756360]
00:05:15.831 [https-jsse-nio-8443-exec-3] TRACE org.hibernate.orm.jdbc.extract - extracted value (5:BOOLEAN) -> [true]
00:05:15.831 [https-jsse-nio-8443-exec-3] TRACE org.hibernate.orm.jdbc.extract - extracted value (6:BOOLEAN) -> [false]
00:05:15.831 [https-jsse-nio-8443-exec-3] TRACE org.hibernate.orm.jdbc.extract - extracted value (7:BOOLEAN) -> [true]
00:05:15.831 [https-jsse-nio-8443-exec-3] TRACE org.hibernate.orm.jdbc.extract - extracted value (8:VARCHAR) -> [$2a$12$3WCBMaICU536v5jmRfKPMOgonELheopHrOGtLeWb3Cdt4OdBpub2.]
00:05:15.831 [https-jsse-nio-8443-exec-3] TRACE org.hibernate.orm.jdbc.extract - extracted value (2:BOOLEAN) -> [false]
00:05:15.831 [https-jsse-nio-8443-exec-3] TRACE org.hibernate.orm.jdbc.extract - extracted value (3:VARCHAR) -> [hasan@gmail.com]
00:05:15.831 [https-jsse-nio-8443-exec-3] TRACE org.hibernate.orm.jdbc.extract - extracted value (4:VARCHAR) -> [hasan]
00:05:15.831 [https-jsse-nio-8443-exec-3] TRACE org.hibernate.orm.jdbc.extract - extracted value (5:VARCHAR) -> [mansouri]
00:05:15.831 [https-jsse-nio-8443-exec-3] TRACE org.hibernate.orm.jdbc.extract - extracted value (6:VARCHAR) -> [09150145874]
00:05:15.831 [https-jsse-nio-8443-exec-3] TRACE org.hibernate.orm.jdbc.extract - extracted value (1:BIGINT) -> [9]
00:05:15.831 [https-jsse-nio-8443-exec-3] TRACE org.hibernate.orm.jdbc.extract - extracted value (7:VARCHAR) -> [hossein]
00:05:15.831 [https-jsse-nio-8443-exec-3] DEBUG org.hibernate.SQL - 
    select
        u1_0.username,
        u1_0.account_non_expired,
        u1_0.account_non_locked,
        u1_0.credentials_expiry_date,
        u1_0.credentials_non_expired,
        u1_0.deleted,
        u1_0.enabled,
        u1_0.password,
        rs1_0.username,
        rs1_1.name,
        rs1_1.deleted,
        ps1_0.role_name,
        ps1_1.id,
        ps1_1.deleted,
        ps1_1.permission 
    from
        user_tbl u1_0 
    left join
        (user_role_tbl rs1_0 
    join
        role_tbl rs1_1 
            on rs1_1.name=rs1_0.role_name) 
        on u1_0.username=rs1_0.username 
        and ( rs1_1.deleted = 0) 
    left join
        (role_permission_tbl ps1_0 
    join
        permission_tbl ps1_1 
            on ps1_1.id=ps1_0.permission) 
        on rs1_1.name=ps1_0.role_name 
        and ( ps1_1.deleted = 0) 
    where
        u1_0.username=? 
        and (
            u1_0.deleted = 0
        )
00:05:15.832 [https-jsse-nio-8443-exec-3] TRACE org.hibernate.orm.jdbc.bind - binding parameter (1:VARCHAR) <- [hossein]
00:05:15.833 [https-jsse-nio-8443-exec-3] TRACE org.hibernate.orm.jdbc.extract - extracted value (9:VARCHAR) -> [hossein]
00:05:15.833 [https-jsse-nio-8443-exec-3] TRACE org.hibernate.orm.jdbc.extract - extracted value (10:VARCHAR) -> [ROLE_CUSTOMER]
00:05:15.833 [https-jsse-nio-8443-exec-3] TRACE org.hibernate.orm.jdbc.extract - extracted value (2:BOOLEAN) -> [true]
00:05:15.833 [https-jsse-nio-8443-exec-3] TRACE org.hibernate.orm.jdbc.extract - extracted value (3:BOOLEAN) -> [true]
00:05:15.833 [https-jsse-nio-8443-exec-3] TRACE org.hibernate.orm.jdbc.extract - extracted value (4:TIMESTAMP) -> [2026-02-15T12:46:24.291810]
00:05:15.833 [https-jsse-nio-8443-exec-3] TRACE org.hibernate.orm.jdbc.extract - extracted value (5:BOOLEAN) -> [true]
00:05:15.833 [https-jsse-nio-8443-exec-3] TRACE org.hibernate.orm.jdbc.extract - extracted value (6:BOOLEAN) -> [false]
00:05:15.833 [https-jsse-nio-8443-exec-3] TRACE org.hibernate.orm.jdbc.extract - extracted value (7:BOOLEAN) -> [true]
00:05:15.833 [https-jsse-nio-8443-exec-3] TRACE org.hibernate.orm.jdbc.extract - extracted value (8:VARCHAR) -> [$2a$12$LBFeYz5E.F.yrsZN/2u5S.UNEMf5ck.IhxlnsHw/q33MgngZJvDmi]
00:05:15.833 [https-jsse-nio-8443-exec-3] TRACE org.hibernate.orm.jdbc.extract - extracted value (2:BOOLEAN) -> [false]
00:05:15.833 [https-jsse-nio-8443-exec-3] TRACE org.hibernate.orm.jdbc.extract - extracted value (3:VARCHAR) -> [hossein@gmail.com]
00:05:15.833 [https-jsse-nio-8443-exec-3] TRACE org.hibernate.orm.jdbc.extract - extracted value (4:VARCHAR) -> [hossein]
00:05:15.833 [https-jsse-nio-8443-exec-3] TRACE org.hibernate.orm.jdbc.extract - extracted value (5:VARCHAR) -> [samavat]
00:05:15.833 [https-jsse-nio-8443-exec-3] TRACE org.hibernate.orm.jdbc.extract - extracted value (6:VARCHAR) -> [09132584455]
00:05:15.833 [https-jsse-nio-8443-exec-3] TRACE org.hibernate.orm.jdbc.extract - extracted value (1:BIGINT) -> [5]
00:05:15.833 [https-jsse-nio-8443-exec-3] TRACE org.hibernate.orm.jdbc.extract - extracted value (7:VARCHAR) -> [maryam]
00:05:15.834 [https-jsse-nio-8443-exec-3] DEBUG org.hibernate.SQL - 
    select
        u1_0.username,
        u1_0.account_non_expired,
        u1_0.account_non_locked,
        u1_0.credentials_expiry_date,
        u1_0.credentials_non_expired,
        u1_0.deleted,
        u1_0.enabled,
        u1_0.password,
        rs1_0.username,
        rs1_1.name,
        rs1_1.deleted,
        ps1_0.role_name,
        ps1_1.id,
        ps1_1.deleted,
        ps1_1.permission 
    from
        user_tbl u1_0 
    left join
        (user_role_tbl rs1_0 
    join
        role_tbl rs1_1 
            on rs1_1.name=rs1_0.role_name) 
        on u1_0.username=rs1_0.username 
        and ( rs1_1.deleted = 0) 
    left join
        (role_permission_tbl ps1_0 
    join
        permission_tbl ps1_1 
            on ps1_1.id=ps1_0.permission) 
        on rs1_1.name=ps1_0.role_name 
        and ( ps1_1.deleted = 0) 
    where
        u1_0.username=? 
        and (
            u1_0.deleted = 0
        )
00:05:15.834 [https-jsse-nio-8443-exec-3] TRACE org.hibernate.orm.jdbc.bind - binding parameter (1:VARCHAR) <- [maryam]
00:05:15.834 [https-jsse-nio-8443-exec-3] TRACE org.hibernate.orm.jdbc.extract - extracted value (9:VARCHAR) -> [maryam]
00:05:15.834 [https-jsse-nio-8443-exec-3] TRACE org.hibernate.orm.jdbc.extract - extracted value (10:VARCHAR) -> [ROLE_CUSTOMER]
00:05:15.834 [https-jsse-nio-8443-exec-3] TRACE org.hibernate.orm.jdbc.extract - extracted value (2:BOOLEAN) -> [true]
00:05:15.835 [https-jsse-nio-8443-exec-3] TRACE org.hibernate.orm.jdbc.extract - extracted value (3:BOOLEAN) -> [true]
00:05:15.835 [https-jsse-nio-8443-exec-3] TRACE org.hibernate.orm.jdbc.extract - extracted value (4:TIMESTAMP) -> [2026-02-15T12:42:00.427897]
00:05:15.835 [https-jsse-nio-8443-exec-3] TRACE org.hibernate.orm.jdbc.extract - extracted value (5:BOOLEAN) -> [true]
00:05:15.835 [https-jsse-nio-8443-exec-3] TRACE org.hibernate.orm.jdbc.extract - extracted value (6:BOOLEAN) -> [false]
00:05:15.835 [https-jsse-nio-8443-exec-3] TRACE org.hibernate.orm.jdbc.extract - extracted value (7:BOOLEAN) -> [true]
00:05:15.835 [https-jsse-nio-8443-exec-3] TRACE org.hibernate.orm.jdbc.extract - extracted value (8:VARCHAR) -> [$2a$12$eoe/uFtZFJmgK5HF97QwqOgjCKRrInHByKOZSmn7blhTgdle5I24O]
00:05:15.835 [https-jsse-nio-8443-exec-3] TRACE org.hibernate.orm.jdbc.extract - extracted value (2:BOOLEAN) -> [false]
00:05:15.835 [https-jsse-nio-8443-exec-3] TRACE org.hibernate.orm.jdbc.extract - extracted value (3:VARCHAR) -> [maryam@gmail.com]
00:05:15.835 [https-jsse-nio-8443-exec-3] TRACE org.hibernate.orm.jdbc.extract - extracted value (4:VARCHAR) -> [maryam]
00:05:15.835 [https-jsse-nio-8443-exec-3] TRACE org.hibernate.orm.jdbc.extract - extracted value (5:VARCHAR) -> [sekandari]
00:05:15.835 [https-jsse-nio-8443-exec-3] TRACE org.hibernate.orm.jdbc.extract - extracted value (6:VARCHAR) -> [09126662654]
00:05:15.835 [https-jsse-nio-8443-exec-3] TRACE org.hibernate.orm.jdbc.extract - extracted value (1:BIGINT) -> [10]
00:05:15.835 [https-jsse-nio-8443-exec-3] TRACE org.hibernate.orm.jdbc.extract - extracted value (7:VARCHAR) -> [payam]
00:05:15.835 [https-jsse-nio-8443-exec-3] DEBUG org.hibernate.SQL - 
    select
        u1_0.username,
        u1_0.account_non_expired,
        u1_0.account_non_locked,
        u1_0.credentials_expiry_date,
        u1_0.credentials_non_expired,
        u1_0.deleted,
        u1_0.enabled,
        u1_0.password,
        rs1_0.username,
        rs1_1.name,
        rs1_1.deleted,
        ps1_0.role_name,
        ps1_1.id,
        ps1_1.deleted,
        ps1_1.permission 
    from
        user_tbl u1_0 
    left join
        (user_role_tbl rs1_0 
    join
        role_tbl rs1_1 
            on rs1_1.name=rs1_0.role_name) 
        on u1_0.username=rs1_0.username 
        and ( rs1_1.deleted = 0) 
    left join
        (role_permission_tbl ps1_0 
    join
        permission_tbl ps1_1 
            on ps1_1.id=ps1_0.permission) 
        on rs1_1.name=ps1_0.role_name 
        and ( ps1_1.deleted = 0) 
    where
        u1_0.username=? 
        and (
            u1_0.deleted = 0
        )
00:05:15.835 [https-jsse-nio-8443-exec-3] TRACE org.hibernate.orm.jdbc.bind - binding parameter (1:VARCHAR) <- [payam]
00:05:15.836 [https-jsse-nio-8443-exec-3] TRACE org.hibernate.orm.jdbc.extract - extracted value (9:VARCHAR) -> [payam]
00:05:15.836 [https-jsse-nio-8443-exec-3] TRACE org.hibernate.orm.jdbc.extract - extracted value (10:VARCHAR) -> [ROLE_MANAGER]
00:05:15.836 [https-jsse-nio-8443-exec-3] TRACE org.hibernate.orm.jdbc.extract - extracted value (2:BOOLEAN) -> [true]
00:05:15.836 [https-jsse-nio-8443-exec-3] TRACE org.hibernate.orm.jdbc.extract - extracted value (3:BOOLEAN) -> [true]
00:05:15.836 [https-jsse-nio-8443-exec-3] TRACE org.hibernate.orm.jdbc.extract - extracted value (4:TIMESTAMP) -> [2026-02-15T12:46]
00:05:15.836 [https-jsse-nio-8443-exec-3] TRACE org.hibernate.orm.jdbc.extract - extracted value (5:BOOLEAN) -> [true]
00:05:15.836 [https-jsse-nio-8443-exec-3] TRACE org.hibernate.orm.jdbc.extract - extracted value (6:BOOLEAN) -> [false]
00:05:15.836 [https-jsse-nio-8443-exec-3] TRACE org.hibernate.orm.jdbc.extract - extracted value (7:BOOLEAN) -> [true]
00:05:15.836 [https-jsse-nio-8443-exec-3] TRACE org.hibernate.orm.jdbc.extract - extracted value (8:VARCHAR) -> [$2a$12$lVuQXTkB0crKuwzQLIv7QumZWQZdMFMeR4CnkQoftAsg8CiLwEYB6]
00:05:15.836 [https-jsse-nio-8443-exec-3] TRACE org.hibernate.orm.jdbc.extract - extracted value (2:BOOLEAN) -> [false]
00:05:15.836 [https-jsse-nio-8443-exec-3] TRACE org.hibernate.orm.jdbc.extract - extracted value (3:VARCHAR) -> [payam.parham1982@gmail.com]
00:05:15.836 [https-jsse-nio-8443-exec-3] TRACE org.hibernate.orm.jdbc.extract - extracted value (4:VARCHAR) -> [payam]
00:05:15.836 [https-jsse-nio-8443-exec-3] TRACE org.hibernate.orm.jdbc.extract - extracted value (5:VARCHAR) -> [nobari]
00:05:15.836 [https-jsse-nio-8443-exec-3] TRACE org.hibernate.orm.jdbc.extract - extracted value (6:VARCHAR) -> [09192060383]
00:05:15.837 [https-jsse-nio-8443-exec-3] TRACE org.hibernate.orm.jdbc.extract - extracted value (1:BIGINT) -> [1]
00:05:15.837 [https-jsse-nio-8443-exec-3] TRACE org.hibernate.orm.jdbc.extract - extracted value (7:VARCHAR) -> [reza]
00:05:15.837 [https-jsse-nio-8443-exec-3] DEBUG org.hibernate.SQL - 
    select
        u1_0.username,
        u1_0.account_non_expired,
        u1_0.account_non_locked,
        u1_0.credentials_expiry_date,
        u1_0.credentials_non_expired,
        u1_0.deleted,
        u1_0.enabled,
        u1_0.password,
        rs1_0.username,
        rs1_1.name,
        rs1_1.deleted,
        ps1_0.role_name,
        ps1_1.id,
        ps1_1.deleted,
        ps1_1.permission 
    from
        user_tbl u1_0 
    left join
        (user_role_tbl rs1_0 
    join
        role_tbl rs1_1 
            on rs1_1.name=rs1_0.role_name) 
        on u1_0.username=rs1_0.username 
        and ( rs1_1.deleted = 0) 
    left join
        (role_permission_tbl ps1_0 
    join
        permission_tbl ps1_1 
            on ps1_1.id=ps1_0.permission) 
        on rs1_1.name=ps1_0.role_name 
        and ( ps1_1.deleted = 0) 
    where
        u1_0.username=? 
        and (
            u1_0.deleted = 0
        )
00:05:15.837 [https-jsse-nio-8443-exec-3] TRACE org.hibernate.orm.jdbc.bind - binding parameter (1:VARCHAR) <- [reza]
00:05:15.838 [https-jsse-nio-8443-exec-3] TRACE org.hibernate.orm.jdbc.extract - extracted value (9:VARCHAR) -> [reza]
00:05:15.838 [https-jsse-nio-8443-exec-3] TRACE org.hibernate.orm.jdbc.extract - extracted value (10:VARCHAR) -> [ROLE_MANAGER]
00:05:15.838 [https-jsse-nio-8443-exec-3] TRACE org.hibernate.orm.jdbc.extract - extracted value (2:BOOLEAN) -> [true]
00:05:15.838 [https-jsse-nio-8443-exec-3] TRACE org.hibernate.orm.jdbc.extract - extracted value (3:BOOLEAN) -> [true]
00:05:15.838 [https-jsse-nio-8443-exec-3] TRACE org.hibernate.orm.jdbc.extract - extracted value (4:TIMESTAMP) -> [2026-02-15T12:11]
00:05:15.838 [https-jsse-nio-8443-exec-3] TRACE org.hibernate.orm.jdbc.extract - extracted value (5:BOOLEAN) -> [true]
00:05:15.838 [https-jsse-nio-8443-exec-3] TRACE org.hibernate.orm.jdbc.extract - extracted value (6:BOOLEAN) -> [false]
00:05:15.838 [https-jsse-nio-8443-exec-3] TRACE org.hibernate.orm.jdbc.extract - extracted value (7:BOOLEAN) -> [true]
00:05:15.838 [https-jsse-nio-8443-exec-3] TRACE org.hibernate.orm.jdbc.extract - extracted value (8:VARCHAR) -> [$2a$12$Sn2IZjJZlk4Xmbl173VyFOnCAj1xlKjkkZvyq5kzgUGKfH9EvpWsS]
00:05:15.838 [https-jsse-nio-8443-exec-3] TRACE org.hibernate.orm.jdbc.extract - extracted value (2:BOOLEAN) -> [false]
00:05:15.838 [https-jsse-nio-8443-exec-3] TRACE org.hibernate.orm.jdbc.extract - extracted value (3:VARCHAR) -> [reza@yahoo.com]
00:05:15.838 [https-jsse-nio-8443-exec-3] TRACE org.hibernate.orm.jdbc.extract - extracted value (4:VARCHAR) -> [reza]
00:05:15.838 [https-jsse-nio-8443-exec-3] TRACE org.hibernate.orm.jdbc.extract - extracted value (5:VARCHAR) -> [rezai]
00:05:15.838 [https-jsse-nio-8443-exec-3] TRACE org.hibernate.orm.jdbc.extract - extracted value (6:VARCHAR) -> [09128887798]
00:05:15.838 [https-jsse-nio-8443-exec-3] TRACE org.hibernate.orm.jdbc.extract - extracted value (1:BIGINT) -> [11]
00:05:15.838 [https-jsse-nio-8443-exec-3] TRACE org.hibernate.orm.jdbc.extract - extracted value (7:VARCHAR) -> [samira]
00:05:15.839 [https-jsse-nio-8443-exec-3] DEBUG org.hibernate.SQL - 
    select
        u1_0.username,
        u1_0.account_non_expired,
        u1_0.account_non_locked,
        u1_0.credentials_expiry_date,
        u1_0.credentials_non_expired,
        u1_0.deleted,
        u1_0.enabled,
        u1_0.password,
        rs1_0.username,
        rs1_1.name,
        rs1_1.deleted,
        ps1_0.role_name,
        ps1_1.id,
        ps1_1.deleted,
        ps1_1.permission 
    from
        user_tbl u1_0 
    left join
        (user_role_tbl rs1_0 
    join
        role_tbl rs1_1 
            on rs1_1.name=rs1_0.role_name) 
        on u1_0.username=rs1_0.username 
        and ( rs1_1.deleted = 0) 
    left join
        (role_permission_tbl ps1_0 
    join
        permission_tbl ps1_1 
            on ps1_1.id=ps1_0.permission) 
        on rs1_1.name=ps1_0.role_name 
        and ( ps1_1.deleted = 0) 
    where
        u1_0.username=? 
        and (
            u1_0.deleted = 0
        )
00:05:15.839 [https-jsse-nio-8443-exec-3] TRACE org.hibernate.orm.jdbc.bind - binding parameter (1:VARCHAR) <- [samira]
00:05:15.839 [https-jsse-nio-8443-exec-3] TRACE org.hibernate.orm.jdbc.extract - extracted value (9:VARCHAR) -> [samira]
00:05:15.839 [https-jsse-nio-8443-exec-3] TRACE org.hibernate.orm.jdbc.extract - extracted value (10:VARCHAR) -> [ROLE_CUSTOMER]
00:05:15.840 [https-jsse-nio-8443-exec-3] TRACE org.hibernate.orm.jdbc.extract - extracted value (2:BOOLEAN) -> [true]
00:05:15.840 [https-jsse-nio-8443-exec-3] TRACE org.hibernate.orm.jdbc.extract - extracted value (3:BOOLEAN) -> [true]
00:05:15.840 [https-jsse-nio-8443-exec-3] TRACE org.hibernate.orm.jdbc.extract - extracted value (4:TIMESTAMP) -> [2026-02-15T12:48:08.112483]
00:05:15.840 [https-jsse-nio-8443-exec-3] TRACE org.hibernate.orm.jdbc.extract - extracted value (5:BOOLEAN) -> [true]
00:05:15.840 [https-jsse-nio-8443-exec-3] TRACE org.hibernate.orm.jdbc.extract - extracted value (6:BOOLEAN) -> [false]
00:05:15.840 [https-jsse-nio-8443-exec-3] TRACE org.hibernate.orm.jdbc.extract - extracted value (7:BOOLEAN) -> [true]
00:05:15.840 [https-jsse-nio-8443-exec-3] TRACE org.hibernate.orm.jdbc.extract - extracted value (8:VARCHAR) -> [$2a$12$S1VKZAogKfel9ROgJbM.BOFyJUrOcZllF7AE9OsIo.Xy14xFRkNLi]
00:05:15.840 [https-jsse-nio-8443-exec-3] TRACE org.hibernate.orm.jdbc.extract - extracted value (2:BOOLEAN) -> [false]
00:05:15.840 [https-jsse-nio-8443-exec-3] TRACE org.hibernate.orm.jdbc.extract - extracted value (3:VARCHAR) -> [samira@gmail.com]
00:05:15.840 [https-jsse-nio-8443-exec-3] TRACE org.hibernate.orm.jdbc.extract - extracted value (4:VARCHAR) -> [samira]
00:05:15.840 [https-jsse-nio-8443-exec-3] TRACE org.hibernate.orm.jdbc.extract - extracted value (5:VARCHAR) -> [samavat]
00:05:15.840 [https-jsse-nio-8443-exec-3] TRACE org.hibernate.orm.jdbc.extract - extracted value (6:VARCHAR) -> [09103336655]
00:05:15.840 [https-jsse-nio-8443-exec-3] TRACE org.hibernate.orm.jdbc.extract - extracted value (1:BIGINT) -> [12]
00:05:15.840 [https-jsse-nio-8443-exec-3] TRACE org.hibernate.orm.jdbc.extract - extracted value (7:VARCHAR) -> [sara]
00:05:15.840 [https-jsse-nio-8443-exec-3] DEBUG org.hibernate.SQL - 
    select
        u1_0.username,
        u1_0.account_non_expired,
        u1_0.account_non_locked,
        u1_0.credentials_expiry_date,
        u1_0.credentials_non_expired,
        u1_0.deleted,
        u1_0.enabled,
        u1_0.password,
        rs1_0.username,
        rs1_1.name,
        rs1_1.deleted,
        ps1_0.role_name,
        ps1_1.id,
        ps1_1.deleted,
        ps1_1.permission 
    from
        user_tbl u1_0 
    left join
        (user_role_tbl rs1_0 
    join
        role_tbl rs1_1 
            on rs1_1.name=rs1_0.role_name) 
        on u1_0.username=rs1_0.username 
        and ( rs1_1.deleted = 0) 
    left join
        (role_permission_tbl ps1_0 
    join
        permission_tbl ps1_1 
            on ps1_1.id=ps1_0.permission) 
        on rs1_1.name=ps1_0.role_name 
        and ( ps1_1.deleted = 0) 
    where
        u1_0.username=? 
        and (
            u1_0.deleted = 0
        )
00:05:15.840 [https-jsse-nio-8443-exec-3] TRACE org.hibernate.orm.jdbc.bind - binding parameter (1:VARCHAR) <- [sara]
00:05:15.841 [https-jsse-nio-8443-exec-3] TRACE org.hibernate.orm.jdbc.extract - extracted value (9:VARCHAR) -> [sara]
00:05:15.841 [https-jsse-nio-8443-exec-3] TRACE org.hibernate.orm.jdbc.extract - extracted value (10:VARCHAR) -> [ROLE_CUSTOMER]
00:05:15.841 [https-jsse-nio-8443-exec-3] TRACE org.hibernate.orm.jdbc.extract - extracted value (2:BOOLEAN) -> [true]
00:05:15.841 [https-jsse-nio-8443-exec-3] TRACE org.hibernate.orm.jdbc.extract - extracted value (3:BOOLEAN) -> [true]
00:05:15.841 [https-jsse-nio-8443-exec-3] TRACE org.hibernate.orm.jdbc.extract - extracted value (4:TIMESTAMP) -> [2026-02-15T12:48:51.616509]
00:05:15.841 [https-jsse-nio-8443-exec-3] TRACE org.hibernate.orm.jdbc.extract - extracted value (5:BOOLEAN) -> [true]
00:05:15.841 [https-jsse-nio-8443-exec-3] TRACE org.hibernate.orm.jdbc.extract - extracted value (6:BOOLEAN) -> [false]
00:05:15.841 [https-jsse-nio-8443-exec-3] TRACE org.hibernate.orm.jdbc.extract - extracted value (7:BOOLEAN) -> [true]
00:05:15.841 [https-jsse-nio-8443-exec-3] TRACE org.hibernate.orm.jdbc.extract - extracted value (8:VARCHAR) -> [$2a$12$3KF1d0C6MWaPMgJCZ2mg6u5yeosWuf8DV2vm1sVMiHzrwKRveJq/2]
00:05:15.841 [https-jsse-nio-8443-exec-3] TRACE org.hibernate.orm.jdbc.extract - extracted value (2:BOOLEAN) -> [false]
00:05:15.841 [https-jsse-nio-8443-exec-3] TRACE org.hibernate.orm.jdbc.extract - extracted value (3:VARCHAR) -> [sara@gmail.com]
00:05:15.841 [https-jsse-nio-8443-exec-3] TRACE org.hibernate.orm.jdbc.extract - extracted value (4:VARCHAR) -> [sara]
00:05:15.841 [https-jsse-nio-8443-exec-3] TRACE org.hibernate.orm.jdbc.extract - extracted value (5:VARCHAR) -> [sarmad]
00:05:15.841 [https-jsse-nio-8443-exec-3] TRACE org.hibernate.orm.jdbc.extract - extracted value (6:VARCHAR) -> [09178523600]
00:05:15.844 [https-jsse-nio-8443-exec-3] DEBUG org.hibernate.SQL - 
    /* <criteria> */ select
        count(p1_0.id) 
    from
        profile_tbl p1_0 
    where
        (
            p1_0.deleted = 0
        )
00:05:15.845 [https-jsse-nio-8443-exec-3] TRACE org.hibernate.orm.jdbc.extract - extracted value (1:BIGINT) -> [12]
00:05:15.846 [https-jsse-nio-8443-exec-3] DEBUG o.h.e.t.internal.TransactionImpl - committing
00:05:15.847 [https-jsse-nio-8443-exec-3] DEBUG o.s.jdbc.datasource.DataSourceUtils - Resetting read-only flag of JDBC Connection [HikariProxyConnection@824044985 wrapping oracle.jdbc.driver.T4CConnection@578779b1]
00:05:15.848 [https-jsse-nio-8443-exec-3] INFO  i.c.exception.ResponseAspect - Web Controller: profilesList
00:05:16.142 [https-jsse-nio-8443-exec-4] DEBUG o.s.security.web.FilterChainProxy - Securing GET /css/bootstrap.min.css
00:05:16.142 [https-jsse-nio-8443-exec-4] DEBUG o.s.s.w.a.c.ChannelProcessingFilter - Request: filter invocation [GET /css/bootstrap.min.css]; ConfigAttributes: [REQUIRES_SECURE_CHANNEL]
00:05:16.144 [https-jsse-nio-8443-exec-4] DEBUG o.s.security.web.FilterChainProxy - Secured GET /css/bootstrap.min.css
00:05:16.165 [https-jsse-nio-8443-exec-8] DEBUG o.s.security.web.FilterChainProxy - Securing GET /css/toast.css
00:05:16.166 [https-jsse-nio-8443-exec-8] DEBUG o.s.s.w.a.c.ChannelProcessingFilter - Request: filter invocation [GET /css/toast.css]; ConfigAttributes: [REQUIRES_SECURE_CHANNEL]
00:05:16.167 [https-jsse-nio-8443-exec-8] DEBUG o.s.security.web.FilterChainProxy - Secured GET /css/toast.css
00:05:16.169 [https-jsse-nio-8443-exec-8] DEBUG o.s.s.w.c.HttpSessionSecurityContextRepository - Retrieved SecurityContextImpl [Authentication=UsernamePasswordAuthenticationToken [Principal=ir.model.entity.CustomUserDetails@7420bd47, Credentials=[PROTECTED], Authenticated=true, Details=WebAuthenticationDetails [RemoteIpAddress=0:0:0:0:0:0:0:1, SessionId=54B9903800BC0AD598F338FAFFE368E1], Granted Authorities=[TICKET_EDIT, ROLE_ADMIN, TICKET_CREATE, TICKET_DELETE]]]
00:05:16.169 [https-jsse-nio-8443-exec-9] DEBUG o.s.security.web.FilterChainProxy - Securing GET /css/reset.css
00:05:16.170 [https-jsse-nio-8443-exec-9] DEBUG o.s.s.w.a.c.ChannelProcessingFilter - Request: filter invocation [GET /css/reset.css]; ConfigAttributes: [REQUIRES_SECURE_CHANNEL]
00:05:16.170 [https-jsse-nio-8443-exec-4] DEBUG o.s.s.w.c.HttpSessionSecurityContextRepository - Retrieved SecurityContextImpl [Authentication=UsernamePasswordAuthenticationToken [Principal=ir.model.entity.CustomUserDetails@7420bd47, Credentials=[PROTECTED], Authenticated=true, Details=WebAuthenticationDetails [RemoteIpAddress=0:0:0:0:0:0:0:1, SessionId=54B9903800BC0AD598F338FAFFE368E1], Granted Authorities=[TICKET_EDIT, ROLE_ADMIN, TICKET_CREATE, TICKET_DELETE]]]
00:05:16.171 [https-jsse-nio-8443-exec-9] DEBUG o.s.security.web.FilterChainProxy - Secured GET /css/reset.css
00:05:16.172 [https-jsse-nio-8443-exec-8] DEBUG o.s.security.web.FilterChainProxy - Securing GET /css/fontawesome.css
00:05:16.172 [https-jsse-nio-8443-exec-8] DEBUG o.s.s.w.a.c.ChannelProcessingFilter - Request: filter invocation [GET /css/fontawesome.css]; ConfigAttributes: [REQUIRES_SECURE_CHANNEL]
00:05:16.173 [https-jsse-nio-8443-exec-4] DEBUG o.s.security.web.FilterChainProxy - Securing GET /css/fonts.min.css
00:05:16.173 [https-jsse-nio-8443-exec-4] DEBUG o.s.s.w.a.c.ChannelProcessingFilter - Request: filter invocation [GET /css/fonts.min.css]; ConfigAttributes: [REQUIRES_SECURE_CHANNEL]
00:05:16.173 [https-jsse-nio-8443-exec-9] DEBUG o.s.s.w.c.HttpSessionSecurityContextRepository - Retrieved SecurityContextImpl [Authentication=UsernamePasswordAuthenticationToken [Principal=ir.model.entity.CustomUserDetails@7420bd47, Credentials=[PROTECTED], Authenticated=true, Details=WebAuthenticationDetails [RemoteIpAddress=0:0:0:0:0:0:0:1, SessionId=54B9903800BC0AD598F338FAFFE368E1], Granted Authorities=[TICKET_EDIT, ROLE_ADMIN, TICKET_CREATE, TICKET_DELETE]]]
00:05:16.173 [https-jsse-nio-8443-exec-8] DEBUG o.s.security.web.FilterChainProxy - Secured GET /css/fontawesome.css
00:05:16.174 [https-jsse-nio-8443-exec-4] DEBUG o.s.security.web.FilterChainProxy - Secured GET /css/fonts.min.css
00:05:16.175 [https-jsse-nio-8443-exec-9] DEBUG o.s.security.web.FilterChainProxy - Securing GET /css/styles.css
00:05:16.175 [https-jsse-nio-8443-exec-9] DEBUG o.s.s.w.a.c.ChannelProcessingFilter - Request: filter invocation [GET /css/styles.css]; ConfigAttributes: [REQUIRES_SECURE_CHANNEL]
00:05:16.176 [https-jsse-nio-8443-exec-9] DEBUG o.s.security.web.FilterChainProxy - Secured GET /css/styles.css
00:05:16.176 [https-jsse-nio-8443-exec-4] DEBUG o.s.s.w.c.HttpSessionSecurityContextRepository - Retrieved SecurityContextImpl [Authentication=UsernamePasswordAuthenticationToken [Principal=ir.model.entity.CustomUserDetails@7420bd47, Credentials=[PROTECTED], Authenticated=true, Details=WebAuthenticationDetails [RemoteIpAddress=0:0:0:0:0:0:0:1, SessionId=54B9903800BC0AD598F338FAFFE368E1], Granted Authorities=[TICKET_EDIT, ROLE_ADMIN, TICKET_CREATE, TICKET_DELETE]]]
00:05:16.178 [https-jsse-nio-8443-exec-9] DEBUG o.s.s.w.c.HttpSessionSecurityContextRepository - Retrieved SecurityContextImpl [Authentication=UsernamePasswordAuthenticationToken [Principal=ir.model.entity.CustomUserDetails@7420bd47, Credentials=[PROTECTED], Authenticated=true, Details=WebAuthenticationDetails [RemoteIpAddress=0:0:0:0:0:0:0:1, SessionId=54B9903800BC0AD598F338FAFFE368E1], Granted Authorities=[TICKET_EDIT, ROLE_ADMIN, TICKET_CREATE, TICKET_DELETE]]]
00:05:16.180 [https-jsse-nio-8443-exec-5] DEBUG o.s.security.web.FilterChainProxy - Securing GET /js/bootstrap.bundle.min.js
00:05:16.180 [https-jsse-nio-8443-exec-5] DEBUG o.s.s.w.a.c.ChannelProcessingFilter - Request: filter invocation [GET /js/bootstrap.bundle.min.js]; ConfigAttributes: [REQUIRES_SECURE_CHANNEL]
00:05:16.181 [https-jsse-nio-8443-exec-9] DEBUG o.s.security.web.FilterChainProxy - Securing GET /.well-known/appspecific/com.chrome.devtools.json
00:05:16.181 [https-jsse-nio-8443-exec-9] DEBUG o.s.s.w.a.c.ChannelProcessingFilter - Request: filter invocation [GET /.well-known/appspecific/com.chrome.devtools.json]; ConfigAttributes: [REQUIRES_SECURE_CHANNEL]
00:05:16.181 [https-jsse-nio-8443-exec-5] DEBUG o.s.security.web.FilterChainProxy - Secured GET /js/bootstrap.bundle.min.js
00:05:16.182 [https-jsse-nio-8443-exec-9] DEBUG o.s.s.w.c.HttpSessionSecurityContextRepository - Retrieved SecurityContextImpl [Authentication=UsernamePasswordAuthenticationToken [Principal=ir.model.entity.CustomUserDetails@7420bd47, Credentials=[PROTECTED], Authenticated=true, Details=WebAuthenticationDetails [RemoteIpAddress=0:0:0:0:0:0:0:1, SessionId=54B9903800BC0AD598F338FAFFE368E1], Granted Authorities=[TICKET_EDIT, ROLE_ADMIN, TICKET_CREATE, TICKET_DELETE]]]
00:05:16.182 [https-jsse-nio-8443-exec-9] DEBUG o.s.security.web.FilterChainProxy - Secured GET /.well-known/appspecific/com.chrome.devtools.json
00:05:16.184 [https-jsse-nio-8443-exec-4] DEBUG o.s.security.web.FilterChainProxy - Securing GET /icons/mftlogo.png
00:05:16.185 [https-jsse-nio-8443-exec-4] DEBUG o.s.s.w.a.c.ChannelProcessingFilter - Request: filter invocation [GET /icons/mftlogo.png]; ConfigAttributes: [REQUIRES_SECURE_CHANNEL]
00:05:16.186 [https-jsse-nio-8443-exec-4] DEBUG o.s.s.w.c.HttpSessionSecurityContextRepository - Retrieved SecurityContextImpl [Authentication=UsernamePasswordAuthenticationToken [Principal=ir.model.entity.CustomUserDetails@7420bd47, Credentials=[PROTECTED], Authenticated=true, Details=WebAuthenticationDetails [RemoteIpAddress=0:0:0:0:0:0:0:1, SessionId=54B9903800BC0AD598F338FAFFE368E1], Granted Authorities=[TICKET_EDIT, ROLE_ADMIN, TICKET_CREATE, TICKET_DELETE]]]
00:05:16.187 [https-jsse-nio-8443-exec-4] DEBUG o.s.security.web.FilterChainProxy - Secured GET /icons/mftlogo.png
00:05:16.188 [https-jsse-nio-8443-exec-10] DEBUG o.s.security.web.FilterChainProxy - Securing GET /js/fontawesome.js
00:05:16.188 [https-jsse-nio-8443-exec-10] DEBUG o.s.s.w.a.c.ChannelProcessingFilter - Request: filter invocation [GET /js/fontawesome.js]; ConfigAttributes: [REQUIRES_SECURE_CHANNEL]
00:05:16.188 [https-jsse-nio-8443-exec-10] DEBUG o.s.security.web.FilterChainProxy - Secured GET /js/fontawesome.js
00:05:16.188 [https-jsse-nio-8443-exec-5] DEBUG o.s.s.w.c.HttpSessionSecurityContextRepository - Retrieved SecurityContextImpl [Authentication=UsernamePasswordAuthenticationToken [Principal=ir.model.entity.CustomUserDetails@7420bd47, Credentials=[PROTECTED], Authenticated=true, Details=WebAuthenticationDetails [RemoteIpAddress=0:0:0:0:0:0:0:1, SessionId=54B9903800BC0AD598F338FAFFE368E1], Granted Authorities=[TICKET_EDIT, ROLE_ADMIN, TICKET_CREATE, TICKET_DELETE]]]
00:05:16.192 [https-jsse-nio-8443-exec-7] DEBUG o.s.security.web.FilterChainProxy - Securing GET /js/script.js
00:05:16.192 [https-jsse-nio-8443-exec-2] DEBUG o.s.security.web.FilterChainProxy - Securing GET /js/toast.js
00:05:16.192 [https-jsse-nio-8443-exec-7] DEBUG o.s.s.w.a.c.ChannelProcessingFilter - Request: filter invocation [GET /js/script.js]; ConfigAttributes: [REQUIRES_SECURE_CHANNEL]
00:05:16.192 [https-jsse-nio-8443-exec-2] DEBUG o.s.s.w.a.c.ChannelProcessingFilter - Request: filter invocation [GET /js/toast.js]; ConfigAttributes: [REQUIRES_SECURE_CHANNEL]
00:05:16.193 [https-jsse-nio-8443-exec-4] DEBUG o.s.security.web.FilterChainProxy - Securing GET /js/profiles.js
00:05:16.193 [https-jsse-nio-8443-exec-2] DEBUG o.s.security.web.FilterChainProxy - Secured GET /js/toast.js
00:05:16.193 [https-jsse-nio-8443-exec-7] DEBUG o.s.security.web.FilterChainProxy - Secured GET /js/script.js
00:05:16.193 [https-jsse-nio-8443-exec-4] DEBUG o.s.s.w.a.c.ChannelProcessingFilter - Request: filter invocation [GET /js/profiles.js]; ConfigAttributes: [REQUIRES_SECURE_CHANNEL]
00:05:16.194 [https-jsse-nio-8443-exec-4] DEBUG o.s.security.web.FilterChainProxy - Secured GET /js/profiles.js
00:05:16.195 [https-jsse-nio-8443-exec-2] DEBUG o.s.s.w.c.HttpSessionSecurityContextRepository - Retrieved SecurityContextImpl [Authentication=UsernamePasswordAuthenticationToken [Principal=ir.model.entity.CustomUserDetails@7420bd47, Credentials=[PROTECTED], Authenticated=true, Details=WebAuthenticationDetails [RemoteIpAddress=0:0:0:0:0:0:0:1, SessionId=54B9903800BC0AD598F338FAFFE368E1], Granted Authorities=[TICKET_EDIT, ROLE_ADMIN, TICKET_CREATE, TICKET_DELETE]]]
00:05:16.195 [https-jsse-nio-8443-exec-7] DEBUG o.s.s.w.c.HttpSessionSecurityContextRepository - Retrieved SecurityContextImpl [Authentication=UsernamePasswordAuthenticationToken [Principal=ir.model.entity.CustomUserDetails@7420bd47, Credentials=[PROTECTED], Authenticated=true, Details=WebAuthenticationDetails [RemoteIpAddress=0:0:0:0:0:0:0:1, SessionId=54B9903800BC0AD598F338FAFFE368E1], Granted Authorities=[TICKET_EDIT, ROLE_ADMIN, TICKET_CREATE, TICKET_DELETE]]]
00:05:16.196 [https-jsse-nio-8443-exec-9] DEBUG o.s.security.web.FilterChainProxy - Securing GET /error
00:05:16.197 [https-jsse-nio-8443-exec-9] DEBUG o.s.s.w.a.c.ChannelProcessingFilter - Request: filter invocation [GET /error]; ConfigAttributes: [REQUIRES_SECURE_CHANNEL]
00:05:16.197 [https-jsse-nio-8443-exec-9] DEBUG o.s.s.w.c.HttpSessionSecurityContextRepository - Retrieved SecurityContextImpl [Authentication=UsernamePasswordAuthenticationToken [Principal=ir.model.entity.CustomUserDetails@7420bd47, Credentials=[PROTECTED], Authenticated=true, Details=WebAuthenticationDetails [RemoteIpAddress=0:0:0:0:0:0:0:1, SessionId=54B9903800BC0AD598F338FAFFE368E1], Granted Authorities=[TICKET_EDIT, ROLE_ADMIN, TICKET_CREATE, TICKET_DELETE]]]
00:05:16.197 [https-jsse-nio-8443-exec-9] DEBUG o.s.security.web.FilterChainProxy - Secured GET /error
00:05:16.214 [https-jsse-nio-8443-exec-8] DEBUG o.s.s.w.c.HttpSessionSecurityContextRepository - Retrieved SecurityContextImpl [Authentication=UsernamePasswordAuthenticationToken [Principal=ir.model.entity.CustomUserDetails@7420bd47, Credentials=[PROTECTED], Authenticated=true, Details=WebAuthenticationDetails [RemoteIpAddress=0:0:0:0:0:0:0:1, SessionId=54B9903800BC0AD598F338FAFFE368E1], Granted Authorities=[TICKET_EDIT, ROLE_ADMIN, TICKET_CREATE, TICKET_DELETE]]]
00:05:16.221 [https-jsse-nio-8443-exec-4] DEBUG o.s.s.w.c.HttpSessionSecurityContextRepository - Retrieved SecurityContextImpl [Authentication=UsernamePasswordAuthenticationToken [Principal=ir.model.entity.CustomUserDetails@7420bd47, Credentials=[PROTECTED], Authenticated=true, Details=WebAuthenticationDetails [RemoteIpAddress=0:0:0:0:0:0:0:1, SessionId=54B9903800BC0AD598F338FAFFE368E1], Granted Authorities=[TICKET_EDIT, ROLE_ADMIN, TICKET_CREATE, TICKET_DELETE]]]
00:05:16.268 [https-jsse-nio-8443-exec-5] DEBUG o.s.security.web.FilterChainProxy - Securing GET /webfonts/fa-brands-400.woff2
00:05:16.268 [https-jsse-nio-8443-exec-3] DEBUG o.s.security.web.FilterChainProxy - Securing GET /webfonts/fa-solid-900.woff2
00:05:16.268 [https-jsse-nio-8443-exec-5] DEBUG o.s.s.w.a.c.ChannelProcessingFilter - Request: filter invocation [GET /webfonts/fa-brands-400.woff2]; ConfigAttributes: [REQUIRES_SECURE_CHANNEL]
00:05:16.268 [https-jsse-nio-8443-exec-3] DEBUG o.s.s.w.a.c.ChannelProcessingFilter - Request: filter invocation [GET /webfonts/fa-solid-900.woff2]; ConfigAttributes: [REQUIRES_SECURE_CHANNEL]
00:05:16.269 [https-jsse-nio-8443-exec-6] DEBUG o.s.security.web.FilterChainProxy - Securing GET /css/bootstrap.min.css.map
00:05:16.269 [https-jsse-nio-8443-exec-6] DEBUG o.s.s.w.a.c.ChannelProcessingFilter - Request: filter invocation [GET /css/bootstrap.min.css.map]; ConfigAttributes: [REQUIRES_SECURE_CHANNEL]
00:05:16.270 [https-jsse-nio-8443-exec-6] DEBUG o.s.security.web.FilterChainProxy - Secured GET /css/bootstrap.min.css.map
00:05:16.272 [https-jsse-nio-8443-exec-1] DEBUG o.s.security.web.FilterChainProxy - Securing GET /js/bootstrap.bundle.min.js.map
00:05:16.272 [https-jsse-nio-8443-exec-1] DEBUG o.s.s.w.a.c.ChannelProcessingFilter - Request: filter invocation [GET /js/bootstrap.bundle.min.js.map]; ConfigAttributes: [REQUIRES_SECURE_CHANNEL]
00:05:16.272 [https-jsse-nio-8443-exec-1] DEBUG o.s.security.web.FilterChainProxy - Secured GET /js/bootstrap.bundle.min.js.map
00:05:16.282 [https-jsse-nio-8443-exec-3] DEBUG o.s.s.w.c.HttpSessionSecurityContextRepository - Retrieved SecurityContextImpl [Authentication=UsernamePasswordAuthenticationToken [Principal=ir.model.entity.CustomUserDetails@7420bd47, Credentials=[PROTECTED], Authenticated=true, Details=WebAuthenticationDetails [RemoteIpAddress=0:0:0:0:0:0:0:1, SessionId=54B9903800BC0AD598F338FAFFE368E1], Granted Authorities=[TICKET_EDIT, ROLE_ADMIN, TICKET_CREATE, TICKET_DELETE]]]
00:05:16.282 [https-jsse-nio-8443-exec-5] DEBUG o.s.s.w.c.HttpSessionSecurityContextRepository - Retrieved SecurityContextImpl [Authentication=UsernamePasswordAuthenticationToken [Principal=ir.model.entity.CustomUserDetails@7420bd47, Credentials=[PROTECTED], Authenticated=true, Details=WebAuthenticationDetails [RemoteIpAddress=0:0:0:0:0:0:0:1, SessionId=54B9903800BC0AD598F338FAFFE368E1], Granted Authorities=[TICKET_EDIT, ROLE_ADMIN, TICKET_CREATE, TICKET_DELETE]]]
00:05:16.282 [https-jsse-nio-8443-exec-5] DEBUG o.s.security.web.FilterChainProxy - Secured GET /webfonts/fa-brands-400.woff2
00:05:16.282 [https-jsse-nio-8443-exec-3] DEBUG o.s.security.web.FilterChainProxy - Secured GET /webfonts/fa-solid-900.woff2
00:05:16.298 [https-jsse-nio-8443-exec-1] DEBUG o.s.s.w.c.HttpSessionSecurityContextRepository - Retrieved SecurityContextImpl [Authentication=UsernamePasswordAuthenticationToken [Principal=ir.model.entity.CustomUserDetails@7420bd47, Credentials=[PROTECTED], Authenticated=true, Details=WebAuthenticationDetails [RemoteIpAddress=0:0:0:0:0:0:0:1, SessionId=54B9903800BC0AD598F338FAFFE368E1], Granted Authorities=[TICKET_EDIT, ROLE_ADMIN, TICKET_CREATE, TICKET_DELETE]]]
00:05:16.312 [https-jsse-nio-8443-exec-6] DEBUG o.s.s.w.c.HttpSessionSecurityContextRepository - Retrieved SecurityContextImpl [Authentication=UsernamePasswordAuthenticationToken [Principal=ir.model.entity.CustomUserDetails@7420bd47, Credentials=[PROTECTED], Authenticated=true, Details=WebAuthenticationDetails [RemoteIpAddress=0:0:0:0:0:0:0:1, SessionId=54B9903800BC0AD598F338FAFFE368E1], Granted Authorities=[TICKET_EDIT, ROLE_ADMIN, TICKET_CREATE, TICKET_DELETE]]]
00:05:16.728 [https-jsse-nio-8443-exec-10] DEBUG o.s.s.w.c.HttpSessionSecurityContextRepository - Retrieved SecurityContextImpl [Authentication=UsernamePasswordAuthenticationToken [Principal=ir.model.entity.CustomUserDetails@7420bd47, Credentials=[PROTECTED], Authenticated=true, Details=WebAuthenticationDetails [RemoteIpAddress=0:0:0:0:0:0:0:1, SessionId=54B9903800BC0AD598F338FAFFE368E1], Granted Authorities=[TICKET_EDIT, ROLE_ADMIN, TICKET_CREATE, TICKET_DELETE]]]
00:05:16.961 [https-jsse-nio-8443-exec-7] DEBUG o.s.security.web.FilterChainProxy - Securing GET /profiles?page=0&size=10&sortBy=firstName&fragment=true
00:05:16.962 [https-jsse-nio-8443-exec-7] DEBUG o.s.s.w.a.c.ChannelProcessingFilter - Request: filter invocation [GET /profiles?page=0&size=10&sortBy=firstName&fragment=true]; ConfigAttributes: [REQUIRES_SECURE_CHANNEL]
00:05:16.964 [https-jsse-nio-8443-exec-7] DEBUG o.s.s.w.c.HttpSessionSecurityContextRepository - Retrieved SecurityContextImpl [Authentication=UsernamePasswordAuthenticationToken [Principal=ir.model.entity.CustomUserDetails@7420bd47, Credentials=[PROTECTED], Authenticated=true, Details=WebAuthenticationDetails [RemoteIpAddress=0:0:0:0:0:0:0:1, SessionId=54B9903800BC0AD598F338FAFFE368E1], Granted Authorities=[TICKET_EDIT, ROLE_ADMIN, TICKET_CREATE, TICKET_DELETE]]]
00:05:16.964 [https-jsse-nio-8443-exec-7] DEBUG o.s.security.web.FilterChainProxy - Secured GET /profiles?page=0&size=10&sortBy=firstName&fragment=true
00:05:16.967 [https-jsse-nio-8443-exec-7] DEBUG o.s.jdbc.datasource.DataSourceUtils - Setting JDBC Connection [HikariProxyConnection@250276508 wrapping oracle.jdbc.driver.T4CConnection@578779b1] read-only
00:05:16.967 [https-jsse-nio-8443-exec-7] DEBUG o.h.e.t.internal.TransactionImpl - On TransactionImpl creation, JpaCompliance#isJpaTransactionComplianceEnabled == false
00:05:16.967 [https-jsse-nio-8443-exec-7] DEBUG o.h.e.t.internal.TransactionImpl - begin
00:05:16.969 [https-jsse-nio-8443-exec-7] DEBUG org.hibernate.SQL - 
    /* <criteria> */ select
        p1_0.id,
        p1_0.deleted,
        p1_0.email,
        p1_0.first_name,
        p1_0.last_name,
        p1_0.phone,
        p1_0.username 
    from
        profile_tbl p1_0 
    where
        (
            p1_0.deleted = 0
        ) 
    order by
        p1_0.first_name 
    offset
        ? rows 
    fetch
        first ? rows only
00:05:16.969 [https-jsse-nio-8443-exec-7] TRACE org.hibernate.orm.jdbc.bind - binding parameter (1:INTEGER) <- [0]
00:05:16.969 [https-jsse-nio-8443-exec-7] TRACE org.hibernate.orm.jdbc.bind - binding parameter (2:INTEGER) <- [10]
00:05:16.971 [https-jsse-nio-8443-exec-7] TRACE org.hibernate.orm.jdbc.extract - extracted value (1:BIGINT) -> [3]
00:05:16.971 [https-jsse-nio-8443-exec-7] TRACE org.hibernate.orm.jdbc.extract - extracted value (7:VARCHAR) -> [amir]
00:05:16.971 [https-jsse-nio-8443-exec-7] DEBUG org.hibernate.SQL - 
    select
        u1_0.username,
        u1_0.account_non_expired,
        u1_0.account_non_locked,
        u1_0.credentials_expiry_date,
        u1_0.credentials_non_expired,
        u1_0.deleted,
        u1_0.enabled,
        u1_0.password,
        rs1_0.username,
        rs1_1.name,
        rs1_1.deleted,
        ps1_0.role_name,
        ps1_1.id,
        ps1_1.deleted,
        ps1_1.permission 
    from
        user_tbl u1_0 
    left join
        (user_role_tbl rs1_0 
    join
        role_tbl rs1_1 
            on rs1_1.name=rs1_0.role_name) 
        on u1_0.username=rs1_0.username 
        and ( rs1_1.deleted = 0) 
    left join
        (role_permission_tbl ps1_0 
    join
        permission_tbl ps1_1 
            on ps1_1.id=ps1_0.permission) 
        on rs1_1.name=ps1_0.role_name 
        and ( ps1_1.deleted = 0) 
    where
        u1_0.username=? 
        and (
            u1_0.deleted = 0
        )
00:05:16.972 [https-jsse-nio-8443-exec-7] TRACE org.hibernate.orm.jdbc.bind - binding parameter (1:VARCHAR) <- [amir]
00:05:16.973 [https-jsse-nio-8443-exec-7] TRACE org.hibernate.orm.jdbc.extract - extracted value (9:VARCHAR) -> [amir]
00:05:16.973 [https-jsse-nio-8443-exec-7] TRACE org.hibernate.orm.jdbc.extract - extracted value (10:VARCHAR) -> [ROLE_CUSTOMER]
00:05:16.973 [https-jsse-nio-8443-exec-7] TRACE org.hibernate.orm.jdbc.extract - extracted value (12:VARCHAR) -> [ROLE_CUSTOMER]
00:05:16.973 [https-jsse-nio-8443-exec-7] TRACE org.hibernate.orm.jdbc.extract - extracted value (13:BIGINT) -> [5]
00:05:16.973 [https-jsse-nio-8443-exec-7] TRACE org.hibernate.orm.jdbc.extract - extracted value (14:BOOLEAN) -> [false]
00:05:16.973 [https-jsse-nio-8443-exec-7] TRACE org.hibernate.orm.jdbc.extract - extracted value (15:VARCHAR) -> [TICKET_CREATE]
00:05:16.974 [https-jsse-nio-8443-exec-7] TRACE org.hibernate.orm.jdbc.extract - extracted value (11:BOOLEAN) -> [false]
00:05:16.974 [https-jsse-nio-8443-exec-7] TRACE org.hibernate.orm.jdbc.extract - extracted value (2:BOOLEAN) -> [true]
00:05:16.974 [https-jsse-nio-8443-exec-7] TRACE org.hibernate.orm.jdbc.extract - extracted value (3:BOOLEAN) -> [true]
00:05:16.974 [https-jsse-nio-8443-exec-7] TRACE org.hibernate.orm.jdbc.extract - extracted value (4:TIMESTAMP) -> [2026-02-15T12:40:35.187484]
00:05:16.974 [https-jsse-nio-8443-exec-7] TRACE org.hibernate.orm.jdbc.extract - extracted value (5:BOOLEAN) -> [true]
00:05:16.974 [https-jsse-nio-8443-exec-7] TRACE org.hibernate.orm.jdbc.extract - extracted value (6:BOOLEAN) -> [false]
00:05:16.974 [https-jsse-nio-8443-exec-7] TRACE org.hibernate.orm.jdbc.extract - extracted value (7:BOOLEAN) -> [true]
00:05:16.974 [https-jsse-nio-8443-exec-7] TRACE org.hibernate.orm.jdbc.extract - extracted value (8:VARCHAR) -> [$2a$12$ddwJ0N0uryty40ZjXUABZeK580.kaoEdkMnql79U3k5bq9Bx818Ay]
00:05:16.974 [https-jsse-nio-8443-exec-7] TRACE org.hibernate.orm.jdbc.extract - extracted value (10:VARCHAR) -> [ROLE_MANAGER]
00:05:16.974 [https-jsse-nio-8443-exec-7] TRACE org.hibernate.orm.jdbc.extract - extracted value (12:VARCHAR) -> [ROLE_MANAGER]
00:05:16.974 [https-jsse-nio-8443-exec-7] TRACE org.hibernate.orm.jdbc.extract - extracted value (13:BIGINT) -> [3]
00:05:16.974 [https-jsse-nio-8443-exec-7] TRACE org.hibernate.orm.jdbc.extract - extracted value (14:BOOLEAN) -> [false]
00:05:16.975 [https-jsse-nio-8443-exec-7] TRACE org.hibernate.orm.jdbc.extract - extracted value (15:VARCHAR) -> [TICKET_EDIT]
00:05:16.975 [https-jsse-nio-8443-exec-7] TRACE org.hibernate.orm.jdbc.extract - extracted value (11:BOOLEAN) -> [false]
00:05:16.976 [https-jsse-nio-8443-exec-7] TRACE org.hibernate.orm.jdbc.extract - extracted value (2:BOOLEAN) -> [false]
00:05:16.976 [https-jsse-nio-8443-exec-7] TRACE org.hibernate.orm.jdbc.extract - extracted value (3:VARCHAR) -> [amir@yahoo.com]
00:05:16.976 [https-jsse-nio-8443-exec-7] TRACE org.hibernate.orm.jdbc.extract - extracted value (4:VARCHAR) -> [amir]
00:05:16.976 [https-jsse-nio-8443-exec-7] TRACE org.hibernate.orm.jdbc.extract - extracted value (5:VARCHAR) -> [najafi]
00:05:16.976 [https-jsse-nio-8443-exec-7] TRACE org.hibernate.orm.jdbc.extract - extracted value (6:VARCHAR) -> [09122233475]
00:05:16.976 [https-jsse-nio-8443-exec-7] TRACE org.hibernate.orm.jdbc.extract - extracted value (1:BIGINT) -> [4]
00:05:16.977 [https-jsse-nio-8443-exec-7] TRACE org.hibernate.orm.jdbc.extract - extracted value (7:VARCHAR) -> [artin]
00:05:16.977 [https-jsse-nio-8443-exec-7] DEBUG org.hibernate.SQL - 
    select
        u1_0.username,
        u1_0.account_non_expired,
        u1_0.account_non_locked,
        u1_0.credentials_expiry_date,
        u1_0.credentials_non_expired,
        u1_0.deleted,
        u1_0.enabled,
        u1_0.password,
        rs1_0.username,
        rs1_1.name,
        rs1_1.deleted,
        ps1_0.role_name,
        ps1_1.id,
        ps1_1.deleted,
        ps1_1.permission 
    from
        user_tbl u1_0 
    left join
        (user_role_tbl rs1_0 
    join
        role_tbl rs1_1 
            on rs1_1.name=rs1_0.role_name) 
        on u1_0.username=rs1_0.username 
        and ( rs1_1.deleted = 0) 
    left join
        (role_permission_tbl ps1_0 
    join
        permission_tbl ps1_1 
            on ps1_1.id=ps1_0.permission) 
        on rs1_1.name=ps1_0.role_name 
        and ( ps1_1.deleted = 0) 
    where
        u1_0.username=? 
        and (
            u1_0.deleted = 0
        )
00:05:16.977 [https-jsse-nio-8443-exec-7] TRACE org.hibernate.orm.jdbc.bind - binding parameter (1:VARCHAR) <- [artin]
00:05:16.978 [https-jsse-nio-8443-exec-7] TRACE org.hibernate.orm.jdbc.extract - extracted value (9:VARCHAR) -> [artin]
00:05:16.979 [https-jsse-nio-8443-exec-7] TRACE org.hibernate.orm.jdbc.extract - extracted value (10:VARCHAR) -> [ROLE_CUSTOMER]
00:05:16.979 [https-jsse-nio-8443-exec-7] TRACE org.hibernate.orm.jdbc.extract - extracted value (2:BOOLEAN) -> [true]
00:05:16.979 [https-jsse-nio-8443-exec-7] TRACE org.hibernate.orm.jdbc.extract - extracted value (3:BOOLEAN) -> [true]
00:05:16.979 [https-jsse-nio-8443-exec-7] TRACE org.hibernate.orm.jdbc.extract - extracted value (4:TIMESTAMP) -> [2026-02-15T12:41]
00:05:16.979 [https-jsse-nio-8443-exec-7] TRACE org.hibernate.orm.jdbc.extract - extracted value (5:BOOLEAN) -> [true]
00:05:16.979 [https-jsse-nio-8443-exec-7] TRACE org.hibernate.orm.jdbc.extract - extracted value (6:BOOLEAN) -> [false]
00:05:16.979 [https-jsse-nio-8443-exec-7] TRACE org.hibernate.orm.jdbc.extract - extracted value (7:BOOLEAN) -> [true]
00:05:16.979 [https-jsse-nio-8443-exec-7] TRACE org.hibernate.orm.jdbc.extract - extracted value (8:VARCHAR) -> [$2a$12$LQ/9Uj10CUQqYQSeLTXUEugUzI7FXTZnvnYR6fTSOkdmnpp1mfGMS]
00:05:16.980 [https-jsse-nio-8443-exec-7] TRACE org.hibernate.orm.jdbc.extract - extracted value (2:BOOLEAN) -> [false]
00:05:16.980 [https-jsse-nio-8443-exec-7] TRACE org.hibernate.orm.jdbc.extract - extracted value (3:VARCHAR) -> [artin@yahoo.com]
00:05:16.980 [https-jsse-nio-8443-exec-7] TRACE org.hibernate.orm.jdbc.extract - extracted value (4:VARCHAR) -> [artin]
00:05:16.980 [https-jsse-nio-8443-exec-7] TRACE org.hibernate.orm.jdbc.extract - extracted value (5:VARCHAR) -> [arbabi]
00:05:16.980 [https-jsse-nio-8443-exec-7] TRACE org.hibernate.orm.jdbc.extract - extracted value (6:VARCHAR) -> [09121115544]
00:05:16.980 [https-jsse-nio-8443-exec-7] TRACE org.hibernate.orm.jdbc.extract - extracted value (1:BIGINT) -> [6]
00:05:16.980 [https-jsse-nio-8443-exec-7] TRACE org.hibernate.orm.jdbc.extract - extracted value (7:VARCHAR) -> [babak]
00:05:16.980 [https-jsse-nio-8443-exec-2] DEBUG o.s.security.web.FilterChainProxy - Securing GET /icons/mftlogo.png
00:05:16.980 [https-jsse-nio-8443-exec-2] DEBUG o.s.s.w.a.c.ChannelProcessingFilter - Request: filter invocation [GET /icons/mftlogo.png]; ConfigAttributes: [REQUIRES_SECURE_CHANNEL]
00:05:16.980 [https-jsse-nio-8443-exec-7] DEBUG org.hibernate.SQL - 
    select
        u1_0.username,
        u1_0.account_non_expired,
        u1_0.account_non_locked,
        u1_0.credentials_expiry_date,
        u1_0.credentials_non_expired,
        u1_0.deleted,
        u1_0.enabled,
        u1_0.password,
        rs1_0.username,
        rs1_1.name,
        rs1_1.deleted,
        ps1_0.role_name,
        ps1_1.id,
        ps1_1.deleted,
        ps1_1.permission 
    from
        user_tbl u1_0 
    left join
        (user_role_tbl rs1_0 
    join
        role_tbl rs1_1 
            on rs1_1.name=rs1_0.role_name) 
        on u1_0.username=rs1_0.username 
        and ( rs1_1.deleted = 0) 
    left join
        (role_permission_tbl ps1_0 
    join
        permission_tbl ps1_1 
            on ps1_1.id=ps1_0.permission) 
        on rs1_1.name=ps1_0.role_name 
        and ( ps1_1.deleted = 0) 
    where
        u1_0.username=? 
        and (
            u1_0.deleted = 0
        )
00:05:16.981 [https-jsse-nio-8443-exec-7] TRACE org.hibernate.orm.jdbc.bind - binding parameter (1:VARCHAR) <- [babak]
00:05:16.981 [https-jsse-nio-8443-exec-2] DEBUG o.s.s.w.c.HttpSessionSecurityContextRepository - Retrieved SecurityContextImpl [Authentication=UsernamePasswordAuthenticationToken [Principal=ir.model.entity.CustomUserDetails@7420bd47, Credentials=[PROTECTED], Authenticated=true, Details=WebAuthenticationDetails [RemoteIpAddress=0:0:0:0:0:0:0:1, SessionId=54B9903800BC0AD598F338FAFFE368E1], Granted Authorities=[TICKET_EDIT, ROLE_ADMIN, TICKET_CREATE, TICKET_DELETE]]]
00:05:16.981 [https-jsse-nio-8443-exec-7] TRACE org.hibernate.orm.jdbc.extract - extracted value (9:VARCHAR) -> [babak]
00:05:16.981 [https-jsse-nio-8443-exec-7] TRACE org.hibernate.orm.jdbc.extract - extracted value (10:VARCHAR) -> [ROLE_ADMIN]
00:05:16.981 [https-jsse-nio-8443-exec-2] DEBUG o.s.security.web.FilterChainProxy - Secured GET /icons/mftlogo.png
00:05:16.981 [https-jsse-nio-8443-exec-7] TRACE org.hibernate.orm.jdbc.extract - extracted value (12:VARCHAR) -> [ROLE_ADMIN]
00:05:16.981 [https-jsse-nio-8443-exec-7] TRACE org.hibernate.orm.jdbc.extract - extracted value (13:BIGINT) -> [3]
00:05:16.982 [https-jsse-nio-8443-exec-7] TRACE org.hibernate.orm.jdbc.extract - extracted value (11:BOOLEAN) -> [false]
00:05:16.982 [https-jsse-nio-8443-exec-7] TRACE org.hibernate.orm.jdbc.extract - extracted value (2:BOOLEAN) -> [true]
00:05:16.982 [https-jsse-nio-8443-exec-7] TRACE org.hibernate.orm.jdbc.extract - extracted value (3:BOOLEAN) -> [true]
00:05:16.982 [https-jsse-nio-8443-exec-7] TRACE org.hibernate.orm.jdbc.extract - extracted value (4:TIMESTAMP) -> [2026-02-15T12:44:09.575903]
00:05:16.982 [https-jsse-nio-8443-exec-7] TRACE org.hibernate.orm.jdbc.extract - extracted value (5:BOOLEAN) -> [true]
00:05:16.982 [https-jsse-nio-8443-exec-7] TRACE org.hibernate.orm.jdbc.extract - extracted value (6:BOOLEAN) -> [false]
00:05:16.982 [https-jsse-nio-8443-exec-7] TRACE org.hibernate.orm.jdbc.extract - extracted value (7:BOOLEAN) -> [true]
00:05:16.982 [https-jsse-nio-8443-exec-7] TRACE org.hibernate.orm.jdbc.extract - extracted value (8:VARCHAR) -> [$2a$12$cO3JWgyImLr/sWH2aE5qkuAGdDL2z1uXMmoIVtV/YktFDYxYySveW]
00:05:16.982 [https-jsse-nio-8443-exec-7] TRACE org.hibernate.orm.jdbc.extract - extracted value (10:VARCHAR) -> [ROLE_ADMIN]
00:05:16.982 [https-jsse-nio-8443-exec-7] TRACE org.hibernate.orm.jdbc.extract - extracted value (13:BIGINT) -> [4]
00:05:16.982 [https-jsse-nio-8443-exec-7] TRACE org.hibernate.orm.jdbc.extract - extracted value (14:BOOLEAN) -> [false]
00:05:16.982 [https-jsse-nio-8443-exec-7] TRACE org.hibernate.orm.jdbc.extract - extracted value (15:VARCHAR) -> [TICKET_DELETE]
00:05:16.982 [https-jsse-nio-8443-exec-7] TRACE org.hibernate.orm.jdbc.extract - extracted value (10:VARCHAR) -> [ROLE_ADMIN]
00:05:16.983 [https-jsse-nio-8443-exec-7] TRACE org.hibernate.orm.jdbc.extract - extracted value (13:BIGINT) -> [5]
00:05:16.983 [https-jsse-nio-8443-exec-7] TRACE org.hibernate.orm.jdbc.extract - extracted value (10:VARCHAR) -> [ROLE_CUSTOMER]
00:05:16.983 [https-jsse-nio-8443-exec-7] TRACE org.hibernate.orm.jdbc.extract - extracted value (2:BOOLEAN) -> [false]
00:05:16.983 [https-jsse-nio-8443-exec-7] TRACE org.hibernate.orm.jdbc.extract - extracted value (3:VARCHAR) -> [babak@gmail.com]
00:05:16.983 [https-jsse-nio-8443-exec-7] TRACE org.hibernate.orm.jdbc.extract - extracted value (4:VARCHAR) -> [babak]
00:05:16.983 [https-jsse-nio-8443-exec-7] TRACE org.hibernate.orm.jdbc.extract - extracted value (5:VARCHAR) -> [matin]
00:05:16.983 [https-jsse-nio-8443-exec-7] TRACE org.hibernate.orm.jdbc.extract - extracted value (6:VARCHAR) -> [09126963321]
00:05:16.984 [https-jsse-nio-8443-exec-7] TRACE org.hibernate.orm.jdbc.extract - extracted value (1:BIGINT) -> [7]
00:05:16.984 [https-jsse-nio-8443-exec-7] TRACE org.hibernate.orm.jdbc.extract - extracted value (7:VARCHAR) -> [hasan]
00:05:16.984 [https-jsse-nio-8443-exec-7] DEBUG org.hibernate.SQL - 
    select
        u1_0.username,
        u1_0.account_non_expired,
        u1_0.account_non_locked,
        u1_0.credentials_expiry_date,
        u1_0.credentials_non_expired,
        u1_0.deleted,
        u1_0.enabled,
        u1_0.password,
        rs1_0.username,
        rs1_1.name,
        rs1_1.deleted,
        ps1_0.role_name,
        ps1_1.id,
        ps1_1.deleted,
        ps1_1.permission 
    from
        user_tbl u1_0 
    left join
        (user_role_tbl rs1_0 
    join
        role_tbl rs1_1 
            on rs1_1.name=rs1_0.role_name) 
        on u1_0.username=rs1_0.username 
        and ( rs1_1.deleted = 0) 
    left join
        (role_permission_tbl ps1_0 
    join
        permission_tbl ps1_1 
            on ps1_1.id=ps1_0.permission) 
        on rs1_1.name=ps1_0.role_name 
        and ( ps1_1.deleted = 0) 
    where
        u1_0.username=? 
        and (
            u1_0.deleted = 0
        )
00:05:16.984 [https-jsse-nio-8443-exec-7] TRACE org.hibernate.orm.jdbc.bind - binding parameter (1:VARCHAR) <- [hasan]
00:05:16.985 [https-jsse-nio-8443-exec-7] TRACE org.hibernate.orm.jdbc.extract - extracted value (9:VARCHAR) -> [hasan]
00:05:16.985 [https-jsse-nio-8443-exec-7] TRACE org.hibernate.orm.jdbc.extract - extracted value (10:VARCHAR) -> [ROLE_CUSTOMER]
00:05:16.985 [https-jsse-nio-8443-exec-7] TRACE org.hibernate.orm.jdbc.extract - extracted value (2:BOOLEAN) -> [true]
00:05:16.985 [https-jsse-nio-8443-exec-7] TRACE org.hibernate.orm.jdbc.extract - extracted value (3:BOOLEAN) -> [true]
00:05:16.986 [https-jsse-nio-8443-exec-7] TRACE org.hibernate.orm.jdbc.extract - extracted value (4:TIMESTAMP) -> [2026-02-15T12:45:01.756360]
00:05:16.986 [https-jsse-nio-8443-exec-7] TRACE org.hibernate.orm.jdbc.extract - extracted value (5:BOOLEAN) -> [true]
00:05:16.986 [https-jsse-nio-8443-exec-7] TRACE org.hibernate.orm.jdbc.extract - extracted value (6:BOOLEAN) -> [false]
00:05:16.986 [https-jsse-nio-8443-exec-7] TRACE org.hibernate.orm.jdbc.extract - extracted value (7:BOOLEAN) -> [true]
00:05:16.986 [https-jsse-nio-8443-exec-7] TRACE org.hibernate.orm.jdbc.extract - extracted value (8:VARCHAR) -> [$2a$12$3WCBMaICU536v5jmRfKPMOgonELheopHrOGtLeWb3Cdt4OdBpub2.]
00:05:16.986 [https-jsse-nio-8443-exec-7] TRACE org.hibernate.orm.jdbc.extract - extracted value (2:BOOLEAN) -> [false]
00:05:16.986 [https-jsse-nio-8443-exec-7] TRACE org.hibernate.orm.jdbc.extract - extracted value (3:VARCHAR) -> [hasan@gmail.com]
00:05:16.986 [https-jsse-nio-8443-exec-7] TRACE org.hibernate.orm.jdbc.extract - extracted value (4:VARCHAR) -> [hasan]
00:05:16.986 [https-jsse-nio-8443-exec-7] TRACE org.hibernate.orm.jdbc.extract - extracted value (5:VARCHAR) -> [mansouri]
00:05:16.986 [https-jsse-nio-8443-exec-7] TRACE org.hibernate.orm.jdbc.extract - extracted value (6:VARCHAR) -> [09150145874]
00:05:16.986 [https-jsse-nio-8443-exec-7] TRACE org.hibernate.orm.jdbc.extract - extracted value (1:BIGINT) -> [9]
00:05:16.987 [https-jsse-nio-8443-exec-7] TRACE org.hibernate.orm.jdbc.extract - extracted value (7:VARCHAR) -> [hossein]
00:05:16.987 [https-jsse-nio-8443-exec-7] DEBUG org.hibernate.SQL - 
    select
        u1_0.username,
        u1_0.account_non_expired,
        u1_0.account_non_locked,
        u1_0.credentials_expiry_date,
        u1_0.credentials_non_expired,
        u1_0.deleted,
        u1_0.enabled,
        u1_0.password,
        rs1_0.username,
        rs1_1.name,
        rs1_1.deleted,
        ps1_0.role_name,
        ps1_1.id,
        ps1_1.deleted,
        ps1_1.permission 
    from
        user_tbl u1_0 
    left join
        (user_role_tbl rs1_0 
    join
        role_tbl rs1_1 
            on rs1_1.name=rs1_0.role_name) 
        on u1_0.username=rs1_0.username 
        and ( rs1_1.deleted = 0) 
    left join
        (role_permission_tbl ps1_0 
    join
        permission_tbl ps1_1 
            on ps1_1.id=ps1_0.permission) 
        on rs1_1.name=ps1_0.role_name 
        and ( ps1_1.deleted = 0) 
    where
        u1_0.username=? 
        and (
            u1_0.deleted = 0
        )
00:05:16.988 [https-jsse-nio-8443-exec-7] TRACE org.hibernate.orm.jdbc.bind - binding parameter (1:VARCHAR) <- [hossein]
00:05:16.989 [https-jsse-nio-8443-exec-7] TRACE org.hibernate.orm.jdbc.extract - extracted value (9:VARCHAR) -> [hossein]
00:05:16.989 [https-jsse-nio-8443-exec-7] TRACE org.hibernate.orm.jdbc.extract - extracted value (10:VARCHAR) -> [ROLE_CUSTOMER]
00:05:16.989 [https-jsse-nio-8443-exec-7] TRACE org.hibernate.orm.jdbc.extract - extracted value (2:BOOLEAN) -> [true]
00:05:16.989 [https-jsse-nio-8443-exec-7] TRACE org.hibernate.orm.jdbc.extract - extracted value (3:BOOLEAN) -> [true]
00:05:16.989 [https-jsse-nio-8443-exec-7] TRACE org.hibernate.orm.jdbc.extract - extracted value (4:TIMESTAMP) -> [2026-02-15T12:46:24.291810]
00:05:16.989 [https-jsse-nio-8443-exec-7] TRACE org.hibernate.orm.jdbc.extract - extracted value (5:BOOLEAN) -> [true]
00:05:16.990 [https-jsse-nio-8443-exec-7] TRACE org.hibernate.orm.jdbc.extract - extracted value (6:BOOLEAN) -> [false]
00:05:16.990 [https-jsse-nio-8443-exec-7] TRACE org.hibernate.orm.jdbc.extract - extracted value (7:BOOLEAN) -> [true]
00:05:16.990 [https-jsse-nio-8443-exec-7] TRACE org.hibernate.orm.jdbc.extract - extracted value (8:VARCHAR) -> [$2a$12$LBFeYz5E.F.yrsZN/2u5S.UNEMf5ck.IhxlnsHw/q33MgngZJvDmi]
00:05:16.990 [https-jsse-nio-8443-exec-7] TRACE org.hibernate.orm.jdbc.extract - extracted value (2:BOOLEAN) -> [false]
00:05:16.990 [https-jsse-nio-8443-exec-7] TRACE org.hibernate.orm.jdbc.extract - extracted value (3:VARCHAR) -> [hossein@gmail.com]
00:05:16.990 [https-jsse-nio-8443-exec-7] TRACE org.hibernate.orm.jdbc.extract - extracted value (4:VARCHAR) -> [hossein]
00:05:16.990 [https-jsse-nio-8443-exec-7] TRACE org.hibernate.orm.jdbc.extract - extracted value (5:VARCHAR) -> [samavat]
00:05:16.990 [https-jsse-nio-8443-exec-7] TRACE org.hibernate.orm.jdbc.extract - extracted value (6:VARCHAR) -> [09132584455]
00:05:16.990 [https-jsse-nio-8443-exec-7] TRACE org.hibernate.orm.jdbc.extract - extracted value (1:BIGINT) -> [5]
00:05:16.990 [https-jsse-nio-8443-exec-7] TRACE org.hibernate.orm.jdbc.extract - extracted value (7:VARCHAR) -> [maryam]
00:05:16.991 [https-jsse-nio-8443-exec-7] DEBUG org.hibernate.SQL - 
    select
        u1_0.username,
        u1_0.account_non_expired,
        u1_0.account_non_locked,
        u1_0.credentials_expiry_date,
        u1_0.credentials_non_expired,
        u1_0.deleted,
        u1_0.enabled,
        u1_0.password,
        rs1_0.username,
        rs1_1.name,
        rs1_1.deleted,
        ps1_0.role_name,
        ps1_1.id,
        ps1_1.deleted,
        ps1_1.permission 
    from
        user_tbl u1_0 
    left join
        (user_role_tbl rs1_0 
    join
        role_tbl rs1_1 
            on rs1_1.name=rs1_0.role_name) 
        on u1_0.username=rs1_0.username 
        and ( rs1_1.deleted = 0) 
    left join
        (role_permission_tbl ps1_0 
    join
        permission_tbl ps1_1 
            on ps1_1.id=ps1_0.permission) 
        on rs1_1.name=ps1_0.role_name 
        and ( ps1_1.deleted = 0) 
    where
        u1_0.username=? 
        and (
            u1_0.deleted = 0
        )
00:05:16.991 [https-jsse-nio-8443-exec-7] TRACE org.hibernate.orm.jdbc.bind - binding parameter (1:VARCHAR) <- [maryam]
00:05:16.992 [https-jsse-nio-8443-exec-7] TRACE org.hibernate.orm.jdbc.extract - extracted value (9:VARCHAR) -> [maryam]
00:05:16.992 [https-jsse-nio-8443-exec-7] TRACE org.hibernate.orm.jdbc.extract - extracted value (10:VARCHAR) -> [ROLE_CUSTOMER]
00:05:16.992 [https-jsse-nio-8443-exec-7] TRACE org.hibernate.orm.jdbc.extract - extracted value (2:BOOLEAN) -> [true]
00:05:16.992 [https-jsse-nio-8443-exec-7] TRACE org.hibernate.orm.jdbc.extract - extracted value (3:BOOLEAN) -> [true]
00:05:16.992 [https-jsse-nio-8443-exec-7] TRACE org.hibernate.orm.jdbc.extract - extracted value (4:TIMESTAMP) -> [2026-02-15T12:42:00.427897]
00:05:16.992 [https-jsse-nio-8443-exec-7] TRACE org.hibernate.orm.jdbc.extract - extracted value (5:BOOLEAN) -> [true]
00:05:16.992 [https-jsse-nio-8443-exec-7] TRACE org.hibernate.orm.jdbc.extract - extracted value (6:BOOLEAN) -> [false]
00:05:16.992 [https-jsse-nio-8443-exec-7] TRACE org.hibernate.orm.jdbc.extract - extracted value (7:BOOLEAN) -> [true]
00:05:16.992 [https-jsse-nio-8443-exec-7] TRACE org.hibernate.orm.jdbc.extract - extracted value (8:VARCHAR) -> [$2a$12$eoe/uFtZFJmgK5HF97QwqOgjCKRrInHByKOZSmn7blhTgdle5I24O]
00:05:16.993 [https-jsse-nio-8443-exec-7] TRACE org.hibernate.orm.jdbc.extract - extracted value (2:BOOLEAN) -> [false]
00:05:16.993 [https-jsse-nio-8443-exec-7] TRACE org.hibernate.orm.jdbc.extract - extracted value (3:VARCHAR) -> [maryam@gmail.com]
00:05:16.993 [https-jsse-nio-8443-exec-7] TRACE org.hibernate.orm.jdbc.extract - extracted value (4:VARCHAR) -> [maryam]
00:05:16.993 [https-jsse-nio-8443-exec-7] TRACE org.hibernate.orm.jdbc.extract - extracted value (5:VARCHAR) -> [sekandari]
00:05:16.993 [https-jsse-nio-8443-exec-7] TRACE org.hibernate.orm.jdbc.extract - extracted value (6:VARCHAR) -> [09126662654]
00:05:16.993 [https-jsse-nio-8443-exec-7] TRACE org.hibernate.orm.jdbc.extract - extracted value (1:BIGINT) -> [10]
00:05:16.993 [https-jsse-nio-8443-exec-7] TRACE org.hibernate.orm.jdbc.extract - extracted value (7:VARCHAR) -> [payam]
00:05:16.993 [https-jsse-nio-8443-exec-7] DEBUG org.hibernate.SQL - 
    select
        u1_0.username,
        u1_0.account_non_expired,
        u1_0.account_non_locked,
        u1_0.credentials_expiry_date,
        u1_0.credentials_non_expired,
        u1_0.deleted,
        u1_0.enabled,
        u1_0.password,
        rs1_0.username,
        rs1_1.name,
        rs1_1.deleted,
        ps1_0.role_name,
        ps1_1.id,
        ps1_1.deleted,
        ps1_1.permission 
    from
        user_tbl u1_0 
    left join
        (user_role_tbl rs1_0 
    join
        role_tbl rs1_1 
            on rs1_1.name=rs1_0.role_name) 
        on u1_0.username=rs1_0.username 
        and ( rs1_1.deleted = 0) 
    left join
        (role_permission_tbl ps1_0 
    join
        permission_tbl ps1_1 
            on ps1_1.id=ps1_0.permission) 
        on rs1_1.name=ps1_0.role_name 
        and ( ps1_1.deleted = 0) 
    where
        u1_0.username=? 
        and (
            u1_0.deleted = 0
        )
00:05:16.993 [https-jsse-nio-8443-exec-7] TRACE org.hibernate.orm.jdbc.bind - binding parameter (1:VARCHAR) <- [payam]
00:05:16.994 [https-jsse-nio-8443-exec-7] TRACE org.hibernate.orm.jdbc.extract - extracted value (9:VARCHAR) -> [payam]
00:05:16.994 [https-jsse-nio-8443-exec-7] TRACE org.hibernate.orm.jdbc.extract - extracted value (10:VARCHAR) -> [ROLE_MANAGER]
00:05:16.994 [https-jsse-nio-8443-exec-7] TRACE org.hibernate.orm.jdbc.extract - extracted value (2:BOOLEAN) -> [true]
00:05:16.994 [https-jsse-nio-8443-exec-7] TRACE org.hibernate.orm.jdbc.extract - extracted value (3:BOOLEAN) -> [true]
00:05:16.994 [https-jsse-nio-8443-exec-7] TRACE org.hibernate.orm.jdbc.extract - extracted value (4:TIMESTAMP) -> [2026-02-15T12:46]
00:05:16.994 [https-jsse-nio-8443-exec-7] TRACE org.hibernate.orm.jdbc.extract - extracted value (5:BOOLEAN) -> [true]
00:05:16.994 [https-jsse-nio-8443-exec-7] TRACE org.hibernate.orm.jdbc.extract - extracted value (6:BOOLEAN) -> [false]
00:05:16.994 [https-jsse-nio-8443-exec-7] TRACE org.hibernate.orm.jdbc.extract - extracted value (7:BOOLEAN) -> [true]
00:05:16.994 [https-jsse-nio-8443-exec-7] TRACE org.hibernate.orm.jdbc.extract - extracted value (8:VARCHAR) -> [$2a$12$lVuQXTkB0crKuwzQLIv7QumZWQZdMFMeR4CnkQoftAsg8CiLwEYB6]
00:05:16.994 [https-jsse-nio-8443-exec-7] TRACE org.hibernate.orm.jdbc.extract - extracted value (2:BOOLEAN) -> [false]
00:05:16.994 [https-jsse-nio-8443-exec-7] TRACE org.hibernate.orm.jdbc.extract - extracted value (3:VARCHAR) -> [payam.parham1982@gmail.com]
00:05:16.994 [https-jsse-nio-8443-exec-7] TRACE org.hibernate.orm.jdbc.extract - extracted value (4:VARCHAR) -> [payam]
00:05:16.994 [https-jsse-nio-8443-exec-7] TRACE org.hibernate.orm.jdbc.extract - extracted value (5:VARCHAR) -> [nobari]
00:05:16.994 [https-jsse-nio-8443-exec-7] TRACE org.hibernate.orm.jdbc.extract - extracted value (6:VARCHAR) -> [09192060383]
00:05:16.994 [https-jsse-nio-8443-exec-7] TRACE org.hibernate.orm.jdbc.extract - extracted value (1:BIGINT) -> [1]
00:05:16.994 [https-jsse-nio-8443-exec-7] TRACE org.hibernate.orm.jdbc.extract - extracted value (7:VARCHAR) -> [reza]
00:05:16.995 [https-jsse-nio-8443-exec-7] DEBUG org.hibernate.SQL - 
    select
        u1_0.username,
        u1_0.account_non_expired,
        u1_0.account_non_locked,
        u1_0.credentials_expiry_date,
        u1_0.credentials_non_expired,
        u1_0.deleted,
        u1_0.enabled,
        u1_0.password,
        rs1_0.username,
        rs1_1.name,
        rs1_1.deleted,
        ps1_0.role_name,
        ps1_1.id,
        ps1_1.deleted,
        ps1_1.permission 
    from
        user_tbl u1_0 
    left join
        (user_role_tbl rs1_0 
    join
        role_tbl rs1_1 
            on rs1_1.name=rs1_0.role_name) 
        on u1_0.username=rs1_0.username 
        and ( rs1_1.deleted = 0) 
    left join
        (role_permission_tbl ps1_0 
    join
        permission_tbl ps1_1 
            on ps1_1.id=ps1_0.permission) 
        on rs1_1.name=ps1_0.role_name 
        and ( ps1_1.deleted = 0) 
    where
        u1_0.username=? 
        and (
            u1_0.deleted = 0
        )
00:05:16.995 [https-jsse-nio-8443-exec-7] TRACE org.hibernate.orm.jdbc.bind - binding parameter (1:VARCHAR) <- [reza]
00:05:16.996 [https-jsse-nio-8443-exec-7] TRACE org.hibernate.orm.jdbc.extract - extracted value (9:VARCHAR) -> [reza]
00:05:16.996 [https-jsse-nio-8443-exec-7] TRACE org.hibernate.orm.jdbc.extract - extracted value (10:VARCHAR) -> [ROLE_MANAGER]
00:05:16.996 [https-jsse-nio-8443-exec-7] TRACE org.hibernate.orm.jdbc.extract - extracted value (2:BOOLEAN) -> [true]
00:05:16.996 [https-jsse-nio-8443-exec-7] TRACE org.hibernate.orm.jdbc.extract - extracted value (3:BOOLEAN) -> [true]
00:05:16.997 [https-jsse-nio-8443-exec-7] TRACE org.hibernate.orm.jdbc.extract - extracted value (4:TIMESTAMP) -> [2026-02-15T12:11]
00:05:16.997 [https-jsse-nio-8443-exec-7] TRACE org.hibernate.orm.jdbc.extract - extracted value (5:BOOLEAN) -> [true]
00:05:16.997 [https-jsse-nio-8443-exec-7] TRACE org.hibernate.orm.jdbc.extract - extracted value (6:BOOLEAN) -> [false]
00:05:16.997 [https-jsse-nio-8443-exec-7] TRACE org.hibernate.orm.jdbc.extract - extracted value (7:BOOLEAN) -> [true]
00:05:16.997 [https-jsse-nio-8443-exec-7] TRACE org.hibernate.orm.jdbc.extract - extracted value (8:VARCHAR) -> [$2a$12$Sn2IZjJZlk4Xmbl173VyFOnCAj1xlKjkkZvyq5kzgUGKfH9EvpWsS]
00:05:16.997 [https-jsse-nio-8443-exec-7] TRACE org.hibernate.orm.jdbc.extract - extracted value (2:BOOLEAN) -> [false]
00:05:16.997 [https-jsse-nio-8443-exec-7] TRACE org.hibernate.orm.jdbc.extract - extracted value (3:VARCHAR) -> [reza@yahoo.com]
00:05:16.997 [https-jsse-nio-8443-exec-7] TRACE org.hibernate.orm.jdbc.extract - extracted value (4:VARCHAR) -> [reza]
00:05:16.997 [https-jsse-nio-8443-exec-7] TRACE org.hibernate.orm.jdbc.extract - extracted value (5:VARCHAR) -> [rezai]
00:05:16.997 [https-jsse-nio-8443-exec-7] TRACE org.hibernate.orm.jdbc.extract - extracted value (6:VARCHAR) -> [09128887798]
00:05:16.997 [https-jsse-nio-8443-exec-7] TRACE org.hibernate.orm.jdbc.extract - extracted value (1:BIGINT) -> [11]
00:05:16.997 [https-jsse-nio-8443-exec-7] TRACE org.hibernate.orm.jdbc.extract - extracted value (7:VARCHAR) -> [samira]
00:05:16.998 [https-jsse-nio-8443-exec-7] DEBUG org.hibernate.SQL - 
    select
        u1_0.username,
        u1_0.account_non_expired,
        u1_0.account_non_locked,
        u1_0.credentials_expiry_date,
        u1_0.credentials_non_expired,
        u1_0.deleted,
        u1_0.enabled,
        u1_0.password,
        rs1_0.username,
        rs1_1.name,
        rs1_1.deleted,
        ps1_0.role_name,
        ps1_1.id,
        ps1_1.deleted,
        ps1_1.permission 
    from
        user_tbl u1_0 
    left join
        (user_role_tbl rs1_0 
    join
        role_tbl rs1_1 
            on rs1_1.name=rs1_0.role_name) 
        on u1_0.username=rs1_0.username 
        and ( rs1_1.deleted = 0) 
    left join
        (role_permission_tbl ps1_0 
    join
        permission_tbl ps1_1 
            on ps1_1.id=ps1_0.permission) 
        on rs1_1.name=ps1_0.role_name 
        and ( ps1_1.deleted = 0) 
    where
        u1_0.username=? 
        and (
            u1_0.deleted = 0
        )
00:05:16.998 [https-jsse-nio-8443-exec-7] TRACE org.hibernate.orm.jdbc.bind - binding parameter (1:VARCHAR) <- [samira]
00:05:16.998 [https-jsse-nio-8443-exec-7] TRACE org.hibernate.orm.jdbc.extract - extracted value (9:VARCHAR) -> [samira]
00:05:16.998 [https-jsse-nio-8443-exec-7] TRACE org.hibernate.orm.jdbc.extract - extracted value (10:VARCHAR) -> [ROLE_CUSTOMER]
00:05:16.999 [https-jsse-nio-8443-exec-7] TRACE org.hibernate.orm.jdbc.extract - extracted value (2:BOOLEAN) -> [true]
00:05:16.999 [https-jsse-nio-8443-exec-7] TRACE org.hibernate.orm.jdbc.extract - extracted value (3:BOOLEAN) -> [true]
00:05:16.999 [https-jsse-nio-8443-exec-7] TRACE org.hibernate.orm.jdbc.extract - extracted value (4:TIMESTAMP) -> [2026-02-15T12:48:08.112483]
00:05:16.999 [https-jsse-nio-8443-exec-7] TRACE org.hibernate.orm.jdbc.extract - extracted value (5:BOOLEAN) -> [true]
00:05:16.999 [https-jsse-nio-8443-exec-7] TRACE org.hibernate.orm.jdbc.extract - extracted value (6:BOOLEAN) -> [false]
00:05:16.999 [https-jsse-nio-8443-exec-7] TRACE org.hibernate.orm.jdbc.extract - extracted value (7:BOOLEAN) -> [true]
00:05:16.999 [https-jsse-nio-8443-exec-7] TRACE org.hibernate.orm.jdbc.extract - extracted value (8:VARCHAR) -> [$2a$12$S1VKZAogKfel9ROgJbM.BOFyJUrOcZllF7AE9OsIo.Xy14xFRkNLi]
00:05:16.999 [https-jsse-nio-8443-exec-7] TRACE org.hibernate.orm.jdbc.extract - extracted value (2:BOOLEAN) -> [false]
00:05:16.999 [https-jsse-nio-8443-exec-7] TRACE org.hibernate.orm.jdbc.extract - extracted value (3:VARCHAR) -> [samira@gmail.com]
00:05:16.999 [https-jsse-nio-8443-exec-7] TRACE org.hibernate.orm.jdbc.extract - extracted value (4:VARCHAR) -> [samira]
00:05:16.999 [https-jsse-nio-8443-exec-7] TRACE org.hibernate.orm.jdbc.extract - extracted value (5:VARCHAR) -> [samavat]
00:05:16.999 [https-jsse-nio-8443-exec-7] TRACE org.hibernate.orm.jdbc.extract - extracted value (6:VARCHAR) -> [09103336655]
00:05:16.999 [https-jsse-nio-8443-exec-7] TRACE org.hibernate.orm.jdbc.extract - extracted value (1:BIGINT) -> [12]
00:05:16.999 [https-jsse-nio-8443-exec-7] TRACE org.hibernate.orm.jdbc.extract - extracted value (7:VARCHAR) -> [sara]
00:05:16.999 [https-jsse-nio-8443-exec-7] DEBUG org.hibernate.SQL - 
    select
        u1_0.username,
        u1_0.account_non_expired,
        u1_0.account_non_locked,
        u1_0.credentials_expiry_date,
        u1_0.credentials_non_expired,
        u1_0.deleted,
        u1_0.enabled,
        u1_0.password,
        rs1_0.username,
        rs1_1.name,
        rs1_1.deleted,
        ps1_0.role_name,
        ps1_1.id,
        ps1_1.deleted,
        ps1_1.permission 
    from
        user_tbl u1_0 
    left join
        (user_role_tbl rs1_0 
    join
        role_tbl rs1_1 
            on rs1_1.name=rs1_0.role_name) 
        on u1_0.username=rs1_0.username 
        and ( rs1_1.deleted = 0) 
    left join
        (role_permission_tbl ps1_0 
    join
        permission_tbl ps1_1 
            on ps1_1.id=ps1_0.permission) 
        on rs1_1.name=ps1_0.role_name 
        and ( ps1_1.deleted = 0) 
    where
        u1_0.username=? 
        and (
            u1_0.deleted = 0
        )
00:05:16.999 [https-jsse-nio-8443-exec-7] TRACE org.hibernate.orm.jdbc.bind - binding parameter (1:VARCHAR) <- [sara]
00:05:17.000 [https-jsse-nio-8443-exec-7] TRACE org.hibernate.orm.jdbc.extract - extracted value (9:VARCHAR) -> [sara]
00:05:17.000 [https-jsse-nio-8443-exec-7] TRACE org.hibernate.orm.jdbc.extract - extracted value (10:VARCHAR) -> [ROLE_CUSTOMER]
00:05:17.000 [https-jsse-nio-8443-exec-7] TRACE org.hibernate.orm.jdbc.extract - extracted value (2:BOOLEAN) -> [true]
00:05:17.000 [https-jsse-nio-8443-exec-7] TRACE org.hibernate.orm.jdbc.extract - extracted value (3:BOOLEAN) -> [true]
00:05:17.000 [https-jsse-nio-8443-exec-7] TRACE org.hibernate.orm.jdbc.extract - extracted value (4:TIMESTAMP) -> [2026-02-15T12:48:51.616509]
00:05:17.000 [https-jsse-nio-8443-exec-7] TRACE org.hibernate.orm.jdbc.extract - extracted value (5:BOOLEAN) -> [true]
00:05:17.000 [https-jsse-nio-8443-exec-7] TRACE org.hibernate.orm.jdbc.extract - extracted value (6:BOOLEAN) -> [false]
00:05:17.000 [https-jsse-nio-8443-exec-7] TRACE org.hibernate.orm.jdbc.extract - extracted value (7:BOOLEAN) -> [true]
00:05:17.000 [https-jsse-nio-8443-exec-7] TRACE org.hibernate.orm.jdbc.extract - extracted value (8:VARCHAR) -> [$2a$12$3KF1d0C6MWaPMgJCZ2mg6u5yeosWuf8DV2vm1sVMiHzrwKRveJq/2]
00:05:17.000 [https-jsse-nio-8443-exec-7] TRACE org.hibernate.orm.jdbc.extract - extracted value (2:BOOLEAN) -> [false]
00:05:17.000 [https-jsse-nio-8443-exec-7] TRACE org.hibernate.orm.jdbc.extract - extracted value (3:VARCHAR) -> [sara@gmail.com]
00:05:17.000 [https-jsse-nio-8443-exec-7] TRACE org.hibernate.orm.jdbc.extract - extracted value (4:VARCHAR) -> [sara]
00:05:17.000 [https-jsse-nio-8443-exec-7] TRACE org.hibernate.orm.jdbc.extract - extracted value (5:VARCHAR) -> [sarmad]
00:05:17.000 [https-jsse-nio-8443-exec-7] TRACE org.hibernate.orm.jdbc.extract - extracted value (6:VARCHAR) -> [09178523600]
00:05:17.001 [https-jsse-nio-8443-exec-7] DEBUG org.hibernate.SQL - 
    /* <criteria> */ select
        count(p1_0.id) 
    from
        profile_tbl p1_0 
    where
        (
            p1_0.deleted = 0
        )
00:05:17.002 [https-jsse-nio-8443-exec-7] TRACE org.hibernate.orm.jdbc.extract - extracted value (1:BIGINT) -> [12]
00:05:17.002 [https-jsse-nio-8443-exec-7] DEBUG o.h.e.t.internal.TransactionImpl - committing
00:05:17.002 [https-jsse-nio-8443-exec-7] DEBUG o.s.jdbc.datasource.DataSourceUtils - Resetting read-only flag of JDBC Connection [HikariProxyConnection@250276508 wrapping oracle.jdbc.driver.T4CConnection@578779b1]
00:05:17.002 [https-jsse-nio-8443-exec-7] INFO  i.c.exception.ResponseAspect - Web Controller: profilesList
00:05:20.011 [https-jsse-nio-8443-exec-8] DEBUG o.s.security.web.FilterChainProxy - Securing GET /profiles?page=1&size=10&sortBy=firstName&fragment=true
00:05:20.011 [https-jsse-nio-8443-exec-8] DEBUG o.s.s.w.a.c.ChannelProcessingFilter - Request: filter invocation [GET /profiles?page=1&size=10&sortBy=firstName&fragment=true]; ConfigAttributes: [REQUIRES_SECURE_CHANNEL]
00:05:20.011 [https-jsse-nio-8443-exec-8] DEBUG o.s.s.w.c.HttpSessionSecurityContextRepository - Retrieved SecurityContextImpl [Authentication=UsernamePasswordAuthenticationToken [Principal=ir.model.entity.CustomUserDetails@7420bd47, Credentials=[PROTECTED], Authenticated=true, Details=WebAuthenticationDetails [RemoteIpAddress=0:0:0:0:0:0:0:1, SessionId=54B9903800BC0AD598F338FAFFE368E1], Granted Authorities=[TICKET_EDIT, ROLE_ADMIN, TICKET_CREATE, TICKET_DELETE]]]
00:05:20.012 [https-jsse-nio-8443-exec-8] DEBUG o.s.security.web.FilterChainProxy - Secured GET /profiles?page=1&size=10&sortBy=firstName&fragment=true
00:05:20.013 [https-jsse-nio-8443-exec-8] DEBUG o.s.jdbc.datasource.DataSourceUtils - Setting JDBC Connection [HikariProxyConnection@983403654 wrapping oracle.jdbc.driver.T4CConnection@578779b1] read-only
00:05:20.013 [https-jsse-nio-8443-exec-8] DEBUG o.h.e.t.internal.TransactionImpl - On TransactionImpl creation, JpaCompliance#isJpaTransactionComplianceEnabled == false
00:05:20.014 [https-jsse-nio-8443-exec-8] DEBUG o.h.e.t.internal.TransactionImpl - begin
00:05:20.014 [https-jsse-nio-8443-exec-8] DEBUG org.hibernate.SQL - 
    /* <criteria> */ select
        p1_0.id,
        p1_0.deleted,
        p1_0.email,
        p1_0.first_name,
        p1_0.last_name,
        p1_0.phone,
        p1_0.username 
    from
        profile_tbl p1_0 
    where
        (
            p1_0.deleted = 0
        ) 
    order by
        p1_0.first_name 
    offset
        ? rows 
    fetch
        first ? rows only
00:05:20.014 [https-jsse-nio-8443-exec-8] TRACE org.hibernate.orm.jdbc.bind - binding parameter (1:INTEGER) <- [10]
00:05:20.014 [https-jsse-nio-8443-exec-8] TRACE org.hibernate.orm.jdbc.bind - binding parameter (2:INTEGER) <- [10]
00:05:20.015 [https-jsse-nio-8443-exec-8] TRACE org.hibernate.orm.jdbc.extract - extracted value (1:BIGINT) -> [8]
00:05:20.015 [https-jsse-nio-8443-exec-8] TRACE org.hibernate.orm.jdbc.extract - extracted value (7:VARCHAR) -> [shahram]
00:05:20.015 [https-jsse-nio-8443-exec-8] DEBUG org.hibernate.SQL - 
    select
        u1_0.username,
        u1_0.account_non_expired,
        u1_0.account_non_locked,
        u1_0.credentials_expiry_date,
        u1_0.credentials_non_expired,
        u1_0.deleted,
        u1_0.enabled,
        u1_0.password,
        rs1_0.username,
        rs1_1.name,
        rs1_1.deleted,
        ps1_0.role_name,
        ps1_1.id,
        ps1_1.deleted,
        ps1_1.permission 
    from
        user_tbl u1_0 
    left join
        (user_role_tbl rs1_0 
    join
        role_tbl rs1_1 
            on rs1_1.name=rs1_0.role_name) 
        on u1_0.username=rs1_0.username 
        and ( rs1_1.deleted = 0) 
    left join
        (role_permission_tbl ps1_0 
    join
        permission_tbl ps1_1 
            on ps1_1.id=ps1_0.permission) 
        on rs1_1.name=ps1_0.role_name 
        and ( ps1_1.deleted = 0) 
    where
        u1_0.username=? 
        and (
            u1_0.deleted = 0
        )
00:05:20.015 [https-jsse-nio-8443-exec-8] TRACE org.hibernate.orm.jdbc.bind - binding parameter (1:VARCHAR) <- [shahram]
00:05:20.016 [https-jsse-nio-8443-exec-8] TRACE org.hibernate.orm.jdbc.extract - extracted value (9:VARCHAR) -> [shahram]
00:05:20.016 [https-jsse-nio-8443-exec-8] TRACE org.hibernate.orm.jdbc.extract - extracted value (10:VARCHAR) -> [ROLE_CUSTOMER]
00:05:20.016 [https-jsse-nio-8443-exec-8] TRACE org.hibernate.orm.jdbc.extract - extracted value (12:VARCHAR) -> [ROLE_CUSTOMER]
00:05:20.016 [https-jsse-nio-8443-exec-8] TRACE org.hibernate.orm.jdbc.extract - extracted value (13:BIGINT) -> [5]
00:05:20.016 [https-jsse-nio-8443-exec-8] TRACE org.hibernate.orm.jdbc.extract - extracted value (14:BOOLEAN) -> [false]
00:05:20.016 [https-jsse-nio-8443-exec-8] TRACE org.hibernate.orm.jdbc.extract - extracted value (15:VARCHAR) -> [TICKET_CREATE]
00:05:20.016 [https-jsse-nio-8443-exec-8] TRACE org.hibernate.orm.jdbc.extract - extracted value (11:BOOLEAN) -> [false]
00:05:20.016 [https-jsse-nio-8443-exec-8] TRACE org.hibernate.orm.jdbc.extract - extracted value (2:BOOLEAN) -> [true]
00:05:20.016 [https-jsse-nio-8443-exec-8] TRACE org.hibernate.orm.jdbc.extract - extracted value (3:BOOLEAN) -> [true]
00:05:20.016 [https-jsse-nio-8443-exec-8] TRACE org.hibernate.orm.jdbc.extract - extracted value (4:TIMESTAMP) -> [2026-02-15T12:45:40.686761]
00:05:20.016 [https-jsse-nio-8443-exec-8] TRACE org.hibernate.orm.jdbc.extract - extracted value (5:BOOLEAN) -> [true]
00:05:20.016 [https-jsse-nio-8443-exec-8] TRACE org.hibernate.orm.jdbc.extract - extracted value (6:BOOLEAN) -> [false]
00:05:20.016 [https-jsse-nio-8443-exec-8] TRACE org.hibernate.orm.jdbc.extract - extracted value (7:BOOLEAN) -> [true]
00:05:20.016 [https-jsse-nio-8443-exec-8] TRACE org.hibernate.orm.jdbc.extract - extracted value (8:VARCHAR) -> [$2a$12$8ZaJtvAMduRpuGTpAUYu.OD2SUV7w1qrXb9dCSNapl69Gfct.sdG6]
00:05:20.017 [https-jsse-nio-8443-exec-8] TRACE org.hibernate.orm.jdbc.extract - extracted value (2:BOOLEAN) -> [false]
00:05:20.017 [https-jsse-nio-8443-exec-8] TRACE org.hibernate.orm.jdbc.extract - extracted value (3:VARCHAR) -> [shahram@gmail.com]
00:05:20.017 [https-jsse-nio-8443-exec-8] TRACE org.hibernate.orm.jdbc.extract - extracted value (4:VARCHAR) -> [shahram]
00:05:20.017 [https-jsse-nio-8443-exec-8] TRACE org.hibernate.orm.jdbc.extract - extracted value (5:VARCHAR) -> [nobari]
00:05:20.017 [https-jsse-nio-8443-exec-8] TRACE org.hibernate.orm.jdbc.extract - extracted value (6:VARCHAR) -> [09126662658]
00:05:20.017 [https-jsse-nio-8443-exec-8] TRACE org.hibernate.orm.jdbc.extract - extracted value (1:BIGINT) -> [2]
00:05:20.017 [https-jsse-nio-8443-exec-8] TRACE org.hibernate.orm.jdbc.extract - extracted value (7:VARCHAR) -> [shirin]
00:05:20.017 [https-jsse-nio-8443-exec-8] DEBUG org.hibernate.SQL - 
    select
        u1_0.username,
        u1_0.account_non_expired,
        u1_0.account_non_locked,
        u1_0.credentials_expiry_date,
        u1_0.credentials_non_expired,
        u1_0.deleted,
        u1_0.enabled,
        u1_0.password,
        rs1_0.username,
        rs1_1.name,
        rs1_1.deleted,
        ps1_0.role_name,
        ps1_1.id,
        ps1_1.deleted,
        ps1_1.permission 
    from
        user_tbl u1_0 
    left join
        (user_role_tbl rs1_0 
    join
        role_tbl rs1_1 
            on rs1_1.name=rs1_0.role_name) 
        on u1_0.username=rs1_0.username 
        and ( rs1_1.deleted = 0) 
    left join
        (role_permission_tbl ps1_0 
    join
        permission_tbl ps1_1 
            on ps1_1.id=ps1_0.permission) 
        on rs1_1.name=ps1_0.role_name 
        and ( ps1_1.deleted = 0) 
    where
        u1_0.username=? 
        and (
            u1_0.deleted = 0
        )
00:05:20.017 [https-jsse-nio-8443-exec-8] TRACE org.hibernate.orm.jdbc.bind - binding parameter (1:VARCHAR) <- [shirin]
00:05:20.018 [https-jsse-nio-8443-exec-8] TRACE org.hibernate.orm.jdbc.extract - extracted value (9:VARCHAR) -> [shirin]
00:05:20.018 [https-jsse-nio-8443-exec-8] TRACE org.hibernate.orm.jdbc.extract - extracted value (10:VARCHAR) -> [ROLE_CUSTOMER]
00:05:20.018 [https-jsse-nio-8443-exec-8] TRACE org.hibernate.orm.jdbc.extract - extracted value (2:BOOLEAN) -> [true]
00:05:20.018 [https-jsse-nio-8443-exec-8] TRACE org.hibernate.orm.jdbc.extract - extracted value (3:BOOLEAN) -> [true]
00:05:20.018 [https-jsse-nio-8443-exec-8] TRACE org.hibernate.orm.jdbc.extract - extracted value (4:TIMESTAMP) -> [2026-02-15T12:38]
00:05:20.018 [https-jsse-nio-8443-exec-8] TRACE org.hibernate.orm.jdbc.extract - extracted value (5:BOOLEAN) -> [true]
00:05:20.018 [https-jsse-nio-8443-exec-8] TRACE org.hibernate.orm.jdbc.extract - extracted value (6:BOOLEAN) -> [false]
00:05:20.018 [https-jsse-nio-8443-exec-8] TRACE org.hibernate.orm.jdbc.extract - extracted value (7:BOOLEAN) -> [true]
00:05:20.018 [https-jsse-nio-8443-exec-8] TRACE org.hibernate.orm.jdbc.extract - extracted value (8:VARCHAR) -> [$2a$12$ycbWX6LGjFbEOG63G80LVeFa7BWTps7/MAiv7fsxhgfM7o4zJu7lC]
00:05:20.018 [https-jsse-nio-8443-exec-8] TRACE org.hibernate.orm.jdbc.extract - extracted value (2:BOOLEAN) -> [false]
00:05:20.018 [https-jsse-nio-8443-exec-8] TRACE org.hibernate.orm.jdbc.extract - extracted value (3:VARCHAR) -> [shirin@yahoo.com]
00:05:20.018 [https-jsse-nio-8443-exec-8] TRACE org.hibernate.orm.jdbc.extract - extracted value (4:VARCHAR) -> [shirin]
00:05:20.018 [https-jsse-nio-8443-exec-8] TRACE org.hibernate.orm.jdbc.extract - extracted value (5:VARCHAR) -> [nobari]
00:05:20.018 [https-jsse-nio-8443-exec-8] TRACE org.hibernate.orm.jdbc.extract - extracted value (6:VARCHAR) -> [09122688340]
00:05:20.018 [https-jsse-nio-8443-exec-8] DEBUG o.h.e.t.internal.TransactionImpl - committing
00:05:20.018 [https-jsse-nio-8443-exec-8] DEBUG o.s.jdbc.datasource.DataSourceUtils - Resetting read-only flag of JDBC Connection [HikariProxyConnection@983403654 wrapping oracle.jdbc.driver.T4CConnection@578779b1]
00:05:20.018 [https-jsse-nio-8443-exec-8] INFO  i.c.exception.ResponseAspect - Web Controller: profilesList
00:05:21.522 [https-jsse-nio-8443-exec-9] DEBUG o.s.security.web.FilterChainProxy - Securing GET /profiles?page=0&size=10&sortBy=firstName&fragment=true
00:05:21.523 [https-jsse-nio-8443-exec-9] DEBUG o.s.s.w.a.c.ChannelProcessingFilter - Request: filter invocation [GET /profiles?page=0&size=10&sortBy=firstName&fragment=true]; ConfigAttributes: [REQUIRES_SECURE_CHANNEL]
00:05:21.523 [https-jsse-nio-8443-exec-9] DEBUG o.s.s.w.c.HttpSessionSecurityContextRepository - Retrieved SecurityContextImpl [Authentication=UsernamePasswordAuthenticationToken [Principal=ir.model.entity.CustomUserDetails@7420bd47, Credentials=[PROTECTED], Authenticated=true, Details=WebAuthenticationDetails [RemoteIpAddress=0:0:0:0:0:0:0:1, SessionId=54B9903800BC0AD598F338FAFFE368E1], Granted Authorities=[TICKET_EDIT, ROLE_ADMIN, TICKET_CREATE, TICKET_DELETE]]]
00:05:21.523 [https-jsse-nio-8443-exec-9] DEBUG o.s.security.web.FilterChainProxy - Secured GET /profiles?page=0&size=10&sortBy=firstName&fragment=true
00:05:21.525 [https-jsse-nio-8443-exec-9] DEBUG o.s.jdbc.datasource.DataSourceUtils - Setting JDBC Connection [HikariProxyConnection@1842526033 wrapping oracle.jdbc.driver.T4CConnection@578779b1] read-only
00:05:21.525 [https-jsse-nio-8443-exec-9] DEBUG o.h.e.t.internal.TransactionImpl - On TransactionImpl creation, JpaCompliance#isJpaTransactionComplianceEnabled == false
00:05:21.525 [https-jsse-nio-8443-exec-9] DEBUG o.h.e.t.internal.TransactionImpl - begin
00:05:21.526 [https-jsse-nio-8443-exec-9] DEBUG org.hibernate.SQL - 
    /* <criteria> */ select
        p1_0.id,
        p1_0.deleted,
        p1_0.email,
        p1_0.first_name,
        p1_0.last_name,
        p1_0.phone,
        p1_0.username 
    from
        profile_tbl p1_0 
    where
        (
            p1_0.deleted = 0
        ) 
    order by
        p1_0.first_name 
    offset
        ? rows 
    fetch
        first ? rows only
00:05:21.526 [https-jsse-nio-8443-exec-9] TRACE org.hibernate.orm.jdbc.bind - binding parameter (1:INTEGER) <- [0]
00:05:21.526 [https-jsse-nio-8443-exec-9] TRACE org.hibernate.orm.jdbc.bind - binding parameter (2:INTEGER) <- [10]
00:05:21.527 [https-jsse-nio-8443-exec-9] TRACE org.hibernate.orm.jdbc.extract - extracted value (1:BIGINT) -> [3]
00:05:21.527 [https-jsse-nio-8443-exec-9] TRACE org.hibernate.orm.jdbc.extract - extracted value (7:VARCHAR) -> [amir]
00:05:21.527 [https-jsse-nio-8443-exec-9] DEBUG org.hibernate.SQL - 
    select
        u1_0.username,
        u1_0.account_non_expired,
        u1_0.account_non_locked,
        u1_0.credentials_expiry_date,
        u1_0.credentials_non_expired,
        u1_0.deleted,
        u1_0.enabled,
        u1_0.password,
        rs1_0.username,
        rs1_1.name,
        rs1_1.deleted,
        ps1_0.role_name,
        ps1_1.id,
        ps1_1.deleted,
        ps1_1.permission 
    from
        user_tbl u1_0 
    left join
        (user_role_tbl rs1_0 
    join
        role_tbl rs1_1 
            on rs1_1.name=rs1_0.role_name) 
        on u1_0.username=rs1_0.username 
        and ( rs1_1.deleted = 0) 
    left join
        (role_permission_tbl ps1_0 
    join
        permission_tbl ps1_1 
            on ps1_1.id=ps1_0.permission) 
        on rs1_1.name=ps1_0.role_name 
        and ( ps1_1.deleted = 0) 
    where
        u1_0.username=? 
        and (
            u1_0.deleted = 0
        )
00:05:21.527 [https-jsse-nio-8443-exec-9] TRACE org.hibernate.orm.jdbc.bind - binding parameter (1:VARCHAR) <- [amir]
00:05:21.528 [https-jsse-nio-8443-exec-9] TRACE org.hibernate.orm.jdbc.extract - extracted value (9:VARCHAR) -> [amir]
00:05:21.528 [https-jsse-nio-8443-exec-9] TRACE org.hibernate.orm.jdbc.extract - extracted value (10:VARCHAR) -> [ROLE_CUSTOMER]
00:05:21.528 [https-jsse-nio-8443-exec-9] TRACE org.hibernate.orm.jdbc.extract - extracted value (12:VARCHAR) -> [ROLE_CUSTOMER]
00:05:21.528 [https-jsse-nio-8443-exec-9] TRACE org.hibernate.orm.jdbc.extract - extracted value (13:BIGINT) -> [5]
00:05:21.528 [https-jsse-nio-8443-exec-9] TRACE org.hibernate.orm.jdbc.extract - extracted value (14:BOOLEAN) -> [false]
00:05:21.528 [https-jsse-nio-8443-exec-9] TRACE org.hibernate.orm.jdbc.extract - extracted value (15:VARCHAR) -> [TICKET_CREATE]
00:05:21.528 [https-jsse-nio-8443-exec-9] TRACE org.hibernate.orm.jdbc.extract - extracted value (11:BOOLEAN) -> [false]
00:05:21.528 [https-jsse-nio-8443-exec-9] TRACE org.hibernate.orm.jdbc.extract - extracted value (2:BOOLEAN) -> [true]
00:05:21.528 [https-jsse-nio-8443-exec-9] TRACE org.hibernate.orm.jdbc.extract - extracted value (3:BOOLEAN) -> [true]
00:05:21.528 [https-jsse-nio-8443-exec-9] TRACE org.hibernate.orm.jdbc.extract - extracted value (4:TIMESTAMP) -> [2026-02-15T12:40:35.187484]
00:05:21.528 [https-jsse-nio-8443-exec-9] TRACE org.hibernate.orm.jdbc.extract - extracted value (5:BOOLEAN) -> [true]
00:05:21.528 [https-jsse-nio-8443-exec-9] TRACE org.hibernate.orm.jdbc.extract - extracted value (6:BOOLEAN) -> [false]
00:05:21.528 [https-jsse-nio-8443-exec-9] TRACE org.hibernate.orm.jdbc.extract - extracted value (7:BOOLEAN) -> [true]
00:05:21.528 [https-jsse-nio-8443-exec-9] TRACE org.hibernate.orm.jdbc.extract - extracted value (8:VARCHAR) -> [$2a$12$ddwJ0N0uryty40ZjXUABZeK580.kaoEdkMnql79U3k5bq9Bx818Ay]
00:05:21.528 [https-jsse-nio-8443-exec-9] TRACE org.hibernate.orm.jdbc.extract - extracted value (10:VARCHAR) -> [ROLE_MANAGER]
00:05:21.528 [https-jsse-nio-8443-exec-9] TRACE org.hibernate.orm.jdbc.extract - extracted value (12:VARCHAR) -> [ROLE_MANAGER]
00:05:21.528 [https-jsse-nio-8443-exec-9] TRACE org.hibernate.orm.jdbc.extract - extracted value (13:BIGINT) -> [3]
00:05:21.528 [https-jsse-nio-8443-exec-9] TRACE org.hibernate.orm.jdbc.extract - extracted value (14:BOOLEAN) -> [false]
00:05:21.528 [https-jsse-nio-8443-exec-9] TRACE org.hibernate.orm.jdbc.extract - extracted value (15:VARCHAR) -> [TICKET_EDIT]
00:05:21.528 [https-jsse-nio-8443-exec-9] TRACE org.hibernate.orm.jdbc.extract - extracted value (11:BOOLEAN) -> [false]
00:05:21.528 [https-jsse-nio-8443-exec-9] TRACE org.hibernate.orm.jdbc.extract - extracted value (2:BOOLEAN) -> [false]
00:05:21.528 [https-jsse-nio-8443-exec-9] TRACE org.hibernate.orm.jdbc.extract - extracted value (3:VARCHAR) -> [amir@yahoo.com]
00:05:21.529 [https-jsse-nio-8443-exec-9] TRACE org.hibernate.orm.jdbc.extract - extracted value (4:VARCHAR) -> [amir]
00:05:21.529 [https-jsse-nio-8443-exec-9] TRACE org.hibernate.orm.jdbc.extract - extracted value (5:VARCHAR) -> [najafi]
00:05:21.529 [https-jsse-nio-8443-exec-9] TRACE org.hibernate.orm.jdbc.extract - extracted value (6:VARCHAR) -> [09122233475]
00:05:21.529 [https-jsse-nio-8443-exec-9] TRACE org.hibernate.orm.jdbc.extract - extracted value (1:BIGINT) -> [4]
00:05:21.529 [https-jsse-nio-8443-exec-9] TRACE org.hibernate.orm.jdbc.extract - extracted value (7:VARCHAR) -> [artin]
00:05:21.529 [https-jsse-nio-8443-exec-9] DEBUG org.hibernate.SQL - 
    select
        u1_0.username,
        u1_0.account_non_expired,
        u1_0.account_non_locked,
        u1_0.credentials_expiry_date,
        u1_0.credentials_non_expired,
        u1_0.deleted,
        u1_0.enabled,
        u1_0.password,
        rs1_0.username,
        rs1_1.name,
        rs1_1.deleted,
        ps1_0.role_name,
        ps1_1.id,
        ps1_1.deleted,
        ps1_1.permission 
    from
        user_tbl u1_0 
    left join
        (user_role_tbl rs1_0 
    join
        role_tbl rs1_1 
            on rs1_1.name=rs1_0.role_name) 
        on u1_0.username=rs1_0.username 
        and ( rs1_1.deleted = 0) 
    left join
        (role_permission_tbl ps1_0 
    join
        permission_tbl ps1_1 
            on ps1_1.id=ps1_0.permission) 
        on rs1_1.name=ps1_0.role_name 
        and ( ps1_1.deleted = 0) 
    where
        u1_0.username=? 
        and (
            u1_0.deleted = 0
        )
00:05:21.529 [https-jsse-nio-8443-exec-9] TRACE org.hibernate.orm.jdbc.bind - binding parameter (1:VARCHAR) <- [artin]
00:05:21.529 [https-jsse-nio-8443-exec-9] TRACE org.hibernate.orm.jdbc.extract - extracted value (9:VARCHAR) -> [artin]
00:05:21.530 [https-jsse-nio-8443-exec-9] TRACE org.hibernate.orm.jdbc.extract - extracted value (10:VARCHAR) -> [ROLE_CUSTOMER]
00:05:21.530 [https-jsse-nio-8443-exec-9] TRACE org.hibernate.orm.jdbc.extract - extracted value (2:BOOLEAN) -> [true]
00:05:21.530 [https-jsse-nio-8443-exec-9] TRACE org.hibernate.orm.jdbc.extract - extracted value (3:BOOLEAN) -> [true]
00:05:21.530 [https-jsse-nio-8443-exec-9] TRACE org.hibernate.orm.jdbc.extract - extracted value (4:TIMESTAMP) -> [2026-02-15T12:41]
00:05:21.530 [https-jsse-nio-8443-exec-9] TRACE org.hibernate.orm.jdbc.extract - extracted value (5:BOOLEAN) -> [true]
00:05:21.530 [https-jsse-nio-8443-exec-9] TRACE org.hibernate.orm.jdbc.extract - extracted value (6:BOOLEAN) -> [false]
00:05:21.530 [https-jsse-nio-8443-exec-9] TRACE org.hibernate.orm.jdbc.extract - extracted value (7:BOOLEAN) -> [true]
00:05:21.530 [https-jsse-nio-8443-exec-9] TRACE org.hibernate.orm.jdbc.extract - extracted value (8:VARCHAR) -> [$2a$12$LQ/9Uj10CUQqYQSeLTXUEugUzI7FXTZnvnYR6fTSOkdmnpp1mfGMS]
00:05:21.530 [https-jsse-nio-8443-exec-9] TRACE org.hibernate.orm.jdbc.extract - extracted value (2:BOOLEAN) -> [false]
00:05:21.530 [https-jsse-nio-8443-exec-9] TRACE org.hibernate.orm.jdbc.extract - extracted value (3:VARCHAR) -> [artin@yahoo.com]
00:05:21.530 [https-jsse-nio-8443-exec-9] TRACE org.hibernate.orm.jdbc.extract - extracted value (4:VARCHAR) -> [artin]
00:05:21.530 [https-jsse-nio-8443-exec-9] TRACE org.hibernate.orm.jdbc.extract - extracted value (5:VARCHAR) -> [arbabi]
00:05:21.530 [https-jsse-nio-8443-exec-9] TRACE org.hibernate.orm.jdbc.extract - extracted value (6:VARCHAR) -> [09121115544]
00:05:21.530 [https-jsse-nio-8443-exec-9] TRACE org.hibernate.orm.jdbc.extract - extracted value (1:BIGINT) -> [6]
00:05:21.530 [https-jsse-nio-8443-exec-9] TRACE org.hibernate.orm.jdbc.extract - extracted value (7:VARCHAR) -> [babak]
00:05:21.530 [https-jsse-nio-8443-exec-9] DEBUG org.hibernate.SQL - 
    select
        u1_0.username,
        u1_0.account_non_expired,
        u1_0.account_non_locked,
        u1_0.credentials_expiry_date,
        u1_0.credentials_non_expired,
        u1_0.deleted,
        u1_0.enabled,
        u1_0.password,
        rs1_0.username,
        rs1_1.name,
        rs1_1.deleted,
        ps1_0.role_name,
        ps1_1.id,
        ps1_1.deleted,
        ps1_1.permission 
    from
        user_tbl u1_0 
    left join
        (user_role_tbl rs1_0 
    join
        role_tbl rs1_1 
            on rs1_1.name=rs1_0.role_name) 
        on u1_0.username=rs1_0.username 
        and ( rs1_1.deleted = 0) 
    left join
        (role_permission_tbl ps1_0 
    join
        permission_tbl ps1_1 
            on ps1_1.id=ps1_0.permission) 
        on rs1_1.name=ps1_0.role_name 
        and ( ps1_1.deleted = 0) 
    where
        u1_0.username=? 
        and (
            u1_0.deleted = 0
        )
00:05:21.530 [https-jsse-nio-8443-exec-9] TRACE org.hibernate.orm.jdbc.bind - binding parameter (1:VARCHAR) <- [babak]
00:05:21.531 [https-jsse-nio-8443-exec-9] TRACE org.hibernate.orm.jdbc.extract - extracted value (9:VARCHAR) -> [babak]
00:05:21.531 [https-jsse-nio-8443-exec-9] TRACE org.hibernate.orm.jdbc.extract - extracted value (10:VARCHAR) -> [ROLE_ADMIN]
00:05:21.531 [https-jsse-nio-8443-exec-9] TRACE org.hibernate.orm.jdbc.extract - extracted value (12:VARCHAR) -> [ROLE_ADMIN]
00:05:21.531 [https-jsse-nio-8443-exec-9] TRACE org.hibernate.orm.jdbc.extract - extracted value (13:BIGINT) -> [3]
00:05:21.531 [https-jsse-nio-8443-exec-9] TRACE org.hibernate.orm.jdbc.extract - extracted value (11:BOOLEAN) -> [false]
00:05:21.531 [https-jsse-nio-8443-exec-9] TRACE org.hibernate.orm.jdbc.extract - extracted value (2:BOOLEAN) -> [true]
00:05:21.531 [https-jsse-nio-8443-exec-9] TRACE org.hibernate.orm.jdbc.extract - extracted value (3:BOOLEAN) -> [true]
00:05:21.531 [https-jsse-nio-8443-exec-9] TRACE org.hibernate.orm.jdbc.extract - extracted value (4:TIMESTAMP) -> [2026-02-15T12:44:09.575903]
00:05:21.531 [https-jsse-nio-8443-exec-9] TRACE org.hibernate.orm.jdbc.extract - extracted value (5:BOOLEAN) -> [true]
00:05:21.532 [https-jsse-nio-8443-exec-9] TRACE org.hibernate.orm.jdbc.extract - extracted value (6:BOOLEAN) -> [false]
00:05:21.532 [https-jsse-nio-8443-exec-9] TRACE org.hibernate.orm.jdbc.extract - extracted value (7:BOOLEAN) -> [true]
00:05:21.532 [https-jsse-nio-8443-exec-9] TRACE org.hibernate.orm.jdbc.extract - extracted value (8:VARCHAR) -> [$2a$12$cO3JWgyImLr/sWH2aE5qkuAGdDL2z1uXMmoIVtV/YktFDYxYySveW]
00:05:21.532 [https-jsse-nio-8443-exec-9] TRACE org.hibernate.orm.jdbc.extract - extracted value (10:VARCHAR) -> [ROLE_ADMIN]
00:05:21.532 [https-jsse-nio-8443-exec-9] TRACE org.hibernate.orm.jdbc.extract - extracted value (13:BIGINT) -> [4]
00:05:21.532 [https-jsse-nio-8443-exec-9] TRACE org.hibernate.orm.jdbc.extract - extracted value (14:BOOLEAN) -> [false]
00:05:21.532 [https-jsse-nio-8443-exec-9] TRACE org.hibernate.orm.jdbc.extract - extracted value (15:VARCHAR) -> [TICKET_DELETE]
00:05:21.532 [https-jsse-nio-8443-exec-9] TRACE org.hibernate.orm.jdbc.extract - extracted value (10:VARCHAR) -> [ROLE_ADMIN]
00:05:21.532 [https-jsse-nio-8443-exec-9] TRACE org.hibernate.orm.jdbc.extract - extracted value (13:BIGINT) -> [5]
00:05:21.532 [https-jsse-nio-8443-exec-9] TRACE org.hibernate.orm.jdbc.extract - extracted value (10:VARCHAR) -> [ROLE_CUSTOMER]
00:05:21.532 [https-jsse-nio-8443-exec-9] TRACE org.hibernate.orm.jdbc.extract - extracted value (2:BOOLEAN) -> [false]
00:05:21.532 [https-jsse-nio-8443-exec-9] TRACE org.hibernate.orm.jdbc.extract - extracted value (3:VARCHAR) -> [babak@gmail.com]
00:05:21.532 [https-jsse-nio-8443-exec-9] TRACE org.hibernate.orm.jdbc.extract - extracted value (4:VARCHAR) -> [babak]
00:05:21.532 [https-jsse-nio-8443-exec-9] TRACE org.hibernate.orm.jdbc.extract - extracted value (5:VARCHAR) -> [matin]
00:05:21.532 [https-jsse-nio-8443-exec-9] TRACE org.hibernate.orm.jdbc.extract - extracted value (6:VARCHAR) -> [09126963321]
00:05:21.532 [https-jsse-nio-8443-exec-9] TRACE org.hibernate.orm.jdbc.extract - extracted value (1:BIGINT) -> [7]
00:05:21.532 [https-jsse-nio-8443-exec-9] TRACE org.hibernate.orm.jdbc.extract - extracted value (7:VARCHAR) -> [hasan]
00:05:21.532 [https-jsse-nio-8443-exec-9] DEBUG org.hibernate.SQL - 
    select
        u1_0.username,
        u1_0.account_non_expired,
        u1_0.account_non_locked,
        u1_0.credentials_expiry_date,
        u1_0.credentials_non_expired,
        u1_0.deleted,
        u1_0.enabled,
        u1_0.password,
        rs1_0.username,
        rs1_1.name,
        rs1_1.deleted,
        ps1_0.role_name,
        ps1_1.id,
        ps1_1.deleted,
        ps1_1.permission 
    from
        user_tbl u1_0 
    left join
        (user_role_tbl rs1_0 
    join
        role_tbl rs1_1 
            on rs1_1.name=rs1_0.role_name) 
        on u1_0.username=rs1_0.username 
        and ( rs1_1.deleted = 0) 
    left join
        (role_permission_tbl ps1_0 
    join
        permission_tbl ps1_1 
            on ps1_1.id=ps1_0.permission) 
        on rs1_1.name=ps1_0.role_name 
        and ( ps1_1.deleted = 0) 
    where
        u1_0.username=? 
        and (
            u1_0.deleted = 0
        )
00:05:21.532 [https-jsse-nio-8443-exec-9] TRACE org.hibernate.orm.jdbc.bind - binding parameter (1:VARCHAR) <- [hasan]
00:05:21.533 [https-jsse-nio-8443-exec-9] TRACE org.hibernate.orm.jdbc.extract - extracted value (9:VARCHAR) -> [hasan]
00:05:21.533 [https-jsse-nio-8443-exec-9] TRACE org.hibernate.orm.jdbc.extract - extracted value (10:VARCHAR) -> [ROLE_CUSTOMER]
00:05:21.533 [https-jsse-nio-8443-exec-9] TRACE org.hibernate.orm.jdbc.extract - extracted value (2:BOOLEAN) -> [true]
00:05:21.533 [https-jsse-nio-8443-exec-9] TRACE org.hibernate.orm.jdbc.extract - extracted value (3:BOOLEAN) -> [true]
00:05:21.533 [https-jsse-nio-8443-exec-9] TRACE org.hibernate.orm.jdbc.extract - extracted value (4:TIMESTAMP) -> [2026-02-15T12:45:01.756360]
00:05:21.533 [https-jsse-nio-8443-exec-9] TRACE org.hibernate.orm.jdbc.extract - extracted value (5:BOOLEAN) -> [true]
00:05:21.533 [https-jsse-nio-8443-exec-9] TRACE org.hibernate.orm.jdbc.extract - extracted value (6:BOOLEAN) -> [false]
00:05:21.533 [https-jsse-nio-8443-exec-9] TRACE org.hibernate.orm.jdbc.extract - extracted value (7:BOOLEAN) -> [true]
00:05:21.533 [https-jsse-nio-8443-exec-9] TRACE org.hibernate.orm.jdbc.extract - extracted value (8:VARCHAR) -> [$2a$12$3WCBMaICU536v5jmRfKPMOgonELheopHrOGtLeWb3Cdt4OdBpub2.]
00:05:21.533 [https-jsse-nio-8443-exec-9] TRACE org.hibernate.orm.jdbc.extract - extracted value (2:BOOLEAN) -> [false]
00:05:21.533 [https-jsse-nio-8443-exec-9] TRACE org.hibernate.orm.jdbc.extract - extracted value (3:VARCHAR) -> [hasan@gmail.com]
00:05:21.533 [https-jsse-nio-8443-exec-9] TRACE org.hibernate.orm.jdbc.extract - extracted value (4:VARCHAR) -> [hasan]
00:05:21.533 [https-jsse-nio-8443-exec-9] TRACE org.hibernate.orm.jdbc.extract - extracted value (5:VARCHAR) -> [mansouri]
00:05:21.533 [https-jsse-nio-8443-exec-9] TRACE org.hibernate.orm.jdbc.extract - extracted value (6:VARCHAR) -> [09150145874]
00:05:21.534 [https-jsse-nio-8443-exec-9] TRACE org.hibernate.orm.jdbc.extract - extracted value (1:BIGINT) -> [9]
00:05:21.534 [https-jsse-nio-8443-exec-9] TRACE org.hibernate.orm.jdbc.extract - extracted value (7:VARCHAR) -> [hossein]
00:05:21.534 [https-jsse-nio-8443-exec-9] DEBUG org.hibernate.SQL - 
    select
        u1_0.username,
        u1_0.account_non_expired,
        u1_0.account_non_locked,
        u1_0.credentials_expiry_date,
        u1_0.credentials_non_expired,
        u1_0.deleted,
        u1_0.enabled,
        u1_0.password,
        rs1_0.username,
        rs1_1.name,
        rs1_1.deleted,
        ps1_0.role_name,
        ps1_1.id,
        ps1_1.deleted,
        ps1_1.permission 
    from
        user_tbl u1_0 
    left join
        (user_role_tbl rs1_0 
    join
        role_tbl rs1_1 
            on rs1_1.name=rs1_0.role_name) 
        on u1_0.username=rs1_0.username 
        and ( rs1_1.deleted = 0) 
    left join
        (role_permission_tbl ps1_0 
    join
        permission_tbl ps1_1 
            on ps1_1.id=ps1_0.permission) 
        on rs1_1.name=ps1_0.role_name 
        and ( ps1_1.deleted = 0) 
    where
        u1_0.username=? 
        and (
            u1_0.deleted = 0
        )
00:05:21.534 [https-jsse-nio-8443-exec-9] TRACE org.hibernate.orm.jdbc.bind - binding parameter (1:VARCHAR) <- [hossein]
00:05:21.534 [https-jsse-nio-8443-exec-9] TRACE org.hibernate.orm.jdbc.extract - extracted value (9:VARCHAR) -> [hossein]
00:05:21.534 [https-jsse-nio-8443-exec-9] TRACE org.hibernate.orm.jdbc.extract - extracted value (10:VARCHAR) -> [ROLE_CUSTOMER]
00:05:21.535 [https-jsse-nio-8443-exec-9] TRACE org.hibernate.orm.jdbc.extract - extracted value (2:BOOLEAN) -> [true]
00:05:21.535 [https-jsse-nio-8443-exec-9] TRACE org.hibernate.orm.jdbc.extract - extracted value (3:BOOLEAN) -> [true]
00:05:21.535 [https-jsse-nio-8443-exec-9] TRACE org.hibernate.orm.jdbc.extract - extracted value (4:TIMESTAMP) -> [2026-02-15T12:46:24.291810]
00:05:21.535 [https-jsse-nio-8443-exec-9] TRACE org.hibernate.orm.jdbc.extract - extracted value (5:BOOLEAN) -> [true]
00:05:21.535 [https-jsse-nio-8443-exec-9] TRACE org.hibernate.orm.jdbc.extract - extracted value (6:BOOLEAN) -> [false]
00:05:21.535 [https-jsse-nio-8443-exec-9] TRACE org.hibernate.orm.jdbc.extract - extracted value (7:BOOLEAN) -> [true]
00:05:21.535 [https-jsse-nio-8443-exec-9] TRACE org.hibernate.orm.jdbc.extract - extracted value (8:VARCHAR) -> [$2a$12$LBFeYz5E.F.yrsZN/2u5S.UNEMf5ck.IhxlnsHw/q33MgngZJvDmi]
00:05:21.535 [https-jsse-nio-8443-exec-9] TRACE org.hibernate.orm.jdbc.extract - extracted value (2:BOOLEAN) -> [false]
00:05:21.535 [https-jsse-nio-8443-exec-9] TRACE org.hibernate.orm.jdbc.extract - extracted value (3:VARCHAR) -> [hossein@gmail.com]
00:05:21.535 [https-jsse-nio-8443-exec-9] TRACE org.hibernate.orm.jdbc.extract - extracted value (4:VARCHAR) -> [hossein]
00:05:21.535 [https-jsse-nio-8443-exec-9] TRACE org.hibernate.orm.jdbc.extract - extracted value (5:VARCHAR) -> [samavat]
00:05:21.535 [https-jsse-nio-8443-exec-9] TRACE org.hibernate.orm.jdbc.extract - extracted value (6:VARCHAR) -> [09132584455]
00:05:21.535 [https-jsse-nio-8443-exec-9] TRACE org.hibernate.orm.jdbc.extract - extracted value (1:BIGINT) -> [5]
00:05:21.535 [https-jsse-nio-8443-exec-9] TRACE org.hibernate.orm.jdbc.extract - extracted value (7:VARCHAR) -> [maryam]
00:05:21.535 [https-jsse-nio-8443-exec-9] DEBUG org.hibernate.SQL - 
    select
        u1_0.username,
        u1_0.account_non_expired,
        u1_0.account_non_locked,
        u1_0.credentials_expiry_date,
        u1_0.credentials_non_expired,
        u1_0.deleted,
        u1_0.enabled,
        u1_0.password,
        rs1_0.username,
        rs1_1.name,
        rs1_1.deleted,
        ps1_0.role_name,
        ps1_1.id,
        ps1_1.deleted,
        ps1_1.permission 
    from
        user_tbl u1_0 
    left join
        (user_role_tbl rs1_0 
    join
        role_tbl rs1_1 
            on rs1_1.name=rs1_0.role_name) 
        on u1_0.username=rs1_0.username 
        and ( rs1_1.deleted = 0) 
    left join
        (role_permission_tbl ps1_0 
    join
        permission_tbl ps1_1 
            on ps1_1.id=ps1_0.permission) 
        on rs1_1.name=ps1_0.role_name 
        and ( ps1_1.deleted = 0) 
    where
        u1_0.username=? 
        and (
            u1_0.deleted = 0
        )
00:05:21.535 [https-jsse-nio-8443-exec-9] TRACE org.hibernate.orm.jdbc.bind - binding parameter (1:VARCHAR) <- [maryam]
00:05:21.536 [https-jsse-nio-8443-exec-9] TRACE org.hibernate.orm.jdbc.extract - extracted value (9:VARCHAR) -> [maryam]
00:05:21.536 [https-jsse-nio-8443-exec-9] TRACE org.hibernate.orm.jdbc.extract - extracted value (10:VARCHAR) -> [ROLE_CUSTOMER]
00:05:21.536 [https-jsse-nio-8443-exec-9] TRACE org.hibernate.orm.jdbc.extract - extracted value (2:BOOLEAN) -> [true]
00:05:21.536 [https-jsse-nio-8443-exec-9] TRACE org.hibernate.orm.jdbc.extract - extracted value (3:BOOLEAN) -> [true]
00:05:21.536 [https-jsse-nio-8443-exec-9] TRACE org.hibernate.orm.jdbc.extract - extracted value (4:TIMESTAMP) -> [2026-02-15T12:42:00.427897]
00:05:21.536 [https-jsse-nio-8443-exec-9] TRACE org.hibernate.orm.jdbc.extract - extracted value (5:BOOLEAN) -> [true]
00:05:21.536 [https-jsse-nio-8443-exec-9] TRACE org.hibernate.orm.jdbc.extract - extracted value (6:BOOLEAN) -> [false]
00:05:21.536 [https-jsse-nio-8443-exec-9] TRACE org.hibernate.orm.jdbc.extract - extracted value (7:BOOLEAN) -> [true]
00:05:21.536 [https-jsse-nio-8443-exec-9] TRACE org.hibernate.orm.jdbc.extract - extracted value (8:VARCHAR) -> [$2a$12$eoe/uFtZFJmgK5HF97QwqOgjCKRrInHByKOZSmn7blhTgdle5I24O]
00:05:21.536 [https-jsse-nio-8443-exec-9] TRACE org.hibernate.orm.jdbc.extract - extracted value (2:BOOLEAN) -> [false]
00:05:21.536 [https-jsse-nio-8443-exec-9] TRACE org.hibernate.orm.jdbc.extract - extracted value (3:VARCHAR) -> [maryam@gmail.com]
00:05:21.536 [https-jsse-nio-8443-exec-9] TRACE org.hibernate.orm.jdbc.extract - extracted value (4:VARCHAR) -> [maryam]
00:05:21.536 [https-jsse-nio-8443-exec-9] TRACE org.hibernate.orm.jdbc.extract - extracted value (5:VARCHAR) -> [sekandari]
00:05:21.536 [https-jsse-nio-8443-exec-9] TRACE org.hibernate.orm.jdbc.extract - extracted value (6:VARCHAR) -> [09126662654]
00:05:21.536 [https-jsse-nio-8443-exec-9] TRACE org.hibernate.orm.jdbc.extract - extracted value (1:BIGINT) -> [10]
00:05:21.536 [https-jsse-nio-8443-exec-9] TRACE org.hibernate.orm.jdbc.extract - extracted value (7:VARCHAR) -> [payam]
00:05:21.536 [https-jsse-nio-8443-exec-9] DEBUG org.hibernate.SQL - 
    select
        u1_0.username,
        u1_0.account_non_expired,
        u1_0.account_non_locked,
        u1_0.credentials_expiry_date,
        u1_0.credentials_non_expired,
        u1_0.deleted,
        u1_0.enabled,
        u1_0.password,
        rs1_0.username,
        rs1_1.name,
        rs1_1.deleted,
        ps1_0.role_name,
        ps1_1.id,
        ps1_1.deleted,
        ps1_1.permission 
    from
        user_tbl u1_0 
    left join
        (user_role_tbl rs1_0 
    join
        role_tbl rs1_1 
            on rs1_1.name=rs1_0.role_name) 
        on u1_0.username=rs1_0.username 
        and ( rs1_1.deleted = 0) 
    left join
        (role_permission_tbl ps1_0 
    join
        permission_tbl ps1_1 
            on ps1_1.id=ps1_0.permission) 
        on rs1_1.name=ps1_0.role_name 
        and ( ps1_1.deleted = 0) 
    where
        u1_0.username=? 
        and (
            u1_0.deleted = 0
        )
00:05:21.536 [https-jsse-nio-8443-exec-9] TRACE org.hibernate.orm.jdbc.bind - binding parameter (1:VARCHAR) <- [payam]
00:05:21.537 [https-jsse-nio-8443-exec-9] TRACE org.hibernate.orm.jdbc.extract - extracted value (9:VARCHAR) -> [payam]
00:05:21.537 [https-jsse-nio-8443-exec-9] TRACE org.hibernate.orm.jdbc.extract - extracted value (10:VARCHAR) -> [ROLE_MANAGER]
00:05:21.537 [https-jsse-nio-8443-exec-9] TRACE org.hibernate.orm.jdbc.extract - extracted value (2:BOOLEAN) -> [true]
00:05:21.537 [https-jsse-nio-8443-exec-9] TRACE org.hibernate.orm.jdbc.extract - extracted value (3:BOOLEAN) -> [true]
00:05:21.537 [https-jsse-nio-8443-exec-9] TRACE org.hibernate.orm.jdbc.extract - extracted value (4:TIMESTAMP) -> [2026-02-15T12:46]
00:05:21.537 [https-jsse-nio-8443-exec-9] TRACE org.hibernate.orm.jdbc.extract - extracted value (5:BOOLEAN) -> [true]
00:05:21.537 [https-jsse-nio-8443-exec-9] TRACE org.hibernate.orm.jdbc.extract - extracted value (6:BOOLEAN) -> [false]
00:05:21.537 [https-jsse-nio-8443-exec-9] TRACE org.hibernate.orm.jdbc.extract - extracted value (7:BOOLEAN) -> [true]
00:05:21.537 [https-jsse-nio-8443-exec-9] TRACE org.hibernate.orm.jdbc.extract - extracted value (8:VARCHAR) -> [$2a$12$lVuQXTkB0crKuwzQLIv7QumZWQZdMFMeR4CnkQoftAsg8CiLwEYB6]
00:05:21.537 [https-jsse-nio-8443-exec-9] TRACE org.hibernate.orm.jdbc.extract - extracted value (2:BOOLEAN) -> [false]
00:05:21.537 [https-jsse-nio-8443-exec-9] TRACE org.hibernate.orm.jdbc.extract - extracted value (3:VARCHAR) -> [payam.parham1982@gmail.com]
00:05:21.537 [https-jsse-nio-8443-exec-9] TRACE org.hibernate.orm.jdbc.extract - extracted value (4:VARCHAR) -> [payam]
00:05:21.537 [https-jsse-nio-8443-exec-9] TRACE org.hibernate.orm.jdbc.extract - extracted value (5:VARCHAR) -> [nobari]
00:05:21.537 [https-jsse-nio-8443-exec-9] TRACE org.hibernate.orm.jdbc.extract - extracted value (6:VARCHAR) -> [09192060383]
00:05:21.537 [https-jsse-nio-8443-exec-9] TRACE org.hibernate.orm.jdbc.extract - extracted value (1:BIGINT) -> [1]
00:05:21.537 [https-jsse-nio-8443-exec-9] TRACE org.hibernate.orm.jdbc.extract - extracted value (7:VARCHAR) -> [reza]
00:05:21.537 [https-jsse-nio-8443-exec-9] DEBUG org.hibernate.SQL - 
    select
        u1_0.username,
        u1_0.account_non_expired,
        u1_0.account_non_locked,
        u1_0.credentials_expiry_date,
        u1_0.credentials_non_expired,
        u1_0.deleted,
        u1_0.enabled,
        u1_0.password,
        rs1_0.username,
        rs1_1.name,
        rs1_1.deleted,
        ps1_0.role_name,
        ps1_1.id,
        ps1_1.deleted,
        ps1_1.permission 
    from
        user_tbl u1_0 
    left join
        (user_role_tbl rs1_0 
    join
        role_tbl rs1_1 
            on rs1_1.name=rs1_0.role_name) 
        on u1_0.username=rs1_0.username 
        and ( rs1_1.deleted = 0) 
    left join
        (role_permission_tbl ps1_0 
    join
        permission_tbl ps1_1 
            on ps1_1.id=ps1_0.permission) 
        on rs1_1.name=ps1_0.role_name 
        and ( ps1_1.deleted = 0) 
    where
        u1_0.username=? 
        and (
            u1_0.deleted = 0
        )
00:05:21.538 [https-jsse-nio-8443-exec-9] TRACE org.hibernate.orm.jdbc.bind - binding parameter (1:VARCHAR) <- [reza]
00:05:21.538 [https-jsse-nio-8443-exec-9] TRACE org.hibernate.orm.jdbc.extract - extracted value (9:VARCHAR) -> [reza]
00:05:21.538 [https-jsse-nio-8443-exec-9] TRACE org.hibernate.orm.jdbc.extract - extracted value (10:VARCHAR) -> [ROLE_MANAGER]
00:05:21.538 [https-jsse-nio-8443-exec-9] TRACE org.hibernate.orm.jdbc.extract - extracted value (2:BOOLEAN) -> [true]
00:05:21.538 [https-jsse-nio-8443-exec-9] TRACE org.hibernate.orm.jdbc.extract - extracted value (3:BOOLEAN) -> [true]
00:05:21.538 [https-jsse-nio-8443-exec-9] TRACE org.hibernate.orm.jdbc.extract - extracted value (4:TIMESTAMP) -> [2026-02-15T12:11]
00:05:21.538 [https-jsse-nio-8443-exec-9] TRACE org.hibernate.orm.jdbc.extract - extracted value (5:BOOLEAN) -> [true]
00:05:21.538 [https-jsse-nio-8443-exec-9] TRACE org.hibernate.orm.jdbc.extract - extracted value (6:BOOLEAN) -> [false]
00:05:21.538 [https-jsse-nio-8443-exec-9] TRACE org.hibernate.orm.jdbc.extract - extracted value (7:BOOLEAN) -> [true]
00:05:21.538 [https-jsse-nio-8443-exec-9] TRACE org.hibernate.orm.jdbc.extract - extracted value (8:VARCHAR) -> [$2a$12$Sn2IZjJZlk4Xmbl173VyFOnCAj1xlKjkkZvyq5kzgUGKfH9EvpWsS]
00:05:21.538 [https-jsse-nio-8443-exec-9] TRACE org.hibernate.orm.jdbc.extract - extracted value (2:BOOLEAN) -> [false]
00:05:21.538 [https-jsse-nio-8443-exec-9] TRACE org.hibernate.orm.jdbc.extract - extracted value (3:VARCHAR) -> [reza@yahoo.com]
00:05:21.538 [https-jsse-nio-8443-exec-9] TRACE org.hibernate.orm.jdbc.extract - extracted value (4:VARCHAR) -> [reza]
00:05:21.538 [https-jsse-nio-8443-exec-9] TRACE org.hibernate.orm.jdbc.extract - extracted value (5:VARCHAR) -> [rezai]
00:05:21.538 [https-jsse-nio-8443-exec-9] TRACE org.hibernate.orm.jdbc.extract - extracted value (6:VARCHAR) -> [09128887798]
00:05:21.539 [https-jsse-nio-8443-exec-9] TRACE org.hibernate.orm.jdbc.extract - extracted value (1:BIGINT) -> [11]
00:05:21.539 [https-jsse-nio-8443-exec-9] TRACE org.hibernate.orm.jdbc.extract - extracted value (7:VARCHAR) -> [samira]
00:05:21.539 [https-jsse-nio-8443-exec-9] DEBUG org.hibernate.SQL - 
    select
        u1_0.username,
        u1_0.account_non_expired,
        u1_0.account_non_locked,
        u1_0.credentials_expiry_date,
        u1_0.credentials_non_expired,
        u1_0.deleted,
        u1_0.enabled,
        u1_0.password,
        rs1_0.username,
        rs1_1.name,
        rs1_1.deleted,
        ps1_0.role_name,
        ps1_1.id,
        ps1_1.deleted,
        ps1_1.permission 
    from
        user_tbl u1_0 
    left join
        (user_role_tbl rs1_0 
    join
        role_tbl rs1_1 
            on rs1_1.name=rs1_0.role_name) 
        on u1_0.username=rs1_0.username 
        and ( rs1_1.deleted = 0) 
    left join
        (role_permission_tbl ps1_0 
    join
        permission_tbl ps1_1 
            on ps1_1.id=ps1_0.permission) 
        on rs1_1.name=ps1_0.role_name 
        and ( ps1_1.deleted = 0) 
    where
        u1_0.username=? 
        and (
            u1_0.deleted = 0
        )
00:05:21.539 [https-jsse-nio-8443-exec-9] TRACE org.hibernate.orm.jdbc.bind - binding parameter (1:VARCHAR) <- [samira]
00:05:21.539 [https-jsse-nio-8443-exec-9] TRACE org.hibernate.orm.jdbc.extract - extracted value (9:VARCHAR) -> [samira]
00:05:21.539 [https-jsse-nio-8443-exec-9] TRACE org.hibernate.orm.jdbc.extract - extracted value (10:VARCHAR) -> [ROLE_CUSTOMER]
00:05:21.539 [https-jsse-nio-8443-exec-9] TRACE org.hibernate.orm.jdbc.extract - extracted value (2:BOOLEAN) -> [true]
00:05:21.539 [https-jsse-nio-8443-exec-9] TRACE org.hibernate.orm.jdbc.extract - extracted value (3:BOOLEAN) -> [true]
00:05:21.539 [https-jsse-nio-8443-exec-9] TRACE org.hibernate.orm.jdbc.extract - extracted value (4:TIMESTAMP) -> [2026-02-15T12:48:08.112483]
00:05:21.539 [https-jsse-nio-8443-exec-9] TRACE org.hibernate.orm.jdbc.extract - extracted value (5:BOOLEAN) -> [true]
00:05:21.539 [https-jsse-nio-8443-exec-9] TRACE org.hibernate.orm.jdbc.extract - extracted value (6:BOOLEAN) -> [false]
00:05:21.539 [https-jsse-nio-8443-exec-9] TRACE org.hibernate.orm.jdbc.extract - extracted value (7:BOOLEAN) -> [true]
00:05:21.539 [https-jsse-nio-8443-exec-9] TRACE org.hibernate.orm.jdbc.extract - extracted value (8:VARCHAR) -> [$2a$12$S1VKZAogKfel9ROgJbM.BOFyJUrOcZllF7AE9OsIo.Xy14xFRkNLi]
00:05:21.540 [https-jsse-nio-8443-exec-9] TRACE org.hibernate.orm.jdbc.extract - extracted value (2:BOOLEAN) -> [false]
00:05:21.540 [https-jsse-nio-8443-exec-9] TRACE org.hibernate.orm.jdbc.extract - extracted value (3:VARCHAR) -> [samira@gmail.com]
00:05:21.540 [https-jsse-nio-8443-exec-9] TRACE org.hibernate.orm.jdbc.extract - extracted value (4:VARCHAR) -> [samira]
00:05:21.540 [https-jsse-nio-8443-exec-9] TRACE org.hibernate.orm.jdbc.extract - extracted value (5:VARCHAR) -> [samavat]
00:05:21.540 [https-jsse-nio-8443-exec-9] TRACE org.hibernate.orm.jdbc.extract - extracted value (6:VARCHAR) -> [09103336655]
00:05:21.540 [https-jsse-nio-8443-exec-9] TRACE org.hibernate.orm.jdbc.extract - extracted value (1:BIGINT) -> [12]
00:05:21.540 [https-jsse-nio-8443-exec-9] TRACE org.hibernate.orm.jdbc.extract - extracted value (7:VARCHAR) -> [sara]
00:05:21.540 [https-jsse-nio-8443-exec-9] DEBUG org.hibernate.SQL - 
    select
        u1_0.username,
        u1_0.account_non_expired,
        u1_0.account_non_locked,
        u1_0.credentials_expiry_date,
        u1_0.credentials_non_expired,
        u1_0.deleted,
        u1_0.enabled,
        u1_0.password,
        rs1_0.username,
        rs1_1.name,
        rs1_1.deleted,
        ps1_0.role_name,
        ps1_1.id,
        ps1_1.deleted,
        ps1_1.permission 
    from
        user_tbl u1_0 
    left join
        (user_role_tbl rs1_0 
    join
        role_tbl rs1_1 
            on rs1_1.name=rs1_0.role_name) 
        on u1_0.username=rs1_0.username 
        and ( rs1_1.deleted = 0) 
    left join
        (role_permission_tbl ps1_0 
    join
        permission_tbl ps1_1 
            on ps1_1.id=ps1_0.permission) 
        on rs1_1.name=ps1_0.role_name 
        and ( ps1_1.deleted = 0) 
    where
        u1_0.username=? 
        and (
            u1_0.deleted = 0
        )
00:05:21.540 [https-jsse-nio-8443-exec-9] TRACE org.hibernate.orm.jdbc.bind - binding parameter (1:VARCHAR) <- [sara]
00:05:21.540 [https-jsse-nio-8443-exec-9] TRACE org.hibernate.orm.jdbc.extract - extracted value (9:VARCHAR) -> [sara]
00:05:21.540 [https-jsse-nio-8443-exec-9] TRACE org.hibernate.orm.jdbc.extract - extracted value (10:VARCHAR) -> [ROLE_CUSTOMER]
00:05:21.540 [https-jsse-nio-8443-exec-9] TRACE org.hibernate.orm.jdbc.extract - extracted value (2:BOOLEAN) -> [true]
00:05:21.540 [https-jsse-nio-8443-exec-9] TRACE org.hibernate.orm.jdbc.extract - extracted value (3:BOOLEAN) -> [true]
00:05:21.541 [https-jsse-nio-8443-exec-9] TRACE org.hibernate.orm.jdbc.extract - extracted value (4:TIMESTAMP) -> [2026-02-15T12:48:51.616509]
00:05:21.541 [https-jsse-nio-8443-exec-9] TRACE org.hibernate.orm.jdbc.extract - extracted value (5:BOOLEAN) -> [true]
00:05:21.541 [https-jsse-nio-8443-exec-9] TRACE org.hibernate.orm.jdbc.extract - extracted value (6:BOOLEAN) -> [false]
00:05:21.541 [https-jsse-nio-8443-exec-9] TRACE org.hibernate.orm.jdbc.extract - extracted value (7:BOOLEAN) -> [true]
00:05:21.541 [https-jsse-nio-8443-exec-9] TRACE org.hibernate.orm.jdbc.extract - extracted value (8:VARCHAR) -> [$2a$12$3KF1d0C6MWaPMgJCZ2mg6u5yeosWuf8DV2vm1sVMiHzrwKRveJq/2]
00:05:21.541 [https-jsse-nio-8443-exec-9] TRACE org.hibernate.orm.jdbc.extract - extracted value (2:BOOLEAN) -> [false]
00:05:21.541 [https-jsse-nio-8443-exec-9] TRACE org.hibernate.orm.jdbc.extract - extracted value (3:VARCHAR) -> [sara@gmail.com]
00:05:21.541 [https-jsse-nio-8443-exec-9] TRACE org.hibernate.orm.jdbc.extract - extracted value (4:VARCHAR) -> [sara]
00:05:21.541 [https-jsse-nio-8443-exec-9] TRACE org.hibernate.orm.jdbc.extract - extracted value (5:VARCHAR) -> [sarmad]
00:05:21.541 [https-jsse-nio-8443-exec-9] TRACE org.hibernate.orm.jdbc.extract - extracted value (6:VARCHAR) -> [09178523600]
00:05:21.542 [https-jsse-nio-8443-exec-9] DEBUG org.hibernate.SQL - 
    /* <criteria> */ select
        count(p1_0.id) 
    from
        profile_tbl p1_0 
    where
        (
            p1_0.deleted = 0
        )
00:05:21.542 [https-jsse-nio-8443-exec-9] TRACE org.hibernate.orm.jdbc.extract - extracted value (1:BIGINT) -> [12]
00:05:21.542 [https-jsse-nio-8443-exec-9] DEBUG o.h.e.t.internal.TransactionImpl - committing
00:05:21.543 [https-jsse-nio-8443-exec-9] DEBUG o.s.jdbc.datasource.DataSourceUtils - Resetting read-only flag of JDBC Connection [HikariProxyConnection@1842526033 wrapping oracle.jdbc.driver.T4CConnection@578779b1]
00:05:21.543 [https-jsse-nio-8443-exec-9] INFO  i.c.exception.ResponseAspect - Web Controller: profilesList
00:05:31.651 [https-jsse-nio-8443-exec-4] DEBUG o.s.security.web.FilterChainProxy - Securing GET /rest/roles
00:05:31.652 [https-jsse-nio-8443-exec-4] DEBUG o.s.s.w.a.c.ChannelProcessingFilter - Request: filter invocation [GET /rest/roles]; ConfigAttributes: [REQUIRES_SECURE_CHANNEL]
00:05:31.652 [https-jsse-nio-8443-exec-4] DEBUG o.s.s.w.c.HttpSessionSecurityContextRepository - Retrieved SecurityContextImpl [Authentication=UsernamePasswordAuthenticationToken [Principal=ir.model.entity.CustomUserDetails@7420bd47, Credentials=[PROTECTED], Authenticated=true, Details=WebAuthenticationDetails [RemoteIpAddress=0:0:0:0:0:0:0:1, SessionId=54B9903800BC0AD598F338FAFFE368E1], Granted Authorities=[TICKET_EDIT, ROLE_ADMIN, TICKET_CREATE, TICKET_DELETE]]]
00:05:31.653 [https-jsse-nio-8443-exec-4] DEBUG o.s.security.web.FilterChainProxy - Secured GET /rest/roles
00:05:31.654 [https-jsse-nio-8443-exec-4] DEBUG o.s.s.a.m.AuthorizationManagerBeforeMethodInterceptor - Authorizing method invocation ReflectiveMethodInvocation: public org.springframework.http.ResponseEntity ir.controller.api.RoleApi.getAllRoles(); target is of class [ir.controller.api.RoleApi]
00:05:31.658 [https-jsse-nio-8443-exec-4] DEBUG o.s.s.a.m.AuthorizationManagerBeforeMethodInterceptor - Authorized method invocation ReflectiveMethodInvocation: public org.springframework.http.ResponseEntity ir.controller.api.RoleApi.getAllRoles(); target is of class [ir.controller.api.RoleApi]
00:05:31.659 [https-jsse-nio-8443-exec-4] DEBUG o.s.jdbc.datasource.DataSourceUtils - Setting JDBC Connection [HikariProxyConnection@940857795 wrapping oracle.jdbc.driver.T4CConnection@578779b1] read-only
00:05:31.659 [https-jsse-nio-8443-exec-4] DEBUG o.h.e.t.internal.TransactionImpl - On TransactionImpl creation, JpaCompliance#isJpaTransactionComplianceEnabled == false
00:05:31.659 [https-jsse-nio-8443-exec-4] DEBUG o.h.e.t.internal.TransactionImpl - begin
00:05:31.660 [https-jsse-nio-8443-exec-4] DEBUG org.hibernate.SQL - 
    /* <criteria> */ select
        r1_0.name,
        r1_0.deleted 
    from
        role_tbl r1_0 
    where
        (
            r1_0.deleted = 0
        )
00:05:31.661 [https-jsse-nio-8443-exec-4] TRACE org.hibernate.orm.jdbc.extract - extracted value (1:VARCHAR) -> [ROLE_ADMIN]
00:05:31.661 [https-jsse-nio-8443-exec-4] TRACE org.hibernate.orm.jdbc.extract - extracted value (2:BOOLEAN) -> [false]
00:05:31.661 [https-jsse-nio-8443-exec-4] TRACE org.hibernate.orm.jdbc.extract - extracted value (1:VARCHAR) -> [ROLE_MANAGER]
00:05:31.661 [https-jsse-nio-8443-exec-4] TRACE org.hibernate.orm.jdbc.extract - extracted value (2:BOOLEAN) -> [false]
00:05:31.661 [https-jsse-nio-8443-exec-4] TRACE org.hibernate.orm.jdbc.extract - extracted value (1:VARCHAR) -> [ROLE_CUSTOMER]
00:05:31.661 [https-jsse-nio-8443-exec-4] TRACE org.hibernate.orm.jdbc.extract - extracted value (2:BOOLEAN) -> [false]
00:05:31.661 [https-jsse-nio-8443-exec-4] DEBUG org.hibernate.SQL - 
    select
        ps1_0.role_name,
        ps1_1.id,
        ps1_1.deleted,
        ps1_1.permission 
    from
        role_permission_tbl ps1_0 
    join
        permission_tbl ps1_1 
            on ps1_1.id=ps1_0.permission 
    where
        ps1_0.role_name=? 
        and (
            ps1_1.deleted = 0
        )
00:05:31.661 [https-jsse-nio-8443-exec-4] TRACE org.hibernate.orm.jdbc.bind - binding parameter (1:VARCHAR) <- [ROLE_CUSTOMER]
00:05:31.662 [https-jsse-nio-8443-exec-4] TRACE org.hibernate.orm.jdbc.extract - extracted value (1:VARCHAR) -> [ROLE_CUSTOMER]
00:05:31.662 [https-jsse-nio-8443-exec-4] TRACE org.hibernate.orm.jdbc.extract - extracted value (2:BIGINT) -> [5]
00:05:31.662 [https-jsse-nio-8443-exec-4] TRACE org.hibernate.orm.jdbc.extract - extracted value (3:BOOLEAN) -> [false]
00:05:31.662 [https-jsse-nio-8443-exec-4] TRACE org.hibernate.orm.jdbc.extract - extracted value (4:VARCHAR) -> [TICKET_CREATE]
00:05:31.662 [https-jsse-nio-8443-exec-4] DEBUG org.hibernate.SQL - 
    select
        ps1_0.role_name,
        ps1_1.id,
        ps1_1.deleted,
        ps1_1.permission 
    from
        role_permission_tbl ps1_0 
    join
        permission_tbl ps1_1 
            on ps1_1.id=ps1_0.permission 
    where
        ps1_0.role_name=? 
        and (
            ps1_1.deleted = 0
        )
00:05:31.662 [https-jsse-nio-8443-exec-4] TRACE org.hibernate.orm.jdbc.bind - binding parameter (1:VARCHAR) <- [ROLE_MANAGER]
00:05:31.662 [https-jsse-nio-8443-exec-4] TRACE org.hibernate.orm.jdbc.extract - extracted value (1:VARCHAR) -> [ROLE_MANAGER]
00:05:31.662 [https-jsse-nio-8443-exec-4] TRACE org.hibernate.orm.jdbc.extract - extracted value (2:BIGINT) -> [3]
00:05:31.662 [https-jsse-nio-8443-exec-4] TRACE org.hibernate.orm.jdbc.extract - extracted value (3:BOOLEAN) -> [false]
00:05:31.662 [https-jsse-nio-8443-exec-4] TRACE org.hibernate.orm.jdbc.extract - extracted value (4:VARCHAR) -> [TICKET_EDIT]
00:05:31.662 [https-jsse-nio-8443-exec-4] DEBUG org.hibernate.SQL - 
    select
        ps1_0.role_name,
        ps1_1.id,
        ps1_1.deleted,
        ps1_1.permission 
    from
        role_permission_tbl ps1_0 
    join
        permission_tbl ps1_1 
            on ps1_1.id=ps1_0.permission 
    where
        ps1_0.role_name=? 
        and (
            ps1_1.deleted = 0
        )
00:05:31.662 [https-jsse-nio-8443-exec-4] TRACE org.hibernate.orm.jdbc.bind - binding parameter (1:VARCHAR) <- [ROLE_ADMIN]
00:05:31.662 [https-jsse-nio-8443-exec-4] TRACE org.hibernate.orm.jdbc.extract - extracted value (1:VARCHAR) -> [ROLE_ADMIN]
00:05:31.662 [https-jsse-nio-8443-exec-4] TRACE org.hibernate.orm.jdbc.extract - extracted value (2:BIGINT) -> [3]
00:05:31.663 [https-jsse-nio-8443-exec-4] TRACE org.hibernate.orm.jdbc.extract - extracted value (1:VARCHAR) -> [ROLE_ADMIN]
00:05:31.663 [https-jsse-nio-8443-exec-4] TRACE org.hibernate.orm.jdbc.extract - extracted value (2:BIGINT) -> [4]
00:05:31.663 [https-jsse-nio-8443-exec-4] TRACE org.hibernate.orm.jdbc.extract - extracted value (3:BOOLEAN) -> [false]
00:05:31.663 [https-jsse-nio-8443-exec-4] TRACE org.hibernate.orm.jdbc.extract - extracted value (4:VARCHAR) -> [TICKET_DELETE]
00:05:31.663 [https-jsse-nio-8443-exec-4] TRACE org.hibernate.orm.jdbc.extract - extracted value (1:VARCHAR) -> [ROLE_ADMIN]
00:05:31.663 [https-jsse-nio-8443-exec-4] TRACE org.hibernate.orm.jdbc.extract - extracted value (2:BIGINT) -> [5]
00:05:31.663 [https-jsse-nio-8443-exec-4] DEBUG o.h.e.t.internal.TransactionImpl - committing
00:05:31.664 [https-jsse-nio-8443-exec-4] DEBUG o.s.jdbc.datasource.DataSourceUtils - Resetting read-only flag of JDBC Connection [HikariProxyConnection@940857795 wrapping oracle.jdbc.driver.T4CConnection@578779b1]
00:05:31.665 [https-jsse-nio-8443-exec-4] INFO  i.c.exception.ResponseAspect - API: getAllRoles
00:05:41.506 [RMI TCP Connection(3)-192.168.1.152] WARN  o.s.b.a.d.mongo.MongoHealthIndicator - MongoDB health check failed
org.springframework.dao.DataAccessResourceFailureException: Timed out while waiting for a server that matches ReadPreferenceServerSelector{readPreference=primary}. Client view of cluster state is {type=UNKNOWN, servers=[{address=localhost:27017, type=UNKNOWN, state=CONNECTING, exception={com.mongodb.MongoSocketOpenException: Exception opening socket}, caused by {java.net.ConnectException: Connection refused: no further information}}]
	at org.springframework.data.mongodb.core.MongoExceptionTranslator.doTranslateException(MongoExceptionTranslator.java:97)
	at org.springframework.data.mongodb.core.MongoExceptionTranslator.translateExceptionIfPossible(MongoExceptionTranslator.java:74)
	at org.springframework.data.mongodb.core.MongoTemplate.potentiallyConvertRuntimeException(MongoTemplate.java:3009)
	at org.springframework.data.mongodb.core.MongoTemplate.execute(MongoTemplate.java:584)
	at org.springframework.data.mongodb.core.MongoTemplate.executeCommand(MongoTemplate.java:516)
	at org.springframework.boot.actuate.data.mongo.MongoHealthIndicator.doHealthCheck(MongoHealthIndicator.java:46)
	at org.springframework.boot.actuate.health.AbstractHealthIndicator.health(AbstractHealthIndicator.java:82)
	at org.springframework.boot.actuate.health.HealthIndicator.getHealth(HealthIndicator.java:37)
	at org.springframework.boot.actuate.health.HealthEndpoint.getHealth(HealthEndpoint.java:82)
	at org.springframework.boot.actuate.health.HealthEndpoint.getHealth(HealthEndpoint.java:41)
	at org.springframework.boot.actuate.health.HealthEndpointSupport.getLoggedHealth(HealthEndpointSupport.java:172)
	at org.springframework.boot.actuate.health.HealthEndpointSupport.getContribution(HealthEndpointSupport.java:145)
	at org.springframework.boot.actuate.health.HealthEndpointSupport.getAggregateContribution(HealthEndpointSupport.java:156)
	at org.springframework.boot.actuate.health.HealthEndpointSupport.getContribution(HealthEndpointSupport.java:141)
	at org.springframework.boot.actuate.health.HealthEndpointSupport.getHealth(HealthEndpointSupport.java:110)
	at org.springframework.boot.actuate.health.HealthEndpointSupport.getHealth(HealthEndpointSupport.java:81)
	at org.springframework.boot.actuate.health.HealthEndpoint.health(HealthEndpoint.java:76)
	at org.springframework.boot.actuate.health.HealthEndpoint.health(HealthEndpoint.java:66)
	at java.base/jdk.internal.reflect.NativeMethodAccessorImpl.invoke0(Native Method)
	at java.base/jdk.internal.reflect.NativeMethodAccessorImpl.invoke(NativeMethodAccessorImpl.java:77)
	at java.base/jdk.internal.reflect.DelegatingMethodAccessorImpl.invoke(DelegatingMethodAccessorImpl.java:43)
	at java.base/java.lang.reflect.Method.invoke(Method.java:568)
	at org.springframework.util.ReflectionUtils.invokeMethod(ReflectionUtils.java:281)
	at org.springframework.boot.actuate.endpoint.invoke.reflect.ReflectiveOperationInvoker.invoke(ReflectiveOperationInvoker.java:74)
	at org.springframework.boot.actuate.endpoint.annotation.AbstractDiscoveredOperation.invoke(AbstractDiscoveredOperation.java:60)
	at org.springframework.boot.actuate.endpoint.jmx.EndpointMBean.invoke(EndpointMBean.java:124)
	at org.springframework.boot.actuate.endpoint.jmx.EndpointMBean.invoke(EndpointMBean.java:97)
	at java.management/com.sun.jmx.interceptor.DefaultMBeanServerInterceptor.invoke(DefaultMBeanServerInterceptor.java:814)
	at java.management/com.sun.jmx.mbeanserver.JmxMBeanServer.invoke(JmxMBeanServer.java:802)
	at java.management.rmi/javax.management.remote.rmi.RMIConnectionImpl.doOperation(RMIConnectionImpl.java:1472)
	at java.management.rmi/javax.management.remote.rmi.RMIConnectionImpl$PrivilegedOperation.run(RMIConnectionImpl.java:1310)
	at java.management.rmi/javax.management.remote.rmi.RMIConnectionImpl.doPrivilegedOperation(RMIConnectionImpl.java:1405)
	at java.management.rmi/javax.management.remote.rmi.RMIConnectionImpl.invoke(RMIConnectionImpl.java:829)
	at java.base/jdk.internal.reflect.GeneratedMethodAccessor57.invoke(Unknown Source)
	at java.base/jdk.internal.reflect.DelegatingMethodAccessorImpl.invoke(DelegatingMethodAccessorImpl.java:43)
	at java.base/java.lang.reflect.Method.invoke(Method.java:568)
	at java.rmi/sun.rmi.server.UnicastServerRef.dispatch(UnicastServerRef.java:360)
	at java.rmi/sun.rmi.transport.Transport$1.run(Transport.java:200)
	at java.rmi/sun.rmi.transport.Transport$1.run(Transport.java:197)
	at java.base/java.security.AccessController.doPrivileged(AccessController.java:712)
	at java.rmi/sun.rmi.transport.Transport.serviceCall(Transport.java:196)
	at java.rmi/sun.rmi.transport.tcp.TCPTransport.handleMessages(TCPTransport.java:587)
	at java.rmi/sun.rmi.transport.tcp.TCPTransport$ConnectionHandler.run0(TCPTransport.java:828)
	at java.rmi/sun.rmi.transport.tcp.TCPTransport$ConnectionHandler.lambda$run$0(TCPTransport.java:705)
	at java.base/java.security.AccessController.doPrivileged(AccessController.java:399)
	at java.rmi/sun.rmi.transport.tcp.TCPTransport$ConnectionHandler.run(TCPTransport.java:704)
	at java.base/java.util.concurrent.ThreadPoolExecutor.runWorker(ThreadPoolExecutor.java:1136)
	at java.base/java.util.concurrent.ThreadPoolExecutor$Worker.run(ThreadPoolExecutor.java:635)
	at java.base/java.lang.Thread.run(Thread.java:842)
Caused by: com.mongodb.MongoTimeoutException: Timed out while waiting for a server that matches ReadPreferenceServerSelector{readPreference=primary}. Client view of cluster state is {type=UNKNOWN, servers=[{address=localhost:27017, type=UNKNOWN, state=CONNECTING, exception={com.mongodb.MongoSocketOpenException: Exception opening socket}, caused by {java.net.ConnectException: Connection refused: no further information}}]
	at com.mongodb.internal.connection.BaseCluster.logAndThrowTimeoutException(BaseCluster.java:427)
	at com.mongodb.internal.connection.BaseCluster.lambda$selectServer$0(BaseCluster.java:154)
	at com.mongodb.internal.time.Timeout.lambda$onExistsAndExpired$16(Timeout.java:236)
	at com.mongodb.internal.time.Timeout.lambda$run$10(Timeout.java:201)
	at com.mongodb.internal.time.TimePoint.checkedCall(TimePoint.java:98)
	at com.mongodb.internal.time.Timeout.call(Timeout.java:174)
	at com.mongodb.internal.time.Timeout.run(Timeout.java:194)
	at com.mongodb.internal.time.Timeout.onExistsAndExpired(Timeout.java:233)
	at com.mongodb.internal.time.Timeout.onExpired(Timeout.java:226)
	at com.mongodb.internal.connection.BaseCluster.selectServer(BaseCluster.java:153)
	at com.mongodb.internal.connection.SingleServerCluster.selectServer(SingleServerCluster.java:47)
	at com.mongodb.internal.binding.ClusterBinding.getReadConnectionSource(ClusterBinding.java:82)
	at com.mongodb.client.internal.ClientSessionBinding.getConnectionSource(ClientSessionBinding.java:108)
	at com.mongodb.client.internal.ClientSessionBinding.getReadConnectionSource(ClientSessionBinding.java:88)
	at com.mongodb.internal.operation.SyncOperationHelper.withSuppliedResource(SyncOperationHelper.java:148)
	at com.mongodb.internal.operation.SyncOperationHelper.withSourceAndConnection(SyncOperationHelper.java:129)
	at com.mongodb.internal.operation.SyncOperationHelper.lambda$executeRetryableRead$4(SyncOperationHelper.java:195)
	at com.mongodb.internal.operation.SyncOperationHelper.lambda$decorateReadWithRetries$13(SyncOperationHelper.java:317)
	at com.mongodb.internal.async.function.RetryingSyncSupplier.get(RetryingSyncSupplier.java:67)
	at com.mongodb.internal.operation.SyncOperationHelper.executeRetryableRead(SyncOperationHelper.java:201)
	at com.mongodb.internal.operation.SyncOperationHelper.executeRetryableRead(SyncOperationHelper.java:180)
	at com.mongodb.internal.operation.CommandReadOperation.execute(CommandReadOperation.java:52)
	at com.mongodb.client.internal.MongoClusterImpl$OperationExecutorImpl.execute(MongoClusterImpl.java:358)
	at com.mongodb.client.internal.MongoDatabaseImpl.executeCommand(MongoDatabaseImpl.java:215)
	at com.mongodb.client.internal.MongoDatabaseImpl.runCommand(MongoDatabaseImpl.java:184)
	at com.mongodb.client.internal.MongoDatabaseImpl.runCommand(MongoDatabaseImpl.java:179)
	at org.springframework.data.mongodb.core.MongoTemplate.lambda$executeCommand$3(MongoTemplate.java:516)
	at org.springframework.data.mongodb.core.MongoTemplate.execute(MongoTemplate.java:582)
	... 45 common frames omitted
00:05:41.507 [RMI TCP Connection(3)-192.168.1.152] WARN  o.s.b.a.health.HealthEndpointSupport - Health contributor org.springframework.boot.actuate.data.mongo.MongoHealthIndicator (mongo) took 30054ms to respond
00:05:41.509 [RMI TCP Connection(3)-192.168.1.152] DEBUG o.s.jdbc.datasource.DataSourceUtils - Fetching JDBC Connection from DataSource
00:05:41.513 [RMI TCP Connection(3)-192.168.1.152] DEBUG o.s.jdbc.datasource.DataSourceUtils - Fetching JDBC Connection from DataSource
00:05:41.839 [boundedElastic-1] WARN  o.s.b.a.d.r.RedisReactiveHealthIndicator - Redis health check failed
org.springframework.data.redis.RedisConnectionFailureException: Unable to connect to Redis
	at org.springframework.data.redis.connection.lettuce.LettuceConnectionFactory$ExceptionTranslatingConnectionProvider.translateException(LettuceConnectionFactory.java:1858)
	at org.springframework.data.redis.connection.lettuce.LettuceConnectionFactory$ExceptionTranslatingConnectionProvider.getConnection(LettuceConnectionFactory.java:1789)
	at org.springframework.data.redis.connection.lettuce.LettuceConnectionFactory$SharedConnection.getNativeConnection(LettuceConnectionFactory.java:1586)
	at org.springframework.data.redis.connection.lettuce.LettuceConnectionFactory$SharedConnection.lambda$getConnection$0(LettuceConnectionFactory.java:1566)
	at org.springframework.data.redis.connection.lettuce.LettuceConnectionFactory.doInLock(LettuceConnectionFactory.java:1527)
	at org.springframework.data.redis.connection.lettuce.LettuceConnectionFactory$SharedConnection.getConnection(LettuceConnectionFactory.java:1563)
	at org.springframework.data.redis.connection.lettuce.LettuceConnectionFactory.getSharedReactiveConnection(LettuceConnectionFactory.java:1274)
	at org.springframework.data.redis.connection.lettuce.LettuceConnectionFactory.getReactiveConnection(LettuceConnectionFactory.java:1149)
	at org.springframework.data.redis.connection.lettuce.LettuceConnectionFactory.getReactiveConnection(LettuceConnectionFactory.java:120)
	at reactor.core.publisher.MonoSupplier.call(MonoSupplier.java:67)
	at reactor.core.publisher.FluxSubscribeOnCallable$CallableSubscribeOnSubscription.run(FluxSubscribeOnCallable.java:228)
	at reactor.core.scheduler.SchedulerTask.call(SchedulerTask.java:68)
	at reactor.core.scheduler.SchedulerTask.call(SchedulerTask.java:28)
	at java.base/java.util.concurrent.FutureTask.run(FutureTask.java:264)
	at java.base/java.util.concurrent.ScheduledThreadPoolExecutor$ScheduledFutureTask.run(ScheduledThreadPoolExecutor.java:304)
	at java.base/java.util.concurrent.ThreadPoolExecutor.runWorker(ThreadPoolExecutor.java:1136)
	at java.base/java.util.concurrent.ThreadPoolExecutor$Worker.run(ThreadPoolExecutor.java:635)
	at java.base/java.lang.Thread.run(Thread.java:842)
Caused by: io.lettuce.core.RedisConnectionException: Unable to connect to localhost/<unresolved>:6379
	at io.lettuce.core.RedisConnectionException.create(RedisConnectionException.java:63)
	at io.lettuce.core.RedisConnectionException.create(RedisConnectionException.java:41)
	at io.lettuce.core.AbstractRedisClient.getConnection(AbstractRedisClient.java:354)
	at io.lettuce.core.RedisClient.connect(RedisClient.java:219)
	at org.springframework.data.redis.connection.lettuce.StandaloneConnectionProvider.lambda$getConnection$1(StandaloneConnectionProvider.java:112)
	at java.base/java.util.Optional.orElseGet(Optional.java:364)
	at org.springframework.data.redis.connection.lettuce.StandaloneConnectionProvider.getConnection(StandaloneConnectionProvider.java:112)
	at org.springframework.data.redis.connection.lettuce.LettuceConnectionFactory$ExceptionTranslatingConnectionProvider.getConnection(LettuceConnectionFactory.java:1787)
	... 16 common frames omitted
Caused by: io.netty.channel.AbstractChannel$AnnotatedConnectException: Connection refused: no further information: localhost/127.0.0.1:6379
Caused by: java.net.ConnectException: Connection refused: no further information
	at java.base/sun.nio.ch.Net.pollConnect(Native Method)
	at java.base/sun.nio.ch.Net.pollConnectNow(Net.java:672)
	at java.base/sun.nio.ch.SocketChannelImpl.finishConnect(SocketChannelImpl.java:946)
	at io.netty.channel.socket.nio.NioSocketChannel.doFinishConnect(NioSocketChannel.java:336)
	at io.netty.channel.nio.AbstractNioChannel$AbstractNioUnsafe.finishConnect(AbstractNioChannel.java:339)
	at io.netty.channel.nio.NioEventLoop.processSelectedKey(NioEventLoop.java:784)
	at io.netty.channel.nio.NioEventLoop.processSelectedKeysOptimized(NioEventLoop.java:732)
	at io.netty.channel.nio.NioEventLoop.processSelectedKeys(NioEventLoop.java:658)
	at io.netty.channel.nio.NioEventLoop.run(NioEventLoop.java:562)
	at io.netty.util.concurrent.SingleThreadEventExecutor$4.run(SingleThreadEventExecutor.java:998)
	at io.netty.util.internal.ThreadExecutorMap$2.run(ThreadExecutorMap.java:74)
	at io.netty.util.concurrent.FastThreadLocalRunnable.run(FastThreadLocalRunnable.java:30)
	at java.base/java.lang.Thread.run(Thread.java:842)
00:06:03.361 [https-jsse-nio-8443-exec-5] DEBUG o.s.security.web.FilterChainProxy - Securing PUT /profiles/6
00:06:03.362 [https-jsse-nio-8443-exec-5] DEBUG o.s.s.w.a.c.ChannelProcessingFilter - Request: filter invocation [PUT /profiles/6]; ConfigAttributes: [REQUIRES_SECURE_CHANNEL]
00:06:03.362 [https-jsse-nio-8443-exec-5] DEBUG o.s.s.w.c.HttpSessionSecurityContextRepository - Retrieved SecurityContextImpl [Authentication=UsernamePasswordAuthenticationToken [Principal=ir.model.entity.CustomUserDetails@7420bd47, Credentials=[PROTECTED], Authenticated=true, Details=WebAuthenticationDetails [RemoteIpAddress=0:0:0:0:0:0:0:1, SessionId=54B9903800BC0AD598F338FAFFE368E1], Granted Authorities=[TICKET_EDIT, ROLE_ADMIN, TICKET_CREATE, TICKET_DELETE]]]
00:06:03.362 [https-jsse-nio-8443-exec-5] DEBUG o.s.security.web.FilterChainProxy - Secured PUT /profiles/6
00:06:03.405 [https-jsse-nio-8443-exec-5] DEBUG o.s.s.a.m.AuthorizationManagerBeforeMethodInterceptor - Authorizing method invocation ReflectiveMethodInvocation: public org.springframework.http.ResponseEntity ir.controller.web.ProfileController.updateProfile(java.lang.Long,ir.dto.ProfileUserDto,org.springframework.validation.BindingResult,org.springframework.security.core.Authentication,java.util.Locale); target is of class [ir.controller.web.ProfileController]
00:06:03.406 [https-jsse-nio-8443-exec-5] DEBUG o.s.s.a.m.AuthorizationManagerBeforeMethodInterceptor - Authorized method invocation ReflectiveMethodInvocation: public org.springframework.http.ResponseEntity ir.controller.web.ProfileController.updateProfile(java.lang.Long,ir.dto.ProfileUserDto,org.springframework.validation.BindingResult,org.springframework.security.core.Authentication,java.util.Locale); target is of class [ir.controller.web.ProfileController]
00:06:03.406 [https-jsse-nio-8443-exec-5] DEBUG o.h.e.t.internal.TransactionImpl - On TransactionImpl creation, JpaCompliance#isJpaTransactionComplianceEnabled == false
00:06:03.406 [https-jsse-nio-8443-exec-5] DEBUG o.h.e.t.internal.TransactionImpl - begin
00:06:03.409 [https-jsse-nio-8443-exec-5] DEBUG org.hibernate.SQL - 
    select
        p1_0.id,
        p1_0.deleted,
        p1_0.email,
        p1_0.first_name,
        p1_0.last_name,
        p1_0.phone,
        u1_0.username,
        u1_0.account_non_expired,
        u1_0.account_non_locked,
        u1_0.credentials_expiry_date,
        u1_0.credentials_non_expired,
        u1_0.deleted,
        u1_0.enabled,
        u1_0.password,
        rs1_0.username,
        rs1_1.name,
        rs1_1.deleted,
        ps1_0.role_name,
        ps1_1.id,
        ps1_1.deleted,
        ps1_1.permission 
    from
        profile_tbl p1_0 
    left join
        user_tbl u1_0 
            on u1_0.username=p1_0.username 
            and (u1_0.deleted = 0) 
    left join
        (user_role_tbl rs1_0 
    join
        role_tbl rs1_1 
            on rs1_1.name=rs1_0.role_name) 
        on u1_0.username=rs1_0.username 
        and ( rs1_1.deleted = 0) 
    left join
        (role_permission_tbl ps1_0 
    join
        permission_tbl ps1_1 
            on ps1_1.id=ps1_0.permission) 
        on rs1_1.name=ps1_0.role_name 
        and ( ps1_1.deleted = 0) 
    where
        p1_0.id=? 
        and (
            p1_0.deleted = 0
        )
00:06:03.410 [https-jsse-nio-8443-exec-5] TRACE org.hibernate.orm.jdbc.bind - binding parameter (1:BIGINT) <- [6]
00:06:03.410 [https-jsse-nio-8443-exec-5] TRACE org.hibernate.orm.jdbc.extract - extracted value (7:VARCHAR) -> [babak]
00:06:03.410 [https-jsse-nio-8443-exec-5] TRACE org.hibernate.orm.jdbc.extract - extracted value (15:VARCHAR) -> [babak]
00:06:03.410 [https-jsse-nio-8443-exec-5] TRACE org.hibernate.orm.jdbc.extract - extracted value (16:VARCHAR) -> [ROLE_ADMIN]
00:06:03.410 [https-jsse-nio-8443-exec-5] TRACE org.hibernate.orm.jdbc.extract - extracted value (18:VARCHAR) -> [ROLE_ADMIN]
00:06:03.410 [https-jsse-nio-8443-exec-5] TRACE org.hibernate.orm.jdbc.extract - extracted value (19:BIGINT) -> [3]
00:06:03.411 [https-jsse-nio-8443-exec-5] TRACE org.hibernate.orm.jdbc.extract - extracted value (20:BOOLEAN) -> [false]
00:06:03.411 [https-jsse-nio-8443-exec-5] TRACE org.hibernate.orm.jdbc.extract - extracted value (21:VARCHAR) -> [TICKET_EDIT]
00:06:03.411 [https-jsse-nio-8443-exec-5] TRACE org.hibernate.orm.jdbc.extract - extracted value (17:BOOLEAN) -> [false]
00:06:03.411 [https-jsse-nio-8443-exec-5] TRACE org.hibernate.orm.jdbc.extract - extracted value (8:BOOLEAN) -> [true]
00:06:03.411 [https-jsse-nio-8443-exec-5] TRACE org.hibernate.orm.jdbc.extract - extracted value (9:BOOLEAN) -> [true]
00:06:03.411 [https-jsse-nio-8443-exec-5] TRACE org.hibernate.orm.jdbc.extract - extracted value (10:TIMESTAMP) -> [2026-02-15T12:44:09.575903]
00:06:03.411 [https-jsse-nio-8443-exec-5] TRACE org.hibernate.orm.jdbc.extract - extracted value (11:BOOLEAN) -> [true]
00:06:03.411 [https-jsse-nio-8443-exec-5] TRACE org.hibernate.orm.jdbc.extract - extracted value (12:BOOLEAN) -> [false]
00:06:03.411 [https-jsse-nio-8443-exec-5] TRACE org.hibernate.orm.jdbc.extract - extracted value (13:BOOLEAN) -> [true]
00:06:03.411 [https-jsse-nio-8443-exec-5] TRACE org.hibernate.orm.jdbc.extract - extracted value (14:VARCHAR) -> [$2a$12$cO3JWgyImLr/sWH2aE5qkuAGdDL2z1uXMmoIVtV/YktFDYxYySveW]
00:06:03.411 [https-jsse-nio-8443-exec-5] TRACE org.hibernate.orm.jdbc.extract - extracted value (2:BOOLEAN) -> [false]
00:06:03.411 [https-jsse-nio-8443-exec-5] TRACE org.hibernate.orm.jdbc.extract - extracted value (3:VARCHAR) -> [babak@gmail.com]
00:06:03.411 [https-jsse-nio-8443-exec-5] TRACE org.hibernate.orm.jdbc.extract - extracted value (4:VARCHAR) -> [babak]
00:06:03.411 [https-jsse-nio-8443-exec-5] TRACE org.hibernate.orm.jdbc.extract - extracted value (5:VARCHAR) -> [matin]
00:06:03.411 [https-jsse-nio-8443-exec-5] TRACE org.hibernate.orm.jdbc.extract - extracted value (6:VARCHAR) -> [09126963321]
00:06:03.411 [https-jsse-nio-8443-exec-5] TRACE org.hibernate.orm.jdbc.extract - extracted value (16:VARCHAR) -> [ROLE_ADMIN]
00:06:03.411 [https-jsse-nio-8443-exec-5] TRACE org.hibernate.orm.jdbc.extract - extracted value (19:BIGINT) -> [4]
00:06:03.411 [https-jsse-nio-8443-exec-5] TRACE org.hibernate.orm.jdbc.extract - extracted value (20:BOOLEAN) -> [false]
00:06:03.411 [https-jsse-nio-8443-exec-5] TRACE org.hibernate.orm.jdbc.extract - extracted value (21:VARCHAR) -> [TICKET_DELETE]
00:06:03.411 [https-jsse-nio-8443-exec-5] TRACE org.hibernate.orm.jdbc.extract - extracted value (16:VARCHAR) -> [ROLE_ADMIN]
00:06:03.411 [https-jsse-nio-8443-exec-5] TRACE org.hibernate.orm.jdbc.extract - extracted value (19:BIGINT) -> [5]
00:06:03.411 [https-jsse-nio-8443-exec-5] TRACE org.hibernate.orm.jdbc.extract - extracted value (20:BOOLEAN) -> [false]
00:06:03.411 [https-jsse-nio-8443-exec-5] TRACE org.hibernate.orm.jdbc.extract - extracted value (21:VARCHAR) -> [TICKET_CREATE]
00:06:03.411 [https-jsse-nio-8443-exec-5] TRACE org.hibernate.orm.jdbc.extract - extracted value (16:VARCHAR) -> [ROLE_CUSTOMER]
00:06:03.411 [https-jsse-nio-8443-exec-5] TRACE org.hibernate.orm.jdbc.extract - extracted value (18:VARCHAR) -> [ROLE_CUSTOMER]
00:06:03.411 [https-jsse-nio-8443-exec-5] TRACE org.hibernate.orm.jdbc.extract - extracted value (19:BIGINT) -> [5]
00:06:03.411 [https-jsse-nio-8443-exec-5] TRACE org.hibernate.orm.jdbc.extract - extracted value (17:BOOLEAN) -> [false]
00:06:03.426 [https-jsse-nio-8443-exec-5] DEBUG org.hibernate.SQL - 
    /* <criteria> */ select
        r1_0.name,
        r1_0.deleted 
    from
        role_tbl r1_0 
    where
        (
            r1_0.deleted = 0
        ) 
        and r1_0.name=?
00:06:03.426 [https-jsse-nio-8443-exec-5] TRACE org.hibernate.orm.jdbc.bind - binding parameter (1:VARCHAR) <- [ROLE_CUSTOMER]
00:06:03.426 [https-jsse-nio-8443-exec-5] TRACE org.hibernate.orm.jdbc.extract - extracted value (1:VARCHAR) -> [ROLE_CUSTOMER]
00:06:03.428 [https-jsse-nio-8443-exec-5] DEBUG org.hibernate.SQL - 
    /* <criteria> */ select
        r1_0.name,
        r1_0.deleted 
    from
        role_tbl r1_0 
    where
        (
            r1_0.deleted = 0
        ) 
        and r1_0.name=?
00:06:03.428 [https-jsse-nio-8443-exec-5] TRACE org.hibernate.orm.jdbc.bind - binding parameter (1:VARCHAR) <- [ROLE_ADMIN]
00:06:03.428 [https-jsse-nio-8443-exec-5] TRACE org.hibernate.orm.jdbc.extract - extracted value (1:VARCHAR) -> [ROLE_ADMIN]
00:06:03.433 [https-jsse-nio-8443-exec-5] DEBUG o.h.e.t.internal.TransactionImpl - committing
00:06:03.442 [https-jsse-nio-8443-exec-5] DEBUG org.hibernate.SQL - 
    /* update
        for ir.model.entity.User */update user_tbl 
    set
        account_non_expired=?,
        account_non_locked=?,
        credentials_expiry_date=?,
        credentials_non_expired=?,
        deleted=?,
        enabled=?,
        password=? 
    where
        username=?
00:06:03.444 [https-jsse-nio-8443-exec-5] TRACE org.hibernate.orm.jdbc.bind - binding parameter (1:BOOLEAN) <- [true]
00:06:03.444 [https-jsse-nio-8443-exec-5] TRACE org.hibernate.orm.jdbc.bind - binding parameter (2:BOOLEAN) <- [true]
00:06:03.444 [https-jsse-nio-8443-exec-5] TRACE org.hibernate.orm.jdbc.bind - binding parameter (3:TIMESTAMP) <- [2026-10-10T10:10]
00:06:03.444 [https-jsse-nio-8443-exec-5] TRACE org.hibernate.orm.jdbc.bind - binding parameter (4:BOOLEAN) <- [true]
00:06:03.444 [https-jsse-nio-8443-exec-5] TRACE org.hibernate.orm.jdbc.bind - binding parameter (5:BOOLEAN) <- [false]
00:06:03.444 [https-jsse-nio-8443-exec-5] TRACE org.hibernate.orm.jdbc.bind - binding parameter (6:BOOLEAN) <- [true]
00:06:03.444 [https-jsse-nio-8443-exec-5] TRACE org.hibernate.orm.jdbc.bind - binding parameter (7:VARCHAR) <- [$2a$12$cO3JWgyImLr/sWH2aE5qkuAGdDL2z1uXMmoIVtV/YktFDYxYySveW]
00:06:03.444 [https-jsse-nio-8443-exec-5] TRACE org.hibernate.orm.jdbc.bind - binding parameter (8:VARCHAR) <- [babak]
00:06:03.447 [https-jsse-nio-8443-exec-5] DEBUG org.hibernate.SQL - 
    /* one-shot delete for ir.model.entity.User.roleSet */delete 
    from
        user_role_tbl 
    where
        username=?
00:06:03.447 [https-jsse-nio-8443-exec-5] TRACE org.hibernate.orm.jdbc.bind - binding parameter (1:VARCHAR) <- [babak]
00:06:03.450 [https-jsse-nio-8443-exec-5] DEBUG org.hibernate.SQL - 
    /* insert for
        ir.model.entity.User.roleSet */insert 
    into
        user_role_tbl (username, role_name) 
    values
        (?, ?)
00:06:03.450 [https-jsse-nio-8443-exec-5] TRACE org.hibernate.orm.jdbc.bind - binding parameter (1:VARCHAR) <- [babak]
00:06:03.450 [https-jsse-nio-8443-exec-5] TRACE org.hibernate.orm.jdbc.bind - binding parameter (2:VARCHAR) <- [ROLE_CUSTOMER]
00:06:03.450 [https-jsse-nio-8443-exec-5] DEBUG org.hibernate.SQL - 
    /* insert for
        ir.model.entity.User.roleSet */insert 
    into
        user_role_tbl (username, role_name) 
    values
        (?, ?)
00:06:03.450 [https-jsse-nio-8443-exec-5] TRACE org.hibernate.orm.jdbc.bind - binding parameter (1:VARCHAR) <- [babak]
00:06:03.450 [https-jsse-nio-8443-exec-5] TRACE org.hibernate.orm.jdbc.bind - binding parameter (2:VARCHAR) <- [ROLE_ADMIN]
00:06:03.452 [https-jsse-nio-8443-exec-5] INFO  i.c.exception.ResponseAspect - Web Controller: updateProfile
00:06:03.458 [https-jsse-nio-8443-exec-1] DEBUG o.s.security.web.FilterChainProxy - Securing GET /profiles?page=0&size=10&sortBy=firstName&fragment=true
00:06:03.458 [https-jsse-nio-8443-exec-1] DEBUG o.s.s.w.a.c.ChannelProcessingFilter - Request: filter invocation [GET /profiles?page=0&size=10&sortBy=firstName&fragment=true]; ConfigAttributes: [REQUIRES_SECURE_CHANNEL]
00:06:03.459 [https-jsse-nio-8443-exec-1] DEBUG o.s.s.w.c.HttpSessionSecurityContextRepository - Retrieved SecurityContextImpl [Authentication=UsernamePasswordAuthenticationToken [Principal=ir.model.entity.CustomUserDetails@7420bd47, Credentials=[PROTECTED], Authenticated=true, Details=WebAuthenticationDetails [RemoteIpAddress=0:0:0:0:0:0:0:1, SessionId=54B9903800BC0AD598F338FAFFE368E1], Granted Authorities=[TICKET_EDIT, ROLE_ADMIN, TICKET_CREATE, TICKET_DELETE]]]
00:06:03.459 [https-jsse-nio-8443-exec-1] DEBUG o.s.security.web.FilterChainProxy - Secured GET /profiles?page=0&size=10&sortBy=firstName&fragment=true
00:06:03.461 [https-jsse-nio-8443-exec-1] DEBUG o.s.jdbc.datasource.DataSourceUtils - Setting JDBC Connection [HikariProxyConnection@602492892 wrapping oracle.jdbc.driver.T4CConnection@578779b1] read-only
00:06:03.461 [https-jsse-nio-8443-exec-1] DEBUG o.h.e.t.internal.TransactionImpl - On TransactionImpl creation, JpaCompliance#isJpaTransactionComplianceEnabled == false
00:06:03.461 [https-jsse-nio-8443-exec-1] DEBUG o.h.e.t.internal.TransactionImpl - begin
00:06:03.462 [https-jsse-nio-8443-exec-1] DEBUG org.hibernate.SQL - 
    /* <criteria> */ select
        p1_0.id,
        p1_0.deleted,
        p1_0.email,
        p1_0.first_name,
        p1_0.last_name,
        p1_0.phone,
        p1_0.username 
    from
        profile_tbl p1_0 
    where
        (
            p1_0.deleted = 0
        ) 
    order by
        p1_0.first_name 
    offset
        ? rows 
    fetch
        first ? rows only
00:06:03.462 [https-jsse-nio-8443-exec-1] TRACE org.hibernate.orm.jdbc.bind - binding parameter (1:INTEGER) <- [0]
00:06:03.462 [https-jsse-nio-8443-exec-1] TRACE org.hibernate.orm.jdbc.bind - binding parameter (2:INTEGER) <- [10]
00:06:03.463 [https-jsse-nio-8443-exec-1] TRACE org.hibernate.orm.jdbc.extract - extracted value (1:BIGINT) -> [3]
00:06:03.463 [https-jsse-nio-8443-exec-1] TRACE org.hibernate.orm.jdbc.extract - extracted value (7:VARCHAR) -> [amir]
00:06:03.464 [https-jsse-nio-8443-exec-1] DEBUG org.hibernate.SQL - 
    select
        u1_0.username,
        u1_0.account_non_expired,
        u1_0.account_non_locked,
        u1_0.credentials_expiry_date,
        u1_0.credentials_non_expired,
        u1_0.deleted,
        u1_0.enabled,
        u1_0.password,
        rs1_0.username,
        rs1_1.name,
        rs1_1.deleted,
        ps1_0.role_name,
        ps1_1.id,
        ps1_1.deleted,
        ps1_1.permission 
    from
        user_tbl u1_0 
    left join
        (user_role_tbl rs1_0 
    join
        role_tbl rs1_1 
            on rs1_1.name=rs1_0.role_name) 
        on u1_0.username=rs1_0.username 
        and ( rs1_1.deleted = 0) 
    left join
        (role_permission_tbl ps1_0 
    join
        permission_tbl ps1_1 
            on ps1_1.id=ps1_0.permission) 
        on rs1_1.name=ps1_0.role_name 
        and ( ps1_1.deleted = 0) 
    where
        u1_0.username=? 
        and (
            u1_0.deleted = 0
        )
00:06:03.464 [https-jsse-nio-8443-exec-1] TRACE org.hibernate.orm.jdbc.bind - binding parameter (1:VARCHAR) <- [amir]
00:06:03.464 [https-jsse-nio-8443-exec-1] TRACE org.hibernate.orm.jdbc.extract - extracted value (9:VARCHAR) -> [amir]
00:06:03.464 [https-jsse-nio-8443-exec-1] TRACE org.hibernate.orm.jdbc.extract - extracted value (10:VARCHAR) -> [ROLE_CUSTOMER]
00:06:03.465 [https-jsse-nio-8443-exec-1] TRACE org.hibernate.orm.jdbc.extract - extracted value (12:VARCHAR) -> [ROLE_CUSTOMER]
00:06:03.465 [https-jsse-nio-8443-exec-1] TRACE org.hibernate.orm.jdbc.extract - extracted value (13:BIGINT) -> [5]
00:06:03.465 [https-jsse-nio-8443-exec-1] TRACE org.hibernate.orm.jdbc.extract - extracted value (14:BOOLEAN) -> [false]
00:06:03.465 [https-jsse-nio-8443-exec-1] TRACE org.hibernate.orm.jdbc.extract - extracted value (15:VARCHAR) -> [TICKET_CREATE]
00:06:03.465 [https-jsse-nio-8443-exec-1] TRACE org.hibernate.orm.jdbc.extract - extracted value (11:BOOLEAN) -> [false]
00:06:03.465 [https-jsse-nio-8443-exec-1] TRACE org.hibernate.orm.jdbc.extract - extracted value (2:BOOLEAN) -> [true]
00:06:03.465 [https-jsse-nio-8443-exec-1] TRACE org.hibernate.orm.jdbc.extract - extracted value (3:BOOLEAN) -> [true]
00:06:03.465 [https-jsse-nio-8443-exec-1] TRACE org.hibernate.orm.jdbc.extract - extracted value (4:TIMESTAMP) -> [2026-02-15T12:40:35.187484]
00:06:03.465 [https-jsse-nio-8443-exec-1] TRACE org.hibernate.orm.jdbc.extract - extracted value (5:BOOLEAN) -> [true]
00:06:03.465 [https-jsse-nio-8443-exec-1] TRACE org.hibernate.orm.jdbc.extract - extracted value (6:BOOLEAN) -> [false]
00:06:03.465 [https-jsse-nio-8443-exec-1] TRACE org.hibernate.orm.jdbc.extract - extracted value (7:BOOLEAN) -> [true]
00:06:03.465 [https-jsse-nio-8443-exec-1] TRACE org.hibernate.orm.jdbc.extract - extracted value (8:VARCHAR) -> [$2a$12$ddwJ0N0uryty40ZjXUABZeK580.kaoEdkMnql79U3k5bq9Bx818Ay]
00:06:03.465 [https-jsse-nio-8443-exec-1] TRACE org.hibernate.orm.jdbc.extract - extracted value (10:VARCHAR) -> [ROLE_MANAGER]
00:06:03.465 [https-jsse-nio-8443-exec-1] TRACE org.hibernate.orm.jdbc.extract - extracted value (12:VARCHAR) -> [ROLE_MANAGER]
00:06:03.465 [https-jsse-nio-8443-exec-1] TRACE org.hibernate.orm.jdbc.extract - extracted value (13:BIGINT) -> [3]
00:06:03.465 [https-jsse-nio-8443-exec-1] TRACE org.hibernate.orm.jdbc.extract - extracted value (14:BOOLEAN) -> [false]
00:06:03.465 [https-jsse-nio-8443-exec-1] TRACE org.hibernate.orm.jdbc.extract - extracted value (15:VARCHAR) -> [TICKET_EDIT]
00:06:03.465 [https-jsse-nio-8443-exec-1] TRACE org.hibernate.orm.jdbc.extract - extracted value (11:BOOLEAN) -> [false]
00:06:03.466 [https-jsse-nio-8443-exec-1] TRACE org.hibernate.orm.jdbc.extract - extracted value (2:BOOLEAN) -> [false]
00:06:03.466 [https-jsse-nio-8443-exec-1] TRACE org.hibernate.orm.jdbc.extract - extracted value (3:VARCHAR) -> [amir@yahoo.com]
00:06:03.466 [https-jsse-nio-8443-exec-1] TRACE org.hibernate.orm.jdbc.extract - extracted value (4:VARCHAR) -> [amir]
00:06:03.466 [https-jsse-nio-8443-exec-1] TRACE org.hibernate.orm.jdbc.extract - extracted value (5:VARCHAR) -> [najafi]
00:06:03.466 [https-jsse-nio-8443-exec-1] TRACE org.hibernate.orm.jdbc.extract - extracted value (6:VARCHAR) -> [09122233475]
00:06:03.466 [https-jsse-nio-8443-exec-1] TRACE org.hibernate.orm.jdbc.extract - extracted value (1:BIGINT) -> [4]
00:06:03.466 [https-jsse-nio-8443-exec-1] TRACE org.hibernate.orm.jdbc.extract - extracted value (7:VARCHAR) -> [artin]
00:06:03.466 [https-jsse-nio-8443-exec-1] DEBUG org.hibernate.SQL - 
    select
        u1_0.username,
        u1_0.account_non_expired,
        u1_0.account_non_locked,
        u1_0.credentials_expiry_date,
        u1_0.credentials_non_expired,
        u1_0.deleted,
        u1_0.enabled,
        u1_0.password,
        rs1_0.username,
        rs1_1.name,
        rs1_1.deleted,
        ps1_0.role_name,
        ps1_1.id,
        ps1_1.deleted,
        ps1_1.permission 
    from
        user_tbl u1_0 
    left join
        (user_role_tbl rs1_0 
    join
        role_tbl rs1_1 
            on rs1_1.name=rs1_0.role_name) 
        on u1_0.username=rs1_0.username 
        and ( rs1_1.deleted = 0) 
    left join
        (role_permission_tbl ps1_0 
    join
        permission_tbl ps1_1 
            on ps1_1.id=ps1_0.permission) 
        on rs1_1.name=ps1_0.role_name 
        and ( ps1_1.deleted = 0) 
    where
        u1_0.username=? 
        and (
            u1_0.deleted = 0
        )
00:06:03.466 [https-jsse-nio-8443-exec-1] TRACE org.hibernate.orm.jdbc.bind - binding parameter (1:VARCHAR) <- [artin]
00:06:03.468 [https-jsse-nio-8443-exec-1] TRACE org.hibernate.orm.jdbc.extract - extracted value (9:VARCHAR) -> [artin]
00:06:03.468 [https-jsse-nio-8443-exec-1] TRACE org.hibernate.orm.jdbc.extract - extracted value (10:VARCHAR) -> [ROLE_CUSTOMER]
00:06:03.469 [https-jsse-nio-8443-exec-1] TRACE org.hibernate.orm.jdbc.extract - extracted value (2:BOOLEAN) -> [true]
00:06:03.469 [https-jsse-nio-8443-exec-1] TRACE org.hibernate.orm.jdbc.extract - extracted value (3:BOOLEAN) -> [true]
00:06:03.469 [https-jsse-nio-8443-exec-1] TRACE org.hibernate.orm.jdbc.extract - extracted value (4:TIMESTAMP) -> [2026-02-15T12:41]
00:06:03.469 [https-jsse-nio-8443-exec-1] TRACE org.hibernate.orm.jdbc.extract - extracted value (5:BOOLEAN) -> [true]
00:06:03.469 [https-jsse-nio-8443-exec-1] TRACE org.hibernate.orm.jdbc.extract - extracted value (6:BOOLEAN) -> [false]
00:06:03.469 [https-jsse-nio-8443-exec-1] TRACE org.hibernate.orm.jdbc.extract - extracted value (7:BOOLEAN) -> [true]
00:06:03.469 [https-jsse-nio-8443-exec-1] TRACE org.hibernate.orm.jdbc.extract - extracted value (8:VARCHAR) -> [$2a$12$LQ/9Uj10CUQqYQSeLTXUEugUzI7FXTZnvnYR6fTSOkdmnpp1mfGMS]
00:06:03.469 [https-jsse-nio-8443-exec-1] TRACE org.hibernate.orm.jdbc.extract - extracted value (2:BOOLEAN) -> [false]
00:06:03.469 [https-jsse-nio-8443-exec-1] TRACE org.hibernate.orm.jdbc.extract - extracted value (3:VARCHAR) -> [artin@yahoo.com]
00:06:03.469 [https-jsse-nio-8443-exec-1] TRACE org.hibernate.orm.jdbc.extract - extracted value (4:VARCHAR) -> [artin]
00:06:03.469 [https-jsse-nio-8443-exec-1] TRACE org.hibernate.orm.jdbc.extract - extracted value (5:VARCHAR) -> [arbabi]
00:06:03.469 [https-jsse-nio-8443-exec-1] TRACE org.hibernate.orm.jdbc.extract - extracted value (6:VARCHAR) -> [09121115544]
00:06:03.469 [https-jsse-nio-8443-exec-1] TRACE org.hibernate.orm.jdbc.extract - extracted value (1:BIGINT) -> [6]
00:06:03.469 [https-jsse-nio-8443-exec-1] TRACE org.hibernate.orm.jdbc.extract - extracted value (7:VARCHAR) -> [babak]
00:06:03.469 [https-jsse-nio-8443-exec-1] DEBUG org.hibernate.SQL - 
    select
        u1_0.username,
        u1_0.account_non_expired,
        u1_0.account_non_locked,
        u1_0.credentials_expiry_date,
        u1_0.credentials_non_expired,
        u1_0.deleted,
        u1_0.enabled,
        u1_0.password,
        rs1_0.username,
        rs1_1.name,
        rs1_1.deleted,
        ps1_0.role_name,
        ps1_1.id,
        ps1_1.deleted,
        ps1_1.permission 
    from
        user_tbl u1_0 
    left join
        (user_role_tbl rs1_0 
    join
        role_tbl rs1_1 
            on rs1_1.name=rs1_0.role_name) 
        on u1_0.username=rs1_0.username 
        and ( rs1_1.deleted = 0) 
    left join
        (role_permission_tbl ps1_0 
    join
        permission_tbl ps1_1 
            on ps1_1.id=ps1_0.permission) 
        on rs1_1.name=ps1_0.role_name 
        and ( ps1_1.deleted = 0) 
    where
        u1_0.username=? 
        and (
            u1_0.deleted = 0
        )
00:06:03.478 [https-jsse-nio-8443-exec-1] TRACE org.hibernate.orm.jdbc.bind - binding parameter (1:VARCHAR) <- [babak]
00:06:03.479 [https-jsse-nio-8443-exec-1] TRACE org.hibernate.orm.jdbc.extract - extracted value (9:VARCHAR) -> [babak]
00:06:03.479 [https-jsse-nio-8443-exec-1] TRACE org.hibernate.orm.jdbc.extract - extracted value (10:VARCHAR) -> [ROLE_ADMIN]
00:06:03.479 [https-jsse-nio-8443-exec-1] TRACE org.hibernate.orm.jdbc.extract - extracted value (12:VARCHAR) -> [ROLE_ADMIN]
00:06:03.479 [https-jsse-nio-8443-exec-1] TRACE org.hibernate.orm.jdbc.extract - extracted value (13:BIGINT) -> [3]
00:06:03.479 [https-jsse-nio-8443-exec-1] TRACE org.hibernate.orm.jdbc.extract - extracted value (11:BOOLEAN) -> [false]
00:06:03.479 [https-jsse-nio-8443-exec-1] TRACE org.hibernate.orm.jdbc.extract - extracted value (2:BOOLEAN) -> [true]
00:06:03.479 [https-jsse-nio-8443-exec-1] TRACE org.hibernate.orm.jdbc.extract - extracted value (3:BOOLEAN) -> [true]
00:06:03.479 [https-jsse-nio-8443-exec-1] TRACE org.hibernate.orm.jdbc.extract - extracted value (4:TIMESTAMP) -> [2026-10-10T10:10]
00:06:03.479 [https-jsse-nio-8443-exec-1] TRACE org.hibernate.orm.jdbc.extract - extracted value (5:BOOLEAN) -> [true]
00:06:03.479 [https-jsse-nio-8443-exec-1] TRACE org.hibernate.orm.jdbc.extract - extracted value (6:BOOLEAN) -> [false]
00:06:03.479 [https-jsse-nio-8443-exec-1] TRACE org.hibernate.orm.jdbc.extract - extracted value (7:BOOLEAN) -> [true]
00:06:03.479 [https-jsse-nio-8443-exec-1] TRACE org.hibernate.orm.jdbc.extract - extracted value (8:VARCHAR) -> [$2a$12$cO3JWgyImLr/sWH2aE5qkuAGdDL2z1uXMmoIVtV/YktFDYxYySveW]
00:06:03.479 [https-jsse-nio-8443-exec-1] TRACE org.hibernate.orm.jdbc.extract - extracted value (10:VARCHAR) -> [ROLE_ADMIN]
00:06:03.479 [https-jsse-nio-8443-exec-1] TRACE org.hibernate.orm.jdbc.extract - extracted value (13:BIGINT) -> [4]
00:06:03.479 [https-jsse-nio-8443-exec-1] TRACE org.hibernate.orm.jdbc.extract - extracted value (14:BOOLEAN) -> [false]
00:06:03.479 [https-jsse-nio-8443-exec-1] TRACE org.hibernate.orm.jdbc.extract - extracted value (15:VARCHAR) -> [TICKET_DELETE]
00:06:03.479 [https-jsse-nio-8443-exec-1] TRACE org.hibernate.orm.jdbc.extract - extracted value (10:VARCHAR) -> [ROLE_ADMIN]
00:06:03.479 [https-jsse-nio-8443-exec-1] TRACE org.hibernate.orm.jdbc.extract - extracted value (13:BIGINT) -> [5]
00:06:03.479 [https-jsse-nio-8443-exec-1] TRACE org.hibernate.orm.jdbc.extract - extracted value (10:VARCHAR) -> [ROLE_CUSTOMER]
00:06:03.481 [https-jsse-nio-8443-exec-1] TRACE org.hibernate.orm.jdbc.extract - extracted value (2:BOOLEAN) -> [false]
00:06:03.481 [https-jsse-nio-8443-exec-1] TRACE org.hibernate.orm.jdbc.extract - extracted value (3:VARCHAR) -> [babak@gmail.com]
00:06:03.481 [https-jsse-nio-8443-exec-1] TRACE org.hibernate.orm.jdbc.extract - extracted value (4:VARCHAR) -> [babak]
00:06:03.481 [https-jsse-nio-8443-exec-1] TRACE org.hibernate.orm.jdbc.extract - extracted value (5:VARCHAR) -> [matin]
00:06:03.481 [https-jsse-nio-8443-exec-1] TRACE org.hibernate.orm.jdbc.extract - extracted value (6:VARCHAR) -> [09126963321]
00:06:03.481 [https-jsse-nio-8443-exec-1] TRACE org.hibernate.orm.jdbc.extract - extracted value (1:BIGINT) -> [7]
00:06:03.481 [https-jsse-nio-8443-exec-1] TRACE org.hibernate.orm.jdbc.extract - extracted value (7:VARCHAR) -> [hasan]
00:06:03.481 [https-jsse-nio-8443-exec-1] DEBUG org.hibernate.SQL - 
    select
        u1_0.username,
        u1_0.account_non_expired,
        u1_0.account_non_locked,
        u1_0.credentials_expiry_date,
        u1_0.credentials_non_expired,
        u1_0.deleted,
        u1_0.enabled,
        u1_0.password,
        rs1_0.username,
        rs1_1.name,
        rs1_1.deleted,
        ps1_0.role_name,
        ps1_1.id,
        ps1_1.deleted,
        ps1_1.permission 
    from
        user_tbl u1_0 
    left join
        (user_role_tbl rs1_0 
    join
        role_tbl rs1_1 
            on rs1_1.name=rs1_0.role_name) 
        on u1_0.username=rs1_0.username 
        and ( rs1_1.deleted = 0) 
    left join
        (role_permission_tbl ps1_0 
    join
        permission_tbl ps1_1 
            on ps1_1.id=ps1_0.permission) 
        on rs1_1.name=ps1_0.role_name 
        and ( ps1_1.deleted = 0) 
    where
        u1_0.username=? 
        and (
            u1_0.deleted = 0
        )
00:06:03.481 [https-jsse-nio-8443-exec-1] TRACE org.hibernate.orm.jdbc.bind - binding parameter (1:VARCHAR) <- [hasan]
00:06:03.481 [https-jsse-nio-8443-exec-1] TRACE org.hibernate.orm.jdbc.extract - extracted value (9:VARCHAR) -> [hasan]
00:06:03.481 [https-jsse-nio-8443-exec-1] TRACE org.hibernate.orm.jdbc.extract - extracted value (10:VARCHAR) -> [ROLE_CUSTOMER]
00:06:03.481 [https-jsse-nio-8443-exec-1] TRACE org.hibernate.orm.jdbc.extract - extracted value (2:BOOLEAN) -> [true]
00:06:03.481 [https-jsse-nio-8443-exec-1] TRACE org.hibernate.orm.jdbc.extract - extracted value (3:BOOLEAN) -> [true]
00:06:03.481 [https-jsse-nio-8443-exec-1] TRACE org.hibernate.orm.jdbc.extract - extracted value (4:TIMESTAMP) -> [2026-02-15T12:45:01.756360]
00:06:03.481 [https-jsse-nio-8443-exec-1] TRACE org.hibernate.orm.jdbc.extract - extracted value (5:BOOLEAN) -> [true]
00:06:03.481 [https-jsse-nio-8443-exec-1] TRACE org.hibernate.orm.jdbc.extract - extracted value (6:BOOLEAN) -> [false]
00:06:03.481 [https-jsse-nio-8443-exec-1] TRACE org.hibernate.orm.jdbc.extract - extracted value (7:BOOLEAN) -> [true]
00:06:03.481 [https-jsse-nio-8443-exec-1] TRACE org.hibernate.orm.jdbc.extract - extracted value (8:VARCHAR) -> [$2a$12$3WCBMaICU536v5jmRfKPMOgonELheopHrOGtLeWb3Cdt4OdBpub2.]
00:06:03.481 [https-jsse-nio-8443-exec-1] TRACE org.hibernate.orm.jdbc.extract - extracted value (2:BOOLEAN) -> [false]
00:06:03.481 [https-jsse-nio-8443-exec-1] TRACE org.hibernate.orm.jdbc.extract - extracted value (3:VARCHAR) -> [hasan@gmail.com]
00:06:03.481 [https-jsse-nio-8443-exec-1] TRACE org.hibernate.orm.jdbc.extract - extracted value (4:VARCHAR) -> [hasan]
00:06:03.481 [https-jsse-nio-8443-exec-1] TRACE org.hibernate.orm.jdbc.extract - extracted value (5:VARCHAR) -> [mansouri]
00:06:03.481 [https-jsse-nio-8443-exec-1] TRACE org.hibernate.orm.jdbc.extract - extracted value (6:VARCHAR) -> [09150145874]
00:06:03.481 [https-jsse-nio-8443-exec-1] TRACE org.hibernate.orm.jdbc.extract - extracted value (1:BIGINT) -> [9]
00:06:03.481 [https-jsse-nio-8443-exec-1] TRACE org.hibernate.orm.jdbc.extract - extracted value (7:VARCHAR) -> [hossein]
00:06:03.481 [https-jsse-nio-8443-exec-1] DEBUG org.hibernate.SQL - 
    select
        u1_0.username,
        u1_0.account_non_expired,
        u1_0.account_non_locked,
        u1_0.credentials_expiry_date,
        u1_0.credentials_non_expired,
        u1_0.deleted,
        u1_0.enabled,
        u1_0.password,
        rs1_0.username,
        rs1_1.name,
        rs1_1.deleted,
        ps1_0.role_name,
        ps1_1.id,
        ps1_1.deleted,
        ps1_1.permission 
    from
        user_tbl u1_0 
    left join
        (user_role_tbl rs1_0 
    join
        role_tbl rs1_1 
            on rs1_1.name=rs1_0.role_name) 
        on u1_0.username=rs1_0.username 
        and ( rs1_1.deleted = 0) 
    left join
        (role_permission_tbl ps1_0 
    join
        permission_tbl ps1_1 
            on ps1_1.id=ps1_0.permission) 
        on rs1_1.name=ps1_0.role_name 
        and ( ps1_1.deleted = 0) 
    where
        u1_0.username=? 
        and (
            u1_0.deleted = 0
        )
00:06:03.481 [https-jsse-nio-8443-exec-1] TRACE org.hibernate.orm.jdbc.bind - binding parameter (1:VARCHAR) <- [hossein]
00:06:03.482 [https-jsse-nio-8443-exec-1] TRACE org.hibernate.orm.jdbc.extract - extracted value (9:VARCHAR) -> [hossein]
00:06:03.482 [https-jsse-nio-8443-exec-1] TRACE org.hibernate.orm.jdbc.extract - extracted value (10:VARCHAR) -> [ROLE_CUSTOMER]
00:06:03.482 [https-jsse-nio-8443-exec-1] TRACE org.hibernate.orm.jdbc.extract - extracted value (2:BOOLEAN) -> [true]
00:06:03.482 [https-jsse-nio-8443-exec-1] TRACE org.hibernate.orm.jdbc.extract - extracted value (3:BOOLEAN) -> [true]
00:06:03.482 [https-jsse-nio-8443-exec-1] TRACE org.hibernate.orm.jdbc.extract - extracted value (4:TIMESTAMP) -> [2026-02-15T12:46:24.291810]
00:06:03.482 [https-jsse-nio-8443-exec-1] TRACE org.hibernate.orm.jdbc.extract - extracted value (5:BOOLEAN) -> [true]
00:06:03.482 [https-jsse-nio-8443-exec-1] TRACE org.hibernate.orm.jdbc.extract - extracted value (6:BOOLEAN) -> [false]
00:06:03.482 [https-jsse-nio-8443-exec-1] TRACE org.hibernate.orm.jdbc.extract - extracted value (7:BOOLEAN) -> [true]
00:06:03.482 [https-jsse-nio-8443-exec-1] TRACE org.hibernate.orm.jdbc.extract - extracted value (8:VARCHAR) -> [$2a$12$LBFeYz5E.F.yrsZN/2u5S.UNEMf5ck.IhxlnsHw/q33MgngZJvDmi]
00:06:03.482 [https-jsse-nio-8443-exec-1] TRACE org.hibernate.orm.jdbc.extract - extracted value (2:BOOLEAN) -> [false]
00:06:03.482 [https-jsse-nio-8443-exec-1] TRACE org.hibernate.orm.jdbc.extract - extracted value (3:VARCHAR) -> [hossein@gmail.com]
00:06:03.482 [https-jsse-nio-8443-exec-1] TRACE org.hibernate.orm.jdbc.extract - extracted value (4:VARCHAR) -> [hossein]
00:06:03.482 [https-jsse-nio-8443-exec-1] TRACE org.hibernate.orm.jdbc.extract - extracted value (5:VARCHAR) -> [samavat]
00:06:03.482 [https-jsse-nio-8443-exec-1] TRACE org.hibernate.orm.jdbc.extract - extracted value (6:VARCHAR) -> [09132584455]
00:06:03.482 [https-jsse-nio-8443-exec-1] TRACE org.hibernate.orm.jdbc.extract - extracted value (1:BIGINT) -> [5]
00:06:03.482 [https-jsse-nio-8443-exec-1] TRACE org.hibernate.orm.jdbc.extract - extracted value (7:VARCHAR) -> [maryam]
00:06:03.482 [https-jsse-nio-8443-exec-1] DEBUG org.hibernate.SQL - 
    select
        u1_0.username,
        u1_0.account_non_expired,
        u1_0.account_non_locked,
        u1_0.credentials_expiry_date,
        u1_0.credentials_non_expired,
        u1_0.deleted,
        u1_0.enabled,
        u1_0.password,
        rs1_0.username,
        rs1_1.name,
        rs1_1.deleted,
        ps1_0.role_name,
        ps1_1.id,
        ps1_1.deleted,
        ps1_1.permission 
    from
        user_tbl u1_0 
    left join
        (user_role_tbl rs1_0 
    join
        role_tbl rs1_1 
            on rs1_1.name=rs1_0.role_name) 
        on u1_0.username=rs1_0.username 
        and ( rs1_1.deleted = 0) 
    left join
        (role_permission_tbl ps1_0 
    join
        permission_tbl ps1_1 
            on ps1_1.id=ps1_0.permission) 
        on rs1_1.name=ps1_0.role_name 
        and ( ps1_1.deleted = 0) 
    where
        u1_0.username=? 
        and (
            u1_0.deleted = 0
        )
00:06:03.483 [https-jsse-nio-8443-exec-1] TRACE org.hibernate.orm.jdbc.bind - binding parameter (1:VARCHAR) <- [maryam]
00:06:03.483 [https-jsse-nio-8443-exec-1] TRACE org.hibernate.orm.jdbc.extract - extracted value (9:VARCHAR) -> [maryam]
00:06:03.483 [https-jsse-nio-8443-exec-1] TRACE org.hibernate.orm.jdbc.extract - extracted value (10:VARCHAR) -> [ROLE_CUSTOMER]
00:06:03.483 [https-jsse-nio-8443-exec-1] TRACE org.hibernate.orm.jdbc.extract - extracted value (2:BOOLEAN) -> [true]
00:06:03.483 [https-jsse-nio-8443-exec-1] TRACE org.hibernate.orm.jdbc.extract - extracted value (3:BOOLEAN) -> [true]
00:06:03.483 [https-jsse-nio-8443-exec-1] TRACE org.hibernate.orm.jdbc.extract - extracted value (4:TIMESTAMP) -> [2026-02-15T12:42:00.427897]
00:06:03.483 [https-jsse-nio-8443-exec-1] TRACE org.hibernate.orm.jdbc.extract - extracted value (5:BOOLEAN) -> [true]
00:06:03.483 [https-jsse-nio-8443-exec-1] TRACE org.hibernate.orm.jdbc.extract - extracted value (6:BOOLEAN) -> [false]
00:06:03.483 [https-jsse-nio-8443-exec-1] TRACE org.hibernate.orm.jdbc.extract - extracted value (7:BOOLEAN) -> [true]
00:06:03.484 [https-jsse-nio-8443-exec-1] TRACE org.hibernate.orm.jdbc.extract - extracted value (8:VARCHAR) -> [$2a$12$eoe/uFtZFJmgK5HF97QwqOgjCKRrInHByKOZSmn7blhTgdle5I24O]
00:06:03.484 [https-jsse-nio-8443-exec-1] TRACE org.hibernate.orm.jdbc.extract - extracted value (2:BOOLEAN) -> [false]
00:06:03.484 [https-jsse-nio-8443-exec-1] TRACE org.hibernate.orm.jdbc.extract - extracted value (3:VARCHAR) -> [maryam@gmail.com]
00:06:03.484 [https-jsse-nio-8443-exec-1] TRACE org.hibernate.orm.jdbc.extract - extracted value (4:VARCHAR) -> [maryam]
00:06:03.484 [https-jsse-nio-8443-exec-1] TRACE org.hibernate.orm.jdbc.extract - extracted value (5:VARCHAR) -> [sekandari]
00:06:03.484 [https-jsse-nio-8443-exec-1] TRACE org.hibernate.orm.jdbc.extract - extracted value (6:VARCHAR) -> [09126662654]
00:06:03.484 [https-jsse-nio-8443-exec-1] TRACE org.hibernate.orm.jdbc.extract - extracted value (1:BIGINT) -> [10]
00:06:03.484 [https-jsse-nio-8443-exec-1] TRACE org.hibernate.orm.jdbc.extract - extracted value (7:VARCHAR) -> [payam]
00:06:03.484 [https-jsse-nio-8443-exec-1] DEBUG org.hibernate.SQL - 
    select
        u1_0.username,
        u1_0.account_non_expired,
        u1_0.account_non_locked,
        u1_0.credentials_expiry_date,
        u1_0.credentials_non_expired,
        u1_0.deleted,
        u1_0.enabled,
        u1_0.password,
        rs1_0.username,
        rs1_1.name,
        rs1_1.deleted,
        ps1_0.role_name,
        ps1_1.id,
        ps1_1.deleted,
        ps1_1.permission 
    from
        user_tbl u1_0 
    left join
        (user_role_tbl rs1_0 
    join
        role_tbl rs1_1 
            on rs1_1.name=rs1_0.role_name) 
        on u1_0.username=rs1_0.username 
        and ( rs1_1.deleted = 0) 
    left join
        (role_permission_tbl ps1_0 
    join
        permission_tbl ps1_1 
            on ps1_1.id=ps1_0.permission) 
        on rs1_1.name=ps1_0.role_name 
        and ( ps1_1.deleted = 0) 
    where
        u1_0.username=? 
        and (
            u1_0.deleted = 0
        )
00:06:03.484 [https-jsse-nio-8443-exec-1] TRACE org.hibernate.orm.jdbc.bind - binding parameter (1:VARCHAR) <- [payam]
00:06:03.485 [https-jsse-nio-8443-exec-1] TRACE org.hibernate.orm.jdbc.extract - extracted value (9:VARCHAR) -> [payam]
00:06:03.485 [https-jsse-nio-8443-exec-1] TRACE org.hibernate.orm.jdbc.extract - extracted value (10:VARCHAR) -> [ROLE_MANAGER]
00:06:03.485 [https-jsse-nio-8443-exec-1] TRACE org.hibernate.orm.jdbc.extract - extracted value (2:BOOLEAN) -> [true]
00:06:03.485 [https-jsse-nio-8443-exec-1] TRACE org.hibernate.orm.jdbc.extract - extracted value (3:BOOLEAN) -> [true]
00:06:03.485 [https-jsse-nio-8443-exec-1] TRACE org.hibernate.orm.jdbc.extract - extracted value (4:TIMESTAMP) -> [2026-02-15T12:46]
00:06:03.485 [https-jsse-nio-8443-exec-1] TRACE org.hibernate.orm.jdbc.extract - extracted value (5:BOOLEAN) -> [true]
00:06:03.485 [https-jsse-nio-8443-exec-1] TRACE org.hibernate.orm.jdbc.extract - extracted value (6:BOOLEAN) -> [false]
00:06:03.485 [https-jsse-nio-8443-exec-1] TRACE org.hibernate.orm.jdbc.extract - extracted value (7:BOOLEAN) -> [true]
00:06:03.485 [https-jsse-nio-8443-exec-1] TRACE org.hibernate.orm.jdbc.extract - extracted value (8:VARCHAR) -> [$2a$12$lVuQXTkB0crKuwzQLIv7QumZWQZdMFMeR4CnkQoftAsg8CiLwEYB6]
00:06:03.485 [https-jsse-nio-8443-exec-1] TRACE org.hibernate.orm.jdbc.extract - extracted value (2:BOOLEAN) -> [false]
00:06:03.485 [https-jsse-nio-8443-exec-1] TRACE org.hibernate.orm.jdbc.extract - extracted value (3:VARCHAR) -> [payam.parham1982@gmail.com]
00:06:03.485 [https-jsse-nio-8443-exec-1] TRACE org.hibernate.orm.jdbc.extract - extracted value (4:VARCHAR) -> [payam]
00:06:03.485 [https-jsse-nio-8443-exec-1] TRACE org.hibernate.orm.jdbc.extract - extracted value (5:VARCHAR) -> [nobari]
00:06:03.485 [https-jsse-nio-8443-exec-1] TRACE org.hibernate.orm.jdbc.extract - extracted value (6:VARCHAR) -> [09192060383]
00:06:03.485 [https-jsse-nio-8443-exec-1] TRACE org.hibernate.orm.jdbc.extract - extracted value (1:BIGINT) -> [1]
00:06:03.485 [https-jsse-nio-8443-exec-1] TRACE org.hibernate.orm.jdbc.extract - extracted value (7:VARCHAR) -> [reza]
00:06:03.485 [https-jsse-nio-8443-exec-1] DEBUG org.hibernate.SQL - 
    select
        u1_0.username,
        u1_0.account_non_expired,
        u1_0.account_non_locked,
        u1_0.credentials_expiry_date,
        u1_0.credentials_non_expired,
        u1_0.deleted,
        u1_0.enabled,
        u1_0.password,
        rs1_0.username,
        rs1_1.name,
        rs1_1.deleted,
        ps1_0.role_name,
        ps1_1.id,
        ps1_1.deleted,
        ps1_1.permission 
    from
        user_tbl u1_0 
    left join
        (user_role_tbl rs1_0 
    join
        role_tbl rs1_1 
            on rs1_1.name=rs1_0.role_name) 
        on u1_0.username=rs1_0.username 
        and ( rs1_1.deleted = 0) 
    left join
        (role_permission_tbl ps1_0 
    join
        permission_tbl ps1_1 
            on ps1_1.id=ps1_0.permission) 
        on rs1_1.name=ps1_0.role_name 
        and ( ps1_1.deleted = 0) 
    where
        u1_0.username=? 
        and (
            u1_0.deleted = 0
        )
00:06:03.485 [https-jsse-nio-8443-exec-1] TRACE org.hibernate.orm.jdbc.bind - binding parameter (1:VARCHAR) <- [reza]
00:06:03.486 [https-jsse-nio-8443-exec-1] TRACE org.hibernate.orm.jdbc.extract - extracted value (9:VARCHAR) -> [reza]
00:06:03.486 [https-jsse-nio-8443-exec-1] TRACE org.hibernate.orm.jdbc.extract - extracted value (10:VARCHAR) -> [ROLE_MANAGER]
00:06:03.486 [https-jsse-nio-8443-exec-1] TRACE org.hibernate.orm.jdbc.extract - extracted value (2:BOOLEAN) -> [true]
00:06:03.486 [https-jsse-nio-8443-exec-1] TRACE org.hibernate.orm.jdbc.extract - extracted value (3:BOOLEAN) -> [true]
00:06:03.486 [https-jsse-nio-8443-exec-1] TRACE org.hibernate.orm.jdbc.extract - extracted value (4:TIMESTAMP) -> [2026-02-15T12:11]
00:06:03.486 [https-jsse-nio-8443-exec-1] TRACE org.hibernate.orm.jdbc.extract - extracted value (5:BOOLEAN) -> [true]
00:06:03.486 [https-jsse-nio-8443-exec-1] TRACE org.hibernate.orm.jdbc.extract - extracted value (6:BOOLEAN) -> [false]
00:06:03.486 [https-jsse-nio-8443-exec-1] TRACE org.hibernate.orm.jdbc.extract - extracted value (7:BOOLEAN) -> [true]
00:06:03.486 [https-jsse-nio-8443-exec-1] TRACE org.hibernate.orm.jdbc.extract - extracted value (8:VARCHAR) -> [$2a$12$Sn2IZjJZlk4Xmbl173VyFOnCAj1xlKjkkZvyq5kzgUGKfH9EvpWsS]
00:06:03.486 [https-jsse-nio-8443-exec-1] TRACE org.hibernate.orm.jdbc.extract - extracted value (2:BOOLEAN) -> [false]
00:06:03.486 [https-jsse-nio-8443-exec-1] TRACE org.hibernate.orm.jdbc.extract - extracted value (3:VARCHAR) -> [reza@yahoo.com]
00:06:03.486 [https-jsse-nio-8443-exec-1] TRACE org.hibernate.orm.jdbc.extract - extracted value (4:VARCHAR) -> [reza]
00:06:03.486 [https-jsse-nio-8443-exec-1] TRACE org.hibernate.orm.jdbc.extract - extracted value (5:VARCHAR) -> [rezai]
00:06:03.486 [https-jsse-nio-8443-exec-1] TRACE org.hibernate.orm.jdbc.extract - extracted value (6:VARCHAR) -> [09128887798]
00:06:03.486 [https-jsse-nio-8443-exec-1] TRACE org.hibernate.orm.jdbc.extract - extracted value (1:BIGINT) -> [11]
00:06:03.486 [https-jsse-nio-8443-exec-1] TRACE org.hibernate.orm.jdbc.extract - extracted value (7:VARCHAR) -> [samira]
00:06:03.486 [https-jsse-nio-8443-exec-1] DEBUG org.hibernate.SQL - 
    select
        u1_0.username,
        u1_0.account_non_expired,
        u1_0.account_non_locked,
        u1_0.credentials_expiry_date,
        u1_0.credentials_non_expired,
        u1_0.deleted,
        u1_0.enabled,
        u1_0.password,
        rs1_0.username,
        rs1_1.name,
        rs1_1.deleted,
        ps1_0.role_name,
        ps1_1.id,
        ps1_1.deleted,
        ps1_1.permission 
    from
        user_tbl u1_0 
    left join
        (user_role_tbl rs1_0 
    join
        role_tbl rs1_1 
            on rs1_1.name=rs1_0.role_name) 
        on u1_0.username=rs1_0.username 
        and ( rs1_1.deleted = 0) 
    left join
        (role_permission_tbl ps1_0 
    join
        permission_tbl ps1_1 
            on ps1_1.id=ps1_0.permission) 
        on rs1_1.name=ps1_0.role_name 
        and ( ps1_1.deleted = 0) 
    where
        u1_0.username=? 
        and (
            u1_0.deleted = 0
        )
00:06:03.486 [https-jsse-nio-8443-exec-1] TRACE org.hibernate.orm.jdbc.bind - binding parameter (1:VARCHAR) <- [samira]
00:06:03.487 [https-jsse-nio-8443-exec-1] TRACE org.hibernate.orm.jdbc.extract - extracted value (9:VARCHAR) -> [samira]
00:06:03.487 [https-jsse-nio-8443-exec-1] TRACE org.hibernate.orm.jdbc.extract - extracted value (10:VARCHAR) -> [ROLE_CUSTOMER]
00:06:03.487 [https-jsse-nio-8443-exec-1] TRACE org.hibernate.orm.jdbc.extract - extracted value (2:BOOLEAN) -> [true]
00:06:03.487 [https-jsse-nio-8443-exec-1] TRACE org.hibernate.orm.jdbc.extract - extracted value (3:BOOLEAN) -> [true]
00:06:03.487 [https-jsse-nio-8443-exec-1] TRACE org.hibernate.orm.jdbc.extract - extracted value (4:TIMESTAMP) -> [2026-02-15T12:48:08.112483]
00:06:03.487 [https-jsse-nio-8443-exec-1] TRACE org.hibernate.orm.jdbc.extract - extracted value (5:BOOLEAN) -> [true]
00:06:03.487 [https-jsse-nio-8443-exec-1] TRACE org.hibernate.orm.jdbc.extract - extracted value (6:BOOLEAN) -> [false]
00:06:03.487 [https-jsse-nio-8443-exec-1] TRACE org.hibernate.orm.jdbc.extract - extracted value (7:BOOLEAN) -> [true]
00:06:03.487 [https-jsse-nio-8443-exec-1] TRACE org.hibernate.orm.jdbc.extract - extracted value (8:VARCHAR) -> [$2a$12$S1VKZAogKfel9ROgJbM.BOFyJUrOcZllF7AE9OsIo.Xy14xFRkNLi]
00:06:03.487 [https-jsse-nio-8443-exec-1] TRACE org.hibernate.orm.jdbc.extract - extracted value (2:BOOLEAN) -> [false]
00:06:03.487 [https-jsse-nio-8443-exec-1] TRACE org.hibernate.orm.jdbc.extract - extracted value (3:VARCHAR) -> [samira@gmail.com]
00:06:03.487 [https-jsse-nio-8443-exec-1] TRACE org.hibernate.orm.jdbc.extract - extracted value (4:VARCHAR) -> [samira]
00:06:03.487 [https-jsse-nio-8443-exec-1] TRACE org.hibernate.orm.jdbc.extract - extracted value (5:VARCHAR) -> [samavat]
00:06:03.487 [https-jsse-nio-8443-exec-1] TRACE org.hibernate.orm.jdbc.extract - extracted value (6:VARCHAR) -> [09103336655]
00:06:03.487 [https-jsse-nio-8443-exec-1] TRACE org.hibernate.orm.jdbc.extract - extracted value (1:BIGINT) -> [12]
00:06:03.487 [https-jsse-nio-8443-exec-1] TRACE org.hibernate.orm.jdbc.extract - extracted value (7:VARCHAR) -> [sara]
00:06:03.487 [https-jsse-nio-8443-exec-1] DEBUG org.hibernate.SQL - 
    select
        u1_0.username,
        u1_0.account_non_expired,
        u1_0.account_non_locked,
        u1_0.credentials_expiry_date,
        u1_0.credentials_non_expired,
        u1_0.deleted,
        u1_0.enabled,
        u1_0.password,
        rs1_0.username,
        rs1_1.name,
        rs1_1.deleted,
        ps1_0.role_name,
        ps1_1.id,
        ps1_1.deleted,
        ps1_1.permission 
    from
        user_tbl u1_0 
    left join
        (user_role_tbl rs1_0 
    join
        role_tbl rs1_1 
            on rs1_1.name=rs1_0.role_name) 
        on u1_0.username=rs1_0.username 
        and ( rs1_1.deleted = 0) 
    left join
        (role_permission_tbl ps1_0 
    join
        permission_tbl ps1_1 
            on ps1_1.id=ps1_0.permission) 
        on rs1_1.name=ps1_0.role_name 
        and ( ps1_1.deleted = 0) 
    where
        u1_0.username=? 
        and (
            u1_0.deleted = 0
        )
00:06:03.487 [https-jsse-nio-8443-exec-1] TRACE org.hibernate.orm.jdbc.bind - binding parameter (1:VARCHAR) <- [sara]
00:06:03.488 [https-jsse-nio-8443-exec-1] TRACE org.hibernate.orm.jdbc.extract - extracted value (9:VARCHAR) -> [sara]
00:06:03.488 [https-jsse-nio-8443-exec-1] TRACE org.hibernate.orm.jdbc.extract - extracted value (10:VARCHAR) -> [ROLE_CUSTOMER]
00:06:03.488 [https-jsse-nio-8443-exec-1] TRACE org.hibernate.orm.jdbc.extract - extracted value (2:BOOLEAN) -> [true]
00:06:03.488 [https-jsse-nio-8443-exec-1] TRACE org.hibernate.orm.jdbc.extract - extracted value (3:BOOLEAN) -> [true]
00:06:03.488 [https-jsse-nio-8443-exec-1] TRACE org.hibernate.orm.jdbc.extract - extracted value (4:TIMESTAMP) -> [2026-02-15T12:48:51.616509]
00:06:03.488 [https-jsse-nio-8443-exec-1] TRACE org.hibernate.orm.jdbc.extract - extracted value (5:BOOLEAN) -> [true]
00:06:03.488 [https-jsse-nio-8443-exec-1] TRACE org.hibernate.orm.jdbc.extract - extracted value (6:BOOLEAN) -> [false]
00:06:03.488 [https-jsse-nio-8443-exec-1] TRACE org.hibernate.orm.jdbc.extract - extracted value (7:BOOLEAN) -> [true]
00:06:03.488 [https-jsse-nio-8443-exec-1] TRACE org.hibernate.orm.jdbc.extract - extracted value (8:VARCHAR) -> [$2a$12$3KF1d0C6MWaPMgJCZ2mg6u5yeosWuf8DV2vm1sVMiHzrwKRveJq/2]
00:06:03.488 [https-jsse-nio-8443-exec-1] TRACE org.hibernate.orm.jdbc.extract - extracted value (2:BOOLEAN) -> [false]
00:06:03.488 [https-jsse-nio-8443-exec-1] TRACE org.hibernate.orm.jdbc.extract - extracted value (3:VARCHAR) -> [sara@gmail.com]
00:06:03.488 [https-jsse-nio-8443-exec-1] TRACE org.hibernate.orm.jdbc.extract - extracted value (4:VARCHAR) -> [sara]
00:06:03.488 [https-jsse-nio-8443-exec-1] TRACE org.hibernate.orm.jdbc.extract - extracted value (5:VARCHAR) -> [sarmad]
00:06:03.488 [https-jsse-nio-8443-exec-1] TRACE org.hibernate.orm.jdbc.extract - extracted value (6:VARCHAR) -> [09178523600]
00:06:03.489 [https-jsse-nio-8443-exec-1] DEBUG org.hibernate.SQL - 
    /* <criteria> */ select
        count(p1_0.id) 
    from
        profile_tbl p1_0 
    where
        (
            p1_0.deleted = 0
        )
00:06:03.490 [https-jsse-nio-8443-exec-1] TRACE org.hibernate.orm.jdbc.extract - extracted value (1:BIGINT) -> [12]
00:06:03.490 [https-jsse-nio-8443-exec-1] DEBUG o.h.e.t.internal.TransactionImpl - committing
00:06:03.491 [https-jsse-nio-8443-exec-1] DEBUG o.s.jdbc.datasource.DataSourceUtils - Resetting read-only flag of JDBC Connection [HikariProxyConnection@602492892 wrapping oracle.jdbc.driver.T4CConnection@578779b1]
00:06:03.491 [https-jsse-nio-8443-exec-1] INFO  i.c.exception.ResponseAspect - Web Controller: profilesList
00:06:05.514 [https-jsse-nio-8443-exec-3] DEBUG o.s.security.web.FilterChainProxy - Securing GET /rest/roles
00:06:05.514 [https-jsse-nio-8443-exec-3] DEBUG o.s.s.w.a.c.ChannelProcessingFilter - Request: filter invocation [GET /rest/roles]; ConfigAttributes: [REQUIRES_SECURE_CHANNEL]
00:06:05.515 [https-jsse-nio-8443-exec-3] DEBUG o.s.s.w.c.HttpSessionSecurityContextRepository - Retrieved SecurityContextImpl [Authentication=UsernamePasswordAuthenticationToken [Principal=ir.model.entity.CustomUserDetails@7420bd47, Credentials=[PROTECTED], Authenticated=true, Details=WebAuthenticationDetails [RemoteIpAddress=0:0:0:0:0:0:0:1, SessionId=54B9903800BC0AD598F338FAFFE368E1], Granted Authorities=[TICKET_EDIT, ROLE_ADMIN, TICKET_CREATE, TICKET_DELETE]]]
00:06:05.515 [https-jsse-nio-8443-exec-3] DEBUG o.s.security.web.FilterChainProxy - Secured GET /rest/roles
00:06:05.515 [https-jsse-nio-8443-exec-3] DEBUG o.s.s.a.m.AuthorizationManagerBeforeMethodInterceptor - Authorizing method invocation ReflectiveMethodInvocation: public org.springframework.http.ResponseEntity ir.controller.api.RoleApi.getAllRoles(); target is of class [ir.controller.api.RoleApi]
00:06:05.515 [https-jsse-nio-8443-exec-3] DEBUG o.s.s.a.m.AuthorizationManagerBeforeMethodInterceptor - Authorized method invocation ReflectiveMethodInvocation: public org.springframework.http.ResponseEntity ir.controller.api.RoleApi.getAllRoles(); target is of class [ir.controller.api.RoleApi]
00:06:05.516 [https-jsse-nio-8443-exec-3] DEBUG o.s.jdbc.datasource.DataSourceUtils - Setting JDBC Connection [HikariProxyConnection@207719928 wrapping oracle.jdbc.driver.T4CConnection@578779b1] read-only
00:06:05.516 [https-jsse-nio-8443-exec-3] DEBUG o.h.e.t.internal.TransactionImpl - On TransactionImpl creation, JpaCompliance#isJpaTransactionComplianceEnabled == false
00:06:05.516 [https-jsse-nio-8443-exec-3] DEBUG o.h.e.t.internal.TransactionImpl - begin
00:06:05.516 [https-jsse-nio-8443-exec-3] DEBUG org.hibernate.SQL - 
    /* <criteria> */ select
        r1_0.name,
        r1_0.deleted 
    from
        role_tbl r1_0 
    where
        (
            r1_0.deleted = 0
        )
00:06:05.518 [https-jsse-nio-8443-exec-3] TRACE org.hibernate.orm.jdbc.extract - extracted value (1:VARCHAR) -> [ROLE_ADMIN]
00:06:05.519 [https-jsse-nio-8443-exec-3] TRACE org.hibernate.orm.jdbc.extract - extracted value (2:BOOLEAN) -> [false]
00:06:05.519 [https-jsse-nio-8443-exec-3] TRACE org.hibernate.orm.jdbc.extract - extracted value (1:VARCHAR) -> [ROLE_MANAGER]
00:06:05.519 [https-jsse-nio-8443-exec-3] TRACE org.hibernate.orm.jdbc.extract - extracted value (2:BOOLEAN) -> [false]
00:06:05.519 [https-jsse-nio-8443-exec-3] TRACE org.hibernate.orm.jdbc.extract - extracted value (1:VARCHAR) -> [ROLE_CUSTOMER]
00:06:05.519 [https-jsse-nio-8443-exec-3] TRACE org.hibernate.orm.jdbc.extract - extracted value (2:BOOLEAN) -> [false]
00:06:05.519 [https-jsse-nio-8443-exec-3] DEBUG org.hibernate.SQL - 
    select
        ps1_0.role_name,
        ps1_1.id,
        ps1_1.deleted,
        ps1_1.permission 
    from
        role_permission_tbl ps1_0 
    join
        permission_tbl ps1_1 
            on ps1_1.id=ps1_0.permission 
    where
        ps1_0.role_name=? 
        and (
            ps1_1.deleted = 0
        )
00:06:05.519 [https-jsse-nio-8443-exec-3] TRACE org.hibernate.orm.jdbc.bind - binding parameter (1:VARCHAR) <- [ROLE_CUSTOMER]
00:06:05.520 [https-jsse-nio-8443-exec-3] TRACE org.hibernate.orm.jdbc.extract - extracted value (1:VARCHAR) -> [ROLE_CUSTOMER]
00:06:05.520 [https-jsse-nio-8443-exec-3] TRACE org.hibernate.orm.jdbc.extract - extracted value (2:BIGINT) -> [5]
00:06:05.520 [https-jsse-nio-8443-exec-3] TRACE org.hibernate.orm.jdbc.extract - extracted value (3:BOOLEAN) -> [false]
00:06:05.520 [https-jsse-nio-8443-exec-3] TRACE org.hibernate.orm.jdbc.extract - extracted value (4:VARCHAR) -> [TICKET_CREATE]
00:06:05.520 [https-jsse-nio-8443-exec-3] DEBUG org.hibernate.SQL - 
    select
        ps1_0.role_name,
        ps1_1.id,
        ps1_1.deleted,
        ps1_1.permission 
    from
        role_permission_tbl ps1_0 
    join
        permission_tbl ps1_1 
            on ps1_1.id=ps1_0.permission 
    where
        ps1_0.role_name=? 
        and (
            ps1_1.deleted = 0
        )
00:06:05.521 [https-jsse-nio-8443-exec-3] TRACE org.hibernate.orm.jdbc.bind - binding parameter (1:VARCHAR) <- [ROLE_MANAGER]
00:06:05.521 [https-jsse-nio-8443-exec-3] TRACE org.hibernate.orm.jdbc.extract - extracted value (1:VARCHAR) -> [ROLE_MANAGER]
00:06:05.521 [https-jsse-nio-8443-exec-3] TRACE org.hibernate.orm.jdbc.extract - extracted value (2:BIGINT) -> [3]
00:06:05.521 [https-jsse-nio-8443-exec-3] TRACE org.hibernate.orm.jdbc.extract - extracted value (3:BOOLEAN) -> [false]
00:06:05.521 [https-jsse-nio-8443-exec-3] TRACE org.hibernate.orm.jdbc.extract - extracted value (4:VARCHAR) -> [TICKET_EDIT]
00:06:05.522 [https-jsse-nio-8443-exec-3] DEBUG org.hibernate.SQL - 
    select
        ps1_0.role_name,
        ps1_1.id,
        ps1_1.deleted,
        ps1_1.permission 
    from
        role_permission_tbl ps1_0 
    join
        permission_tbl ps1_1 
            on ps1_1.id=ps1_0.permission 
    where
        ps1_0.role_name=? 
        and (
            ps1_1.deleted = 0
        )
00:06:05.522 [https-jsse-nio-8443-exec-3] TRACE org.hibernate.orm.jdbc.bind - binding parameter (1:VARCHAR) <- [ROLE_ADMIN]
00:06:05.522 [https-jsse-nio-8443-exec-3] TRACE org.hibernate.orm.jdbc.extract - extracted value (1:VARCHAR) -> [ROLE_ADMIN]
00:06:05.522 [https-jsse-nio-8443-exec-3] TRACE org.hibernate.orm.jdbc.extract - extracted value (2:BIGINT) -> [3]
00:06:05.522 [https-jsse-nio-8443-exec-3] TRACE org.hibernate.orm.jdbc.extract - extracted value (1:VARCHAR) -> [ROLE_ADMIN]
00:06:05.522 [https-jsse-nio-8443-exec-3] TRACE org.hibernate.orm.jdbc.extract - extracted value (2:BIGINT) -> [4]
00:06:05.522 [https-jsse-nio-8443-exec-3] TRACE org.hibernate.orm.jdbc.extract - extracted value (3:BOOLEAN) -> [false]
00:06:05.522 [https-jsse-nio-8443-exec-3] TRACE org.hibernate.orm.jdbc.extract - extracted value (4:VARCHAR) -> [TICKET_DELETE]
00:06:05.522 [https-jsse-nio-8443-exec-3] TRACE org.hibernate.orm.jdbc.extract - extracted value (1:VARCHAR) -> [ROLE_ADMIN]
00:06:05.522 [https-jsse-nio-8443-exec-3] TRACE org.hibernate.orm.jdbc.extract - extracted value (2:BIGINT) -> [5]
00:06:05.523 [https-jsse-nio-8443-exec-3] DEBUG o.h.e.t.internal.TransactionImpl - committing
00:06:05.523 [https-jsse-nio-8443-exec-3] DEBUG o.s.jdbc.datasource.DataSourceUtils - Resetting read-only flag of JDBC Connection [HikariProxyConnection@207719928 wrapping oracle.jdbc.driver.T4CConnection@578779b1]
00:06:05.523 [https-jsse-nio-8443-exec-3] INFO  i.c.exception.ResponseAspect - API: getAllRoles
00:06:14.033 [https-jsse-nio-8443-exec-6] DEBUG o.s.security.web.FilterChainProxy - Securing GET /profiles?page=0&size=10&sortBy=firstName&fragment=true&lastName=ar
00:06:14.033 [https-jsse-nio-8443-exec-6] DEBUG o.s.s.w.a.c.ChannelProcessingFilter - Request: filter invocation [GET /profiles?page=0&size=10&sortBy=firstName&fragment=true&lastName=ar]; ConfigAttributes: [REQUIRES_SECURE_CHANNEL]
00:06:14.034 [https-jsse-nio-8443-exec-6] DEBUG o.s.s.w.c.HttpSessionSecurityContextRepository - Retrieved SecurityContextImpl [Authentication=UsernamePasswordAuthenticationToken [Principal=ir.model.entity.CustomUserDetails@7420bd47, Credentials=[PROTECTED], Authenticated=true, Details=WebAuthenticationDetails [RemoteIpAddress=0:0:0:0:0:0:0:1, SessionId=54B9903800BC0AD598F338FAFFE368E1], Granted Authorities=[TICKET_EDIT, ROLE_ADMIN, TICKET_CREATE, TICKET_DELETE]]]
00:06:14.034 [https-jsse-nio-8443-exec-6] DEBUG o.s.security.web.FilterChainProxy - Secured GET /profiles?page=0&size=10&sortBy=firstName&fragment=true&lastName=ar
00:06:14.038 [https-jsse-nio-8443-exec-6] DEBUG org.hibernate.SQL - 
    /* <criteria> */ select
        p1_0.id,
        p1_0.deleted,
        p1_0.email,
        p1_0.first_name,
        p1_0.last_name,
        p1_0.phone,
        p1_0.username 
    from
        profile_tbl p1_0 
    where
        (
            p1_0.deleted = 0
        ) 
        and p1_0.last_name like ? escape '\' 
    order by
        p1_0.first_name 
    fetch
        first ? rows only
00:06:14.039 [https-jsse-nio-8443-exec-6] TRACE org.hibernate.orm.jdbc.bind - binding parameter (1:VARCHAR) <- [ar%]
00:06:14.039 [https-jsse-nio-8443-exec-6] TRACE org.hibernate.orm.jdbc.bind - binding parameter (2:INTEGER) <- [10]
00:06:14.039 [https-jsse-nio-8443-exec-6] TRACE org.hibernate.orm.jdbc.extract - extracted value (1:BIGINT) -> [4]
00:06:14.039 [https-jsse-nio-8443-exec-6] TRACE org.hibernate.orm.jdbc.extract - extracted value (7:VARCHAR) -> [artin]
00:06:14.040 [https-jsse-nio-8443-exec-6] DEBUG org.hibernate.SQL - 
    select
        u1_0.username,
        u1_0.account_non_expired,
        u1_0.account_non_locked,
        u1_0.credentials_expiry_date,
        u1_0.credentials_non_expired,
        u1_0.deleted,
        u1_0.enabled,
        u1_0.password,
        rs1_0.username,
        rs1_1.name,
        rs1_1.deleted,
        ps1_0.role_name,
        ps1_1.id,
        ps1_1.deleted,
        ps1_1.permission 
    from
        user_tbl u1_0 
    left join
        (user_role_tbl rs1_0 
    join
        role_tbl rs1_1 
            on rs1_1.name=rs1_0.role_name) 
        on u1_0.username=rs1_0.username 
        and ( rs1_1.deleted = 0) 
    left join
        (role_permission_tbl ps1_0 
    join
        permission_tbl ps1_1 
            on ps1_1.id=ps1_0.permission) 
        on rs1_1.name=ps1_0.role_name 
        and ( ps1_1.deleted = 0) 
    where
        u1_0.username=? 
        and (
            u1_0.deleted = 0
        )
00:06:14.040 [https-jsse-nio-8443-exec-6] TRACE org.hibernate.orm.jdbc.bind - binding parameter (1:VARCHAR) <- [artin]
00:06:14.040 [https-jsse-nio-8443-exec-6] TRACE org.hibernate.orm.jdbc.extract - extracted value (9:VARCHAR) -> [artin]
00:06:14.040 [https-jsse-nio-8443-exec-6] TRACE org.hibernate.orm.jdbc.extract - extracted value (10:VARCHAR) -> [ROLE_CUSTOMER]
00:06:14.040 [https-jsse-nio-8443-exec-6] TRACE org.hibernate.orm.jdbc.extract - extracted value (12:VARCHAR) -> [ROLE_CUSTOMER]
00:06:14.040 [https-jsse-nio-8443-exec-6] TRACE org.hibernate.orm.jdbc.extract - extracted value (13:BIGINT) -> [5]
00:06:14.040 [https-jsse-nio-8443-exec-6] TRACE org.hibernate.orm.jdbc.extract - extracted value (14:BOOLEAN) -> [false]
00:06:14.040 [https-jsse-nio-8443-exec-6] TRACE org.hibernate.orm.jdbc.extract - extracted value (15:VARCHAR) -> [TICKET_CREATE]
00:06:14.040 [https-jsse-nio-8443-exec-6] TRACE org.hibernate.orm.jdbc.extract - extracted value (11:BOOLEAN) -> [false]
00:06:14.041 [https-jsse-nio-8443-exec-6] TRACE org.hibernate.orm.jdbc.extract - extracted value (2:BOOLEAN) -> [true]
00:06:14.041 [https-jsse-nio-8443-exec-6] TRACE org.hibernate.orm.jdbc.extract - extracted value (3:BOOLEAN) -> [true]
00:06:14.041 [https-jsse-nio-8443-exec-6] TRACE org.hibernate.orm.jdbc.extract - extracted value (4:TIMESTAMP) -> [2026-02-15T12:41]
00:06:14.041 [https-jsse-nio-8443-exec-6] TRACE org.hibernate.orm.jdbc.extract - extracted value (5:BOOLEAN) -> [true]
00:06:14.041 [https-jsse-nio-8443-exec-6] TRACE org.hibernate.orm.jdbc.extract - extracted value (6:BOOLEAN) -> [false]
00:06:14.041 [https-jsse-nio-8443-exec-6] TRACE org.hibernate.orm.jdbc.extract - extracted value (7:BOOLEAN) -> [true]
00:06:14.041 [https-jsse-nio-8443-exec-6] TRACE org.hibernate.orm.jdbc.extract - extracted value (8:VARCHAR) -> [$2a$12$LQ/9Uj10CUQqYQSeLTXUEugUzI7FXTZnvnYR6fTSOkdmnpp1mfGMS]
00:06:14.041 [https-jsse-nio-8443-exec-6] TRACE org.hibernate.orm.jdbc.extract - extracted value (2:BOOLEAN) -> [false]
00:06:14.041 [https-jsse-nio-8443-exec-6] TRACE org.hibernate.orm.jdbc.extract - extracted value (3:VARCHAR) -> [artin@yahoo.com]
00:06:14.041 [https-jsse-nio-8443-exec-6] TRACE org.hibernate.orm.jdbc.extract - extracted value (4:VARCHAR) -> [artin]
00:06:14.041 [https-jsse-nio-8443-exec-6] TRACE org.hibernate.orm.jdbc.extract - extracted value (5:VARCHAR) -> [arbabi]
00:06:14.041 [https-jsse-nio-8443-exec-6] TRACE org.hibernate.orm.jdbc.extract - extracted value (6:VARCHAR) -> [09121115544]
00:06:14.041 [https-jsse-nio-8443-exec-6] INFO  i.c.exception.ResponseAspect - Web Controller: profilesList
00:06:19.048 [https-jsse-nio-8443-exec-9] DEBUG o.s.security.web.FilterChainProxy - Securing GET /profiles?page=0&size=10&sortBy=firstName&fragment=true&username=sh
00:06:19.048 [https-jsse-nio-8443-exec-9] DEBUG o.s.s.w.a.c.ChannelProcessingFilter - Request: filter invocation [GET /profiles?page=0&size=10&sortBy=firstName&fragment=true&username=sh]; ConfigAttributes: [REQUIRES_SECURE_CHANNEL]
00:06:19.049 [https-jsse-nio-8443-exec-9] DEBUG o.s.s.w.c.HttpSessionSecurityContextRepository - Retrieved SecurityContextImpl [Authentication=UsernamePasswordAuthenticationToken [Principal=ir.model.entity.CustomUserDetails@7420bd47, Credentials=[PROTECTED], Authenticated=true, Details=WebAuthenticationDetails [RemoteIpAddress=0:0:0:0:0:0:0:1, SessionId=54B9903800BC0AD598F338FAFFE368E1], Granted Authorities=[TICKET_EDIT, ROLE_ADMIN, TICKET_CREATE, TICKET_DELETE]]]
00:06:19.049 [https-jsse-nio-8443-exec-9] DEBUG o.s.security.web.FilterChainProxy - Secured GET /profiles?page=0&size=10&sortBy=firstName&fragment=true&username=sh
00:06:19.051 [https-jsse-nio-8443-exec-9] DEBUG org.hibernate.SQL - 
    /* <criteria> */ select
        p1_0.id,
        p1_0.deleted,
        p1_0.email,
        p1_0.first_name,
        p1_0.last_name,
        p1_0.phone,
        p1_0.username 
    from
        profile_tbl p1_0 
    left join
        user_tbl u1_0 
            on u1_0.username=p1_0.username 
            and (u1_0.deleted = 0) 
    where
        (
            p1_0.deleted = 0
        ) 
        and u1_0.username like ? escape '\' 
    order by
        p1_0.first_name 
    fetch
        first ? rows only
00:06:19.052 [https-jsse-nio-8443-exec-9] TRACE org.hibernate.orm.jdbc.bind - binding parameter (1:VARCHAR) <- [sh%]
00:06:19.052 [https-jsse-nio-8443-exec-9] TRACE org.hibernate.orm.jdbc.bind - binding parameter (2:INTEGER) <- [10]
00:06:19.053 [https-jsse-nio-8443-exec-9] TRACE org.hibernate.orm.jdbc.extract - extracted value (1:BIGINT) -> [8]
00:06:19.053 [https-jsse-nio-8443-exec-9] TRACE org.hibernate.orm.jdbc.extract - extracted value (7:VARCHAR) -> [shahram]
00:06:19.053 [https-jsse-nio-8443-exec-9] DEBUG org.hibernate.SQL - 
    select
        u1_0.username,
        u1_0.account_non_expired,
        u1_0.account_non_locked,
        u1_0.credentials_expiry_date,
        u1_0.credentials_non_expired,
        u1_0.deleted,
        u1_0.enabled,
        u1_0.password,
        rs1_0.username,
        rs1_1.name,
        rs1_1.deleted,
        ps1_0.role_name,
        ps1_1.id,
        ps1_1.deleted,
        ps1_1.permission 
    from
        user_tbl u1_0 
    left join
        (user_role_tbl rs1_0 
    join
        role_tbl rs1_1 
            on rs1_1.name=rs1_0.role_name) 
        on u1_0.username=rs1_0.username 
        and ( rs1_1.deleted = 0) 
    left join
        (role_permission_tbl ps1_0 
    join
        permission_tbl ps1_1 
            on ps1_1.id=ps1_0.permission) 
        on rs1_1.name=ps1_0.role_name 
        and ( ps1_1.deleted = 0) 
    where
        u1_0.username=? 
        and (
            u1_0.deleted = 0
        )
00:06:19.053 [https-jsse-nio-8443-exec-9] TRACE org.hibernate.orm.jdbc.bind - binding parameter (1:VARCHAR) <- [shahram]
00:06:19.054 [https-jsse-nio-8443-exec-9] TRACE org.hibernate.orm.jdbc.extract - extracted value (9:VARCHAR) -> [shahram]
00:06:19.054 [https-jsse-nio-8443-exec-9] TRACE org.hibernate.orm.jdbc.extract - extracted value (10:VARCHAR) -> [ROLE_CUSTOMER]
00:06:19.054 [https-jsse-nio-8443-exec-9] TRACE org.hibernate.orm.jdbc.extract - extracted value (12:VARCHAR) -> [ROLE_CUSTOMER]
00:06:19.054 [https-jsse-nio-8443-exec-9] TRACE org.hibernate.orm.jdbc.extract - extracted value (13:BIGINT) -> [5]
00:06:19.054 [https-jsse-nio-8443-exec-9] TRACE org.hibernate.orm.jdbc.extract - extracted value (14:BOOLEAN) -> [false]
00:06:19.054 [https-jsse-nio-8443-exec-9] TRACE org.hibernate.orm.jdbc.extract - extracted value (15:VARCHAR) -> [TICKET_CREATE]
00:06:19.054 [https-jsse-nio-8443-exec-9] TRACE org.hibernate.orm.jdbc.extract - extracted value (11:BOOLEAN) -> [false]
00:06:19.054 [https-jsse-nio-8443-exec-9] TRACE org.hibernate.orm.jdbc.extract - extracted value (2:BOOLEAN) -> [true]
00:06:19.054 [https-jsse-nio-8443-exec-9] TRACE org.hibernate.orm.jdbc.extract - extracted value (3:BOOLEAN) -> [true]
00:06:19.054 [https-jsse-nio-8443-exec-9] TRACE org.hibernate.orm.jdbc.extract - extracted value (4:TIMESTAMP) -> [2026-02-15T12:45:40.686761]
00:06:19.054 [https-jsse-nio-8443-exec-9] TRACE org.hibernate.orm.jdbc.extract - extracted value (5:BOOLEAN) -> [true]
00:06:19.054 [https-jsse-nio-8443-exec-9] TRACE org.hibernate.orm.jdbc.extract - extracted value (6:BOOLEAN) -> [false]
00:06:19.054 [https-jsse-nio-8443-exec-9] TRACE org.hibernate.orm.jdbc.extract - extracted value (7:BOOLEAN) -> [true]
00:06:19.054 [https-jsse-nio-8443-exec-9] TRACE org.hibernate.orm.jdbc.extract - extracted value (8:VARCHAR) -> [$2a$12$8ZaJtvAMduRpuGTpAUYu.OD2SUV7w1qrXb9dCSNapl69Gfct.sdG6]
00:06:19.054 [https-jsse-nio-8443-exec-9] TRACE org.hibernate.orm.jdbc.extract - extracted value (2:BOOLEAN) -> [false]
00:06:19.054 [https-jsse-nio-8443-exec-9] TRACE org.hibernate.orm.jdbc.extract - extracted value (3:VARCHAR) -> [shahram@gmail.com]
00:06:19.054 [https-jsse-nio-8443-exec-9] TRACE org.hibernate.orm.jdbc.extract - extracted value (4:VARCHAR) -> [shahram]
00:06:19.054 [https-jsse-nio-8443-exec-9] TRACE org.hibernate.orm.jdbc.extract - extracted value (5:VARCHAR) -> [nobari]
00:06:19.054 [https-jsse-nio-8443-exec-9] TRACE org.hibernate.orm.jdbc.extract - extracted value (6:VARCHAR) -> [09126662658]
00:06:19.054 [https-jsse-nio-8443-exec-9] TRACE org.hibernate.orm.jdbc.extract - extracted value (1:BIGINT) -> [2]
00:06:19.054 [https-jsse-nio-8443-exec-9] TRACE org.hibernate.orm.jdbc.extract - extracted value (7:VARCHAR) -> [shirin]
00:06:19.054 [https-jsse-nio-8443-exec-9] DEBUG org.hibernate.SQL - 
    select
        u1_0.username,
        u1_0.account_non_expired,
        u1_0.account_non_locked,
        u1_0.credentials_expiry_date,
        u1_0.credentials_non_expired,
        u1_0.deleted,
        u1_0.enabled,
        u1_0.password,
        rs1_0.username,
        rs1_1.name,
        rs1_1.deleted,
        ps1_0.role_name,
        ps1_1.id,
        ps1_1.deleted,
        ps1_1.permission 
    from
        user_tbl u1_0 
    left join
        (user_role_tbl rs1_0 
    join
        role_tbl rs1_1 
            on rs1_1.name=rs1_0.role_name) 
        on u1_0.username=rs1_0.username 
        and ( rs1_1.deleted = 0) 
    left join
        (role_permission_tbl ps1_0 
    join
        permission_tbl ps1_1 
            on ps1_1.id=ps1_0.permission) 
        on rs1_1.name=ps1_0.role_name 
        and ( ps1_1.deleted = 0) 
    where
        u1_0.username=? 
        and (
            u1_0.deleted = 0
        )
00:06:19.054 [https-jsse-nio-8443-exec-9] TRACE org.hibernate.orm.jdbc.bind - binding parameter (1:VARCHAR) <- [shirin]
00:06:19.055 [https-jsse-nio-8443-exec-9] TRACE org.hibernate.orm.jdbc.extract - extracted value (9:VARCHAR) -> [shirin]
00:06:19.055 [https-jsse-nio-8443-exec-9] TRACE org.hibernate.orm.jdbc.extract - extracted value (10:VARCHAR) -> [ROLE_CUSTOMER]
00:06:19.055 [https-jsse-nio-8443-exec-9] TRACE org.hibernate.orm.jdbc.extract - extracted value (2:BOOLEAN) -> [true]
00:06:19.055 [https-jsse-nio-8443-exec-9] TRACE org.hibernate.orm.jdbc.extract - extracted value (3:BOOLEAN) -> [true]
00:06:19.055 [https-jsse-nio-8443-exec-9] TRACE org.hibernate.orm.jdbc.extract - extracted value (4:TIMESTAMP) -> [2026-02-15T12:38]
00:06:19.055 [https-jsse-nio-8443-exec-9] TRACE org.hibernate.orm.jdbc.extract - extracted value (5:BOOLEAN) -> [true]
00:06:19.055 [https-jsse-nio-8443-exec-9] TRACE org.hibernate.orm.jdbc.extract - extracted value (6:BOOLEAN) -> [false]
00:06:19.055 [https-jsse-nio-8443-exec-9] TRACE org.hibernate.orm.jdbc.extract - extracted value (7:BOOLEAN) -> [true]
00:06:19.055 [https-jsse-nio-8443-exec-9] TRACE org.hibernate.orm.jdbc.extract - extracted value (8:VARCHAR) -> [$2a$12$ycbWX6LGjFbEOG63G80LVeFa7BWTps7/MAiv7fsxhgfM7o4zJu7lC]
00:06:19.055 [https-jsse-nio-8443-exec-9] TRACE org.hibernate.orm.jdbc.extract - extracted value (2:BOOLEAN) -> [false]
00:06:19.055 [https-jsse-nio-8443-exec-9] TRACE org.hibernate.orm.jdbc.extract - extracted value (3:VARCHAR) -> [shirin@yahoo.com]
00:06:19.055 [https-jsse-nio-8443-exec-9] TRACE org.hibernate.orm.jdbc.extract - extracted value (4:VARCHAR) -> [shirin]
00:06:19.055 [https-jsse-nio-8443-exec-9] TRACE org.hibernate.orm.jdbc.extract - extracted value (5:VARCHAR) -> [nobari]
00:06:19.055 [https-jsse-nio-8443-exec-9] TRACE org.hibernate.orm.jdbc.extract - extracted value (6:VARCHAR) -> [09122688340]
00:06:19.055 [https-jsse-nio-8443-exec-9] INFO  i.c.exception.ResponseAspect - Web Controller: profilesList
00:06:22.121 [https-jsse-nio-8443-exec-4] DEBUG o.s.security.web.FilterChainProxy - Securing GET /profiles?page=0&size=10&sortBy=firstName&fragment=true&lastName=nob
00:06:22.121 [https-jsse-nio-8443-exec-4] DEBUG o.s.s.w.a.c.ChannelProcessingFilter - Request: filter invocation [GET /profiles?page=0&size=10&sortBy=firstName&fragment=true&lastName=nob]; ConfigAttributes: [REQUIRES_SECURE_CHANNEL]
00:06:22.121 [https-jsse-nio-8443-exec-4] DEBUG o.s.s.w.c.HttpSessionSecurityContextRepository - Retrieved SecurityContextImpl [Authentication=UsernamePasswordAuthenticationToken [Principal=ir.model.entity.CustomUserDetails@7420bd47, Credentials=[PROTECTED], Authenticated=true, Details=WebAuthenticationDetails [RemoteIpAddress=0:0:0:0:0:0:0:1, SessionId=54B9903800BC0AD598F338FAFFE368E1], Granted Authorities=[TICKET_EDIT, ROLE_ADMIN, TICKET_CREATE, TICKET_DELETE]]]
00:06:22.121 [https-jsse-nio-8443-exec-4] DEBUG o.s.security.web.FilterChainProxy - Secured GET /profiles?page=0&size=10&sortBy=firstName&fragment=true&lastName=nob
00:06:22.124 [https-jsse-nio-8443-exec-4] DEBUG org.hibernate.SQL - 
    /* <criteria> */ select
        p1_0.id,
        p1_0.deleted,
        p1_0.email,
        p1_0.first_name,
        p1_0.last_name,
        p1_0.phone,
        p1_0.username 
    from
        profile_tbl p1_0 
    where
        (
            p1_0.deleted = 0
        ) 
        and p1_0.last_name like ? escape '\' 
    order by
        p1_0.first_name 
    fetch
        first ? rows only
00:06:22.125 [https-jsse-nio-8443-exec-4] TRACE org.hibernate.orm.jdbc.bind - binding parameter (1:VARCHAR) <- [nob%]
00:06:22.125 [https-jsse-nio-8443-exec-4] TRACE org.hibernate.orm.jdbc.bind - binding parameter (2:INTEGER) <- [10]
00:06:22.126 [https-jsse-nio-8443-exec-4] TRACE org.hibernate.orm.jdbc.extract - extracted value (1:BIGINT) -> [10]
00:06:22.126 [https-jsse-nio-8443-exec-4] TRACE org.hibernate.orm.jdbc.extract - extracted value (7:VARCHAR) -> [payam]
00:06:22.126 [https-jsse-nio-8443-exec-4] DEBUG org.hibernate.SQL - 
    select
        u1_0.username,
        u1_0.account_non_expired,
        u1_0.account_non_locked,
        u1_0.credentials_expiry_date,
        u1_0.credentials_non_expired,
        u1_0.deleted,
        u1_0.enabled,
        u1_0.password,
        rs1_0.username,
        rs1_1.name,
        rs1_1.deleted,
        ps1_0.role_name,
        ps1_1.id,
        ps1_1.deleted,
        ps1_1.permission 
    from
        user_tbl u1_0 
    left join
        (user_role_tbl rs1_0 
    join
        role_tbl rs1_1 
            on rs1_1.name=rs1_0.role_name) 
        on u1_0.username=rs1_0.username 
        and ( rs1_1.deleted = 0) 
    left join
        (role_permission_tbl ps1_0 
    join
        permission_tbl ps1_1 
            on ps1_1.id=ps1_0.permission) 
        on rs1_1.name=ps1_0.role_name 
        and ( ps1_1.deleted = 0) 
    where
        u1_0.username=? 
        and (
            u1_0.deleted = 0
        )
00:06:22.126 [https-jsse-nio-8443-exec-4] TRACE org.hibernate.orm.jdbc.bind - binding parameter (1:VARCHAR) <- [payam]
00:06:22.127 [https-jsse-nio-8443-exec-4] TRACE org.hibernate.orm.jdbc.extract - extracted value (9:VARCHAR) -> [payam]
00:06:22.127 [https-jsse-nio-8443-exec-4] TRACE org.hibernate.orm.jdbc.extract - extracted value (10:VARCHAR) -> [ROLE_MANAGER]
00:06:22.127 [https-jsse-nio-8443-exec-4] TRACE org.hibernate.orm.jdbc.extract - extracted value (12:VARCHAR) -> [ROLE_MANAGER]
00:06:22.127 [https-jsse-nio-8443-exec-4] TRACE org.hibernate.orm.jdbc.extract - extracted value (13:BIGINT) -> [3]
00:06:22.127 [https-jsse-nio-8443-exec-4] TRACE org.hibernate.orm.jdbc.extract - extracted value (14:BOOLEAN) -> [false]
00:06:22.127 [https-jsse-nio-8443-exec-4] TRACE org.hibernate.orm.jdbc.extract - extracted value (15:VARCHAR) -> [TICKET_EDIT]
00:06:22.127 [https-jsse-nio-8443-exec-4] TRACE org.hibernate.orm.jdbc.extract - extracted value (11:BOOLEAN) -> [false]
00:06:22.127 [https-jsse-nio-8443-exec-4] TRACE org.hibernate.orm.jdbc.extract - extracted value (2:BOOLEAN) -> [true]
00:06:22.127 [https-jsse-nio-8443-exec-4] TRACE org.hibernate.orm.jdbc.extract - extracted value (3:BOOLEAN) -> [true]
00:06:22.127 [https-jsse-nio-8443-exec-4] TRACE org.hibernate.orm.jdbc.extract - extracted value (4:TIMESTAMP) -> [2026-02-15T12:46]
00:06:22.127 [https-jsse-nio-8443-exec-4] TRACE org.hibernate.orm.jdbc.extract - extracted value (5:BOOLEAN) -> [true]
00:06:22.127 [https-jsse-nio-8443-exec-4] TRACE org.hibernate.orm.jdbc.extract - extracted value (6:BOOLEAN) -> [false]
00:06:22.127 [https-jsse-nio-8443-exec-4] TRACE org.hibernate.orm.jdbc.extract - extracted value (7:BOOLEAN) -> [true]
00:06:22.127 [https-jsse-nio-8443-exec-4] TRACE org.hibernate.orm.jdbc.extract - extracted value (8:VARCHAR) -> [$2a$12$lVuQXTkB0crKuwzQLIv7QumZWQZdMFMeR4CnkQoftAsg8CiLwEYB6]
00:06:22.127 [https-jsse-nio-8443-exec-4] TRACE org.hibernate.orm.jdbc.extract - extracted value (2:BOOLEAN) -> [false]
00:06:22.127 [https-jsse-nio-8443-exec-4] TRACE org.hibernate.orm.jdbc.extract - extracted value (3:VARCHAR) -> [payam.parham1982@gmail.com]
00:06:22.127 [https-jsse-nio-8443-exec-4] TRACE org.hibernate.orm.jdbc.extract - extracted value (4:VARCHAR) -> [payam]
00:06:22.127 [https-jsse-nio-8443-exec-4] TRACE org.hibernate.orm.jdbc.extract - extracted value (5:VARCHAR) -> [nobari]
00:06:22.127 [https-jsse-nio-8443-exec-4] TRACE org.hibernate.orm.jdbc.extract - extracted value (6:VARCHAR) -> [09192060383]
00:06:22.127 [https-jsse-nio-8443-exec-4] TRACE org.hibernate.orm.jdbc.extract - extracted value (1:BIGINT) -> [8]
00:06:22.127 [https-jsse-nio-8443-exec-4] TRACE org.hibernate.orm.jdbc.extract - extracted value (7:VARCHAR) -> [shahram]
00:06:22.127 [https-jsse-nio-8443-exec-4] DEBUG org.hibernate.SQL - 
    select
        u1_0.username,
        u1_0.account_non_expired,
        u1_0.account_non_locked,
        u1_0.credentials_expiry_date,
        u1_0.credentials_non_expired,
        u1_0.deleted,
        u1_0.enabled,
        u1_0.password,
        rs1_0.username,
        rs1_1.name,
        rs1_1.deleted,
        ps1_0.role_name,
        ps1_1.id,
        ps1_1.deleted,
        ps1_1.permission 
    from
        user_tbl u1_0 
    left join
        (user_role_tbl rs1_0 
    join
        role_tbl rs1_1 
            on rs1_1.name=rs1_0.role_name) 
        on u1_0.username=rs1_0.username 
        and ( rs1_1.deleted = 0) 
    left join
        (role_permission_tbl ps1_0 
    join
        permission_tbl ps1_1 
            on ps1_1.id=ps1_0.permission) 
        on rs1_1.name=ps1_0.role_name 
        and ( ps1_1.deleted = 0) 
    where
        u1_0.username=? 
        and (
            u1_0.deleted = 0
        )
00:06:22.127 [https-jsse-nio-8443-exec-4] TRACE org.hibernate.orm.jdbc.bind - binding parameter (1:VARCHAR) <- [shahram]
00:06:22.128 [https-jsse-nio-8443-exec-4] TRACE org.hibernate.orm.jdbc.extract - extracted value (9:VARCHAR) -> [shahram]
00:06:22.128 [https-jsse-nio-8443-exec-4] TRACE org.hibernate.orm.jdbc.extract - extracted value (10:VARCHAR) -> [ROLE_CUSTOMER]
00:06:22.128 [https-jsse-nio-8443-exec-4] TRACE org.hibernate.orm.jdbc.extract - extracted value (12:VARCHAR) -> [ROLE_CUSTOMER]
00:06:22.128 [https-jsse-nio-8443-exec-4] TRACE org.hibernate.orm.jdbc.extract - extracted value (13:BIGINT) -> [5]
00:06:22.128 [https-jsse-nio-8443-exec-4] TRACE org.hibernate.orm.jdbc.extract - extracted value (14:BOOLEAN) -> [false]
00:06:22.128 [https-jsse-nio-8443-exec-4] TRACE org.hibernate.orm.jdbc.extract - extracted value (15:VARCHAR) -> [TICKET_CREATE]
00:06:22.128 [https-jsse-nio-8443-exec-4] TRACE org.hibernate.orm.jdbc.extract - extracted value (11:BOOLEAN) -> [false]
00:06:22.128 [https-jsse-nio-8443-exec-4] TRACE org.hibernate.orm.jdbc.extract - extracted value (2:BOOLEAN) -> [true]
00:06:22.128 [https-jsse-nio-8443-exec-4] TRACE org.hibernate.orm.jdbc.extract - extracted value (3:BOOLEAN) -> [true]
00:06:22.128 [https-jsse-nio-8443-exec-4] TRACE org.hibernate.orm.jdbc.extract - extracted value (4:TIMESTAMP) -> [2026-02-15T12:45:40.686761]
00:06:22.128 [https-jsse-nio-8443-exec-4] TRACE org.hibernate.orm.jdbc.extract - extracted value (5:BOOLEAN) -> [true]
00:06:22.128 [https-jsse-nio-8443-exec-4] TRACE org.hibernate.orm.jdbc.extract - extracted value (6:BOOLEAN) -> [false]
00:06:22.128 [https-jsse-nio-8443-exec-4] TRACE org.hibernate.orm.jdbc.extract - extracted value (7:BOOLEAN) -> [true]
00:06:22.128 [https-jsse-nio-8443-exec-4] TRACE org.hibernate.orm.jdbc.extract - extracted value (8:VARCHAR) -> [$2a$12$8ZaJtvAMduRpuGTpAUYu.OD2SUV7w1qrXb9dCSNapl69Gfct.sdG6]
00:06:22.128 [https-jsse-nio-8443-exec-4] TRACE org.hibernate.orm.jdbc.extract - extracted value (2:BOOLEAN) -> [false]
00:06:22.128 [https-jsse-nio-8443-exec-4] TRACE org.hibernate.orm.jdbc.extract - extracted value (3:VARCHAR) -> [shahram@gmail.com]
00:06:22.128 [https-jsse-nio-8443-exec-4] TRACE org.hibernate.orm.jdbc.extract - extracted value (4:VARCHAR) -> [shahram]
00:06:22.128 [https-jsse-nio-8443-exec-4] TRACE org.hibernate.orm.jdbc.extract - extracted value (5:VARCHAR) -> [nobari]
00:06:22.128 [https-jsse-nio-8443-exec-4] TRACE org.hibernate.orm.jdbc.extract - extracted value (6:VARCHAR) -> [09126662658]
00:06:22.128 [https-jsse-nio-8443-exec-4] TRACE org.hibernate.orm.jdbc.extract - extracted value (1:BIGINT) -> [2]
00:06:22.128 [https-jsse-nio-8443-exec-4] TRACE org.hibernate.orm.jdbc.extract - extracted value (7:VARCHAR) -> [shirin]
00:06:22.129 [https-jsse-nio-8443-exec-4] DEBUG org.hibernate.SQL - 
    select
        u1_0.username,
        u1_0.account_non_expired,
        u1_0.account_non_locked,
        u1_0.credentials_expiry_date,
        u1_0.credentials_non_expired,
        u1_0.deleted,
        u1_0.enabled,
        u1_0.password,
        rs1_0.username,
        rs1_1.name,
        rs1_1.deleted,
        ps1_0.role_name,
        ps1_1.id,
        ps1_1.deleted,
        ps1_1.permission 
    from
        user_tbl u1_0 
    left join
        (user_role_tbl rs1_0 
    join
        role_tbl rs1_1 
            on rs1_1.name=rs1_0.role_name) 
        on u1_0.username=rs1_0.username 
        and ( rs1_1.deleted = 0) 
    left join
        (role_permission_tbl ps1_0 
    join
        permission_tbl ps1_1 
            on ps1_1.id=ps1_0.permission) 
        on rs1_1.name=ps1_0.role_name 
        and ( ps1_1.deleted = 0) 
    where
        u1_0.username=? 
        and (
            u1_0.deleted = 0
        )
00:06:22.129 [https-jsse-nio-8443-exec-4] TRACE org.hibernate.orm.jdbc.bind - binding parameter (1:VARCHAR) <- [shirin]
00:06:22.129 [https-jsse-nio-8443-exec-4] TRACE org.hibernate.orm.jdbc.extract - extracted value (9:VARCHAR) -> [shirin]
00:06:22.129 [https-jsse-nio-8443-exec-4] TRACE org.hibernate.orm.jdbc.extract - extracted value (10:VARCHAR) -> [ROLE_CUSTOMER]
00:06:22.129 [https-jsse-nio-8443-exec-4] TRACE org.hibernate.orm.jdbc.extract - extracted value (2:BOOLEAN) -> [true]
00:06:22.129 [https-jsse-nio-8443-exec-4] TRACE org.hibernate.orm.jdbc.extract - extracted value (3:BOOLEAN) -> [true]
00:06:22.129 [https-jsse-nio-8443-exec-4] TRACE org.hibernate.orm.jdbc.extract - extracted value (4:TIMESTAMP) -> [2026-02-15T12:38]
00:06:22.129 [https-jsse-nio-8443-exec-4] TRACE org.hibernate.orm.jdbc.extract - extracted value (5:BOOLEAN) -> [true]
00:06:22.129 [https-jsse-nio-8443-exec-4] TRACE org.hibernate.orm.jdbc.extract - extracted value (6:BOOLEAN) -> [false]
00:06:22.129 [https-jsse-nio-8443-exec-4] TRACE org.hibernate.orm.jdbc.extract - extracted value (7:BOOLEAN) -> [true]
00:06:22.129 [https-jsse-nio-8443-exec-4] TRACE org.hibernate.orm.jdbc.extract - extracted value (8:VARCHAR) -> [$2a$12$ycbWX6LGjFbEOG63G80LVeFa7BWTps7/MAiv7fsxhgfM7o4zJu7lC]
00:06:22.129 [https-jsse-nio-8443-exec-4] TRACE org.hibernate.orm.jdbc.extract - extracted value (2:BOOLEAN) -> [false]
00:06:22.129 [https-jsse-nio-8443-exec-4] TRACE org.hibernate.orm.jdbc.extract - extracted value (3:VARCHAR) -> [shirin@yahoo.com]
00:06:22.129 [https-jsse-nio-8443-exec-4] TRACE org.hibernate.orm.jdbc.extract - extracted value (4:VARCHAR) -> [shirin]
00:06:22.129 [https-jsse-nio-8443-exec-4] TRACE org.hibernate.orm.jdbc.extract - extracted value (5:VARCHAR) -> [nobari]
00:06:22.129 [https-jsse-nio-8443-exec-4] TRACE org.hibernate.orm.jdbc.extract - extracted value (6:VARCHAR) -> [09122688340]
00:06:22.130 [https-jsse-nio-8443-exec-4] INFO  i.c.exception.ResponseAspect - Web Controller: profilesList
00:06:28.992 [https-jsse-nio-8443-exec-5] DEBUG o.s.security.web.FilterChainProxy - Securing GET /profiles?page=0&size=20&sortBy=firstName&fragment=true&lastName=nob
00:06:28.994 [https-jsse-nio-8443-exec-5] DEBUG o.s.s.w.a.c.ChannelProcessingFilter - Request: filter invocation [GET /profiles?page=0&size=20&sortBy=firstName&fragment=true&lastName=nob]; ConfigAttributes: [REQUIRES_SECURE_CHANNEL]
00:06:28.994 [https-jsse-nio-8443-exec-5] DEBUG o.s.s.w.c.HttpSessionSecurityContextRepository - Retrieved SecurityContextImpl [Authentication=UsernamePasswordAuthenticationToken [Principal=ir.model.entity.CustomUserDetails@7420bd47, Credentials=[PROTECTED], Authenticated=true, Details=WebAuthenticationDetails [RemoteIpAddress=0:0:0:0:0:0:0:1, SessionId=54B9903800BC0AD598F338FAFFE368E1], Granted Authorities=[TICKET_EDIT, ROLE_ADMIN, TICKET_CREATE, TICKET_DELETE]]]
00:06:28.994 [https-jsse-nio-8443-exec-5] DEBUG o.s.security.web.FilterChainProxy - Secured GET /profiles?page=0&size=20&sortBy=firstName&fragment=true&lastName=nob
00:06:28.998 [https-jsse-nio-8443-exec-5] DEBUG org.hibernate.SQL - 
    /* <criteria> */ select
        p1_0.id,
        p1_0.deleted,
        p1_0.email,
        p1_0.first_name,
        p1_0.last_name,
        p1_0.phone,
        p1_0.username 
    from
        profile_tbl p1_0 
    where
        (
            p1_0.deleted = 0
        ) 
        and p1_0.last_name like ? escape '\' 
    order by
        p1_0.first_name 
    fetch
        first ? rows only
00:06:28.999 [https-jsse-nio-8443-exec-5] TRACE org.hibernate.orm.jdbc.bind - binding parameter (1:VARCHAR) <- [nob%]
00:06:28.999 [https-jsse-nio-8443-exec-5] TRACE org.hibernate.orm.jdbc.bind - binding parameter (2:INTEGER) <- [20]
00:06:29.000 [https-jsse-nio-8443-exec-5] TRACE org.hibernate.orm.jdbc.extract - extracted value (1:BIGINT) -> [10]
00:06:29.000 [https-jsse-nio-8443-exec-5] TRACE org.hibernate.orm.jdbc.extract - extracted value (7:VARCHAR) -> [payam]
00:06:29.000 [https-jsse-nio-8443-exec-5] DEBUG org.hibernate.SQL - 
    select
        u1_0.username,
        u1_0.account_non_expired,
        u1_0.account_non_locked,
        u1_0.credentials_expiry_date,
        u1_0.credentials_non_expired,
        u1_0.deleted,
        u1_0.enabled,
        u1_0.password,
        rs1_0.username,
        rs1_1.name,
        rs1_1.deleted,
        ps1_0.role_name,
        ps1_1.id,
        ps1_1.deleted,
        ps1_1.permission 
    from
        user_tbl u1_0 
    left join
        (user_role_tbl rs1_0 
    join
        role_tbl rs1_1 
            on rs1_1.name=rs1_0.role_name) 
        on u1_0.username=rs1_0.username 
        and ( rs1_1.deleted = 0) 
    left join
        (role_permission_tbl ps1_0 
    join
        permission_tbl ps1_1 
            on ps1_1.id=ps1_0.permission) 
        on rs1_1.name=ps1_0.role_name 
        and ( ps1_1.deleted = 0) 
    where
        u1_0.username=? 
        and (
            u1_0.deleted = 0
        )
00:06:29.000 [https-jsse-nio-8443-exec-5] TRACE org.hibernate.orm.jdbc.bind - binding parameter (1:VARCHAR) <- [payam]
00:06:29.002 [https-jsse-nio-8443-exec-5] TRACE org.hibernate.orm.jdbc.extract - extracted value (9:VARCHAR) -> [payam]
00:06:29.002 [https-jsse-nio-8443-exec-5] TRACE org.hibernate.orm.jdbc.extract - extracted value (10:VARCHAR) -> [ROLE_MANAGER]
00:06:29.002 [https-jsse-nio-8443-exec-5] TRACE org.hibernate.orm.jdbc.extract - extracted value (12:VARCHAR) -> [ROLE_MANAGER]
00:06:29.002 [https-jsse-nio-8443-exec-5] TRACE org.hibernate.orm.jdbc.extract - extracted value (13:BIGINT) -> [3]
00:06:29.002 [https-jsse-nio-8443-exec-5] TRACE org.hibernate.orm.jdbc.extract - extracted value (14:BOOLEAN) -> [false]
00:06:29.002 [https-jsse-nio-8443-exec-5] TRACE org.hibernate.orm.jdbc.extract - extracted value (15:VARCHAR) -> [TICKET_EDIT]
00:06:29.002 [https-jsse-nio-8443-exec-5] TRACE org.hibernate.orm.jdbc.extract - extracted value (11:BOOLEAN) -> [false]
00:06:29.002 [https-jsse-nio-8443-exec-5] TRACE org.hibernate.orm.jdbc.extract - extracted value (2:BOOLEAN) -> [true]
00:06:29.002 [https-jsse-nio-8443-exec-5] TRACE org.hibernate.orm.jdbc.extract - extracted value (3:BOOLEAN) -> [true]
00:06:29.002 [https-jsse-nio-8443-exec-5] TRACE org.hibernate.orm.jdbc.extract - extracted value (4:TIMESTAMP) -> [2026-02-15T12:46]
00:06:29.002 [https-jsse-nio-8443-exec-5] TRACE org.hibernate.orm.jdbc.extract - extracted value (5:BOOLEAN) -> [true]
00:06:29.002 [https-jsse-nio-8443-exec-5] TRACE org.hibernate.orm.jdbc.extract - extracted value (6:BOOLEAN) -> [false]
00:06:29.002 [https-jsse-nio-8443-exec-5] TRACE org.hibernate.orm.jdbc.extract - extracted value (7:BOOLEAN) -> [true]
00:06:29.002 [https-jsse-nio-8443-exec-5] TRACE org.hibernate.orm.jdbc.extract - extracted value (8:VARCHAR) -> [$2a$12$lVuQXTkB0crKuwzQLIv7QumZWQZdMFMeR4CnkQoftAsg8CiLwEYB6]
00:06:29.002 [https-jsse-nio-8443-exec-5] TRACE org.hibernate.orm.jdbc.extract - extracted value (2:BOOLEAN) -> [false]
00:06:29.002 [https-jsse-nio-8443-exec-5] TRACE org.hibernate.orm.jdbc.extract - extracted value (3:VARCHAR) -> [payam.parham1982@gmail.com]
00:06:29.002 [https-jsse-nio-8443-exec-5] TRACE org.hibernate.orm.jdbc.extract - extracted value (4:VARCHAR) -> [payam]
00:06:29.002 [https-jsse-nio-8443-exec-5] TRACE org.hibernate.orm.jdbc.extract - extracted value (5:VARCHAR) -> [nobari]
00:06:29.002 [https-jsse-nio-8443-exec-5] TRACE org.hibernate.orm.jdbc.extract - extracted value (6:VARCHAR) -> [09192060383]
00:06:29.002 [https-jsse-nio-8443-exec-5] TRACE org.hibernate.orm.jdbc.extract - extracted value (1:BIGINT) -> [8]
00:06:29.002 [https-jsse-nio-8443-exec-5] TRACE org.hibernate.orm.jdbc.extract - extracted value (7:VARCHAR) -> [shahram]
00:06:29.002 [https-jsse-nio-8443-exec-5] DEBUG org.hibernate.SQL - 
    select
        u1_0.username,
        u1_0.account_non_expired,
        u1_0.account_non_locked,
        u1_0.credentials_expiry_date,
        u1_0.credentials_non_expired,
        u1_0.deleted,
        u1_0.enabled,
        u1_0.password,
        rs1_0.username,
        rs1_1.name,
        rs1_1.deleted,
        ps1_0.role_name,
        ps1_1.id,
        ps1_1.deleted,
        ps1_1.permission 
    from
        user_tbl u1_0 
    left join
        (user_role_tbl rs1_0 
    join
        role_tbl rs1_1 
            on rs1_1.name=rs1_0.role_name) 
        on u1_0.username=rs1_0.username 
        and ( rs1_1.deleted = 0) 
    left join
        (role_permission_tbl ps1_0 
    join
        permission_tbl ps1_1 
            on ps1_1.id=ps1_0.permission) 
        on rs1_1.name=ps1_0.role_name 
        and ( ps1_1.deleted = 0) 
    where
        u1_0.username=? 
        and (
            u1_0.deleted = 0
        )
00:06:29.002 [https-jsse-nio-8443-exec-5] TRACE org.hibernate.orm.jdbc.bind - binding parameter (1:VARCHAR) <- [shahram]
00:06:29.003 [https-jsse-nio-8443-exec-5] TRACE org.hibernate.orm.jdbc.extract - extracted value (9:VARCHAR) -> [shahram]
00:06:29.003 [https-jsse-nio-8443-exec-5] TRACE org.hibernate.orm.jdbc.extract - extracted value (10:VARCHAR) -> [ROLE_CUSTOMER]
00:06:29.003 [https-jsse-nio-8443-exec-5] TRACE org.hibernate.orm.jdbc.extract - extracted value (12:VARCHAR) -> [ROLE_CUSTOMER]
00:06:29.003 [https-jsse-nio-8443-exec-5] TRACE org.hibernate.orm.jdbc.extract - extracted value (13:BIGINT) -> [5]
00:06:29.003 [https-jsse-nio-8443-exec-5] TRACE org.hibernate.orm.jdbc.extract - extracted value (14:BOOLEAN) -> [false]
00:06:29.003 [https-jsse-nio-8443-exec-5] TRACE org.hibernate.orm.jdbc.extract - extracted value (15:VARCHAR) -> [TICKET_CREATE]
00:06:29.003 [https-jsse-nio-8443-exec-5] TRACE org.hibernate.orm.jdbc.extract - extracted value (11:BOOLEAN) -> [false]
00:06:29.003 [https-jsse-nio-8443-exec-5] TRACE org.hibernate.orm.jdbc.extract - extracted value (2:BOOLEAN) -> [true]
00:06:29.003 [https-jsse-nio-8443-exec-5] TRACE org.hibernate.orm.jdbc.extract - extracted value (3:BOOLEAN) -> [true]
00:06:29.003 [https-jsse-nio-8443-exec-5] TRACE org.hibernate.orm.jdbc.extract - extracted value (4:TIMESTAMP) -> [2026-02-15T12:45:40.686761]
00:06:29.003 [https-jsse-nio-8443-exec-5] TRACE org.hibernate.orm.jdbc.extract - extracted value (5:BOOLEAN) -> [true]
00:06:29.003 [https-jsse-nio-8443-exec-5] TRACE org.hibernate.orm.jdbc.extract - extracted value (6:BOOLEAN) -> [false]
00:06:29.003 [https-jsse-nio-8443-exec-5] TRACE org.hibernate.orm.jdbc.extract - extracted value (7:BOOLEAN) -> [true]
00:06:29.003 [https-jsse-nio-8443-exec-5] TRACE org.hibernate.orm.jdbc.extract - extracted value (8:VARCHAR) -> [$2a$12$8ZaJtvAMduRpuGTpAUYu.OD2SUV7w1qrXb9dCSNapl69Gfct.sdG6]
00:06:29.003 [https-jsse-nio-8443-exec-5] TRACE org.hibernate.orm.jdbc.extract - extracted value (2:BOOLEAN) -> [false]
00:06:29.003 [https-jsse-nio-8443-exec-5] TRACE org.hibernate.orm.jdbc.extract - extracted value (3:VARCHAR) -> [shahram@gmail.com]
00:06:29.003 [https-jsse-nio-8443-exec-5] TRACE org.hibernate.orm.jdbc.extract - extracted value (4:VARCHAR) -> [shahram]
00:06:29.003 [https-jsse-nio-8443-exec-5] TRACE org.hibernate.orm.jdbc.extract - extracted value (5:VARCHAR) -> [nobari]
00:06:29.003 [https-jsse-nio-8443-exec-5] TRACE org.hibernate.orm.jdbc.extract - extracted value (6:VARCHAR) -> [09126662658]
00:06:29.003 [https-jsse-nio-8443-exec-5] TRACE org.hibernate.orm.jdbc.extract - extracted value (1:BIGINT) -> [2]
00:06:29.003 [https-jsse-nio-8443-exec-5] TRACE org.hibernate.orm.jdbc.extract - extracted value (7:VARCHAR) -> [shirin]
00:06:29.004 [https-jsse-nio-8443-exec-5] DEBUG org.hibernate.SQL - 
    select
        u1_0.username,
        u1_0.account_non_expired,
        u1_0.account_non_locked,
        u1_0.credentials_expiry_date,
        u1_0.credentials_non_expired,
        u1_0.deleted,
        u1_0.enabled,
        u1_0.password,
        rs1_0.username,
        rs1_1.name,
        rs1_1.deleted,
        ps1_0.role_name,
        ps1_1.id,
        ps1_1.deleted,
        ps1_1.permission 
    from
        user_tbl u1_0 
    left join
        (user_role_tbl rs1_0 
    join
        role_tbl rs1_1 
            on rs1_1.name=rs1_0.role_name) 
        on u1_0.username=rs1_0.username 
        and ( rs1_1.deleted = 0) 
    left join
        (role_permission_tbl ps1_0 
    join
        permission_tbl ps1_1 
            on ps1_1.id=ps1_0.permission) 
        on rs1_1.name=ps1_0.role_name 
        and ( ps1_1.deleted = 0) 
    where
        u1_0.username=? 
        and (
            u1_0.deleted = 0
        )
00:06:29.004 [https-jsse-nio-8443-exec-5] TRACE org.hibernate.orm.jdbc.bind - binding parameter (1:VARCHAR) <- [shirin]
00:06:29.004 [https-jsse-nio-8443-exec-5] TRACE org.hibernate.orm.jdbc.extract - extracted value (9:VARCHAR) -> [shirin]
00:06:29.004 [https-jsse-nio-8443-exec-5] TRACE org.hibernate.orm.jdbc.extract - extracted value (10:VARCHAR) -> [ROLE_CUSTOMER]
00:06:29.004 [https-jsse-nio-8443-exec-5] TRACE org.hibernate.orm.jdbc.extract - extracted value (2:BOOLEAN) -> [true]
00:06:29.004 [https-jsse-nio-8443-exec-5] TRACE org.hibernate.orm.jdbc.extract - extracted value (3:BOOLEAN) -> [true]
00:06:29.004 [https-jsse-nio-8443-exec-5] TRACE org.hibernate.orm.jdbc.extract - extracted value (4:TIMESTAMP) -> [2026-02-15T12:38]
00:06:29.004 [https-jsse-nio-8443-exec-5] TRACE org.hibernate.orm.jdbc.extract - extracted value (5:BOOLEAN) -> [true]
00:06:29.004 [https-jsse-nio-8443-exec-5] TRACE org.hibernate.orm.jdbc.extract - extracted value (6:BOOLEAN) -> [false]
00:06:29.004 [https-jsse-nio-8443-exec-5] TRACE org.hibernate.orm.jdbc.extract - extracted value (7:BOOLEAN) -> [true]
00:06:29.004 [https-jsse-nio-8443-exec-5] TRACE org.hibernate.orm.jdbc.extract - extracted value (8:VARCHAR) -> [$2a$12$ycbWX6LGjFbEOG63G80LVeFa7BWTps7/MAiv7fsxhgfM7o4zJu7lC]
00:06:29.005 [https-jsse-nio-8443-exec-5] TRACE org.hibernate.orm.jdbc.extract - extracted value (2:BOOLEAN) -> [false]
00:06:29.005 [https-jsse-nio-8443-exec-5] TRACE org.hibernate.orm.jdbc.extract - extracted value (3:VARCHAR) -> [shirin@yahoo.com]
00:06:29.005 [https-jsse-nio-8443-exec-5] TRACE org.hibernate.orm.jdbc.extract - extracted value (4:VARCHAR) -> [shirin]
00:06:29.005 [https-jsse-nio-8443-exec-5] TRACE org.hibernate.orm.jdbc.extract - extracted value (5:VARCHAR) -> [nobari]
00:06:29.005 [https-jsse-nio-8443-exec-5] TRACE org.hibernate.orm.jdbc.extract - extracted value (6:VARCHAR) -> [09122688340]
00:06:29.005 [https-jsse-nio-8443-exec-5] INFO  i.c.exception.ResponseAspect - Web Controller: profilesList
00:06:33.335 [https-jsse-nio-8443-exec-1] DEBUG o.s.security.web.FilterChainProxy - Securing GET /profiles?page=0&size=20&sortBy=firstName&fragment=true
00:06:33.335 [https-jsse-nio-8443-exec-1] DEBUG o.s.s.w.a.c.ChannelProcessingFilter - Request: filter invocation [GET /profiles?page=0&size=20&sortBy=firstName&fragment=true]; ConfigAttributes: [REQUIRES_SECURE_CHANNEL]
00:06:33.336 [https-jsse-nio-8443-exec-1] DEBUG o.s.s.w.c.HttpSessionSecurityContextRepository - Retrieved SecurityContextImpl [Authentication=UsernamePasswordAuthenticationToken [Principal=ir.model.entity.CustomUserDetails@7420bd47, Credentials=[PROTECTED], Authenticated=true, Details=WebAuthenticationDetails [RemoteIpAddress=0:0:0:0:0:0:0:1, SessionId=54B9903800BC0AD598F338FAFFE368E1], Granted Authorities=[TICKET_EDIT, ROLE_ADMIN, TICKET_CREATE, TICKET_DELETE]]]
00:06:33.336 [https-jsse-nio-8443-exec-1] DEBUG o.s.security.web.FilterChainProxy - Secured GET /profiles?page=0&size=20&sortBy=firstName&fragment=true
00:06:33.338 [https-jsse-nio-8443-exec-1] DEBUG o.s.jdbc.datasource.DataSourceUtils - Setting JDBC Connection [HikariProxyConnection@2021504350 wrapping oracle.jdbc.driver.T4CConnection@578779b1] read-only
00:06:33.338 [https-jsse-nio-8443-exec-1] DEBUG o.h.e.t.internal.TransactionImpl - On TransactionImpl creation, JpaCompliance#isJpaTransactionComplianceEnabled == false
00:06:33.338 [https-jsse-nio-8443-exec-1] DEBUG o.h.e.t.internal.TransactionImpl - begin
00:06:33.338 [https-jsse-nio-8443-exec-1] DEBUG org.hibernate.SQL - 
    /* <criteria> */ select
        p1_0.id,
        p1_0.deleted,
        p1_0.email,
        p1_0.first_name,
        p1_0.last_name,
        p1_0.phone,
        p1_0.username 
    from
        profile_tbl p1_0 
    where
        (
            p1_0.deleted = 0
        ) 
    order by
        p1_0.first_name 
    offset
        ? rows 
    fetch
        first ? rows only
00:06:33.338 [https-jsse-nio-8443-exec-1] TRACE org.hibernate.orm.jdbc.bind - binding parameter (1:INTEGER) <- [0]
00:06:33.338 [https-jsse-nio-8443-exec-1] TRACE org.hibernate.orm.jdbc.bind - binding parameter (2:INTEGER) <- [20]
00:06:33.339 [https-jsse-nio-8443-exec-1] TRACE org.hibernate.orm.jdbc.extract - extracted value (1:BIGINT) -> [3]
00:06:33.339 [https-jsse-nio-8443-exec-1] TRACE org.hibernate.orm.jdbc.extract - extracted value (7:VARCHAR) -> [amir]
00:06:33.339 [https-jsse-nio-8443-exec-1] DEBUG org.hibernate.SQL - 
    select
        u1_0.username,
        u1_0.account_non_expired,
        u1_0.account_non_locked,
        u1_0.credentials_expiry_date,
        u1_0.credentials_non_expired,
        u1_0.deleted,
        u1_0.enabled,
        u1_0.password,
        rs1_0.username,
        rs1_1.name,
        rs1_1.deleted,
        ps1_0.role_name,
        ps1_1.id,
        ps1_1.deleted,
        ps1_1.permission 
    from
        user_tbl u1_0 
    left join
        (user_role_tbl rs1_0 
    join
        role_tbl rs1_1 
            on rs1_1.name=rs1_0.role_name) 
        on u1_0.username=rs1_0.username 
        and ( rs1_1.deleted = 0) 
    left join
        (role_permission_tbl ps1_0 
    join
        permission_tbl ps1_1 
            on ps1_1.id=ps1_0.permission) 
        on rs1_1.name=ps1_0.role_name 
        and ( ps1_1.deleted = 0) 
    where
        u1_0.username=? 
        and (
            u1_0.deleted = 0
        )
00:06:33.340 [https-jsse-nio-8443-exec-1] TRACE org.hibernate.orm.jdbc.bind - binding parameter (1:VARCHAR) <- [amir]
00:06:33.340 [https-jsse-nio-8443-exec-1] TRACE org.hibernate.orm.jdbc.extract - extracted value (9:VARCHAR) -> [amir]
00:06:33.340 [https-jsse-nio-8443-exec-1] TRACE org.hibernate.orm.jdbc.extract - extracted value (10:VARCHAR) -> [ROLE_CUSTOMER]
00:06:33.340 [https-jsse-nio-8443-exec-1] TRACE org.hibernate.orm.jdbc.extract - extracted value (12:VARCHAR) -> [ROLE_CUSTOMER]
00:06:33.340 [https-jsse-nio-8443-exec-1] TRACE org.hibernate.orm.jdbc.extract - extracted value (13:BIGINT) -> [5]
00:06:33.340 [https-jsse-nio-8443-exec-1] TRACE org.hibernate.orm.jdbc.extract - extracted value (14:BOOLEAN) -> [false]
00:06:33.340 [https-jsse-nio-8443-exec-1] TRACE org.hibernate.orm.jdbc.extract - extracted value (15:VARCHAR) -> [TICKET_CREATE]
00:06:33.340 [https-jsse-nio-8443-exec-1] TRACE org.hibernate.orm.jdbc.extract - extracted value (11:BOOLEAN) -> [false]
00:06:33.340 [https-jsse-nio-8443-exec-1] TRACE org.hibernate.orm.jdbc.extract - extracted value (2:BOOLEAN) -> [true]
00:06:33.340 [https-jsse-nio-8443-exec-1] TRACE org.hibernate.orm.jdbc.extract - extracted value (3:BOOLEAN) -> [true]
00:06:33.340 [https-jsse-nio-8443-exec-1] TRACE org.hibernate.orm.jdbc.extract - extracted value (4:TIMESTAMP) -> [2026-02-15T12:40:35.187484]
00:06:33.340 [https-jsse-nio-8443-exec-1] TRACE org.hibernate.orm.jdbc.extract - extracted value (5:BOOLEAN) -> [true]
00:06:33.340 [https-jsse-nio-8443-exec-1] TRACE org.hibernate.orm.jdbc.extract - extracted value (6:BOOLEAN) -> [false]
00:06:33.340 [https-jsse-nio-8443-exec-1] TRACE org.hibernate.orm.jdbc.extract - extracted value (7:BOOLEAN) -> [true]
00:06:33.340 [https-jsse-nio-8443-exec-1] TRACE org.hibernate.orm.jdbc.extract - extracted value (8:VARCHAR) -> [$2a$12$ddwJ0N0uryty40ZjXUABZeK580.kaoEdkMnql79U3k5bq9Bx818Ay]
00:06:33.340 [https-jsse-nio-8443-exec-1] TRACE org.hibernate.orm.jdbc.extract - extracted value (10:VARCHAR) -> [ROLE_MANAGER]
00:06:33.341 [https-jsse-nio-8443-exec-1] TRACE org.hibernate.orm.jdbc.extract - extracted value (12:VARCHAR) -> [ROLE_MANAGER]
00:06:33.341 [https-jsse-nio-8443-exec-1] TRACE org.hibernate.orm.jdbc.extract - extracted value (13:BIGINT) -> [3]
00:06:33.341 [https-jsse-nio-8443-exec-1] TRACE org.hibernate.orm.jdbc.extract - extracted value (14:BOOLEAN) -> [false]
00:06:33.341 [https-jsse-nio-8443-exec-1] TRACE org.hibernate.orm.jdbc.extract - extracted value (15:VARCHAR) -> [TICKET_EDIT]
00:06:33.341 [https-jsse-nio-8443-exec-1] TRACE org.hibernate.orm.jdbc.extract - extracted value (11:BOOLEAN) -> [false]
00:06:33.341 [https-jsse-nio-8443-exec-1] TRACE org.hibernate.orm.jdbc.extract - extracted value (2:BOOLEAN) -> [false]
00:06:33.341 [https-jsse-nio-8443-exec-1] TRACE org.hibernate.orm.jdbc.extract - extracted value (3:VARCHAR) -> [amir@yahoo.com]
00:06:33.341 [https-jsse-nio-8443-exec-1] TRACE org.hibernate.orm.jdbc.extract - extracted value (4:VARCHAR) -> [amir]
00:06:33.341 [https-jsse-nio-8443-exec-1] TRACE org.hibernate.orm.jdbc.extract - extracted value (5:VARCHAR) -> [najafi]
00:06:33.341 [https-jsse-nio-8443-exec-1] TRACE org.hibernate.orm.jdbc.extract - extracted value (6:VARCHAR) -> [09122233475]
00:06:33.341 [https-jsse-nio-8443-exec-1] TRACE org.hibernate.orm.jdbc.extract - extracted value (1:BIGINT) -> [4]
00:06:33.341 [https-jsse-nio-8443-exec-1] TRACE org.hibernate.orm.jdbc.extract - extracted value (7:VARCHAR) -> [artin]
00:06:33.341 [https-jsse-nio-8443-exec-1] DEBUG org.hibernate.SQL - 
    select
        u1_0.username,
        u1_0.account_non_expired,
        u1_0.account_non_locked,
        u1_0.credentials_expiry_date,
        u1_0.credentials_non_expired,
        u1_0.deleted,
        u1_0.enabled,
        u1_0.password,
        rs1_0.username,
        rs1_1.name,
        rs1_1.deleted,
        ps1_0.role_name,
        ps1_1.id,
        ps1_1.deleted,
        ps1_1.permission 
    from
        user_tbl u1_0 
    left join
        (user_role_tbl rs1_0 
    join
        role_tbl rs1_1 
            on rs1_1.name=rs1_0.role_name) 
        on u1_0.username=rs1_0.username 
        and ( rs1_1.deleted = 0) 
    left join
        (role_permission_tbl ps1_0 
    join
        permission_tbl ps1_1 
            on ps1_1.id=ps1_0.permission) 
        on rs1_1.name=ps1_0.role_name 
        and ( ps1_1.deleted = 0) 
    where
        u1_0.username=? 
        and (
            u1_0.deleted = 0
        )
00:06:33.341 [https-jsse-nio-8443-exec-1] TRACE org.hibernate.orm.jdbc.bind - binding parameter (1:VARCHAR) <- [artin]
00:06:33.342 [https-jsse-nio-8443-exec-1] TRACE org.hibernate.orm.jdbc.extract - extracted value (9:VARCHAR) -> [artin]
00:06:33.342 [https-jsse-nio-8443-exec-1] TRACE org.hibernate.orm.jdbc.extract - extracted value (10:VARCHAR) -> [ROLE_CUSTOMER]
00:06:33.342 [https-jsse-nio-8443-exec-1] TRACE org.hibernate.orm.jdbc.extract - extracted value (2:BOOLEAN) -> [true]
00:06:33.342 [https-jsse-nio-8443-exec-1] TRACE org.hibernate.orm.jdbc.extract - extracted value (3:BOOLEAN) -> [true]
00:06:33.342 [https-jsse-nio-8443-exec-1] TRACE org.hibernate.orm.jdbc.extract - extracted value (4:TIMESTAMP) -> [2026-02-15T12:41]
00:06:33.342 [https-jsse-nio-8443-exec-1] TRACE org.hibernate.orm.jdbc.extract - extracted value (5:BOOLEAN) -> [true]
00:06:33.342 [https-jsse-nio-8443-exec-1] TRACE org.hibernate.orm.jdbc.extract - extracted value (6:BOOLEAN) -> [false]
00:06:33.342 [https-jsse-nio-8443-exec-1] TRACE org.hibernate.orm.jdbc.extract - extracted value (7:BOOLEAN) -> [true]
00:06:33.342 [https-jsse-nio-8443-exec-1] TRACE org.hibernate.orm.jdbc.extract - extracted value (8:VARCHAR) -> [$2a$12$LQ/9Uj10CUQqYQSeLTXUEugUzI7FXTZnvnYR6fTSOkdmnpp1mfGMS]
00:06:33.342 [https-jsse-nio-8443-exec-1] TRACE org.hibernate.orm.jdbc.extract - extracted value (2:BOOLEAN) -> [false]
00:06:33.342 [https-jsse-nio-8443-exec-1] TRACE org.hibernate.orm.jdbc.extract - extracted value (3:VARCHAR) -> [artin@yahoo.com]
00:06:33.342 [https-jsse-nio-8443-exec-1] TRACE org.hibernate.orm.jdbc.extract - extracted value (4:VARCHAR) -> [artin]
00:06:33.342 [https-jsse-nio-8443-exec-1] TRACE org.hibernate.orm.jdbc.extract - extracted value (5:VARCHAR) -> [arbabi]
00:06:33.342 [https-jsse-nio-8443-exec-1] TRACE org.hibernate.orm.jdbc.extract - extracted value (6:VARCHAR) -> [09121115544]
00:06:33.342 [https-jsse-nio-8443-exec-1] TRACE org.hibernate.orm.jdbc.extract - extracted value (1:BIGINT) -> [6]
00:06:33.342 [https-jsse-nio-8443-exec-1] TRACE org.hibernate.orm.jdbc.extract - extracted value (7:VARCHAR) -> [babak]
00:06:33.342 [https-jsse-nio-8443-exec-1] DEBUG org.hibernate.SQL - 
    select
        u1_0.username,
        u1_0.account_non_expired,
        u1_0.account_non_locked,
        u1_0.credentials_expiry_date,
        u1_0.credentials_non_expired,
        u1_0.deleted,
        u1_0.enabled,
        u1_0.password,
        rs1_0.username,
        rs1_1.name,
        rs1_1.deleted,
        ps1_0.role_name,
        ps1_1.id,
        ps1_1.deleted,
        ps1_1.permission 
    from
        user_tbl u1_0 
    left join
        (user_role_tbl rs1_0 
    join
        role_tbl rs1_1 
            on rs1_1.name=rs1_0.role_name) 
        on u1_0.username=rs1_0.username 
        and ( rs1_1.deleted = 0) 
    left join
        (role_permission_tbl ps1_0 
    join
        permission_tbl ps1_1 
            on ps1_1.id=ps1_0.permission) 
        on rs1_1.name=ps1_0.role_name 
        and ( ps1_1.deleted = 0) 
    where
        u1_0.username=? 
        and (
            u1_0.deleted = 0
        )
00:06:33.342 [https-jsse-nio-8443-exec-1] TRACE org.hibernate.orm.jdbc.bind - binding parameter (1:VARCHAR) <- [babak]
00:06:33.343 [https-jsse-nio-8443-exec-1] TRACE org.hibernate.orm.jdbc.extract - extracted value (9:VARCHAR) -> [babak]
00:06:33.343 [https-jsse-nio-8443-exec-1] TRACE org.hibernate.orm.jdbc.extract - extracted value (10:VARCHAR) -> [ROLE_ADMIN]
00:06:33.343 [https-jsse-nio-8443-exec-1] TRACE org.hibernate.orm.jdbc.extract - extracted value (12:VARCHAR) -> [ROLE_ADMIN]
00:06:33.343 [https-jsse-nio-8443-exec-1] TRACE org.hibernate.orm.jdbc.extract - extracted value (13:BIGINT) -> [3]
00:06:33.343 [https-jsse-nio-8443-exec-1] TRACE org.hibernate.orm.jdbc.extract - extracted value (11:BOOLEAN) -> [false]
00:06:33.343 [https-jsse-nio-8443-exec-1] TRACE org.hibernate.orm.jdbc.extract - extracted value (2:BOOLEAN) -> [true]
00:06:33.343 [https-jsse-nio-8443-exec-1] TRACE org.hibernate.orm.jdbc.extract - extracted value (3:BOOLEAN) -> [true]
00:06:33.343 [https-jsse-nio-8443-exec-1] TRACE org.hibernate.orm.jdbc.extract - extracted value (4:TIMESTAMP) -> [2026-10-10T10:10]
00:06:33.343 [https-jsse-nio-8443-exec-1] TRACE org.hibernate.orm.jdbc.extract - extracted value (5:BOOLEAN) -> [true]
00:06:33.343 [https-jsse-nio-8443-exec-1] TRACE org.hibernate.orm.jdbc.extract - extracted value (6:BOOLEAN) -> [false]
00:06:33.343 [https-jsse-nio-8443-exec-1] TRACE org.hibernate.orm.jdbc.extract - extracted value (7:BOOLEAN) -> [true]
00:06:33.343 [https-jsse-nio-8443-exec-1] TRACE org.hibernate.orm.jdbc.extract - extracted value (8:VARCHAR) -> [$2a$12$cO3JWgyImLr/sWH2aE5qkuAGdDL2z1uXMmoIVtV/YktFDYxYySveW]
00:06:33.343 [https-jsse-nio-8443-exec-1] TRACE org.hibernate.orm.jdbc.extract - extracted value (10:VARCHAR) -> [ROLE_ADMIN]
00:06:33.343 [https-jsse-nio-8443-exec-1] TRACE org.hibernate.orm.jdbc.extract - extracted value (13:BIGINT) -> [4]
00:06:33.343 [https-jsse-nio-8443-exec-1] TRACE org.hibernate.orm.jdbc.extract - extracted value (14:BOOLEAN) -> [false]
00:06:33.343 [https-jsse-nio-8443-exec-1] TRACE org.hibernate.orm.jdbc.extract - extracted value (15:VARCHAR) -> [TICKET_DELETE]
00:06:33.343 [https-jsse-nio-8443-exec-1] TRACE org.hibernate.orm.jdbc.extract - extracted value (10:VARCHAR) -> [ROLE_ADMIN]
00:06:33.343 [https-jsse-nio-8443-exec-1] TRACE org.hibernate.orm.jdbc.extract - extracted value (13:BIGINT) -> [5]
00:06:33.343 [https-jsse-nio-8443-exec-1] TRACE org.hibernate.orm.jdbc.extract - extracted value (10:VARCHAR) -> [ROLE_CUSTOMER]
00:06:33.343 [https-jsse-nio-8443-exec-1] TRACE org.hibernate.orm.jdbc.extract - extracted value (2:BOOLEAN) -> [false]
00:06:33.343 [https-jsse-nio-8443-exec-1] TRACE org.hibernate.orm.jdbc.extract - extracted value (3:VARCHAR) -> [babak@gmail.com]
00:06:33.343 [https-jsse-nio-8443-exec-1] TRACE org.hibernate.orm.jdbc.extract - extracted value (4:VARCHAR) -> [babak]
00:06:33.343 [https-jsse-nio-8443-exec-1] TRACE org.hibernate.orm.jdbc.extract - extracted value (5:VARCHAR) -> [matin]
00:06:33.343 [https-jsse-nio-8443-exec-1] TRACE org.hibernate.orm.jdbc.extract - extracted value (6:VARCHAR) -> [09126963321]
00:06:33.343 [https-jsse-nio-8443-exec-1] TRACE org.hibernate.orm.jdbc.extract - extracted value (1:BIGINT) -> [7]
00:06:33.343 [https-jsse-nio-8443-exec-1] TRACE org.hibernate.orm.jdbc.extract - extracted value (7:VARCHAR) -> [hasan]
00:06:33.343 [https-jsse-nio-8443-exec-1] DEBUG org.hibernate.SQL - 
    select
        u1_0.username,
        u1_0.account_non_expired,
        u1_0.account_non_locked,
        u1_0.credentials_expiry_date,
        u1_0.credentials_non_expired,
        u1_0.deleted,
        u1_0.enabled,
        u1_0.password,
        rs1_0.username,
        rs1_1.name,
        rs1_1.deleted,
        ps1_0.role_name,
        ps1_1.id,
        ps1_1.deleted,
        ps1_1.permission 
    from
        user_tbl u1_0 
    left join
        (user_role_tbl rs1_0 
    join
        role_tbl rs1_1 
            on rs1_1.name=rs1_0.role_name) 
        on u1_0.username=rs1_0.username 
        and ( rs1_1.deleted = 0) 
    left join
        (role_permission_tbl ps1_0 
    join
        permission_tbl ps1_1 
            on ps1_1.id=ps1_0.permission) 
        on rs1_1.name=ps1_0.role_name 
        and ( ps1_1.deleted = 0) 
    where
        u1_0.username=? 
        and (
            u1_0.deleted = 0
        )
00:06:33.344 [https-jsse-nio-8443-exec-1] TRACE org.hibernate.orm.jdbc.bind - binding parameter (1:VARCHAR) <- [hasan]
00:06:33.344 [https-jsse-nio-8443-exec-1] TRACE org.hibernate.orm.jdbc.extract - extracted value (9:VARCHAR) -> [hasan]
00:06:33.344 [https-jsse-nio-8443-exec-1] TRACE org.hibernate.orm.jdbc.extract - extracted value (10:VARCHAR) -> [ROLE_CUSTOMER]
00:06:33.345 [https-jsse-nio-8443-exec-1] TRACE org.hibernate.orm.jdbc.extract - extracted value (2:BOOLEAN) -> [true]
00:06:33.345 [https-jsse-nio-8443-exec-1] TRACE org.hibernate.orm.jdbc.extract - extracted value (3:BOOLEAN) -> [true]
00:06:33.345 [https-jsse-nio-8443-exec-1] TRACE org.hibernate.orm.jdbc.extract - extracted value (4:TIMESTAMP) -> [2026-02-15T12:45:01.756360]
00:06:33.345 [https-jsse-nio-8443-exec-1] TRACE org.hibernate.orm.jdbc.extract - extracted value (5:BOOLEAN) -> [true]
00:06:33.345 [https-jsse-nio-8443-exec-1] TRACE org.hibernate.orm.jdbc.extract - extracted value (6:BOOLEAN) -> [false]
00:06:33.345 [https-jsse-nio-8443-exec-1] TRACE org.hibernate.orm.jdbc.extract - extracted value (7:BOOLEAN) -> [true]
00:06:33.345 [https-jsse-nio-8443-exec-1] TRACE org.hibernate.orm.jdbc.extract - extracted value (8:VARCHAR) -> [$2a$12$3WCBMaICU536v5jmRfKPMOgonELheopHrOGtLeWb3Cdt4OdBpub2.]
00:06:33.345 [https-jsse-nio-8443-exec-1] TRACE org.hibernate.orm.jdbc.extract - extracted value (2:BOOLEAN) -> [false]
00:06:33.345 [https-jsse-nio-8443-exec-1] TRACE org.hibernate.orm.jdbc.extract - extracted value (3:VARCHAR) -> [hasan@gmail.com]
00:06:33.345 [https-jsse-nio-8443-exec-1] TRACE org.hibernate.orm.jdbc.extract - extracted value (4:VARCHAR) -> [hasan]
00:06:33.345 [https-jsse-nio-8443-exec-1] TRACE org.hibernate.orm.jdbc.extract - extracted value (5:VARCHAR) -> [mansouri]
00:06:33.345 [https-jsse-nio-8443-exec-1] TRACE org.hibernate.orm.jdbc.extract - extracted value (6:VARCHAR) -> [09150145874]
00:06:33.345 [https-jsse-nio-8443-exec-1] TRACE org.hibernate.orm.jdbc.extract - extracted value (1:BIGINT) -> [9]
00:06:33.345 [https-jsse-nio-8443-exec-1] TRACE org.hibernate.orm.jdbc.extract - extracted value (7:VARCHAR) -> [hossein]
00:06:33.346 [https-jsse-nio-8443-exec-1] DEBUG org.hibernate.SQL - 
    select
        u1_0.username,
        u1_0.account_non_expired,
        u1_0.account_non_locked,
        u1_0.credentials_expiry_date,
        u1_0.credentials_non_expired,
        u1_0.deleted,
        u1_0.enabled,
        u1_0.password,
        rs1_0.username,
        rs1_1.name,
        rs1_1.deleted,
        ps1_0.role_name,
        ps1_1.id,
        ps1_1.deleted,
        ps1_1.permission 
    from
        user_tbl u1_0 
    left join
        (user_role_tbl rs1_0 
    join
        role_tbl rs1_1 
            on rs1_1.name=rs1_0.role_name) 
        on u1_0.username=rs1_0.username 
        and ( rs1_1.deleted = 0) 
    left join
        (role_permission_tbl ps1_0 
    join
        permission_tbl ps1_1 
            on ps1_1.id=ps1_0.permission) 
        on rs1_1.name=ps1_0.role_name 
        and ( ps1_1.deleted = 0) 
    where
        u1_0.username=? 
        and (
            u1_0.deleted = 0
        )
00:06:33.346 [https-jsse-nio-8443-exec-1] TRACE org.hibernate.orm.jdbc.bind - binding parameter (1:VARCHAR) <- [hossein]
00:06:33.347 [https-jsse-nio-8443-exec-1] TRACE org.hibernate.orm.jdbc.extract - extracted value (9:VARCHAR) -> [hossein]
00:06:33.347 [https-jsse-nio-8443-exec-1] TRACE org.hibernate.orm.jdbc.extract - extracted value (10:VARCHAR) -> [ROLE_CUSTOMER]
00:06:33.347 [https-jsse-nio-8443-exec-1] TRACE org.hibernate.orm.jdbc.extract - extracted value (2:BOOLEAN) -> [true]
00:06:33.347 [https-jsse-nio-8443-exec-1] TRACE org.hibernate.orm.jdbc.extract - extracted value (3:BOOLEAN) -> [true]
00:06:33.347 [https-jsse-nio-8443-exec-1] TRACE org.hibernate.orm.jdbc.extract - extracted value (4:TIMESTAMP) -> [2026-02-15T12:46:24.291810]
00:06:33.347 [https-jsse-nio-8443-exec-1] TRACE org.hibernate.orm.jdbc.extract - extracted value (5:BOOLEAN) -> [true]
00:06:33.347 [https-jsse-nio-8443-exec-1] TRACE org.hibernate.orm.jdbc.extract - extracted value (6:BOOLEAN) -> [false]
00:06:33.347 [https-jsse-nio-8443-exec-1] TRACE org.hibernate.orm.jdbc.extract - extracted value (7:BOOLEAN) -> [true]
00:06:33.347 [https-jsse-nio-8443-exec-1] TRACE org.hibernate.orm.jdbc.extract - extracted value (8:VARCHAR) -> [$2a$12$LBFeYz5E.F.yrsZN/2u5S.UNEMf5ck.IhxlnsHw/q33MgngZJvDmi]
00:06:33.347 [https-jsse-nio-8443-exec-1] TRACE org.hibernate.orm.jdbc.extract - extracted value (2:BOOLEAN) -> [false]
00:06:33.347 [https-jsse-nio-8443-exec-1] TRACE org.hibernate.orm.jdbc.extract - extracted value (3:VARCHAR) -> [hossein@gmail.com]
00:06:33.347 [https-jsse-nio-8443-exec-1] TRACE org.hibernate.orm.jdbc.extract - extracted value (4:VARCHAR) -> [hossein]
00:06:33.347 [https-jsse-nio-8443-exec-1] TRACE org.hibernate.orm.jdbc.extract - extracted value (5:VARCHAR) -> [samavat]
00:06:33.347 [https-jsse-nio-8443-exec-1] TRACE org.hibernate.orm.jdbc.extract - extracted value (6:VARCHAR) -> [09132584455]
00:06:33.347 [https-jsse-nio-8443-exec-1] TRACE org.hibernate.orm.jdbc.extract - extracted value (1:BIGINT) -> [5]
00:06:33.347 [https-jsse-nio-8443-exec-1] TRACE org.hibernate.orm.jdbc.extract - extracted value (7:VARCHAR) -> [maryam]
00:06:33.347 [https-jsse-nio-8443-exec-1] DEBUG org.hibernate.SQL - 
    select
        u1_0.username,
        u1_0.account_non_expired,
        u1_0.account_non_locked,
        u1_0.credentials_expiry_date,
        u1_0.credentials_non_expired,
        u1_0.deleted,
        u1_0.enabled,
        u1_0.password,
        rs1_0.username,
        rs1_1.name,
        rs1_1.deleted,
        ps1_0.role_name,
        ps1_1.id,
        ps1_1.deleted,
        ps1_1.permission 
    from
        user_tbl u1_0 
    left join
        (user_role_tbl rs1_0 
    join
        role_tbl rs1_1 
            on rs1_1.name=rs1_0.role_name) 
        on u1_0.username=rs1_0.username 
        and ( rs1_1.deleted = 0) 
    left join
        (role_permission_tbl ps1_0 
    join
        permission_tbl ps1_1 
            on ps1_1.id=ps1_0.permission) 
        on rs1_1.name=ps1_0.role_name 
        and ( ps1_1.deleted = 0) 
    where
        u1_0.username=? 
        and (
            u1_0.deleted = 0
        )
00:06:33.348 [https-jsse-nio-8443-exec-1] TRACE org.hibernate.orm.jdbc.bind - binding parameter (1:VARCHAR) <- [maryam]
00:06:33.348 [https-jsse-nio-8443-exec-1] TRACE org.hibernate.orm.jdbc.extract - extracted value (9:VARCHAR) -> [maryam]
00:06:33.348 [https-jsse-nio-8443-exec-1] TRACE org.hibernate.orm.jdbc.extract - extracted value (10:VARCHAR) -> [ROLE_CUSTOMER]
00:06:33.348 [https-jsse-nio-8443-exec-1] TRACE org.hibernate.orm.jdbc.extract - extracted value (2:BOOLEAN) -> [true]
00:06:33.348 [https-jsse-nio-8443-exec-1] TRACE org.hibernate.orm.jdbc.extract - extracted value (3:BOOLEAN) -> [true]
00:06:33.348 [https-jsse-nio-8443-exec-1] TRACE org.hibernate.orm.jdbc.extract - extracted value (4:TIMESTAMP) -> [2026-02-15T12:42:00.427897]
00:06:33.348 [https-jsse-nio-8443-exec-1] TRACE org.hibernate.orm.jdbc.extract - extracted value (5:BOOLEAN) -> [true]
00:06:33.348 [https-jsse-nio-8443-exec-1] TRACE org.hibernate.orm.jdbc.extract - extracted value (6:BOOLEAN) -> [false]
00:06:33.348 [https-jsse-nio-8443-exec-1] TRACE org.hibernate.orm.jdbc.extract - extracted value (7:BOOLEAN) -> [true]
00:06:33.348 [https-jsse-nio-8443-exec-1] TRACE org.hibernate.orm.jdbc.extract - extracted value (8:VARCHAR) -> [$2a$12$eoe/uFtZFJmgK5HF97QwqOgjCKRrInHByKOZSmn7blhTgdle5I24O]
00:06:33.348 [https-jsse-nio-8443-exec-1] TRACE org.hibernate.orm.jdbc.extract - extracted value (2:BOOLEAN) -> [false]
00:06:33.348 [https-jsse-nio-8443-exec-1] TRACE org.hibernate.orm.jdbc.extract - extracted value (3:VARCHAR) -> [maryam@gmail.com]
00:06:33.348 [https-jsse-nio-8443-exec-1] TRACE org.hibernate.orm.jdbc.extract - extracted value (4:VARCHAR) -> [maryam]
00:06:33.348 [https-jsse-nio-8443-exec-1] TRACE org.hibernate.orm.jdbc.extract - extracted value (5:VARCHAR) -> [sekandari]
00:06:33.348 [https-jsse-nio-8443-exec-1] TRACE org.hibernate.orm.jdbc.extract - extracted value (6:VARCHAR) -> [09126662654]
00:06:33.349 [https-jsse-nio-8443-exec-1] TRACE org.hibernate.orm.jdbc.extract - extracted value (1:BIGINT) -> [10]
00:06:33.349 [https-jsse-nio-8443-exec-1] TRACE org.hibernate.orm.jdbc.extract - extracted value (7:VARCHAR) -> [payam]
00:06:33.349 [https-jsse-nio-8443-exec-1] DEBUG org.hibernate.SQL - 
    select
        u1_0.username,
        u1_0.account_non_expired,
        u1_0.account_non_locked,
        u1_0.credentials_expiry_date,
        u1_0.credentials_non_expired,
        u1_0.deleted,
        u1_0.enabled,
        u1_0.password,
        rs1_0.username,
        rs1_1.name,
        rs1_1.deleted,
        ps1_0.role_name,
        ps1_1.id,
        ps1_1.deleted,
        ps1_1.permission 
    from
        user_tbl u1_0 
    left join
        (user_role_tbl rs1_0 
    join
        role_tbl rs1_1 
            on rs1_1.name=rs1_0.role_name) 
        on u1_0.username=rs1_0.username 
        and ( rs1_1.deleted = 0) 
    left join
        (role_permission_tbl ps1_0 
    join
        permission_tbl ps1_1 
            on ps1_1.id=ps1_0.permission) 
        on rs1_1.name=ps1_0.role_name 
        and ( ps1_1.deleted = 0) 
    where
        u1_0.username=? 
        and (
            u1_0.deleted = 0
        )
00:06:33.349 [https-jsse-nio-8443-exec-1] TRACE org.hibernate.orm.jdbc.bind - binding parameter (1:VARCHAR) <- [payam]
00:06:33.349 [https-jsse-nio-8443-exec-1] TRACE org.hibernate.orm.jdbc.extract - extracted value (9:VARCHAR) -> [payam]
00:06:33.349 [https-jsse-nio-8443-exec-1] TRACE org.hibernate.orm.jdbc.extract - extracted value (10:VARCHAR) -> [ROLE_MANAGER]
00:06:33.349 [https-jsse-nio-8443-exec-1] TRACE org.hibernate.orm.jdbc.extract - extracted value (2:BOOLEAN) -> [true]
00:06:33.349 [https-jsse-nio-8443-exec-1] TRACE org.hibernate.orm.jdbc.extract - extracted value (3:BOOLEAN) -> [true]
00:06:33.349 [https-jsse-nio-8443-exec-1] TRACE org.hibernate.orm.jdbc.extract - extracted value (4:TIMESTAMP) -> [2026-02-15T12:46]
00:06:33.350 [https-jsse-nio-8443-exec-1] TRACE org.hibernate.orm.jdbc.extract - extracted value (5:BOOLEAN) -> [true]
00:06:33.350 [https-jsse-nio-8443-exec-1] TRACE org.hibernate.orm.jdbc.extract - extracted value (6:BOOLEAN) -> [false]
00:06:33.350 [https-jsse-nio-8443-exec-1] TRACE org.hibernate.orm.jdbc.extract - extracted value (7:BOOLEAN) -> [true]
00:06:33.350 [https-jsse-nio-8443-exec-1] TRACE org.hibernate.orm.jdbc.extract - extracted value (8:VARCHAR) -> [$2a$12$lVuQXTkB0crKuwzQLIv7QumZWQZdMFMeR4CnkQoftAsg8CiLwEYB6]
00:06:33.350 [https-jsse-nio-8443-exec-1] TRACE org.hibernate.orm.jdbc.extract - extracted value (2:BOOLEAN) -> [false]
00:06:33.350 [https-jsse-nio-8443-exec-1] TRACE org.hibernate.orm.jdbc.extract - extracted value (3:VARCHAR) -> [payam.parham1982@gmail.com]
00:06:33.350 [https-jsse-nio-8443-exec-1] TRACE org.hibernate.orm.jdbc.extract - extracted value (4:VARCHAR) -> [payam]
00:06:33.350 [https-jsse-nio-8443-exec-1] TRACE org.hibernate.orm.jdbc.extract - extracted value (5:VARCHAR) -> [nobari]
00:06:33.350 [https-jsse-nio-8443-exec-1] TRACE org.hibernate.orm.jdbc.extract - extracted value (6:VARCHAR) -> [09192060383]
00:06:33.350 [https-jsse-nio-8443-exec-1] TRACE org.hibernate.orm.jdbc.extract - extracted value (1:BIGINT) -> [1]
00:06:33.350 [https-jsse-nio-8443-exec-1] TRACE org.hibernate.orm.jdbc.extract - extracted value (7:VARCHAR) -> [reza]
00:06:33.350 [https-jsse-nio-8443-exec-1] DEBUG org.hibernate.SQL - 
    select
        u1_0.username,
        u1_0.account_non_expired,
        u1_0.account_non_locked,
        u1_0.credentials_expiry_date,
        u1_0.credentials_non_expired,
        u1_0.deleted,
        u1_0.enabled,
        u1_0.password,
        rs1_0.username,
        rs1_1.name,
        rs1_1.deleted,
        ps1_0.role_name,
        ps1_1.id,
        ps1_1.deleted,
        ps1_1.permission 
    from
        user_tbl u1_0 
    left join
        (user_role_tbl rs1_0 
    join
        role_tbl rs1_1 
            on rs1_1.name=rs1_0.role_name) 
        on u1_0.username=rs1_0.username 
        and ( rs1_1.deleted = 0) 
    left join
        (role_permission_tbl ps1_0 
    join
        permission_tbl ps1_1 
            on ps1_1.id=ps1_0.permission) 
        on rs1_1.name=ps1_0.role_name 
        and ( ps1_1.deleted = 0) 
    where
        u1_0.username=? 
        and (
            u1_0.deleted = 0
        )
00:06:33.350 [https-jsse-nio-8443-exec-1] TRACE org.hibernate.orm.jdbc.bind - binding parameter (1:VARCHAR) <- [reza]
00:06:33.350 [https-jsse-nio-8443-exec-1] TRACE org.hibernate.orm.jdbc.extract - extracted value (9:VARCHAR) -> [reza]
00:06:33.350 [https-jsse-nio-8443-exec-1] TRACE org.hibernate.orm.jdbc.extract - extracted value (10:VARCHAR) -> [ROLE_MANAGER]
00:06:33.351 [https-jsse-nio-8443-exec-1] TRACE org.hibernate.orm.jdbc.extract - extracted value (2:BOOLEAN) -> [true]
00:06:33.351 [https-jsse-nio-8443-exec-1] TRACE org.hibernate.orm.jdbc.extract - extracted value (3:BOOLEAN) -> [true]
00:06:33.351 [https-jsse-nio-8443-exec-1] TRACE org.hibernate.orm.jdbc.extract - extracted value (4:TIMESTAMP) -> [2026-02-15T12:11]
00:06:33.351 [https-jsse-nio-8443-exec-1] TRACE org.hibernate.orm.jdbc.extract - extracted value (5:BOOLEAN) -> [true]
00:06:33.351 [https-jsse-nio-8443-exec-1] TRACE org.hibernate.orm.jdbc.extract - extracted value (6:BOOLEAN) -> [false]
00:06:33.351 [https-jsse-nio-8443-exec-1] TRACE org.hibernate.orm.jdbc.extract - extracted value (7:BOOLEAN) -> [true]
00:06:33.351 [https-jsse-nio-8443-exec-1] TRACE org.hibernate.orm.jdbc.extract - extracted value (8:VARCHAR) -> [$2a$12$Sn2IZjJZlk4Xmbl173VyFOnCAj1xlKjkkZvyq5kzgUGKfH9EvpWsS]
00:06:33.351 [https-jsse-nio-8443-exec-1] TRACE org.hibernate.orm.jdbc.extract - extracted value (2:BOOLEAN) -> [false]
00:06:33.351 [https-jsse-nio-8443-exec-1] TRACE org.hibernate.orm.jdbc.extract - extracted value (3:VARCHAR) -> [reza@yahoo.com]
00:06:33.351 [https-jsse-nio-8443-exec-1] TRACE org.hibernate.orm.jdbc.extract - extracted value (4:VARCHAR) -> [reza]
00:06:33.351 [https-jsse-nio-8443-exec-1] TRACE org.hibernate.orm.jdbc.extract - extracted value (5:VARCHAR) -> [rezai]
00:06:33.351 [https-jsse-nio-8443-exec-1] TRACE org.hibernate.orm.jdbc.extract - extracted value (6:VARCHAR) -> [09128887798]
00:06:33.351 [https-jsse-nio-8443-exec-1] TRACE org.hibernate.orm.jdbc.extract - extracted value (1:BIGINT) -> [11]
00:06:33.351 [https-jsse-nio-8443-exec-1] TRACE org.hibernate.orm.jdbc.extract - extracted value (7:VARCHAR) -> [samira]
00:06:33.351 [https-jsse-nio-8443-exec-1] DEBUG org.hibernate.SQL - 
    select
        u1_0.username,
        u1_0.account_non_expired,
        u1_0.account_non_locked,
        u1_0.credentials_expiry_date,
        u1_0.credentials_non_expired,
        u1_0.deleted,
        u1_0.enabled,
        u1_0.password,
        rs1_0.username,
        rs1_1.name,
        rs1_1.deleted,
        ps1_0.role_name,
        ps1_1.id,
        ps1_1.deleted,
        ps1_1.permission 
    from
        user_tbl u1_0 
    left join
        (user_role_tbl rs1_0 
    join
        role_tbl rs1_1 
            on rs1_1.name=rs1_0.role_name) 
        on u1_0.username=rs1_0.username 
        and ( rs1_1.deleted = 0) 
    left join
        (role_permission_tbl ps1_0 
    join
        permission_tbl ps1_1 
            on ps1_1.id=ps1_0.permission) 
        on rs1_1.name=ps1_0.role_name 
        and ( ps1_1.deleted = 0) 
    where
        u1_0.username=? 
        and (
            u1_0.deleted = 0
        )
00:06:33.352 [https-jsse-nio-8443-exec-1] TRACE org.hibernate.orm.jdbc.bind - binding parameter (1:VARCHAR) <- [samira]
00:06:33.352 [https-jsse-nio-8443-exec-1] TRACE org.hibernate.orm.jdbc.extract - extracted value (9:VARCHAR) -> [samira]
00:06:33.352 [https-jsse-nio-8443-exec-1] TRACE org.hibernate.orm.jdbc.extract - extracted value (10:VARCHAR) -> [ROLE_CUSTOMER]
00:06:33.352 [https-jsse-nio-8443-exec-1] TRACE org.hibernate.orm.jdbc.extract - extracted value (2:BOOLEAN) -> [true]
00:06:33.352 [https-jsse-nio-8443-exec-1] TRACE org.hibernate.orm.jdbc.extract - extracted value (3:BOOLEAN) -> [true]
00:06:33.352 [https-jsse-nio-8443-exec-1] TRACE org.hibernate.orm.jdbc.extract - extracted value (4:TIMESTAMP) -> [2026-02-15T12:48:08.112483]
00:06:33.352 [https-jsse-nio-8443-exec-1] TRACE org.hibernate.orm.jdbc.extract - extracted value (5:BOOLEAN) -> [true]
00:06:33.352 [https-jsse-nio-8443-exec-1] TRACE org.hibernate.orm.jdbc.extract - extracted value (6:BOOLEAN) -> [false]
00:06:33.352 [https-jsse-nio-8443-exec-1] TRACE org.hibernate.orm.jdbc.extract - extracted value (7:BOOLEAN) -> [true]
00:06:33.352 [https-jsse-nio-8443-exec-1] TRACE org.hibernate.orm.jdbc.extract - extracted value (8:VARCHAR) -> [$2a$12$S1VKZAogKfel9ROgJbM.BOFyJUrOcZllF7AE9OsIo.Xy14xFRkNLi]
00:06:33.352 [https-jsse-nio-8443-exec-1] TRACE org.hibernate.orm.jdbc.extract - extracted value (2:BOOLEAN) -> [false]
00:06:33.353 [https-jsse-nio-8443-exec-1] TRACE org.hibernate.orm.jdbc.extract - extracted value (3:VARCHAR) -> [samira@gmail.com]
00:06:33.353 [https-jsse-nio-8443-exec-1] TRACE org.hibernate.orm.jdbc.extract - extracted value (4:VARCHAR) -> [samira]
00:06:33.353 [https-jsse-nio-8443-exec-1] TRACE org.hibernate.orm.jdbc.extract - extracted value (5:VARCHAR) -> [samavat]
00:06:33.353 [https-jsse-nio-8443-exec-1] TRACE org.hibernate.orm.jdbc.extract - extracted value (6:VARCHAR) -> [09103336655]
00:06:33.353 [https-jsse-nio-8443-exec-1] TRACE org.hibernate.orm.jdbc.extract - extracted value (1:BIGINT) -> [12]
00:06:33.353 [https-jsse-nio-8443-exec-1] TRACE org.hibernate.orm.jdbc.extract - extracted value (7:VARCHAR) -> [sara]
00:06:33.353 [https-jsse-nio-8443-exec-1] DEBUG org.hibernate.SQL - 
    select
        u1_0.username,
        u1_0.account_non_expired,
        u1_0.account_non_locked,
        u1_0.credentials_expiry_date,
        u1_0.credentials_non_expired,
        u1_0.deleted,
        u1_0.enabled,
        u1_0.password,
        rs1_0.username,
        rs1_1.name,
        rs1_1.deleted,
        ps1_0.role_name,
        ps1_1.id,
        ps1_1.deleted,
        ps1_1.permission 
    from
        user_tbl u1_0 
    left join
        (user_role_tbl rs1_0 
    join
        role_tbl rs1_1 
            on rs1_1.name=rs1_0.role_name) 
        on u1_0.username=rs1_0.username 
        and ( rs1_1.deleted = 0) 
    left join
        (role_permission_tbl ps1_0 
    join
        permission_tbl ps1_1 
            on ps1_1.id=ps1_0.permission) 
        on rs1_1.name=ps1_0.role_name 
        and ( ps1_1.deleted = 0) 
    where
        u1_0.username=? 
        and (
            u1_0.deleted = 0
        )
00:06:33.353 [https-jsse-nio-8443-exec-1] TRACE org.hibernate.orm.jdbc.bind - binding parameter (1:VARCHAR) <- [sara]
00:06:33.353 [https-jsse-nio-8443-exec-1] TRACE org.hibernate.orm.jdbc.extract - extracted value (9:VARCHAR) -> [sara]
00:06:33.353 [https-jsse-nio-8443-exec-1] TRACE org.hibernate.orm.jdbc.extract - extracted value (10:VARCHAR) -> [ROLE_CUSTOMER]
00:06:33.354 [https-jsse-nio-8443-exec-1] TRACE org.hibernate.orm.jdbc.extract - extracted value (2:BOOLEAN) -> [true]
00:06:33.354 [https-jsse-nio-8443-exec-1] TRACE org.hibernate.orm.jdbc.extract - extracted value (3:BOOLEAN) -> [true]
00:06:33.354 [https-jsse-nio-8443-exec-1] TRACE org.hibernate.orm.jdbc.extract - extracted value (4:TIMESTAMP) -> [2026-02-15T12:48:51.616509]
00:06:33.354 [https-jsse-nio-8443-exec-1] TRACE org.hibernate.orm.jdbc.extract - extracted value (5:BOOLEAN) -> [true]
00:06:33.354 [https-jsse-nio-8443-exec-1] TRACE org.hibernate.orm.jdbc.extract - extracted value (6:BOOLEAN) -> [false]
00:06:33.354 [https-jsse-nio-8443-exec-1] TRACE org.hibernate.orm.jdbc.extract - extracted value (7:BOOLEAN) -> [true]
00:06:33.354 [https-jsse-nio-8443-exec-1] TRACE org.hibernate.orm.jdbc.extract - extracted value (8:VARCHAR) -> [$2a$12$3KF1d0C6MWaPMgJCZ2mg6u5yeosWuf8DV2vm1sVMiHzrwKRveJq/2]
00:06:33.354 [https-jsse-nio-8443-exec-1] TRACE org.hibernate.orm.jdbc.extract - extracted value (2:BOOLEAN) -> [false]
00:06:33.354 [https-jsse-nio-8443-exec-1] TRACE org.hibernate.orm.jdbc.extract - extracted value (3:VARCHAR) -> [sara@gmail.com]
00:06:33.354 [https-jsse-nio-8443-exec-1] TRACE org.hibernate.orm.jdbc.extract - extracted value (4:VARCHAR) -> [sara]
00:06:33.354 [https-jsse-nio-8443-exec-1] TRACE org.hibernate.orm.jdbc.extract - extracted value (5:VARCHAR) -> [sarmad]
00:06:33.354 [https-jsse-nio-8443-exec-1] TRACE org.hibernate.orm.jdbc.extract - extracted value (6:VARCHAR) -> [09178523600]
00:06:33.354 [https-jsse-nio-8443-exec-1] TRACE org.hibernate.orm.jdbc.extract - extracted value (1:BIGINT) -> [8]
00:06:33.354 [https-jsse-nio-8443-exec-1] TRACE org.hibernate.orm.jdbc.extract - extracted value (7:VARCHAR) -> [shahram]
00:06:33.354 [https-jsse-nio-8443-exec-1] DEBUG org.hibernate.SQL - 
    select
        u1_0.username,
        u1_0.account_non_expired,
        u1_0.account_non_locked,
        u1_0.credentials_expiry_date,
        u1_0.credentials_non_expired,
        u1_0.deleted,
        u1_0.enabled,
        u1_0.password,
        rs1_0.username,
        rs1_1.name,
        rs1_1.deleted,
        ps1_0.role_name,
        ps1_1.id,
        ps1_1.deleted,
        ps1_1.permission 
    from
        user_tbl u1_0 
    left join
        (user_role_tbl rs1_0 
    join
        role_tbl rs1_1 
            on rs1_1.name=rs1_0.role_name) 
        on u1_0.username=rs1_0.username 
        and ( rs1_1.deleted = 0) 
    left join
        (role_permission_tbl ps1_0 
    join
        permission_tbl ps1_1 
            on ps1_1.id=ps1_0.permission) 
        on rs1_1.name=ps1_0.role_name 
        and ( ps1_1.deleted = 0) 
    where
        u1_0.username=? 
        and (
            u1_0.deleted = 0
        )
00:06:33.354 [https-jsse-nio-8443-exec-1] TRACE org.hibernate.orm.jdbc.bind - binding parameter (1:VARCHAR) <- [shahram]
00:06:33.355 [https-jsse-nio-8443-exec-1] TRACE org.hibernate.orm.jdbc.extract - extracted value (9:VARCHAR) -> [shahram]
00:06:33.355 [https-jsse-nio-8443-exec-1] TRACE org.hibernate.orm.jdbc.extract - extracted value (10:VARCHAR) -> [ROLE_CUSTOMER]
00:06:33.355 [https-jsse-nio-8443-exec-1] TRACE org.hibernate.orm.jdbc.extract - extracted value (2:BOOLEAN) -> [true]
00:06:33.355 [https-jsse-nio-8443-exec-1] TRACE org.hibernate.orm.jdbc.extract - extracted value (3:BOOLEAN) -> [true]
00:06:33.355 [https-jsse-nio-8443-exec-1] TRACE org.hibernate.orm.jdbc.extract - extracted value (4:TIMESTAMP) -> [2026-02-15T12:45:40.686761]
00:06:33.355 [https-jsse-nio-8443-exec-1] TRACE org.hibernate.orm.jdbc.extract - extracted value (5:BOOLEAN) -> [true]
00:06:33.355 [https-jsse-nio-8443-exec-1] TRACE org.hibernate.orm.jdbc.extract - extracted value (6:BOOLEAN) -> [false]
00:06:33.355 [https-jsse-nio-8443-exec-1] TRACE org.hibernate.orm.jdbc.extract - extracted value (7:BOOLEAN) -> [true]
00:06:33.355 [https-jsse-nio-8443-exec-1] TRACE org.hibernate.orm.jdbc.extract - extracted value (8:VARCHAR) -> [$2a$12$8ZaJtvAMduRpuGTpAUYu.OD2SUV7w1qrXb9dCSNapl69Gfct.sdG6]
00:06:33.355 [https-jsse-nio-8443-exec-1] TRACE org.hibernate.orm.jdbc.extract - extracted value (2:BOOLEAN) -> [false]
00:06:33.355 [https-jsse-nio-8443-exec-1] TRACE org.hibernate.orm.jdbc.extract - extracted value (3:VARCHAR) -> [shahram@gmail.com]
00:06:33.355 [https-jsse-nio-8443-exec-1] TRACE org.hibernate.orm.jdbc.extract - extracted value (4:VARCHAR) -> [shahram]
00:06:33.355 [https-jsse-nio-8443-exec-1] TRACE org.hibernate.orm.jdbc.extract - extracted value (5:VARCHAR) -> [nobari]
00:06:33.355 [https-jsse-nio-8443-exec-1] TRACE org.hibernate.orm.jdbc.extract - extracted value (6:VARCHAR) -> [09126662658]
00:06:33.355 [https-jsse-nio-8443-exec-1] TRACE org.hibernate.orm.jdbc.extract - extracted value (1:BIGINT) -> [2]
00:06:33.355 [https-jsse-nio-8443-exec-1] TRACE org.hibernate.orm.jdbc.extract - extracted value (7:VARCHAR) -> [shirin]
00:06:33.355 [https-jsse-nio-8443-exec-1] DEBUG org.hibernate.SQL - 
    select
        u1_0.username,
        u1_0.account_non_expired,
        u1_0.account_non_locked,
        u1_0.credentials_expiry_date,
        u1_0.credentials_non_expired,
        u1_0.deleted,
        u1_0.enabled,
        u1_0.password,
        rs1_0.username,
        rs1_1.name,
        rs1_1.deleted,
        ps1_0.role_name,
        ps1_1.id,
        ps1_1.deleted,
        ps1_1.permission 
    from
        user_tbl u1_0 
    left join
        (user_role_tbl rs1_0 
    join
        role_tbl rs1_1 
            on rs1_1.name=rs1_0.role_name) 
        on u1_0.username=rs1_0.username 
        and ( rs1_1.deleted = 0) 
    left join
        (role_permission_tbl ps1_0 
    join
        permission_tbl ps1_1 
            on ps1_1.id=ps1_0.permission) 
        on rs1_1.name=ps1_0.role_name 
        and ( ps1_1.deleted = 0) 
    where
        u1_0.username=? 
        and (
            u1_0.deleted = 0
        )
00:06:33.355 [https-jsse-nio-8443-exec-1] TRACE org.hibernate.orm.jdbc.bind - binding parameter (1:VARCHAR) <- [shirin]
00:06:33.356 [https-jsse-nio-8443-exec-1] TRACE org.hibernate.orm.jdbc.extract - extracted value (9:VARCHAR) -> [shirin]
00:06:33.356 [https-jsse-nio-8443-exec-1] TRACE org.hibernate.orm.jdbc.extract - extracted value (10:VARCHAR) -> [ROLE_CUSTOMER]
00:06:33.356 [https-jsse-nio-8443-exec-1] TRACE org.hibernate.orm.jdbc.extract - extracted value (2:BOOLEAN) -> [true]
00:06:33.356 [https-jsse-nio-8443-exec-1] TRACE org.hibernate.orm.jdbc.extract - extracted value (3:BOOLEAN) -> [true]
00:06:33.356 [https-jsse-nio-8443-exec-1] TRACE org.hibernate.orm.jdbc.extract - extracted value (4:TIMESTAMP) -> [2026-02-15T12:38]
00:06:33.356 [https-jsse-nio-8443-exec-1] TRACE org.hibernate.orm.jdbc.extract - extracted value (5:BOOLEAN) -> [true]
00:06:33.356 [https-jsse-nio-8443-exec-1] TRACE org.hibernate.orm.jdbc.extract - extracted value (6:BOOLEAN) -> [false]
00:06:33.356 [https-jsse-nio-8443-exec-1] TRACE org.hibernate.orm.jdbc.extract - extracted value (7:BOOLEAN) -> [true]
00:06:33.356 [https-jsse-nio-8443-exec-1] TRACE org.hibernate.orm.jdbc.extract - extracted value (8:VARCHAR) -> [$2a$12$ycbWX6LGjFbEOG63G80LVeFa7BWTps7/MAiv7fsxhgfM7o4zJu7lC]
00:06:33.356 [https-jsse-nio-8443-exec-1] TRACE org.hibernate.orm.jdbc.extract - extracted value (2:BOOLEAN) -> [false]
00:06:33.356 [https-jsse-nio-8443-exec-1] TRACE org.hibernate.orm.jdbc.extract - extracted value (3:VARCHAR) -> [shirin@yahoo.com]
00:06:33.356 [https-jsse-nio-8443-exec-1] TRACE org.hibernate.orm.jdbc.extract - extracted value (4:VARCHAR) -> [shirin]
00:06:33.356 [https-jsse-nio-8443-exec-1] TRACE org.hibernate.orm.jdbc.extract - extracted value (5:VARCHAR) -> [nobari]
00:06:33.356 [https-jsse-nio-8443-exec-1] TRACE org.hibernate.orm.jdbc.extract - extracted value (6:VARCHAR) -> [09122688340]
00:06:33.356 [https-jsse-nio-8443-exec-1] DEBUG o.h.e.t.internal.TransactionImpl - committing
00:06:33.356 [https-jsse-nio-8443-exec-1] DEBUG o.s.jdbc.datasource.DataSourceUtils - Resetting read-only flag of JDBC Connection [HikariProxyConnection@2021504350 wrapping oracle.jdbc.driver.T4CConnection@578779b1]
00:06:33.357 [https-jsse-nio-8443-exec-1] INFO  i.c.exception.ResponseAspect - Web Controller: profilesList
00:06:36.538 [https-jsse-nio-8443-exec-3] DEBUG o.s.security.web.FilterChainProxy - Securing GET /profiles?page=0&size=10&sortBy=firstName&fragment=true
00:06:36.538 [https-jsse-nio-8443-exec-3] DEBUG o.s.s.w.a.c.ChannelProcessingFilter - Request: filter invocation [GET /profiles?page=0&size=10&sortBy=firstName&fragment=true]; ConfigAttributes: [REQUIRES_SECURE_CHANNEL]
00:06:36.538 [https-jsse-nio-8443-exec-3] DEBUG o.s.s.w.c.HttpSessionSecurityContextRepository - Retrieved SecurityContextImpl [Authentication=UsernamePasswordAuthenticationToken [Principal=ir.model.entity.CustomUserDetails@7420bd47, Credentials=[PROTECTED], Authenticated=true, Details=WebAuthenticationDetails [RemoteIpAddress=0:0:0:0:0:0:0:1, SessionId=54B9903800BC0AD598F338FAFFE368E1], Granted Authorities=[TICKET_EDIT, ROLE_ADMIN, TICKET_CREATE, TICKET_DELETE]]]
00:06:36.538 [https-jsse-nio-8443-exec-3] DEBUG o.s.security.web.FilterChainProxy - Secured GET /profiles?page=0&size=10&sortBy=firstName&fragment=true
00:06:36.541 [https-jsse-nio-8443-exec-3] DEBUG o.s.jdbc.datasource.DataSourceUtils - Setting JDBC Connection [HikariProxyConnection@444947964 wrapping oracle.jdbc.driver.T4CConnection@578779b1] read-only
00:06:36.541 [https-jsse-nio-8443-exec-3] DEBUG o.h.e.t.internal.TransactionImpl - On TransactionImpl creation, JpaCompliance#isJpaTransactionComplianceEnabled == false
00:06:36.541 [https-jsse-nio-8443-exec-3] DEBUG o.h.e.t.internal.TransactionImpl - begin
00:06:36.543 [https-jsse-nio-8443-exec-3] DEBUG org.hibernate.SQL - 
    /* <criteria> */ select
        p1_0.id,
        p1_0.deleted,
        p1_0.email,
        p1_0.first_name,
        p1_0.last_name,
        p1_0.phone,
        p1_0.username 
    from
        profile_tbl p1_0 
    where
        (
            p1_0.deleted = 0
        ) 
    order by
        p1_0.first_name 
    offset
        ? rows 
    fetch
        first ? rows only
00:06:36.543 [https-jsse-nio-8443-exec-3] TRACE org.hibernate.orm.jdbc.bind - binding parameter (1:INTEGER) <- [0]
00:06:36.543 [https-jsse-nio-8443-exec-3] TRACE org.hibernate.orm.jdbc.bind - binding parameter (2:INTEGER) <- [10]
00:06:36.544 [https-jsse-nio-8443-exec-3] TRACE org.hibernate.orm.jdbc.extract - extracted value (1:BIGINT) -> [3]
00:06:36.544 [https-jsse-nio-8443-exec-3] TRACE org.hibernate.orm.jdbc.extract - extracted value (7:VARCHAR) -> [amir]
00:06:36.544 [https-jsse-nio-8443-exec-3] DEBUG org.hibernate.SQL - 
    select
        u1_0.username,
        u1_0.account_non_expired,
        u1_0.account_non_locked,
        u1_0.credentials_expiry_date,
        u1_0.credentials_non_expired,
        u1_0.deleted,
        u1_0.enabled,
        u1_0.password,
        rs1_0.username,
        rs1_1.name,
        rs1_1.deleted,
        ps1_0.role_name,
        ps1_1.id,
        ps1_1.deleted,
        ps1_1.permission 
    from
        user_tbl u1_0 
    left join
        (user_role_tbl rs1_0 
    join
        role_tbl rs1_1 
            on rs1_1.name=rs1_0.role_name) 
        on u1_0.username=rs1_0.username 
        and ( rs1_1.deleted = 0) 
    left join
        (role_permission_tbl ps1_0 
    join
        permission_tbl ps1_1 
            on ps1_1.id=ps1_0.permission) 
        on rs1_1.name=ps1_0.role_name 
        and ( ps1_1.deleted = 0) 
    where
        u1_0.username=? 
        and (
            u1_0.deleted = 0
        )
00:06:36.544 [https-jsse-nio-8443-exec-3] TRACE org.hibernate.orm.jdbc.bind - binding parameter (1:VARCHAR) <- [amir]
00:06:36.545 [https-jsse-nio-8443-exec-3] TRACE org.hibernate.orm.jdbc.extract - extracted value (9:VARCHAR) -> [amir]
00:06:36.545 [https-jsse-nio-8443-exec-3] TRACE org.hibernate.orm.jdbc.extract - extracted value (10:VARCHAR) -> [ROLE_CUSTOMER]
00:06:36.545 [https-jsse-nio-8443-exec-3] TRACE org.hibernate.orm.jdbc.extract - extracted value (12:VARCHAR) -> [ROLE_CUSTOMER]
00:06:36.545 [https-jsse-nio-8443-exec-3] TRACE org.hibernate.orm.jdbc.extract - extracted value (13:BIGINT) -> [5]
00:06:36.545 [https-jsse-nio-8443-exec-3] TRACE org.hibernate.orm.jdbc.extract - extracted value (14:BOOLEAN) -> [false]
00:06:36.545 [https-jsse-nio-8443-exec-3] TRACE org.hibernate.orm.jdbc.extract - extracted value (15:VARCHAR) -> [TICKET_CREATE]
00:06:36.545 [https-jsse-nio-8443-exec-3] TRACE org.hibernate.orm.jdbc.extract - extracted value (11:BOOLEAN) -> [false]
00:06:36.545 [https-jsse-nio-8443-exec-3] TRACE org.hibernate.orm.jdbc.extract - extracted value (2:BOOLEAN) -> [true]
00:06:36.545 [https-jsse-nio-8443-exec-3] TRACE org.hibernate.orm.jdbc.extract - extracted value (3:BOOLEAN) -> [true]
00:06:36.545 [https-jsse-nio-8443-exec-3] TRACE org.hibernate.orm.jdbc.extract - extracted value (4:TIMESTAMP) -> [2026-02-15T12:40:35.187484]
00:06:36.545 [https-jsse-nio-8443-exec-3] TRACE org.hibernate.orm.jdbc.extract - extracted value (5:BOOLEAN) -> [true]
00:06:36.545 [https-jsse-nio-8443-exec-3] TRACE org.hibernate.orm.jdbc.extract - extracted value (6:BOOLEAN) -> [false]
00:06:36.545 [https-jsse-nio-8443-exec-3] TRACE org.hibernate.orm.jdbc.extract - extracted value (7:BOOLEAN) -> [true]
00:06:36.545 [https-jsse-nio-8443-exec-3] TRACE org.hibernate.orm.jdbc.extract - extracted value (8:VARCHAR) -> [$2a$12$ddwJ0N0uryty40ZjXUABZeK580.kaoEdkMnql79U3k5bq9Bx818Ay]
00:06:36.545 [https-jsse-nio-8443-exec-3] TRACE org.hibernate.orm.jdbc.extract - extracted value (10:VARCHAR) -> [ROLE_MANAGER]
00:06:36.545 [https-jsse-nio-8443-exec-3] TRACE org.hibernate.orm.jdbc.extract - extracted value (12:VARCHAR) -> [ROLE_MANAGER]
00:06:36.545 [https-jsse-nio-8443-exec-3] TRACE org.hibernate.orm.jdbc.extract - extracted value (13:BIGINT) -> [3]
00:06:36.545 [https-jsse-nio-8443-exec-3] TRACE org.hibernate.orm.jdbc.extract - extracted value (14:BOOLEAN) -> [false]
00:06:36.545 [https-jsse-nio-8443-exec-3] TRACE org.hibernate.orm.jdbc.extract - extracted value (15:VARCHAR) -> [TICKET_EDIT]
00:06:36.545 [https-jsse-nio-8443-exec-3] TRACE org.hibernate.orm.jdbc.extract - extracted value (11:BOOLEAN) -> [false]
00:06:36.545 [https-jsse-nio-8443-exec-3] TRACE org.hibernate.orm.jdbc.extract - extracted value (2:BOOLEAN) -> [false]
00:06:36.545 [https-jsse-nio-8443-exec-3] TRACE org.hibernate.orm.jdbc.extract - extracted value (3:VARCHAR) -> [amir@yahoo.com]
00:06:36.545 [https-jsse-nio-8443-exec-3] TRACE org.hibernate.orm.jdbc.extract - extracted value (4:VARCHAR) -> [amir]
00:06:36.545 [https-jsse-nio-8443-exec-3] TRACE org.hibernate.orm.jdbc.extract - extracted value (5:VARCHAR) -> [najafi]
00:06:36.545 [https-jsse-nio-8443-exec-3] TRACE org.hibernate.orm.jdbc.extract - extracted value (6:VARCHAR) -> [09122233475]
00:06:36.545 [https-jsse-nio-8443-exec-3] TRACE org.hibernate.orm.jdbc.extract - extracted value (1:BIGINT) -> [4]
00:06:36.545 [https-jsse-nio-8443-exec-3] TRACE org.hibernate.orm.jdbc.extract - extracted value (7:VARCHAR) -> [artin]
00:06:36.546 [https-jsse-nio-8443-exec-3] DEBUG org.hibernate.SQL - 
    select
        u1_0.username,
        u1_0.account_non_expired,
        u1_0.account_non_locked,
        u1_0.credentials_expiry_date,
        u1_0.credentials_non_expired,
        u1_0.deleted,
        u1_0.enabled,
        u1_0.password,
        rs1_0.username,
        rs1_1.name,
        rs1_1.deleted,
        ps1_0.role_name,
        ps1_1.id,
        ps1_1.deleted,
        ps1_1.permission 
    from
        user_tbl u1_0 
    left join
        (user_role_tbl rs1_0 
    join
        role_tbl rs1_1 
            on rs1_1.name=rs1_0.role_name) 
        on u1_0.username=rs1_0.username 
        and ( rs1_1.deleted = 0) 
    left join
        (role_permission_tbl ps1_0 
    join
        permission_tbl ps1_1 
            on ps1_1.id=ps1_0.permission) 
        on rs1_1.name=ps1_0.role_name 
        and ( ps1_1.deleted = 0) 
    where
        u1_0.username=? 
        and (
            u1_0.deleted = 0
        )
00:06:36.546 [https-jsse-nio-8443-exec-3] TRACE org.hibernate.orm.jdbc.bind - binding parameter (1:VARCHAR) <- [artin]
00:06:36.547 [https-jsse-nio-8443-exec-3] TRACE org.hibernate.orm.jdbc.extract - extracted value (9:VARCHAR) -> [artin]
00:06:36.547 [https-jsse-nio-8443-exec-3] TRACE org.hibernate.orm.jdbc.extract - extracted value (10:VARCHAR) -> [ROLE_CUSTOMER]
00:06:36.547 [https-jsse-nio-8443-exec-3] TRACE org.hibernate.orm.jdbc.extract - extracted value (2:BOOLEAN) -> [true]
00:06:36.547 [https-jsse-nio-8443-exec-3] TRACE org.hibernate.orm.jdbc.extract - extracted value (3:BOOLEAN) -> [true]
00:06:36.547 [https-jsse-nio-8443-exec-3] TRACE org.hibernate.orm.jdbc.extract - extracted value (4:TIMESTAMP) -> [2026-02-15T12:41]
00:06:36.547 [https-jsse-nio-8443-exec-3] TRACE org.hibernate.orm.jdbc.extract - extracted value (5:BOOLEAN) -> [true]
00:06:36.547 [https-jsse-nio-8443-exec-3] TRACE org.hibernate.orm.jdbc.extract - extracted value (6:BOOLEAN) -> [false]
00:06:36.547 [https-jsse-nio-8443-exec-3] TRACE org.hibernate.orm.jdbc.extract - extracted value (7:BOOLEAN) -> [true]
00:06:36.547 [https-jsse-nio-8443-exec-3] TRACE org.hibernate.orm.jdbc.extract - extracted value (8:VARCHAR) -> [$2a$12$LQ/9Uj10CUQqYQSeLTXUEugUzI7FXTZnvnYR6fTSOkdmnpp1mfGMS]
00:06:36.547 [https-jsse-nio-8443-exec-3] TRACE org.hibernate.orm.jdbc.extract - extracted value (2:BOOLEAN) -> [false]
00:06:36.547 [https-jsse-nio-8443-exec-3] TRACE org.hibernate.orm.jdbc.extract - extracted value (3:VARCHAR) -> [artin@yahoo.com]
00:06:36.547 [https-jsse-nio-8443-exec-3] TRACE org.hibernate.orm.jdbc.extract - extracted value (4:VARCHAR) -> [artin]
00:06:36.547 [https-jsse-nio-8443-exec-3] TRACE org.hibernate.orm.jdbc.extract - extracted value (5:VARCHAR) -> [arbabi]
00:06:36.547 [https-jsse-nio-8443-exec-3] TRACE org.hibernate.orm.jdbc.extract - extracted value (6:VARCHAR) -> [09121115544]
00:06:36.547 [https-jsse-nio-8443-exec-3] TRACE org.hibernate.orm.jdbc.extract - extracted value (1:BIGINT) -> [6]
00:06:36.548 [https-jsse-nio-8443-exec-3] TRACE org.hibernate.orm.jdbc.extract - extracted value (7:VARCHAR) -> [babak]
00:06:36.548 [https-jsse-nio-8443-exec-3] DEBUG org.hibernate.SQL - 
    select
        u1_0.username,
        u1_0.account_non_expired,
        u1_0.account_non_locked,
        u1_0.credentials_expiry_date,
        u1_0.credentials_non_expired,
        u1_0.deleted,
        u1_0.enabled,
        u1_0.password,
        rs1_0.username,
        rs1_1.name,
        rs1_1.deleted,
        ps1_0.role_name,
        ps1_1.id,
        ps1_1.deleted,
        ps1_1.permission 
    from
        user_tbl u1_0 
    left join
        (user_role_tbl rs1_0 
    join
        role_tbl rs1_1 
            on rs1_1.name=rs1_0.role_name) 
        on u1_0.username=rs1_0.username 
        and ( rs1_1.deleted = 0) 
    left join
        (role_permission_tbl ps1_0 
    join
        permission_tbl ps1_1 
            on ps1_1.id=ps1_0.permission) 
        on rs1_1.name=ps1_0.role_name 
        and ( ps1_1.deleted = 0) 
    where
        u1_0.username=? 
        and (
            u1_0.deleted = 0
        )
00:06:36.548 [https-jsse-nio-8443-exec-3] TRACE org.hibernate.orm.jdbc.bind - binding parameter (1:VARCHAR) <- [babak]
00:06:36.549 [https-jsse-nio-8443-exec-3] TRACE org.hibernate.orm.jdbc.extract - extracted value (9:VARCHAR) -> [babak]
00:06:36.549 [https-jsse-nio-8443-exec-3] TRACE org.hibernate.orm.jdbc.extract - extracted value (10:VARCHAR) -> [ROLE_ADMIN]
00:06:36.550 [https-jsse-nio-8443-exec-3] TRACE org.hibernate.orm.jdbc.extract - extracted value (12:VARCHAR) -> [ROLE_ADMIN]
00:06:36.550 [https-jsse-nio-8443-exec-3] TRACE org.hibernate.orm.jdbc.extract - extracted value (13:BIGINT) -> [3]
00:06:36.550 [https-jsse-nio-8443-exec-3] TRACE org.hibernate.orm.jdbc.extract - extracted value (11:BOOLEAN) -> [false]
00:06:36.550 [https-jsse-nio-8443-exec-3] TRACE org.hibernate.orm.jdbc.extract - extracted value (2:BOOLEAN) -> [true]
00:06:36.550 [https-jsse-nio-8443-exec-3] TRACE org.hibernate.orm.jdbc.extract - extracted value (3:BOOLEAN) -> [true]
00:06:36.550 [https-jsse-nio-8443-exec-3] TRACE org.hibernate.orm.jdbc.extract - extracted value (4:TIMESTAMP) -> [2026-10-10T10:10]
00:06:36.550 [https-jsse-nio-8443-exec-3] TRACE org.hibernate.orm.jdbc.extract - extracted value (5:BOOLEAN) -> [true]
00:06:36.550 [https-jsse-nio-8443-exec-3] TRACE org.hibernate.orm.jdbc.extract - extracted value (6:BOOLEAN) -> [false]
00:06:36.550 [https-jsse-nio-8443-exec-3] TRACE org.hibernate.orm.jdbc.extract - extracted value (7:BOOLEAN) -> [true]
00:06:36.550 [https-jsse-nio-8443-exec-3] TRACE org.hibernate.orm.jdbc.extract - extracted value (8:VARCHAR) -> [$2a$12$cO3JWgyImLr/sWH2aE5qkuAGdDL2z1uXMmoIVtV/YktFDYxYySveW]
00:06:36.550 [https-jsse-nio-8443-exec-3] TRACE org.hibernate.orm.jdbc.extract - extracted value (10:VARCHAR) -> [ROLE_ADMIN]
00:06:36.550 [https-jsse-nio-8443-exec-3] TRACE org.hibernate.orm.jdbc.extract - extracted value (13:BIGINT) -> [4]
00:06:36.550 [https-jsse-nio-8443-exec-3] TRACE org.hibernate.orm.jdbc.extract - extracted value (14:BOOLEAN) -> [false]
00:06:36.550 [https-jsse-nio-8443-exec-3] TRACE org.hibernate.orm.jdbc.extract - extracted value (15:VARCHAR) -> [TICKET_DELETE]
00:06:36.550 [https-jsse-nio-8443-exec-3] TRACE org.hibernate.orm.jdbc.extract - extracted value (10:VARCHAR) -> [ROLE_ADMIN]
00:06:36.550 [https-jsse-nio-8443-exec-3] TRACE org.hibernate.orm.jdbc.extract - extracted value (13:BIGINT) -> [5]
00:06:36.550 [https-jsse-nio-8443-exec-3] TRACE org.hibernate.orm.jdbc.extract - extracted value (10:VARCHAR) -> [ROLE_CUSTOMER]
00:06:36.550 [https-jsse-nio-8443-exec-3] TRACE org.hibernate.orm.jdbc.extract - extracted value (2:BOOLEAN) -> [false]
00:06:36.550 [https-jsse-nio-8443-exec-3] TRACE org.hibernate.orm.jdbc.extract - extracted value (3:VARCHAR) -> [babak@gmail.com]
00:06:36.550 [https-jsse-nio-8443-exec-3] TRACE org.hibernate.orm.jdbc.extract - extracted value (4:VARCHAR) -> [babak]
00:06:36.550 [https-jsse-nio-8443-exec-3] TRACE org.hibernate.orm.jdbc.extract - extracted value (5:VARCHAR) -> [matin]
00:06:36.550 [https-jsse-nio-8443-exec-3] TRACE org.hibernate.orm.jdbc.extract - extracted value (6:VARCHAR) -> [09126963321]
00:06:36.550 [https-jsse-nio-8443-exec-3] TRACE org.hibernate.orm.jdbc.extract - extracted value (1:BIGINT) -> [7]
00:06:36.550 [https-jsse-nio-8443-exec-3] TRACE org.hibernate.orm.jdbc.extract - extracted value (7:VARCHAR) -> [hasan]
00:06:36.551 [https-jsse-nio-8443-exec-3] DEBUG org.hibernate.SQL - 
    select
        u1_0.username,
        u1_0.account_non_expired,
        u1_0.account_non_locked,
        u1_0.credentials_expiry_date,
        u1_0.credentials_non_expired,
        u1_0.deleted,
        u1_0.enabled,
        u1_0.password,
        rs1_0.username,
        rs1_1.name,
        rs1_1.deleted,
        ps1_0.role_name,
        ps1_1.id,
        ps1_1.deleted,
        ps1_1.permission 
    from
        user_tbl u1_0 
    left join
        (user_role_tbl rs1_0 
    join
        role_tbl rs1_1 
            on rs1_1.name=rs1_0.role_name) 
        on u1_0.username=rs1_0.username 
        and ( rs1_1.deleted = 0) 
    left join
        (role_permission_tbl ps1_0 
    join
        permission_tbl ps1_1 
            on ps1_1.id=ps1_0.permission) 
        on rs1_1.name=ps1_0.role_name 
        and ( ps1_1.deleted = 0) 
    where
        u1_0.username=? 
        and (
            u1_0.deleted = 0
        )
00:06:36.551 [https-jsse-nio-8443-exec-3] TRACE org.hibernate.orm.jdbc.bind - binding parameter (1:VARCHAR) <- [hasan]
00:06:36.551 [https-jsse-nio-8443-exec-3] TRACE org.hibernate.orm.jdbc.extract - extracted value (9:VARCHAR) -> [hasan]
00:06:36.551 [https-jsse-nio-8443-exec-3] TRACE org.hibernate.orm.jdbc.extract - extracted value (10:VARCHAR) -> [ROLE_CUSTOMER]
00:06:36.551 [https-jsse-nio-8443-exec-3] TRACE org.hibernate.orm.jdbc.extract - extracted value (2:BOOLEAN) -> [true]
00:06:36.551 [https-jsse-nio-8443-exec-3] TRACE org.hibernate.orm.jdbc.extract - extracted value (3:BOOLEAN) -> [true]
00:06:36.551 [https-jsse-nio-8443-exec-3] TRACE org.hibernate.orm.jdbc.extract - extracted value (4:TIMESTAMP) -> [2026-02-15T12:45:01.756360]
00:06:36.551 [https-jsse-nio-8443-exec-3] TRACE org.hibernate.orm.jdbc.extract - extracted value (5:BOOLEAN) -> [true]
00:06:36.551 [https-jsse-nio-8443-exec-3] TRACE org.hibernate.orm.jdbc.extract - extracted value (6:BOOLEAN) -> [false]
00:06:36.551 [https-jsse-nio-8443-exec-3] TRACE org.hibernate.orm.jdbc.extract - extracted value (7:BOOLEAN) -> [true]
00:06:36.551 [https-jsse-nio-8443-exec-3] TRACE org.hibernate.orm.jdbc.extract - extracted value (8:VARCHAR) -> [$2a$12$3WCBMaICU536v5jmRfKPMOgonELheopHrOGtLeWb3Cdt4OdBpub2.]
00:06:36.551 [https-jsse-nio-8443-exec-3] TRACE org.hibernate.orm.jdbc.extract - extracted value (2:BOOLEAN) -> [false]
00:06:36.551 [https-jsse-nio-8443-exec-3] TRACE org.hibernate.orm.jdbc.extract - extracted value (3:VARCHAR) -> [hasan@gmail.com]
00:06:36.551 [https-jsse-nio-8443-exec-3] TRACE org.hibernate.orm.jdbc.extract - extracted value (4:VARCHAR) -> [hasan]
00:06:36.551 [https-jsse-nio-8443-exec-3] TRACE org.hibernate.orm.jdbc.extract - extracted value (5:VARCHAR) -> [mansouri]
00:06:36.551 [https-jsse-nio-8443-exec-3] TRACE org.hibernate.orm.jdbc.extract - extracted value (6:VARCHAR) -> [09150145874]
00:06:36.551 [https-jsse-nio-8443-exec-3] TRACE org.hibernate.orm.jdbc.extract - extracted value (1:BIGINT) -> [9]
00:06:36.552 [https-jsse-nio-8443-exec-3] TRACE org.hibernate.orm.jdbc.extract - extracted value (7:VARCHAR) -> [hossein]
00:06:36.552 [https-jsse-nio-8443-exec-3] DEBUG org.hibernate.SQL - 
    select
        u1_0.username,
        u1_0.account_non_expired,
        u1_0.account_non_locked,
        u1_0.credentials_expiry_date,
        u1_0.credentials_non_expired,
        u1_0.deleted,
        u1_0.enabled,
        u1_0.password,
        rs1_0.username,
        rs1_1.name,
        rs1_1.deleted,
        ps1_0.role_name,
        ps1_1.id,
        ps1_1.deleted,
        ps1_1.permission 
    from
        user_tbl u1_0 
    left join
        (user_role_tbl rs1_0 
    join
        role_tbl rs1_1 
            on rs1_1.name=rs1_0.role_name) 
        on u1_0.username=rs1_0.username 
        and ( rs1_1.deleted = 0) 
    left join
        (role_permission_tbl ps1_0 
    join
        permission_tbl ps1_1 
            on ps1_1.id=ps1_0.permission) 
        on rs1_1.name=ps1_0.role_name 
        and ( ps1_1.deleted = 0) 
    where
        u1_0.username=? 
        and (
            u1_0.deleted = 0
        )
00:06:36.552 [https-jsse-nio-8443-exec-3] TRACE org.hibernate.orm.jdbc.bind - binding parameter (1:VARCHAR) <- [hossein]
00:06:36.552 [https-jsse-nio-8443-exec-3] TRACE org.hibernate.orm.jdbc.extract - extracted value (9:VARCHAR) -> [hossein]
00:06:36.552 [https-jsse-nio-8443-exec-3] TRACE org.hibernate.orm.jdbc.extract - extracted value (10:VARCHAR) -> [ROLE_CUSTOMER]
00:06:36.552 [https-jsse-nio-8443-exec-3] TRACE org.hibernate.orm.jdbc.extract - extracted value (2:BOOLEAN) -> [true]
00:06:36.552 [https-jsse-nio-8443-exec-3] TRACE org.hibernate.orm.jdbc.extract - extracted value (3:BOOLEAN) -> [true]
00:06:36.552 [https-jsse-nio-8443-exec-3] TRACE org.hibernate.orm.jdbc.extract - extracted value (4:TIMESTAMP) -> [2026-02-15T12:46:24.291810]
00:06:36.552 [https-jsse-nio-8443-exec-3] TRACE org.hibernate.orm.jdbc.extract - extracted value (5:BOOLEAN) -> [true]
00:06:36.552 [https-jsse-nio-8443-exec-3] TRACE org.hibernate.orm.jdbc.extract - extracted value (6:BOOLEAN) -> [false]
00:06:36.552 [https-jsse-nio-8443-exec-3] TRACE org.hibernate.orm.jdbc.extract - extracted value (7:BOOLEAN) -> [true]
00:06:36.552 [https-jsse-nio-8443-exec-3] TRACE org.hibernate.orm.jdbc.extract - extracted value (8:VARCHAR) -> [$2a$12$LBFeYz5E.F.yrsZN/2u5S.UNEMf5ck.IhxlnsHw/q33MgngZJvDmi]
00:06:36.552 [https-jsse-nio-8443-exec-3] TRACE org.hibernate.orm.jdbc.extract - extracted value (2:BOOLEAN) -> [false]
00:06:36.552 [https-jsse-nio-8443-exec-3] TRACE org.hibernate.orm.jdbc.extract - extracted value (3:VARCHAR) -> [hossein@gmail.com]
00:06:36.553 [https-jsse-nio-8443-exec-3] TRACE org.hibernate.orm.jdbc.extract - extracted value (4:VARCHAR) -> [hossein]
00:06:36.553 [https-jsse-nio-8443-exec-3] TRACE org.hibernate.orm.jdbc.extract - extracted value (5:VARCHAR) -> [samavat]
00:06:36.553 [https-jsse-nio-8443-exec-3] TRACE org.hibernate.orm.jdbc.extract - extracted value (6:VARCHAR) -> [09132584455]
00:06:36.553 [https-jsse-nio-8443-exec-3] TRACE org.hibernate.orm.jdbc.extract - extracted value (1:BIGINT) -> [5]
00:06:36.553 [https-jsse-nio-8443-exec-3] TRACE org.hibernate.orm.jdbc.extract - extracted value (7:VARCHAR) -> [maryam]
00:06:36.553 [https-jsse-nio-8443-exec-3] DEBUG org.hibernate.SQL - 
    select
        u1_0.username,
        u1_0.account_non_expired,
        u1_0.account_non_locked,
        u1_0.credentials_expiry_date,
        u1_0.credentials_non_expired,
        u1_0.deleted,
        u1_0.enabled,
        u1_0.password,
        rs1_0.username,
        rs1_1.name,
        rs1_1.deleted,
        ps1_0.role_name,
        ps1_1.id,
        ps1_1.deleted,
        ps1_1.permission 
    from
        user_tbl u1_0 
    left join
        (user_role_tbl rs1_0 
    join
        role_tbl rs1_1 
            on rs1_1.name=rs1_0.role_name) 
        on u1_0.username=rs1_0.username 
        and ( rs1_1.deleted = 0) 
    left join
        (role_permission_tbl ps1_0 
    join
        permission_tbl ps1_1 
            on ps1_1.id=ps1_0.permission) 
        on rs1_1.name=ps1_0.role_name 
        and ( ps1_1.deleted = 0) 
    where
        u1_0.username=? 
        and (
            u1_0.deleted = 0
        )
00:06:36.553 [https-jsse-nio-8443-exec-3] TRACE org.hibernate.orm.jdbc.bind - binding parameter (1:VARCHAR) <- [maryam]
00:06:36.554 [https-jsse-nio-8443-exec-3] TRACE org.hibernate.orm.jdbc.extract - extracted value (9:VARCHAR) -> [maryam]
00:06:36.554 [https-jsse-nio-8443-exec-3] TRACE org.hibernate.orm.jdbc.extract - extracted value (10:VARCHAR) -> [ROLE_CUSTOMER]
00:06:36.554 [https-jsse-nio-8443-exec-3] TRACE org.hibernate.orm.jdbc.extract - extracted value (2:BOOLEAN) -> [true]
00:06:36.554 [https-jsse-nio-8443-exec-3] TRACE org.hibernate.orm.jdbc.extract - extracted value (3:BOOLEAN) -> [true]
00:06:36.554 [https-jsse-nio-8443-exec-3] TRACE org.hibernate.orm.jdbc.extract - extracted value (4:TIMESTAMP) -> [2026-02-15T12:42:00.427897]
00:06:36.554 [https-jsse-nio-8443-exec-3] TRACE org.hibernate.orm.jdbc.extract - extracted value (5:BOOLEAN) -> [true]
00:06:36.554 [https-jsse-nio-8443-exec-3] TRACE org.hibernate.orm.jdbc.extract - extracted value (6:BOOLEAN) -> [false]
00:06:36.554 [https-jsse-nio-8443-exec-3] TRACE org.hibernate.orm.jdbc.extract - extracted value (7:BOOLEAN) -> [true]
00:06:36.554 [https-jsse-nio-8443-exec-3] TRACE org.hibernate.orm.jdbc.extract - extracted value (8:VARCHAR) -> [$2a$12$eoe/uFtZFJmgK5HF97QwqOgjCKRrInHByKOZSmn7blhTgdle5I24O]
00:06:36.554 [https-jsse-nio-8443-exec-3] TRACE org.hibernate.orm.jdbc.extract - extracted value (2:BOOLEAN) -> [false]
00:06:36.554 [https-jsse-nio-8443-exec-3] TRACE org.hibernate.orm.jdbc.extract - extracted value (3:VARCHAR) -> [maryam@gmail.com]
00:06:36.554 [https-jsse-nio-8443-exec-3] TRACE org.hibernate.orm.jdbc.extract - extracted value (4:VARCHAR) -> [maryam]
00:06:36.554 [https-jsse-nio-8443-exec-3] TRACE org.hibernate.orm.jdbc.extract - extracted value (5:VARCHAR) -> [sekandari]
00:06:36.554 [https-jsse-nio-8443-exec-3] TRACE org.hibernate.orm.jdbc.extract - extracted value (6:VARCHAR) -> [09126662654]
00:06:36.554 [https-jsse-nio-8443-exec-3] TRACE org.hibernate.orm.jdbc.extract - extracted value (1:BIGINT) -> [10]
00:06:36.554 [https-jsse-nio-8443-exec-3] TRACE org.hibernate.orm.jdbc.extract - extracted value (7:VARCHAR) -> [payam]
00:06:36.554 [https-jsse-nio-8443-exec-3] DEBUG org.hibernate.SQL - 
    select
        u1_0.username,
        u1_0.account_non_expired,
        u1_0.account_non_locked,
        u1_0.credentials_expiry_date,
        u1_0.credentials_non_expired,
        u1_0.deleted,
        u1_0.enabled,
        u1_0.password,
        rs1_0.username,
        rs1_1.name,
        rs1_1.deleted,
        ps1_0.role_name,
        ps1_1.id,
        ps1_1.deleted,
        ps1_1.permission 
    from
        user_tbl u1_0 
    left join
        (user_role_tbl rs1_0 
    join
        role_tbl rs1_1 
            on rs1_1.name=rs1_0.role_name) 
        on u1_0.username=rs1_0.username 
        and ( rs1_1.deleted = 0) 
    left join
        (role_permission_tbl ps1_0 
    join
        permission_tbl ps1_1 
            on ps1_1.id=ps1_0.permission) 
        on rs1_1.name=ps1_0.role_name 
        and ( ps1_1.deleted = 0) 
    where
        u1_0.username=? 
        and (
            u1_0.deleted = 0
        )
00:06:36.554 [https-jsse-nio-8443-exec-3] TRACE org.hibernate.orm.jdbc.bind - binding parameter (1:VARCHAR) <- [payam]
00:06:36.555 [https-jsse-nio-8443-exec-3] TRACE org.hibernate.orm.jdbc.extract - extracted value (9:VARCHAR) -> [payam]
00:06:36.555 [https-jsse-nio-8443-exec-3] TRACE org.hibernate.orm.jdbc.extract - extracted value (10:VARCHAR) -> [ROLE_MANAGER]
00:06:36.555 [https-jsse-nio-8443-exec-3] TRACE org.hibernate.orm.jdbc.extract - extracted value (2:BOOLEAN) -> [true]
00:06:36.555 [https-jsse-nio-8443-exec-3] TRACE org.hibernate.orm.jdbc.extract - extracted value (3:BOOLEAN) -> [true]
00:06:36.555 [https-jsse-nio-8443-exec-3] TRACE org.hibernate.orm.jdbc.extract - extracted value (4:TIMESTAMP) -> [2026-02-15T12:46]
00:06:36.555 [https-jsse-nio-8443-exec-3] TRACE org.hibernate.orm.jdbc.extract - extracted value (5:BOOLEAN) -> [true]
00:06:36.555 [https-jsse-nio-8443-exec-3] TRACE org.hibernate.orm.jdbc.extract - extracted value (6:BOOLEAN) -> [false]
00:06:36.555 [https-jsse-nio-8443-exec-3] TRACE org.hibernate.orm.jdbc.extract - extracted value (7:BOOLEAN) -> [true]
00:06:36.555 [https-jsse-nio-8443-exec-3] TRACE org.hibernate.orm.jdbc.extract - extracted value (8:VARCHAR) -> [$2a$12$lVuQXTkB0crKuwzQLIv7QumZWQZdMFMeR4CnkQoftAsg8CiLwEYB6]
00:06:36.555 [https-jsse-nio-8443-exec-3] TRACE org.hibernate.orm.jdbc.extract - extracted value (2:BOOLEAN) -> [false]
00:06:36.555 [https-jsse-nio-8443-exec-3] TRACE org.hibernate.orm.jdbc.extract - extracted value (3:VARCHAR) -> [payam.parham1982@gmail.com]
00:06:36.555 [https-jsse-nio-8443-exec-3] TRACE org.hibernate.orm.jdbc.extract - extracted value (4:VARCHAR) -> [payam]
00:06:36.555 [https-jsse-nio-8443-exec-3] TRACE org.hibernate.orm.jdbc.extract - extracted value (5:VARCHAR) -> [nobari]
00:06:36.555 [https-jsse-nio-8443-exec-3] TRACE org.hibernate.orm.jdbc.extract - extracted value (6:VARCHAR) -> [09192060383]
00:06:36.555 [https-jsse-nio-8443-exec-3] TRACE org.hibernate.orm.jdbc.extract - extracted value (1:BIGINT) -> [1]
00:06:36.555 [https-jsse-nio-8443-exec-3] TRACE org.hibernate.orm.jdbc.extract - extracted value (7:VARCHAR) -> [reza]
00:06:36.555 [https-jsse-nio-8443-exec-3] DEBUG org.hibernate.SQL - 
    select
        u1_0.username,
        u1_0.account_non_expired,
        u1_0.account_non_locked,
        u1_0.credentials_expiry_date,
        u1_0.credentials_non_expired,
        u1_0.deleted,
        u1_0.enabled,
        u1_0.password,
        rs1_0.username,
        rs1_1.name,
        rs1_1.deleted,
        ps1_0.role_name,
        ps1_1.id,
        ps1_1.deleted,
        ps1_1.permission 
    from
        user_tbl u1_0 
    left join
        (user_role_tbl rs1_0 
    join
        role_tbl rs1_1 
            on rs1_1.name=rs1_0.role_name) 
        on u1_0.username=rs1_0.username 
        and ( rs1_1.deleted = 0) 
    left join
        (role_permission_tbl ps1_0 
    join
        permission_tbl ps1_1 
            on ps1_1.id=ps1_0.permission) 
        on rs1_1.name=ps1_0.role_name 
        and ( ps1_1.deleted = 0) 
    where
        u1_0.username=? 
        and (
            u1_0.deleted = 0
        )
00:06:36.556 [https-jsse-nio-8443-exec-3] TRACE org.hibernate.orm.jdbc.bind - binding parameter (1:VARCHAR) <- [reza]
00:06:36.556 [https-jsse-nio-8443-exec-3] TRACE org.hibernate.orm.jdbc.extract - extracted value (9:VARCHAR) -> [reza]
00:06:36.556 [https-jsse-nio-8443-exec-3] TRACE org.hibernate.orm.jdbc.extract - extracted value (10:VARCHAR) -> [ROLE_MANAGER]
00:06:36.556 [https-jsse-nio-8443-exec-3] TRACE org.hibernate.orm.jdbc.extract - extracted value (2:BOOLEAN) -> [true]
00:06:36.556 [https-jsse-nio-8443-exec-3] TRACE org.hibernate.orm.jdbc.extract - extracted value (3:BOOLEAN) -> [true]
00:06:36.556 [https-jsse-nio-8443-exec-3] TRACE org.hibernate.orm.jdbc.extract - extracted value (4:TIMESTAMP) -> [2026-02-15T12:11]
00:06:36.556 [https-jsse-nio-8443-exec-3] TRACE org.hibernate.orm.jdbc.extract - extracted value (5:BOOLEAN) -> [true]
00:06:36.556 [https-jsse-nio-8443-exec-3] TRACE org.hibernate.orm.jdbc.extract - extracted value (6:BOOLEAN) -> [false]
00:06:36.556 [https-jsse-nio-8443-exec-3] TRACE org.hibernate.orm.jdbc.extract - extracted value (7:BOOLEAN) -> [true]
00:06:36.556 [https-jsse-nio-8443-exec-3] TRACE org.hibernate.orm.jdbc.extract - extracted value (8:VARCHAR) -> [$2a$12$Sn2IZjJZlk4Xmbl173VyFOnCAj1xlKjkkZvyq5kzgUGKfH9EvpWsS]
00:06:36.556 [https-jsse-nio-8443-exec-3] TRACE org.hibernate.orm.jdbc.extract - extracted value (2:BOOLEAN) -> [false]
00:06:36.556 [https-jsse-nio-8443-exec-3] TRACE org.hibernate.orm.jdbc.extract - extracted value (3:VARCHAR) -> [reza@yahoo.com]
00:06:36.556 [https-jsse-nio-8443-exec-3] TRACE org.hibernate.orm.jdbc.extract - extracted value (4:VARCHAR) -> [reza]
00:06:36.556 [https-jsse-nio-8443-exec-3] TRACE org.hibernate.orm.jdbc.extract - extracted value (5:VARCHAR) -> [rezai]
00:06:36.556 [https-jsse-nio-8443-exec-3] TRACE org.hibernate.orm.jdbc.extract - extracted value (6:VARCHAR) -> [09128887798]
00:06:36.556 [https-jsse-nio-8443-exec-3] TRACE org.hibernate.orm.jdbc.extract - extracted value (1:BIGINT) -> [11]
00:06:36.556 [https-jsse-nio-8443-exec-3] TRACE org.hibernate.orm.jdbc.extract - extracted value (7:VARCHAR) -> [samira]
00:06:36.556 [https-jsse-nio-8443-exec-3] DEBUG org.hibernate.SQL - 
    select
        u1_0.username,
        u1_0.account_non_expired,
        u1_0.account_non_locked,
        u1_0.credentials_expiry_date,
        u1_0.credentials_non_expired,
        u1_0.deleted,
        u1_0.enabled,
        u1_0.password,
        rs1_0.username,
        rs1_1.name,
        rs1_1.deleted,
        ps1_0.role_name,
        ps1_1.id,
        ps1_1.deleted,
        ps1_1.permission 
    from
        user_tbl u1_0 
    left join
        (user_role_tbl rs1_0 
    join
        role_tbl rs1_1 
            on rs1_1.name=rs1_0.role_name) 
        on u1_0.username=rs1_0.username 
        and ( rs1_1.deleted = 0) 
    left join
        (role_permission_tbl ps1_0 
    join
        permission_tbl ps1_1 
            on ps1_1.id=ps1_0.permission) 
        on rs1_1.name=ps1_0.role_name 
        and ( ps1_1.deleted = 0) 
    where
        u1_0.username=? 
        and (
            u1_0.deleted = 0
        )
00:06:36.557 [https-jsse-nio-8443-exec-3] TRACE org.hibernate.orm.jdbc.bind - binding parameter (1:VARCHAR) <- [samira]
00:06:36.557 [https-jsse-nio-8443-exec-3] TRACE org.hibernate.orm.jdbc.extract - extracted value (9:VARCHAR) -> [samira]
00:06:36.557 [https-jsse-nio-8443-exec-3] TRACE org.hibernate.orm.jdbc.extract - extracted value (10:VARCHAR) -> [ROLE_CUSTOMER]
00:06:36.557 [https-jsse-nio-8443-exec-3] TRACE org.hibernate.orm.jdbc.extract - extracted value (2:BOOLEAN) -> [true]
00:06:36.557 [https-jsse-nio-8443-exec-3] TRACE org.hibernate.orm.jdbc.extract - extracted value (3:BOOLEAN) -> [true]
00:06:36.557 [https-jsse-nio-8443-exec-3] TRACE org.hibernate.orm.jdbc.extract - extracted value (4:TIMESTAMP) -> [2026-02-15T12:48:08.112483]
00:06:36.557 [https-jsse-nio-8443-exec-3] TRACE org.hibernate.orm.jdbc.extract - extracted value (5:BOOLEAN) -> [true]
00:06:36.557 [https-jsse-nio-8443-exec-3] TRACE org.hibernate.orm.jdbc.extract - extracted value (6:BOOLEAN) -> [false]
00:06:36.557 [https-jsse-nio-8443-exec-3] TRACE org.hibernate.orm.jdbc.extract - extracted value (7:BOOLEAN) -> [true]
00:06:36.557 [https-jsse-nio-8443-exec-3] TRACE org.hibernate.orm.jdbc.extract - extracted value (8:VARCHAR) -> [$2a$12$S1VKZAogKfel9ROgJbM.BOFyJUrOcZllF7AE9OsIo.Xy14xFRkNLi]
00:06:36.557 [https-jsse-nio-8443-exec-3] TRACE org.hibernate.orm.jdbc.extract - extracted value (2:BOOLEAN) -> [false]
00:06:36.557 [https-jsse-nio-8443-exec-3] TRACE org.hibernate.orm.jdbc.extract - extracted value (3:VARCHAR) -> [samira@gmail.com]
00:06:36.557 [https-jsse-nio-8443-exec-3] TRACE org.hibernate.orm.jdbc.extract - extracted value (4:VARCHAR) -> [samira]
00:06:36.557 [https-jsse-nio-8443-exec-3] TRACE org.hibernate.orm.jdbc.extract - extracted value (5:VARCHAR) -> [samavat]
00:06:36.557 [https-jsse-nio-8443-exec-3] TRACE org.hibernate.orm.jdbc.extract - extracted value (6:VARCHAR) -> [09103336655]
00:06:36.557 [https-jsse-nio-8443-exec-3] TRACE org.hibernate.orm.jdbc.extract - extracted value (1:BIGINT) -> [12]
00:06:36.557 [https-jsse-nio-8443-exec-3] TRACE org.hibernate.orm.jdbc.extract - extracted value (7:VARCHAR) -> [sara]
00:06:36.558 [https-jsse-nio-8443-exec-3] DEBUG org.hibernate.SQL - 
    select
        u1_0.username,
        u1_0.account_non_expired,
        u1_0.account_non_locked,
        u1_0.credentials_expiry_date,
        u1_0.credentials_non_expired,
        u1_0.deleted,
        u1_0.enabled,
        u1_0.password,
        rs1_0.username,
        rs1_1.name,
        rs1_1.deleted,
        ps1_0.role_name,
        ps1_1.id,
        ps1_1.deleted,
        ps1_1.permission 
    from
        user_tbl u1_0 
    left join
        (user_role_tbl rs1_0 
    join
        role_tbl rs1_1 
            on rs1_1.name=rs1_0.role_name) 
        on u1_0.username=rs1_0.username 
        and ( rs1_1.deleted = 0) 
    left join
        (role_permission_tbl ps1_0 
    join
        permission_tbl ps1_1 
            on ps1_1.id=ps1_0.permission) 
        on rs1_1.name=ps1_0.role_name 
        and ( ps1_1.deleted = 0) 
    where
        u1_0.username=? 
        and (
            u1_0.deleted = 0
        )
00:06:36.558 [https-jsse-nio-8443-exec-3] TRACE org.hibernate.orm.jdbc.bind - binding parameter (1:VARCHAR) <- [sara]
00:06:36.558 [https-jsse-nio-8443-exec-3] TRACE org.hibernate.orm.jdbc.extract - extracted value (9:VARCHAR) -> [sara]
00:06:36.558 [https-jsse-nio-8443-exec-3] TRACE org.hibernate.orm.jdbc.extract - extracted value (10:VARCHAR) -> [ROLE_CUSTOMER]
00:06:36.558 [https-jsse-nio-8443-exec-3] TRACE org.hibernate.orm.jdbc.extract - extracted value (2:BOOLEAN) -> [true]
00:06:36.558 [https-jsse-nio-8443-exec-3] TRACE org.hibernate.orm.jdbc.extract - extracted value (3:BOOLEAN) -> [true]
00:06:36.558 [https-jsse-nio-8443-exec-3] TRACE org.hibernate.orm.jdbc.extract - extracted value (4:TIMESTAMP) -> [2026-02-15T12:48:51.616509]
00:06:36.558 [https-jsse-nio-8443-exec-3] TRACE org.hibernate.orm.jdbc.extract - extracted value (5:BOOLEAN) -> [true]
00:06:36.558 [https-jsse-nio-8443-exec-3] TRACE org.hibernate.orm.jdbc.extract - extracted value (6:BOOLEAN) -> [false]
00:06:36.558 [https-jsse-nio-8443-exec-3] TRACE org.hibernate.orm.jdbc.extract - extracted value (7:BOOLEAN) -> [true]
00:06:36.558 [https-jsse-nio-8443-exec-3] TRACE org.hibernate.orm.jdbc.extract - extracted value (8:VARCHAR) -> [$2a$12$3KF1d0C6MWaPMgJCZ2mg6u5yeosWuf8DV2vm1sVMiHzrwKRveJq/2]
00:06:36.558 [https-jsse-nio-8443-exec-3] TRACE org.hibernate.orm.jdbc.extract - extracted value (2:BOOLEAN) -> [false]
00:06:36.558 [https-jsse-nio-8443-exec-3] TRACE org.hibernate.orm.jdbc.extract - extracted value (3:VARCHAR) -> [sara@gmail.com]
00:06:36.558 [https-jsse-nio-8443-exec-3] TRACE org.hibernate.orm.jdbc.extract - extracted value (4:VARCHAR) -> [sara]
00:06:36.558 [https-jsse-nio-8443-exec-3] TRACE org.hibernate.orm.jdbc.extract - extracted value (5:VARCHAR) -> [sarmad]
00:06:36.558 [https-jsse-nio-8443-exec-3] TRACE org.hibernate.orm.jdbc.extract - extracted value (6:VARCHAR) -> [09178523600]
00:06:36.559 [https-jsse-nio-8443-exec-3] DEBUG org.hibernate.SQL - 
    /* <criteria> */ select
        count(p1_0.id) 
    from
        profile_tbl p1_0 
    where
        (
            p1_0.deleted = 0
        )
00:06:36.560 [https-jsse-nio-8443-exec-3] TRACE org.hibernate.orm.jdbc.extract - extracted value (1:BIGINT) -> [12]
00:06:36.560 [https-jsse-nio-8443-exec-3] DEBUG o.h.e.t.internal.TransactionImpl - committing
00:06:36.560 [https-jsse-nio-8443-exec-3] DEBUG o.s.jdbc.datasource.DataSourceUtils - Resetting read-only flag of JDBC Connection [HikariProxyConnection@444947964 wrapping oracle.jdbc.driver.T4CConnection@578779b1]
00:06:36.560 [https-jsse-nio-8443-exec-3] INFO  i.c.exception.ResponseAspect - Web Controller: profilesList
00:06:38.682 [https-jsse-nio-8443-exec-6] DEBUG o.s.security.web.FilterChainProxy - Securing GET /rest/roles
00:06:38.682 [https-jsse-nio-8443-exec-6] DEBUG o.s.s.w.a.c.ChannelProcessingFilter - Request: filter invocation [GET /rest/roles]; ConfigAttributes: [REQUIRES_SECURE_CHANNEL]
00:06:38.682 [https-jsse-nio-8443-exec-6] DEBUG o.s.s.w.c.HttpSessionSecurityContextRepository - Retrieved SecurityContextImpl [Authentication=UsernamePasswordAuthenticationToken [Principal=ir.model.entity.CustomUserDetails@7420bd47, Credentials=[PROTECTED], Authenticated=true, Details=WebAuthenticationDetails [RemoteIpAddress=0:0:0:0:0:0:0:1, SessionId=54B9903800BC0AD598F338FAFFE368E1], Granted Authorities=[TICKET_EDIT, ROLE_ADMIN, TICKET_CREATE, TICKET_DELETE]]]
00:06:38.682 [https-jsse-nio-8443-exec-6] DEBUG o.s.security.web.FilterChainProxy - Secured GET /rest/roles
00:06:38.683 [https-jsse-nio-8443-exec-6] DEBUG o.s.s.a.m.AuthorizationManagerBeforeMethodInterceptor - Authorizing method invocation ReflectiveMethodInvocation: public org.springframework.http.ResponseEntity ir.controller.api.RoleApi.getAllRoles(); target is of class [ir.controller.api.RoleApi]
00:06:38.683 [https-jsse-nio-8443-exec-6] DEBUG o.s.s.a.m.AuthorizationManagerBeforeMethodInterceptor - Authorized method invocation ReflectiveMethodInvocation: public org.springframework.http.ResponseEntity ir.controller.api.RoleApi.getAllRoles(); target is of class [ir.controller.api.RoleApi]
00:06:38.684 [https-jsse-nio-8443-exec-6] DEBUG o.s.jdbc.datasource.DataSourceUtils - Setting JDBC Connection [HikariProxyConnection@1174677226 wrapping oracle.jdbc.driver.T4CConnection@578779b1] read-only
00:06:38.684 [https-jsse-nio-8443-exec-6] DEBUG o.h.e.t.internal.TransactionImpl - On TransactionImpl creation, JpaCompliance#isJpaTransactionComplianceEnabled == false
00:06:38.684 [https-jsse-nio-8443-exec-6] DEBUG o.h.e.t.internal.TransactionImpl - begin
00:06:38.685 [https-jsse-nio-8443-exec-6] DEBUG org.hibernate.SQL - 
    /* <criteria> */ select
        r1_0.name,
        r1_0.deleted 
    from
        role_tbl r1_0 
    where
        (
            r1_0.deleted = 0
        )
00:06:38.686 [https-jsse-nio-8443-exec-6] TRACE org.hibernate.orm.jdbc.extract - extracted value (1:VARCHAR) -> [ROLE_ADMIN]
00:06:38.686 [https-jsse-nio-8443-exec-6] TRACE org.hibernate.orm.jdbc.extract - extracted value (2:BOOLEAN) -> [false]
00:06:38.686 [https-jsse-nio-8443-exec-6] TRACE org.hibernate.orm.jdbc.extract - extracted value (1:VARCHAR) -> [ROLE_MANAGER]
00:06:38.686 [https-jsse-nio-8443-exec-6] TRACE org.hibernate.orm.jdbc.extract - extracted value (2:BOOLEAN) -> [false]
00:06:38.686 [https-jsse-nio-8443-exec-6] TRACE org.hibernate.orm.jdbc.extract - extracted value (1:VARCHAR) -> [ROLE_CUSTOMER]
00:06:38.686 [https-jsse-nio-8443-exec-6] TRACE org.hibernate.orm.jdbc.extract - extracted value (2:BOOLEAN) -> [false]
00:06:38.686 [https-jsse-nio-8443-exec-6] DEBUG org.hibernate.SQL - 
    select
        ps1_0.role_name,
        ps1_1.id,
        ps1_1.deleted,
        ps1_1.permission 
    from
        role_permission_tbl ps1_0 
    join
        permission_tbl ps1_1 
            on ps1_1.id=ps1_0.permission 
    where
        ps1_0.role_name=? 
        and (
            ps1_1.deleted = 0
        )
00:06:38.686 [https-jsse-nio-8443-exec-6] TRACE org.hibernate.orm.jdbc.bind - binding parameter (1:VARCHAR) <- [ROLE_CUSTOMER]
00:06:38.687 [https-jsse-nio-8443-exec-6] TRACE org.hibernate.orm.jdbc.extract - extracted value (1:VARCHAR) -> [ROLE_CUSTOMER]
00:06:38.687 [https-jsse-nio-8443-exec-6] TRACE org.hibernate.orm.jdbc.extract - extracted value (2:BIGINT) -> [5]
00:06:38.687 [https-jsse-nio-8443-exec-6] TRACE org.hibernate.orm.jdbc.extract - extracted value (3:BOOLEAN) -> [false]
00:06:38.687 [https-jsse-nio-8443-exec-6] TRACE org.hibernate.orm.jdbc.extract - extracted value (4:VARCHAR) -> [TICKET_CREATE]
00:06:38.687 [https-jsse-nio-8443-exec-6] DEBUG org.hibernate.SQL - 
    select
        ps1_0.role_name,
        ps1_1.id,
        ps1_1.deleted,
        ps1_1.permission 
    from
        role_permission_tbl ps1_0 
    join
        permission_tbl ps1_1 
            on ps1_1.id=ps1_0.permission 
    where
        ps1_0.role_name=? 
        and (
            ps1_1.deleted = 0
        )
00:06:38.687 [https-jsse-nio-8443-exec-6] TRACE org.hibernate.orm.jdbc.bind - binding parameter (1:VARCHAR) <- [ROLE_MANAGER]
00:06:38.688 [https-jsse-nio-8443-exec-6] TRACE org.hibernate.orm.jdbc.extract - extracted value (1:VARCHAR) -> [ROLE_MANAGER]
00:06:38.688 [https-jsse-nio-8443-exec-6] TRACE org.hibernate.orm.jdbc.extract - extracted value (2:BIGINT) -> [3]
00:06:38.688 [https-jsse-nio-8443-exec-6] TRACE org.hibernate.orm.jdbc.extract - extracted value (3:BOOLEAN) -> [false]
00:06:38.688 [https-jsse-nio-8443-exec-6] TRACE org.hibernate.orm.jdbc.extract - extracted value (4:VARCHAR) -> [TICKET_EDIT]
00:06:38.688 [https-jsse-nio-8443-exec-6] DEBUG org.hibernate.SQL - 
    select
        ps1_0.role_name,
        ps1_1.id,
        ps1_1.deleted,
        ps1_1.permission 
    from
        role_permission_tbl ps1_0 
    join
        permission_tbl ps1_1 
            on ps1_1.id=ps1_0.permission 
    where
        ps1_0.role_name=? 
        and (
            ps1_1.deleted = 0
        )
00:06:38.688 [https-jsse-nio-8443-exec-6] TRACE org.hibernate.orm.jdbc.bind - binding parameter (1:VARCHAR) <- [ROLE_ADMIN]
00:06:38.688 [https-jsse-nio-8443-exec-6] TRACE org.hibernate.orm.jdbc.extract - extracted value (1:VARCHAR) -> [ROLE_ADMIN]
00:06:38.688 [https-jsse-nio-8443-exec-6] TRACE org.hibernate.orm.jdbc.extract - extracted value (2:BIGINT) -> [3]
00:06:38.688 [https-jsse-nio-8443-exec-6] TRACE org.hibernate.orm.jdbc.extract - extracted value (1:VARCHAR) -> [ROLE_ADMIN]
00:06:38.688 [https-jsse-nio-8443-exec-6] TRACE org.hibernate.orm.jdbc.extract - extracted value (2:BIGINT) -> [4]
00:06:38.688 [https-jsse-nio-8443-exec-6] TRACE org.hibernate.orm.jdbc.extract - extracted value (3:BOOLEAN) -> [false]
00:06:38.688 [https-jsse-nio-8443-exec-6] TRACE org.hibernate.orm.jdbc.extract - extracted value (4:VARCHAR) -> [TICKET_DELETE]
00:06:38.688 [https-jsse-nio-8443-exec-6] TRACE org.hibernate.orm.jdbc.extract - extracted value (1:VARCHAR) -> [ROLE_ADMIN]
00:06:38.688 [https-jsse-nio-8443-exec-6] TRACE org.hibernate.orm.jdbc.extract - extracted value (2:BIGINT) -> [5]
00:06:38.689 [https-jsse-nio-8443-exec-6] DEBUG o.h.e.t.internal.TransactionImpl - committing
00:06:38.689 [https-jsse-nio-8443-exec-6] DEBUG o.s.jdbc.datasource.DataSourceUtils - Resetting read-only flag of JDBC Connection [HikariProxyConnection@1174677226 wrapping oracle.jdbc.driver.T4CConnection@578779b1]
00:06:38.689 [https-jsse-nio-8443-exec-6] INFO  i.c.exception.ResponseAspect - API: getAllRoles
00:06:54.058 [SpringApplicationShutdownHook] INFO  o.s.b.w.e.tomcat.GracefulShutdown - Commencing graceful shutdown. Waiting for active requests to complete
00:06:54.389 [tomcat-shutdown] INFO  o.s.b.w.e.tomcat.GracefulShutdown - Graceful shutdown complete
00:06:54.406 [SpringApplicationShutdownHook] INFO  o.s.o.j.LocalContainerEntityManagerFactoryBean - Closing JPA EntityManagerFactory for persistence unit 'default'
00:06:54.409 [SpringApplicationShutdownHook] INFO  com.zaxxer.hikari.HikariDataSource - HikariPool-1 - Shutdown initiated...
00:06:54.416 [SpringApplicationShutdownHook] INFO  com.zaxxer.hikari.HikariDataSource - HikariPool-1 - Shutdown completed.
