08:17:05.906 [background-preinit] INFO  o.h.validator.internal.util.Version - HV000001: Hibernate Validator 8.0.2.Final
08:17:05.948 [restartedMain] INFO  ir.TicketingSpringSample - Starting TicketingSpringSample using Java 17.0.12 with PID 8072 (D:\JAVA\MFT learning\projects\Spring\ticketing_spring_sample\target\classes started by arbab in D:\JAVA\MFT learning\projects\Spring\ticketing_spring_sample)
08:17:05.948 [restartedMain] INFO  ir.TicketingSpringSample - The following 1 profile is active: "dev"
08:17:05.995 [restartedMain] INFO  o.s.b.d.restart.ChangeableUrls - The Class-Path manifest attribute in C:\Users\arbab\.m2\repository\com\oracle\database\jdbc\ojdbc11\21.9.0.0\ojdbc11-21.9.0.0.jar referenced one or more files that do not exist: file:/C:/Users/arbab/.m2/repository/com/oracle/database/jdbc/ojdbc11/21.9.0.0/oraclepki.jar
08:17:05.995 [restartedMain] INFO  o.s.b.d.e.DevToolsPropertyDefaultsPostProcessor - Devtools property defaults active! Set 'spring.devtools.add-properties' to 'false' to disable
08:17:05.996 [restartedMain] INFO  o.s.b.d.e.DevToolsPropertyDefaultsPostProcessor - For additional web related logging consider setting the 'logging.level.web' property to 'DEBUG'
08:17:06.764 [restartedMain] INFO  o.s.b.f.s.DefaultListableBeanFactory - Overriding bean definition for bean 'localeResolver' with a different definition: replacing [Root bean: class=null; scope=; abstract=false; lazyInit=null; autowireMode=3; dependencyCheck=0; autowireCandidate=true; primary=false; fallback=false; factoryBeanName=org.springframework.web.servlet.config.annotation.DelegatingWebMvcConfiguration; factoryMethodName=localeResolver; initMethodNames=null; destroyMethodNames=[(inferred)]; defined in class path resource [org/springframework/web/servlet/config/annotation/DelegatingWebMvcConfiguration.class]] with [Root bean: class=null; scope=; abstract=false; lazyInit=null; autowireMode=3; dependencyCheck=0; autowireCandidate=true; primary=false; fallback=false; factoryBeanName=webConfig; factoryMethodName=localeResolver; initMethodNames=null; destroyMethodNames=[(inferred)]; defined in class path resource [ir/config/WebConfig.class]]
08:17:06.773 [restartedMain] INFO  o.s.d.r.c.RepositoryConfigurationDelegate - Multiple Spring Data modules found, entering strict repository configuration mode
08:17:06.773 [restartedMain] INFO  o.s.d.r.c.RepositoryConfigurationDelegate - Bootstrapping Spring Data JPA repositories in DEFAULT mode.
08:17:06.969 [restartedMain] INFO  o.s.d.r.c.RepositoryConfigurationDelegate - Finished Spring Data repository scanning in 188 ms. Found 8 JPA repository interfaces.
08:17:07.351 [restartedMain] INFO  o.s.d.r.c.RepositoryConfigurationDelegate - Multiple Spring Data modules found, entering strict repository configuration mode
08:17:07.352 [restartedMain] INFO  o.s.d.r.c.RepositoryConfigurationDelegate - Bootstrapping Spring Data MongoDB repositories in DEFAULT mode.
08:17:07.364 [restartedMain] INFO  o.s.d.r.c.RepositoryConfigurationExtensionSupport - Spring Data MongoDB - Could not safely identify store assignment for repository candidate interface ir.repository.AttachmentRepository; If you want this repository to be a MongoDB repository, consider annotating your entities with one of these annotations: org.springframework.data.mongodb.core.mapping.Document (preferred), or consider extending one of the following types with your repository: org.springframework.data.mongodb.repository.MongoRepository
08:17:07.364 [restartedMain] INFO  o.s.d.r.c.RepositoryConfigurationExtensionSupport - Spring Data MongoDB - Could not safely identify store assignment for repository candidate interface ir.repository.MessageRepository; If you want this repository to be a MongoDB repository, consider annotating your entities with one of these annotations: org.springframework.data.mongodb.core.mapping.Document (preferred), or consider extending one of the following types with your repository: org.springframework.data.mongodb.repository.MongoRepository
08:17:07.364 [restartedMain] INFO  o.s.d.r.c.RepositoryConfigurationExtensionSupport - Spring Data MongoDB - Could not safely identify store assignment for repository candidate interface ir.repository.PermissionRepository; If you want this repository to be a MongoDB repository, consider annotating your entities with one of these annotations: org.springframework.data.mongodb.core.mapping.Document (preferred), or consider extending one of the following types with your repository: org.springframework.data.mongodb.repository.MongoRepository
08:17:07.364 [restartedMain] INFO  o.s.d.r.c.RepositoryConfigurationExtensionSupport - Spring Data MongoDB - Could not safely identify store assignment for repository candidate interface ir.repository.ProfileRepository; If you want this repository to be a MongoDB repository, consider annotating your entities with one of these annotations: org.springframework.data.mongodb.core.mapping.Document (preferred), or consider extending one of the following types with your repository: org.springframework.data.mongodb.repository.MongoRepository
08:17:07.365 [restartedMain] INFO  o.s.d.r.c.RepositoryConfigurationExtensionSupport - Spring Data MongoDB - Could not safely identify store assignment for repository candidate interface ir.repository.RoleRepository; If you want this repository to be a MongoDB repository, consider annotating your entities with one of these annotations: org.springframework.data.mongodb.core.mapping.Document (preferred), or consider extending one of the following types with your repository: org.springframework.data.mongodb.repository.MongoRepository
08:17:07.365 [restartedMain] INFO  o.s.d.r.c.RepositoryConfigurationExtensionSupport - Spring Data MongoDB - Could not safely identify store assignment for repository candidate interface ir.repository.SectionRepository; If you want this repository to be a MongoDB repository, consider annotating your entities with one of these annotations: org.springframework.data.mongodb.core.mapping.Document (preferred), or consider extending one of the following types with your repository: org.springframework.data.mongodb.repository.MongoRepository
08:17:07.365 [restartedMain] INFO  o.s.d.r.c.RepositoryConfigurationExtensionSupport - Spring Data MongoDB - Could not safely identify store assignment for repository candidate interface ir.repository.TicketRepository; If you want this repository to be a MongoDB repository, consider annotating your entities with one of these annotations: org.springframework.data.mongodb.core.mapping.Document (preferred), or consider extending one of the following types with your repository: org.springframework.data.mongodb.repository.MongoRepository
08:17:07.365 [restartedMain] INFO  o.s.d.r.c.RepositoryConfigurationExtensionSupport - Spring Data MongoDB - Could not safely identify store assignment for repository candidate interface ir.repository.UserRepository; If you want this repository to be a MongoDB repository, consider annotating your entities with one of these annotations: org.springframework.data.mongodb.core.mapping.Document (preferred), or consider extending one of the following types with your repository: org.springframework.data.mongodb.repository.MongoRepository
08:17:07.365 [restartedMain] INFO  o.s.d.r.c.RepositoryConfigurationDelegate - Finished Spring Data repository scanning in 12 ms. Found 0 MongoDB repository interfaces.
08:17:07.377 [restartedMain] INFO  o.s.d.r.c.RepositoryConfigurationDelegate - Multiple Spring Data modules found, entering strict repository configuration mode
08:17:07.378 [restartedMain] INFO  o.s.d.r.c.RepositoryConfigurationDelegate - Bootstrapping Spring Data Redis repositories in DEFAULT mode.
08:17:07.390 [restartedMain] INFO  o.s.d.r.c.RepositoryConfigurationExtensionSupport - Spring Data Redis - Could not safely identify store assignment for repository candidate interface ir.repository.AttachmentRepository; If you want this repository to be a Redis repository, consider annotating your entities with one of these annotations: org.springframework.data.redis.core.RedisHash (preferred), or consider extending one of the following types with your repository: org.springframework.data.keyvalue.repository.KeyValueRepository
08:17:07.390 [restartedMain] INFO  o.s.d.r.c.RepositoryConfigurationExtensionSupport - Spring Data Redis - Could not safely identify store assignment for repository candidate interface ir.repository.MessageRepository; If you want this repository to be a Redis repository, consider annotating your entities with one of these annotations: org.springframework.data.redis.core.RedisHash (preferred), or consider extending one of the following types with your repository: org.springframework.data.keyvalue.repository.KeyValueRepository
08:17:07.391 [restartedMain] INFO  o.s.d.r.c.RepositoryConfigurationExtensionSupport - Spring Data Redis - Could not safely identify store assignment for repository candidate interface ir.repository.PermissionRepository; If you want this repository to be a Redis repository, consider annotating your entities with one of these annotations: org.springframework.data.redis.core.RedisHash (preferred), or consider extending one of the following types with your repository: org.springframework.data.keyvalue.repository.KeyValueRepository
08:17:07.391 [restartedMain] INFO  o.s.d.r.c.RepositoryConfigurationExtensionSupport - Spring Data Redis - Could not safely identify store assignment for repository candidate interface ir.repository.ProfileRepository; If you want this repository to be a Redis repository, consider annotating your entities with one of these annotations: org.springframework.data.redis.core.RedisHash (preferred), or consider extending one of the following types with your repository: org.springframework.data.keyvalue.repository.KeyValueRepository
08:17:07.391 [restartedMain] INFO  o.s.d.r.c.RepositoryConfigurationExtensionSupport - Spring Data Redis - Could not safely identify store assignment for repository candidate interface ir.repository.RoleRepository; If you want this repository to be a Redis repository, consider annotating your entities with one of these annotations: org.springframework.data.redis.core.RedisHash (preferred), or consider extending one of the following types with your repository: org.springframework.data.keyvalue.repository.KeyValueRepository
08:17:07.391 [restartedMain] INFO  o.s.d.r.c.RepositoryConfigurationExtensionSupport - Spring Data Redis - Could not safely identify store assignment for repository candidate interface ir.repository.SectionRepository; If you want this repository to be a Redis repository, consider annotating your entities with one of these annotations: org.springframework.data.redis.core.RedisHash (preferred), or consider extending one of the following types with your repository: org.springframework.data.keyvalue.repository.KeyValueRepository
08:17:07.391 [restartedMain] INFO  o.s.d.r.c.RepositoryConfigurationExtensionSupport - Spring Data Redis - Could not safely identify store assignment for repository candidate interface ir.repository.TicketRepository; If you want this repository to be a Redis repository, consider annotating your entities with one of these annotations: org.springframework.data.redis.core.RedisHash (preferred), or consider extending one of the following types with your repository: org.springframework.data.keyvalue.repository.KeyValueRepository
08:17:07.391 [restartedMain] INFO  o.s.d.r.c.RepositoryConfigurationExtensionSupport - Spring Data Redis - Could not safely identify store assignment for repository candidate interface ir.repository.UserRepository; If you want this repository to be a Redis repository, consider annotating your entities with one of these annotations: org.springframework.data.redis.core.RedisHash (preferred), or consider extending one of the following types with your repository: org.springframework.data.keyvalue.repository.KeyValueRepository
08:17:07.391 [restartedMain] INFO  o.s.d.r.c.RepositoryConfigurationDelegate - Finished Spring Data repository scanning in 5 ms. Found 0 Redis repository interfaces.
08:17:08.308 [restartedMain] INFO  o.s.b.w.e.tomcat.TomcatWebServer - Tomcat initialized with port 8443 (https)
08:17:08.318 [restartedMain] INFO  o.a.coyote.http11.Http11NioProtocol - Initializing ProtocolHandler ["https-jsse-nio-8443"]
08:17:08.321 [restartedMain] INFO  o.a.catalina.core.StandardService - Starting service [Tomcat]
08:17:08.321 [restartedMain] INFO  o.a.catalina.core.StandardEngine - Starting Servlet engine: [Apache Tomcat/10.1.36]
08:17:08.366 [restartedMain] INFO  o.a.c.c.C.[Tomcat].[localhost].[/] - Initializing Spring embedded WebApplicationContext
08:17:08.367 [restartedMain] INFO  o.s.b.w.s.c.ServletWebServerApplicationContext - Root WebApplicationContext: initialization completed in 2362 ms
08:17:08.833 [restartedMain] INFO  o.h.jpa.internal.util.LogHelper - HHH000204: Processing PersistenceUnitInfo [name: default]
08:17:08.892 [restartedMain] INFO  org.hibernate.Version - HHH000412: Hibernate ORM core version 6.6.8.Final
08:17:08.925 [restartedMain] INFO  o.h.c.i.RegionFactoryInitiator - HHH000026: Second-level cache disabled
08:17:09.170 [restartedMain] INFO  o.s.o.j.p.SpringPersistenceUnitInfo - No LoadTimeWeaver setup: ignoring JPA class transformer
08:17:09.195 [restartedMain] INFO  com.zaxxer.hikari.HikariDataSource - HikariPool-1 - Starting...
08:17:09.442 [restartedMain] INFO  com.zaxxer.hikari.pool.HikariPool - HikariPool-1 - Added connection oracle.jdbc.driver.T4CConnection@5f8cb559
08:17:09.443 [restartedMain] INFO  com.zaxxer.hikari.HikariDataSource - HikariPool-1 - Start completed.
08:17:09.562 [restartedMain] WARN  org.hibernate.orm.deprecation - HHH90000025: OracleDialect does not need to be specified explicitly using 'hibernate.dialect' (remove the property setting and it will be selected by default)
08:17:09.589 [restartedMain] INFO  o.hibernate.orm.connections.pooling - HHH10001005: Database info:
	Database JDBC URL [Connecting through datasource 'HikariDataSource (HikariPool-1)']
	Database driver: undefined/unknown
	Database version: 21.0
	Autocommit mode: undefined/unknown
	Isolation level: undefined/unknown
	Minimum pool size: undefined/unknown
	Maximum pool size: undefined/unknown
08:17:10.530 [restartedMain] INFO  o.h.e.t.j.p.i.JtaPlatformInitiator - HHH000489: No JTA platform available (set 'hibernate.transaction.jta.platform' to enable JTA platform integration)
08:17:11.493 [restartedMain] DEBUG org.hibernate.SQL - 
    alter table attachment_tbl 
       modify file_type smallint
08:17:11.499 [restartedMain] DEBUG org.hibernate.SQL - 
    alter table ticket_tbl 
       modify status smallint
08:17:15.643 [restartedMain] INFO  o.s.o.j.LocalContainerEntityManagerFactoryBean - Initialized JPA EntityManagerFactory for persistence unit 'default'
08:17:16.401 [restartedMain] INFO  o.s.d.j.r.query.QueryEnhancerFactory - Hibernate is in classpath; If applicable, HQL parser will be used.
08:17:16.902 [restartedMain] TRACE o.s.c.a.AnnotationCacheOperationSource - Adding cacheable method 'update' with operations: [Builder[public ir.model.entity.Section ir.service.impl.SectionServiceImpl.update(java.lang.Long,ir.model.entity.Section)] caches=[sections, sectionsPageable, sectionsFilter] | key='' | keyGenerator='' | cacheManager='' | cacheResolver='' | condition='',true,false]
08:17:16.906 [restartedMain] TRACE o.s.c.a.AnnotationCacheOperationSource - Adding cacheable method 'save' with operations: [Builder[public ir.model.entity.Section ir.service.impl.SectionServiceImpl.save(ir.model.entity.Section)] caches=[sections, sectionsPageable, sectionsFilter] | key='' | keyGenerator='' | cacheManager='' | cacheResolver='' | condition='',true,false]
08:17:16.907 [restartedMain] TRACE o.s.c.a.AnnotationCacheOperationSource - Adding cacheable method 'findAll' with operations: [Builder[public org.springframework.data.domain.Page ir.service.impl.SectionServiceImpl.findAll(org.springframework.data.domain.Pageable)] caches=[sectionsPageable] | key='' | keyGenerator='' | cacheManager='' | cacheResolver='' | condition='' | unless='' | sync='false']
08:17:16.907 [restartedMain] TRACE o.s.c.a.AnnotationCacheOperationSource - Adding cacheable method 'findAll' with operations: [Builder[public java.util.List ir.service.impl.SectionServiceImpl.findAll()] caches=[sections] | key='' | keyGenerator='' | cacheManager='' | cacheResolver='' | condition='' | unless='' | sync='false']
08:17:16.908 [restartedMain] TRACE o.s.c.a.AnnotationCacheOperationSource - Adding cacheable method 'findAllForFilter' with operations: [Builder[public java.util.List ir.service.impl.SectionServiceImpl.findAllForFilter()] caches=[sectionsFilter] | key='' | keyGenerator='' | cacheManager='' | cacheResolver='' | condition='' | unless='' | sync='false']
08:17:16.908 [restartedMain] TRACE o.s.c.a.AnnotationCacheOperationSource - Adding cacheable method 'deleteById' with operations: [Builder[public void ir.service.impl.SectionServiceImpl.deleteById(java.lang.Long)] caches=[sections, sectionsPageable, sectionsFilter] | key='' | keyGenerator='' | cacheManager='' | cacheResolver='' | condition='',true,false]
08:17:17.288 [restartedMain] WARN  o.s.b.a.o.j.JpaBaseConfiguration$JpaWebConfiguration - spring.jpa.open-in-view is enabled by default. Therefore, database queries may be performed during view rendering. Explicitly configure spring.jpa.open-in-view to disable this warning
08:17:17.348 [restartedMain] INFO  o.s.s.c.a.a.c.InitializeAuthenticationProviderBeanManagerConfigurer$InitializeAuthenticationProviderManagerConfigurer - Global AuthenticationManager configured with AuthenticationProvider bean with name authenticationProvider
08:17:17.349 [restartedMain] WARN  o.s.s.c.a.a.c.InitializeUserDetailsBeanManagerConfigurer$InitializeUserDetailsManagerConfigurer - Global AuthenticationManager configured with an AuthenticationProvider bean. UserDetailsService beans will not be used by Spring Security for automatically configuring username/password login. Consider removing the AuthenticationProvider bean. Alternatively, consider using the UserDetailsService in a manually instantiated DaoAuthenticationProvider. If the current configuration is intentional, to turn off this warning, increase the logging level of 'org.springframework.security.config.annotation.authentication.configuration.InitializeUserDetailsBeanManagerConfigurer' to ERROR
08:17:17.852 [cluster-ClusterId{value='68e0a6d596508d0046b69858', description='null'}-localhost:27017] INFO  org.mongodb.driver.cluster - Exception in monitor thread while connecting to server localhost:27017
com.mongodb.MongoSocketOpenException: Exception opening socket
	at com.mongodb.internal.connection.SocketStream.lambda$open$0(SocketStream.java:85)
	at java.base/java.util.Optional.orElseThrow(Optional.java:403)
	at com.mongodb.internal.connection.SocketStream.open(SocketStream.java:85)
	at com.mongodb.internal.connection.InternalStreamConnection.open(InternalStreamConnection.java:233)
	at com.mongodb.internal.connection.DefaultServerMonitor$ServerMonitor.lookupServerDescription(DefaultServerMonitor.java:219)
	at com.mongodb.internal.connection.DefaultServerMonitor$ServerMonitor.run(DefaultServerMonitor.java:176)
Caused by: java.net.ConnectException: Connection refused: no further information
	at java.base/sun.nio.ch.Net.pollConnect(Native Method)
	at java.base/sun.nio.ch.Net.pollConnectNow(Net.java:672)
	at java.base/sun.nio.ch.NioSocketImpl.timedFinishConnect(NioSocketImpl.java:547)
	at java.base/sun.nio.ch.NioSocketImpl.connect(NioSocketImpl.java:602)
	at java.base/java.net.SocksSocketImpl.connect(SocksSocketImpl.java:327)
	at java.base/java.net.Socket.connect(Socket.java:633)
	at com.mongodb.internal.connection.SocketStreamHelper.initialize(SocketStreamHelper.java:76)
	at com.mongodb.internal.connection.SocketStream.initializeSocket(SocketStream.java:104)
	at com.mongodb.internal.connection.SocketStream.open(SocketStream.java:79)
	... 3 common frames omitted
08:17:17.857 [restartedMain] INFO  org.mongodb.driver.client - MongoClient with metadata {"driver": {"name": "mongo-java-driver|sync|spring-boot", "version": "5.2.1"}, "os": {"type": "Windows", "name": "Windows 10", "architecture": "amd64", "version": "10.0"}, "platform": "Java/Oracle Corporation/17.0.12+8-LTS-286"} created with settings MongoClientSettings{readPreference=primary, writeConcern=WriteConcern{w=null, wTimeout=null ms, journal=null}, retryWrites=true, retryReads=true, readConcern=ReadConcern{level=null}, credential=null, transportSettings=null, commandListeners=[io.micrometer.core.instrument.binder.mongodb.MongoMetricsCommandListener@64345cc0], codecRegistry=ProvidersCodecRegistry{codecProviders=[ValueCodecProvider{}, BsonValueCodecProvider{}, DBRefCodecProvider{}, DBObjectCodecProvider{}, DocumentCodecProvider{}, CollectionCodecProvider{}, IterableCodecProvider{}, MapCodecProvider{}, GeoJsonCodecProvider{}, GridFSFileCodecProvider{}, Jsr310CodecProvider{}, JsonObjectCodecProvider{}, BsonCodecProvider{}, EnumCodecProvider{}, com.mongodb.client.model.mql.ExpressionCodecProvider@111ae844, com.mongodb.Jep395RecordCodecProvider@3f5bfce5, com.mongodb.KotlinCodecProvider@2c121dcc]}, loggerSettings=LoggerSettings{maxDocumentLength=1000}, clusterSettings={hosts=[localhost:27017], srvServiceName=mongodb, mode=SINGLE, requiredClusterType=UNKNOWN, requiredReplicaSetName='null', serverSelector='null', clusterListeners='[]', serverSelectionTimeout='30000 ms', localThreshold='15 ms'}, socketSettings=SocketSettings{connectTimeoutMS=10000, readTimeoutMS=0, receiveBufferSize=0, proxySettings=ProxySettings{host=null, port=null, username=null, password=null}}, heartbeatSocketSettings=SocketSettings{connectTimeoutMS=10000, readTimeoutMS=10000, receiveBufferSize=0, proxySettings=ProxySettings{host=null, port=null, username=null, password=null}}, connectionPoolSettings=ConnectionPoolSettings{maxSize=100, minSize=0, maxWaitTimeMS=120000, maxConnectionLifeTimeMS=0, maxConnectionIdleTimeMS=0, maintenanceInitialDelayMS=0, maintenanceFrequencyMS=60000, connectionPoolListeners=[io.micrometer.core.instrument.binder.mongodb.MongoMetricsConnectionPoolListener@2d196b41], maxConnecting=2}, serverSettings=ServerSettings{heartbeatFrequencyMS=10000, minHeartbeatFrequencyMS=500, serverMonitoringMode=AUTO, serverListeners='[]', serverMonitorListeners='[]'}, sslSettings=SslSettings{enabled=false, invalidHostNameAllowed=false, context=null}, applicationName='null', compressorList=[], uuidRepresentation=JAVA_LEGACY, serverApi=null, autoEncryptionSettings=null, dnsClient=null, inetAddressResolver=null, contextProvider=null, timeoutMS=null}
08:17:18.624 [restartedMain] INFO  o.s.b.a.e.web.EndpointLinksResolver - Exposing 3 endpoints beneath base path '/actuator'
08:17:18.820 [restartedMain] INFO  o.s.s.w.a.c.ChannelProcessingFilter - Validated configuration attributes
08:17:18.824 [restartedMain] DEBUG o.s.s.web.DefaultSecurityFilterChain - Will secure any request with filters: DisableEncodeUrlFilter, ChannelProcessingFilter, WebAsyncManagerIntegrationFilter, SecurityContextHolderFilter, HeaderWriterFilter, CorsFilter, CsrfFilter, LogoutFilter, UsernamePasswordAuthenticationFilter, ConcurrentSessionFilter, RequestCacheAwareFilter, SecurityContextHolderAwareRequestFilter, AnonymousAuthenticationFilter, SessionManagementFilter, ExceptionTranslationFilter, AuthorizationFilter
08:17:19.742 [restartedMain] INFO  o.s.b.a.h.H2ConsoleAutoConfiguration - H2 console available at '/h2-console'. Database available at 'jdbc:oracle:thin:@localhost:1521:xe'
08:17:19.872 [restartedMain] INFO  o.s.b.d.a.OptionalLiveReloadServer - LiveReload server is running on port 35729
08:17:19.933 [restartedMain] INFO  o.a.coyote.http11.Http11NioProtocol - Starting ProtocolHandler ["https-jsse-nio-8443"]
08:17:20.089 [restartedMain] INFO  o.a.t.u.net.NioEndpoint.certificate - Connector [https-jsse-nio-8443], TLS virtual host [_default_], certificate type [UNDEFINED] configured from keystore [C:\Users\arbab\.keystore] using alias [ticketingkey] with trust store [null]
08:17:20.101 [restartedMain] INFO  o.s.b.w.e.tomcat.TomcatWebServer - Tomcat started on port 8443 (https) with context path '/'
08:17:20.115 [restartedMain] INFO  ir.TicketingSpringSample - Started TicketingSpringSample in 14.525 seconds (process running for 15.603)
08:17:20.123 [restartedMain] TRACE o.s.c.interceptor.CacheInterceptor - Computed cache key 'SimpleKey []' for operation Builder[public java.util.List ir.service.impl.SectionServiceImpl.findAll()] caches=[sections] | key='' | keyGenerator='' | cacheManager='' | cacheResolver='' | condition='' | unless='' | sync='false'
08:17:20.124 [restartedMain] TRACE o.s.c.interceptor.CacheInterceptor - No cache entry for key 'SimpleKey []' in cache(s) [sections]
08:17:20.129 [restartedMain] DEBUG o.s.jdbc.datasource.DataSourceUtils - Setting JDBC Connection [HikariProxyConnection@46387342 wrapping oracle.jdbc.driver.T4CConnection@5f8cb559] read-only
08:17:20.129 [restartedMain] DEBUG o.h.e.t.internal.TransactionImpl - On TransactionImpl creation, JpaCompliance#isJpaTransactionComplianceEnabled == false
08:17:20.129 [restartedMain] DEBUG o.h.e.t.internal.TransactionImpl - begin
08:17:20.173 [restartedMain] DEBUG org.hibernate.SQL - 
    /* <criteria> */ select
        s1_0.id,
        s1_0.deleted,
        s1_0.parent_section_id,
        s1_0.title 
    from
        section_table s1_0 
    where
        (
            s1_0.deleted = 0
        )
08:17:20.190 [restartedMain] TRACE org.hibernate.orm.jdbc.extract - extracted value (1:BIGINT) -> [56]
08:17:20.194 [restartedMain] TRACE org.hibernate.orm.jdbc.extract - extracted value (3:BIGINT) -> [55]
08:17:20.198 [restartedMain] DEBUG org.hibernate.SQL - 
    select
        s1_0.id,
        s1_0.deleted,
        ps1_0.id,
        ps1_0.deleted,
        ps1_0.parent_section_id,
        ps1_0.title,
        s1_0.title,
        csl1_0.parent_section_id,
        csl1_0.id,
        csl1_0.deleted,
        csl1_0.title 
    from
        section_table s1_0 
    left join
        section_table ps1_0 
            on ps1_0.id=s1_0.parent_section_id 
            and (ps1_0.deleted = 0) 
    left join
        section_table csl1_0 
            on s1_0.id=csl1_0.parent_section_id 
            and (csl1_0.deleted = 0) 
    where
        s1_0.id=? 
        and (
            s1_0.deleted = 0
        )
08:17:20.199 [restartedMain] TRACE org.hibernate.orm.jdbc.bind - binding parameter (1:BIGINT) <- [55]
08:17:20.212 [restartedMain] TRACE org.hibernate.orm.jdbc.extract - extracted value (8:BIGINT) -> [55]
08:17:20.212 [restartedMain] TRACE org.hibernate.orm.jdbc.extract - extracted value (9:BIGINT) -> [56]
08:17:20.212 [restartedMain] TRACE org.hibernate.orm.jdbc.extract - extracted value (3:BIGINT) -> [53]
08:17:20.212 [restartedMain] TRACE org.hibernate.orm.jdbc.extract - extracted value (5:BIGINT) -> [52]
08:17:20.213 [restartedMain] DEBUG org.hibernate.SQL - 
    select
        s1_0.id,
        s1_0.deleted,
        ps1_0.id,
        ps1_0.deleted,
        ps1_0.parent_section_id,
        ps1_0.title,
        s1_0.title,
        csl1_0.parent_section_id,
        csl1_0.id,
        csl1_0.deleted,
        csl1_0.title 
    from
        section_table s1_0 
    left join
        section_table ps1_0 
            on ps1_0.id=s1_0.parent_section_id 
            and (ps1_0.deleted = 0) 
    left join
        section_table csl1_0 
            on s1_0.id=csl1_0.parent_section_id 
            and (csl1_0.deleted = 0) 
    where
        s1_0.id=? 
        and (
            s1_0.deleted = 0
        )
08:17:20.213 [restartedMain] TRACE org.hibernate.orm.jdbc.bind - binding parameter (1:BIGINT) <- [52]
08:17:20.214 [restartedMain] TRACE org.hibernate.orm.jdbc.extract - extracted value (8:BIGINT) -> [52]
08:17:20.214 [restartedMain] TRACE org.hibernate.orm.jdbc.extract - extracted value (9:BIGINT) -> [53]
08:17:20.214 [restartedMain] TRACE org.hibernate.orm.jdbc.extract - extracted value (3:BIGINT) -> [51]
08:17:20.214 [restartedMain] TRACE org.hibernate.orm.jdbc.extract - extracted value (5:BIGINT) -> [6]
08:17:20.214 [restartedMain] DEBUG org.hibernate.SQL - 
    select
        s1_0.id,
        s1_0.deleted,
        ps1_0.id,
        ps1_0.deleted,
        ps1_0.parent_section_id,
        ps1_0.title,
        s1_0.title,
        csl1_0.parent_section_id,
        csl1_0.id,
        csl1_0.deleted,
        csl1_0.title 
    from
        section_table s1_0 
    left join
        section_table ps1_0 
            on ps1_0.id=s1_0.parent_section_id 
            and (ps1_0.deleted = 0) 
    left join
        section_table csl1_0 
            on s1_0.id=csl1_0.parent_section_id 
            and (csl1_0.deleted = 0) 
    where
        s1_0.id=? 
        and (
            s1_0.deleted = 0
        )
08:17:20.214 [restartedMain] TRACE org.hibernate.orm.jdbc.bind - binding parameter (1:BIGINT) <- [6]
08:17:20.215 [restartedMain] TRACE org.hibernate.orm.jdbc.extract - extracted value (8:BIGINT) -> [6]
08:17:20.215 [restartedMain] TRACE org.hibernate.orm.jdbc.extract - extracted value (9:BIGINT) -> [51]
08:17:20.215 [restartedMain] TRACE org.hibernate.orm.jdbc.extract - extracted value (3:BIGINT) -> [1]
08:17:20.215 [restartedMain] TRACE org.hibernate.orm.jdbc.extract - extracted value (5:BIGINT) -> [null]
08:17:20.217 [restartedMain] TRACE org.hibernate.orm.jdbc.extract - extracted value (4:BOOLEAN) -> [false]
08:17:20.217 [restartedMain] TRACE org.hibernate.orm.jdbc.extract - extracted value (6:VARCHAR) -> [MAIN SECTION]
08:17:20.220 [restartedMain] TRACE org.hibernate.orm.jdbc.extract - extracted value (2:BOOLEAN) -> [false]
08:17:20.220 [restartedMain] TRACE org.hibernate.orm.jdbc.extract - extracted value (7:VARCHAR) -> [ARCHIVE]
08:17:20.220 [restartedMain] TRACE org.hibernate.orm.jdbc.extract - extracted value (4:BOOLEAN) -> [false]
08:17:20.220 [restartedMain] TRACE org.hibernate.orm.jdbc.extract - extracted value (6:VARCHAR) -> [Q12]
08:17:20.220 [restartedMain] TRACE org.hibernate.orm.jdbc.extract - extracted value (2:BOOLEAN) -> [false]
08:17:20.221 [restartedMain] TRACE org.hibernate.orm.jdbc.extract - extracted value (7:VARCHAR) -> [Q13]
08:17:20.221 [restartedMain] TRACE org.hibernate.orm.jdbc.extract - extracted value (4:BOOLEAN) -> [false]
08:17:20.221 [restartedMain] TRACE org.hibernate.orm.jdbc.extract - extracted value (6:VARCHAR) -> [Q14]
08:17:20.221 [restartedMain] TRACE org.hibernate.orm.jdbc.extract - extracted value (2:BOOLEAN) -> [false]
08:17:20.221 [restartedMain] TRACE org.hibernate.orm.jdbc.extract - extracted value (7:VARCHAR) -> [Q15]
08:17:20.221 [restartedMain] TRACE org.hibernate.orm.jdbc.extract - extracted value (2:BOOLEAN) -> [false]
08:17:20.221 [restartedMain] TRACE org.hibernate.orm.jdbc.extract - extracted value (4:VARCHAR) -> [Q16]
08:17:20.221 [restartedMain] TRACE org.hibernate.orm.jdbc.extract - extracted value (1:BIGINT) -> [57]
08:17:20.221 [restartedMain] TRACE org.hibernate.orm.jdbc.extract - extracted value (3:BIGINT) -> [56]
08:17:20.221 [restartedMain] TRACE org.hibernate.orm.jdbc.extract - extracted value (2:BOOLEAN) -> [false]
08:17:20.221 [restartedMain] TRACE org.hibernate.orm.jdbc.extract - extracted value (4:VARCHAR) -> [Q17]
08:17:20.221 [restartedMain] TRACE org.hibernate.orm.jdbc.extract - extracted value (1:BIGINT) -> [59]
08:17:20.222 [restartedMain] TRACE org.hibernate.orm.jdbc.extract - extracted value (3:BIGINT) -> [57]
08:17:20.222 [restartedMain] TRACE org.hibernate.orm.jdbc.extract - extracted value (2:BOOLEAN) -> [false]
08:17:20.222 [restartedMain] TRACE org.hibernate.orm.jdbc.extract - extracted value (4:VARCHAR) -> [Q19]
08:17:20.222 [restartedMain] TRACE org.hibernate.orm.jdbc.extract - extracted value (1:BIGINT) -> [62]
08:17:20.222 [restartedMain] TRACE org.hibernate.orm.jdbc.extract - extracted value (3:BIGINT) -> [59]
08:17:20.222 [restartedMain] TRACE org.hibernate.orm.jdbc.extract - extracted value (2:BOOLEAN) -> [false]
08:17:20.222 [restartedMain] TRACE org.hibernate.orm.jdbc.extract - extracted value (4:VARCHAR) -> [Q21]
08:17:20.222 [restartedMain] TRACE org.hibernate.orm.jdbc.extract - extracted value (1:BIGINT) -> [1]
08:17:20.222 [restartedMain] TRACE org.hibernate.orm.jdbc.extract - extracted value (1:BIGINT) -> [2]
08:17:20.223 [restartedMain] TRACE org.hibernate.orm.jdbc.extract - extracted value (3:BIGINT) -> [1]
08:17:20.223 [restartedMain] TRACE org.hibernate.orm.jdbc.extract - extracted value (2:BOOLEAN) -> [false]
08:17:20.223 [restartedMain] TRACE org.hibernate.orm.jdbc.extract - extracted value (4:VARCHAR) -> [HSE]
08:17:20.223 [restartedMain] TRACE org.hibernate.orm.jdbc.extract - extracted value (1:BIGINT) -> [3]
08:17:20.224 [restartedMain] TRACE org.hibernate.orm.jdbc.extract - extracted value (3:BIGINT) -> [1]
08:17:20.224 [restartedMain] TRACE org.hibernate.orm.jdbc.extract - extracted value (2:BOOLEAN) -> [false]
08:17:20.224 [restartedMain] TRACE org.hibernate.orm.jdbc.extract - extracted value (4:VARCHAR) -> [TRANSPORT]
08:17:20.224 [restartedMain] TRACE org.hibernate.orm.jdbc.extract - extracted value (1:BIGINT) -> [4]
08:17:20.224 [restartedMain] TRACE org.hibernate.orm.jdbc.extract - extracted value (3:BIGINT) -> [3]
08:17:20.224 [restartedMain] TRACE org.hibernate.orm.jdbc.extract - extracted value (2:BOOLEAN) -> [false]
08:17:20.224 [restartedMain] TRACE org.hibernate.orm.jdbc.extract - extracted value (4:VARCHAR) -> [BUS]
08:17:20.224 [restartedMain] TRACE org.hibernate.orm.jdbc.extract - extracted value (1:BIGINT) -> [5]
08:17:20.224 [restartedMain] TRACE org.hibernate.orm.jdbc.extract - extracted value (3:BIGINT) -> [3]
08:17:20.224 [restartedMain] TRACE org.hibernate.orm.jdbc.extract - extracted value (2:BOOLEAN) -> [false]
08:17:20.224 [restartedMain] TRACE org.hibernate.orm.jdbc.extract - extracted value (4:VARCHAR) -> [TAXI]
08:17:20.224 [restartedMain] TRACE org.hibernate.orm.jdbc.extract - extracted value (1:BIGINT) -> [6]
08:17:20.225 [restartedMain] TRACE org.hibernate.orm.jdbc.extract - extracted value (1:BIGINT) -> [7]
08:17:20.225 [restartedMain] TRACE org.hibernate.orm.jdbc.extract - extracted value (3:BIGINT) -> [3]
08:17:20.225 [restartedMain] TRACE org.hibernate.orm.jdbc.extract - extracted value (2:BOOLEAN) -> [false]
08:17:20.225 [restartedMain] TRACE org.hibernate.orm.jdbc.extract - extracted value (4:VARCHAR) -> [TRAIN]
08:17:20.225 [restartedMain] TRACE org.hibernate.orm.jdbc.extract - extracted value (1:BIGINT) -> [51]
08:17:20.225 [restartedMain] TRACE org.hibernate.orm.jdbc.extract - extracted value (1:BIGINT) -> [52]
08:17:20.225 [restartedMain] TRACE org.hibernate.orm.jdbc.extract - extracted value (1:BIGINT) -> [53]
08:17:20.226 [restartedMain] TRACE org.hibernate.orm.jdbc.extract - extracted value (1:BIGINT) -> [55]
08:17:20.227 [restartedMain] DEBUG org.hibernate.SQL - 
    select
        csl1_0.parent_section_id,
        csl1_0.id,
        csl1_0.deleted,
        csl1_0.title 
    from
        section_table csl1_0 
    where
        csl1_0.parent_section_id=? 
        and (
            csl1_0.deleted = 0
        )
08:17:20.228 [restartedMain] TRACE org.hibernate.orm.jdbc.bind - binding parameter (1:BIGINT) <- [53]
08:17:20.236 [restartedMain] TRACE org.hibernate.orm.jdbc.extract - extracted value (1:BIGINT) -> [53]
08:17:20.236 [restartedMain] TRACE org.hibernate.orm.jdbc.extract - extracted value (2:BIGINT) -> [55]
08:17:20.237 [restartedMain] DEBUG org.hibernate.SQL - 
    select
        csl1_0.parent_section_id,
        csl1_0.id,
        csl1_0.deleted,
        csl1_0.title 
    from
        section_table csl1_0 
    where
        csl1_0.parent_section_id=? 
        and (
            csl1_0.deleted = 0
        )
08:17:20.237 [restartedMain] TRACE org.hibernate.orm.jdbc.bind - binding parameter (1:BIGINT) <- [51]
08:17:20.237 [restartedMain] TRACE org.hibernate.orm.jdbc.extract - extracted value (1:BIGINT) -> [51]
08:17:20.238 [restartedMain] TRACE org.hibernate.orm.jdbc.extract - extracted value (2:BIGINT) -> [52]
08:17:20.238 [restartedMain] DEBUG org.hibernate.SQL - 
    select
        csl1_0.parent_section_id,
        csl1_0.id,
        csl1_0.deleted,
        csl1_0.title 
    from
        section_table csl1_0 
    where
        csl1_0.parent_section_id=? 
        and (
            csl1_0.deleted = 0
        )
08:17:20.238 [restartedMain] TRACE org.hibernate.orm.jdbc.bind - binding parameter (1:BIGINT) <- [7]
08:17:20.239 [restartedMain] DEBUG org.hibernate.SQL - 
    select
        csl1_0.parent_section_id,
        csl1_0.id,
        csl1_0.deleted,
        csl1_0.title 
    from
        section_table csl1_0 
    where
        csl1_0.parent_section_id=? 
        and (
            csl1_0.deleted = 0
        )
08:17:20.239 [restartedMain] TRACE org.hibernate.orm.jdbc.bind - binding parameter (1:BIGINT) <- [5]
08:17:20.239 [restartedMain] DEBUG org.hibernate.SQL - 
    select
        csl1_0.parent_section_id,
        csl1_0.id,
        csl1_0.deleted,
        csl1_0.title 
    from
        section_table csl1_0 
    where
        csl1_0.parent_section_id=? 
        and (
            csl1_0.deleted = 0
        )
08:17:20.239 [restartedMain] TRACE org.hibernate.orm.jdbc.bind - binding parameter (1:BIGINT) <- [4]
08:17:20.240 [restartedMain] DEBUG org.hibernate.SQL - 
    select
        csl1_0.parent_section_id,
        csl1_0.id,
        csl1_0.deleted,
        csl1_0.title 
    from
        section_table csl1_0 
    where
        csl1_0.parent_section_id=? 
        and (
            csl1_0.deleted = 0
        )
08:17:20.240 [restartedMain] TRACE org.hibernate.orm.jdbc.bind - binding parameter (1:BIGINT) <- [3]
08:17:20.241 [restartedMain] TRACE org.hibernate.orm.jdbc.extract - extracted value (1:BIGINT) -> [3]
08:17:20.241 [restartedMain] TRACE org.hibernate.orm.jdbc.extract - extracted value (2:BIGINT) -> [4]
08:17:20.241 [restartedMain] TRACE org.hibernate.orm.jdbc.extract - extracted value (1:BIGINT) -> [3]
08:17:20.241 [restartedMain] TRACE org.hibernate.orm.jdbc.extract - extracted value (2:BIGINT) -> [5]
08:17:20.241 [restartedMain] TRACE org.hibernate.orm.jdbc.extract - extracted value (1:BIGINT) -> [3]
08:17:20.241 [restartedMain] TRACE org.hibernate.orm.jdbc.extract - extracted value (2:BIGINT) -> [7]
08:17:20.242 [restartedMain] DEBUG org.hibernate.SQL - 
    select
        csl1_0.parent_section_id,
        csl1_0.id,
        csl1_0.deleted,
        csl1_0.title 
    from
        section_table csl1_0 
    where
        csl1_0.parent_section_id=? 
        and (
            csl1_0.deleted = 0
        )
08:17:20.242 [restartedMain] TRACE org.hibernate.orm.jdbc.bind - binding parameter (1:BIGINT) <- [2]
08:17:20.242 [restartedMain] DEBUG org.hibernate.SQL - 
    select
        csl1_0.parent_section_id,
        csl1_0.id,
        csl1_0.deleted,
        csl1_0.title 
    from
        section_table csl1_0 
    where
        csl1_0.parent_section_id=? 
        and (
            csl1_0.deleted = 0
        )
08:17:20.243 [restartedMain] TRACE org.hibernate.orm.jdbc.bind - binding parameter (1:BIGINT) <- [1]
08:17:20.243 [restartedMain] TRACE org.hibernate.orm.jdbc.extract - extracted value (1:BIGINT) -> [1]
08:17:20.243 [restartedMain] TRACE org.hibernate.orm.jdbc.extract - extracted value (2:BIGINT) -> [2]
08:17:20.244 [restartedMain] TRACE org.hibernate.orm.jdbc.extract - extracted value (1:BIGINT) -> [1]
08:17:20.244 [restartedMain] TRACE org.hibernate.orm.jdbc.extract - extracted value (2:BIGINT) -> [3]
08:17:20.244 [restartedMain] TRACE org.hibernate.orm.jdbc.extract - extracted value (1:BIGINT) -> [1]
08:17:20.244 [restartedMain] TRACE org.hibernate.orm.jdbc.extract - extracted value (2:BIGINT) -> [6]
08:17:20.244 [restartedMain] DEBUG org.hibernate.SQL - 
    select
        csl1_0.parent_section_id,
        csl1_0.id,
        csl1_0.deleted,
        csl1_0.title 
    from
        section_table csl1_0 
    where
        csl1_0.parent_section_id=? 
        and (
            csl1_0.deleted = 0
        )
08:17:20.244 [restartedMain] TRACE org.hibernate.orm.jdbc.bind - binding parameter (1:BIGINT) <- [62]
08:17:20.245 [restartedMain] DEBUG org.hibernate.SQL - 
    select
        csl1_0.parent_section_id,
        csl1_0.id,
        csl1_0.deleted,
        csl1_0.title 
    from
        section_table csl1_0 
    where
        csl1_0.parent_section_id=? 
        and (
            csl1_0.deleted = 0
        )
08:17:20.245 [restartedMain] TRACE org.hibernate.orm.jdbc.bind - binding parameter (1:BIGINT) <- [59]
08:17:20.248 [restartedMain] TRACE org.hibernate.orm.jdbc.extract - extracted value (1:BIGINT) -> [59]
08:17:20.249 [restartedMain] TRACE org.hibernate.orm.jdbc.extract - extracted value (2:BIGINT) -> [62]
08:17:20.249 [restartedMain] DEBUG org.hibernate.SQL - 
    select
        csl1_0.parent_section_id,
        csl1_0.id,
        csl1_0.deleted,
        csl1_0.title 
    from
        section_table csl1_0 
    where
        csl1_0.parent_section_id=? 
        and (
            csl1_0.deleted = 0
        )
08:17:20.249 [restartedMain] TRACE org.hibernate.orm.jdbc.bind - binding parameter (1:BIGINT) <- [57]
08:17:20.250 [restartedMain] TRACE org.hibernate.orm.jdbc.extract - extracted value (1:BIGINT) -> [57]
08:17:20.250 [restartedMain] TRACE org.hibernate.orm.jdbc.extract - extracted value (2:BIGINT) -> [59]
08:17:20.254 [restartedMain] DEBUG org.hibernate.SQL - 
    select
        csl1_0.parent_section_id,
        csl1_0.id,
        csl1_0.deleted,
        csl1_0.title 
    from
        section_table csl1_0 
    where
        csl1_0.parent_section_id=? 
        and (
            csl1_0.deleted = 0
        )
08:17:20.255 [restartedMain] TRACE org.hibernate.orm.jdbc.bind - binding parameter (1:BIGINT) <- [56]
08:17:20.255 [restartedMain] TRACE org.hibernate.orm.jdbc.extract - extracted value (1:BIGINT) -> [56]
08:17:20.256 [restartedMain] TRACE org.hibernate.orm.jdbc.extract - extracted value (2:BIGINT) -> [57]
08:17:20.260 [restartedMain] DEBUG o.h.e.t.internal.TransactionImpl - committing
08:17:20.263 [restartedMain] DEBUG o.s.jdbc.datasource.DataSourceUtils - Resetting read-only flag of JDBC Connection [HikariProxyConnection@46387342 wrapping oracle.jdbc.driver.T4CConnection@5f8cb559]
08:17:20.265 [restartedMain] TRACE o.s.c.interceptor.CacheInterceptor - Creating cache entry for key 'SimpleKey []' in cache(s) [sections]
08:17:20.265 [restartedMain] TRACE o.s.c.interceptor.CacheInterceptor - Computed cache key 'Page request [number: 0, size 50, sort: UNSORTED]' for operation Builder[public org.springframework.data.domain.Page ir.service.impl.SectionServiceImpl.findAll(org.springframework.data.domain.Pageable)] caches=[sectionsPageable] | key='' | keyGenerator='' | cacheManager='' | cacheResolver='' | condition='' | unless='' | sync='false'
08:17:20.265 [restartedMain] TRACE o.s.c.interceptor.CacheInterceptor - No cache entry for key 'Page request [number: 0, size 50, sort: UNSORTED]' in cache(s) [sectionsPageable]
08:17:20.265 [restartedMain] DEBUG o.s.jdbc.datasource.DataSourceUtils - Setting JDBC Connection [HikariProxyConnection@1676948692 wrapping oracle.jdbc.driver.T4CConnection@5f8cb559] read-only
08:17:20.265 [restartedMain] DEBUG o.h.e.t.internal.TransactionImpl - On TransactionImpl creation, JpaCompliance#isJpaTransactionComplianceEnabled == false
08:17:20.265 [restartedMain] DEBUG o.h.e.t.internal.TransactionImpl - begin
08:17:20.272 [restartedMain] DEBUG org.hibernate.SQL - 
    /* <criteria> */ select
        s1_0.id,
        s1_0.deleted,
        s1_0.parent_section_id,
        s1_0.title 
    from
        section_table s1_0 
    where
        (
            s1_0.deleted = 0
        ) 
    offset
        ? rows 
    fetch
        first ? rows only
08:17:20.273 [restartedMain] TRACE org.hibernate.orm.jdbc.bind - binding parameter (1:INTEGER) <- [0]
08:17:20.274 [restartedMain] TRACE org.hibernate.orm.jdbc.bind - binding parameter (2:INTEGER) <- [50]
08:17:20.281 [restartedMain] TRACE org.hibernate.orm.jdbc.extract - extracted value (1:BIGINT) -> [56]
08:17:20.282 [restartedMain] TRACE org.hibernate.orm.jdbc.extract - extracted value (3:BIGINT) -> [55]
08:17:20.282 [restartedMain] DEBUG org.hibernate.SQL - 
    select
        s1_0.id,
        s1_0.deleted,
        ps1_0.id,
        ps1_0.deleted,
        ps1_0.parent_section_id,
        ps1_0.title,
        s1_0.title,
        csl1_0.parent_section_id,
        csl1_0.id,
        csl1_0.deleted,
        csl1_0.title 
    from
        section_table s1_0 
    left join
        section_table ps1_0 
            on ps1_0.id=s1_0.parent_section_id 
            and (ps1_0.deleted = 0) 
    left join
        section_table csl1_0 
            on s1_0.id=csl1_0.parent_section_id 
            and (csl1_0.deleted = 0) 
    where
        s1_0.id=? 
        and (
            s1_0.deleted = 0
        )
08:17:20.282 [restartedMain] TRACE org.hibernate.orm.jdbc.bind - binding parameter (1:BIGINT) <- [55]
08:17:20.288 [restartedMain] TRACE org.hibernate.orm.jdbc.extract - extracted value (8:BIGINT) -> [55]
08:17:20.289 [restartedMain] TRACE org.hibernate.orm.jdbc.extract - extracted value (9:BIGINT) -> [56]
08:17:20.289 [restartedMain] TRACE org.hibernate.orm.jdbc.extract - extracted value (3:BIGINT) -> [53]
08:17:20.289 [restartedMain] TRACE org.hibernate.orm.jdbc.extract - extracted value (5:BIGINT) -> [52]
08:17:20.289 [restartedMain] DEBUG org.hibernate.SQL - 
    select
        s1_0.id,
        s1_0.deleted,
        ps1_0.id,
        ps1_0.deleted,
        ps1_0.parent_section_id,
        ps1_0.title,
        s1_0.title,
        csl1_0.parent_section_id,
        csl1_0.id,
        csl1_0.deleted,
        csl1_0.title 
    from
        section_table s1_0 
    left join
        section_table ps1_0 
            on ps1_0.id=s1_0.parent_section_id 
            and (ps1_0.deleted = 0) 
    left join
        section_table csl1_0 
            on s1_0.id=csl1_0.parent_section_id 
            and (csl1_0.deleted = 0) 
    where
        s1_0.id=? 
        and (
            s1_0.deleted = 0
        )
08:17:20.290 [restartedMain] TRACE org.hibernate.orm.jdbc.bind - binding parameter (1:BIGINT) <- [52]
08:17:20.295 [restartedMain] TRACE org.hibernate.orm.jdbc.extract - extracted value (8:BIGINT) -> [52]
08:17:20.295 [restartedMain] TRACE org.hibernate.orm.jdbc.extract - extracted value (9:BIGINT) -> [53]
08:17:20.295 [restartedMain] TRACE org.hibernate.orm.jdbc.extract - extracted value (3:BIGINT) -> [51]
08:17:20.296 [restartedMain] TRACE org.hibernate.orm.jdbc.extract - extracted value (5:BIGINT) -> [6]
08:17:20.296 [restartedMain] DEBUG org.hibernate.SQL - 
    select
        s1_0.id,
        s1_0.deleted,
        ps1_0.id,
        ps1_0.deleted,
        ps1_0.parent_section_id,
        ps1_0.title,
        s1_0.title,
        csl1_0.parent_section_id,
        csl1_0.id,
        csl1_0.deleted,
        csl1_0.title 
    from
        section_table s1_0 
    left join
        section_table ps1_0 
            on ps1_0.id=s1_0.parent_section_id 
            and (ps1_0.deleted = 0) 
    left join
        section_table csl1_0 
            on s1_0.id=csl1_0.parent_section_id 
            and (csl1_0.deleted = 0) 
    where
        s1_0.id=? 
        and (
            s1_0.deleted = 0
        )
08:17:20.296 [restartedMain] TRACE org.hibernate.orm.jdbc.bind - binding parameter (1:BIGINT) <- [6]
08:17:20.297 [restartedMain] TRACE org.hibernate.orm.jdbc.extract - extracted value (8:BIGINT) -> [6]
08:17:20.297 [restartedMain] TRACE org.hibernate.orm.jdbc.extract - extracted value (9:BIGINT) -> [51]
08:17:20.297 [restartedMain] TRACE org.hibernate.orm.jdbc.extract - extracted value (3:BIGINT) -> [1]
08:17:20.297 [restartedMain] TRACE org.hibernate.orm.jdbc.extract - extracted value (5:BIGINT) -> [null]
08:17:20.298 [restartedMain] TRACE org.hibernate.orm.jdbc.extract - extracted value (4:BOOLEAN) -> [false]
08:17:20.298 [restartedMain] TRACE org.hibernate.orm.jdbc.extract - extracted value (6:VARCHAR) -> [MAIN SECTION]
08:17:20.298 [restartedMain] TRACE org.hibernate.orm.jdbc.extract - extracted value (2:BOOLEAN) -> [false]
08:17:20.299 [restartedMain] TRACE org.hibernate.orm.jdbc.extract - extracted value (7:VARCHAR) -> [ARCHIVE]
08:17:20.300 [restartedMain] TRACE org.hibernate.orm.jdbc.extract - extracted value (4:BOOLEAN) -> [false]
08:17:20.300 [restartedMain] TRACE org.hibernate.orm.jdbc.extract - extracted value (6:VARCHAR) -> [Q12]
08:17:20.301 [restartedMain] TRACE org.hibernate.orm.jdbc.extract - extracted value (2:BOOLEAN) -> [false]
08:17:20.301 [restartedMain] TRACE org.hibernate.orm.jdbc.extract - extracted value (7:VARCHAR) -> [Q13]
08:17:20.301 [restartedMain] TRACE org.hibernate.orm.jdbc.extract - extracted value (4:BOOLEAN) -> [false]
08:17:20.301 [restartedMain] TRACE org.hibernate.orm.jdbc.extract - extracted value (6:VARCHAR) -> [Q14]
08:17:20.301 [restartedMain] TRACE org.hibernate.orm.jdbc.extract - extracted value (2:BOOLEAN) -> [false]
08:17:20.301 [restartedMain] TRACE org.hibernate.orm.jdbc.extract - extracted value (7:VARCHAR) -> [Q15]
08:17:20.301 [restartedMain] TRACE org.hibernate.orm.jdbc.extract - extracted value (2:BOOLEAN) -> [false]
08:17:20.301 [restartedMain] TRACE org.hibernate.orm.jdbc.extract - extracted value (4:VARCHAR) -> [Q16]
08:17:20.302 [restartedMain] TRACE org.hibernate.orm.jdbc.extract - extracted value (1:BIGINT) -> [57]
08:17:20.302 [restartedMain] TRACE org.hibernate.orm.jdbc.extract - extracted value (3:BIGINT) -> [56]
08:17:20.302 [restartedMain] TRACE org.hibernate.orm.jdbc.extract - extracted value (2:BOOLEAN) -> [false]
08:17:20.302 [restartedMain] TRACE org.hibernate.orm.jdbc.extract - extracted value (4:VARCHAR) -> [Q17]
08:17:20.302 [restartedMain] TRACE org.hibernate.orm.jdbc.extract - extracted value (1:BIGINT) -> [59]
08:17:20.302 [restartedMain] TRACE org.hibernate.orm.jdbc.extract - extracted value (3:BIGINT) -> [57]
08:17:20.302 [restartedMain] TRACE org.hibernate.orm.jdbc.extract - extracted value (2:BOOLEAN) -> [false]
08:17:20.302 [restartedMain] TRACE org.hibernate.orm.jdbc.extract - extracted value (4:VARCHAR) -> [Q19]
08:17:20.302 [restartedMain] TRACE org.hibernate.orm.jdbc.extract - extracted value (1:BIGINT) -> [62]
08:17:20.303 [restartedMain] TRACE org.hibernate.orm.jdbc.extract - extracted value (3:BIGINT) -> [59]
08:17:20.303 [restartedMain] TRACE org.hibernate.orm.jdbc.extract - extracted value (2:BOOLEAN) -> [false]
08:17:20.303 [restartedMain] TRACE org.hibernate.orm.jdbc.extract - extracted value (4:VARCHAR) -> [Q21]
08:17:20.303 [restartedMain] TRACE org.hibernate.orm.jdbc.extract - extracted value (1:BIGINT) -> [1]
08:17:20.303 [restartedMain] TRACE org.hibernate.orm.jdbc.extract - extracted value (1:BIGINT) -> [2]
08:17:20.303 [restartedMain] TRACE org.hibernate.orm.jdbc.extract - extracted value (3:BIGINT) -> [1]
08:17:20.304 [restartedMain] TRACE org.hibernate.orm.jdbc.extract - extracted value (2:BOOLEAN) -> [false]
08:17:20.304 [restartedMain] TRACE org.hibernate.orm.jdbc.extract - extracted value (4:VARCHAR) -> [HSE]
08:17:20.304 [restartedMain] TRACE org.hibernate.orm.jdbc.extract - extracted value (1:BIGINT) -> [3]
08:17:20.304 [restartedMain] TRACE org.hibernate.orm.jdbc.extract - extracted value (3:BIGINT) -> [1]
08:17:20.304 [restartedMain] TRACE org.hibernate.orm.jdbc.extract - extracted value (2:BOOLEAN) -> [false]
08:17:20.304 [restartedMain] TRACE org.hibernate.orm.jdbc.extract - extracted value (4:VARCHAR) -> [TRANSPORT]
08:17:20.304 [restartedMain] TRACE org.hibernate.orm.jdbc.extract - extracted value (1:BIGINT) -> [4]
08:17:20.304 [restartedMain] TRACE org.hibernate.orm.jdbc.extract - extracted value (3:BIGINT) -> [3]
08:17:20.304 [restartedMain] TRACE org.hibernate.orm.jdbc.extract - extracted value (2:BOOLEAN) -> [false]
08:17:20.304 [restartedMain] TRACE org.hibernate.orm.jdbc.extract - extracted value (4:VARCHAR) -> [BUS]
08:17:20.305 [restartedMain] TRACE org.hibernate.orm.jdbc.extract - extracted value (1:BIGINT) -> [5]
08:17:20.305 [restartedMain] TRACE org.hibernate.orm.jdbc.extract - extracted value (3:BIGINT) -> [3]
08:17:20.305 [restartedMain] TRACE org.hibernate.orm.jdbc.extract - extracted value (2:BOOLEAN) -> [false]
08:17:20.305 [restartedMain] TRACE org.hibernate.orm.jdbc.extract - extracted value (4:VARCHAR) -> [TAXI]
08:17:20.305 [restartedMain] TRACE org.hibernate.orm.jdbc.extract - extracted value (1:BIGINT) -> [6]
08:17:20.305 [restartedMain] TRACE org.hibernate.orm.jdbc.extract - extracted value (1:BIGINT) -> [7]
08:17:20.305 [restartedMain] TRACE org.hibernate.orm.jdbc.extract - extracted value (3:BIGINT) -> [3]
08:17:20.305 [restartedMain] TRACE org.hibernate.orm.jdbc.extract - extracted value (2:BOOLEAN) -> [false]
08:17:20.305 [restartedMain] TRACE org.hibernate.orm.jdbc.extract - extracted value (4:VARCHAR) -> [TRAIN]
08:17:20.306 [restartedMain] TRACE org.hibernate.orm.jdbc.extract - extracted value (1:BIGINT) -> [51]
08:17:20.306 [restartedMain] TRACE org.hibernate.orm.jdbc.extract - extracted value (1:BIGINT) -> [52]
08:17:20.306 [restartedMain] TRACE org.hibernate.orm.jdbc.extract - extracted value (1:BIGINT) -> [53]
08:17:20.306 [restartedMain] TRACE org.hibernate.orm.jdbc.extract - extracted value (1:BIGINT) -> [55]
08:17:20.306 [restartedMain] DEBUG org.hibernate.SQL - 
    select
        csl1_0.parent_section_id,
        csl1_0.id,
        csl1_0.deleted,
        csl1_0.title 
    from
        section_table csl1_0 
    where
        csl1_0.parent_section_id=? 
        and (
            csl1_0.deleted = 0
        )
08:17:20.306 [restartedMain] TRACE org.hibernate.orm.jdbc.bind - binding parameter (1:BIGINT) <- [53]
08:17:20.306 [restartedMain] TRACE org.hibernate.orm.jdbc.extract - extracted value (1:BIGINT) -> [53]
08:17:20.306 [restartedMain] TRACE org.hibernate.orm.jdbc.extract - extracted value (2:BIGINT) -> [55]
08:17:20.307 [restartedMain] DEBUG org.hibernate.SQL - 
    select
        csl1_0.parent_section_id,
        csl1_0.id,
        csl1_0.deleted,
        csl1_0.title 
    from
        section_table csl1_0 
    where
        csl1_0.parent_section_id=? 
        and (
            csl1_0.deleted = 0
        )
08:17:20.307 [restartedMain] TRACE org.hibernate.orm.jdbc.bind - binding parameter (1:BIGINT) <- [51]
08:17:20.307 [restartedMain] TRACE org.hibernate.orm.jdbc.extract - extracted value (1:BIGINT) -> [51]
08:17:20.308 [restartedMain] TRACE org.hibernate.orm.jdbc.extract - extracted value (2:BIGINT) -> [52]
08:17:20.308 [restartedMain] DEBUG org.hibernate.SQL - 
    select
        csl1_0.parent_section_id,
        csl1_0.id,
        csl1_0.deleted,
        csl1_0.title 
    from
        section_table csl1_0 
    where
        csl1_0.parent_section_id=? 
        and (
            csl1_0.deleted = 0
        )
08:17:20.308 [restartedMain] TRACE org.hibernate.orm.jdbc.bind - binding parameter (1:BIGINT) <- [7]
08:17:20.309 [restartedMain] DEBUG org.hibernate.SQL - 
    select
        csl1_0.parent_section_id,
        csl1_0.id,
        csl1_0.deleted,
        csl1_0.title 
    from
        section_table csl1_0 
    where
        csl1_0.parent_section_id=? 
        and (
            csl1_0.deleted = 0
        )
08:17:20.310 [restartedMain] TRACE org.hibernate.orm.jdbc.bind - binding parameter (1:BIGINT) <- [5]
08:17:20.313 [restartedMain] DEBUG org.hibernate.SQL - 
    select
        csl1_0.parent_section_id,
        csl1_0.id,
        csl1_0.deleted,
        csl1_0.title 
    from
        section_table csl1_0 
    where
        csl1_0.parent_section_id=? 
        and (
            csl1_0.deleted = 0
        )
08:17:20.313 [restartedMain] TRACE org.hibernate.orm.jdbc.bind - binding parameter (1:BIGINT) <- [4]
08:17:20.314 [restartedMain] DEBUG org.hibernate.SQL - 
    select
        csl1_0.parent_section_id,
        csl1_0.id,
        csl1_0.deleted,
        csl1_0.title 
    from
        section_table csl1_0 
    where
        csl1_0.parent_section_id=? 
        and (
            csl1_0.deleted = 0
        )
08:17:20.315 [restartedMain] TRACE org.hibernate.orm.jdbc.bind - binding parameter (1:BIGINT) <- [3]
08:17:20.315 [restartedMain] TRACE org.hibernate.orm.jdbc.extract - extracted value (1:BIGINT) -> [3]
08:17:20.315 [restartedMain] TRACE org.hibernate.orm.jdbc.extract - extracted value (2:BIGINT) -> [4]
08:17:20.316 [restartedMain] TRACE org.hibernate.orm.jdbc.extract - extracted value (1:BIGINT) -> [3]
08:17:20.316 [restartedMain] TRACE org.hibernate.orm.jdbc.extract - extracted value (2:BIGINT) -> [5]
08:17:20.316 [restartedMain] TRACE org.hibernate.orm.jdbc.extract - extracted value (1:BIGINT) -> [3]
08:17:20.316 [restartedMain] TRACE org.hibernate.orm.jdbc.extract - extracted value (2:BIGINT) -> [7]
08:17:20.316 [restartedMain] DEBUG org.hibernate.SQL - 
    select
        csl1_0.parent_section_id,
        csl1_0.id,
        csl1_0.deleted,
        csl1_0.title 
    from
        section_table csl1_0 
    where
        csl1_0.parent_section_id=? 
        and (
            csl1_0.deleted = 0
        )
08:17:20.317 [restartedMain] TRACE org.hibernate.orm.jdbc.bind - binding parameter (1:BIGINT) <- [2]
08:17:20.319 [restartedMain] DEBUG org.hibernate.SQL - 
    select
        csl1_0.parent_section_id,
        csl1_0.id,
        csl1_0.deleted,
        csl1_0.title 
    from
        section_table csl1_0 
    where
        csl1_0.parent_section_id=? 
        and (
            csl1_0.deleted = 0
        )
08:17:20.319 [restartedMain] TRACE org.hibernate.orm.jdbc.bind - binding parameter (1:BIGINT) <- [1]
08:17:20.320 [restartedMain] TRACE org.hibernate.orm.jdbc.extract - extracted value (1:BIGINT) -> [1]
08:17:20.320 [restartedMain] TRACE org.hibernate.orm.jdbc.extract - extracted value (2:BIGINT) -> [2]
08:17:20.320 [restartedMain] TRACE org.hibernate.orm.jdbc.extract - extracted value (1:BIGINT) -> [1]
08:17:20.320 [restartedMain] TRACE org.hibernate.orm.jdbc.extract - extracted value (2:BIGINT) -> [3]
08:17:20.320 [restartedMain] TRACE org.hibernate.orm.jdbc.extract - extracted value (1:BIGINT) -> [1]
08:17:20.321 [restartedMain] TRACE org.hibernate.orm.jdbc.extract - extracted value (2:BIGINT) -> [6]
08:17:20.321 [restartedMain] DEBUG org.hibernate.SQL - 
    select
        csl1_0.parent_section_id,
        csl1_0.id,
        csl1_0.deleted,
        csl1_0.title 
    from
        section_table csl1_0 
    where
        csl1_0.parent_section_id=? 
        and (
            csl1_0.deleted = 0
        )
08:17:20.321 [restartedMain] TRACE org.hibernate.orm.jdbc.bind - binding parameter (1:BIGINT) <- [62]
08:17:20.323 [restartedMain] DEBUG org.hibernate.SQL - 
    select
        csl1_0.parent_section_id,
        csl1_0.id,
        csl1_0.deleted,
        csl1_0.title 
    from
        section_table csl1_0 
    where
        csl1_0.parent_section_id=? 
        and (
            csl1_0.deleted = 0
        )
08:17:20.324 [restartedMain] TRACE org.hibernate.orm.jdbc.bind - binding parameter (1:BIGINT) <- [59]
08:17:20.327 [restartedMain] TRACE org.hibernate.orm.jdbc.extract - extracted value (1:BIGINT) -> [59]
08:17:20.327 [restartedMain] TRACE org.hibernate.orm.jdbc.extract - extracted value (2:BIGINT) -> [62]
08:17:20.328 [restartedMain] DEBUG org.hibernate.SQL - 
    select
        csl1_0.parent_section_id,
        csl1_0.id,
        csl1_0.deleted,
        csl1_0.title 
    from
        section_table csl1_0 
    where
        csl1_0.parent_section_id=? 
        and (
            csl1_0.deleted = 0
        )
08:17:20.328 [restartedMain] TRACE org.hibernate.orm.jdbc.bind - binding parameter (1:BIGINT) <- [57]
08:17:20.329 [restartedMain] TRACE org.hibernate.orm.jdbc.extract - extracted value (1:BIGINT) -> [57]
08:17:20.330 [restartedMain] TRACE org.hibernate.orm.jdbc.extract - extracted value (2:BIGINT) -> [59]
08:17:20.330 [restartedMain] DEBUG org.hibernate.SQL - 
    select
        csl1_0.parent_section_id,
        csl1_0.id,
        csl1_0.deleted,
        csl1_0.title 
    from
        section_table csl1_0 
    where
        csl1_0.parent_section_id=? 
        and (
            csl1_0.deleted = 0
        )
08:17:20.330 [restartedMain] TRACE org.hibernate.orm.jdbc.bind - binding parameter (1:BIGINT) <- [56]
08:17:20.332 [restartedMain] TRACE org.hibernate.orm.jdbc.extract - extracted value (1:BIGINT) -> [56]
08:17:20.332 [restartedMain] TRACE org.hibernate.orm.jdbc.extract - extracted value (2:BIGINT) -> [57]
08:17:20.337 [restartedMain] DEBUG o.h.e.t.internal.TransactionImpl - committing
08:17:20.337 [restartedMain] DEBUG o.s.jdbc.datasource.DataSourceUtils - Resetting read-only flag of JDBC Connection [HikariProxyConnection@1676948692 wrapping oracle.jdbc.driver.T4CConnection@5f8cb559]
08:17:20.338 [restartedMain] TRACE o.s.c.interceptor.CacheInterceptor - Creating cache entry for key 'Page request [number: 0, size 50, sort: UNSORTED]' in cache(s) [sectionsPageable]
08:17:20.338 [restartedMain] TRACE o.s.c.interceptor.CacheInterceptor - Computed cache key 'SimpleKey []' for operation Builder[public java.util.List ir.service.impl.SectionServiceImpl.findAllForFilter()] caches=[sectionsFilter] | key='' | keyGenerator='' | cacheManager='' | cacheResolver='' | condition='' | unless='' | sync='false'
08:17:20.338 [restartedMain] TRACE o.s.c.interceptor.CacheInterceptor - No cache entry for key 'SimpleKey []' in cache(s) [sectionsFilter]
08:17:20.338 [restartedMain] DEBUG o.s.jdbc.datasource.DataSourceUtils - Setting JDBC Connection [HikariProxyConnection@157287661 wrapping oracle.jdbc.driver.T4CConnection@5f8cb559] read-only
08:17:20.338 [restartedMain] DEBUG o.h.e.t.internal.TransactionImpl - On TransactionImpl creation, JpaCompliance#isJpaTransactionComplianceEnabled == false
08:17:20.339 [restartedMain] DEBUG o.h.e.t.internal.TransactionImpl - begin
08:17:20.369 [restartedMain] DEBUG org.hibernate.SQL - 
    /* SELECT
        new  ir.dto.SectionFilterDto(s.id, s.title) 
    FROM
        sectionEntity s 
    where
        s.deleted = false */ select
            s1_0.id,
            s1_0.title 
        from
            section_table s1_0 
        where
            (
                s1_0.deleted = 0
            ) 
            and s1_0.deleted=0
08:17:20.373 [restartedMain] TRACE org.hibernate.orm.jdbc.extract - extracted value (1:BIGINT) -> [56]
08:17:20.373 [restartedMain] TRACE org.hibernate.orm.jdbc.extract - extracted value (2:VARCHAR) -> [Q16]
08:17:20.373 [restartedMain] TRACE org.hibernate.orm.jdbc.extract - extracted value (1:BIGINT) -> [57]
08:17:20.373 [restartedMain] TRACE org.hibernate.orm.jdbc.extract - extracted value (2:VARCHAR) -> [Q17]
08:17:20.373 [restartedMain] TRACE org.hibernate.orm.jdbc.extract - extracted value (1:BIGINT) -> [59]
08:17:20.373 [restartedMain] TRACE org.hibernate.orm.jdbc.extract - extracted value (2:VARCHAR) -> [Q19]
08:17:20.373 [restartedMain] TRACE org.hibernate.orm.jdbc.extract - extracted value (1:BIGINT) -> [62]
08:17:20.374 [restartedMain] TRACE org.hibernate.orm.jdbc.extract - extracted value (2:VARCHAR) -> [Q21]
08:17:20.374 [restartedMain] TRACE org.hibernate.orm.jdbc.extract - extracted value (1:BIGINT) -> [1]
08:17:20.374 [restartedMain] TRACE org.hibernate.orm.jdbc.extract - extracted value (2:VARCHAR) -> [MAIN SECTION]
08:17:20.374 [restartedMain] TRACE org.hibernate.orm.jdbc.extract - extracted value (1:BIGINT) -> [2]
08:17:20.374 [restartedMain] TRACE org.hibernate.orm.jdbc.extract - extracted value (2:VARCHAR) -> [HSE]
08:17:20.374 [restartedMain] TRACE org.hibernate.orm.jdbc.extract - extracted value (1:BIGINT) -> [3]
08:17:20.374 [restartedMain] TRACE org.hibernate.orm.jdbc.extract - extracted value (2:VARCHAR) -> [TRANSPORT]
08:17:20.374 [restartedMain] TRACE org.hibernate.orm.jdbc.extract - extracted value (1:BIGINT) -> [4]
08:17:20.374 [restartedMain] TRACE org.hibernate.orm.jdbc.extract - extracted value (2:VARCHAR) -> [BUS]
08:17:20.374 [restartedMain] TRACE org.hibernate.orm.jdbc.extract - extracted value (1:BIGINT) -> [5]
08:17:20.374 [restartedMain] TRACE org.hibernate.orm.jdbc.extract - extracted value (2:VARCHAR) -> [TAXI]
08:17:20.374 [restartedMain] TRACE org.hibernate.orm.jdbc.extract - extracted value (1:BIGINT) -> [6]
08:17:20.374 [restartedMain] TRACE org.hibernate.orm.jdbc.extract - extracted value (2:VARCHAR) -> [ARCHIVE]
08:17:20.375 [restartedMain] TRACE org.hibernate.orm.jdbc.extract - extracted value (1:BIGINT) -> [7]
08:17:20.375 [restartedMain] TRACE org.hibernate.orm.jdbc.extract - extracted value (2:VARCHAR) -> [TRAIN]
08:17:20.375 [restartedMain] TRACE org.hibernate.orm.jdbc.extract - extracted value (1:BIGINT) -> [51]
08:17:20.375 [restartedMain] TRACE org.hibernate.orm.jdbc.extract - extracted value (2:VARCHAR) -> [Q12]
08:17:20.375 [restartedMain] TRACE org.hibernate.orm.jdbc.extract - extracted value (1:BIGINT) -> [52]
08:17:20.375 [restartedMain] TRACE org.hibernate.orm.jdbc.extract - extracted value (2:VARCHAR) -> [Q13]
08:17:20.375 [restartedMain] TRACE org.hibernate.orm.jdbc.extract - extracted value (1:BIGINT) -> [53]
08:17:20.375 [restartedMain] TRACE org.hibernate.orm.jdbc.extract - extracted value (2:VARCHAR) -> [Q14]
08:17:20.375 [restartedMain] TRACE org.hibernate.orm.jdbc.extract - extracted value (1:BIGINT) -> [55]
08:17:20.375 [restartedMain] TRACE org.hibernate.orm.jdbc.extract - extracted value (2:VARCHAR) -> [Q15]
08:17:20.377 [restartedMain] DEBUG o.h.e.t.internal.TransactionImpl - committing
08:17:20.378 [restartedMain] DEBUG o.s.jdbc.datasource.DataSourceUtils - Resetting read-only flag of JDBC Connection [HikariProxyConnection@157287661 wrapping oracle.jdbc.driver.T4CConnection@5f8cb559]
08:17:20.378 [restartedMain] TRACE o.s.c.interceptor.CacheInterceptor - Creating cache entry for key 'SimpleKey []' in cache(s) [sectionsFilter]
08:17:20.378 [restartedMain] INFO  ir.config.SectionCacheWarmup - **************************************************************  cache sections  ***************************************************************
08:17:20.379 [restartedMain] INFO  ir.TicketingSpringSample - **************************************************************Spring Boot Application Started
08:17:20.449 [RMI TCP Connection(2)-192.168.1.152] INFO  o.a.c.c.C.[Tomcat].[localhost].[/] - Initializing Spring DispatcherServlet 'dispatcherServlet'
08:17:20.449 [RMI TCP Connection(2)-192.168.1.152] INFO  o.s.web.servlet.DispatcherServlet - Initializing Servlet 'dispatcherServlet'
08:17:20.451 [RMI TCP Connection(2)-192.168.1.152] INFO  o.s.web.servlet.DispatcherServlet - Completed initialization in 2 ms
08:17:20.494 [RMI TCP Connection(3)-192.168.1.152] INFO  org.mongodb.driver.cluster - Waiting for server to become available for operation with ID 3. Remaining time: 29990 ms. Selector: ReadPreferenceServerSelector{readPreference=primary}, topology description: {type=UNKNOWN, servers=[{address=localhost:27017, type=UNKNOWN, state=CONNECTING, exception={com.mongodb.MongoSocketOpenException: Exception opening socket}, caused by {java.net.ConnectException: Connection refused: no further information}}].
08:17:35.037 [https-jsse-nio-8443-exec-5] DEBUG o.s.security.web.FilterChainProxy - Securing GET /roles
08:17:35.041 [https-jsse-nio-8443-exec-5] DEBUG o.s.s.w.a.c.ChannelProcessingFilter - Request: filter invocation [GET /roles]; ConfigAttributes: [REQUIRES_SECURE_CHANNEL]
08:17:35.049 [https-jsse-nio-8443-exec-5] DEBUG o.s.s.w.a.AnonymousAuthenticationFilter - Set SecurityContextHolder to anonymous SecurityContext
08:17:35.091 [https-jsse-nio-8443-exec-5] DEBUG o.s.s.w.s.HttpSessionRequestCache - Saved request https://localhost:8443/roles?continue to session
08:17:35.091 [https-jsse-nio-8443-exec-5] DEBUG o.s.s.web.DefaultRedirectStrategy - Redirecting to https://localhost:8443/login
08:17:35.098 [https-jsse-nio-8443-exec-2] DEBUG o.s.security.web.FilterChainProxy - Securing GET /login
08:17:35.099 [https-jsse-nio-8443-exec-2] DEBUG o.s.s.w.a.c.ChannelProcessingFilter - Request: filter invocation [GET /login]; ConfigAttributes: [REQUIRES_SECURE_CHANNEL]
08:17:35.099 [https-jsse-nio-8443-exec-2] DEBUG o.s.s.w.a.AnonymousAuthenticationFilter - Set SecurityContextHolder to anonymous SecurityContext
08:17:35.101 [https-jsse-nio-8443-exec-2] DEBUG o.s.security.web.FilterChainProxy - Secured GET /login
08:17:35.357 [https-jsse-nio-8443-exec-10] DEBUG o.s.security.web.FilterChainProxy - Securing GET /favicon.ico
08:17:35.357 [https-jsse-nio-8443-exec-10] DEBUG o.s.s.w.a.c.ChannelProcessingFilter - Request: filter invocation [GET /favicon.ico]; ConfigAttributes: [REQUIRES_SECURE_CHANNEL]
08:17:35.358 [https-jsse-nio-8443-exec-10] DEBUG o.s.s.w.a.AnonymousAuthenticationFilter - Set SecurityContextHolder to anonymous SecurityContext
08:17:35.358 [https-jsse-nio-8443-exec-10] DEBUG o.s.security.web.FilterChainProxy - Secured GET /favicon.ico
08:17:35.373 [https-jsse-nio-8443-exec-10] DEBUG o.s.security.web.FilterChainProxy - Securing GET /error
08:17:35.374 [https-jsse-nio-8443-exec-10] DEBUG o.s.s.w.a.c.ChannelProcessingFilter - Request: filter invocation [GET /error]; ConfigAttributes: [REQUIRES_SECURE_CHANNEL]
08:17:35.375 [https-jsse-nio-8443-exec-10] DEBUG o.s.s.w.a.AnonymousAuthenticationFilter - Set SecurityContextHolder to anonymous SecurityContext
08:17:35.376 [https-jsse-nio-8443-exec-10] DEBUG o.s.s.w.s.HttpSessionRequestCache - Saved request https://localhost:8443/error?continue to session
08:17:35.376 [https-jsse-nio-8443-exec-10] DEBUG o.s.s.web.DefaultRedirectStrategy - Redirecting to https://localhost:8443/login
08:17:35.380 [https-jsse-nio-8443-exec-3] DEBUG o.s.security.web.FilterChainProxy - Securing GET /login
08:17:35.380 [https-jsse-nio-8443-exec-3] DEBUG o.s.s.w.a.c.ChannelProcessingFilter - Request: filter invocation [GET /login]; ConfigAttributes: [REQUIRES_SECURE_CHANNEL]
08:17:35.381 [https-jsse-nio-8443-exec-3] DEBUG o.s.s.w.a.AnonymousAuthenticationFilter - Set SecurityContextHolder to anonymous SecurityContext
08:17:35.381 [https-jsse-nio-8443-exec-3] DEBUG o.s.security.web.FilterChainProxy - Secured GET /login
08:17:40.962 [https-jsse-nio-8443-exec-8] DEBUG o.s.security.web.FilterChainProxy - Securing POST /login
08:17:40.962 [https-jsse-nio-8443-exec-8] DEBUG o.s.s.w.a.c.ChannelProcessingFilter - Request: filter invocation [POST /login]; ConfigAttributes: [REQUIRES_SECURE_CHANNEL]
08:17:41.455 [https-jsse-nio-8443-exec-8] DEBUG org.hibernate.SQL - 
    /* <criteria> */ select
        u1_0.username,
        u1_0.account_non_expired,
        u1_0.account_non_locked,
        u1_0.credentials_expiry_date,
        u1_0.credentials_non_expired,
        u1_0.deleted,
        u1_0.enabled,
        u1_0.password 
    from
        user_tbl u1_0 
    where
        (
            u1_0.deleted = 0
        ) 
        and u1_0.username=?
08:17:41.457 [https-jsse-nio-8443-exec-8] TRACE org.hibernate.orm.jdbc.bind - binding parameter (1:VARCHAR) <- [ali]
08:17:41.478 [https-jsse-nio-8443-exec-8] TRACE org.hibernate.orm.jdbc.extract - extracted value (1:VARCHAR) -> [ali]
08:17:41.478 [https-jsse-nio-8443-exec-8] TRACE org.hibernate.orm.jdbc.extract - extracted value (2:BOOLEAN) -> [true]
08:17:41.478 [https-jsse-nio-8443-exec-8] TRACE org.hibernate.orm.jdbc.extract - extracted value (3:BOOLEAN) -> [true]
08:17:41.478 [https-jsse-nio-8443-exec-8] TRACE org.hibernate.orm.jdbc.extract - extracted value (4:TIMESTAMP) -> [2026-02-15T12:09:59.147750]
08:17:41.478 [https-jsse-nio-8443-exec-8] TRACE org.hibernate.orm.jdbc.extract - extracted value (5:BOOLEAN) -> [true]
08:17:41.478 [https-jsse-nio-8443-exec-8] TRACE org.hibernate.orm.jdbc.extract - extracted value (6:BOOLEAN) -> [false]
08:17:41.478 [https-jsse-nio-8443-exec-8] TRACE org.hibernate.orm.jdbc.extract - extracted value (7:BOOLEAN) -> [true]
08:17:41.478 [https-jsse-nio-8443-exec-8] TRACE org.hibernate.orm.jdbc.extract - extracted value (8:VARCHAR) -> [$2a$12$bkc9M5.5k8h.ROXdCI2/C.8SwxJ3Deo/KRSLcUqhWVAO2P5IFakGe]
08:17:41.480 [https-jsse-nio-8443-exec-8] DEBUG org.hibernate.SQL - 
    select
        rs1_0.username,
        rs1_1.name,
        rs1_1.deleted,
        ps1_0.role_name,
        ps1_1.id,
        ps1_1.deleted,
        ps1_1.permission 
    from
        user_role_tbl rs1_0 
    join
        role_tbl rs1_1 
            on rs1_1.name=rs1_0.role_name 
    left join
        (role_permission_tbl ps1_0 
    join
        permission_tbl ps1_1 
            on ps1_1.id=ps1_0.permission) 
        on rs1_1.name=ps1_0.role_name 
        and ( ps1_1.deleted = 0) 
    where
        rs1_0.username=? 
        and (
            rs1_1.deleted = 0
        )
08:17:41.480 [https-jsse-nio-8443-exec-8] TRACE org.hibernate.orm.jdbc.bind - binding parameter (1:VARCHAR) <- [ali]
08:17:41.496 [https-jsse-nio-8443-exec-8] TRACE org.hibernate.orm.jdbc.extract - extracted value (1:VARCHAR) -> [ali]
08:17:41.496 [https-jsse-nio-8443-exec-8] TRACE org.hibernate.orm.jdbc.extract - extracted value (2:VARCHAR) -> [ROLE_ADMIN]
08:17:41.496 [https-jsse-nio-8443-exec-8] TRACE org.hibernate.orm.jdbc.extract - extracted value (4:VARCHAR) -> [ROLE_ADMIN]
08:17:41.496 [https-jsse-nio-8443-exec-8] TRACE org.hibernate.orm.jdbc.extract - extracted value (5:BIGINT) -> [3]
08:17:41.496 [https-jsse-nio-8443-exec-8] TRACE org.hibernate.orm.jdbc.extract - extracted value (6:BOOLEAN) -> [false]
08:17:41.496 [https-jsse-nio-8443-exec-8] TRACE org.hibernate.orm.jdbc.extract - extracted value (7:VARCHAR) -> [TICKET_EDIT]
08:17:41.496 [https-jsse-nio-8443-exec-8] TRACE org.hibernate.orm.jdbc.extract - extracted value (3:BOOLEAN) -> [false]
08:17:41.496 [https-jsse-nio-8443-exec-8] TRACE org.hibernate.orm.jdbc.extract - extracted value (1:VARCHAR) -> [ali]
08:17:41.497 [https-jsse-nio-8443-exec-8] TRACE org.hibernate.orm.jdbc.extract - extracted value (2:VARCHAR) -> [ROLE_ADMIN]
08:17:41.498 [https-jsse-nio-8443-exec-8] TRACE org.hibernate.orm.jdbc.extract - extracted value (5:BIGINT) -> [4]
08:17:41.498 [https-jsse-nio-8443-exec-8] TRACE org.hibernate.orm.jdbc.extract - extracted value (6:BOOLEAN) -> [false]
08:17:41.498 [https-jsse-nio-8443-exec-8] TRACE org.hibernate.orm.jdbc.extract - extracted value (7:VARCHAR) -> [TICKET_DELETE]
08:17:41.498 [https-jsse-nio-8443-exec-8] TRACE org.hibernate.orm.jdbc.extract - extracted value (1:VARCHAR) -> [ali]
08:17:41.498 [https-jsse-nio-8443-exec-8] TRACE org.hibernate.orm.jdbc.extract - extracted value (2:VARCHAR) -> [ROLE_ADMIN]
08:17:41.498 [https-jsse-nio-8443-exec-8] TRACE org.hibernate.orm.jdbc.extract - extracted value (5:BIGINT) -> [5]
08:17:41.498 [https-jsse-nio-8443-exec-8] TRACE org.hibernate.orm.jdbc.extract - extracted value (6:BOOLEAN) -> [false]
08:17:41.498 [https-jsse-nio-8443-exec-8] TRACE org.hibernate.orm.jdbc.extract - extracted value (7:VARCHAR) -> [TICKET_CREATE]
08:17:41.841 [https-jsse-nio-8443-exec-8] DEBUG o.s.s.a.d.DaoAuthenticationProvider - Authenticated user
08:17:41.842 [https-jsse-nio-8443-exec-8] DEBUG o.s.s.w.a.s.SessionFixationProtectionStrategy - Invalidating session with Id '6590EDA7D1BB36FB06EF4EBE5988FA5A' and migrating attributes.
08:17:41.842 [https-jsse-nio-8443-exec-8] DEBUG o.s.s.w.a.s.SessionFixationProtectionStrategy - Started new session: B6CE80E9716BCCDFE21CCCC4EC6DF55B
08:17:41.842 [https-jsse-nio-8443-exec-8] DEBUG o.s.s.w.a.s.SessionFixationProtectionStrategy - Changed session id from 6590EDA7D1BB36FB06EF4EBE5988FA5A
08:17:41.842 [https-jsse-nio-8443-exec-8] DEBUG o.s.s.c.session.SessionRegistryImpl - Registering session B6CE80E9716BCCDFE21CCCC4EC6DF55B, for principal ir.model.entity.CustomUserDetails@1a88c3b8
08:17:41.843 [https-jsse-nio-8443-exec-8] DEBUG o.s.s.w.c.HttpSessionSecurityContextRepository - Stored SecurityContextImpl [Authentication=UsernamePasswordAuthenticationToken [Principal=ir.model.entity.CustomUserDetails@1a88c3b8, Credentials=[PROTECTED], Authenticated=true, Details=WebAuthenticationDetails [RemoteIpAddress=0:0:0:0:0:0:0:1, SessionId=6590EDA7D1BB36FB06EF4EBE5988FA5A], Granted Authorities=[TICKET_EDIT, ROLE_ADMIN, TICKET_DELETE, TICKET_CREATE]]] to HttpSession [org.apache.catalina.session.StandardSessionFacade@5dcccfb7]
08:17:41.843 [https-jsse-nio-8443-exec-8] DEBUG o.s.s.w.a.UsernamePasswordAuthenticationFilter - Set SecurityContextHolder to UsernamePasswordAuthenticationToken [Principal=ir.model.entity.CustomUserDetails@1a88c3b8, Credentials=[PROTECTED], Authenticated=true, Details=WebAuthenticationDetails [RemoteIpAddress=0:0:0:0:0:0:0:1, SessionId=6590EDA7D1BB36FB06EF4EBE5988FA5A], Granted Authorities=[TICKET_EDIT, ROLE_ADMIN, TICKET_DELETE, TICKET_CREATE]]
08:17:41.843 [https-jsse-nio-8443-exec-8] DEBUG o.s.s.web.DefaultRedirectStrategy - Redirecting to /home
08:17:41.848 [https-jsse-nio-8443-exec-7] DEBUG o.s.security.web.FilterChainProxy - Securing GET /home
08:17:41.849 [https-jsse-nio-8443-exec-7] DEBUG o.s.s.w.a.c.ChannelProcessingFilter - Request: filter invocation [GET /home]; ConfigAttributes: [REQUIRES_SECURE_CHANNEL]
08:17:41.850 [https-jsse-nio-8443-exec-7] DEBUG o.s.s.w.c.HttpSessionSecurityContextRepository - Retrieved SecurityContextImpl [Authentication=UsernamePasswordAuthenticationToken [Principal=ir.model.entity.CustomUserDetails@1a88c3b8, Credentials=[PROTECTED], Authenticated=true, Details=WebAuthenticationDetails [RemoteIpAddress=0:0:0:0:0:0:0:1, SessionId=6590EDA7D1BB36FB06EF4EBE5988FA5A], Granted Authorities=[TICKET_EDIT, ROLE_ADMIN, TICKET_DELETE, TICKET_CREATE]]]
08:17:41.850 [https-jsse-nio-8443-exec-7] DEBUG o.s.security.web.FilterChainProxy - Secured GET /home
08:17:41.955 [https-jsse-nio-8443-exec-5] DEBUG o.s.security.web.FilterChainProxy - Securing GET /favicon.ico
08:17:41.955 [https-jsse-nio-8443-exec-5] DEBUG o.s.s.w.a.c.ChannelProcessingFilter - Request: filter invocation [GET /favicon.ico]; ConfigAttributes: [REQUIRES_SECURE_CHANNEL]
08:17:41.956 [https-jsse-nio-8443-exec-5] DEBUG o.s.security.web.FilterChainProxy - Secured GET /favicon.ico
08:17:41.957 [https-jsse-nio-8443-exec-5] DEBUG o.s.s.w.c.HttpSessionSecurityContextRepository - Retrieved SecurityContextImpl [Authentication=UsernamePasswordAuthenticationToken [Principal=ir.model.entity.CustomUserDetails@1a88c3b8, Credentials=[PROTECTED], Authenticated=true, Details=WebAuthenticationDetails [RemoteIpAddress=0:0:0:0:0:0:0:1, SessionId=6590EDA7D1BB36FB06EF4EBE5988FA5A], Granted Authorities=[TICKET_EDIT, ROLE_ADMIN, TICKET_DELETE, TICKET_CREATE]]]
08:17:41.958 [https-jsse-nio-8443-exec-5] DEBUG o.s.security.web.FilterChainProxy - Securing GET /error
08:17:41.959 [https-jsse-nio-8443-exec-5] DEBUG o.s.s.w.a.c.ChannelProcessingFilter - Request: filter invocation [GET /error]; ConfigAttributes: [REQUIRES_SECURE_CHANNEL]
08:17:41.960 [https-jsse-nio-8443-exec-5] DEBUG o.s.s.w.c.HttpSessionSecurityContextRepository - Retrieved SecurityContextImpl [Authentication=UsernamePasswordAuthenticationToken [Principal=ir.model.entity.CustomUserDetails@1a88c3b8, Credentials=[PROTECTED], Authenticated=true, Details=WebAuthenticationDetails [RemoteIpAddress=0:0:0:0:0:0:0:1, SessionId=6590EDA7D1BB36FB06EF4EBE5988FA5A], Granted Authorities=[TICKET_EDIT, ROLE_ADMIN, TICKET_DELETE, TICKET_CREATE]]]
08:17:41.960 [https-jsse-nio-8443-exec-5] DEBUG o.s.security.web.FilterChainProxy - Secured GET /error
08:17:46.851 [https-jsse-nio-8443-exec-2] DEBUG o.s.security.web.FilterChainProxy - Securing GET /tickets
08:17:46.851 [https-jsse-nio-8443-exec-2] DEBUG o.s.s.w.a.c.ChannelProcessingFilter - Request: filter invocation [GET /tickets]; ConfigAttributes: [REQUIRES_SECURE_CHANNEL]
08:17:46.852 [https-jsse-nio-8443-exec-2] DEBUG o.s.s.w.c.HttpSessionSecurityContextRepository - Retrieved SecurityContextImpl [Authentication=UsernamePasswordAuthenticationToken [Principal=ir.model.entity.CustomUserDetails@1a88c3b8, Credentials=[PROTECTED], Authenticated=true, Details=WebAuthenticationDetails [RemoteIpAddress=0:0:0:0:0:0:0:1, SessionId=6590EDA7D1BB36FB06EF4EBE5988FA5A], Granted Authorities=[TICKET_EDIT, ROLE_ADMIN, TICKET_DELETE, TICKET_CREATE]]]
08:17:46.852 [https-jsse-nio-8443-exec-2] DEBUG o.s.security.web.FilterChainProxy - Secured GET /tickets
08:17:46.865 [https-jsse-nio-8443-exec-2] DEBUG o.s.jdbc.datasource.DataSourceUtils - Setting JDBC Connection [HikariProxyConnection@259910256 wrapping oracle.jdbc.driver.T4CConnection@5f8cb559] read-only
08:17:46.865 [https-jsse-nio-8443-exec-2] DEBUG o.h.e.t.internal.TransactionImpl - On TransactionImpl creation, JpaCompliance#isJpaTransactionComplianceEnabled == false
08:17:46.865 [https-jsse-nio-8443-exec-2] DEBUG o.h.e.t.internal.TransactionImpl - begin
08:17:46.872 [https-jsse-nio-8443-exec-2] DEBUG org.hibernate.SQL - 
    /* <criteria> */ select
        t1_0.id,
        t1_0.customer,
        t1_0.date_time,
        t1_0.deleted,
        t1_0.score,
        t1_0.section_id,
        t1_0.status,
        t1_0.title 
    from
        ticket_tbl t1_0 
    where
        (
            t1_0.deleted = 0
        ) 
        and 1=1 
    order by
        t1_0.date_time 
    offset
        ? rows 
    fetch
        first ? rows only
08:17:46.872 [https-jsse-nio-8443-exec-2] TRACE org.hibernate.orm.jdbc.bind - binding parameter (1:INTEGER) <- [0]
08:17:46.872 [https-jsse-nio-8443-exec-2] TRACE org.hibernate.orm.jdbc.bind - binding parameter (2:INTEGER) <- [10]
08:17:46.877 [https-jsse-nio-8443-exec-2] TRACE org.hibernate.orm.jdbc.extract - extracted value (1:BIGINT) -> [2]
08:17:46.877 [https-jsse-nio-8443-exec-2] TRACE org.hibernate.orm.jdbc.extract - extracted value (2:VARCHAR) -> [ali]
08:17:46.877 [https-jsse-nio-8443-exec-2] DEBUG org.hibernate.SQL - 
    select
        u1_0.username,
        u1_0.account_non_expired,
        u1_0.account_non_locked,
        u1_0.credentials_expiry_date,
        u1_0.credentials_non_expired,
        u1_0.deleted,
        u1_0.enabled,
        u1_0.password,
        rs1_0.username,
        rs1_1.name,
        rs1_1.deleted,
        ps1_0.role_name,
        ps1_1.id,
        ps1_1.deleted,
        ps1_1.permission 
    from
        user_tbl u1_0 
    left join
        (user_role_tbl rs1_0 
    join
        role_tbl rs1_1 
            on rs1_1.name=rs1_0.role_name) 
        on u1_0.username=rs1_0.username 
        and ( rs1_1.deleted = 0) 
    left join
        (role_permission_tbl ps1_0 
    join
        permission_tbl ps1_1 
            on ps1_1.id=ps1_0.permission) 
        on rs1_1.name=ps1_0.role_name 
        and ( ps1_1.deleted = 0) 
    where
        u1_0.username=? 
        and (
            u1_0.deleted = 0
        )
08:17:46.877 [https-jsse-nio-8443-exec-2] TRACE org.hibernate.orm.jdbc.bind - binding parameter (1:VARCHAR) <- [ali]
08:17:46.899 [https-jsse-nio-8443-exec-2] TRACE org.hibernate.orm.jdbc.extract - extracted value (9:VARCHAR) -> [ali]
08:17:46.899 [https-jsse-nio-8443-exec-2] TRACE org.hibernate.orm.jdbc.extract - extracted value (10:VARCHAR) -> [ROLE_ADMIN]
08:17:46.899 [https-jsse-nio-8443-exec-2] TRACE org.hibernate.orm.jdbc.extract - extracted value (12:VARCHAR) -> [ROLE_ADMIN]
08:17:46.899 [https-jsse-nio-8443-exec-2] TRACE org.hibernate.orm.jdbc.extract - extracted value (13:BIGINT) -> [3]
08:17:46.899 [https-jsse-nio-8443-exec-2] TRACE org.hibernate.orm.jdbc.extract - extracted value (14:BOOLEAN) -> [false]
08:17:46.899 [https-jsse-nio-8443-exec-2] TRACE org.hibernate.orm.jdbc.extract - extracted value (15:VARCHAR) -> [TICKET_EDIT]
08:17:46.899 [https-jsse-nio-8443-exec-2] TRACE org.hibernate.orm.jdbc.extract - extracted value (11:BOOLEAN) -> [false]
08:17:46.899 [https-jsse-nio-8443-exec-2] TRACE org.hibernate.orm.jdbc.extract - extracted value (2:BOOLEAN) -> [true]
08:17:46.899 [https-jsse-nio-8443-exec-2] TRACE org.hibernate.orm.jdbc.extract - extracted value (3:BOOLEAN) -> [true]
08:17:46.899 [https-jsse-nio-8443-exec-2] TRACE org.hibernate.orm.jdbc.extract - extracted value (4:TIMESTAMP) -> [2026-02-15T12:09:59.147750]
08:17:46.899 [https-jsse-nio-8443-exec-2] TRACE org.hibernate.orm.jdbc.extract - extracted value (5:BOOLEAN) -> [true]
08:17:46.899 [https-jsse-nio-8443-exec-2] TRACE org.hibernate.orm.jdbc.extract - extracted value (6:BOOLEAN) -> [false]
08:17:46.899 [https-jsse-nio-8443-exec-2] TRACE org.hibernate.orm.jdbc.extract - extracted value (7:BOOLEAN) -> [true]
08:17:46.899 [https-jsse-nio-8443-exec-2] TRACE org.hibernate.orm.jdbc.extract - extracted value (8:VARCHAR) -> [$2a$12$bkc9M5.5k8h.ROXdCI2/C.8SwxJ3Deo/KRSLcUqhWVAO2P5IFakGe]
08:17:46.899 [https-jsse-nio-8443-exec-2] TRACE org.hibernate.orm.jdbc.extract - extracted value (10:VARCHAR) -> [ROLE_ADMIN]
08:17:46.899 [https-jsse-nio-8443-exec-2] TRACE org.hibernate.orm.jdbc.extract - extracted value (13:BIGINT) -> [4]
08:17:46.899 [https-jsse-nio-8443-exec-2] TRACE org.hibernate.orm.jdbc.extract - extracted value (14:BOOLEAN) -> [false]
08:17:46.899 [https-jsse-nio-8443-exec-2] TRACE org.hibernate.orm.jdbc.extract - extracted value (15:VARCHAR) -> [TICKET_DELETE]
08:17:46.900 [https-jsse-nio-8443-exec-2] TRACE org.hibernate.orm.jdbc.extract - extracted value (10:VARCHAR) -> [ROLE_ADMIN]
08:17:46.900 [https-jsse-nio-8443-exec-2] TRACE org.hibernate.orm.jdbc.extract - extracted value (13:BIGINT) -> [5]
08:17:46.900 [https-jsse-nio-8443-exec-2] TRACE org.hibernate.orm.jdbc.extract - extracted value (14:BOOLEAN) -> [false]
08:17:46.900 [https-jsse-nio-8443-exec-2] TRACE org.hibernate.orm.jdbc.extract - extracted value (15:VARCHAR) -> [TICKET_CREATE]
08:17:46.900 [https-jsse-nio-8443-exec-2] TRACE org.hibernate.orm.jdbc.extract - extracted value (6:BIGINT) -> [3]
08:17:46.900 [https-jsse-nio-8443-exec-2] DEBUG org.hibernate.SQL - 
    select
        s1_0.id,
        s1_0.deleted,
        ps1_0.id,
        ps1_0.deleted,
        ps1_0.parent_section_id,
        ps1_0.title,
        s1_0.title,
        csl1_0.parent_section_id,
        csl1_0.id,
        csl1_0.deleted,
        csl1_0.title 
    from
        section_table s1_0 
    left join
        section_table ps1_0 
            on ps1_0.id=s1_0.parent_section_id 
            and (ps1_0.deleted = 0) 
    left join
        section_table csl1_0 
            on s1_0.id=csl1_0.parent_section_id 
            and (csl1_0.deleted = 0) 
    where
        s1_0.id=? 
        and (
            s1_0.deleted = 0
        )
08:17:46.900 [https-jsse-nio-8443-exec-2] TRACE org.hibernate.orm.jdbc.bind - binding parameter (1:BIGINT) <- [3]
08:17:46.901 [https-jsse-nio-8443-exec-2] TRACE org.hibernate.orm.jdbc.extract - extracted value (8:BIGINT) -> [3]
08:17:46.901 [https-jsse-nio-8443-exec-2] TRACE org.hibernate.orm.jdbc.extract - extracted value (9:BIGINT) -> [4]
08:17:46.901 [https-jsse-nio-8443-exec-2] TRACE org.hibernate.orm.jdbc.extract - extracted value (3:BIGINT) -> [1]
08:17:46.901 [https-jsse-nio-8443-exec-2] TRACE org.hibernate.orm.jdbc.extract - extracted value (5:BIGINT) -> [null]
08:17:46.901 [https-jsse-nio-8443-exec-2] TRACE org.hibernate.orm.jdbc.extract - extracted value (10:BOOLEAN) -> [false]
08:17:46.901 [https-jsse-nio-8443-exec-2] TRACE org.hibernate.orm.jdbc.extract - extracted value (11:VARCHAR) -> [BUS]
08:17:46.902 [https-jsse-nio-8443-exec-2] TRACE org.hibernate.orm.jdbc.extract - extracted value (4:BOOLEAN) -> [false]
08:17:46.902 [https-jsse-nio-8443-exec-2] TRACE org.hibernate.orm.jdbc.extract - extracted value (6:VARCHAR) -> [MAIN SECTION]
08:17:46.902 [https-jsse-nio-8443-exec-2] TRACE org.hibernate.orm.jdbc.extract - extracted value (2:BOOLEAN) -> [false]
08:17:46.902 [https-jsse-nio-8443-exec-2] TRACE org.hibernate.orm.jdbc.extract - extracted value (7:VARCHAR) -> [TRANSPORT]
08:17:46.902 [https-jsse-nio-8443-exec-2] TRACE org.hibernate.orm.jdbc.extract - extracted value (9:BIGINT) -> [5]
08:17:46.902 [https-jsse-nio-8443-exec-2] TRACE org.hibernate.orm.jdbc.extract - extracted value (10:BOOLEAN) -> [false]
08:17:46.902 [https-jsse-nio-8443-exec-2] TRACE org.hibernate.orm.jdbc.extract - extracted value (11:VARCHAR) -> [TAXI]
08:17:46.902 [https-jsse-nio-8443-exec-2] TRACE org.hibernate.orm.jdbc.extract - extracted value (9:BIGINT) -> [7]
08:17:46.902 [https-jsse-nio-8443-exec-2] TRACE org.hibernate.orm.jdbc.extract - extracted value (10:BOOLEAN) -> [false]
08:17:46.902 [https-jsse-nio-8443-exec-2] TRACE org.hibernate.orm.jdbc.extract - extracted value (11:VARCHAR) -> [TRAIN]
08:17:46.902 [https-jsse-nio-8443-exec-2] TRACE org.hibernate.orm.jdbc.extract - extracted value (3:TIMESTAMP) -> [2025-08-15T00:14:09.625]
08:17:46.902 [https-jsse-nio-8443-exec-2] TRACE org.hibernate.orm.jdbc.extract - extracted value (4:BOOLEAN) -> [false]
08:17:46.902 [https-jsse-nio-8443-exec-2] TRACE org.hibernate.orm.jdbc.extract - extracted value (5:INTEGER) -> [3]
08:17:46.902 [https-jsse-nio-8443-exec-2] TRACE org.hibernate.orm.jdbc.extract - extracted value (7:TINYINT) -> [NotSeen]
08:17:46.902 [https-jsse-nio-8443-exec-2] TRACE org.hibernate.orm.jdbc.extract - extracted value (8:VARCHAR) -> [test1]
08:17:46.903 [https-jsse-nio-8443-exec-2] TRACE org.hibernate.orm.jdbc.extract - extracted value (1:BIGINT) -> [4]
08:17:46.903 [https-jsse-nio-8443-exec-2] TRACE org.hibernate.orm.jdbc.extract - extracted value (2:VARCHAR) -> [ali]
08:17:46.903 [https-jsse-nio-8443-exec-2] TRACE org.hibernate.orm.jdbc.extract - extracted value (6:BIGINT) -> [2]
08:17:46.903 [https-jsse-nio-8443-exec-2] DEBUG org.hibernate.SQL - 
    select
        s1_0.id,
        s1_0.deleted,
        ps1_0.id,
        ps1_0.deleted,
        ps1_0.parent_section_id,
        ps1_0.title,
        s1_0.title,
        csl1_0.parent_section_id,
        csl1_0.id,
        csl1_0.deleted,
        csl1_0.title 
    from
        section_table s1_0 
    left join
        section_table ps1_0 
            on ps1_0.id=s1_0.parent_section_id 
            and (ps1_0.deleted = 0) 
    left join
        section_table csl1_0 
            on s1_0.id=csl1_0.parent_section_id 
            and (csl1_0.deleted = 0) 
    where
        s1_0.id=? 
        and (
            s1_0.deleted = 0
        )
08:17:46.903 [https-jsse-nio-8443-exec-2] TRACE org.hibernate.orm.jdbc.bind - binding parameter (1:BIGINT) <- [2]
08:17:46.904 [https-jsse-nio-8443-exec-2] TRACE org.hibernate.orm.jdbc.extract - extracted value (8:BIGINT) -> [null]
08:17:46.904 [https-jsse-nio-8443-exec-2] TRACE org.hibernate.orm.jdbc.extract - extracted value (3:BIGINT) -> [1]
08:17:46.904 [https-jsse-nio-8443-exec-2] TRACE org.hibernate.orm.jdbc.extract - extracted value (2:BOOLEAN) -> [false]
08:17:46.904 [https-jsse-nio-8443-exec-2] TRACE org.hibernate.orm.jdbc.extract - extracted value (7:VARCHAR) -> [HSE]
08:17:46.904 [https-jsse-nio-8443-exec-2] TRACE org.hibernate.orm.jdbc.extract - extracted value (3:TIMESTAMP) -> [2025-08-17T18:19:31.286221]
08:17:46.904 [https-jsse-nio-8443-exec-2] TRACE org.hibernate.orm.jdbc.extract - extracted value (4:BOOLEAN) -> [false]
08:17:46.904 [https-jsse-nio-8443-exec-2] TRACE org.hibernate.orm.jdbc.extract - extracted value (5:INTEGER) -> [null]
08:17:46.904 [https-jsse-nio-8443-exec-2] TRACE org.hibernate.orm.jdbc.extract - extracted value (7:TINYINT) -> [Responsed]
08:17:46.904 [https-jsse-nio-8443-exec-2] TRACE org.hibernate.orm.jdbc.extract - extracted value (8:VARCHAR) -> [test 2]
08:17:46.904 [https-jsse-nio-8443-exec-2] TRACE org.hibernate.orm.jdbc.extract - extracted value (1:BIGINT) -> [5]
08:17:46.904 [https-jsse-nio-8443-exec-2] TRACE org.hibernate.orm.jdbc.extract - extracted value (2:VARCHAR) -> [ali]
08:17:46.904 [https-jsse-nio-8443-exec-2] TRACE org.hibernate.orm.jdbc.extract - extracted value (6:BIGINT) -> [6]
08:17:46.905 [https-jsse-nio-8443-exec-2] DEBUG org.hibernate.SQL - 
    select
        s1_0.id,
        s1_0.deleted,
        ps1_0.id,
        ps1_0.deleted,
        ps1_0.parent_section_id,
        ps1_0.title,
        s1_0.title,
        csl1_0.parent_section_id,
        csl1_0.id,
        csl1_0.deleted,
        csl1_0.title 
    from
        section_table s1_0 
    left join
        section_table ps1_0 
            on ps1_0.id=s1_0.parent_section_id 
            and (ps1_0.deleted = 0) 
    left join
        section_table csl1_0 
            on s1_0.id=csl1_0.parent_section_id 
            and (csl1_0.deleted = 0) 
    where
        s1_0.id=? 
        and (
            s1_0.deleted = 0
        )
08:17:46.905 [https-jsse-nio-8443-exec-2] TRACE org.hibernate.orm.jdbc.bind - binding parameter (1:BIGINT) <- [6]
08:17:46.905 [https-jsse-nio-8443-exec-2] TRACE org.hibernate.orm.jdbc.extract - extracted value (8:BIGINT) -> [6]
08:17:46.905 [https-jsse-nio-8443-exec-2] TRACE org.hibernate.orm.jdbc.extract - extracted value (9:BIGINT) -> [51]
08:17:46.905 [https-jsse-nio-8443-exec-2] TRACE org.hibernate.orm.jdbc.extract - extracted value (3:BIGINT) -> [1]
08:17:46.906 [https-jsse-nio-8443-exec-2] TRACE org.hibernate.orm.jdbc.extract - extracted value (10:BOOLEAN) -> [false]
08:17:46.906 [https-jsse-nio-8443-exec-2] TRACE org.hibernate.orm.jdbc.extract - extracted value (11:VARCHAR) -> [Q12]
08:17:46.906 [https-jsse-nio-8443-exec-2] TRACE org.hibernate.orm.jdbc.extract - extracted value (2:BOOLEAN) -> [false]
08:17:46.906 [https-jsse-nio-8443-exec-2] TRACE org.hibernate.orm.jdbc.extract - extracted value (7:VARCHAR) -> [ARCHIVE]
08:17:46.906 [https-jsse-nio-8443-exec-2] TRACE org.hibernate.orm.jdbc.extract - extracted value (3:TIMESTAMP) -> [2025-08-17T21:13:01.507736]
08:17:46.906 [https-jsse-nio-8443-exec-2] TRACE org.hibernate.orm.jdbc.extract - extracted value (4:BOOLEAN) -> [false]
08:17:46.906 [https-jsse-nio-8443-exec-2] TRACE org.hibernate.orm.jdbc.extract - extracted value (5:INTEGER) -> [null]
08:17:46.906 [https-jsse-nio-8443-exec-2] TRACE org.hibernate.orm.jdbc.extract - extracted value (7:TINYINT) -> [NotSeen]
08:17:46.906 [https-jsse-nio-8443-exec-2] TRACE org.hibernate.orm.jdbc.extract - extracted value (8:VARCHAR) -> [test 3]
08:17:46.906 [https-jsse-nio-8443-exec-2] TRACE org.hibernate.orm.jdbc.extract - extracted value (1:BIGINT) -> [7]
08:17:46.906 [https-jsse-nio-8443-exec-2] TRACE org.hibernate.orm.jdbc.extract - extracted value (2:VARCHAR) -> [ali]
08:17:46.906 [https-jsse-nio-8443-exec-2] TRACE org.hibernate.orm.jdbc.extract - extracted value (6:BIGINT) -> [3]
08:17:46.907 [https-jsse-nio-8443-exec-2] TRACE org.hibernate.orm.jdbc.extract - extracted value (3:TIMESTAMP) -> [2025-08-17T21:28:45.615086]
08:17:46.907 [https-jsse-nio-8443-exec-2] TRACE org.hibernate.orm.jdbc.extract - extracted value (4:BOOLEAN) -> [false]
08:17:46.907 [https-jsse-nio-8443-exec-2] TRACE org.hibernate.orm.jdbc.extract - extracted value (5:INTEGER) -> [null]
08:17:46.907 [https-jsse-nio-8443-exec-2] TRACE org.hibernate.orm.jdbc.extract - extracted value (7:TINYINT) -> [NotSeen]
08:17:46.907 [https-jsse-nio-8443-exec-2] TRACE org.hibernate.orm.jdbc.extract - extracted value (8:VARCHAR) -> [test 4]
08:17:46.907 [https-jsse-nio-8443-exec-2] TRACE org.hibernate.orm.jdbc.extract - extracted value (1:BIGINT) -> [10]
08:17:46.907 [https-jsse-nio-8443-exec-2] TRACE org.hibernate.orm.jdbc.extract - extracted value (2:VARCHAR) -> [ali]
08:17:46.907 [https-jsse-nio-8443-exec-2] TRACE org.hibernate.orm.jdbc.extract - extracted value (6:BIGINT) -> [2]
08:17:46.907 [https-jsse-nio-8443-exec-2] TRACE org.hibernate.orm.jdbc.extract - extracted value (3:TIMESTAMP) -> [2025-08-17T21:56:26.780465]
08:17:46.907 [https-jsse-nio-8443-exec-2] TRACE org.hibernate.orm.jdbc.extract - extracted value (4:BOOLEAN) -> [false]
08:17:46.907 [https-jsse-nio-8443-exec-2] TRACE org.hibernate.orm.jdbc.extract - extracted value (5:INTEGER) -> [null]
08:17:46.907 [https-jsse-nio-8443-exec-2] TRACE org.hibernate.orm.jdbc.extract - extracted value (7:TINYINT) -> [NotSeen]
08:17:46.907 [https-jsse-nio-8443-exec-2] TRACE org.hibernate.orm.jdbc.extract - extracted value (8:VARCHAR) -> [new]
08:17:46.907 [https-jsse-nio-8443-exec-2] TRACE org.hibernate.orm.jdbc.extract - extracted value (1:BIGINT) -> [11]
08:17:46.907 [https-jsse-nio-8443-exec-2] TRACE org.hibernate.orm.jdbc.extract - extracted value (2:VARCHAR) -> [shirin]
08:17:46.907 [https-jsse-nio-8443-exec-2] DEBUG org.hibernate.SQL - 
    select
        u1_0.username,
        u1_0.account_non_expired,
        u1_0.account_non_locked,
        u1_0.credentials_expiry_date,
        u1_0.credentials_non_expired,
        u1_0.deleted,
        u1_0.enabled,
        u1_0.password,
        rs1_0.username,
        rs1_1.name,
        rs1_1.deleted,
        ps1_0.role_name,
        ps1_1.id,
        ps1_1.deleted,
        ps1_1.permission 
    from
        user_tbl u1_0 
    left join
        (user_role_tbl rs1_0 
    join
        role_tbl rs1_1 
            on rs1_1.name=rs1_0.role_name) 
        on u1_0.username=rs1_0.username 
        and ( rs1_1.deleted = 0) 
    left join
        (role_permission_tbl ps1_0 
    join
        permission_tbl ps1_1 
            on ps1_1.id=ps1_0.permission) 
        on rs1_1.name=ps1_0.role_name 
        and ( ps1_1.deleted = 0) 
    where
        u1_0.username=? 
        and (
            u1_0.deleted = 0
        )
08:17:46.908 [https-jsse-nio-8443-exec-2] TRACE org.hibernate.orm.jdbc.bind - binding parameter (1:VARCHAR) <- [shirin]
08:17:46.909 [https-jsse-nio-8443-exec-2] TRACE org.hibernate.orm.jdbc.extract - extracted value (9:VARCHAR) -> [shirin]
08:17:46.909 [https-jsse-nio-8443-exec-2] TRACE org.hibernate.orm.jdbc.extract - extracted value (10:VARCHAR) -> [ROLE_CUSTOMER]
08:17:46.909 [https-jsse-nio-8443-exec-2] TRACE org.hibernate.orm.jdbc.extract - extracted value (12:VARCHAR) -> [ROLE_CUSTOMER]
08:17:46.909 [https-jsse-nio-8443-exec-2] TRACE org.hibernate.orm.jdbc.extract - extracted value (13:BIGINT) -> [5]
08:17:46.909 [https-jsse-nio-8443-exec-2] TRACE org.hibernate.orm.jdbc.extract - extracted value (11:BOOLEAN) -> [false]
08:17:46.909 [https-jsse-nio-8443-exec-2] TRACE org.hibernate.orm.jdbc.extract - extracted value (2:BOOLEAN) -> [true]
08:17:46.909 [https-jsse-nio-8443-exec-2] TRACE org.hibernate.orm.jdbc.extract - extracted value (3:BOOLEAN) -> [true]
08:17:46.909 [https-jsse-nio-8443-exec-2] TRACE org.hibernate.orm.jdbc.extract - extracted value (4:TIMESTAMP) -> [2026-02-15T12:38]
08:17:46.909 [https-jsse-nio-8443-exec-2] TRACE org.hibernate.orm.jdbc.extract - extracted value (5:BOOLEAN) -> [true]
08:17:46.909 [https-jsse-nio-8443-exec-2] TRACE org.hibernate.orm.jdbc.extract - extracted value (6:BOOLEAN) -> [false]
08:17:46.909 [https-jsse-nio-8443-exec-2] TRACE org.hibernate.orm.jdbc.extract - extracted value (7:BOOLEAN) -> [true]
08:17:46.909 [https-jsse-nio-8443-exec-2] TRACE org.hibernate.orm.jdbc.extract - extracted value (8:VARCHAR) -> [$2a$12$ycbWX6LGjFbEOG63G80LVeFa7BWTps7/MAiv7fsxhgfM7o4zJu7lC]
08:17:46.909 [https-jsse-nio-8443-exec-2] TRACE org.hibernate.orm.jdbc.extract - extracted value (6:BIGINT) -> [2]
08:17:46.910 [https-jsse-nio-8443-exec-2] TRACE org.hibernate.orm.jdbc.extract - extracted value (3:TIMESTAMP) -> [2025-08-17T23:33:37.500446]
08:17:46.910 [https-jsse-nio-8443-exec-2] TRACE org.hibernate.orm.jdbc.extract - extracted value (4:BOOLEAN) -> [false]
08:17:46.910 [https-jsse-nio-8443-exec-2] TRACE org.hibernate.orm.jdbc.extract - extracted value (5:INTEGER) -> [null]
08:17:46.910 [https-jsse-nio-8443-exec-2] TRACE org.hibernate.orm.jdbc.extract - extracted value (7:TINYINT) -> [Seen]
08:17:46.910 [https-jsse-nio-8443-exec-2] TRACE org.hibernate.orm.jdbc.extract - extracted value (8:VARCHAR) -> [customer test 1]
08:17:46.910 [https-jsse-nio-8443-exec-2] TRACE org.hibernate.orm.jdbc.extract - extracted value (1:BIGINT) -> [12]
08:17:46.910 [https-jsse-nio-8443-exec-2] TRACE org.hibernate.orm.jdbc.extract - extracted value (2:VARCHAR) -> [shirin]
08:17:46.910 [https-jsse-nio-8443-exec-2] TRACE org.hibernate.orm.jdbc.extract - extracted value (6:BIGINT) -> [5]
08:17:46.910 [https-jsse-nio-8443-exec-2] TRACE org.hibernate.orm.jdbc.extract - extracted value (3:TIMESTAMP) -> [2025-08-17T23:40:58.948110]
08:17:46.910 [https-jsse-nio-8443-exec-2] TRACE org.hibernate.orm.jdbc.extract - extracted value (4:BOOLEAN) -> [false]
08:17:46.910 [https-jsse-nio-8443-exec-2] TRACE org.hibernate.orm.jdbc.extract - extracted value (5:INTEGER) -> [null]
08:17:46.910 [https-jsse-nio-8443-exec-2] TRACE org.hibernate.orm.jdbc.extract - extracted value (7:TINYINT) -> [NotSeen]
08:17:46.910 [https-jsse-nio-8443-exec-2] TRACE org.hibernate.orm.jdbc.extract - extracted value (8:VARCHAR) -> [customer test 2]
08:17:46.910 [https-jsse-nio-8443-exec-2] TRACE org.hibernate.orm.jdbc.extract - extracted value (1:BIGINT) -> [13]
08:17:46.910 [https-jsse-nio-8443-exec-2] TRACE org.hibernate.orm.jdbc.extract - extracted value (2:VARCHAR) -> [ali]
08:17:46.910 [https-jsse-nio-8443-exec-2] TRACE org.hibernate.orm.jdbc.extract - extracted value (6:BIGINT) -> [6]
08:17:46.910 [https-jsse-nio-8443-exec-2] TRACE org.hibernate.orm.jdbc.extract - extracted value (3:TIMESTAMP) -> [2025-08-17T23:43:18.831948]
08:17:46.910 [https-jsse-nio-8443-exec-2] TRACE org.hibernate.orm.jdbc.extract - extracted value (4:BOOLEAN) -> [false]
08:17:46.910 [https-jsse-nio-8443-exec-2] TRACE org.hibernate.orm.jdbc.extract - extracted value (5:INTEGER) -> [null]
08:17:46.910 [https-jsse-nio-8443-exec-2] TRACE org.hibernate.orm.jdbc.extract - extracted value (7:TINYINT) -> [NotSeen]
08:17:46.910 [https-jsse-nio-8443-exec-2] TRACE org.hibernate.orm.jdbc.extract - extracted value (8:VARCHAR) -> [admin test 1]
08:17:46.911 [https-jsse-nio-8443-exec-2] TRACE org.hibernate.orm.jdbc.extract - extracted value (1:BIGINT) -> [14]
08:17:46.911 [https-jsse-nio-8443-exec-2] TRACE org.hibernate.orm.jdbc.extract - extracted value (2:VARCHAR) -> [artin]
08:17:46.911 [https-jsse-nio-8443-exec-2] DEBUG org.hibernate.SQL - 
    select
        u1_0.username,
        u1_0.account_non_expired,
        u1_0.account_non_locked,
        u1_0.credentials_expiry_date,
        u1_0.credentials_non_expired,
        u1_0.deleted,
        u1_0.enabled,
        u1_0.password,
        rs1_0.username,
        rs1_1.name,
        rs1_1.deleted,
        ps1_0.role_name,
        ps1_1.id,
        ps1_1.deleted,
        ps1_1.permission 
    from
        user_tbl u1_0 
    left join
        (user_role_tbl rs1_0 
    join
        role_tbl rs1_1 
            on rs1_1.name=rs1_0.role_name) 
        on u1_0.username=rs1_0.username 
        and ( rs1_1.deleted = 0) 
    left join
        (role_permission_tbl ps1_0 
    join
        permission_tbl ps1_1 
            on ps1_1.id=ps1_0.permission) 
        on rs1_1.name=ps1_0.role_name 
        and ( ps1_1.deleted = 0) 
    where
        u1_0.username=? 
        and (
            u1_0.deleted = 0
        )
08:17:46.911 [https-jsse-nio-8443-exec-2] TRACE org.hibernate.orm.jdbc.bind - binding parameter (1:VARCHAR) <- [artin]
08:17:46.912 [https-jsse-nio-8443-exec-2] TRACE org.hibernate.orm.jdbc.extract - extracted value (9:VARCHAR) -> [artin]
08:17:46.912 [https-jsse-nio-8443-exec-2] TRACE org.hibernate.orm.jdbc.extract - extracted value (10:VARCHAR) -> [ROLE_CUSTOMER]
08:17:46.912 [https-jsse-nio-8443-exec-2] TRACE org.hibernate.orm.jdbc.extract - extracted value (2:BOOLEAN) -> [true]
08:17:46.912 [https-jsse-nio-8443-exec-2] TRACE org.hibernate.orm.jdbc.extract - extracted value (3:BOOLEAN) -> [true]
08:17:46.912 [https-jsse-nio-8443-exec-2] TRACE org.hibernate.orm.jdbc.extract - extracted value (4:TIMESTAMP) -> [2026-04-04T16:39]
08:17:46.913 [https-jsse-nio-8443-exec-2] TRACE org.hibernate.orm.jdbc.extract - extracted value (5:BOOLEAN) -> [true]
08:17:46.913 [https-jsse-nio-8443-exec-2] TRACE org.hibernate.orm.jdbc.extract - extracted value (6:BOOLEAN) -> [false]
08:17:46.913 [https-jsse-nio-8443-exec-2] TRACE org.hibernate.orm.jdbc.extract - extracted value (7:BOOLEAN) -> [true]
08:17:46.913 [https-jsse-nio-8443-exec-2] TRACE org.hibernate.orm.jdbc.extract - extracted value (8:VARCHAR) -> [$2a$12$LQ/9Uj10CUQqYQSeLTXUEugUzI7FXTZnvnYR6fTSOkdmnpp1mfGMS]
08:17:46.913 [https-jsse-nio-8443-exec-2] TRACE org.hibernate.orm.jdbc.extract - extracted value (6:BIGINT) -> [4]
08:17:46.913 [https-jsse-nio-8443-exec-2] TRACE org.hibernate.orm.jdbc.extract - extracted value (3:TIMESTAMP) -> [2025-08-17T23:44:35.887121]
08:17:46.913 [https-jsse-nio-8443-exec-2] TRACE org.hibernate.orm.jdbc.extract - extracted value (4:BOOLEAN) -> [false]
08:17:46.913 [https-jsse-nio-8443-exec-2] TRACE org.hibernate.orm.jdbc.extract - extracted value (5:INTEGER) -> [null]
08:17:46.913 [https-jsse-nio-8443-exec-2] TRACE org.hibernate.orm.jdbc.extract - extracted value (7:TINYINT) -> [Responsed]
08:17:46.913 [https-jsse-nio-8443-exec-2] TRACE org.hibernate.orm.jdbc.extract - extracted value (8:VARCHAR) -> [customer test 4]
08:17:46.913 [https-jsse-nio-8443-exec-2] TRACE org.hibernate.orm.jdbc.extract - extracted value (1:BIGINT) -> [15]
08:17:46.913 [https-jsse-nio-8443-exec-2] TRACE org.hibernate.orm.jdbc.extract - extracted value (2:VARCHAR) -> [payam]
08:17:46.913 [https-jsse-nio-8443-exec-2] DEBUG org.hibernate.SQL - 
    select
        u1_0.username,
        u1_0.account_non_expired,
        u1_0.account_non_locked,
        u1_0.credentials_expiry_date,
        u1_0.credentials_non_expired,
        u1_0.deleted,
        u1_0.enabled,
        u1_0.password,
        rs1_0.username,
        rs1_1.name,
        rs1_1.deleted,
        ps1_0.role_name,
        ps1_1.id,
        ps1_1.deleted,
        ps1_1.permission 
    from
        user_tbl u1_0 
    left join
        (user_role_tbl rs1_0 
    join
        role_tbl rs1_1 
            on rs1_1.name=rs1_0.role_name) 
        on u1_0.username=rs1_0.username 
        and ( rs1_1.deleted = 0) 
    left join
        (role_permission_tbl ps1_0 
    join
        permission_tbl ps1_1 
            on ps1_1.id=ps1_0.permission) 
        on rs1_1.name=ps1_0.role_name 
        and ( ps1_1.deleted = 0) 
    where
        u1_0.username=? 
        and (
            u1_0.deleted = 0
        )
08:17:46.914 [https-jsse-nio-8443-exec-2] TRACE org.hibernate.orm.jdbc.bind - binding parameter (1:VARCHAR) <- [payam]
08:17:46.914 [https-jsse-nio-8443-exec-2] TRACE org.hibernate.orm.jdbc.extract - extracted value (9:VARCHAR) -> [payam]
08:17:46.915 [https-jsse-nio-8443-exec-2] TRACE org.hibernate.orm.jdbc.extract - extracted value (10:VARCHAR) -> [ROLE_MANAGER]
08:17:46.915 [https-jsse-nio-8443-exec-2] TRACE org.hibernate.orm.jdbc.extract - extracted value (12:VARCHAR) -> [ROLE_MANAGER]
08:17:46.915 [https-jsse-nio-8443-exec-2] TRACE org.hibernate.orm.jdbc.extract - extracted value (13:BIGINT) -> [3]
08:17:46.915 [https-jsse-nio-8443-exec-2] TRACE org.hibernate.orm.jdbc.extract - extracted value (11:BOOLEAN) -> [false]
08:17:46.915 [https-jsse-nio-8443-exec-2] TRACE org.hibernate.orm.jdbc.extract - extracted value (2:BOOLEAN) -> [true]
08:17:46.915 [https-jsse-nio-8443-exec-2] TRACE org.hibernate.orm.jdbc.extract - extracted value (3:BOOLEAN) -> [true]
08:17:46.915 [https-jsse-nio-8443-exec-2] TRACE org.hibernate.orm.jdbc.extract - extracted value (4:TIMESTAMP) -> [2026-08-08T20:00]
08:17:46.915 [https-jsse-nio-8443-exec-2] TRACE org.hibernate.orm.jdbc.extract - extracted value (5:BOOLEAN) -> [true]
08:17:46.915 [https-jsse-nio-8443-exec-2] TRACE org.hibernate.orm.jdbc.extract - extracted value (6:BOOLEAN) -> [false]
08:17:46.915 [https-jsse-nio-8443-exec-2] TRACE org.hibernate.orm.jdbc.extract - extracted value (7:BOOLEAN) -> [true]
08:17:46.915 [https-jsse-nio-8443-exec-2] TRACE org.hibernate.orm.jdbc.extract - extracted value (8:VARCHAR) -> [$2a$12$lVuQXTkB0crKuwzQLIv7QumZWQZdMFMeR4CnkQoftAsg8CiLwEYB6]
08:17:46.915 [https-jsse-nio-8443-exec-2] TRACE org.hibernate.orm.jdbc.extract - extracted value (6:BIGINT) -> [1]
08:17:46.915 [https-jsse-nio-8443-exec-2] TRACE org.hibernate.orm.jdbc.extract - extracted value (3:TIMESTAMP) -> [2025-08-17T23:50:03.435260]
08:17:46.915 [https-jsse-nio-8443-exec-2] TRACE org.hibernate.orm.jdbc.extract - extracted value (4:BOOLEAN) -> [false]
08:17:46.915 [https-jsse-nio-8443-exec-2] TRACE org.hibernate.orm.jdbc.extract - extracted value (5:INTEGER) -> [null]
08:17:46.916 [https-jsse-nio-8443-exec-2] TRACE org.hibernate.orm.jdbc.extract - extracted value (7:TINYINT) -> [NotSeen]
08:17:46.916 [https-jsse-nio-8443-exec-2] TRACE org.hibernate.orm.jdbc.extract - extracted value (8:VARCHAR) -> [payam]
08:17:46.916 [https-jsse-nio-8443-exec-2] DEBUG org.hibernate.SQL - 
    select
        csl1_0.parent_section_id,
        csl1_0.id,
        csl1_0.deleted,
        csl1_0.title 
    from
        section_table csl1_0 
    where
        csl1_0.parent_section_id=? 
        and (
            csl1_0.deleted = 0
        )
08:17:46.916 [https-jsse-nio-8443-exec-2] TRACE org.hibernate.orm.jdbc.bind - binding parameter (1:BIGINT) <- [51]
08:17:46.918 [https-jsse-nio-8443-exec-2] TRACE org.hibernate.orm.jdbc.extract - extracted value (1:BIGINT) -> [51]
08:17:46.918 [https-jsse-nio-8443-exec-2] TRACE org.hibernate.orm.jdbc.extract - extracted value (2:BIGINT) -> [52]
08:17:46.918 [https-jsse-nio-8443-exec-2] TRACE org.hibernate.orm.jdbc.extract - extracted value (3:BOOLEAN) -> [false]
08:17:46.918 [https-jsse-nio-8443-exec-2] TRACE org.hibernate.orm.jdbc.extract - extracted value (4:VARCHAR) -> [Q13]
08:17:46.918 [https-jsse-nio-8443-exec-2] DEBUG org.hibernate.SQL - 
    select
        csl1_0.parent_section_id,
        csl1_0.id,
        csl1_0.deleted,
        csl1_0.title 
    from
        section_table csl1_0 
    where
        csl1_0.parent_section_id=? 
        and (
            csl1_0.deleted = 0
        )
08:17:46.918 [https-jsse-nio-8443-exec-2] TRACE org.hibernate.orm.jdbc.bind - binding parameter (1:BIGINT) <- [52]
08:17:46.919 [https-jsse-nio-8443-exec-2] TRACE org.hibernate.orm.jdbc.extract - extracted value (1:BIGINT) -> [52]
08:17:46.919 [https-jsse-nio-8443-exec-2] TRACE org.hibernate.orm.jdbc.extract - extracted value (2:BIGINT) -> [53]
08:17:46.919 [https-jsse-nio-8443-exec-2] TRACE org.hibernate.orm.jdbc.extract - extracted value (3:BOOLEAN) -> [false]
08:17:46.919 [https-jsse-nio-8443-exec-2] TRACE org.hibernate.orm.jdbc.extract - extracted value (4:VARCHAR) -> [Q14]
08:17:46.919 [https-jsse-nio-8443-exec-2] DEBUG org.hibernate.SQL - 
    select
        csl1_0.parent_section_id,
        csl1_0.id,
        csl1_0.deleted,
        csl1_0.title 
    from
        section_table csl1_0 
    where
        csl1_0.parent_section_id=? 
        and (
            csl1_0.deleted = 0
        )
08:17:46.920 [https-jsse-nio-8443-exec-2] TRACE org.hibernate.orm.jdbc.bind - binding parameter (1:BIGINT) <- [53]
08:17:46.920 [https-jsse-nio-8443-exec-2] TRACE org.hibernate.orm.jdbc.extract - extracted value (1:BIGINT) -> [53]
08:17:46.920 [https-jsse-nio-8443-exec-2] TRACE org.hibernate.orm.jdbc.extract - extracted value (2:BIGINT) -> [55]
08:17:46.920 [https-jsse-nio-8443-exec-2] TRACE org.hibernate.orm.jdbc.extract - extracted value (3:BOOLEAN) -> [false]
08:17:46.920 [https-jsse-nio-8443-exec-2] TRACE org.hibernate.orm.jdbc.extract - extracted value (4:VARCHAR) -> [Q15]
08:17:46.921 [https-jsse-nio-8443-exec-2] DEBUG org.hibernate.SQL - 
    select
        csl1_0.parent_section_id,
        csl1_0.id,
        csl1_0.deleted,
        csl1_0.title 
    from
        section_table csl1_0 
    where
        csl1_0.parent_section_id=? 
        and (
            csl1_0.deleted = 0
        )
08:17:46.921 [https-jsse-nio-8443-exec-2] TRACE org.hibernate.orm.jdbc.bind - binding parameter (1:BIGINT) <- [55]
08:17:46.921 [https-jsse-nio-8443-exec-2] TRACE org.hibernate.orm.jdbc.extract - extracted value (1:BIGINT) -> [55]
08:17:46.921 [https-jsse-nio-8443-exec-2] TRACE org.hibernate.orm.jdbc.extract - extracted value (2:BIGINT) -> [56]
08:17:46.921 [https-jsse-nio-8443-exec-2] TRACE org.hibernate.orm.jdbc.extract - extracted value (3:BOOLEAN) -> [false]
08:17:46.921 [https-jsse-nio-8443-exec-2] TRACE org.hibernate.orm.jdbc.extract - extracted value (4:VARCHAR) -> [Q16]
08:17:46.922 [https-jsse-nio-8443-exec-2] DEBUG org.hibernate.SQL - 
    select
        csl1_0.parent_section_id,
        csl1_0.id,
        csl1_0.deleted,
        csl1_0.title 
    from
        section_table csl1_0 
    where
        csl1_0.parent_section_id=? 
        and (
            csl1_0.deleted = 0
        )
08:17:46.922 [https-jsse-nio-8443-exec-2] TRACE org.hibernate.orm.jdbc.bind - binding parameter (1:BIGINT) <- [56]
08:17:46.922 [https-jsse-nio-8443-exec-2] TRACE org.hibernate.orm.jdbc.extract - extracted value (1:BIGINT) -> [56]
08:17:46.922 [https-jsse-nio-8443-exec-2] TRACE org.hibernate.orm.jdbc.extract - extracted value (2:BIGINT) -> [57]
08:17:46.922 [https-jsse-nio-8443-exec-2] TRACE org.hibernate.orm.jdbc.extract - extracted value (3:BOOLEAN) -> [false]
08:17:46.922 [https-jsse-nio-8443-exec-2] TRACE org.hibernate.orm.jdbc.extract - extracted value (4:VARCHAR) -> [Q17]
08:17:46.923 [https-jsse-nio-8443-exec-2] DEBUG org.hibernate.SQL - 
    select
        csl1_0.parent_section_id,
        csl1_0.id,
        csl1_0.deleted,
        csl1_0.title 
    from
        section_table csl1_0 
    where
        csl1_0.parent_section_id=? 
        and (
            csl1_0.deleted = 0
        )
08:17:46.923 [https-jsse-nio-8443-exec-2] TRACE org.hibernate.orm.jdbc.bind - binding parameter (1:BIGINT) <- [57]
08:17:46.923 [https-jsse-nio-8443-exec-2] TRACE org.hibernate.orm.jdbc.extract - extracted value (1:BIGINT) -> [57]
08:17:46.923 [https-jsse-nio-8443-exec-2] TRACE org.hibernate.orm.jdbc.extract - extracted value (2:BIGINT) -> [59]
08:17:46.923 [https-jsse-nio-8443-exec-2] TRACE org.hibernate.orm.jdbc.extract - extracted value (3:BOOLEAN) -> [false]
08:17:46.923 [https-jsse-nio-8443-exec-2] TRACE org.hibernate.orm.jdbc.extract - extracted value (4:VARCHAR) -> [Q19]
08:17:46.924 [https-jsse-nio-8443-exec-2] DEBUG org.hibernate.SQL - 
    select
        csl1_0.parent_section_id,
        csl1_0.id,
        csl1_0.deleted,
        csl1_0.title 
    from
        section_table csl1_0 
    where
        csl1_0.parent_section_id=? 
        and (
            csl1_0.deleted = 0
        )
08:17:46.924 [https-jsse-nio-8443-exec-2] TRACE org.hibernate.orm.jdbc.bind - binding parameter (1:BIGINT) <- [59]
08:17:46.924 [https-jsse-nio-8443-exec-2] TRACE org.hibernate.orm.jdbc.extract - extracted value (1:BIGINT) -> [59]
08:17:46.924 [https-jsse-nio-8443-exec-2] TRACE org.hibernate.orm.jdbc.extract - extracted value (2:BIGINT) -> [62]
08:17:46.925 [https-jsse-nio-8443-exec-2] TRACE org.hibernate.orm.jdbc.extract - extracted value (3:BOOLEAN) -> [false]
08:17:46.925 [https-jsse-nio-8443-exec-2] TRACE org.hibernate.orm.jdbc.extract - extracted value (4:VARCHAR) -> [Q21]
08:17:46.925 [https-jsse-nio-8443-exec-2] DEBUG org.hibernate.SQL - 
    select
        csl1_0.parent_section_id,
        csl1_0.id,
        csl1_0.deleted,
        csl1_0.title 
    from
        section_table csl1_0 
    where
        csl1_0.parent_section_id=? 
        and (
            csl1_0.deleted = 0
        )
08:17:46.925 [https-jsse-nio-8443-exec-2] TRACE org.hibernate.orm.jdbc.bind - binding parameter (1:BIGINT) <- [62]
08:17:46.926 [https-jsse-nio-8443-exec-2] DEBUG org.hibernate.SQL - 
    select
        csl1_0.parent_section_id,
        csl1_0.id,
        csl1_0.deleted,
        csl1_0.title 
    from
        section_table csl1_0 
    where
        csl1_0.parent_section_id=? 
        and (
            csl1_0.deleted = 0
        )
08:17:46.926 [https-jsse-nio-8443-exec-2] TRACE org.hibernate.orm.jdbc.bind - binding parameter (1:BIGINT) <- [1]
08:17:46.926 [https-jsse-nio-8443-exec-2] TRACE org.hibernate.orm.jdbc.extract - extracted value (1:BIGINT) -> [1]
08:17:46.926 [https-jsse-nio-8443-exec-2] TRACE org.hibernate.orm.jdbc.extract - extracted value (2:BIGINT) -> [2]
08:17:46.926 [https-jsse-nio-8443-exec-2] TRACE org.hibernate.orm.jdbc.extract - extracted value (1:BIGINT) -> [1]
08:17:46.927 [https-jsse-nio-8443-exec-2] TRACE org.hibernate.orm.jdbc.extract - extracted value (2:BIGINT) -> [3]
08:17:46.927 [https-jsse-nio-8443-exec-2] TRACE org.hibernate.orm.jdbc.extract - extracted value (1:BIGINT) -> [1]
08:17:46.927 [https-jsse-nio-8443-exec-2] TRACE org.hibernate.orm.jdbc.extract - extracted value (2:BIGINT) -> [6]
08:17:46.927 [https-jsse-nio-8443-exec-2] DEBUG org.hibernate.SQL - 
    select
        csl1_0.parent_section_id,
        csl1_0.id,
        csl1_0.deleted,
        csl1_0.title 
    from
        section_table csl1_0 
    where
        csl1_0.parent_section_id=? 
        and (
            csl1_0.deleted = 0
        )
08:17:46.927 [https-jsse-nio-8443-exec-2] TRACE org.hibernate.orm.jdbc.bind - binding parameter (1:BIGINT) <- [7]
08:17:46.928 [https-jsse-nio-8443-exec-2] DEBUG org.hibernate.SQL - 
    select
        csl1_0.parent_section_id,
        csl1_0.id,
        csl1_0.deleted,
        csl1_0.title 
    from
        section_table csl1_0 
    where
        csl1_0.parent_section_id=? 
        and (
            csl1_0.deleted = 0
        )
08:17:46.928 [https-jsse-nio-8443-exec-2] TRACE org.hibernate.orm.jdbc.bind - binding parameter (1:BIGINT) <- [5]
08:17:46.928 [https-jsse-nio-8443-exec-2] DEBUG org.hibernate.SQL - 
    select
        csl1_0.parent_section_id,
        csl1_0.id,
        csl1_0.deleted,
        csl1_0.title 
    from
        section_table csl1_0 
    where
        csl1_0.parent_section_id=? 
        and (
            csl1_0.deleted = 0
        )
08:17:46.929 [https-jsse-nio-8443-exec-2] TRACE org.hibernate.orm.jdbc.bind - binding parameter (1:BIGINT) <- [4]
08:17:46.933 [https-jsse-nio-8443-exec-2] DEBUG org.hibernate.SQL - 
    /* <criteria> */ select
        count(t1_0.id) 
    from
        ticket_tbl t1_0 
    where
        (
            t1_0.deleted = 0
        ) 
        and 1=1
08:17:46.935 [https-jsse-nio-8443-exec-2] TRACE org.hibernate.orm.jdbc.extract - extracted value (1:BIGINT) -> [10]
08:17:46.936 [https-jsse-nio-8443-exec-2] DEBUG o.h.e.t.internal.TransactionImpl - committing
08:17:46.936 [https-jsse-nio-8443-exec-2] DEBUG o.s.jdbc.datasource.DataSourceUtils - Resetting read-only flag of JDBC Connection [HikariProxyConnection@259910256 wrapping oracle.jdbc.driver.T4CConnection@5f8cb559]
08:17:46.936 [https-jsse-nio-8443-exec-2] TRACE o.s.c.interceptor.CacheInterceptor - Computed cache key 'SimpleKey []' for operation Builder[public java.util.List ir.service.impl.SectionServiceImpl.findAllForFilter()] caches=[sectionsFilter] | key='' | keyGenerator='' | cacheManager='' | cacheResolver='' | condition='' | unless='' | sync='false'
08:17:46.937 [https-jsse-nio-8443-exec-2] TRACE o.s.c.interceptor.CacheInterceptor - Cache entry for key 'SimpleKey []' found in cache(s) [sectionsFilter]
08:17:46.939 [https-jsse-nio-8443-exec-2] INFO  i.c.exception.ResponseAspect - Web Controller: ticketsList
08:17:47.082 [https-jsse-nio-8443-exec-4] DEBUG o.s.security.web.FilterChainProxy - Securing GET /css/bootstrap.min.css
08:17:47.083 [https-jsse-nio-8443-exec-4] DEBUG o.s.s.w.a.c.ChannelProcessingFilter - Request: filter invocation [GET /css/bootstrap.min.css]; ConfigAttributes: [REQUIRES_SECURE_CHANNEL]
08:17:47.084 [https-jsse-nio-8443-exec-4] DEBUG o.s.security.web.FilterChainProxy - Secured GET /css/bootstrap.min.css
08:17:47.124 [https-jsse-nio-8443-exec-10] DEBUG o.s.security.web.FilterChainProxy - Securing GET /css/fonts.min.css
08:17:47.124 [https-jsse-nio-8443-exec-10] DEBUG o.s.s.w.a.c.ChannelProcessingFilter - Request: filter invocation [GET /css/fonts.min.css]; ConfigAttributes: [REQUIRES_SECURE_CHANNEL]
08:17:47.125 [https-jsse-nio-8443-exec-10] DEBUG o.s.security.web.FilterChainProxy - Secured GET /css/fonts.min.css
08:17:47.128 [https-jsse-nio-8443-exec-10] DEBUG o.s.s.w.c.HttpSessionSecurityContextRepository - Retrieved SecurityContextImpl [Authentication=UsernamePasswordAuthenticationToken [Principal=ir.model.entity.CustomUserDetails@1a88c3b8, Credentials=[PROTECTED], Authenticated=true, Details=WebAuthenticationDetails [RemoteIpAddress=0:0:0:0:0:0:0:1, SessionId=6590EDA7D1BB36FB06EF4EBE5988FA5A], Granted Authorities=[TICKET_EDIT, ROLE_ADMIN, TICKET_DELETE, TICKET_CREATE]]]
08:17:47.132 [https-jsse-nio-8443-exec-4] DEBUG o.s.s.w.c.HttpSessionSecurityContextRepository - Retrieved SecurityContextImpl [Authentication=UsernamePasswordAuthenticationToken [Principal=ir.model.entity.CustomUserDetails@1a88c3b8, Credentials=[PROTECTED], Authenticated=true, Details=WebAuthenticationDetails [RemoteIpAddress=0:0:0:0:0:0:0:1, SessionId=6590EDA7D1BB36FB06EF4EBE5988FA5A], Granted Authorities=[TICKET_EDIT, ROLE_ADMIN, TICKET_DELETE, TICKET_CREATE]]]
08:17:47.133 [https-jsse-nio-8443-exec-10] DEBUG o.s.security.web.FilterChainProxy - Securing GET /css/styles.css
08:17:47.133 [https-jsse-nio-8443-exec-10] DEBUG o.s.s.w.a.c.ChannelProcessingFilter - Request: filter invocation [GET /css/styles.css]; ConfigAttributes: [REQUIRES_SECURE_CHANNEL]
08:17:47.134 [https-jsse-nio-8443-exec-10] DEBUG o.s.security.web.FilterChainProxy - Secured GET /css/styles.css
08:17:47.138 [https-jsse-nio-8443-exec-4] DEBUG o.s.security.web.FilterChainProxy - Securing GET /css/reset.css
08:17:47.138 [https-jsse-nio-8443-exec-4] DEBUG o.s.s.w.a.c.ChannelProcessingFilter - Request: filter invocation [GET /css/reset.css]; ConfigAttributes: [REQUIRES_SECURE_CHANNEL]
08:17:47.139 [https-jsse-nio-8443-exec-4] DEBUG o.s.security.web.FilterChainProxy - Secured GET /css/reset.css
08:17:47.140 [https-jsse-nio-8443-exec-3] DEBUG o.s.security.web.FilterChainProxy - Securing GET /css/fontawesome.css
08:17:47.140 [https-jsse-nio-8443-exec-5] DEBUG o.s.security.web.FilterChainProxy - Securing GET /css/toast.css
08:17:47.140 [https-jsse-nio-8443-exec-3] DEBUG o.s.s.w.a.c.ChannelProcessingFilter - Request: filter invocation [GET /css/fontawesome.css]; ConfigAttributes: [REQUIRES_SECURE_CHANNEL]
08:17:47.141 [https-jsse-nio-8443-exec-5] DEBUG o.s.s.w.a.c.ChannelProcessingFilter - Request: filter invocation [GET /css/toast.css]; ConfigAttributes: [REQUIRES_SECURE_CHANNEL]
08:17:47.141 [https-jsse-nio-8443-exec-3] DEBUG o.s.security.web.FilterChainProxy - Secured GET /css/fontawesome.css
08:17:47.142 [https-jsse-nio-8443-exec-5] DEBUG o.s.security.web.FilterChainProxy - Secured GET /css/toast.css
08:17:47.144 [https-jsse-nio-8443-exec-5] DEBUG o.s.s.w.c.HttpSessionSecurityContextRepository - Retrieved SecurityContextImpl [Authentication=UsernamePasswordAuthenticationToken [Principal=ir.model.entity.CustomUserDetails@1a88c3b8, Credentials=[PROTECTED], Authenticated=true, Details=WebAuthenticationDetails [RemoteIpAddress=0:0:0:0:0:0:0:1, SessionId=6590EDA7D1BB36FB06EF4EBE5988FA5A], Granted Authorities=[TICKET_EDIT, ROLE_ADMIN, TICKET_DELETE, TICKET_CREATE]]]
08:17:47.145 [https-jsse-nio-8443-exec-7] DEBUG o.s.security.web.FilterChainProxy - Securing GET /js/bootstrap.bundle.min.js
08:17:47.145 [https-jsse-nio-8443-exec-4] DEBUG o.s.s.w.c.HttpSessionSecurityContextRepository - Retrieved SecurityContextImpl [Authentication=UsernamePasswordAuthenticationToken [Principal=ir.model.entity.CustomUserDetails@1a88c3b8, Credentials=[PROTECTED], Authenticated=true, Details=WebAuthenticationDetails [RemoteIpAddress=0:0:0:0:0:0:0:1, SessionId=6590EDA7D1BB36FB06EF4EBE5988FA5A], Granted Authorities=[TICKET_EDIT, ROLE_ADMIN, TICKET_DELETE, TICKET_CREATE]]]
08:17:47.145 [https-jsse-nio-8443-exec-7] DEBUG o.s.s.w.a.c.ChannelProcessingFilter - Request: filter invocation [GET /js/bootstrap.bundle.min.js]; ConfigAttributes: [REQUIRES_SECURE_CHANNEL]
08:17:47.146 [https-jsse-nio-8443-exec-7] DEBUG o.s.security.web.FilterChainProxy - Secured GET /js/bootstrap.bundle.min.js
08:17:47.149 [https-jsse-nio-8443-exec-1] DEBUG o.s.security.web.FilterChainProxy - Securing GET /js/fontawesome.js
08:17:47.149 [https-jsse-nio-8443-exec-1] DEBUG o.s.s.w.a.c.ChannelProcessingFilter - Request: filter invocation [GET /js/fontawesome.js]; ConfigAttributes: [REQUIRES_SECURE_CHANNEL]
08:17:47.150 [https-jsse-nio-8443-exec-1] DEBUG o.s.security.web.FilterChainProxy - Secured GET /js/fontawesome.js
08:17:47.155 [https-jsse-nio-8443-exec-10] DEBUG o.s.s.w.c.HttpSessionSecurityContextRepository - Retrieved SecurityContextImpl [Authentication=UsernamePasswordAuthenticationToken [Principal=ir.model.entity.CustomUserDetails@1a88c3b8, Credentials=[PROTECTED], Authenticated=true, Details=WebAuthenticationDetails [RemoteIpAddress=0:0:0:0:0:0:0:1, SessionId=6590EDA7D1BB36FB06EF4EBE5988FA5A], Granted Authorities=[TICKET_EDIT, ROLE_ADMIN, TICKET_DELETE, TICKET_CREATE]]]
08:17:47.157 [https-jsse-nio-8443-exec-7] DEBUG o.s.s.w.c.HttpSessionSecurityContextRepository - Retrieved SecurityContextImpl [Authentication=UsernamePasswordAuthenticationToken [Principal=ir.model.entity.CustomUserDetails@1a88c3b8, Credentials=[PROTECTED], Authenticated=true, Details=WebAuthenticationDetails [RemoteIpAddress=0:0:0:0:0:0:0:1, SessionId=6590EDA7D1BB36FB06EF4EBE5988FA5A], Granted Authorities=[TICKET_EDIT, ROLE_ADMIN, TICKET_DELETE, TICKET_CREATE]]]
08:17:47.158 [https-jsse-nio-8443-exec-10] DEBUG o.s.security.web.FilterChainProxy - Securing GET /js/toast.js
08:17:47.158 [https-jsse-nio-8443-exec-10] DEBUG o.s.s.w.a.c.ChannelProcessingFilter - Request: filter invocation [GET /js/toast.js]; ConfigAttributes: [REQUIRES_SECURE_CHANNEL]
08:17:47.159 [https-jsse-nio-8443-exec-10] DEBUG o.s.security.web.FilterChainProxy - Secured GET /js/toast.js
08:17:47.160 [https-jsse-nio-8443-exec-6] DEBUG o.s.security.web.FilterChainProxy - Securing GET /js/script.js
08:17:47.161 [https-jsse-nio-8443-exec-6] DEBUG o.s.s.w.a.c.ChannelProcessingFilter - Request: filter invocation [GET /js/script.js]; ConfigAttributes: [REQUIRES_SECURE_CHANNEL]
08:17:47.161 [https-jsse-nio-8443-exec-6] DEBUG o.s.security.web.FilterChainProxy - Secured GET /js/script.js
08:17:47.163 [https-jsse-nio-8443-exec-10] DEBUG o.s.s.w.c.HttpSessionSecurityContextRepository - Retrieved SecurityContextImpl [Authentication=UsernamePasswordAuthenticationToken [Principal=ir.model.entity.CustomUserDetails@1a88c3b8, Credentials=[PROTECTED], Authenticated=true, Details=WebAuthenticationDetails [RemoteIpAddress=0:0:0:0:0:0:0:1, SessionId=6590EDA7D1BB36FB06EF4EBE5988FA5A], Granted Authorities=[TICKET_EDIT, ROLE_ADMIN, TICKET_DELETE, TICKET_CREATE]]]
08:17:47.165 [https-jsse-nio-8443-exec-6] DEBUG o.s.s.w.c.HttpSessionSecurityContextRepository - Retrieved SecurityContextImpl [Authentication=UsernamePasswordAuthenticationToken [Principal=ir.model.entity.CustomUserDetails@1a88c3b8, Credentials=[PROTECTED], Authenticated=true, Details=WebAuthenticationDetails [RemoteIpAddress=0:0:0:0:0:0:0:1, SessionId=6590EDA7D1BB36FB06EF4EBE5988FA5A], Granted Authorities=[TICKET_EDIT, ROLE_ADMIN, TICKET_DELETE, TICKET_CREATE]]]
08:17:47.166 [https-jsse-nio-8443-exec-10] DEBUG o.s.security.web.FilterChainProxy - Securing GET /js/tickets.js
08:17:47.166 [https-jsse-nio-8443-exec-10] DEBUG o.s.s.w.a.c.ChannelProcessingFilter - Request: filter invocation [GET /js/tickets.js]; ConfigAttributes: [REQUIRES_SECURE_CHANNEL]
08:17:47.167 [https-jsse-nio-8443-exec-10] DEBUG o.s.security.web.FilterChainProxy - Secured GET /js/tickets.js
08:17:47.172 [https-jsse-nio-8443-exec-10] DEBUG o.s.s.w.c.HttpSessionSecurityContextRepository - Retrieved SecurityContextImpl [Authentication=UsernamePasswordAuthenticationToken [Principal=ir.model.entity.CustomUserDetails@1a88c3b8, Credentials=[PROTECTED], Authenticated=true, Details=WebAuthenticationDetails [RemoteIpAddress=0:0:0:0:0:0:0:1, SessionId=6590EDA7D1BB36FB06EF4EBE5988FA5A], Granted Authorities=[TICKET_EDIT, ROLE_ADMIN, TICKET_DELETE, TICKET_CREATE]]]
08:17:47.176 [https-jsse-nio-8443-exec-4] DEBUG o.s.security.web.FilterChainProxy - Securing GET /icons/mftlogo.png
08:17:47.176 [https-jsse-nio-8443-exec-4] DEBUG o.s.s.w.a.c.ChannelProcessingFilter - Request: filter invocation [GET /icons/mftlogo.png]; ConfigAttributes: [REQUIRES_SECURE_CHANNEL]
08:17:47.177 [https-jsse-nio-8443-exec-4] DEBUG o.s.security.web.FilterChainProxy - Secured GET /icons/mftlogo.png
08:17:47.197 [https-jsse-nio-8443-exec-4] DEBUG o.s.s.w.c.HttpSessionSecurityContextRepository - Retrieved SecurityContextImpl [Authentication=UsernamePasswordAuthenticationToken [Principal=ir.model.entity.CustomUserDetails@1a88c3b8, Credentials=[PROTECTED], Authenticated=true, Details=WebAuthenticationDetails [RemoteIpAddress=0:0:0:0:0:0:0:1, SessionId=6590EDA7D1BB36FB06EF4EBE5988FA5A], Granted Authorities=[TICKET_EDIT, ROLE_ADMIN, TICKET_DELETE, TICKET_CREATE]]]
08:17:47.225 [https-jsse-nio-8443-exec-3] DEBUG o.s.s.w.c.HttpSessionSecurityContextRepository - Retrieved SecurityContextImpl [Authentication=UsernamePasswordAuthenticationToken [Principal=ir.model.entity.CustomUserDetails@1a88c3b8, Credentials=[PROTECTED], Authenticated=true, Details=WebAuthenticationDetails [RemoteIpAddress=0:0:0:0:0:0:0:1, SessionId=6590EDA7D1BB36FB06EF4EBE5988FA5A], Granted Authorities=[TICKET_EDIT, ROLE_ADMIN, TICKET_DELETE, TICKET_CREATE]]]
08:17:47.311 [https-jsse-nio-8443-exec-6] DEBUG o.s.security.web.FilterChainProxy - Securing GET /webfonts/fa-solid-900.woff2
08:17:47.311 [https-jsse-nio-8443-exec-6] DEBUG o.s.s.w.a.c.ChannelProcessingFilter - Request: filter invocation [GET /webfonts/fa-solid-900.woff2]; ConfigAttributes: [REQUIRES_SECURE_CHANNEL]
08:17:47.311 [https-jsse-nio-8443-exec-10] DEBUG o.s.security.web.FilterChainProxy - Securing GET /webfonts/fa-brands-400.woff2
08:17:47.311 [https-jsse-nio-8443-exec-10] DEBUG o.s.s.w.a.c.ChannelProcessingFilter - Request: filter invocation [GET /webfonts/fa-brands-400.woff2]; ConfigAttributes: [REQUIRES_SECURE_CHANNEL]
08:17:47.312 [https-jsse-nio-8443-exec-6] DEBUG o.s.s.w.c.HttpSessionSecurityContextRepository - Retrieved SecurityContextImpl [Authentication=UsernamePasswordAuthenticationToken [Principal=ir.model.entity.CustomUserDetails@1a88c3b8, Credentials=[PROTECTED], Authenticated=true, Details=WebAuthenticationDetails [RemoteIpAddress=0:0:0:0:0:0:0:1, SessionId=6590EDA7D1BB36FB06EF4EBE5988FA5A], Granted Authorities=[TICKET_EDIT, ROLE_ADMIN, TICKET_DELETE, TICKET_CREATE]]]
08:17:47.312 [https-jsse-nio-8443-exec-6] DEBUG o.s.security.web.FilterChainProxy - Secured GET /webfonts/fa-solid-900.woff2
08:17:47.313 [https-jsse-nio-8443-exec-10] DEBUG o.s.s.w.c.HttpSessionSecurityContextRepository - Retrieved SecurityContextImpl [Authentication=UsernamePasswordAuthenticationToken [Principal=ir.model.entity.CustomUserDetails@1a88c3b8, Credentials=[PROTECTED], Authenticated=true, Details=WebAuthenticationDetails [RemoteIpAddress=0:0:0:0:0:0:0:1, SessionId=6590EDA7D1BB36FB06EF4EBE5988FA5A], Granted Authorities=[TICKET_EDIT, ROLE_ADMIN, TICKET_DELETE, TICKET_CREATE]]]
08:17:47.313 [https-jsse-nio-8443-exec-10] DEBUG o.s.security.web.FilterChainProxy - Secured GET /webfonts/fa-brands-400.woff2
08:17:48.004 [https-jsse-nio-8443-exec-1] DEBUG o.s.s.w.c.HttpSessionSecurityContextRepository - Retrieved SecurityContextImpl [Authentication=UsernamePasswordAuthenticationToken [Principal=ir.model.entity.CustomUserDetails@1a88c3b8, Credentials=[PROTECTED], Authenticated=true, Details=WebAuthenticationDetails [RemoteIpAddress=0:0:0:0:0:0:0:1, SessionId=6590EDA7D1BB36FB06EF4EBE5988FA5A], Granted Authorities=[TICKET_EDIT, ROLE_ADMIN, TICKET_DELETE, TICKET_CREATE]]]
08:17:48.174 [https-jsse-nio-8443-exec-9] DEBUG o.s.security.web.FilterChainProxy - Securing GET /tickets?page=0&size=10&fragment=true
08:17:48.174 [https-jsse-nio-8443-exec-9] DEBUG o.s.s.w.a.c.ChannelProcessingFilter - Request: filter invocation [GET /tickets?page=0&size=10&fragment=true]; ConfigAttributes: [REQUIRES_SECURE_CHANNEL]
08:17:48.176 [https-jsse-nio-8443-exec-9] DEBUG o.s.s.w.c.HttpSessionSecurityContextRepository - Retrieved SecurityContextImpl [Authentication=UsernamePasswordAuthenticationToken [Principal=ir.model.entity.CustomUserDetails@1a88c3b8, Credentials=[PROTECTED], Authenticated=true, Details=WebAuthenticationDetails [RemoteIpAddress=0:0:0:0:0:0:0:1, SessionId=6590EDA7D1BB36FB06EF4EBE5988FA5A], Granted Authorities=[TICKET_EDIT, ROLE_ADMIN, TICKET_DELETE, TICKET_CREATE]]]
08:17:48.176 [https-jsse-nio-8443-exec-9] DEBUG o.s.security.web.FilterChainProxy - Secured GET /tickets?page=0&size=10&fragment=true
08:17:48.178 [https-jsse-nio-8443-exec-9] DEBUG o.s.jdbc.datasource.DataSourceUtils - Setting JDBC Connection [HikariProxyConnection@1669168479 wrapping oracle.jdbc.driver.T4CConnection@5f8cb559] read-only
08:17:48.179 [https-jsse-nio-8443-exec-9] DEBUG o.h.e.t.internal.TransactionImpl - On TransactionImpl creation, JpaCompliance#isJpaTransactionComplianceEnabled == false
08:17:48.179 [https-jsse-nio-8443-exec-9] DEBUG o.h.e.t.internal.TransactionImpl - begin
08:17:48.180 [https-jsse-nio-8443-exec-9] DEBUG org.hibernate.SQL - 
    /* <criteria> */ select
        t1_0.id,
        t1_0.customer,
        t1_0.date_time,
        t1_0.deleted,
        t1_0.score,
        t1_0.section_id,
        t1_0.status,
        t1_0.title 
    from
        ticket_tbl t1_0 
    where
        (
            t1_0.deleted = 0
        ) 
        and 1=1 
    order by
        t1_0.date_time 
    offset
        ? rows 
    fetch
        first ? rows only
08:17:48.180 [https-jsse-nio-8443-exec-9] TRACE org.hibernate.orm.jdbc.bind - binding parameter (1:INTEGER) <- [0]
08:17:48.180 [https-jsse-nio-8443-exec-9] TRACE org.hibernate.orm.jdbc.bind - binding parameter (2:INTEGER) <- [10]
08:17:48.181 [https-jsse-nio-8443-exec-9] TRACE org.hibernate.orm.jdbc.extract - extracted value (1:BIGINT) -> [2]
08:17:48.181 [https-jsse-nio-8443-exec-9] TRACE org.hibernate.orm.jdbc.extract - extracted value (2:VARCHAR) -> [ali]
08:17:48.182 [https-jsse-nio-8443-exec-9] DEBUG org.hibernate.SQL - 
    select
        u1_0.username,
        u1_0.account_non_expired,
        u1_0.account_non_locked,
        u1_0.credentials_expiry_date,
        u1_0.credentials_non_expired,
        u1_0.deleted,
        u1_0.enabled,
        u1_0.password,
        rs1_0.username,
        rs1_1.name,
        rs1_1.deleted,
        ps1_0.role_name,
        ps1_1.id,
        ps1_1.deleted,
        ps1_1.permission 
    from
        user_tbl u1_0 
    left join
        (user_role_tbl rs1_0 
    join
        role_tbl rs1_1 
            on rs1_1.name=rs1_0.role_name) 
        on u1_0.username=rs1_0.username 
        and ( rs1_1.deleted = 0) 
    left join
        (role_permission_tbl ps1_0 
    join
        permission_tbl ps1_1 
            on ps1_1.id=ps1_0.permission) 
        on rs1_1.name=ps1_0.role_name 
        and ( ps1_1.deleted = 0) 
    where
        u1_0.username=? 
        and (
            u1_0.deleted = 0
        )
08:17:48.182 [https-jsse-nio-8443-exec-9] TRACE org.hibernate.orm.jdbc.bind - binding parameter (1:VARCHAR) <- [ali]
08:17:48.183 [https-jsse-nio-8443-exec-9] TRACE org.hibernate.orm.jdbc.extract - extracted value (9:VARCHAR) -> [ali]
08:17:48.183 [https-jsse-nio-8443-exec-9] TRACE org.hibernate.orm.jdbc.extract - extracted value (10:VARCHAR) -> [ROLE_ADMIN]
08:17:48.183 [https-jsse-nio-8443-exec-9] TRACE org.hibernate.orm.jdbc.extract - extracted value (12:VARCHAR) -> [ROLE_ADMIN]
08:17:48.183 [https-jsse-nio-8443-exec-9] TRACE org.hibernate.orm.jdbc.extract - extracted value (13:BIGINT) -> [3]
08:17:48.183 [https-jsse-nio-8443-exec-9] TRACE org.hibernate.orm.jdbc.extract - extracted value (14:BOOLEAN) -> [false]
08:17:48.183 [https-jsse-nio-8443-exec-9] TRACE org.hibernate.orm.jdbc.extract - extracted value (15:VARCHAR) -> [TICKET_EDIT]
08:17:48.183 [https-jsse-nio-8443-exec-9] TRACE org.hibernate.orm.jdbc.extract - extracted value (11:BOOLEAN) -> [false]
08:17:48.183 [https-jsse-nio-8443-exec-9] TRACE org.hibernate.orm.jdbc.extract - extracted value (2:BOOLEAN) -> [true]
08:17:48.183 [https-jsse-nio-8443-exec-9] TRACE org.hibernate.orm.jdbc.extract - extracted value (3:BOOLEAN) -> [true]
08:17:48.184 [https-jsse-nio-8443-exec-9] TRACE org.hibernate.orm.jdbc.extract - extracted value (4:TIMESTAMP) -> [2026-02-15T12:09:59.147750]
08:17:48.184 [https-jsse-nio-8443-exec-9] TRACE org.hibernate.orm.jdbc.extract - extracted value (5:BOOLEAN) -> [true]
08:17:48.184 [https-jsse-nio-8443-exec-9] TRACE org.hibernate.orm.jdbc.extract - extracted value (6:BOOLEAN) -> [false]
08:17:48.184 [https-jsse-nio-8443-exec-9] TRACE org.hibernate.orm.jdbc.extract - extracted value (7:BOOLEAN) -> [true]
08:17:48.184 [https-jsse-nio-8443-exec-9] TRACE org.hibernate.orm.jdbc.extract - extracted value (8:VARCHAR) -> [$2a$12$bkc9M5.5k8h.ROXdCI2/C.8SwxJ3Deo/KRSLcUqhWVAO2P5IFakGe]
08:17:48.184 [https-jsse-nio-8443-exec-9] TRACE org.hibernate.orm.jdbc.extract - extracted value (10:VARCHAR) -> [ROLE_ADMIN]
08:17:48.184 [https-jsse-nio-8443-exec-9] TRACE org.hibernate.orm.jdbc.extract - extracted value (13:BIGINT) -> [4]
08:17:48.184 [https-jsse-nio-8443-exec-9] TRACE org.hibernate.orm.jdbc.extract - extracted value (14:BOOLEAN) -> [false]
08:17:48.184 [https-jsse-nio-8443-exec-9] TRACE org.hibernate.orm.jdbc.extract - extracted value (15:VARCHAR) -> [TICKET_DELETE]
08:17:48.184 [https-jsse-nio-8443-exec-9] TRACE org.hibernate.orm.jdbc.extract - extracted value (10:VARCHAR) -> [ROLE_ADMIN]
08:17:48.184 [https-jsse-nio-8443-exec-9] TRACE org.hibernate.orm.jdbc.extract - extracted value (13:BIGINT) -> [5]
08:17:48.184 [https-jsse-nio-8443-exec-9] TRACE org.hibernate.orm.jdbc.extract - extracted value (14:BOOLEAN) -> [false]
08:17:48.184 [https-jsse-nio-8443-exec-9] TRACE org.hibernate.orm.jdbc.extract - extracted value (15:VARCHAR) -> [TICKET_CREATE]
08:17:48.184 [https-jsse-nio-8443-exec-9] TRACE org.hibernate.orm.jdbc.extract - extracted value (6:BIGINT) -> [3]
08:17:48.185 [https-jsse-nio-8443-exec-9] DEBUG org.hibernate.SQL - 
    select
        s1_0.id,
        s1_0.deleted,
        ps1_0.id,
        ps1_0.deleted,
        ps1_0.parent_section_id,
        ps1_0.title,
        s1_0.title,
        csl1_0.parent_section_id,
        csl1_0.id,
        csl1_0.deleted,
        csl1_0.title 
    from
        section_table s1_0 
    left join
        section_table ps1_0 
            on ps1_0.id=s1_0.parent_section_id 
            and (ps1_0.deleted = 0) 
    left join
        section_table csl1_0 
            on s1_0.id=csl1_0.parent_section_id 
            and (csl1_0.deleted = 0) 
    where
        s1_0.id=? 
        and (
            s1_0.deleted = 0
        )
08:17:48.185 [https-jsse-nio-8443-exec-9] TRACE org.hibernate.orm.jdbc.bind - binding parameter (1:BIGINT) <- [3]
08:17:48.185 [https-jsse-nio-8443-exec-9] TRACE org.hibernate.orm.jdbc.extract - extracted value (8:BIGINT) -> [3]
08:17:48.185 [https-jsse-nio-8443-exec-9] TRACE org.hibernate.orm.jdbc.extract - extracted value (9:BIGINT) -> [4]
08:17:48.185 [https-jsse-nio-8443-exec-9] TRACE org.hibernate.orm.jdbc.extract - extracted value (3:BIGINT) -> [1]
08:17:48.186 [https-jsse-nio-8443-exec-9] TRACE org.hibernate.orm.jdbc.extract - extracted value (5:BIGINT) -> [null]
08:17:48.186 [https-jsse-nio-8443-exec-9] TRACE org.hibernate.orm.jdbc.extract - extracted value (10:BOOLEAN) -> [false]
08:17:48.186 [https-jsse-nio-8443-exec-9] TRACE org.hibernate.orm.jdbc.extract - extracted value (11:VARCHAR) -> [BUS]
08:17:48.186 [https-jsse-nio-8443-exec-9] TRACE org.hibernate.orm.jdbc.extract - extracted value (4:BOOLEAN) -> [false]
08:17:48.186 [https-jsse-nio-8443-exec-9] TRACE org.hibernate.orm.jdbc.extract - extracted value (6:VARCHAR) -> [MAIN SECTION]
08:17:48.186 [https-jsse-nio-8443-exec-9] TRACE org.hibernate.orm.jdbc.extract - extracted value (2:BOOLEAN) -> [false]
08:17:48.186 [https-jsse-nio-8443-exec-9] TRACE org.hibernate.orm.jdbc.extract - extracted value (7:VARCHAR) -> [TRANSPORT]
08:17:48.186 [https-jsse-nio-8443-exec-9] TRACE org.hibernate.orm.jdbc.extract - extracted value (9:BIGINT) -> [5]
08:17:48.186 [https-jsse-nio-8443-exec-9] TRACE org.hibernate.orm.jdbc.extract - extracted value (10:BOOLEAN) -> [false]
08:17:48.186 [https-jsse-nio-8443-exec-9] TRACE org.hibernate.orm.jdbc.extract - extracted value (11:VARCHAR) -> [TAXI]
08:17:48.186 [https-jsse-nio-8443-exec-9] TRACE org.hibernate.orm.jdbc.extract - extracted value (9:BIGINT) -> [7]
08:17:48.186 [https-jsse-nio-8443-exec-9] TRACE org.hibernate.orm.jdbc.extract - extracted value (10:BOOLEAN) -> [false]
08:17:48.186 [https-jsse-nio-8443-exec-9] TRACE org.hibernate.orm.jdbc.extract - extracted value (11:VARCHAR) -> [TRAIN]
08:17:48.187 [https-jsse-nio-8443-exec-9] TRACE org.hibernate.orm.jdbc.extract - extracted value (3:TIMESTAMP) -> [2025-08-15T00:14:09.625]
08:17:48.187 [https-jsse-nio-8443-exec-9] TRACE org.hibernate.orm.jdbc.extract - extracted value (4:BOOLEAN) -> [false]
08:17:48.187 [https-jsse-nio-8443-exec-9] TRACE org.hibernate.orm.jdbc.extract - extracted value (5:INTEGER) -> [3]
08:17:48.187 [https-jsse-nio-8443-exec-9] TRACE org.hibernate.orm.jdbc.extract - extracted value (7:TINYINT) -> [NotSeen]
08:17:48.187 [https-jsse-nio-8443-exec-9] TRACE org.hibernate.orm.jdbc.extract - extracted value (8:VARCHAR) -> [test1]
08:17:48.187 [https-jsse-nio-8443-exec-9] TRACE org.hibernate.orm.jdbc.extract - extracted value (1:BIGINT) -> [4]
08:17:48.187 [https-jsse-nio-8443-exec-9] TRACE org.hibernate.orm.jdbc.extract - extracted value (2:VARCHAR) -> [ali]
08:17:48.187 [https-jsse-nio-8443-exec-9] TRACE org.hibernate.orm.jdbc.extract - extracted value (6:BIGINT) -> [2]
08:17:48.187 [https-jsse-nio-8443-exec-9] DEBUG org.hibernate.SQL - 
    select
        s1_0.id,
        s1_0.deleted,
        ps1_0.id,
        ps1_0.deleted,
        ps1_0.parent_section_id,
        ps1_0.title,
        s1_0.title,
        csl1_0.parent_section_id,
        csl1_0.id,
        csl1_0.deleted,
        csl1_0.title 
    from
        section_table s1_0 
    left join
        section_table ps1_0 
            on ps1_0.id=s1_0.parent_section_id 
            and (ps1_0.deleted = 0) 
    left join
        section_table csl1_0 
            on s1_0.id=csl1_0.parent_section_id 
            and (csl1_0.deleted = 0) 
    where
        s1_0.id=? 
        and (
            s1_0.deleted = 0
        )
08:17:48.187 [https-jsse-nio-8443-exec-9] TRACE org.hibernate.orm.jdbc.bind - binding parameter (1:BIGINT) <- [2]
08:17:48.189 [https-jsse-nio-8443-exec-9] TRACE org.hibernate.orm.jdbc.extract - extracted value (8:BIGINT) -> [null]
08:17:48.189 [https-jsse-nio-8443-exec-9] TRACE org.hibernate.orm.jdbc.extract - extracted value (3:BIGINT) -> [1]
08:17:48.189 [https-jsse-nio-8443-exec-9] TRACE org.hibernate.orm.jdbc.extract - extracted value (2:BOOLEAN) -> [false]
08:17:48.189 [https-jsse-nio-8443-exec-9] TRACE org.hibernate.orm.jdbc.extract - extracted value (7:VARCHAR) -> [HSE]
08:17:48.189 [https-jsse-nio-8443-exec-9] TRACE org.hibernate.orm.jdbc.extract - extracted value (3:TIMESTAMP) -> [2025-08-17T18:19:31.286221]
08:17:48.189 [https-jsse-nio-8443-exec-9] TRACE org.hibernate.orm.jdbc.extract - extracted value (4:BOOLEAN) -> [false]
08:17:48.189 [https-jsse-nio-8443-exec-9] TRACE org.hibernate.orm.jdbc.extract - extracted value (5:INTEGER) -> [null]
08:17:48.189 [https-jsse-nio-8443-exec-9] TRACE org.hibernate.orm.jdbc.extract - extracted value (7:TINYINT) -> [Responsed]
08:17:48.189 [https-jsse-nio-8443-exec-9] TRACE org.hibernate.orm.jdbc.extract - extracted value (8:VARCHAR) -> [test 2]
08:17:48.189 [https-jsse-nio-8443-exec-9] TRACE org.hibernate.orm.jdbc.extract - extracted value (1:BIGINT) -> [5]
08:17:48.189 [https-jsse-nio-8443-exec-9] TRACE org.hibernate.orm.jdbc.extract - extracted value (2:VARCHAR) -> [ali]
08:17:48.189 [https-jsse-nio-8443-exec-9] TRACE org.hibernate.orm.jdbc.extract - extracted value (6:BIGINT) -> [6]
08:17:48.190 [https-jsse-nio-8443-exec-9] DEBUG org.hibernate.SQL - 
    select
        s1_0.id,
        s1_0.deleted,
        ps1_0.id,
        ps1_0.deleted,
        ps1_0.parent_section_id,
        ps1_0.title,
        s1_0.title,
        csl1_0.parent_section_id,
        csl1_0.id,
        csl1_0.deleted,
        csl1_0.title 
    from
        section_table s1_0 
    left join
        section_table ps1_0 
            on ps1_0.id=s1_0.parent_section_id 
            and (ps1_0.deleted = 0) 
    left join
        section_table csl1_0 
            on s1_0.id=csl1_0.parent_section_id 
            and (csl1_0.deleted = 0) 
    where
        s1_0.id=? 
        and (
            s1_0.deleted = 0
        )
08:17:48.190 [https-jsse-nio-8443-exec-9] TRACE org.hibernate.orm.jdbc.bind - binding parameter (1:BIGINT) <- [6]
08:17:48.191 [https-jsse-nio-8443-exec-9] TRACE org.hibernate.orm.jdbc.extract - extracted value (8:BIGINT) -> [6]
08:17:48.191 [https-jsse-nio-8443-exec-9] TRACE org.hibernate.orm.jdbc.extract - extracted value (9:BIGINT) -> [51]
08:17:48.191 [https-jsse-nio-8443-exec-9] TRACE org.hibernate.orm.jdbc.extract - extracted value (3:BIGINT) -> [1]
08:17:48.191 [https-jsse-nio-8443-exec-9] TRACE org.hibernate.orm.jdbc.extract - extracted value (10:BOOLEAN) -> [false]
08:17:48.191 [https-jsse-nio-8443-exec-9] TRACE org.hibernate.orm.jdbc.extract - extracted value (11:VARCHAR) -> [Q12]
08:17:48.191 [https-jsse-nio-8443-exec-9] TRACE org.hibernate.orm.jdbc.extract - extracted value (2:BOOLEAN) -> [false]
08:17:48.191 [https-jsse-nio-8443-exec-9] TRACE org.hibernate.orm.jdbc.extract - extracted value (7:VARCHAR) -> [ARCHIVE]
08:17:48.191 [https-jsse-nio-8443-exec-9] TRACE org.hibernate.orm.jdbc.extract - extracted value (3:TIMESTAMP) -> [2025-08-17T21:13:01.507736]
08:17:48.191 [https-jsse-nio-8443-exec-9] TRACE org.hibernate.orm.jdbc.extract - extracted value (4:BOOLEAN) -> [false]
08:17:48.191 [https-jsse-nio-8443-exec-9] TRACE org.hibernate.orm.jdbc.extract - extracted value (5:INTEGER) -> [null]
08:17:48.191 [https-jsse-nio-8443-exec-9] TRACE org.hibernate.orm.jdbc.extract - extracted value (7:TINYINT) -> [NotSeen]
08:17:48.191 [https-jsse-nio-8443-exec-9] TRACE org.hibernate.orm.jdbc.extract - extracted value (8:VARCHAR) -> [test 3]
08:17:48.191 [https-jsse-nio-8443-exec-9] TRACE org.hibernate.orm.jdbc.extract - extracted value (1:BIGINT) -> [7]
08:17:48.192 [https-jsse-nio-8443-exec-9] TRACE org.hibernate.orm.jdbc.extract - extracted value (2:VARCHAR) -> [ali]
08:17:48.192 [https-jsse-nio-8443-exec-9] TRACE org.hibernate.orm.jdbc.extract - extracted value (6:BIGINT) -> [3]
08:17:48.192 [https-jsse-nio-8443-exec-9] TRACE org.hibernate.orm.jdbc.extract - extracted value (3:TIMESTAMP) -> [2025-08-17T21:28:45.615086]
08:17:48.192 [https-jsse-nio-8443-exec-9] TRACE org.hibernate.orm.jdbc.extract - extracted value (4:BOOLEAN) -> [false]
08:17:48.192 [https-jsse-nio-8443-exec-9] TRACE org.hibernate.orm.jdbc.extract - extracted value (5:INTEGER) -> [null]
08:17:48.192 [https-jsse-nio-8443-exec-9] TRACE org.hibernate.orm.jdbc.extract - extracted value (7:TINYINT) -> [NotSeen]
08:17:48.192 [https-jsse-nio-8443-exec-9] TRACE org.hibernate.orm.jdbc.extract - extracted value (8:VARCHAR) -> [test 4]
08:17:48.192 [https-jsse-nio-8443-exec-9] TRACE org.hibernate.orm.jdbc.extract - extracted value (1:BIGINT) -> [10]
08:17:48.192 [https-jsse-nio-8443-exec-9] TRACE org.hibernate.orm.jdbc.extract - extracted value (2:VARCHAR) -> [ali]
08:17:48.192 [https-jsse-nio-8443-exec-9] TRACE org.hibernate.orm.jdbc.extract - extracted value (6:BIGINT) -> [2]
08:17:48.192 [https-jsse-nio-8443-exec-9] TRACE org.hibernate.orm.jdbc.extract - extracted value (3:TIMESTAMP) -> [2025-08-17T21:56:26.780465]
08:17:48.192 [https-jsse-nio-8443-exec-9] TRACE org.hibernate.orm.jdbc.extract - extracted value (4:BOOLEAN) -> [false]
08:17:48.192 [https-jsse-nio-8443-exec-9] TRACE org.hibernate.orm.jdbc.extract - extracted value (5:INTEGER) -> [null]
08:17:48.192 [https-jsse-nio-8443-exec-9] TRACE org.hibernate.orm.jdbc.extract - extracted value (7:TINYINT) -> [NotSeen]
08:17:48.192 [https-jsse-nio-8443-exec-9] TRACE org.hibernate.orm.jdbc.extract - extracted value (8:VARCHAR) -> [new]
08:17:48.193 [https-jsse-nio-8443-exec-9] TRACE org.hibernate.orm.jdbc.extract - extracted value (1:BIGINT) -> [11]
08:17:48.193 [https-jsse-nio-8443-exec-9] TRACE org.hibernate.orm.jdbc.extract - extracted value (2:VARCHAR) -> [shirin]
08:17:48.193 [https-jsse-nio-8443-exec-9] DEBUG org.hibernate.SQL - 
    select
        u1_0.username,
        u1_0.account_non_expired,
        u1_0.account_non_locked,
        u1_0.credentials_expiry_date,
        u1_0.credentials_non_expired,
        u1_0.deleted,
        u1_0.enabled,
        u1_0.password,
        rs1_0.username,
        rs1_1.name,
        rs1_1.deleted,
        ps1_0.role_name,
        ps1_1.id,
        ps1_1.deleted,
        ps1_1.permission 
    from
        user_tbl u1_0 
    left join
        (user_role_tbl rs1_0 
    join
        role_tbl rs1_1 
            on rs1_1.name=rs1_0.role_name) 
        on u1_0.username=rs1_0.username 
        and ( rs1_1.deleted = 0) 
    left join
        (role_permission_tbl ps1_0 
    join
        permission_tbl ps1_1 
            on ps1_1.id=ps1_0.permission) 
        on rs1_1.name=ps1_0.role_name 
        and ( ps1_1.deleted = 0) 
    where
        u1_0.username=? 
        and (
            u1_0.deleted = 0
        )
08:17:48.193 [https-jsse-nio-8443-exec-9] TRACE org.hibernate.orm.jdbc.bind - binding parameter (1:VARCHAR) <- [shirin]
08:17:48.194 [https-jsse-nio-8443-exec-9] TRACE org.hibernate.orm.jdbc.extract - extracted value (9:VARCHAR) -> [shirin]
08:17:48.194 [https-jsse-nio-8443-exec-9] TRACE org.hibernate.orm.jdbc.extract - extracted value (10:VARCHAR) -> [ROLE_CUSTOMER]
08:17:48.195 [https-jsse-nio-8443-exec-9] TRACE org.hibernate.orm.jdbc.extract - extracted value (12:VARCHAR) -> [ROLE_CUSTOMER]
08:17:48.195 [https-jsse-nio-8443-exec-9] TRACE org.hibernate.orm.jdbc.extract - extracted value (13:BIGINT) -> [5]
08:17:48.195 [https-jsse-nio-8443-exec-9] TRACE org.hibernate.orm.jdbc.extract - extracted value (11:BOOLEAN) -> [false]
08:17:48.195 [https-jsse-nio-8443-exec-9] TRACE org.hibernate.orm.jdbc.extract - extracted value (2:BOOLEAN) -> [true]
08:17:48.195 [https-jsse-nio-8443-exec-9] TRACE org.hibernate.orm.jdbc.extract - extracted value (3:BOOLEAN) -> [true]
08:17:48.195 [https-jsse-nio-8443-exec-9] TRACE org.hibernate.orm.jdbc.extract - extracted value (4:TIMESTAMP) -> [2026-02-15T12:38]
08:17:48.195 [https-jsse-nio-8443-exec-9] TRACE org.hibernate.orm.jdbc.extract - extracted value (5:BOOLEAN) -> [true]
08:17:48.195 [https-jsse-nio-8443-exec-9] TRACE org.hibernate.orm.jdbc.extract - extracted value (6:BOOLEAN) -> [false]
08:17:48.195 [https-jsse-nio-8443-exec-9] TRACE org.hibernate.orm.jdbc.extract - extracted value (7:BOOLEAN) -> [true]
08:17:48.195 [https-jsse-nio-8443-exec-9] TRACE org.hibernate.orm.jdbc.extract - extracted value (8:VARCHAR) -> [$2a$12$ycbWX6LGjFbEOG63G80LVeFa7BWTps7/MAiv7fsxhgfM7o4zJu7lC]
08:17:48.195 [https-jsse-nio-8443-exec-9] TRACE org.hibernate.orm.jdbc.extract - extracted value (6:BIGINT) -> [2]
08:17:48.196 [https-jsse-nio-8443-exec-9] TRACE org.hibernate.orm.jdbc.extract - extracted value (3:TIMESTAMP) -> [2025-08-17T23:33:37.500446]
08:17:48.196 [https-jsse-nio-8443-exec-9] TRACE org.hibernate.orm.jdbc.extract - extracted value (4:BOOLEAN) -> [false]
08:17:48.196 [https-jsse-nio-8443-exec-9] TRACE org.hibernate.orm.jdbc.extract - extracted value (5:INTEGER) -> [null]
08:17:48.196 [https-jsse-nio-8443-exec-9] TRACE org.hibernate.orm.jdbc.extract - extracted value (7:TINYINT) -> [Seen]
08:17:48.196 [https-jsse-nio-8443-exec-9] TRACE org.hibernate.orm.jdbc.extract - extracted value (8:VARCHAR) -> [customer test 1]
08:17:48.196 [https-jsse-nio-8443-exec-9] TRACE org.hibernate.orm.jdbc.extract - extracted value (1:BIGINT) -> [12]
08:17:48.196 [https-jsse-nio-8443-exec-9] TRACE org.hibernate.orm.jdbc.extract - extracted value (2:VARCHAR) -> [shirin]
08:17:48.196 [https-jsse-nio-8443-exec-9] TRACE org.hibernate.orm.jdbc.extract - extracted value (6:BIGINT) -> [5]
08:17:48.196 [https-jsse-nio-8443-exec-9] TRACE org.hibernate.orm.jdbc.extract - extracted value (3:TIMESTAMP) -> [2025-08-17T23:40:58.948110]
08:17:48.196 [https-jsse-nio-8443-exec-9] TRACE org.hibernate.orm.jdbc.extract - extracted value (4:BOOLEAN) -> [false]
08:17:48.196 [https-jsse-nio-8443-exec-9] TRACE org.hibernate.orm.jdbc.extract - extracted value (5:INTEGER) -> [null]
08:17:48.196 [https-jsse-nio-8443-exec-9] TRACE org.hibernate.orm.jdbc.extract - extracted value (7:TINYINT) -> [NotSeen]
08:17:48.196 [https-jsse-nio-8443-exec-9] TRACE org.hibernate.orm.jdbc.extract - extracted value (8:VARCHAR) -> [customer test 2]
08:17:48.196 [https-jsse-nio-8443-exec-9] TRACE org.hibernate.orm.jdbc.extract - extracted value (1:BIGINT) -> [13]
08:17:48.196 [https-jsse-nio-8443-exec-9] TRACE org.hibernate.orm.jdbc.extract - extracted value (2:VARCHAR) -> [ali]
08:17:48.196 [https-jsse-nio-8443-exec-9] TRACE org.hibernate.orm.jdbc.extract - extracted value (6:BIGINT) -> [6]
08:17:48.197 [https-jsse-nio-8443-exec-9] TRACE org.hibernate.orm.jdbc.extract - extracted value (3:TIMESTAMP) -> [2025-08-17T23:43:18.831948]
08:17:48.197 [https-jsse-nio-8443-exec-9] TRACE org.hibernate.orm.jdbc.extract - extracted value (4:BOOLEAN) -> [false]
08:17:48.197 [https-jsse-nio-8443-exec-9] TRACE org.hibernate.orm.jdbc.extract - extracted value (5:INTEGER) -> [null]
08:17:48.197 [https-jsse-nio-8443-exec-9] TRACE org.hibernate.orm.jdbc.extract - extracted value (7:TINYINT) -> [NotSeen]
08:17:48.197 [https-jsse-nio-8443-exec-9] TRACE org.hibernate.orm.jdbc.extract - extracted value (8:VARCHAR) -> [admin test 1]
08:17:48.197 [https-jsse-nio-8443-exec-9] TRACE org.hibernate.orm.jdbc.extract - extracted value (1:BIGINT) -> [14]
08:17:48.197 [https-jsse-nio-8443-exec-9] TRACE org.hibernate.orm.jdbc.extract - extracted value (2:VARCHAR) -> [artin]
08:17:48.197 [https-jsse-nio-8443-exec-9] DEBUG org.hibernate.SQL - 
    select
        u1_0.username,
        u1_0.account_non_expired,
        u1_0.account_non_locked,
        u1_0.credentials_expiry_date,
        u1_0.credentials_non_expired,
        u1_0.deleted,
        u1_0.enabled,
        u1_0.password,
        rs1_0.username,
        rs1_1.name,
        rs1_1.deleted,
        ps1_0.role_name,
        ps1_1.id,
        ps1_1.deleted,
        ps1_1.permission 
    from
        user_tbl u1_0 
    left join
        (user_role_tbl rs1_0 
    join
        role_tbl rs1_1 
            on rs1_1.name=rs1_0.role_name) 
        on u1_0.username=rs1_0.username 
        and ( rs1_1.deleted = 0) 
    left join
        (role_permission_tbl ps1_0 
    join
        permission_tbl ps1_1 
            on ps1_1.id=ps1_0.permission) 
        on rs1_1.name=ps1_0.role_name 
        and ( ps1_1.deleted = 0) 
    where
        u1_0.username=? 
        and (
            u1_0.deleted = 0
        )
08:17:48.197 [https-jsse-nio-8443-exec-9] TRACE org.hibernate.orm.jdbc.bind - binding parameter (1:VARCHAR) <- [artin]
08:17:48.198 [https-jsse-nio-8443-exec-9] TRACE org.hibernate.orm.jdbc.extract - extracted value (9:VARCHAR) -> [artin]
08:17:48.198 [https-jsse-nio-8443-exec-9] TRACE org.hibernate.orm.jdbc.extract - extracted value (10:VARCHAR) -> [ROLE_CUSTOMER]
08:17:48.198 [https-jsse-nio-8443-exec-9] TRACE org.hibernate.orm.jdbc.extract - extracted value (2:BOOLEAN) -> [true]
08:17:48.198 [https-jsse-nio-8443-exec-9] TRACE org.hibernate.orm.jdbc.extract - extracted value (3:BOOLEAN) -> [true]
08:17:48.198 [https-jsse-nio-8443-exec-9] TRACE org.hibernate.orm.jdbc.extract - extracted value (4:TIMESTAMP) -> [2026-04-04T16:39]
08:17:48.198 [https-jsse-nio-8443-exec-9] TRACE org.hibernate.orm.jdbc.extract - extracted value (5:BOOLEAN) -> [true]
08:17:48.198 [https-jsse-nio-8443-exec-9] TRACE org.hibernate.orm.jdbc.extract - extracted value (6:BOOLEAN) -> [false]
08:17:48.198 [https-jsse-nio-8443-exec-9] TRACE org.hibernate.orm.jdbc.extract - extracted value (7:BOOLEAN) -> [true]
08:17:48.199 [https-jsse-nio-8443-exec-9] TRACE org.hibernate.orm.jdbc.extract - extracted value (8:VARCHAR) -> [$2a$12$LQ/9Uj10CUQqYQSeLTXUEugUzI7FXTZnvnYR6fTSOkdmnpp1mfGMS]
08:17:48.199 [https-jsse-nio-8443-exec-9] TRACE org.hibernate.orm.jdbc.extract - extracted value (6:BIGINT) -> [4]
08:17:48.199 [https-jsse-nio-8443-exec-9] TRACE org.hibernate.orm.jdbc.extract - extracted value (3:TIMESTAMP) -> [2025-08-17T23:44:35.887121]
08:17:48.199 [https-jsse-nio-8443-exec-9] TRACE org.hibernate.orm.jdbc.extract - extracted value (4:BOOLEAN) -> [false]
08:17:48.199 [https-jsse-nio-8443-exec-9] TRACE org.hibernate.orm.jdbc.extract - extracted value (5:INTEGER) -> [null]
08:17:48.199 [https-jsse-nio-8443-exec-9] TRACE org.hibernate.orm.jdbc.extract - extracted value (7:TINYINT) -> [Responsed]
08:17:48.199 [https-jsse-nio-8443-exec-9] TRACE org.hibernate.orm.jdbc.extract - extracted value (8:VARCHAR) -> [customer test 4]
08:17:48.199 [https-jsse-nio-8443-exec-9] TRACE org.hibernate.orm.jdbc.extract - extracted value (1:BIGINT) -> [15]
08:17:48.199 [https-jsse-nio-8443-exec-9] TRACE org.hibernate.orm.jdbc.extract - extracted value (2:VARCHAR) -> [payam]
08:17:48.199 [https-jsse-nio-8443-exec-9] DEBUG org.hibernate.SQL - 
    select
        u1_0.username,
        u1_0.account_non_expired,
        u1_0.account_non_locked,
        u1_0.credentials_expiry_date,
        u1_0.credentials_non_expired,
        u1_0.deleted,
        u1_0.enabled,
        u1_0.password,
        rs1_0.username,
        rs1_1.name,
        rs1_1.deleted,
        ps1_0.role_name,
        ps1_1.id,
        ps1_1.deleted,
        ps1_1.permission 
    from
        user_tbl u1_0 
    left join
        (user_role_tbl rs1_0 
    join
        role_tbl rs1_1 
            on rs1_1.name=rs1_0.role_name) 
        on u1_0.username=rs1_0.username 
        and ( rs1_1.deleted = 0) 
    left join
        (role_permission_tbl ps1_0 
    join
        permission_tbl ps1_1 
            on ps1_1.id=ps1_0.permission) 
        on rs1_1.name=ps1_0.role_name 
        and ( ps1_1.deleted = 0) 
    where
        u1_0.username=? 
        and (
            u1_0.deleted = 0
        )
08:17:48.199 [https-jsse-nio-8443-exec-9] TRACE org.hibernate.orm.jdbc.bind - binding parameter (1:VARCHAR) <- [payam]
08:17:48.201 [https-jsse-nio-8443-exec-9] TRACE org.hibernate.orm.jdbc.extract - extracted value (9:VARCHAR) -> [payam]
08:17:48.201 [https-jsse-nio-8443-exec-9] TRACE org.hibernate.orm.jdbc.extract - extracted value (10:VARCHAR) -> [ROLE_MANAGER]
08:17:48.201 [https-jsse-nio-8443-exec-9] TRACE org.hibernate.orm.jdbc.extract - extracted value (12:VARCHAR) -> [ROLE_MANAGER]
08:17:48.201 [https-jsse-nio-8443-exec-9] TRACE org.hibernate.orm.jdbc.extract - extracted value (13:BIGINT) -> [3]
08:17:48.201 [https-jsse-nio-8443-exec-9] TRACE org.hibernate.orm.jdbc.extract - extracted value (11:BOOLEAN) -> [false]
08:17:48.201 [https-jsse-nio-8443-exec-9] TRACE org.hibernate.orm.jdbc.extract - extracted value (2:BOOLEAN) -> [true]
08:17:48.201 [https-jsse-nio-8443-exec-9] TRACE org.hibernate.orm.jdbc.extract - extracted value (3:BOOLEAN) -> [true]
08:17:48.201 [https-jsse-nio-8443-exec-9] TRACE org.hibernate.orm.jdbc.extract - extracted value (4:TIMESTAMP) -> [2026-08-08T20:00]
08:17:48.201 [https-jsse-nio-8443-exec-9] TRACE org.hibernate.orm.jdbc.extract - extracted value (5:BOOLEAN) -> [true]
08:17:48.201 [https-jsse-nio-8443-exec-9] TRACE org.hibernate.orm.jdbc.extract - extracted value (6:BOOLEAN) -> [false]
08:17:48.201 [https-jsse-nio-8443-exec-9] TRACE org.hibernate.orm.jdbc.extract - extracted value (7:BOOLEAN) -> [true]
08:17:48.201 [https-jsse-nio-8443-exec-9] TRACE org.hibernate.orm.jdbc.extract - extracted value (8:VARCHAR) -> [$2a$12$lVuQXTkB0crKuwzQLIv7QumZWQZdMFMeR4CnkQoftAsg8CiLwEYB6]
08:17:48.201 [https-jsse-nio-8443-exec-9] TRACE org.hibernate.orm.jdbc.extract - extracted value (6:BIGINT) -> [1]
08:17:48.201 [https-jsse-nio-8443-exec-9] TRACE org.hibernate.orm.jdbc.extract - extracted value (3:TIMESTAMP) -> [2025-08-17T23:50:03.435260]
08:17:48.201 [https-jsse-nio-8443-exec-9] TRACE org.hibernate.orm.jdbc.extract - extracted value (4:BOOLEAN) -> [false]
08:17:48.201 [https-jsse-nio-8443-exec-9] TRACE org.hibernate.orm.jdbc.extract - extracted value (5:INTEGER) -> [null]
08:17:48.201 [https-jsse-nio-8443-exec-9] TRACE org.hibernate.orm.jdbc.extract - extracted value (7:TINYINT) -> [NotSeen]
08:17:48.201 [https-jsse-nio-8443-exec-9] TRACE org.hibernate.orm.jdbc.extract - extracted value (8:VARCHAR) -> [payam]
08:17:48.202 [https-jsse-nio-8443-exec-9] DEBUG org.hibernate.SQL - 
    select
        csl1_0.parent_section_id,
        csl1_0.id,
        csl1_0.deleted,
        csl1_0.title 
    from
        section_table csl1_0 
    where
        csl1_0.parent_section_id=? 
        and (
            csl1_0.deleted = 0
        )
08:17:48.202 [https-jsse-nio-8443-exec-9] TRACE org.hibernate.orm.jdbc.bind - binding parameter (1:BIGINT) <- [51]
08:17:48.203 [https-jsse-nio-8443-exec-9] TRACE org.hibernate.orm.jdbc.extract - extracted value (1:BIGINT) -> [51]
08:17:48.203 [https-jsse-nio-8443-exec-9] TRACE org.hibernate.orm.jdbc.extract - extracted value (2:BIGINT) -> [52]
08:17:48.203 [https-jsse-nio-8443-exec-9] TRACE org.hibernate.orm.jdbc.extract - extracted value (3:BOOLEAN) -> [false]
08:17:48.203 [https-jsse-nio-8443-exec-9] TRACE org.hibernate.orm.jdbc.extract - extracted value (4:VARCHAR) -> [Q13]
08:17:48.203 [https-jsse-nio-8443-exec-9] DEBUG org.hibernate.SQL - 
    select
        csl1_0.parent_section_id,
        csl1_0.id,
        csl1_0.deleted,
        csl1_0.title 
    from
        section_table csl1_0 
    where
        csl1_0.parent_section_id=? 
        and (
            csl1_0.deleted = 0
        )
08:17:48.203 [https-jsse-nio-8443-exec-9] TRACE org.hibernate.orm.jdbc.bind - binding parameter (1:BIGINT) <- [52]
08:17:48.204 [https-jsse-nio-8443-exec-9] TRACE org.hibernate.orm.jdbc.extract - extracted value (1:BIGINT) -> [52]
08:17:48.204 [https-jsse-nio-8443-exec-9] TRACE org.hibernate.orm.jdbc.extract - extracted value (2:BIGINT) -> [53]
08:17:48.204 [https-jsse-nio-8443-exec-9] TRACE org.hibernate.orm.jdbc.extract - extracted value (3:BOOLEAN) -> [false]
08:17:48.204 [https-jsse-nio-8443-exec-9] TRACE org.hibernate.orm.jdbc.extract - extracted value (4:VARCHAR) -> [Q14]
08:17:48.205 [https-jsse-nio-8443-exec-9] DEBUG org.hibernate.SQL - 
    select
        csl1_0.parent_section_id,
        csl1_0.id,
        csl1_0.deleted,
        csl1_0.title 
    from
        section_table csl1_0 
    where
        csl1_0.parent_section_id=? 
        and (
            csl1_0.deleted = 0
        )
08:17:48.205 [https-jsse-nio-8443-exec-9] TRACE org.hibernate.orm.jdbc.bind - binding parameter (1:BIGINT) <- [53]
08:17:48.206 [https-jsse-nio-8443-exec-9] TRACE org.hibernate.orm.jdbc.extract - extracted value (1:BIGINT) -> [53]
08:17:48.206 [https-jsse-nio-8443-exec-9] TRACE org.hibernate.orm.jdbc.extract - extracted value (2:BIGINT) -> [55]
08:17:48.206 [https-jsse-nio-8443-exec-9] TRACE org.hibernate.orm.jdbc.extract - extracted value (3:BOOLEAN) -> [false]
08:17:48.206 [https-jsse-nio-8443-exec-9] TRACE org.hibernate.orm.jdbc.extract - extracted value (4:VARCHAR) -> [Q15]
08:17:48.206 [https-jsse-nio-8443-exec-9] DEBUG org.hibernate.SQL - 
    select
        csl1_0.parent_section_id,
        csl1_0.id,
        csl1_0.deleted,
        csl1_0.title 
    from
        section_table csl1_0 
    where
        csl1_0.parent_section_id=? 
        and (
            csl1_0.deleted = 0
        )
08:17:48.206 [https-jsse-nio-8443-exec-9] TRACE org.hibernate.orm.jdbc.bind - binding parameter (1:BIGINT) <- [55]
08:17:48.207 [https-jsse-nio-8443-exec-9] TRACE org.hibernate.orm.jdbc.extract - extracted value (1:BIGINT) -> [55]
08:17:48.207 [https-jsse-nio-8443-exec-9] TRACE org.hibernate.orm.jdbc.extract - extracted value (2:BIGINT) -> [56]
08:17:48.207 [https-jsse-nio-8443-exec-9] TRACE org.hibernate.orm.jdbc.extract - extracted value (3:BOOLEAN) -> [false]
08:17:48.208 [https-jsse-nio-8443-exec-9] TRACE org.hibernate.orm.jdbc.extract - extracted value (4:VARCHAR) -> [Q16]
08:17:48.208 [https-jsse-nio-8443-exec-9] DEBUG org.hibernate.SQL - 
    select
        csl1_0.parent_section_id,
        csl1_0.id,
        csl1_0.deleted,
        csl1_0.title 
    from
        section_table csl1_0 
    where
        csl1_0.parent_section_id=? 
        and (
            csl1_0.deleted = 0
        )
08:17:48.208 [https-jsse-nio-8443-exec-9] TRACE org.hibernate.orm.jdbc.bind - binding parameter (1:BIGINT) <- [56]
08:17:48.209 [https-jsse-nio-8443-exec-9] TRACE org.hibernate.orm.jdbc.extract - extracted value (1:BIGINT) -> [56]
08:17:48.210 [https-jsse-nio-8443-exec-9] TRACE org.hibernate.orm.jdbc.extract - extracted value (2:BIGINT) -> [57]
08:17:48.210 [https-jsse-nio-8443-exec-9] TRACE org.hibernate.orm.jdbc.extract - extracted value (3:BOOLEAN) -> [false]
08:17:48.210 [https-jsse-nio-8443-exec-9] TRACE org.hibernate.orm.jdbc.extract - extracted value (4:VARCHAR) -> [Q17]
08:17:48.210 [https-jsse-nio-8443-exec-9] DEBUG org.hibernate.SQL - 
    select
        csl1_0.parent_section_id,
        csl1_0.id,
        csl1_0.deleted,
        csl1_0.title 
    from
        section_table csl1_0 
    where
        csl1_0.parent_section_id=? 
        and (
            csl1_0.deleted = 0
        )
08:17:48.211 [https-jsse-nio-8443-exec-9] TRACE org.hibernate.orm.jdbc.bind - binding parameter (1:BIGINT) <- [57]
08:17:48.211 [https-jsse-nio-8443-exec-9] TRACE org.hibernate.orm.jdbc.extract - extracted value (1:BIGINT) -> [57]
08:17:48.211 [https-jsse-nio-8443-exec-9] TRACE org.hibernate.orm.jdbc.extract - extracted value (2:BIGINT) -> [59]
08:17:48.212 [https-jsse-nio-8443-exec-9] TRACE org.hibernate.orm.jdbc.extract - extracted value (3:BOOLEAN) -> [false]
08:17:48.212 [https-jsse-nio-8443-exec-9] TRACE org.hibernate.orm.jdbc.extract - extracted value (4:VARCHAR) -> [Q19]
08:17:48.212 [https-jsse-nio-8443-exec-9] DEBUG org.hibernate.SQL - 
    select
        csl1_0.parent_section_id,
        csl1_0.id,
        csl1_0.deleted,
        csl1_0.title 
    from
        section_table csl1_0 
    where
        csl1_0.parent_section_id=? 
        and (
            csl1_0.deleted = 0
        )
08:17:48.212 [https-jsse-nio-8443-exec-9] TRACE org.hibernate.orm.jdbc.bind - binding parameter (1:BIGINT) <- [59]
08:17:48.213 [https-jsse-nio-8443-exec-9] TRACE org.hibernate.orm.jdbc.extract - extracted value (1:BIGINT) -> [59]
08:17:48.213 [https-jsse-nio-8443-exec-9] TRACE org.hibernate.orm.jdbc.extract - extracted value (2:BIGINT) -> [62]
08:17:48.213 [https-jsse-nio-8443-exec-9] TRACE org.hibernate.orm.jdbc.extract - extracted value (3:BOOLEAN) -> [false]
08:17:48.213 [https-jsse-nio-8443-exec-9] TRACE org.hibernate.orm.jdbc.extract - extracted value (4:VARCHAR) -> [Q21]
08:17:48.213 [https-jsse-nio-8443-exec-9] DEBUG org.hibernate.SQL - 
    select
        csl1_0.parent_section_id,
        csl1_0.id,
        csl1_0.deleted,
        csl1_0.title 
    from
        section_table csl1_0 
    where
        csl1_0.parent_section_id=? 
        and (
            csl1_0.deleted = 0
        )
08:17:48.214 [https-jsse-nio-8443-exec-9] TRACE org.hibernate.orm.jdbc.bind - binding parameter (1:BIGINT) <- [62]
08:17:48.214 [https-jsse-nio-8443-exec-9] DEBUG org.hibernate.SQL - 
    select
        csl1_0.parent_section_id,
        csl1_0.id,
        csl1_0.deleted,
        csl1_0.title 
    from
        section_table csl1_0 
    where
        csl1_0.parent_section_id=? 
        and (
            csl1_0.deleted = 0
        )
08:17:48.214 [https-jsse-nio-8443-exec-9] TRACE org.hibernate.orm.jdbc.bind - binding parameter (1:BIGINT) <- [1]
08:17:48.215 [https-jsse-nio-8443-exec-9] TRACE org.hibernate.orm.jdbc.extract - extracted value (1:BIGINT) -> [1]
08:17:48.215 [https-jsse-nio-8443-exec-9] TRACE org.hibernate.orm.jdbc.extract - extracted value (2:BIGINT) -> [2]
08:17:48.215 [https-jsse-nio-8443-exec-9] TRACE org.hibernate.orm.jdbc.extract - extracted value (1:BIGINT) -> [1]
08:17:48.215 [https-jsse-nio-8443-exec-9] TRACE org.hibernate.orm.jdbc.extract - extracted value (2:BIGINT) -> [3]
08:17:48.215 [https-jsse-nio-8443-exec-9] TRACE org.hibernate.orm.jdbc.extract - extracted value (1:BIGINT) -> [1]
08:17:48.215 [https-jsse-nio-8443-exec-9] TRACE org.hibernate.orm.jdbc.extract - extracted value (2:BIGINT) -> [6]
08:17:48.216 [https-jsse-nio-8443-exec-9] DEBUG org.hibernate.SQL - 
    select
        csl1_0.parent_section_id,
        csl1_0.id,
        csl1_0.deleted,
        csl1_0.title 
    from
        section_table csl1_0 
    where
        csl1_0.parent_section_id=? 
        and (
            csl1_0.deleted = 0
        )
08:17:48.216 [https-jsse-nio-8443-exec-9] TRACE org.hibernate.orm.jdbc.bind - binding parameter (1:BIGINT) <- [7]
08:17:48.217 [https-jsse-nio-8443-exec-9] DEBUG org.hibernate.SQL - 
    select
        csl1_0.parent_section_id,
        csl1_0.id,
        csl1_0.deleted,
        csl1_0.title 
    from
        section_table csl1_0 
    where
        csl1_0.parent_section_id=? 
        and (
            csl1_0.deleted = 0
        )
08:17:48.217 [https-jsse-nio-8443-exec-9] TRACE org.hibernate.orm.jdbc.bind - binding parameter (1:BIGINT) <- [5]
08:17:48.218 [https-jsse-nio-8443-exec-9] DEBUG org.hibernate.SQL - 
    select
        csl1_0.parent_section_id,
        csl1_0.id,
        csl1_0.deleted,
        csl1_0.title 
    from
        section_table csl1_0 
    where
        csl1_0.parent_section_id=? 
        and (
            csl1_0.deleted = 0
        )
08:17:48.219 [https-jsse-nio-8443-exec-9] TRACE org.hibernate.orm.jdbc.bind - binding parameter (1:BIGINT) <- [4]
08:17:48.220 [https-jsse-nio-8443-exec-9] DEBUG org.hibernate.SQL - 
    /* <criteria> */ select
        count(t1_0.id) 
    from
        ticket_tbl t1_0 
    where
        (
            t1_0.deleted = 0
        ) 
        and 1=1
08:17:48.221 [https-jsse-nio-8443-exec-9] TRACE org.hibernate.orm.jdbc.extract - extracted value (1:BIGINT) -> [10]
08:17:48.221 [https-jsse-nio-8443-exec-9] DEBUG o.h.e.t.internal.TransactionImpl - committing
08:17:48.222 [https-jsse-nio-8443-exec-9] DEBUG o.s.jdbc.datasource.DataSourceUtils - Resetting read-only flag of JDBC Connection [HikariProxyConnection@1669168479 wrapping oracle.jdbc.driver.T4CConnection@5f8cb559]
08:17:48.222 [https-jsse-nio-8443-exec-9] TRACE o.s.c.interceptor.CacheInterceptor - Computed cache key 'SimpleKey []' for operation Builder[public java.util.List ir.service.impl.SectionServiceImpl.findAllForFilter()] caches=[sectionsFilter] | key='' | keyGenerator='' | cacheManager='' | cacheResolver='' | condition='' | unless='' | sync='false'
08:17:48.222 [https-jsse-nio-8443-exec-9] TRACE o.s.c.interceptor.CacheInterceptor - Cache entry for key 'SimpleKey []' found in cache(s) [sectionsFilter]
08:17:48.222 [https-jsse-nio-8443-exec-9] INFO  i.c.exception.ResponseAspect - Web Controller: ticketsList
08:17:48.506 [https-jsse-nio-8443-exec-8] DEBUG o.s.security.web.FilterChainProxy - Securing GET /tickets/5
08:17:48.506 [https-jsse-nio-8443-exec-8] DEBUG o.s.s.w.a.c.ChannelProcessingFilter - Request: filter invocation [GET /tickets/5]; ConfigAttributes: [REQUIRES_SECURE_CHANNEL]
08:17:48.507 [https-jsse-nio-8443-exec-8] DEBUG o.s.s.w.c.HttpSessionSecurityContextRepository - Retrieved SecurityContextImpl [Authentication=UsernamePasswordAuthenticationToken [Principal=ir.model.entity.CustomUserDetails@1a88c3b8, Credentials=[PROTECTED], Authenticated=true, Details=WebAuthenticationDetails [RemoteIpAddress=0:0:0:0:0:0:0:1, SessionId=6590EDA7D1BB36FB06EF4EBE5988FA5A], Granted Authorities=[TICKET_EDIT, ROLE_ADMIN, TICKET_DELETE, TICKET_CREATE]]]
08:17:48.507 [https-jsse-nio-8443-exec-8] DEBUG o.s.security.web.FilterChainProxy - Secured GET /tickets/5
08:17:48.509 [https-jsse-nio-8443-exec-8] DEBUG o.s.jdbc.datasource.DataSourceUtils - Setting JDBC Connection [HikariProxyConnection@921197534 wrapping oracle.jdbc.driver.T4CConnection@5f8cb559] read-only
08:17:48.510 [https-jsse-nio-8443-exec-8] DEBUG o.h.e.t.internal.TransactionImpl - On TransactionImpl creation, JpaCompliance#isJpaTransactionComplianceEnabled == false
08:17:48.510 [https-jsse-nio-8443-exec-8] DEBUG o.h.e.t.internal.TransactionImpl - begin
08:17:48.512 [https-jsse-nio-8443-exec-8] DEBUG org.hibernate.SQL - 
    select
        t1_0.id,
        c1_0.username,
        c1_0.account_non_expired,
        c1_0.account_non_locked,
        c1_0.credentials_expiry_date,
        c1_0.credentials_non_expired,
        c1_0.deleted,
        c1_0.enabled,
        c1_0.password,
        rs1_0.username,
        rs1_1.name,
        rs1_1.deleted,
        ps1_0.role_name,
        ps1_1.id,
        ps1_1.deleted,
        ps1_1.permission,
        t1_0.date_time,
        t1_0.deleted,
        t1_0.score,
        s1_0.id,
        s1_0.deleted,
        ps2_0.id,
        ps2_0.deleted,
        ps2_0.parent_section_id,
        ps2_0.title,
        s1_0.title,
        t1_0.status,
        t1_0.title 
    from
        ticket_tbl t1_0 
    left join
        user_tbl c1_0 
            on c1_0.username=t1_0.customer 
            and (c1_0.deleted = 0) 
    left join
        (user_role_tbl rs1_0 
    join
        role_tbl rs1_1 
            on rs1_1.name=rs1_0.role_name) 
        on c1_0.username=rs1_0.username 
        and ( rs1_1.deleted = 0) 
    left join
        (role_permission_tbl ps1_0 
    join
        permission_tbl ps1_1 
            on ps1_1.id=ps1_0.permission) 
        on rs1_1.name=ps1_0.role_name 
        and ( ps1_1.deleted = 0) 
    left join
        section_table s1_0 
            on s1_0.id=t1_0.section_id 
            and (s1_0.deleted = 0) 
    left join
        section_table ps2_0 
            on ps2_0.id=s1_0.parent_section_id 
            and (ps2_0.deleted = 0) 
    where
        t1_0.id=? 
        and (
            t1_0.deleted = 0
        )
08:17:48.513 [https-jsse-nio-8443-exec-8] TRACE org.hibernate.orm.jdbc.bind - binding parameter (1:BIGINT) <- [5]
08:17:48.540 [https-jsse-nio-8443-exec-8] TRACE org.hibernate.orm.jdbc.extract - extracted value (2:VARCHAR) -> [ali]
08:17:48.540 [https-jsse-nio-8443-exec-8] TRACE org.hibernate.orm.jdbc.extract - extracted value (10:VARCHAR) -> [ali]
08:17:48.540 [https-jsse-nio-8443-exec-8] TRACE org.hibernate.orm.jdbc.extract - extracted value (11:VARCHAR) -> [ROLE_ADMIN]
08:17:48.540 [https-jsse-nio-8443-exec-8] TRACE org.hibernate.orm.jdbc.extract - extracted value (13:VARCHAR) -> [ROLE_ADMIN]
08:17:48.540 [https-jsse-nio-8443-exec-8] TRACE org.hibernate.orm.jdbc.extract - extracted value (14:BIGINT) -> [3]
08:17:48.540 [https-jsse-nio-8443-exec-8] TRACE org.hibernate.orm.jdbc.extract - extracted value (20:BIGINT) -> [6]
08:17:48.540 [https-jsse-nio-8443-exec-8] TRACE org.hibernate.orm.jdbc.extract - extracted value (22:BIGINT) -> [1]
08:17:48.541 [https-jsse-nio-8443-exec-8] TRACE org.hibernate.orm.jdbc.extract - extracted value (24:BIGINT) -> [null]
08:17:48.541 [https-jsse-nio-8443-exec-8] TRACE org.hibernate.orm.jdbc.extract - extracted value (15:BOOLEAN) -> [false]
08:17:48.541 [https-jsse-nio-8443-exec-8] TRACE org.hibernate.orm.jdbc.extract - extracted value (16:VARCHAR) -> [TICKET_EDIT]
08:17:48.541 [https-jsse-nio-8443-exec-8] TRACE org.hibernate.orm.jdbc.extract - extracted value (12:BOOLEAN) -> [false]
08:17:48.541 [https-jsse-nio-8443-exec-8] TRACE org.hibernate.orm.jdbc.extract - extracted value (3:BOOLEAN) -> [true]
08:17:48.541 [https-jsse-nio-8443-exec-8] TRACE org.hibernate.orm.jdbc.extract - extracted value (4:BOOLEAN) -> [true]
08:17:48.541 [https-jsse-nio-8443-exec-8] TRACE org.hibernate.orm.jdbc.extract - extracted value (5:TIMESTAMP) -> [2026-02-15T12:09:59.147750]
08:17:48.541 [https-jsse-nio-8443-exec-8] TRACE org.hibernate.orm.jdbc.extract - extracted value (6:BOOLEAN) -> [true]
08:17:48.541 [https-jsse-nio-8443-exec-8] TRACE org.hibernate.orm.jdbc.extract - extracted value (7:BOOLEAN) -> [false]
08:17:48.541 [https-jsse-nio-8443-exec-8] TRACE org.hibernate.orm.jdbc.extract - extracted value (8:BOOLEAN) -> [true]
08:17:48.541 [https-jsse-nio-8443-exec-8] TRACE org.hibernate.orm.jdbc.extract - extracted value (9:VARCHAR) -> [$2a$12$bkc9M5.5k8h.ROXdCI2/C.8SwxJ3Deo/KRSLcUqhWVAO2P5IFakGe]
08:17:48.541 [https-jsse-nio-8443-exec-8] TRACE org.hibernate.orm.jdbc.extract - extracted value (23:BOOLEAN) -> [false]
08:17:48.541 [https-jsse-nio-8443-exec-8] TRACE org.hibernate.orm.jdbc.extract - extracted value (25:VARCHAR) -> [MAIN SECTION]
08:17:48.541 [https-jsse-nio-8443-exec-8] TRACE org.hibernate.orm.jdbc.extract - extracted value (21:BOOLEAN) -> [false]
08:17:48.541 [https-jsse-nio-8443-exec-8] TRACE org.hibernate.orm.jdbc.extract - extracted value (26:VARCHAR) -> [ARCHIVE]
08:17:48.541 [https-jsse-nio-8443-exec-8] TRACE org.hibernate.orm.jdbc.extract - extracted value (17:TIMESTAMP) -> [2025-08-17T21:13:01.507736]
08:17:48.541 [https-jsse-nio-8443-exec-8] TRACE org.hibernate.orm.jdbc.extract - extracted value (18:BOOLEAN) -> [false]
08:17:48.541 [https-jsse-nio-8443-exec-8] TRACE org.hibernate.orm.jdbc.extract - extracted value (19:INTEGER) -> [null]
08:17:48.541 [https-jsse-nio-8443-exec-8] TRACE org.hibernate.orm.jdbc.extract - extracted value (27:TINYINT) -> [NotSeen]
08:17:48.541 [https-jsse-nio-8443-exec-8] TRACE org.hibernate.orm.jdbc.extract - extracted value (28:VARCHAR) -> [test 3]
08:17:48.542 [https-jsse-nio-8443-exec-8] TRACE org.hibernate.orm.jdbc.extract - extracted value (11:VARCHAR) -> [ROLE_ADMIN]
08:17:48.542 [https-jsse-nio-8443-exec-8] TRACE org.hibernate.orm.jdbc.extract - extracted value (14:BIGINT) -> [4]
08:17:48.542 [https-jsse-nio-8443-exec-8] TRACE org.hibernate.orm.jdbc.extract - extracted value (15:BOOLEAN) -> [false]
08:17:48.542 [https-jsse-nio-8443-exec-8] TRACE org.hibernate.orm.jdbc.extract - extracted value (16:VARCHAR) -> [TICKET_DELETE]
08:17:48.542 [https-jsse-nio-8443-exec-8] TRACE org.hibernate.orm.jdbc.extract - extracted value (11:VARCHAR) -> [ROLE_ADMIN]
08:17:48.542 [https-jsse-nio-8443-exec-8] TRACE org.hibernate.orm.jdbc.extract - extracted value (14:BIGINT) -> [5]
08:17:48.542 [https-jsse-nio-8443-exec-8] TRACE org.hibernate.orm.jdbc.extract - extracted value (15:BOOLEAN) -> [false]
08:17:48.542 [https-jsse-nio-8443-exec-8] TRACE org.hibernate.orm.jdbc.extract - extracted value (16:VARCHAR) -> [TICKET_CREATE]
08:17:48.542 [https-jsse-nio-8443-exec-8] DEBUG org.hibernate.SQL - 
    select
        csl1_0.parent_section_id,
        csl1_0.id,
        csl1_0.deleted,
        csl1_0.title 
    from
        section_table csl1_0 
    where
        csl1_0.parent_section_id=? 
        and (
            csl1_0.deleted = 0
        )
08:17:48.542 [https-jsse-nio-8443-exec-8] TRACE org.hibernate.orm.jdbc.bind - binding parameter (1:BIGINT) <- [1]
08:17:48.543 [https-jsse-nio-8443-exec-8] TRACE org.hibernate.orm.jdbc.extract - extracted value (1:BIGINT) -> [1]
08:17:48.543 [https-jsse-nio-8443-exec-8] TRACE org.hibernate.orm.jdbc.extract - extracted value (2:BIGINT) -> [2]
08:17:48.543 [https-jsse-nio-8443-exec-8] TRACE org.hibernate.orm.jdbc.extract - extracted value (3:BOOLEAN) -> [false]
08:17:48.543 [https-jsse-nio-8443-exec-8] TRACE org.hibernate.orm.jdbc.extract - extracted value (4:VARCHAR) -> [HSE]
08:17:48.544 [https-jsse-nio-8443-exec-8] TRACE org.hibernate.orm.jdbc.extract - extracted value (1:BIGINT) -> [1]
08:17:48.544 [https-jsse-nio-8443-exec-8] TRACE org.hibernate.orm.jdbc.extract - extracted value (2:BIGINT) -> [3]
08:17:48.544 [https-jsse-nio-8443-exec-8] TRACE org.hibernate.orm.jdbc.extract - extracted value (3:BOOLEAN) -> [false]
08:17:48.544 [https-jsse-nio-8443-exec-8] TRACE org.hibernate.orm.jdbc.extract - extracted value (4:VARCHAR) -> [TRANSPORT]
08:17:48.544 [https-jsse-nio-8443-exec-8] TRACE org.hibernate.orm.jdbc.extract - extracted value (1:BIGINT) -> [1]
08:17:48.544 [https-jsse-nio-8443-exec-8] TRACE org.hibernate.orm.jdbc.extract - extracted value (2:BIGINT) -> [6]
08:17:48.544 [https-jsse-nio-8443-exec-8] DEBUG org.hibernate.SQL - 
    select
        csl1_0.parent_section_id,
        csl1_0.id,
        csl1_0.deleted,
        csl1_0.title 
    from
        section_table csl1_0 
    where
        csl1_0.parent_section_id=? 
        and (
            csl1_0.deleted = 0
        )
08:17:48.544 [https-jsse-nio-8443-exec-8] TRACE org.hibernate.orm.jdbc.bind - binding parameter (1:BIGINT) <- [6]
08:17:48.545 [https-jsse-nio-8443-exec-8] TRACE org.hibernate.orm.jdbc.extract - extracted value (1:BIGINT) -> [6]
08:17:48.545 [https-jsse-nio-8443-exec-8] TRACE org.hibernate.orm.jdbc.extract - extracted value (2:BIGINT) -> [51]
08:17:48.545 [https-jsse-nio-8443-exec-8] TRACE org.hibernate.orm.jdbc.extract - extracted value (3:BOOLEAN) -> [false]
08:17:48.545 [https-jsse-nio-8443-exec-8] TRACE org.hibernate.orm.jdbc.extract - extracted value (4:VARCHAR) -> [Q12]
08:17:48.546 [https-jsse-nio-8443-exec-8] DEBUG org.hibernate.SQL - 
    select
        csl1_0.parent_section_id,
        csl1_0.id,
        csl1_0.deleted,
        csl1_0.title 
    from
        section_table csl1_0 
    where
        csl1_0.parent_section_id=? 
        and (
            csl1_0.deleted = 0
        )
08:17:48.546 [https-jsse-nio-8443-exec-8] TRACE org.hibernate.orm.jdbc.bind - binding parameter (1:BIGINT) <- [51]
08:17:48.546 [https-jsse-nio-8443-exec-8] TRACE org.hibernate.orm.jdbc.extract - extracted value (1:BIGINT) -> [51]
08:17:48.546 [https-jsse-nio-8443-exec-8] TRACE org.hibernate.orm.jdbc.extract - extracted value (2:BIGINT) -> [52]
08:17:48.546 [https-jsse-nio-8443-exec-8] TRACE org.hibernate.orm.jdbc.extract - extracted value (3:BOOLEAN) -> [false]
08:17:48.547 [https-jsse-nio-8443-exec-8] TRACE org.hibernate.orm.jdbc.extract - extracted value (4:VARCHAR) -> [Q13]
08:17:48.547 [https-jsse-nio-8443-exec-8] DEBUG org.hibernate.SQL - 
    select
        csl1_0.parent_section_id,
        csl1_0.id,
        csl1_0.deleted,
        csl1_0.title 
    from
        section_table csl1_0 
    where
        csl1_0.parent_section_id=? 
        and (
            csl1_0.deleted = 0
        )
08:17:48.547 [https-jsse-nio-8443-exec-8] TRACE org.hibernate.orm.jdbc.bind - binding parameter (1:BIGINT) <- [52]
08:17:48.547 [https-jsse-nio-8443-exec-8] TRACE org.hibernate.orm.jdbc.extract - extracted value (1:BIGINT) -> [52]
08:17:48.547 [https-jsse-nio-8443-exec-8] TRACE org.hibernate.orm.jdbc.extract - extracted value (2:BIGINT) -> [53]
08:17:48.547 [https-jsse-nio-8443-exec-8] TRACE org.hibernate.orm.jdbc.extract - extracted value (3:BOOLEAN) -> [false]
08:17:48.548 [https-jsse-nio-8443-exec-8] TRACE org.hibernate.orm.jdbc.extract - extracted value (4:VARCHAR) -> [Q14]
08:17:48.548 [https-jsse-nio-8443-exec-8] DEBUG org.hibernate.SQL - 
    select
        csl1_0.parent_section_id,
        csl1_0.id,
        csl1_0.deleted,
        csl1_0.title 
    from
        section_table csl1_0 
    where
        csl1_0.parent_section_id=? 
        and (
            csl1_0.deleted = 0
        )
08:17:48.548 [https-jsse-nio-8443-exec-8] TRACE org.hibernate.orm.jdbc.bind - binding parameter (1:BIGINT) <- [53]
08:17:48.548 [https-jsse-nio-8443-exec-8] TRACE org.hibernate.orm.jdbc.extract - extracted value (1:BIGINT) -> [53]
08:17:48.548 [https-jsse-nio-8443-exec-8] TRACE org.hibernate.orm.jdbc.extract - extracted value (2:BIGINT) -> [55]
08:17:48.548 [https-jsse-nio-8443-exec-8] TRACE org.hibernate.orm.jdbc.extract - extracted value (3:BOOLEAN) -> [false]
08:17:48.548 [https-jsse-nio-8443-exec-8] TRACE org.hibernate.orm.jdbc.extract - extracted value (4:VARCHAR) -> [Q15]
08:17:48.549 [https-jsse-nio-8443-exec-8] DEBUG org.hibernate.SQL - 
    select
        csl1_0.parent_section_id,
        csl1_0.id,
        csl1_0.deleted,
        csl1_0.title 
    from
        section_table csl1_0 
    where
        csl1_0.parent_section_id=? 
        and (
            csl1_0.deleted = 0
        )
08:17:48.549 [https-jsse-nio-8443-exec-8] TRACE org.hibernate.orm.jdbc.bind - binding parameter (1:BIGINT) <- [55]
08:17:48.549 [https-jsse-nio-8443-exec-8] TRACE org.hibernate.orm.jdbc.extract - extracted value (1:BIGINT) -> [55]
08:17:48.549 [https-jsse-nio-8443-exec-8] TRACE org.hibernate.orm.jdbc.extract - extracted value (2:BIGINT) -> [56]
08:17:48.549 [https-jsse-nio-8443-exec-8] TRACE org.hibernate.orm.jdbc.extract - extracted value (3:BOOLEAN) -> [false]
08:17:48.549 [https-jsse-nio-8443-exec-8] TRACE org.hibernate.orm.jdbc.extract - extracted value (4:VARCHAR) -> [Q16]
08:17:48.550 [https-jsse-nio-8443-exec-8] DEBUG org.hibernate.SQL - 
    select
        csl1_0.parent_section_id,
        csl1_0.id,
        csl1_0.deleted,
        csl1_0.title 
    from
        section_table csl1_0 
    where
        csl1_0.parent_section_id=? 
        and (
            csl1_0.deleted = 0
        )
08:17:48.550 [https-jsse-nio-8443-exec-8] TRACE org.hibernate.orm.jdbc.bind - binding parameter (1:BIGINT) <- [56]
08:17:48.551 [https-jsse-nio-8443-exec-8] TRACE org.hibernate.orm.jdbc.extract - extracted value (1:BIGINT) -> [56]
08:17:48.551 [https-jsse-nio-8443-exec-8] TRACE org.hibernate.orm.jdbc.extract - extracted value (2:BIGINT) -> [57]
08:17:48.551 [https-jsse-nio-8443-exec-8] TRACE org.hibernate.orm.jdbc.extract - extracted value (3:BOOLEAN) -> [false]
08:17:48.551 [https-jsse-nio-8443-exec-8] TRACE org.hibernate.orm.jdbc.extract - extracted value (4:VARCHAR) -> [Q17]
08:17:48.551 [https-jsse-nio-8443-exec-8] DEBUG org.hibernate.SQL - 
    select
        csl1_0.parent_section_id,
        csl1_0.id,
        csl1_0.deleted,
        csl1_0.title 
    from
        section_table csl1_0 
    where
        csl1_0.parent_section_id=? 
        and (
            csl1_0.deleted = 0
        )
08:17:48.552 [https-jsse-nio-8443-exec-8] TRACE org.hibernate.orm.jdbc.bind - binding parameter (1:BIGINT) <- [57]
08:17:48.552 [https-jsse-nio-8443-exec-8] TRACE org.hibernate.orm.jdbc.extract - extracted value (1:BIGINT) -> [57]
08:17:48.552 [https-jsse-nio-8443-exec-8] TRACE org.hibernate.orm.jdbc.extract - extracted value (2:BIGINT) -> [59]
08:17:48.552 [https-jsse-nio-8443-exec-8] TRACE org.hibernate.orm.jdbc.extract - extracted value (3:BOOLEAN) -> [false]
08:17:48.552 [https-jsse-nio-8443-exec-8] TRACE org.hibernate.orm.jdbc.extract - extracted value (4:VARCHAR) -> [Q19]
08:17:48.553 [https-jsse-nio-8443-exec-8] DEBUG org.hibernate.SQL - 
    select
        csl1_0.parent_section_id,
        csl1_0.id,
        csl1_0.deleted,
        csl1_0.title 
    from
        section_table csl1_0 
    where
        csl1_0.parent_section_id=? 
        and (
            csl1_0.deleted = 0
        )
08:17:48.553 [https-jsse-nio-8443-exec-8] TRACE org.hibernate.orm.jdbc.bind - binding parameter (1:BIGINT) <- [59]
08:17:48.553 [https-jsse-nio-8443-exec-8] TRACE org.hibernate.orm.jdbc.extract - extracted value (1:BIGINT) -> [59]
08:17:48.553 [https-jsse-nio-8443-exec-8] TRACE org.hibernate.orm.jdbc.extract - extracted value (2:BIGINT) -> [62]
08:17:48.553 [https-jsse-nio-8443-exec-8] TRACE org.hibernate.orm.jdbc.extract - extracted value (3:BOOLEAN) -> [false]
08:17:48.553 [https-jsse-nio-8443-exec-8] TRACE org.hibernate.orm.jdbc.extract - extracted value (4:VARCHAR) -> [Q21]
08:17:48.554 [https-jsse-nio-8443-exec-8] DEBUG org.hibernate.SQL - 
    select
        csl1_0.parent_section_id,
        csl1_0.id,
        csl1_0.deleted,
        csl1_0.title 
    from
        section_table csl1_0 
    where
        csl1_0.parent_section_id=? 
        and (
            csl1_0.deleted = 0
        )
08:17:48.554 [https-jsse-nio-8443-exec-8] TRACE org.hibernate.orm.jdbc.bind - binding parameter (1:BIGINT) <- [62]
08:17:48.554 [https-jsse-nio-8443-exec-8] DEBUG org.hibernate.SQL - 
    select
        csl1_0.parent_section_id,
        csl1_0.id,
        csl1_0.deleted,
        csl1_0.title 
    from
        section_table csl1_0 
    where
        csl1_0.parent_section_id=? 
        and (
            csl1_0.deleted = 0
        )
08:17:48.555 [https-jsse-nio-8443-exec-8] TRACE org.hibernate.orm.jdbc.bind - binding parameter (1:BIGINT) <- [3]
08:17:48.555 [https-jsse-nio-8443-exec-8] TRACE org.hibernate.orm.jdbc.extract - extracted value (1:BIGINT) -> [3]
08:17:48.555 [https-jsse-nio-8443-exec-8] TRACE org.hibernate.orm.jdbc.extract - extracted value (2:BIGINT) -> [4]
08:17:48.555 [https-jsse-nio-8443-exec-8] TRACE org.hibernate.orm.jdbc.extract - extracted value (3:BOOLEAN) -> [false]
08:17:48.555 [https-jsse-nio-8443-exec-8] TRACE org.hibernate.orm.jdbc.extract - extracted value (4:VARCHAR) -> [BUS]
08:17:48.555 [https-jsse-nio-8443-exec-8] TRACE org.hibernate.orm.jdbc.extract - extracted value (1:BIGINT) -> [3]
08:17:48.555 [https-jsse-nio-8443-exec-8] TRACE org.hibernate.orm.jdbc.extract - extracted value (2:BIGINT) -> [5]
08:17:48.555 [https-jsse-nio-8443-exec-8] TRACE org.hibernate.orm.jdbc.extract - extracted value (3:BOOLEAN) -> [false]
08:17:48.555 [https-jsse-nio-8443-exec-8] TRACE org.hibernate.orm.jdbc.extract - extracted value (4:VARCHAR) -> [TAXI]
08:17:48.555 [https-jsse-nio-8443-exec-8] TRACE org.hibernate.orm.jdbc.extract - extracted value (1:BIGINT) -> [3]
08:17:48.556 [https-jsse-nio-8443-exec-8] TRACE org.hibernate.orm.jdbc.extract - extracted value (2:BIGINT) -> [7]
08:17:48.556 [https-jsse-nio-8443-exec-8] TRACE org.hibernate.orm.jdbc.extract - extracted value (3:BOOLEAN) -> [false]
08:17:48.556 [https-jsse-nio-8443-exec-8] TRACE org.hibernate.orm.jdbc.extract - extracted value (4:VARCHAR) -> [TRAIN]
08:17:48.556 [https-jsse-nio-8443-exec-8] DEBUG org.hibernate.SQL - 
    select
        csl1_0.parent_section_id,
        csl1_0.id,
        csl1_0.deleted,
        csl1_0.title 
    from
        section_table csl1_0 
    where
        csl1_0.parent_section_id=? 
        and (
            csl1_0.deleted = 0
        )
08:17:48.556 [https-jsse-nio-8443-exec-8] TRACE org.hibernate.orm.jdbc.bind - binding parameter (1:BIGINT) <- [7]
08:17:48.557 [https-jsse-nio-8443-exec-8] DEBUG org.hibernate.SQL - 
    select
        csl1_0.parent_section_id,
        csl1_0.id,
        csl1_0.deleted,
        csl1_0.title 
    from
        section_table csl1_0 
    where
        csl1_0.parent_section_id=? 
        and (
            csl1_0.deleted = 0
        )
08:17:48.557 [https-jsse-nio-8443-exec-8] TRACE org.hibernate.orm.jdbc.bind - binding parameter (1:BIGINT) <- [5]
08:17:48.558 [https-jsse-nio-8443-exec-8] DEBUG org.hibernate.SQL - 
    select
        csl1_0.parent_section_id,
        csl1_0.id,
        csl1_0.deleted,
        csl1_0.title 
    from
        section_table csl1_0 
    where
        csl1_0.parent_section_id=? 
        and (
            csl1_0.deleted = 0
        )
08:17:48.558 [https-jsse-nio-8443-exec-8] TRACE org.hibernate.orm.jdbc.bind - binding parameter (1:BIGINT) <- [4]
08:17:48.559 [https-jsse-nio-8443-exec-8] DEBUG org.hibernate.SQL - 
    select
        csl1_0.parent_section_id,
        csl1_0.id,
        csl1_0.deleted,
        csl1_0.title 
    from
        section_table csl1_0 
    where
        csl1_0.parent_section_id=? 
        and (
            csl1_0.deleted = 0
        )
08:17:48.559 [https-jsse-nio-8443-exec-8] TRACE org.hibernate.orm.jdbc.bind - binding parameter (1:BIGINT) <- [2]
08:17:48.560 [https-jsse-nio-8443-exec-8] DEBUG o.h.e.t.internal.TransactionImpl - committing
08:17:48.561 [https-jsse-nio-8443-exec-8] DEBUG o.s.jdbc.datasource.DataSourceUtils - Resetting read-only flag of JDBC Connection [HikariProxyConnection@921197534 wrapping oracle.jdbc.driver.T4CConnection@5f8cb559]
08:17:48.561 [https-jsse-nio-8443-exec-8] INFO  i.c.exception.ResponseAspect - Web Controller: showTicketMessages
08:17:48.576 [https-jsse-nio-8443-exec-8] DEBUG org.hibernate.SQL - 
    select
        ml1_0.ticket_id,
        ml1_0.id,
        ml1_0.content,
        ml1_0.date_time,
        ml1_0.deleted,
        ml1_0.sender_role_name,
        ml1_0.sender_username,
        ml1_0.username 
    from
        message_tbl ml1_0 
    where
        ml1_0.ticket_id=? 
        and (
            ml1_0.deleted = 0
        )
08:17:48.577 [https-jsse-nio-8443-exec-8] TRACE org.hibernate.orm.jdbc.bind - binding parameter (1:BIGINT) <- [5]
08:17:48.585 [https-jsse-nio-8443-exec-8] TRACE org.hibernate.orm.jdbc.extract - extracted value (1:BIGINT) -> [5]
08:17:48.585 [https-jsse-nio-8443-exec-8] TRACE org.hibernate.orm.jdbc.extract - extracted value (2:BIGINT) -> [5]
08:17:48.585 [https-jsse-nio-8443-exec-8] TRACE org.hibernate.orm.jdbc.extract - extracted value (8:VARCHAR) -> [ali]
08:17:48.585 [https-jsse-nio-8443-exec-8] TRACE org.hibernate.orm.jdbc.extract - extracted value (3:VARCHAR) -> [3rd test]
08:17:48.585 [https-jsse-nio-8443-exec-8] TRACE org.hibernate.orm.jdbc.extract - extracted value (4:TIMESTAMP) -> [2025-08-17T21:13:01.507736]
08:17:48.586 [https-jsse-nio-8443-exec-8] TRACE org.hibernate.orm.jdbc.extract - extracted value (5:BOOLEAN) -> [false]
08:17:48.586 [https-jsse-nio-8443-exec-8] TRACE org.hibernate.orm.jdbc.extract - extracted value (6:VARCHAR) -> [ROLE_CUSTOMER]
08:17:48.586 [https-jsse-nio-8443-exec-8] TRACE org.hibernate.orm.jdbc.extract - extracted value (7:VARCHAR) -> [ali]
08:17:48.604 [https-jsse-nio-8443-exec-2] DEBUG o.s.security.web.FilterChainProxy - Securing GET /css/reset.css
08:17:48.604 [https-jsse-nio-8443-exec-2] DEBUG o.s.s.w.a.c.ChannelProcessingFilter - Request: filter invocation [GET /css/reset.css]; ConfigAttributes: [REQUIRES_SECURE_CHANNEL]
08:17:48.605 [https-jsse-nio-8443-exec-2] DEBUG o.s.security.web.FilterChainProxy - Secured GET /css/reset.css
08:17:48.607 [https-jsse-nio-8443-exec-2] DEBUG o.s.s.w.c.HttpSessionSecurityContextRepository - Retrieved SecurityContextImpl [Authentication=UsernamePasswordAuthenticationToken [Principal=ir.model.entity.CustomUserDetails@1a88c3b8, Credentials=[PROTECTED], Authenticated=true, Details=WebAuthenticationDetails [RemoteIpAddress=0:0:0:0:0:0:0:1, SessionId=6590EDA7D1BB36FB06EF4EBE5988FA5A], Granted Authorities=[TICKET_EDIT, ROLE_ADMIN, TICKET_DELETE, TICKET_CREATE]]]
08:17:48.610 [https-jsse-nio-8443-exec-7] DEBUG o.s.security.web.FilterChainProxy - Securing GET /css/fontawesome.css
08:17:48.610 [https-jsse-nio-8443-exec-3] DEBUG o.s.security.web.FilterChainProxy - Securing GET /css/toast.css
08:17:48.610 [https-jsse-nio-8443-exec-5] DEBUG o.s.security.web.FilterChainProxy - Securing GET /css/bootstrap.min.css
08:17:48.610 [https-jsse-nio-8443-exec-3] DEBUG o.s.s.w.a.c.ChannelProcessingFilter - Request: filter invocation [GET /css/toast.css]; ConfigAttributes: [REQUIRES_SECURE_CHANNEL]
08:17:48.610 [https-jsse-nio-8443-exec-5] DEBUG o.s.s.w.a.c.ChannelProcessingFilter - Request: filter invocation [GET /css/bootstrap.min.css]; ConfigAttributes: [REQUIRES_SECURE_CHANNEL]
08:17:48.610 [https-jsse-nio-8443-exec-4] DEBUG o.s.security.web.FilterChainProxy - Securing GET /css/fonts.min.css
08:17:48.610 [https-jsse-nio-8443-exec-5] DEBUG o.s.security.web.FilterChainProxy - Secured GET /css/bootstrap.min.css
08:17:48.611 [https-jsse-nio-8443-exec-7] DEBUG o.s.s.w.a.c.ChannelProcessingFilter - Request: filter invocation [GET /css/fontawesome.css]; ConfigAttributes: [REQUIRES_SECURE_CHANNEL]
08:17:48.611 [https-jsse-nio-8443-exec-4] DEBUG o.s.s.w.a.c.ChannelProcessingFilter - Request: filter invocation [GET /css/fonts.min.css]; ConfigAttributes: [REQUIRES_SECURE_CHANNEL]
08:17:48.611 [https-jsse-nio-8443-exec-3] DEBUG o.s.security.web.FilterChainProxy - Secured GET /css/toast.css
08:17:48.611 [https-jsse-nio-8443-exec-10] DEBUG o.s.security.web.FilterChainProxy - Securing GET /css/styles.css
08:17:48.611 [https-jsse-nio-8443-exec-7] DEBUG o.s.security.web.FilterChainProxy - Secured GET /css/fontawesome.css
08:17:48.611 [https-jsse-nio-8443-exec-10] DEBUG o.s.s.w.a.c.ChannelProcessingFilter - Request: filter invocation [GET /css/styles.css]; ConfigAttributes: [REQUIRES_SECURE_CHANNEL]
08:17:48.611 [https-jsse-nio-8443-exec-4] DEBUG o.s.security.web.FilterChainProxy - Secured GET /css/fonts.min.css
08:17:48.612 [https-jsse-nio-8443-exec-10] DEBUG o.s.security.web.FilterChainProxy - Secured GET /css/styles.css
08:17:48.612 [https-jsse-nio-8443-exec-6] DEBUG o.s.security.web.FilterChainProxy - Securing GET /icons/mftlogo.png
08:17:48.612 [https-jsse-nio-8443-exec-6] DEBUG o.s.s.w.a.c.ChannelProcessingFilter - Request: filter invocation [GET /icons/mftlogo.png]; ConfigAttributes: [REQUIRES_SECURE_CHANNEL]
08:17:48.613 [https-jsse-nio-8443-exec-6] DEBUG o.s.security.web.FilterChainProxy - Secured GET /icons/mftlogo.png
08:17:48.613 [https-jsse-nio-8443-exec-4] DEBUG o.s.s.w.c.HttpSessionSecurityContextRepository - Retrieved SecurityContextImpl [Authentication=UsernamePasswordAuthenticationToken [Principal=ir.model.entity.CustomUserDetails@1a88c3b8, Credentials=[PROTECTED], Authenticated=true, Details=WebAuthenticationDetails [RemoteIpAddress=0:0:0:0:0:0:0:1, SessionId=6590EDA7D1BB36FB06EF4EBE5988FA5A], Granted Authorities=[TICKET_EDIT, ROLE_ADMIN, TICKET_DELETE, TICKET_CREATE]]]
08:17:48.613 [https-jsse-nio-8443-exec-10] DEBUG o.s.s.w.c.HttpSessionSecurityContextRepository - Retrieved SecurityContextImpl [Authentication=UsernamePasswordAuthenticationToken [Principal=ir.model.entity.CustomUserDetails@1a88c3b8, Credentials=[PROTECTED], Authenticated=true, Details=WebAuthenticationDetails [RemoteIpAddress=0:0:0:0:0:0:0:1, SessionId=6590EDA7D1BB36FB06EF4EBE5988FA5A], Granted Authorities=[TICKET_EDIT, ROLE_ADMIN, TICKET_DELETE, TICKET_CREATE]]]
08:17:48.614 [https-jsse-nio-8443-exec-3] DEBUG o.s.s.w.c.HttpSessionSecurityContextRepository - Retrieved SecurityContextImpl [Authentication=UsernamePasswordAuthenticationToken [Principal=ir.model.entity.CustomUserDetails@1a88c3b8, Credentials=[PROTECTED], Authenticated=true, Details=WebAuthenticationDetails [RemoteIpAddress=0:0:0:0:0:0:0:1, SessionId=6590EDA7D1BB36FB06EF4EBE5988FA5A], Granted Authorities=[TICKET_EDIT, ROLE_ADMIN, TICKET_DELETE, TICKET_CREATE]]]
08:17:48.615 [https-jsse-nio-8443-exec-3] DEBUG o.s.security.web.FilterChainProxy - Securing GET /js/bootstrap.bundle.min.js
08:17:48.616 [https-jsse-nio-8443-exec-1] DEBUG o.s.security.web.FilterChainProxy - Securing GET /js/fontawesome.js
08:17:48.616 [https-jsse-nio-8443-exec-3] DEBUG o.s.s.w.a.c.ChannelProcessingFilter - Request: filter invocation [GET /js/bootstrap.bundle.min.js]; ConfigAttributes: [REQUIRES_SECURE_CHANNEL]
08:17:48.616 [https-jsse-nio-8443-exec-1] DEBUG o.s.s.w.a.c.ChannelProcessingFilter - Request: filter invocation [GET /js/fontawesome.js]; ConfigAttributes: [REQUIRES_SECURE_CHANNEL]
08:17:48.616 [https-jsse-nio-8443-exec-9] DEBUG o.s.security.web.FilterChainProxy - Securing GET /js/toast.js
08:17:48.616 [https-jsse-nio-8443-exec-9] DEBUG o.s.s.w.a.c.ChannelProcessingFilter - Request: filter invocation [GET /js/toast.js]; ConfigAttributes: [REQUIRES_SECURE_CHANNEL]
08:17:48.616 [https-jsse-nio-8443-exec-1] DEBUG o.s.security.web.FilterChainProxy - Secured GET /js/fontawesome.js
08:17:48.616 [https-jsse-nio-8443-exec-3] DEBUG o.s.security.web.FilterChainProxy - Secured GET /js/bootstrap.bundle.min.js
08:17:48.616 [https-jsse-nio-8443-exec-9] DEBUG o.s.security.web.FilterChainProxy - Secured GET /js/toast.js
08:17:48.617 [https-jsse-nio-8443-exec-6] DEBUG o.s.s.w.c.HttpSessionSecurityContextRepository - Retrieved SecurityContextImpl [Authentication=UsernamePasswordAuthenticationToken [Principal=ir.model.entity.CustomUserDetails@1a88c3b8, Credentials=[PROTECTED], Authenticated=true, Details=WebAuthenticationDetails [RemoteIpAddress=0:0:0:0:0:0:0:1, SessionId=6590EDA7D1BB36FB06EF4EBE5988FA5A], Granted Authorities=[TICKET_EDIT, ROLE_ADMIN, TICKET_DELETE, TICKET_CREATE]]]
08:17:48.618 [https-jsse-nio-8443-exec-9] DEBUG o.s.s.w.c.HttpSessionSecurityContextRepository - Retrieved SecurityContextImpl [Authentication=UsernamePasswordAuthenticationToken [Principal=ir.model.entity.CustomUserDetails@1a88c3b8, Credentials=[PROTECTED], Authenticated=true, Details=WebAuthenticationDetails [RemoteIpAddress=0:0:0:0:0:0:0:1, SessionId=6590EDA7D1BB36FB06EF4EBE5988FA5A], Granted Authorities=[TICKET_EDIT, ROLE_ADMIN, TICKET_DELETE, TICKET_CREATE]]]
08:17:48.620 [https-jsse-nio-8443-exec-6] DEBUG o.s.security.web.FilterChainProxy - Securing GET /js/script.js
08:17:48.620 [https-jsse-nio-8443-exec-8] DEBUG o.s.security.web.FilterChainProxy - Securing GET /js/messages.js
08:17:48.620 [https-jsse-nio-8443-exec-8] DEBUG o.s.s.w.a.c.ChannelProcessingFilter - Request: filter invocation [GET /js/messages.js]; ConfigAttributes: [REQUIRES_SECURE_CHANNEL]
08:17:48.620 [https-jsse-nio-8443-exec-6] DEBUG o.s.s.w.a.c.ChannelProcessingFilter - Request: filter invocation [GET /js/script.js]; ConfigAttributes: [REQUIRES_SECURE_CHANNEL]
08:17:48.620 [https-jsse-nio-8443-exec-8] DEBUG o.s.security.web.FilterChainProxy - Secured GET /js/messages.js
08:17:48.620 [https-jsse-nio-8443-exec-6] DEBUG o.s.security.web.FilterChainProxy - Secured GET /js/script.js
08:17:48.622 [https-jsse-nio-8443-exec-8] DEBUG o.s.s.w.c.HttpSessionSecurityContextRepository - Retrieved SecurityContextImpl [Authentication=UsernamePasswordAuthenticationToken [Principal=ir.model.entity.CustomUserDetails@1a88c3b8, Credentials=[PROTECTED], Authenticated=true, Details=WebAuthenticationDetails [RemoteIpAddress=0:0:0:0:0:0:0:1, SessionId=6590EDA7D1BB36FB06EF4EBE5988FA5A], Granted Authorities=[TICKET_EDIT, ROLE_ADMIN, TICKET_DELETE, TICKET_CREATE]]]
08:17:48.622 [https-jsse-nio-8443-exec-6] DEBUG o.s.s.w.c.HttpSessionSecurityContextRepository - Retrieved SecurityContextImpl [Authentication=UsernamePasswordAuthenticationToken [Principal=ir.model.entity.CustomUserDetails@1a88c3b8, Credentials=[PROTECTED], Authenticated=true, Details=WebAuthenticationDetails [RemoteIpAddress=0:0:0:0:0:0:0:1, SessionId=6590EDA7D1BB36FB06EF4EBE5988FA5A], Granted Authorities=[TICKET_EDIT, ROLE_ADMIN, TICKET_DELETE, TICKET_CREATE]]]
08:17:48.623 [https-jsse-nio-8443-exec-8] DEBUG o.s.security.web.FilterChainProxy - Securing GET /error
08:17:48.623 [https-jsse-nio-8443-exec-8] DEBUG o.s.s.w.a.c.ChannelProcessingFilter - Request: filter invocation [GET /error]; ConfigAttributes: [REQUIRES_SECURE_CHANNEL]
08:17:48.623 [https-jsse-nio-8443-exec-8] DEBUG o.s.s.w.c.HttpSessionSecurityContextRepository - Retrieved SecurityContextImpl [Authentication=UsernamePasswordAuthenticationToken [Principal=ir.model.entity.CustomUserDetails@1a88c3b8, Credentials=[PROTECTED], Authenticated=true, Details=WebAuthenticationDetails [RemoteIpAddress=0:0:0:0:0:0:0:1, SessionId=6590EDA7D1BB36FB06EF4EBE5988FA5A], Granted Authorities=[TICKET_EDIT, ROLE_ADMIN, TICKET_DELETE, TICKET_CREATE]]]
08:17:48.624 [https-jsse-nio-8443-exec-8] DEBUG o.s.security.web.FilterChainProxy - Secured GET /error
08:17:48.625 [https-jsse-nio-8443-exec-3] DEBUG o.s.s.w.c.HttpSessionSecurityContextRepository - Retrieved SecurityContextImpl [Authentication=UsernamePasswordAuthenticationToken [Principal=ir.model.entity.CustomUserDetails@1a88c3b8, Credentials=[PROTECTED], Authenticated=true, Details=WebAuthenticationDetails [RemoteIpAddress=0:0:0:0:0:0:0:1, SessionId=6590EDA7D1BB36FB06EF4EBE5988FA5A], Granted Authorities=[TICKET_EDIT, ROLE_ADMIN, TICKET_DELETE, TICKET_CREATE]]]
08:17:48.631 [https-jsse-nio-8443-exec-5] DEBUG o.s.s.w.c.HttpSessionSecurityContextRepository - Retrieved SecurityContextImpl [Authentication=UsernamePasswordAuthenticationToken [Principal=ir.model.entity.CustomUserDetails@1a88c3b8, Credentials=[PROTECTED], Authenticated=true, Details=WebAuthenticationDetails [RemoteIpAddress=0:0:0:0:0:0:0:1, SessionId=6590EDA7D1BB36FB06EF4EBE5988FA5A], Granted Authorities=[TICKET_EDIT, ROLE_ADMIN, TICKET_DELETE, TICKET_CREATE]]]
08:17:48.655 [https-jsse-nio-8443-exec-7] DEBUG o.s.s.w.c.HttpSessionSecurityContextRepository - Retrieved SecurityContextImpl [Authentication=UsernamePasswordAuthenticationToken [Principal=ir.model.entity.CustomUserDetails@1a88c3b8, Credentials=[PROTECTED], Authenticated=true, Details=WebAuthenticationDetails [RemoteIpAddress=0:0:0:0:0:0:0:1, SessionId=6590EDA7D1BB36FB06EF4EBE5988FA5A], Granted Authorities=[TICKET_EDIT, ROLE_ADMIN, TICKET_DELETE, TICKET_CREATE]]]
08:17:48.694 [https-jsse-nio-8443-exec-2] DEBUG o.s.security.web.FilterChainProxy - Securing GET /webfonts/fa-solid-900.woff2
08:17:48.694 [https-jsse-nio-8443-exec-4] DEBUG o.s.security.web.FilterChainProxy - Securing GET /webfonts/fa-brands-400.woff2
08:17:48.694 [https-jsse-nio-8443-exec-2] DEBUG o.s.s.w.a.c.ChannelProcessingFilter - Request: filter invocation [GET /webfonts/fa-solid-900.woff2]; ConfigAttributes: [REQUIRES_SECURE_CHANNEL]
08:17:48.694 [https-jsse-nio-8443-exec-4] DEBUG o.s.s.w.a.c.ChannelProcessingFilter - Request: filter invocation [GET /webfonts/fa-brands-400.woff2]; ConfigAttributes: [REQUIRES_SECURE_CHANNEL]
08:17:48.695 [https-jsse-nio-8443-exec-4] DEBUG o.s.s.w.c.HttpSessionSecurityContextRepository - Retrieved SecurityContextImpl [Authentication=UsernamePasswordAuthenticationToken [Principal=ir.model.entity.CustomUserDetails@1a88c3b8, Credentials=[PROTECTED], Authenticated=true, Details=WebAuthenticationDetails [RemoteIpAddress=0:0:0:0:0:0:0:1, SessionId=6590EDA7D1BB36FB06EF4EBE5988FA5A], Granted Authorities=[TICKET_EDIT, ROLE_ADMIN, TICKET_DELETE, TICKET_CREATE]]]
08:17:48.695 [https-jsse-nio-8443-exec-2] DEBUG o.s.s.w.c.HttpSessionSecurityContextRepository - Retrieved SecurityContextImpl [Authentication=UsernamePasswordAuthenticationToken [Principal=ir.model.entity.CustomUserDetails@1a88c3b8, Credentials=[PROTECTED], Authenticated=true, Details=WebAuthenticationDetails [RemoteIpAddress=0:0:0:0:0:0:0:1, SessionId=6590EDA7D1BB36FB06EF4EBE5988FA5A], Granted Authorities=[TICKET_EDIT, ROLE_ADMIN, TICKET_DELETE, TICKET_CREATE]]]
08:17:48.695 [https-jsse-nio-8443-exec-4] DEBUG o.s.security.web.FilterChainProxy - Secured GET /webfonts/fa-brands-400.woff2
08:17:48.695 [https-jsse-nio-8443-exec-2] DEBUG o.s.security.web.FilterChainProxy - Secured GET /webfonts/fa-solid-900.woff2
08:17:49.430 [https-jsse-nio-8443-exec-1] DEBUG o.s.s.w.c.HttpSessionSecurityContextRepository - Retrieved SecurityContextImpl [Authentication=UsernamePasswordAuthenticationToken [Principal=ir.model.entity.CustomUserDetails@1a88c3b8, Credentials=[PROTECTED], Authenticated=true, Details=WebAuthenticationDetails [RemoteIpAddress=0:0:0:0:0:0:0:1, SessionId=6590EDA7D1BB36FB06EF4EBE5988FA5A], Granted Authorities=[TICKET_EDIT, ROLE_ADMIN, TICKET_DELETE, TICKET_CREATE]]]
08:17:50.484 [RMI TCP Connection(3)-192.168.1.152] WARN  o.s.b.a.d.mongo.MongoHealthIndicator - MongoDB health check failed
org.springframework.dao.DataAccessResourceFailureException: Timed out while waiting for a server that matches ReadPreferenceServerSelector{readPreference=primary}. Client view of cluster state is {type=UNKNOWN, servers=[{address=localhost:27017, type=UNKNOWN, state=CONNECTING, exception={com.mongodb.MongoSocketOpenException: Exception opening socket}, caused by {java.net.ConnectException: Connection refused: no further information}}]
	at org.springframework.data.mongodb.core.MongoExceptionTranslator.doTranslateException(MongoExceptionTranslator.java:97)
	at org.springframework.data.mongodb.core.MongoExceptionTranslator.translateExceptionIfPossible(MongoExceptionTranslator.java:74)
	at org.springframework.data.mongodb.core.MongoTemplate.potentiallyConvertRuntimeException(MongoTemplate.java:3009)
	at org.springframework.data.mongodb.core.MongoTemplate.execute(MongoTemplate.java:584)
	at org.springframework.data.mongodb.core.MongoTemplate.executeCommand(MongoTemplate.java:516)
	at org.springframework.boot.actuate.data.mongo.MongoHealthIndicator.doHealthCheck(MongoHealthIndicator.java:46)
	at org.springframework.boot.actuate.health.AbstractHealthIndicator.health(AbstractHealthIndicator.java:82)
	at org.springframework.boot.actuate.health.HealthIndicator.getHealth(HealthIndicator.java:37)
	at org.springframework.boot.actuate.health.HealthEndpoint.getHealth(HealthEndpoint.java:82)
	at org.springframework.boot.actuate.health.HealthEndpoint.getHealth(HealthEndpoint.java:41)
	at org.springframework.boot.actuate.health.HealthEndpointSupport.getLoggedHealth(HealthEndpointSupport.java:172)
	at org.springframework.boot.actuate.health.HealthEndpointSupport.getContribution(HealthEndpointSupport.java:145)
	at org.springframework.boot.actuate.health.HealthEndpointSupport.getAggregateContribution(HealthEndpointSupport.java:156)
	at org.springframework.boot.actuate.health.HealthEndpointSupport.getContribution(HealthEndpointSupport.java:141)
	at org.springframework.boot.actuate.health.HealthEndpointSupport.getHealth(HealthEndpointSupport.java:110)
	at org.springframework.boot.actuate.health.HealthEndpointSupport.getHealth(HealthEndpointSupport.java:81)
	at org.springframework.boot.actuate.health.HealthEndpoint.health(HealthEndpoint.java:76)
	at org.springframework.boot.actuate.health.HealthEndpoint.health(HealthEndpoint.java:66)
	at java.base/jdk.internal.reflect.NativeMethodAccessorImpl.invoke0(Native Method)
	at java.base/jdk.internal.reflect.NativeMethodAccessorImpl.invoke(NativeMethodAccessorImpl.java:77)
	at java.base/jdk.internal.reflect.DelegatingMethodAccessorImpl.invoke(DelegatingMethodAccessorImpl.java:43)
	at java.base/java.lang.reflect.Method.invoke(Method.java:568)
	at org.springframework.util.ReflectionUtils.invokeMethod(ReflectionUtils.java:281)
	at org.springframework.boot.actuate.endpoint.invoke.reflect.ReflectiveOperationInvoker.invoke(ReflectiveOperationInvoker.java:74)
	at org.springframework.boot.actuate.endpoint.annotation.AbstractDiscoveredOperation.invoke(AbstractDiscoveredOperation.java:60)
	at org.springframework.boot.actuate.endpoint.jmx.EndpointMBean.invoke(EndpointMBean.java:124)
	at org.springframework.boot.actuate.endpoint.jmx.EndpointMBean.invoke(EndpointMBean.java:97)
	at java.management/com.sun.jmx.interceptor.DefaultMBeanServerInterceptor.invoke(DefaultMBeanServerInterceptor.java:814)
	at java.management/com.sun.jmx.mbeanserver.JmxMBeanServer.invoke(JmxMBeanServer.java:802)
	at java.management.rmi/javax.management.remote.rmi.RMIConnectionImpl.doOperation(RMIConnectionImpl.java:1472)
	at java.management.rmi/javax.management.remote.rmi.RMIConnectionImpl$PrivilegedOperation.run(RMIConnectionImpl.java:1310)
	at java.management.rmi/javax.management.remote.rmi.RMIConnectionImpl.doPrivilegedOperation(RMIConnectionImpl.java:1405)
	at java.management.rmi/javax.management.remote.rmi.RMIConnectionImpl.invoke(RMIConnectionImpl.java:829)
	at java.base/jdk.internal.reflect.GeneratedMethodAccessor58.invoke(Unknown Source)
	at java.base/jdk.internal.reflect.DelegatingMethodAccessorImpl.invoke(DelegatingMethodAccessorImpl.java:43)
	at java.base/java.lang.reflect.Method.invoke(Method.java:568)
	at java.rmi/sun.rmi.server.UnicastServerRef.dispatch(UnicastServerRef.java:360)
	at java.rmi/sun.rmi.transport.Transport$1.run(Transport.java:200)
	at java.rmi/sun.rmi.transport.Transport$1.run(Transport.java:197)
	at java.base/java.security.AccessController.doPrivileged(AccessController.java:712)
	at java.rmi/sun.rmi.transport.Transport.serviceCall(Transport.java:196)
	at java.rmi/sun.rmi.transport.tcp.TCPTransport.handleMessages(TCPTransport.java:587)
	at java.rmi/sun.rmi.transport.tcp.TCPTransport$ConnectionHandler.run0(TCPTransport.java:828)
	at java.rmi/sun.rmi.transport.tcp.TCPTransport$ConnectionHandler.lambda$run$0(TCPTransport.java:705)
	at java.base/java.security.AccessController.doPrivileged(AccessController.java:399)
	at java.rmi/sun.rmi.transport.tcp.TCPTransport$ConnectionHandler.run(TCPTransport.java:704)
	at java.base/java.util.concurrent.ThreadPoolExecutor.runWorker(ThreadPoolExecutor.java:1136)
	at java.base/java.util.concurrent.ThreadPoolExecutor$Worker.run(ThreadPoolExecutor.java:635)
	at java.base/java.lang.Thread.run(Thread.java:842)
Caused by: com.mongodb.MongoTimeoutException: Timed out while waiting for a server that matches ReadPreferenceServerSelector{readPreference=primary}. Client view of cluster state is {type=UNKNOWN, servers=[{address=localhost:27017, type=UNKNOWN, state=CONNECTING, exception={com.mongodb.MongoSocketOpenException: Exception opening socket}, caused by {java.net.ConnectException: Connection refused: no further information}}]
	at com.mongodb.internal.connection.BaseCluster.logAndThrowTimeoutException(BaseCluster.java:427)
	at com.mongodb.internal.connection.BaseCluster.lambda$selectServer$0(BaseCluster.java:154)
	at com.mongodb.internal.time.Timeout.lambda$onExistsAndExpired$16(Timeout.java:236)
	at com.mongodb.internal.time.Timeout.lambda$run$10(Timeout.java:201)
	at com.mongodb.internal.time.TimePoint.checkedCall(TimePoint.java:98)
	at com.mongodb.internal.time.Timeout.call(Timeout.java:174)
	at com.mongodb.internal.time.Timeout.run(Timeout.java:194)
	at com.mongodb.internal.time.Timeout.onExistsAndExpired(Timeout.java:233)
	at com.mongodb.internal.time.Timeout.onExpired(Timeout.java:226)
	at com.mongodb.internal.connection.BaseCluster.selectServer(BaseCluster.java:153)
	at com.mongodb.internal.connection.SingleServerCluster.selectServer(SingleServerCluster.java:47)
	at com.mongodb.internal.binding.ClusterBinding.getReadConnectionSource(ClusterBinding.java:82)
	at com.mongodb.client.internal.ClientSessionBinding.getConnectionSource(ClientSessionBinding.java:108)
	at com.mongodb.client.internal.ClientSessionBinding.getReadConnectionSource(ClientSessionBinding.java:88)
	at com.mongodb.internal.operation.SyncOperationHelper.withSuppliedResource(SyncOperationHelper.java:148)
	at com.mongodb.internal.operation.SyncOperationHelper.withSourceAndConnection(SyncOperationHelper.java:129)
	at com.mongodb.internal.operation.SyncOperationHelper.lambda$executeRetryableRead$4(SyncOperationHelper.java:195)
	at com.mongodb.internal.operation.SyncOperationHelper.lambda$decorateReadWithRetries$13(SyncOperationHelper.java:317)
	at com.mongodb.internal.async.function.RetryingSyncSupplier.get(RetryingSyncSupplier.java:67)
	at com.mongodb.internal.operation.SyncOperationHelper.executeRetryableRead(SyncOperationHelper.java:201)
	at com.mongodb.internal.operation.SyncOperationHelper.executeRetryableRead(SyncOperationHelper.java:180)
	at com.mongodb.internal.operation.CommandReadOperation.execute(CommandReadOperation.java:52)
	at com.mongodb.client.internal.MongoClusterImpl$OperationExecutorImpl.execute(MongoClusterImpl.java:358)
	at com.mongodb.client.internal.MongoDatabaseImpl.executeCommand(MongoDatabaseImpl.java:215)
	at com.mongodb.client.internal.MongoDatabaseImpl.runCommand(MongoDatabaseImpl.java:184)
	at com.mongodb.client.internal.MongoDatabaseImpl.runCommand(MongoDatabaseImpl.java:179)
	at org.springframework.data.mongodb.core.MongoTemplate.lambda$executeCommand$3(MongoTemplate.java:516)
	at org.springframework.data.mongodb.core.MongoTemplate.execute(MongoTemplate.java:582)
	... 45 common frames omitted
08:17:50.486 [RMI TCP Connection(3)-192.168.1.152] WARN  o.s.b.a.health.HealthEndpointSupport - Health contributor org.springframework.boot.actuate.data.mongo.MongoHealthIndicator (mongo) took 30038ms to respond
08:17:50.489 [RMI TCP Connection(3)-192.168.1.152] DEBUG o.s.jdbc.datasource.DataSourceUtils - Fetching JDBC Connection from DataSource
08:17:50.494 [RMI TCP Connection(3)-192.168.1.152] DEBUG o.s.jdbc.datasource.DataSourceUtils - Fetching JDBC Connection from DataSource
08:17:50.965 [boundedElastic-1] WARN  o.s.b.a.d.r.RedisReactiveHealthIndicator - Redis health check failed
org.springframework.data.redis.RedisConnectionFailureException: Unable to connect to Redis
	at org.springframework.data.redis.connection.lettuce.LettuceConnectionFactory$ExceptionTranslatingConnectionProvider.translateException(LettuceConnectionFactory.java:1858)
	at org.springframework.data.redis.connection.lettuce.LettuceConnectionFactory$ExceptionTranslatingConnectionProvider.getConnection(LettuceConnectionFactory.java:1789)
	at org.springframework.data.redis.connection.lettuce.LettuceConnectionFactory$SharedConnection.getNativeConnection(LettuceConnectionFactory.java:1586)
	at org.springframework.data.redis.connection.lettuce.LettuceConnectionFactory$SharedConnection.lambda$getConnection$0(LettuceConnectionFactory.java:1566)
	at org.springframework.data.redis.connection.lettuce.LettuceConnectionFactory.doInLock(LettuceConnectionFactory.java:1527)
	at org.springframework.data.redis.connection.lettuce.LettuceConnectionFactory$SharedConnection.getConnection(LettuceConnectionFactory.java:1563)
	at org.springframework.data.redis.connection.lettuce.LettuceConnectionFactory.getSharedReactiveConnection(LettuceConnectionFactory.java:1274)
	at org.springframework.data.redis.connection.lettuce.LettuceConnectionFactory.getReactiveConnection(LettuceConnectionFactory.java:1149)
	at org.springframework.data.redis.connection.lettuce.LettuceConnectionFactory.getReactiveConnection(LettuceConnectionFactory.java:120)
	at reactor.core.publisher.MonoSupplier.call(MonoSupplier.java:67)
	at reactor.core.publisher.FluxSubscribeOnCallable$CallableSubscribeOnSubscription.run(FluxSubscribeOnCallable.java:228)
	at reactor.core.scheduler.SchedulerTask.call(SchedulerTask.java:68)
	at reactor.core.scheduler.SchedulerTask.call(SchedulerTask.java:28)
	at java.base/java.util.concurrent.FutureTask.run(FutureTask.java:264)
	at java.base/java.util.concurrent.ScheduledThreadPoolExecutor$ScheduledFutureTask.run(ScheduledThreadPoolExecutor.java:304)
	at java.base/java.util.concurrent.ThreadPoolExecutor.runWorker(ThreadPoolExecutor.java:1136)
	at java.base/java.util.concurrent.ThreadPoolExecutor$Worker.run(ThreadPoolExecutor.java:635)
	at java.base/java.lang.Thread.run(Thread.java:842)
Caused by: io.lettuce.core.RedisConnectionException: Unable to connect to localhost/<unresolved>:6379
	at io.lettuce.core.RedisConnectionException.create(RedisConnectionException.java:63)
	at io.lettuce.core.RedisConnectionException.create(RedisConnectionException.java:41)
	at io.lettuce.core.AbstractRedisClient.getConnection(AbstractRedisClient.java:354)
	at io.lettuce.core.RedisClient.connect(RedisClient.java:219)
	at org.springframework.data.redis.connection.lettuce.StandaloneConnectionProvider.lambda$getConnection$1(StandaloneConnectionProvider.java:112)
	at java.base/java.util.Optional.orElseGet(Optional.java:364)
	at org.springframework.data.redis.connection.lettuce.StandaloneConnectionProvider.getConnection(StandaloneConnectionProvider.java:112)
	at org.springframework.data.redis.connection.lettuce.LettuceConnectionFactory$ExceptionTranslatingConnectionProvider.getConnection(LettuceConnectionFactory.java:1787)
	... 16 common frames omitted
Caused by: io.netty.channel.AbstractChannel$AnnotatedConnectException: Connection refused: no further information: localhost/127.0.0.1:6379
Caused by: java.net.ConnectException: Connection refused: no further information
	at java.base/sun.nio.ch.Net.pollConnect(Native Method)
	at java.base/sun.nio.ch.Net.pollConnectNow(Net.java:672)
	at java.base/sun.nio.ch.SocketChannelImpl.finishConnect(SocketChannelImpl.java:946)
	at io.netty.channel.socket.nio.NioSocketChannel.doFinishConnect(NioSocketChannel.java:336)
	at io.netty.channel.nio.AbstractNioChannel$AbstractNioUnsafe.finishConnect(AbstractNioChannel.java:339)
	at io.netty.channel.nio.NioEventLoop.processSelectedKey(NioEventLoop.java:784)
	at io.netty.channel.nio.NioEventLoop.processSelectedKeysOptimized(NioEventLoop.java:732)
	at io.netty.channel.nio.NioEventLoop.processSelectedKeys(NioEventLoop.java:658)
	at io.netty.channel.nio.NioEventLoop.run(NioEventLoop.java:562)
	at io.netty.util.concurrent.SingleThreadEventExecutor$4.run(SingleThreadEventExecutor.java:998)
	at io.netty.util.internal.ThreadExecutorMap$2.run(ThreadExecutorMap.java:74)
	at io.netty.util.concurrent.FastThreadLocalRunnable.run(FastThreadLocalRunnable.java:30)
	at java.base/java.lang.Thread.run(Thread.java:842)
08:17:56.668 [https-jsse-nio-8443-exec-10] DEBUG o.s.security.web.FilterChainProxy - Securing GET /tickets
08:17:56.668 [https-jsse-nio-8443-exec-10] DEBUG o.s.s.w.a.c.ChannelProcessingFilter - Request: filter invocation [GET /tickets]; ConfigAttributes: [REQUIRES_SECURE_CHANNEL]
08:17:56.669 [https-jsse-nio-8443-exec-10] DEBUG o.s.s.w.c.HttpSessionSecurityContextRepository - Retrieved SecurityContextImpl [Authentication=UsernamePasswordAuthenticationToken [Principal=ir.model.entity.CustomUserDetails@1a88c3b8, Credentials=[PROTECTED], Authenticated=true, Details=WebAuthenticationDetails [RemoteIpAddress=0:0:0:0:0:0:0:1, SessionId=6590EDA7D1BB36FB06EF4EBE5988FA5A], Granted Authorities=[TICKET_EDIT, ROLE_ADMIN, TICKET_DELETE, TICKET_CREATE]]]
08:17:56.669 [https-jsse-nio-8443-exec-10] DEBUG o.s.security.web.FilterChainProxy - Secured GET /tickets
08:17:56.670 [https-jsse-nio-8443-exec-10] DEBUG o.s.jdbc.datasource.DataSourceUtils - Setting JDBC Connection [HikariProxyConnection@200370393 wrapping oracle.jdbc.driver.T4CConnection@5f8cb559] read-only
08:17:56.670 [https-jsse-nio-8443-exec-10] DEBUG o.h.e.t.internal.TransactionImpl - On TransactionImpl creation, JpaCompliance#isJpaTransactionComplianceEnabled == false
08:17:56.670 [https-jsse-nio-8443-exec-10] DEBUG o.h.e.t.internal.TransactionImpl - begin
08:17:56.672 [https-jsse-nio-8443-exec-10] DEBUG org.hibernate.SQL - 
    /* <criteria> */ select
        t1_0.id,
        t1_0.customer,
        t1_0.date_time,
        t1_0.deleted,
        t1_0.score,
        t1_0.section_id,
        t1_0.status,
        t1_0.title 
    from
        ticket_tbl t1_0 
    where
        (
            t1_0.deleted = 0
        ) 
        and 1=1 
    order by
        t1_0.date_time 
    offset
        ? rows 
    fetch
        first ? rows only
08:17:56.672 [https-jsse-nio-8443-exec-10] TRACE org.hibernate.orm.jdbc.bind - binding parameter (1:INTEGER) <- [0]
08:17:56.672 [https-jsse-nio-8443-exec-10] TRACE org.hibernate.orm.jdbc.bind - binding parameter (2:INTEGER) <- [10]
08:17:56.673 [https-jsse-nio-8443-exec-10] TRACE org.hibernate.orm.jdbc.extract - extracted value (1:BIGINT) -> [2]
08:17:56.673 [https-jsse-nio-8443-exec-10] TRACE org.hibernate.orm.jdbc.extract - extracted value (2:VARCHAR) -> [ali]
08:17:56.673 [https-jsse-nio-8443-exec-10] DEBUG org.hibernate.SQL - 
    select
        u1_0.username,
        u1_0.account_non_expired,
        u1_0.account_non_locked,
        u1_0.credentials_expiry_date,
        u1_0.credentials_non_expired,
        u1_0.deleted,
        u1_0.enabled,
        u1_0.password,
        rs1_0.username,
        rs1_1.name,
        rs1_1.deleted,
        ps1_0.role_name,
        ps1_1.id,
        ps1_1.deleted,
        ps1_1.permission 
    from
        user_tbl u1_0 
    left join
        (user_role_tbl rs1_0 
    join
        role_tbl rs1_1 
            on rs1_1.name=rs1_0.role_name) 
        on u1_0.username=rs1_0.username 
        and ( rs1_1.deleted = 0) 
    left join
        (role_permission_tbl ps1_0 
    join
        permission_tbl ps1_1 
            on ps1_1.id=ps1_0.permission) 
        on rs1_1.name=ps1_0.role_name 
        and ( ps1_1.deleted = 0) 
    where
        u1_0.username=? 
        and (
            u1_0.deleted = 0
        )
08:17:56.673 [https-jsse-nio-8443-exec-10] TRACE org.hibernate.orm.jdbc.bind - binding parameter (1:VARCHAR) <- [ali]
08:17:56.674 [https-jsse-nio-8443-exec-10] TRACE org.hibernate.orm.jdbc.extract - extracted value (9:VARCHAR) -> [ali]
08:17:56.674 [https-jsse-nio-8443-exec-10] TRACE org.hibernate.orm.jdbc.extract - extracted value (10:VARCHAR) -> [ROLE_ADMIN]
08:17:56.674 [https-jsse-nio-8443-exec-10] TRACE org.hibernate.orm.jdbc.extract - extracted value (12:VARCHAR) -> [ROLE_ADMIN]
08:17:56.674 [https-jsse-nio-8443-exec-10] TRACE org.hibernate.orm.jdbc.extract - extracted value (13:BIGINT) -> [3]
08:17:56.674 [https-jsse-nio-8443-exec-10] TRACE org.hibernate.orm.jdbc.extract - extracted value (14:BOOLEAN) -> [false]
08:17:56.674 [https-jsse-nio-8443-exec-10] TRACE org.hibernate.orm.jdbc.extract - extracted value (15:VARCHAR) -> [TICKET_EDIT]
08:17:56.674 [https-jsse-nio-8443-exec-10] TRACE org.hibernate.orm.jdbc.extract - extracted value (11:BOOLEAN) -> [false]
08:17:56.675 [https-jsse-nio-8443-exec-10] TRACE org.hibernate.orm.jdbc.extract - extracted value (2:BOOLEAN) -> [true]
08:17:56.675 [https-jsse-nio-8443-exec-10] TRACE org.hibernate.orm.jdbc.extract - extracted value (3:BOOLEAN) -> [true]
08:17:56.675 [https-jsse-nio-8443-exec-10] TRACE org.hibernate.orm.jdbc.extract - extracted value (4:TIMESTAMP) -> [2026-02-15T12:09:59.147750]
08:17:56.675 [https-jsse-nio-8443-exec-10] TRACE org.hibernate.orm.jdbc.extract - extracted value (5:BOOLEAN) -> [true]
08:17:56.675 [https-jsse-nio-8443-exec-10] TRACE org.hibernate.orm.jdbc.extract - extracted value (6:BOOLEAN) -> [false]
08:17:56.675 [https-jsse-nio-8443-exec-10] TRACE org.hibernate.orm.jdbc.extract - extracted value (7:BOOLEAN) -> [true]
08:17:56.675 [https-jsse-nio-8443-exec-10] TRACE org.hibernate.orm.jdbc.extract - extracted value (8:VARCHAR) -> [$2a$12$bkc9M5.5k8h.ROXdCI2/C.8SwxJ3Deo/KRSLcUqhWVAO2P5IFakGe]
08:17:56.675 [https-jsse-nio-8443-exec-10] TRACE org.hibernate.orm.jdbc.extract - extracted value (10:VARCHAR) -> [ROLE_ADMIN]
08:17:56.675 [https-jsse-nio-8443-exec-10] TRACE org.hibernate.orm.jdbc.extract - extracted value (13:BIGINT) -> [4]
08:17:56.675 [https-jsse-nio-8443-exec-10] TRACE org.hibernate.orm.jdbc.extract - extracted value (14:BOOLEAN) -> [false]
08:17:56.675 [https-jsse-nio-8443-exec-10] TRACE org.hibernate.orm.jdbc.extract - extracted value (15:VARCHAR) -> [TICKET_DELETE]
08:17:56.675 [https-jsse-nio-8443-exec-10] TRACE org.hibernate.orm.jdbc.extract - extracted value (10:VARCHAR) -> [ROLE_ADMIN]
08:17:56.675 [https-jsse-nio-8443-exec-10] TRACE org.hibernate.orm.jdbc.extract - extracted value (13:BIGINT) -> [5]
08:17:56.675 [https-jsse-nio-8443-exec-10] TRACE org.hibernate.orm.jdbc.extract - extracted value (14:BOOLEAN) -> [false]
08:17:56.675 [https-jsse-nio-8443-exec-10] TRACE org.hibernate.orm.jdbc.extract - extracted value (15:VARCHAR) -> [TICKET_CREATE]
08:17:56.676 [https-jsse-nio-8443-exec-10] TRACE org.hibernate.orm.jdbc.extract - extracted value (6:BIGINT) -> [3]
08:17:56.676 [https-jsse-nio-8443-exec-10] DEBUG org.hibernate.SQL - 
    select
        s1_0.id,
        s1_0.deleted,
        ps1_0.id,
        ps1_0.deleted,
        ps1_0.parent_section_id,
        ps1_0.title,
        s1_0.title,
        csl1_0.parent_section_id,
        csl1_0.id,
        csl1_0.deleted,
        csl1_0.title 
    from
        section_table s1_0 
    left join
        section_table ps1_0 
            on ps1_0.id=s1_0.parent_section_id 
            and (ps1_0.deleted = 0) 
    left join
        section_table csl1_0 
            on s1_0.id=csl1_0.parent_section_id 
            and (csl1_0.deleted = 0) 
    where
        s1_0.id=? 
        and (
            s1_0.deleted = 0
        )
08:17:56.676 [https-jsse-nio-8443-exec-10] TRACE org.hibernate.orm.jdbc.bind - binding parameter (1:BIGINT) <- [3]
08:17:56.677 [https-jsse-nio-8443-exec-10] TRACE org.hibernate.orm.jdbc.extract - extracted value (8:BIGINT) -> [3]
08:17:56.677 [https-jsse-nio-8443-exec-10] TRACE org.hibernate.orm.jdbc.extract - extracted value (9:BIGINT) -> [4]
08:17:56.677 [https-jsse-nio-8443-exec-10] TRACE org.hibernate.orm.jdbc.extract - extracted value (3:BIGINT) -> [1]
08:17:56.677 [https-jsse-nio-8443-exec-10] TRACE org.hibernate.orm.jdbc.extract - extracted value (5:BIGINT) -> [null]
08:17:56.677 [https-jsse-nio-8443-exec-10] TRACE org.hibernate.orm.jdbc.extract - extracted value (10:BOOLEAN) -> [false]
08:17:56.677 [https-jsse-nio-8443-exec-10] TRACE org.hibernate.orm.jdbc.extract - extracted value (11:VARCHAR) -> [BUS]
08:17:56.677 [https-jsse-nio-8443-exec-10] TRACE org.hibernate.orm.jdbc.extract - extracted value (4:BOOLEAN) -> [false]
08:17:56.677 [https-jsse-nio-8443-exec-10] TRACE org.hibernate.orm.jdbc.extract - extracted value (6:VARCHAR) -> [MAIN SECTION]
08:17:56.677 [https-jsse-nio-8443-exec-10] TRACE org.hibernate.orm.jdbc.extract - extracted value (2:BOOLEAN) -> [false]
08:17:56.677 [https-jsse-nio-8443-exec-10] TRACE org.hibernate.orm.jdbc.extract - extracted value (7:VARCHAR) -> [TRANSPORT]
08:17:56.677 [https-jsse-nio-8443-exec-10] TRACE org.hibernate.orm.jdbc.extract - extracted value (9:BIGINT) -> [5]
08:17:56.677 [https-jsse-nio-8443-exec-10] TRACE org.hibernate.orm.jdbc.extract - extracted value (10:BOOLEAN) -> [false]
08:17:56.677 [https-jsse-nio-8443-exec-10] TRACE org.hibernate.orm.jdbc.extract - extracted value (11:VARCHAR) -> [TAXI]
08:17:56.677 [https-jsse-nio-8443-exec-10] TRACE org.hibernate.orm.jdbc.extract - extracted value (9:BIGINT) -> [7]
08:17:56.677 [https-jsse-nio-8443-exec-10] TRACE org.hibernate.orm.jdbc.extract - extracted value (10:BOOLEAN) -> [false]
08:17:56.677 [https-jsse-nio-8443-exec-10] TRACE org.hibernate.orm.jdbc.extract - extracted value (11:VARCHAR) -> [TRAIN]
08:17:56.677 [https-jsse-nio-8443-exec-10] TRACE org.hibernate.orm.jdbc.extract - extracted value (3:TIMESTAMP) -> [2025-08-15T00:14:09.625]
08:17:56.677 [https-jsse-nio-8443-exec-10] TRACE org.hibernate.orm.jdbc.extract - extracted value (4:BOOLEAN) -> [false]
08:17:56.678 [https-jsse-nio-8443-exec-10] TRACE org.hibernate.orm.jdbc.extract - extracted value (5:INTEGER) -> [3]
08:17:56.678 [https-jsse-nio-8443-exec-10] TRACE org.hibernate.orm.jdbc.extract - extracted value (7:TINYINT) -> [NotSeen]
08:17:56.678 [https-jsse-nio-8443-exec-10] TRACE org.hibernate.orm.jdbc.extract - extracted value (8:VARCHAR) -> [test1]
08:17:56.678 [https-jsse-nio-8443-exec-10] TRACE org.hibernate.orm.jdbc.extract - extracted value (1:BIGINT) -> [4]
08:17:56.678 [https-jsse-nio-8443-exec-10] TRACE org.hibernate.orm.jdbc.extract - extracted value (2:VARCHAR) -> [ali]
08:17:56.678 [https-jsse-nio-8443-exec-10] TRACE org.hibernate.orm.jdbc.extract - extracted value (6:BIGINT) -> [2]
08:17:56.678 [https-jsse-nio-8443-exec-10] DEBUG org.hibernate.SQL - 
    select
        s1_0.id,
        s1_0.deleted,
        ps1_0.id,
        ps1_0.deleted,
        ps1_0.parent_section_id,
        ps1_0.title,
        s1_0.title,
        csl1_0.parent_section_id,
        csl1_0.id,
        csl1_0.deleted,
        csl1_0.title 
    from
        section_table s1_0 
    left join
        section_table ps1_0 
            on ps1_0.id=s1_0.parent_section_id 
            and (ps1_0.deleted = 0) 
    left join
        section_table csl1_0 
            on s1_0.id=csl1_0.parent_section_id 
            and (csl1_0.deleted = 0) 
    where
        s1_0.id=? 
        and (
            s1_0.deleted = 0
        )
08:17:56.678 [https-jsse-nio-8443-exec-10] TRACE org.hibernate.orm.jdbc.bind - binding parameter (1:BIGINT) <- [2]
08:17:56.679 [https-jsse-nio-8443-exec-10] TRACE org.hibernate.orm.jdbc.extract - extracted value (8:BIGINT) -> [null]
08:17:56.679 [https-jsse-nio-8443-exec-10] TRACE org.hibernate.orm.jdbc.extract - extracted value (3:BIGINT) -> [1]
08:17:56.679 [https-jsse-nio-8443-exec-10] TRACE org.hibernate.orm.jdbc.extract - extracted value (2:BOOLEAN) -> [false]
08:17:56.679 [https-jsse-nio-8443-exec-10] TRACE org.hibernate.orm.jdbc.extract - extracted value (7:VARCHAR) -> [HSE]
08:17:56.679 [https-jsse-nio-8443-exec-10] TRACE org.hibernate.orm.jdbc.extract - extracted value (3:TIMESTAMP) -> [2025-08-17T18:19:31.286221]
08:17:56.679 [https-jsse-nio-8443-exec-10] TRACE org.hibernate.orm.jdbc.extract - extracted value (4:BOOLEAN) -> [false]
08:17:56.679 [https-jsse-nio-8443-exec-10] TRACE org.hibernate.orm.jdbc.extract - extracted value (5:INTEGER) -> [null]
08:17:56.679 [https-jsse-nio-8443-exec-10] TRACE org.hibernate.orm.jdbc.extract - extracted value (7:TINYINT) -> [Responsed]
08:17:56.679 [https-jsse-nio-8443-exec-10] TRACE org.hibernate.orm.jdbc.extract - extracted value (8:VARCHAR) -> [test 2]
08:17:56.679 [https-jsse-nio-8443-exec-10] TRACE org.hibernate.orm.jdbc.extract - extracted value (1:BIGINT) -> [5]
08:17:56.679 [https-jsse-nio-8443-exec-10] TRACE org.hibernate.orm.jdbc.extract - extracted value (2:VARCHAR) -> [ali]
08:17:56.679 [https-jsse-nio-8443-exec-10] TRACE org.hibernate.orm.jdbc.extract - extracted value (6:BIGINT) -> [6]
08:17:56.679 [https-jsse-nio-8443-exec-10] DEBUG org.hibernate.SQL - 
    select
        s1_0.id,
        s1_0.deleted,
        ps1_0.id,
        ps1_0.deleted,
        ps1_0.parent_section_id,
        ps1_0.title,
        s1_0.title,
        csl1_0.parent_section_id,
        csl1_0.id,
        csl1_0.deleted,
        csl1_0.title 
    from
        section_table s1_0 
    left join
        section_table ps1_0 
            on ps1_0.id=s1_0.parent_section_id 
            and (ps1_0.deleted = 0) 
    left join
        section_table csl1_0 
            on s1_0.id=csl1_0.parent_section_id 
            and (csl1_0.deleted = 0) 
    where
        s1_0.id=? 
        and (
            s1_0.deleted = 0
        )
08:17:56.679 [https-jsse-nio-8443-exec-10] TRACE org.hibernate.orm.jdbc.bind - binding parameter (1:BIGINT) <- [6]
08:17:56.680 [https-jsse-nio-8443-exec-10] TRACE org.hibernate.orm.jdbc.extract - extracted value (8:BIGINT) -> [6]
08:17:56.680 [https-jsse-nio-8443-exec-10] TRACE org.hibernate.orm.jdbc.extract - extracted value (9:BIGINT) -> [51]
08:17:56.680 [https-jsse-nio-8443-exec-10] TRACE org.hibernate.orm.jdbc.extract - extracted value (3:BIGINT) -> [1]
08:17:56.680 [https-jsse-nio-8443-exec-10] TRACE org.hibernate.orm.jdbc.extract - extracted value (10:BOOLEAN) -> [false]
08:17:56.680 [https-jsse-nio-8443-exec-10] TRACE org.hibernate.orm.jdbc.extract - extracted value (11:VARCHAR) -> [Q12]
08:17:56.680 [https-jsse-nio-8443-exec-10] TRACE org.hibernate.orm.jdbc.extract - extracted value (2:BOOLEAN) -> [false]
08:17:56.680 [https-jsse-nio-8443-exec-10] TRACE org.hibernate.orm.jdbc.extract - extracted value (7:VARCHAR) -> [ARCHIVE]
08:17:56.680 [https-jsse-nio-8443-exec-10] TRACE org.hibernate.orm.jdbc.extract - extracted value (3:TIMESTAMP) -> [2025-08-17T21:13:01.507736]
08:17:56.680 [https-jsse-nio-8443-exec-10] TRACE org.hibernate.orm.jdbc.extract - extracted value (4:BOOLEAN) -> [false]
08:17:56.680 [https-jsse-nio-8443-exec-10] TRACE org.hibernate.orm.jdbc.extract - extracted value (5:INTEGER) -> [null]
08:17:56.680 [https-jsse-nio-8443-exec-10] TRACE org.hibernate.orm.jdbc.extract - extracted value (7:TINYINT) -> [NotSeen]
08:17:56.680 [https-jsse-nio-8443-exec-10] TRACE org.hibernate.orm.jdbc.extract - extracted value (8:VARCHAR) -> [test 3]
08:17:56.680 [https-jsse-nio-8443-exec-10] TRACE org.hibernate.orm.jdbc.extract - extracted value (1:BIGINT) -> [7]
08:17:56.680 [https-jsse-nio-8443-exec-10] TRACE org.hibernate.orm.jdbc.extract - extracted value (2:VARCHAR) -> [ali]
08:17:56.680 [https-jsse-nio-8443-exec-10] TRACE org.hibernate.orm.jdbc.extract - extracted value (6:BIGINT) -> [3]
08:17:56.680 [https-jsse-nio-8443-exec-10] TRACE org.hibernate.orm.jdbc.extract - extracted value (3:TIMESTAMP) -> [2025-08-17T21:28:45.615086]
08:17:56.680 [https-jsse-nio-8443-exec-10] TRACE org.hibernate.orm.jdbc.extract - extracted value (4:BOOLEAN) -> [false]
08:17:56.680 [https-jsse-nio-8443-exec-10] TRACE org.hibernate.orm.jdbc.extract - extracted value (5:INTEGER) -> [null]
08:17:56.680 [https-jsse-nio-8443-exec-10] TRACE org.hibernate.orm.jdbc.extract - extracted value (7:TINYINT) -> [NotSeen]
08:17:56.680 [https-jsse-nio-8443-exec-10] TRACE org.hibernate.orm.jdbc.extract - extracted value (8:VARCHAR) -> [test 4]
08:17:56.680 [https-jsse-nio-8443-exec-10] TRACE org.hibernate.orm.jdbc.extract - extracted value (1:BIGINT) -> [10]
08:17:56.681 [https-jsse-nio-8443-exec-10] TRACE org.hibernate.orm.jdbc.extract - extracted value (2:VARCHAR) -> [ali]
08:17:56.681 [https-jsse-nio-8443-exec-10] TRACE org.hibernate.orm.jdbc.extract - extracted value (6:BIGINT) -> [2]
08:17:56.681 [https-jsse-nio-8443-exec-10] TRACE org.hibernate.orm.jdbc.extract - extracted value (3:TIMESTAMP) -> [2025-08-17T21:56:26.780465]
08:17:56.681 [https-jsse-nio-8443-exec-10] TRACE org.hibernate.orm.jdbc.extract - extracted value (4:BOOLEAN) -> [false]
08:17:56.681 [https-jsse-nio-8443-exec-10] TRACE org.hibernate.orm.jdbc.extract - extracted value (5:INTEGER) -> [null]
08:17:56.681 [https-jsse-nio-8443-exec-10] TRACE org.hibernate.orm.jdbc.extract - extracted value (7:TINYINT) -> [NotSeen]
08:17:56.681 [https-jsse-nio-8443-exec-10] TRACE org.hibernate.orm.jdbc.extract - extracted value (8:VARCHAR) -> [new]
08:17:56.681 [https-jsse-nio-8443-exec-10] TRACE org.hibernate.orm.jdbc.extract - extracted value (1:BIGINT) -> [11]
08:17:56.681 [https-jsse-nio-8443-exec-10] TRACE org.hibernate.orm.jdbc.extract - extracted value (2:VARCHAR) -> [shirin]
08:17:56.681 [https-jsse-nio-8443-exec-10] DEBUG org.hibernate.SQL - 
    select
        u1_0.username,
        u1_0.account_non_expired,
        u1_0.account_non_locked,
        u1_0.credentials_expiry_date,
        u1_0.credentials_non_expired,
        u1_0.deleted,
        u1_0.enabled,
        u1_0.password,
        rs1_0.username,
        rs1_1.name,
        rs1_1.deleted,
        ps1_0.role_name,
        ps1_1.id,
        ps1_1.deleted,
        ps1_1.permission 
    from
        user_tbl u1_0 
    left join
        (user_role_tbl rs1_0 
    join
        role_tbl rs1_1 
            on rs1_1.name=rs1_0.role_name) 
        on u1_0.username=rs1_0.username 
        and ( rs1_1.deleted = 0) 
    left join
        (role_permission_tbl ps1_0 
    join
        permission_tbl ps1_1 
            on ps1_1.id=ps1_0.permission) 
        on rs1_1.name=ps1_0.role_name 
        and ( ps1_1.deleted = 0) 
    where
        u1_0.username=? 
        and (
            u1_0.deleted = 0
        )
08:17:56.681 [https-jsse-nio-8443-exec-10] TRACE org.hibernate.orm.jdbc.bind - binding parameter (1:VARCHAR) <- [shirin]
08:17:56.682 [https-jsse-nio-8443-exec-10] TRACE org.hibernate.orm.jdbc.extract - extracted value (9:VARCHAR) -> [shirin]
08:17:56.682 [https-jsse-nio-8443-exec-10] TRACE org.hibernate.orm.jdbc.extract - extracted value (10:VARCHAR) -> [ROLE_CUSTOMER]
08:17:56.682 [https-jsse-nio-8443-exec-10] TRACE org.hibernate.orm.jdbc.extract - extracted value (12:VARCHAR) -> [ROLE_CUSTOMER]
08:17:56.682 [https-jsse-nio-8443-exec-10] TRACE org.hibernate.orm.jdbc.extract - extracted value (13:BIGINT) -> [5]
08:17:56.682 [https-jsse-nio-8443-exec-10] TRACE org.hibernate.orm.jdbc.extract - extracted value (11:BOOLEAN) -> [false]
08:17:56.682 [https-jsse-nio-8443-exec-10] TRACE org.hibernate.orm.jdbc.extract - extracted value (2:BOOLEAN) -> [true]
08:17:56.682 [https-jsse-nio-8443-exec-10] TRACE org.hibernate.orm.jdbc.extract - extracted value (3:BOOLEAN) -> [true]
08:17:56.682 [https-jsse-nio-8443-exec-10] TRACE org.hibernate.orm.jdbc.extract - extracted value (4:TIMESTAMP) -> [2026-02-15T12:38]
08:17:56.682 [https-jsse-nio-8443-exec-10] TRACE org.hibernate.orm.jdbc.extract - extracted value (5:BOOLEAN) -> [true]
08:17:56.682 [https-jsse-nio-8443-exec-10] TRACE org.hibernate.orm.jdbc.extract - extracted value (6:BOOLEAN) -> [false]
08:17:56.682 [https-jsse-nio-8443-exec-10] TRACE org.hibernate.orm.jdbc.extract - extracted value (7:BOOLEAN) -> [true]
08:17:56.682 [https-jsse-nio-8443-exec-10] TRACE org.hibernate.orm.jdbc.extract - extracted value (8:VARCHAR) -> [$2a$12$ycbWX6LGjFbEOG63G80LVeFa7BWTps7/MAiv7fsxhgfM7o4zJu7lC]
08:17:56.682 [https-jsse-nio-8443-exec-10] TRACE org.hibernate.orm.jdbc.extract - extracted value (6:BIGINT) -> [2]
08:17:56.682 [https-jsse-nio-8443-exec-10] TRACE org.hibernate.orm.jdbc.extract - extracted value (3:TIMESTAMP) -> [2025-08-17T23:33:37.500446]
08:17:56.683 [https-jsse-nio-8443-exec-10] TRACE org.hibernate.orm.jdbc.extract - extracted value (4:BOOLEAN) -> [false]
08:17:56.683 [https-jsse-nio-8443-exec-10] TRACE org.hibernate.orm.jdbc.extract - extracted value (5:INTEGER) -> [null]
08:17:56.683 [https-jsse-nio-8443-exec-10] TRACE org.hibernate.orm.jdbc.extract - extracted value (7:TINYINT) -> [Seen]
08:17:56.683 [https-jsse-nio-8443-exec-10] TRACE org.hibernate.orm.jdbc.extract - extracted value (8:VARCHAR) -> [customer test 1]
08:17:56.683 [https-jsse-nio-8443-exec-10] TRACE org.hibernate.orm.jdbc.extract - extracted value (1:BIGINT) -> [12]
08:17:56.683 [https-jsse-nio-8443-exec-10] TRACE org.hibernate.orm.jdbc.extract - extracted value (2:VARCHAR) -> [shirin]
08:17:56.683 [https-jsse-nio-8443-exec-10] TRACE org.hibernate.orm.jdbc.extract - extracted value (6:BIGINT) -> [5]
08:17:56.683 [https-jsse-nio-8443-exec-10] TRACE org.hibernate.orm.jdbc.extract - extracted value (3:TIMESTAMP) -> [2025-08-17T23:40:58.948110]
08:17:56.683 [https-jsse-nio-8443-exec-10] TRACE org.hibernate.orm.jdbc.extract - extracted value (4:BOOLEAN) -> [false]
08:17:56.683 [https-jsse-nio-8443-exec-10] TRACE org.hibernate.orm.jdbc.extract - extracted value (5:INTEGER) -> [null]
08:17:56.683 [https-jsse-nio-8443-exec-10] TRACE org.hibernate.orm.jdbc.extract - extracted value (7:TINYINT) -> [NotSeen]
08:17:56.683 [https-jsse-nio-8443-exec-10] TRACE org.hibernate.orm.jdbc.extract - extracted value (8:VARCHAR) -> [customer test 2]
08:17:56.683 [https-jsse-nio-8443-exec-10] TRACE org.hibernate.orm.jdbc.extract - extracted value (1:BIGINT) -> [13]
08:17:56.683 [https-jsse-nio-8443-exec-10] TRACE org.hibernate.orm.jdbc.extract - extracted value (2:VARCHAR) -> [ali]
08:17:56.683 [https-jsse-nio-8443-exec-10] TRACE org.hibernate.orm.jdbc.extract - extracted value (6:BIGINT) -> [6]
08:17:56.683 [https-jsse-nio-8443-exec-10] TRACE org.hibernate.orm.jdbc.extract - extracted value (3:TIMESTAMP) -> [2025-08-17T23:43:18.831948]
08:17:56.683 [https-jsse-nio-8443-exec-10] TRACE org.hibernate.orm.jdbc.extract - extracted value (4:BOOLEAN) -> [false]
08:17:56.683 [https-jsse-nio-8443-exec-10] TRACE org.hibernate.orm.jdbc.extract - extracted value (5:INTEGER) -> [null]
08:17:56.683 [https-jsse-nio-8443-exec-10] TRACE org.hibernate.orm.jdbc.extract - extracted value (7:TINYINT) -> [NotSeen]
08:17:56.683 [https-jsse-nio-8443-exec-10] TRACE org.hibernate.orm.jdbc.extract - extracted value (8:VARCHAR) -> [admin test 1]
08:17:56.683 [https-jsse-nio-8443-exec-10] TRACE org.hibernate.orm.jdbc.extract - extracted value (1:BIGINT) -> [14]
08:17:56.683 [https-jsse-nio-8443-exec-10] TRACE org.hibernate.orm.jdbc.extract - extracted value (2:VARCHAR) -> [artin]
08:17:56.684 [https-jsse-nio-8443-exec-10] DEBUG org.hibernate.SQL - 
    select
        u1_0.username,
        u1_0.account_non_expired,
        u1_0.account_non_locked,
        u1_0.credentials_expiry_date,
        u1_0.credentials_non_expired,
        u1_0.deleted,
        u1_0.enabled,
        u1_0.password,
        rs1_0.username,
        rs1_1.name,
        rs1_1.deleted,
        ps1_0.role_name,
        ps1_1.id,
        ps1_1.deleted,
        ps1_1.permission 
    from
        user_tbl u1_0 
    left join
        (user_role_tbl rs1_0 
    join
        role_tbl rs1_1 
            on rs1_1.name=rs1_0.role_name) 
        on u1_0.username=rs1_0.username 
        and ( rs1_1.deleted = 0) 
    left join
        (role_permission_tbl ps1_0 
    join
        permission_tbl ps1_1 
            on ps1_1.id=ps1_0.permission) 
        on rs1_1.name=ps1_0.role_name 
        and ( ps1_1.deleted = 0) 
    where
        u1_0.username=? 
        and (
            u1_0.deleted = 0
        )
08:17:56.684 [https-jsse-nio-8443-exec-10] TRACE org.hibernate.orm.jdbc.bind - binding parameter (1:VARCHAR) <- [artin]
08:17:56.684 [https-jsse-nio-8443-exec-10] TRACE org.hibernate.orm.jdbc.extract - extracted value (9:VARCHAR) -> [artin]
08:17:56.684 [https-jsse-nio-8443-exec-10] TRACE org.hibernate.orm.jdbc.extract - extracted value (10:VARCHAR) -> [ROLE_CUSTOMER]
08:17:56.684 [https-jsse-nio-8443-exec-10] TRACE org.hibernate.orm.jdbc.extract - extracted value (2:BOOLEAN) -> [true]
08:17:56.685 [https-jsse-nio-8443-exec-10] TRACE org.hibernate.orm.jdbc.extract - extracted value (3:BOOLEAN) -> [true]
08:17:56.685 [https-jsse-nio-8443-exec-10] TRACE org.hibernate.orm.jdbc.extract - extracted value (4:TIMESTAMP) -> [2026-04-04T16:39]
08:17:56.685 [https-jsse-nio-8443-exec-10] TRACE org.hibernate.orm.jdbc.extract - extracted value (5:BOOLEAN) -> [true]
08:17:56.685 [https-jsse-nio-8443-exec-10] TRACE org.hibernate.orm.jdbc.extract - extracted value (6:BOOLEAN) -> [false]
08:17:56.685 [https-jsse-nio-8443-exec-10] TRACE org.hibernate.orm.jdbc.extract - extracted value (7:BOOLEAN) -> [true]
08:17:56.685 [https-jsse-nio-8443-exec-10] TRACE org.hibernate.orm.jdbc.extract - extracted value (8:VARCHAR) -> [$2a$12$LQ/9Uj10CUQqYQSeLTXUEugUzI7FXTZnvnYR6fTSOkdmnpp1mfGMS]
08:17:56.685 [https-jsse-nio-8443-exec-10] TRACE org.hibernate.orm.jdbc.extract - extracted value (6:BIGINT) -> [4]
08:17:56.685 [https-jsse-nio-8443-exec-10] TRACE org.hibernate.orm.jdbc.extract - extracted value (3:TIMESTAMP) -> [2025-08-17T23:44:35.887121]
08:17:56.685 [https-jsse-nio-8443-exec-10] TRACE org.hibernate.orm.jdbc.extract - extracted value (4:BOOLEAN) -> [false]
08:17:56.685 [https-jsse-nio-8443-exec-10] TRACE org.hibernate.orm.jdbc.extract - extracted value (5:INTEGER) -> [null]
08:17:56.685 [https-jsse-nio-8443-exec-10] TRACE org.hibernate.orm.jdbc.extract - extracted value (7:TINYINT) -> [Responsed]
08:17:56.685 [https-jsse-nio-8443-exec-10] TRACE org.hibernate.orm.jdbc.extract - extracted value (8:VARCHAR) -> [customer test 4]
08:17:56.685 [https-jsse-nio-8443-exec-10] TRACE org.hibernate.orm.jdbc.extract - extracted value (1:BIGINT) -> [15]
08:17:56.685 [https-jsse-nio-8443-exec-10] TRACE org.hibernate.orm.jdbc.extract - extracted value (2:VARCHAR) -> [payam]
08:17:56.685 [https-jsse-nio-8443-exec-10] DEBUG org.hibernate.SQL - 
    select
        u1_0.username,
        u1_0.account_non_expired,
        u1_0.account_non_locked,
        u1_0.credentials_expiry_date,
        u1_0.credentials_non_expired,
        u1_0.deleted,
        u1_0.enabled,
        u1_0.password,
        rs1_0.username,
        rs1_1.name,
        rs1_1.deleted,
        ps1_0.role_name,
        ps1_1.id,
        ps1_1.deleted,
        ps1_1.permission 
    from
        user_tbl u1_0 
    left join
        (user_role_tbl rs1_0 
    join
        role_tbl rs1_1 
            on rs1_1.name=rs1_0.role_name) 
        on u1_0.username=rs1_0.username 
        and ( rs1_1.deleted = 0) 
    left join
        (role_permission_tbl ps1_0 
    join
        permission_tbl ps1_1 
            on ps1_1.id=ps1_0.permission) 
        on rs1_1.name=ps1_0.role_name 
        and ( ps1_1.deleted = 0) 
    where
        u1_0.username=? 
        and (
            u1_0.deleted = 0
        )
08:17:56.686 [https-jsse-nio-8443-exec-10] TRACE org.hibernate.orm.jdbc.bind - binding parameter (1:VARCHAR) <- [payam]
08:17:56.687 [https-jsse-nio-8443-exec-10] TRACE org.hibernate.orm.jdbc.extract - extracted value (9:VARCHAR) -> [payam]
08:17:56.687 [https-jsse-nio-8443-exec-10] TRACE org.hibernate.orm.jdbc.extract - extracted value (10:VARCHAR) -> [ROLE_MANAGER]
08:17:56.687 [https-jsse-nio-8443-exec-10] TRACE org.hibernate.orm.jdbc.extract - extracted value (12:VARCHAR) -> [ROLE_MANAGER]
08:17:56.687 [https-jsse-nio-8443-exec-10] TRACE org.hibernate.orm.jdbc.extract - extracted value (13:BIGINT) -> [3]
08:17:56.687 [https-jsse-nio-8443-exec-10] TRACE org.hibernate.orm.jdbc.extract - extracted value (11:BOOLEAN) -> [false]
08:17:56.687 [https-jsse-nio-8443-exec-10] TRACE org.hibernate.orm.jdbc.extract - extracted value (2:BOOLEAN) -> [true]
08:17:56.687 [https-jsse-nio-8443-exec-10] TRACE org.hibernate.orm.jdbc.extract - extracted value (3:BOOLEAN) -> [true]
08:17:56.687 [https-jsse-nio-8443-exec-10] TRACE org.hibernate.orm.jdbc.extract - extracted value (4:TIMESTAMP) -> [2026-08-08T20:00]
08:17:56.687 [https-jsse-nio-8443-exec-10] TRACE org.hibernate.orm.jdbc.extract - extracted value (5:BOOLEAN) -> [true]
08:17:56.687 [https-jsse-nio-8443-exec-10] TRACE org.hibernate.orm.jdbc.extract - extracted value (6:BOOLEAN) -> [false]
08:17:56.687 [https-jsse-nio-8443-exec-10] TRACE org.hibernate.orm.jdbc.extract - extracted value (7:BOOLEAN) -> [true]
08:17:56.687 [https-jsse-nio-8443-exec-10] TRACE org.hibernate.orm.jdbc.extract - extracted value (8:VARCHAR) -> [$2a$12$lVuQXTkB0crKuwzQLIv7QumZWQZdMFMeR4CnkQoftAsg8CiLwEYB6]
08:17:56.687 [https-jsse-nio-8443-exec-10] TRACE org.hibernate.orm.jdbc.extract - extracted value (6:BIGINT) -> [1]
08:17:56.687 [https-jsse-nio-8443-exec-10] TRACE org.hibernate.orm.jdbc.extract - extracted value (3:TIMESTAMP) -> [2025-08-17T23:50:03.435260]
08:17:56.687 [https-jsse-nio-8443-exec-10] TRACE org.hibernate.orm.jdbc.extract - extracted value (4:BOOLEAN) -> [false]
08:17:56.687 [https-jsse-nio-8443-exec-10] TRACE org.hibernate.orm.jdbc.extract - extracted value (5:INTEGER) -> [null]
08:17:56.687 [https-jsse-nio-8443-exec-10] TRACE org.hibernate.orm.jdbc.extract - extracted value (7:TINYINT) -> [NotSeen]
08:17:56.687 [https-jsse-nio-8443-exec-10] TRACE org.hibernate.orm.jdbc.extract - extracted value (8:VARCHAR) -> [payam]
08:17:56.688 [https-jsse-nio-8443-exec-10] DEBUG org.hibernate.SQL - 
    select
        csl1_0.parent_section_id,
        csl1_0.id,
        csl1_0.deleted,
        csl1_0.title 
    from
        section_table csl1_0 
    where
        csl1_0.parent_section_id=? 
        and (
            csl1_0.deleted = 0
        )
08:17:56.688 [https-jsse-nio-8443-exec-10] TRACE org.hibernate.orm.jdbc.bind - binding parameter (1:BIGINT) <- [51]
08:17:56.689 [https-jsse-nio-8443-exec-10] TRACE org.hibernate.orm.jdbc.extract - extracted value (1:BIGINT) -> [51]
08:17:56.689 [https-jsse-nio-8443-exec-10] TRACE org.hibernate.orm.jdbc.extract - extracted value (2:BIGINT) -> [52]
08:17:56.689 [https-jsse-nio-8443-exec-10] TRACE org.hibernate.orm.jdbc.extract - extracted value (3:BOOLEAN) -> [false]
08:17:56.689 [https-jsse-nio-8443-exec-10] TRACE org.hibernate.orm.jdbc.extract - extracted value (4:VARCHAR) -> [Q13]
08:17:56.689 [https-jsse-nio-8443-exec-10] DEBUG org.hibernate.SQL - 
    select
        csl1_0.parent_section_id,
        csl1_0.id,
        csl1_0.deleted,
        csl1_0.title 
    from
        section_table csl1_0 
    where
        csl1_0.parent_section_id=? 
        and (
            csl1_0.deleted = 0
        )
08:17:56.689 [https-jsse-nio-8443-exec-10] TRACE org.hibernate.orm.jdbc.bind - binding parameter (1:BIGINT) <- [52]
08:17:56.690 [https-jsse-nio-8443-exec-10] TRACE org.hibernate.orm.jdbc.extract - extracted value (1:BIGINT) -> [52]
08:17:56.690 [https-jsse-nio-8443-exec-10] TRACE org.hibernate.orm.jdbc.extract - extracted value (2:BIGINT) -> [53]
08:17:56.690 [https-jsse-nio-8443-exec-10] TRACE org.hibernate.orm.jdbc.extract - extracted value (3:BOOLEAN) -> [false]
08:17:56.690 [https-jsse-nio-8443-exec-10] TRACE org.hibernate.orm.jdbc.extract - extracted value (4:VARCHAR) -> [Q14]
08:17:56.691 [https-jsse-nio-8443-exec-10] DEBUG org.hibernate.SQL - 
    select
        csl1_0.parent_section_id,
        csl1_0.id,
        csl1_0.deleted,
        csl1_0.title 
    from
        section_table csl1_0 
    where
        csl1_0.parent_section_id=? 
        and (
            csl1_0.deleted = 0
        )
08:17:56.691 [https-jsse-nio-8443-exec-10] TRACE org.hibernate.orm.jdbc.bind - binding parameter (1:BIGINT) <- [53]
08:17:56.691 [https-jsse-nio-8443-exec-10] TRACE org.hibernate.orm.jdbc.extract - extracted value (1:BIGINT) -> [53]
08:17:56.691 [https-jsse-nio-8443-exec-10] TRACE org.hibernate.orm.jdbc.extract - extracted value (2:BIGINT) -> [55]
08:17:56.691 [https-jsse-nio-8443-exec-10] TRACE org.hibernate.orm.jdbc.extract - extracted value (3:BOOLEAN) -> [false]
08:17:56.691 [https-jsse-nio-8443-exec-10] TRACE org.hibernate.orm.jdbc.extract - extracted value (4:VARCHAR) -> [Q15]
08:17:56.692 [https-jsse-nio-8443-exec-10] DEBUG org.hibernate.SQL - 
    select
        csl1_0.parent_section_id,
        csl1_0.id,
        csl1_0.deleted,
        csl1_0.title 
    from
        section_table csl1_0 
    where
        csl1_0.parent_section_id=? 
        and (
            csl1_0.deleted = 0
        )
08:17:56.692 [https-jsse-nio-8443-exec-10] TRACE org.hibernate.orm.jdbc.bind - binding parameter (1:BIGINT) <- [55]
08:17:56.692 [https-jsse-nio-8443-exec-10] TRACE org.hibernate.orm.jdbc.extract - extracted value (1:BIGINT) -> [55]
08:17:56.692 [https-jsse-nio-8443-exec-10] TRACE org.hibernate.orm.jdbc.extract - extracted value (2:BIGINT) -> [56]
08:17:56.692 [https-jsse-nio-8443-exec-10] TRACE org.hibernate.orm.jdbc.extract - extracted value (3:BOOLEAN) -> [false]
08:17:56.692 [https-jsse-nio-8443-exec-10] TRACE org.hibernate.orm.jdbc.extract - extracted value (4:VARCHAR) -> [Q16]
08:17:56.693 [https-jsse-nio-8443-exec-10] DEBUG org.hibernate.SQL - 
    select
        csl1_0.parent_section_id,
        csl1_0.id,
        csl1_0.deleted,
        csl1_0.title 
    from
        section_table csl1_0 
    where
        csl1_0.parent_section_id=? 
        and (
            csl1_0.deleted = 0
        )
08:17:56.693 [https-jsse-nio-8443-exec-10] TRACE org.hibernate.orm.jdbc.bind - binding parameter (1:BIGINT) <- [56]
08:17:56.693 [https-jsse-nio-8443-exec-10] TRACE org.hibernate.orm.jdbc.extract - extracted value (1:BIGINT) -> [56]
08:17:56.693 [https-jsse-nio-8443-exec-10] TRACE org.hibernate.orm.jdbc.extract - extracted value (2:BIGINT) -> [57]
08:17:56.693 [https-jsse-nio-8443-exec-10] TRACE org.hibernate.orm.jdbc.extract - extracted value (3:BOOLEAN) -> [false]
08:17:56.693 [https-jsse-nio-8443-exec-10] TRACE org.hibernate.orm.jdbc.extract - extracted value (4:VARCHAR) -> [Q17]
08:17:56.693 [https-jsse-nio-8443-exec-10] DEBUG org.hibernate.SQL - 
    select
        csl1_0.parent_section_id,
        csl1_0.id,
        csl1_0.deleted,
        csl1_0.title 
    from
        section_table csl1_0 
    where
        csl1_0.parent_section_id=? 
        and (
            csl1_0.deleted = 0
        )
08:17:56.694 [https-jsse-nio-8443-exec-10] TRACE org.hibernate.orm.jdbc.bind - binding parameter (1:BIGINT) <- [57]
08:17:56.694 [https-jsse-nio-8443-exec-10] TRACE org.hibernate.orm.jdbc.extract - extracted value (1:BIGINT) -> [57]
08:17:56.694 [https-jsse-nio-8443-exec-10] TRACE org.hibernate.orm.jdbc.extract - extracted value (2:BIGINT) -> [59]
08:17:56.694 [https-jsse-nio-8443-exec-10] TRACE org.hibernate.orm.jdbc.extract - extracted value (3:BOOLEAN) -> [false]
08:17:56.694 [https-jsse-nio-8443-exec-10] TRACE org.hibernate.orm.jdbc.extract - extracted value (4:VARCHAR) -> [Q19]
08:17:56.694 [https-jsse-nio-8443-exec-10] DEBUG org.hibernate.SQL - 
    select
        csl1_0.parent_section_id,
        csl1_0.id,
        csl1_0.deleted,
        csl1_0.title 
    from
        section_table csl1_0 
    where
        csl1_0.parent_section_id=? 
        and (
            csl1_0.deleted = 0
        )
08:17:56.695 [https-jsse-nio-8443-exec-10] TRACE org.hibernate.orm.jdbc.bind - binding parameter (1:BIGINT) <- [59]
08:17:56.695 [https-jsse-nio-8443-exec-10] TRACE org.hibernate.orm.jdbc.extract - extracted value (1:BIGINT) -> [59]
08:17:56.695 [https-jsse-nio-8443-exec-10] TRACE org.hibernate.orm.jdbc.extract - extracted value (2:BIGINT) -> [62]
08:17:56.695 [https-jsse-nio-8443-exec-10] TRACE org.hibernate.orm.jdbc.extract - extracted value (3:BOOLEAN) -> [false]
08:17:56.695 [https-jsse-nio-8443-exec-10] TRACE org.hibernate.orm.jdbc.extract - extracted value (4:VARCHAR) -> [Q21]
08:17:56.695 [https-jsse-nio-8443-exec-10] DEBUG org.hibernate.SQL - 
    select
        csl1_0.parent_section_id,
        csl1_0.id,
        csl1_0.deleted,
        csl1_0.title 
    from
        section_table csl1_0 
    where
        csl1_0.parent_section_id=? 
        and (
            csl1_0.deleted = 0
        )
08:17:56.696 [https-jsse-nio-8443-exec-10] TRACE org.hibernate.orm.jdbc.bind - binding parameter (1:BIGINT) <- [62]
08:17:56.696 [https-jsse-nio-8443-exec-10] DEBUG org.hibernate.SQL - 
    select
        csl1_0.parent_section_id,
        csl1_0.id,
        csl1_0.deleted,
        csl1_0.title 
    from
        section_table csl1_0 
    where
        csl1_0.parent_section_id=? 
        and (
            csl1_0.deleted = 0
        )
08:17:56.697 [https-jsse-nio-8443-exec-10] TRACE org.hibernate.orm.jdbc.bind - binding parameter (1:BIGINT) <- [1]
08:17:56.697 [https-jsse-nio-8443-exec-10] TRACE org.hibernate.orm.jdbc.extract - extracted value (1:BIGINT) -> [1]
08:17:56.697 [https-jsse-nio-8443-exec-10] TRACE org.hibernate.orm.jdbc.extract - extracted value (2:BIGINT) -> [2]
08:17:56.697 [https-jsse-nio-8443-exec-10] TRACE org.hibernate.orm.jdbc.extract - extracted value (1:BIGINT) -> [1]
08:17:56.697 [https-jsse-nio-8443-exec-10] TRACE org.hibernate.orm.jdbc.extract - extracted value (2:BIGINT) -> [3]
08:17:56.697 [https-jsse-nio-8443-exec-10] TRACE org.hibernate.orm.jdbc.extract - extracted value (1:BIGINT) -> [1]
08:17:56.697 [https-jsse-nio-8443-exec-10] TRACE org.hibernate.orm.jdbc.extract - extracted value (2:BIGINT) -> [6]
08:17:56.698 [https-jsse-nio-8443-exec-10] DEBUG org.hibernate.SQL - 
    select
        csl1_0.parent_section_id,
        csl1_0.id,
        csl1_0.deleted,
        csl1_0.title 
    from
        section_table csl1_0 
    where
        csl1_0.parent_section_id=? 
        and (
            csl1_0.deleted = 0
        )
08:17:56.698 [https-jsse-nio-8443-exec-10] TRACE org.hibernate.orm.jdbc.bind - binding parameter (1:BIGINT) <- [7]
08:17:56.698 [https-jsse-nio-8443-exec-10] DEBUG org.hibernate.SQL - 
    select
        csl1_0.parent_section_id,
        csl1_0.id,
        csl1_0.deleted,
        csl1_0.title 
    from
        section_table csl1_0 
    where
        csl1_0.parent_section_id=? 
        and (
            csl1_0.deleted = 0
        )
08:17:56.698 [https-jsse-nio-8443-exec-10] TRACE org.hibernate.orm.jdbc.bind - binding parameter (1:BIGINT) <- [5]
08:17:56.699 [https-jsse-nio-8443-exec-10] DEBUG org.hibernate.SQL - 
    select
        csl1_0.parent_section_id,
        csl1_0.id,
        csl1_0.deleted,
        csl1_0.title 
    from
        section_table csl1_0 
    where
        csl1_0.parent_section_id=? 
        and (
            csl1_0.deleted = 0
        )
08:17:56.699 [https-jsse-nio-8443-exec-10] TRACE org.hibernate.orm.jdbc.bind - binding parameter (1:BIGINT) <- [4]
08:17:56.700 [https-jsse-nio-8443-exec-10] DEBUG org.hibernate.SQL - 
    /* <criteria> */ select
        count(t1_0.id) 
    from
        ticket_tbl t1_0 
    where
        (
            t1_0.deleted = 0
        ) 
        and 1=1
08:17:56.701 [https-jsse-nio-8443-exec-10] TRACE org.hibernate.orm.jdbc.extract - extracted value (1:BIGINT) -> [10]
08:17:56.701 [https-jsse-nio-8443-exec-10] DEBUG o.h.e.t.internal.TransactionImpl - committing
08:17:56.701 [https-jsse-nio-8443-exec-10] DEBUG o.s.jdbc.datasource.DataSourceUtils - Resetting read-only flag of JDBC Connection [HikariProxyConnection@200370393 wrapping oracle.jdbc.driver.T4CConnection@5f8cb559]
08:17:56.701 [https-jsse-nio-8443-exec-10] TRACE o.s.c.interceptor.CacheInterceptor - Computed cache key 'SimpleKey []' for operation Builder[public java.util.List ir.service.impl.SectionServiceImpl.findAllForFilter()] caches=[sectionsFilter] | key='' | keyGenerator='' | cacheManager='' | cacheResolver='' | condition='' | unless='' | sync='false'
08:17:56.701 [https-jsse-nio-8443-exec-10] TRACE o.s.c.interceptor.CacheInterceptor - Cache entry for key 'SimpleKey []' found in cache(s) [sectionsFilter]
08:17:56.703 [https-jsse-nio-8443-exec-10] INFO  i.c.exception.ResponseAspect - Web Controller: ticketsList
08:17:56.730 [https-jsse-nio-8443-exec-9] DEBUG o.s.security.web.FilterChainProxy - Securing GET /css/reset.css
08:17:56.730 [https-jsse-nio-8443-exec-9] DEBUG o.s.s.w.a.c.ChannelProcessingFilter - Request: filter invocation [GET /css/reset.css]; ConfigAttributes: [REQUIRES_SECURE_CHANNEL]
08:17:56.731 [https-jsse-nio-8443-exec-9] DEBUG o.s.security.web.FilterChainProxy - Secured GET /css/reset.css
08:17:56.733 [https-jsse-nio-8443-exec-9] DEBUG o.s.s.w.c.HttpSessionSecurityContextRepository - Retrieved SecurityContextImpl [Authentication=UsernamePasswordAuthenticationToken [Principal=ir.model.entity.CustomUserDetails@1a88c3b8, Credentials=[PROTECTED], Authenticated=true, Details=WebAuthenticationDetails [RemoteIpAddress=0:0:0:0:0:0:0:1, SessionId=6590EDA7D1BB36FB06EF4EBE5988FA5A], Granted Authorities=[TICKET_EDIT, ROLE_ADMIN, TICKET_DELETE, TICKET_CREATE]]]
08:17:56.735 [https-jsse-nio-8443-exec-3] DEBUG o.s.security.web.FilterChainProxy - Securing GET /css/fontawesome.css
08:17:56.735 [https-jsse-nio-8443-exec-6] DEBUG o.s.security.web.FilterChainProxy - Securing GET /css/bootstrap.min.css
08:17:56.735 [https-jsse-nio-8443-exec-8] DEBUG o.s.security.web.FilterChainProxy - Securing GET /css/fonts.min.css
08:17:56.735 [https-jsse-nio-8443-exec-3] DEBUG o.s.s.w.a.c.ChannelProcessingFilter - Request: filter invocation [GET /css/fontawesome.css]; ConfigAttributes: [REQUIRES_SECURE_CHANNEL]
08:17:56.735 [https-jsse-nio-8443-exec-8] DEBUG o.s.s.w.a.c.ChannelProcessingFilter - Request: filter invocation [GET /css/fonts.min.css]; ConfigAttributes: [REQUIRES_SECURE_CHANNEL]
08:17:56.735 [https-jsse-nio-8443-exec-6] DEBUG o.s.s.w.a.c.ChannelProcessingFilter - Request: filter invocation [GET /css/bootstrap.min.css]; ConfigAttributes: [REQUIRES_SECURE_CHANNEL]
08:17:56.735 [https-jsse-nio-8443-exec-5] DEBUG o.s.security.web.FilterChainProxy - Securing GET /css/toast.css
08:17:56.736 [https-jsse-nio-8443-exec-5] DEBUG o.s.s.w.a.c.ChannelProcessingFilter - Request: filter invocation [GET /css/toast.css]; ConfigAttributes: [REQUIRES_SECURE_CHANNEL]
08:17:56.736 [https-jsse-nio-8443-exec-6] DEBUG o.s.security.web.FilterChainProxy - Secured GET /css/bootstrap.min.css
08:17:56.736 [https-jsse-nio-8443-exec-3] DEBUG o.s.security.web.FilterChainProxy - Secured GET /css/fontawesome.css
08:17:56.736 [https-jsse-nio-8443-exec-8] DEBUG o.s.security.web.FilterChainProxy - Secured GET /css/fonts.min.css
08:17:56.736 [https-jsse-nio-8443-exec-5] DEBUG o.s.security.web.FilterChainProxy - Secured GET /css/toast.css
08:17:56.736 [https-jsse-nio-8443-exec-7] DEBUG o.s.security.web.FilterChainProxy - Securing GET /css/styles.css
08:17:56.736 [https-jsse-nio-8443-exec-4] DEBUG o.s.security.web.FilterChainProxy - Securing GET /js/bootstrap.bundle.min.js
08:17:56.736 [https-jsse-nio-8443-exec-7] DEBUG o.s.s.w.a.c.ChannelProcessingFilter - Request: filter invocation [GET /css/styles.css]; ConfigAttributes: [REQUIRES_SECURE_CHANNEL]
08:17:56.736 [https-jsse-nio-8443-exec-4] DEBUG o.s.s.w.a.c.ChannelProcessingFilter - Request: filter invocation [GET /js/bootstrap.bundle.min.js]; ConfigAttributes: [REQUIRES_SECURE_CHANNEL]
08:17:56.737 [https-jsse-nio-8443-exec-4] DEBUG o.s.security.web.FilterChainProxy - Secured GET /js/bootstrap.bundle.min.js
08:17:56.737 [https-jsse-nio-8443-exec-7] DEBUG o.s.security.web.FilterChainProxy - Secured GET /css/styles.css
08:17:56.737 [https-jsse-nio-8443-exec-5] DEBUG o.s.s.w.c.HttpSessionSecurityContextRepository - Retrieved SecurityContextImpl [Authentication=UsernamePasswordAuthenticationToken [Principal=ir.model.entity.CustomUserDetails@1a88c3b8, Credentials=[PROTECTED], Authenticated=true, Details=WebAuthenticationDetails [RemoteIpAddress=0:0:0:0:0:0:0:1, SessionId=6590EDA7D1BB36FB06EF4EBE5988FA5A], Granted Authorities=[TICKET_EDIT, ROLE_ADMIN, TICKET_DELETE, TICKET_CREATE]]]
08:17:56.738 [https-jsse-nio-8443-exec-8] DEBUG o.s.s.w.c.HttpSessionSecurityContextRepository - Retrieved SecurityContextImpl [Authentication=UsernamePasswordAuthenticationToken [Principal=ir.model.entity.CustomUserDetails@1a88c3b8, Credentials=[PROTECTED], Authenticated=true, Details=WebAuthenticationDetails [RemoteIpAddress=0:0:0:0:0:0:0:1, SessionId=6590EDA7D1BB36FB06EF4EBE5988FA5A], Granted Authorities=[TICKET_EDIT, ROLE_ADMIN, TICKET_DELETE, TICKET_CREATE]]]
08:17:56.739 [https-jsse-nio-8443-exec-7] DEBUG o.s.s.w.c.HttpSessionSecurityContextRepository - Retrieved SecurityContextImpl [Authentication=UsernamePasswordAuthenticationToken [Principal=ir.model.entity.CustomUserDetails@1a88c3b8, Credentials=[PROTECTED], Authenticated=true, Details=WebAuthenticationDetails [RemoteIpAddress=0:0:0:0:0:0:0:1, SessionId=6590EDA7D1BB36FB06EF4EBE5988FA5A], Granted Authorities=[TICKET_EDIT, ROLE_ADMIN, TICKET_DELETE, TICKET_CREATE]]]
08:17:56.740 [https-jsse-nio-8443-exec-2] DEBUG o.s.security.web.FilterChainProxy - Securing GET /js/fontawesome.js
08:17:56.741 [https-jsse-nio-8443-exec-2] DEBUG o.s.s.w.a.c.ChannelProcessingFilter - Request: filter invocation [GET /js/fontawesome.js]; ConfigAttributes: [REQUIRES_SECURE_CHANNEL]
08:17:56.741 [https-jsse-nio-8443-exec-1] DEBUG o.s.security.web.FilterChainProxy - Securing GET /js/toast.js
08:17:56.741 [https-jsse-nio-8443-exec-1] DEBUG o.s.s.w.a.c.ChannelProcessingFilter - Request: filter invocation [GET /js/toast.js]; ConfigAttributes: [REQUIRES_SECURE_CHANNEL]
08:17:56.741 [https-jsse-nio-8443-exec-10] DEBUG o.s.security.web.FilterChainProxy - Securing GET /js/script.js
08:17:56.741 [https-jsse-nio-8443-exec-2] DEBUG o.s.security.web.FilterChainProxy - Secured GET /js/fontawesome.js
08:17:56.741 [https-jsse-nio-8443-exec-10] DEBUG o.s.s.w.a.c.ChannelProcessingFilter - Request: filter invocation [GET /js/script.js]; ConfigAttributes: [REQUIRES_SECURE_CHANNEL]
08:17:56.741 [https-jsse-nio-8443-exec-1] DEBUG o.s.security.web.FilterChainProxy - Secured GET /js/toast.js
08:17:56.742 [https-jsse-nio-8443-exec-10] DEBUG o.s.security.web.FilterChainProxy - Secured GET /js/script.js
08:17:56.743 [https-jsse-nio-8443-exec-1] DEBUG o.s.s.w.c.HttpSessionSecurityContextRepository - Retrieved SecurityContextImpl [Authentication=UsernamePasswordAuthenticationToken [Principal=ir.model.entity.CustomUserDetails@1a88c3b8, Credentials=[PROTECTED], Authenticated=true, Details=WebAuthenticationDetails [RemoteIpAddress=0:0:0:0:0:0:0:1, SessionId=6590EDA7D1BB36FB06EF4EBE5988FA5A], Granted Authorities=[TICKET_EDIT, ROLE_ADMIN, TICKET_DELETE, TICKET_CREATE]]]
08:17:56.744 [https-jsse-nio-8443-exec-10] DEBUG o.s.s.w.c.HttpSessionSecurityContextRepository - Retrieved SecurityContextImpl [Authentication=UsernamePasswordAuthenticationToken [Principal=ir.model.entity.CustomUserDetails@1a88c3b8, Credentials=[PROTECTED], Authenticated=true, Details=WebAuthenticationDetails [RemoteIpAddress=0:0:0:0:0:0:0:1, SessionId=6590EDA7D1BB36FB06EF4EBE5988FA5A], Granted Authorities=[TICKET_EDIT, ROLE_ADMIN, TICKET_DELETE, TICKET_CREATE]]]
08:17:56.744 [https-jsse-nio-8443-exec-4] DEBUG o.s.s.w.c.HttpSessionSecurityContextRepository - Retrieved SecurityContextImpl [Authentication=UsernamePasswordAuthenticationToken [Principal=ir.model.entity.CustomUserDetails@1a88c3b8, Credentials=[PROTECTED], Authenticated=true, Details=WebAuthenticationDetails [RemoteIpAddress=0:0:0:0:0:0:0:1, SessionId=6590EDA7D1BB36FB06EF4EBE5988FA5A], Granted Authorities=[TICKET_EDIT, ROLE_ADMIN, TICKET_DELETE, TICKET_CREATE]]]
08:17:56.746 [https-jsse-nio-8443-exec-9] DEBUG o.s.security.web.FilterChainProxy - Securing GET /js/tickets.js
08:17:56.746 [https-jsse-nio-8443-exec-9] DEBUG o.s.s.w.a.c.ChannelProcessingFilter - Request: filter invocation [GET /js/tickets.js]; ConfigAttributes: [REQUIRES_SECURE_CHANNEL]
08:17:56.747 [https-jsse-nio-8443-exec-9] DEBUG o.s.security.web.FilterChainProxy - Secured GET /js/tickets.js
08:17:56.749 [https-jsse-nio-8443-exec-9] DEBUG o.s.s.w.c.HttpSessionSecurityContextRepository - Retrieved SecurityContextImpl [Authentication=UsernamePasswordAuthenticationToken [Principal=ir.model.entity.CustomUserDetails@1a88c3b8, Credentials=[PROTECTED], Authenticated=true, Details=WebAuthenticationDetails [RemoteIpAddress=0:0:0:0:0:0:0:1, SessionId=6590EDA7D1BB36FB06EF4EBE5988FA5A], Granted Authorities=[TICKET_EDIT, ROLE_ADMIN, TICKET_DELETE, TICKET_CREATE]]]
08:17:56.754 [https-jsse-nio-8443-exec-6] DEBUG o.s.s.w.c.HttpSessionSecurityContextRepository - Retrieved SecurityContextImpl [Authentication=UsernamePasswordAuthenticationToken [Principal=ir.model.entity.CustomUserDetails@1a88c3b8, Credentials=[PROTECTED], Authenticated=true, Details=WebAuthenticationDetails [RemoteIpAddress=0:0:0:0:0:0:0:1, SessionId=6590EDA7D1BB36FB06EF4EBE5988FA5A], Granted Authorities=[TICKET_EDIT, ROLE_ADMIN, TICKET_DELETE, TICKET_CREATE]]]
08:17:56.774 [https-jsse-nio-8443-exec-3] DEBUG o.s.s.w.c.HttpSessionSecurityContextRepository - Retrieved SecurityContextImpl [Authentication=UsernamePasswordAuthenticationToken [Principal=ir.model.entity.CustomUserDetails@1a88c3b8, Credentials=[PROTECTED], Authenticated=true, Details=WebAuthenticationDetails [RemoteIpAddress=0:0:0:0:0:0:0:1, SessionId=6590EDA7D1BB36FB06EF4EBE5988FA5A], Granted Authorities=[TICKET_EDIT, ROLE_ADMIN, TICKET_DELETE, TICKET_CREATE]]]
08:17:56.806 [https-jsse-nio-8443-exec-5] DEBUG o.s.security.web.FilterChainProxy - Securing GET /webfonts/fa-solid-900.woff2
08:17:56.806 [https-jsse-nio-8443-exec-5] DEBUG o.s.s.w.a.c.ChannelProcessingFilter - Request: filter invocation [GET /webfonts/fa-solid-900.woff2]; ConfigAttributes: [REQUIRES_SECURE_CHANNEL]
08:17:56.806 [https-jsse-nio-8443-exec-8] DEBUG o.s.security.web.FilterChainProxy - Securing GET /webfonts/fa-brands-400.woff2
08:17:56.806 [https-jsse-nio-8443-exec-8] DEBUG o.s.s.w.a.c.ChannelProcessingFilter - Request: filter invocation [GET /webfonts/fa-brands-400.woff2]; ConfigAttributes: [REQUIRES_SECURE_CHANNEL]
08:17:56.807 [https-jsse-nio-8443-exec-5] DEBUG o.s.s.w.c.HttpSessionSecurityContextRepository - Retrieved SecurityContextImpl [Authentication=UsernamePasswordAuthenticationToken [Principal=ir.model.entity.CustomUserDetails@1a88c3b8, Credentials=[PROTECTED], Authenticated=true, Details=WebAuthenticationDetails [RemoteIpAddress=0:0:0:0:0:0:0:1, SessionId=6590EDA7D1BB36FB06EF4EBE5988FA5A], Granted Authorities=[TICKET_EDIT, ROLE_ADMIN, TICKET_DELETE, TICKET_CREATE]]]
08:17:56.807 [https-jsse-nio-8443-exec-8] DEBUG o.s.s.w.c.HttpSessionSecurityContextRepository - Retrieved SecurityContextImpl [Authentication=UsernamePasswordAuthenticationToken [Principal=ir.model.entity.CustomUserDetails@1a88c3b8, Credentials=[PROTECTED], Authenticated=true, Details=WebAuthenticationDetails [RemoteIpAddress=0:0:0:0:0:0:0:1, SessionId=6590EDA7D1BB36FB06EF4EBE5988FA5A], Granted Authorities=[TICKET_EDIT, ROLE_ADMIN, TICKET_DELETE, TICKET_CREATE]]]
08:17:56.807 [https-jsse-nio-8443-exec-5] DEBUG o.s.security.web.FilterChainProxy - Secured GET /webfonts/fa-solid-900.woff2
08:17:56.807 [https-jsse-nio-8443-exec-8] DEBUG o.s.security.web.FilterChainProxy - Secured GET /webfonts/fa-brands-400.woff2
08:17:57.444 [https-jsse-nio-8443-exec-2] DEBUG o.s.s.w.c.HttpSessionSecurityContextRepository - Retrieved SecurityContextImpl [Authentication=UsernamePasswordAuthenticationToken [Principal=ir.model.entity.CustomUserDetails@1a88c3b8, Credentials=[PROTECTED], Authenticated=true, Details=WebAuthenticationDetails [RemoteIpAddress=0:0:0:0:0:0:0:1, SessionId=6590EDA7D1BB36FB06EF4EBE5988FA5A], Granted Authorities=[TICKET_EDIT, ROLE_ADMIN, TICKET_DELETE, TICKET_CREATE]]]
08:17:57.532 [https-jsse-nio-8443-exec-7] DEBUG o.s.security.web.FilterChainProxy - Securing GET /tickets?page=0&size=10&fragment=true
08:17:57.532 [https-jsse-nio-8443-exec-7] DEBUG o.s.s.w.a.c.ChannelProcessingFilter - Request: filter invocation [GET /tickets?page=0&size=10&fragment=true]; ConfigAttributes: [REQUIRES_SECURE_CHANNEL]
08:17:57.533 [https-jsse-nio-8443-exec-7] DEBUG o.s.s.w.c.HttpSessionSecurityContextRepository - Retrieved SecurityContextImpl [Authentication=UsernamePasswordAuthenticationToken [Principal=ir.model.entity.CustomUserDetails@1a88c3b8, Credentials=[PROTECTED], Authenticated=true, Details=WebAuthenticationDetails [RemoteIpAddress=0:0:0:0:0:0:0:1, SessionId=6590EDA7D1BB36FB06EF4EBE5988FA5A], Granted Authorities=[TICKET_EDIT, ROLE_ADMIN, TICKET_DELETE, TICKET_CREATE]]]
08:17:57.533 [https-jsse-nio-8443-exec-7] DEBUG o.s.security.web.FilterChainProxy - Secured GET /tickets?page=0&size=10&fragment=true
08:17:57.535 [https-jsse-nio-8443-exec-7] DEBUG o.s.jdbc.datasource.DataSourceUtils - Setting JDBC Connection [HikariProxyConnection@785953324 wrapping oracle.jdbc.driver.T4CConnection@5f8cb559] read-only
08:17:57.535 [https-jsse-nio-8443-exec-7] DEBUG o.h.e.t.internal.TransactionImpl - On TransactionImpl creation, JpaCompliance#isJpaTransactionComplianceEnabled == false
08:17:57.535 [https-jsse-nio-8443-exec-7] DEBUG o.h.e.t.internal.TransactionImpl - begin
08:17:57.536 [https-jsse-nio-8443-exec-7] DEBUG org.hibernate.SQL - 
    /* <criteria> */ select
        t1_0.id,
        t1_0.customer,
        t1_0.date_time,
        t1_0.deleted,
        t1_0.score,
        t1_0.section_id,
        t1_0.status,
        t1_0.title 
    from
        ticket_tbl t1_0 
    where
        (
            t1_0.deleted = 0
        ) 
        and 1=1 
    order by
        t1_0.date_time 
    offset
        ? rows 
    fetch
        first ? rows only
08:17:57.536 [https-jsse-nio-8443-exec-7] TRACE org.hibernate.orm.jdbc.bind - binding parameter (1:INTEGER) <- [0]
08:17:57.536 [https-jsse-nio-8443-exec-7] TRACE org.hibernate.orm.jdbc.bind - binding parameter (2:INTEGER) <- [10]
08:17:57.537 [https-jsse-nio-8443-exec-7] TRACE org.hibernate.orm.jdbc.extract - extracted value (1:BIGINT) -> [2]
08:17:57.537 [https-jsse-nio-8443-exec-7] TRACE org.hibernate.orm.jdbc.extract - extracted value (2:VARCHAR) -> [ali]
08:17:57.537 [https-jsse-nio-8443-exec-7] DEBUG org.hibernate.SQL - 
    select
        u1_0.username,
        u1_0.account_non_expired,
        u1_0.account_non_locked,
        u1_0.credentials_expiry_date,
        u1_0.credentials_non_expired,
        u1_0.deleted,
        u1_0.enabled,
        u1_0.password,
        rs1_0.username,
        rs1_1.name,
        rs1_1.deleted,
        ps1_0.role_name,
        ps1_1.id,
        ps1_1.deleted,
        ps1_1.permission 
    from
        user_tbl u1_0 
    left join
        (user_role_tbl rs1_0 
    join
        role_tbl rs1_1 
            on rs1_1.name=rs1_0.role_name) 
        on u1_0.username=rs1_0.username 
        and ( rs1_1.deleted = 0) 
    left join
        (role_permission_tbl ps1_0 
    join
        permission_tbl ps1_1 
            on ps1_1.id=ps1_0.permission) 
        on rs1_1.name=ps1_0.role_name 
        and ( ps1_1.deleted = 0) 
    where
        u1_0.username=? 
        and (
            u1_0.deleted = 0
        )
08:17:57.537 [https-jsse-nio-8443-exec-7] TRACE org.hibernate.orm.jdbc.bind - binding parameter (1:VARCHAR) <- [ali]
08:17:57.538 [https-jsse-nio-8443-exec-7] TRACE org.hibernate.orm.jdbc.extract - extracted value (9:VARCHAR) -> [ali]
08:17:57.538 [https-jsse-nio-8443-exec-7] TRACE org.hibernate.orm.jdbc.extract - extracted value (10:VARCHAR) -> [ROLE_ADMIN]
08:17:57.538 [https-jsse-nio-8443-exec-7] TRACE org.hibernate.orm.jdbc.extract - extracted value (12:VARCHAR) -> [ROLE_ADMIN]
08:17:57.538 [https-jsse-nio-8443-exec-7] TRACE org.hibernate.orm.jdbc.extract - extracted value (13:BIGINT) -> [3]
08:17:57.538 [https-jsse-nio-8443-exec-7] TRACE org.hibernate.orm.jdbc.extract - extracted value (14:BOOLEAN) -> [false]
08:17:57.538 [https-jsse-nio-8443-exec-7] TRACE org.hibernate.orm.jdbc.extract - extracted value (15:VARCHAR) -> [TICKET_EDIT]
08:17:57.538 [https-jsse-nio-8443-exec-7] TRACE org.hibernate.orm.jdbc.extract - extracted value (11:BOOLEAN) -> [false]
08:17:57.538 [https-jsse-nio-8443-exec-7] TRACE org.hibernate.orm.jdbc.extract - extracted value (2:BOOLEAN) -> [true]
08:17:57.538 [https-jsse-nio-8443-exec-7] TRACE org.hibernate.orm.jdbc.extract - extracted value (3:BOOLEAN) -> [true]
08:17:57.538 [https-jsse-nio-8443-exec-7] TRACE org.hibernate.orm.jdbc.extract - extracted value (4:TIMESTAMP) -> [2026-02-15T12:09:59.147750]
08:17:57.538 [https-jsse-nio-8443-exec-7] TRACE org.hibernate.orm.jdbc.extract - extracted value (5:BOOLEAN) -> [true]
08:17:57.538 [https-jsse-nio-8443-exec-7] TRACE org.hibernate.orm.jdbc.extract - extracted value (6:BOOLEAN) -> [false]
08:17:57.538 [https-jsse-nio-8443-exec-7] TRACE org.hibernate.orm.jdbc.extract - extracted value (7:BOOLEAN) -> [true]
08:17:57.538 [https-jsse-nio-8443-exec-7] TRACE org.hibernate.orm.jdbc.extract - extracted value (8:VARCHAR) -> [$2a$12$bkc9M5.5k8h.ROXdCI2/C.8SwxJ3Deo/KRSLcUqhWVAO2P5IFakGe]
08:17:57.538 [https-jsse-nio-8443-exec-7] TRACE org.hibernate.orm.jdbc.extract - extracted value (10:VARCHAR) -> [ROLE_ADMIN]
08:17:57.538 [https-jsse-nio-8443-exec-7] TRACE org.hibernate.orm.jdbc.extract - extracted value (13:BIGINT) -> [4]
08:17:57.539 [https-jsse-nio-8443-exec-7] TRACE org.hibernate.orm.jdbc.extract - extracted value (14:BOOLEAN) -> [false]
08:17:57.539 [https-jsse-nio-8443-exec-7] TRACE org.hibernate.orm.jdbc.extract - extracted value (15:VARCHAR) -> [TICKET_DELETE]
08:17:57.539 [https-jsse-nio-8443-exec-7] TRACE org.hibernate.orm.jdbc.extract - extracted value (10:VARCHAR) -> [ROLE_ADMIN]
08:17:57.539 [https-jsse-nio-8443-exec-7] TRACE org.hibernate.orm.jdbc.extract - extracted value (13:BIGINT) -> [5]
08:17:57.539 [https-jsse-nio-8443-exec-7] TRACE org.hibernate.orm.jdbc.extract - extracted value (14:BOOLEAN) -> [false]
08:17:57.539 [https-jsse-nio-8443-exec-7] TRACE org.hibernate.orm.jdbc.extract - extracted value (15:VARCHAR) -> [TICKET_CREATE]
08:17:57.539 [https-jsse-nio-8443-exec-7] TRACE org.hibernate.orm.jdbc.extract - extracted value (6:BIGINT) -> [3]
08:17:57.539 [https-jsse-nio-8443-exec-7] DEBUG org.hibernate.SQL - 
    select
        s1_0.id,
        s1_0.deleted,
        ps1_0.id,
        ps1_0.deleted,
        ps1_0.parent_section_id,
        ps1_0.title,
        s1_0.title,
        csl1_0.parent_section_id,
        csl1_0.id,
        csl1_0.deleted,
        csl1_0.title 
    from
        section_table s1_0 
    left join
        section_table ps1_0 
            on ps1_0.id=s1_0.parent_section_id 
            and (ps1_0.deleted = 0) 
    left join
        section_table csl1_0 
            on s1_0.id=csl1_0.parent_section_id 
            and (csl1_0.deleted = 0) 
    where
        s1_0.id=? 
        and (
            s1_0.deleted = 0
        )
08:17:57.539 [https-jsse-nio-8443-exec-7] TRACE org.hibernate.orm.jdbc.bind - binding parameter (1:BIGINT) <- [3]
08:17:57.540 [https-jsse-nio-8443-exec-7] TRACE org.hibernate.orm.jdbc.extract - extracted value (8:BIGINT) -> [3]
08:17:57.540 [https-jsse-nio-8443-exec-7] TRACE org.hibernate.orm.jdbc.extract - extracted value (9:BIGINT) -> [4]
08:17:57.540 [https-jsse-nio-8443-exec-7] TRACE org.hibernate.orm.jdbc.extract - extracted value (3:BIGINT) -> [1]
08:17:57.540 [https-jsse-nio-8443-exec-7] TRACE org.hibernate.orm.jdbc.extract - extracted value (5:BIGINT) -> [null]
08:17:57.540 [https-jsse-nio-8443-exec-7] TRACE org.hibernate.orm.jdbc.extract - extracted value (10:BOOLEAN) -> [false]
08:17:57.540 [https-jsse-nio-8443-exec-7] TRACE org.hibernate.orm.jdbc.extract - extracted value (11:VARCHAR) -> [BUS]
08:17:57.540 [https-jsse-nio-8443-exec-7] TRACE org.hibernate.orm.jdbc.extract - extracted value (4:BOOLEAN) -> [false]
08:17:57.540 [https-jsse-nio-8443-exec-7] TRACE org.hibernate.orm.jdbc.extract - extracted value (6:VARCHAR) -> [MAIN SECTION]
08:17:57.540 [https-jsse-nio-8443-exec-7] TRACE org.hibernate.orm.jdbc.extract - extracted value (2:BOOLEAN) -> [false]
08:17:57.540 [https-jsse-nio-8443-exec-7] TRACE org.hibernate.orm.jdbc.extract - extracted value (7:VARCHAR) -> [TRANSPORT]
08:17:57.540 [https-jsse-nio-8443-exec-7] TRACE org.hibernate.orm.jdbc.extract - extracted value (9:BIGINT) -> [5]
08:17:57.540 [https-jsse-nio-8443-exec-7] TRACE org.hibernate.orm.jdbc.extract - extracted value (10:BOOLEAN) -> [false]
08:17:57.540 [https-jsse-nio-8443-exec-7] TRACE org.hibernate.orm.jdbc.extract - extracted value (11:VARCHAR) -> [TAXI]
08:17:57.540 [https-jsse-nio-8443-exec-7] TRACE org.hibernate.orm.jdbc.extract - extracted value (9:BIGINT) -> [7]
08:17:57.541 [https-jsse-nio-8443-exec-7] TRACE org.hibernate.orm.jdbc.extract - extracted value (10:BOOLEAN) -> [false]
08:17:57.541 [https-jsse-nio-8443-exec-7] TRACE org.hibernate.orm.jdbc.extract - extracted value (11:VARCHAR) -> [TRAIN]
08:17:57.541 [https-jsse-nio-8443-exec-7] TRACE org.hibernate.orm.jdbc.extract - extracted value (3:TIMESTAMP) -> [2025-08-15T00:14:09.625]
08:17:57.541 [https-jsse-nio-8443-exec-7] TRACE org.hibernate.orm.jdbc.extract - extracted value (4:BOOLEAN) -> [false]
08:17:57.541 [https-jsse-nio-8443-exec-7] TRACE org.hibernate.orm.jdbc.extract - extracted value (5:INTEGER) -> [3]
08:17:57.541 [https-jsse-nio-8443-exec-7] TRACE org.hibernate.orm.jdbc.extract - extracted value (7:TINYINT) -> [NotSeen]
08:17:57.541 [https-jsse-nio-8443-exec-7] TRACE org.hibernate.orm.jdbc.extract - extracted value (8:VARCHAR) -> [test1]
08:17:57.541 [https-jsse-nio-8443-exec-7] TRACE org.hibernate.orm.jdbc.extract - extracted value (1:BIGINT) -> [4]
08:17:57.541 [https-jsse-nio-8443-exec-7] TRACE org.hibernate.orm.jdbc.extract - extracted value (2:VARCHAR) -> [ali]
08:17:57.541 [https-jsse-nio-8443-exec-7] TRACE org.hibernate.orm.jdbc.extract - extracted value (6:BIGINT) -> [2]
08:17:57.541 [https-jsse-nio-8443-exec-7] DEBUG org.hibernate.SQL - 
    select
        s1_0.id,
        s1_0.deleted,
        ps1_0.id,
        ps1_0.deleted,
        ps1_0.parent_section_id,
        ps1_0.title,
        s1_0.title,
        csl1_0.parent_section_id,
        csl1_0.id,
        csl1_0.deleted,
        csl1_0.title 
    from
        section_table s1_0 
    left join
        section_table ps1_0 
            on ps1_0.id=s1_0.parent_section_id 
            and (ps1_0.deleted = 0) 
    left join
        section_table csl1_0 
            on s1_0.id=csl1_0.parent_section_id 
            and (csl1_0.deleted = 0) 
    where
        s1_0.id=? 
        and (
            s1_0.deleted = 0
        )
08:17:57.542 [https-jsse-nio-8443-exec-7] TRACE org.hibernate.orm.jdbc.bind - binding parameter (1:BIGINT) <- [2]
08:17:57.542 [https-jsse-nio-8443-exec-7] TRACE org.hibernate.orm.jdbc.extract - extracted value (8:BIGINT) -> [null]
08:17:57.542 [https-jsse-nio-8443-exec-7] TRACE org.hibernate.orm.jdbc.extract - extracted value (3:BIGINT) -> [1]
08:17:57.543 [https-jsse-nio-8443-exec-7] TRACE org.hibernate.orm.jdbc.extract - extracted value (2:BOOLEAN) -> [false]
08:17:57.543 [https-jsse-nio-8443-exec-7] TRACE org.hibernate.orm.jdbc.extract - extracted value (7:VARCHAR) -> [HSE]
08:17:57.543 [https-jsse-nio-8443-exec-7] TRACE org.hibernate.orm.jdbc.extract - extracted value (3:TIMESTAMP) -> [2025-08-17T18:19:31.286221]
08:17:57.543 [https-jsse-nio-8443-exec-7] TRACE org.hibernate.orm.jdbc.extract - extracted value (4:BOOLEAN) -> [false]
08:17:57.543 [https-jsse-nio-8443-exec-7] TRACE org.hibernate.orm.jdbc.extract - extracted value (5:INTEGER) -> [null]
08:17:57.543 [https-jsse-nio-8443-exec-7] TRACE org.hibernate.orm.jdbc.extract - extracted value (7:TINYINT) -> [Responsed]
08:17:57.543 [https-jsse-nio-8443-exec-7] TRACE org.hibernate.orm.jdbc.extract - extracted value (8:VARCHAR) -> [test 2]
08:17:57.543 [https-jsse-nio-8443-exec-7] TRACE org.hibernate.orm.jdbc.extract - extracted value (1:BIGINT) -> [5]
08:17:57.543 [https-jsse-nio-8443-exec-7] TRACE org.hibernate.orm.jdbc.extract - extracted value (2:VARCHAR) -> [ali]
08:17:57.543 [https-jsse-nio-8443-exec-7] TRACE org.hibernate.orm.jdbc.extract - extracted value (6:BIGINT) -> [6]
08:17:57.543 [https-jsse-nio-8443-exec-7] DEBUG org.hibernate.SQL - 
    select
        s1_0.id,
        s1_0.deleted,
        ps1_0.id,
        ps1_0.deleted,
        ps1_0.parent_section_id,
        ps1_0.title,
        s1_0.title,
        csl1_0.parent_section_id,
        csl1_0.id,
        csl1_0.deleted,
        csl1_0.title 
    from
        section_table s1_0 
    left join
        section_table ps1_0 
            on ps1_0.id=s1_0.parent_section_id 
            and (ps1_0.deleted = 0) 
    left join
        section_table csl1_0 
            on s1_0.id=csl1_0.parent_section_id 
            and (csl1_0.deleted = 0) 
    where
        s1_0.id=? 
        and (
            s1_0.deleted = 0
        )
08:17:57.544 [https-jsse-nio-8443-exec-7] TRACE org.hibernate.orm.jdbc.bind - binding parameter (1:BIGINT) <- [6]
08:17:57.544 [https-jsse-nio-8443-exec-7] TRACE org.hibernate.orm.jdbc.extract - extracted value (8:BIGINT) -> [6]
08:17:57.544 [https-jsse-nio-8443-exec-7] TRACE org.hibernate.orm.jdbc.extract - extracted value (9:BIGINT) -> [51]
08:17:57.544 [https-jsse-nio-8443-exec-7] TRACE org.hibernate.orm.jdbc.extract - extracted value (3:BIGINT) -> [1]
08:17:57.544 [https-jsse-nio-8443-exec-7] TRACE org.hibernate.orm.jdbc.extract - extracted value (10:BOOLEAN) -> [false]
08:17:57.544 [https-jsse-nio-8443-exec-7] TRACE org.hibernate.orm.jdbc.extract - extracted value (11:VARCHAR) -> [Q12]
08:17:57.545 [https-jsse-nio-8443-exec-7] TRACE org.hibernate.orm.jdbc.extract - extracted value (2:BOOLEAN) -> [false]
08:17:57.545 [https-jsse-nio-8443-exec-7] TRACE org.hibernate.orm.jdbc.extract - extracted value (7:VARCHAR) -> [ARCHIVE]
08:17:57.545 [https-jsse-nio-8443-exec-7] TRACE org.hibernate.orm.jdbc.extract - extracted value (3:TIMESTAMP) -> [2025-08-17T21:13:01.507736]
08:17:57.545 [https-jsse-nio-8443-exec-7] TRACE org.hibernate.orm.jdbc.extract - extracted value (4:BOOLEAN) -> [false]
08:17:57.545 [https-jsse-nio-8443-exec-7] TRACE org.hibernate.orm.jdbc.extract - extracted value (5:INTEGER) -> [null]
08:17:57.545 [https-jsse-nio-8443-exec-7] TRACE org.hibernate.orm.jdbc.extract - extracted value (7:TINYINT) -> [NotSeen]
08:17:57.545 [https-jsse-nio-8443-exec-7] TRACE org.hibernate.orm.jdbc.extract - extracted value (8:VARCHAR) -> [test 3]
08:17:57.545 [https-jsse-nio-8443-exec-7] TRACE org.hibernate.orm.jdbc.extract - extracted value (1:BIGINT) -> [7]
08:17:57.545 [https-jsse-nio-8443-exec-7] TRACE org.hibernate.orm.jdbc.extract - extracted value (2:VARCHAR) -> [ali]
08:17:57.545 [https-jsse-nio-8443-exec-7] TRACE org.hibernate.orm.jdbc.extract - extracted value (6:BIGINT) -> [3]
08:17:57.545 [https-jsse-nio-8443-exec-7] TRACE org.hibernate.orm.jdbc.extract - extracted value (3:TIMESTAMP) -> [2025-08-17T21:28:45.615086]
08:17:57.545 [https-jsse-nio-8443-exec-7] TRACE org.hibernate.orm.jdbc.extract - extracted value (4:BOOLEAN) -> [false]
08:17:57.545 [https-jsse-nio-8443-exec-7] TRACE org.hibernate.orm.jdbc.extract - extracted value (5:INTEGER) -> [null]
08:17:57.545 [https-jsse-nio-8443-exec-7] TRACE org.hibernate.orm.jdbc.extract - extracted value (7:TINYINT) -> [NotSeen]
08:17:57.545 [https-jsse-nio-8443-exec-7] TRACE org.hibernate.orm.jdbc.extract - extracted value (8:VARCHAR) -> [test 4]
08:17:57.545 [https-jsse-nio-8443-exec-7] TRACE org.hibernate.orm.jdbc.extract - extracted value (1:BIGINT) -> [10]
08:17:57.545 [https-jsse-nio-8443-exec-7] TRACE org.hibernate.orm.jdbc.extract - extracted value (2:VARCHAR) -> [ali]
08:17:57.545 [https-jsse-nio-8443-exec-7] TRACE org.hibernate.orm.jdbc.extract - extracted value (6:BIGINT) -> [2]
08:17:57.545 [https-jsse-nio-8443-exec-7] TRACE org.hibernate.orm.jdbc.extract - extracted value (3:TIMESTAMP) -> [2025-08-17T21:56:26.780465]
08:17:57.545 [https-jsse-nio-8443-exec-7] TRACE org.hibernate.orm.jdbc.extract - extracted value (4:BOOLEAN) -> [false]
08:17:57.545 [https-jsse-nio-8443-exec-7] TRACE org.hibernate.orm.jdbc.extract - extracted value (5:INTEGER) -> [null]
08:17:57.545 [https-jsse-nio-8443-exec-7] TRACE org.hibernate.orm.jdbc.extract - extracted value (7:TINYINT) -> [NotSeen]
08:17:57.545 [https-jsse-nio-8443-exec-7] TRACE org.hibernate.orm.jdbc.extract - extracted value (8:VARCHAR) -> [new]
08:17:57.545 [https-jsse-nio-8443-exec-7] TRACE org.hibernate.orm.jdbc.extract - extracted value (1:BIGINT) -> [11]
08:17:57.545 [https-jsse-nio-8443-exec-7] TRACE org.hibernate.orm.jdbc.extract - extracted value (2:VARCHAR) -> [shirin]
08:17:57.547 [https-jsse-nio-8443-exec-7] DEBUG org.hibernate.SQL - 
    select
        u1_0.username,
        u1_0.account_non_expired,
        u1_0.account_non_locked,
        u1_0.credentials_expiry_date,
        u1_0.credentials_non_expired,
        u1_0.deleted,
        u1_0.enabled,
        u1_0.password,
        rs1_0.username,
        rs1_1.name,
        rs1_1.deleted,
        ps1_0.role_name,
        ps1_1.id,
        ps1_1.deleted,
        ps1_1.permission 
    from
        user_tbl u1_0 
    left join
        (user_role_tbl rs1_0 
    join
        role_tbl rs1_1 
            on rs1_1.name=rs1_0.role_name) 
        on u1_0.username=rs1_0.username 
        and ( rs1_1.deleted = 0) 
    left join
        (role_permission_tbl ps1_0 
    join
        permission_tbl ps1_1 
            on ps1_1.id=ps1_0.permission) 
        on rs1_1.name=ps1_0.role_name 
        and ( ps1_1.deleted = 0) 
    where
        u1_0.username=? 
        and (
            u1_0.deleted = 0
        )
08:17:57.547 [https-jsse-nio-8443-exec-7] TRACE org.hibernate.orm.jdbc.bind - binding parameter (1:VARCHAR) <- [shirin]
08:17:57.547 [https-jsse-nio-8443-exec-7] TRACE org.hibernate.orm.jdbc.extract - extracted value (9:VARCHAR) -> [shirin]
08:17:57.547 [https-jsse-nio-8443-exec-7] TRACE org.hibernate.orm.jdbc.extract - extracted value (10:VARCHAR) -> [ROLE_CUSTOMER]
08:17:57.547 [https-jsse-nio-8443-exec-7] TRACE org.hibernate.orm.jdbc.extract - extracted value (12:VARCHAR) -> [ROLE_CUSTOMER]
08:17:57.547 [https-jsse-nio-8443-exec-7] TRACE org.hibernate.orm.jdbc.extract - extracted value (13:BIGINT) -> [5]
08:17:57.547 [https-jsse-nio-8443-exec-7] TRACE org.hibernate.orm.jdbc.extract - extracted value (11:BOOLEAN) -> [false]
08:17:57.547 [https-jsse-nio-8443-exec-7] TRACE org.hibernate.orm.jdbc.extract - extracted value (2:BOOLEAN) -> [true]
08:17:57.547 [https-jsse-nio-8443-exec-7] TRACE org.hibernate.orm.jdbc.extract - extracted value (3:BOOLEAN) -> [true]
08:17:57.547 [https-jsse-nio-8443-exec-7] TRACE org.hibernate.orm.jdbc.extract - extracted value (4:TIMESTAMP) -> [2026-02-15T12:38]
08:17:57.547 [https-jsse-nio-8443-exec-7] TRACE org.hibernate.orm.jdbc.extract - extracted value (5:BOOLEAN) -> [true]
08:17:57.547 [https-jsse-nio-8443-exec-7] TRACE org.hibernate.orm.jdbc.extract - extracted value (6:BOOLEAN) -> [false]
08:17:57.547 [https-jsse-nio-8443-exec-7] TRACE org.hibernate.orm.jdbc.extract - extracted value (7:BOOLEAN) -> [true]
08:17:57.547 [https-jsse-nio-8443-exec-7] TRACE org.hibernate.orm.jdbc.extract - extracted value (8:VARCHAR) -> [$2a$12$ycbWX6LGjFbEOG63G80LVeFa7BWTps7/MAiv7fsxhgfM7o4zJu7lC]
08:17:57.548 [https-jsse-nio-8443-exec-7] TRACE org.hibernate.orm.jdbc.extract - extracted value (6:BIGINT) -> [2]
08:17:57.548 [https-jsse-nio-8443-exec-7] TRACE org.hibernate.orm.jdbc.extract - extracted value (3:TIMESTAMP) -> [2025-08-17T23:33:37.500446]
08:17:57.548 [https-jsse-nio-8443-exec-7] TRACE org.hibernate.orm.jdbc.extract - extracted value (4:BOOLEAN) -> [false]
08:17:57.548 [https-jsse-nio-8443-exec-7] TRACE org.hibernate.orm.jdbc.extract - extracted value (5:INTEGER) -> [null]
08:17:57.548 [https-jsse-nio-8443-exec-7] TRACE org.hibernate.orm.jdbc.extract - extracted value (7:TINYINT) -> [Seen]
08:17:57.548 [https-jsse-nio-8443-exec-7] TRACE org.hibernate.orm.jdbc.extract - extracted value (8:VARCHAR) -> [customer test 1]
08:17:57.548 [https-jsse-nio-8443-exec-7] TRACE org.hibernate.orm.jdbc.extract - extracted value (1:BIGINT) -> [12]
08:17:57.548 [https-jsse-nio-8443-exec-7] TRACE org.hibernate.orm.jdbc.extract - extracted value (2:VARCHAR) -> [shirin]
08:17:57.548 [https-jsse-nio-8443-exec-7] TRACE org.hibernate.orm.jdbc.extract - extracted value (6:BIGINT) -> [5]
08:17:57.548 [https-jsse-nio-8443-exec-7] TRACE org.hibernate.orm.jdbc.extract - extracted value (3:TIMESTAMP) -> [2025-08-17T23:40:58.948110]
08:17:57.548 [https-jsse-nio-8443-exec-7] TRACE org.hibernate.orm.jdbc.extract - extracted value (4:BOOLEAN) -> [false]
08:17:57.548 [https-jsse-nio-8443-exec-7] TRACE org.hibernate.orm.jdbc.extract - extracted value (5:INTEGER) -> [null]
08:17:57.548 [https-jsse-nio-8443-exec-7] TRACE org.hibernate.orm.jdbc.extract - extracted value (7:TINYINT) -> [NotSeen]
08:17:57.548 [https-jsse-nio-8443-exec-7] TRACE org.hibernate.orm.jdbc.extract - extracted value (8:VARCHAR) -> [customer test 2]
08:17:57.548 [https-jsse-nio-8443-exec-7] TRACE org.hibernate.orm.jdbc.extract - extracted value (1:BIGINT) -> [13]
08:17:57.548 [https-jsse-nio-8443-exec-7] TRACE org.hibernate.orm.jdbc.extract - extracted value (2:VARCHAR) -> [ali]
08:17:57.548 [https-jsse-nio-8443-exec-7] TRACE org.hibernate.orm.jdbc.extract - extracted value (6:BIGINT) -> [6]
08:17:57.548 [https-jsse-nio-8443-exec-7] TRACE org.hibernate.orm.jdbc.extract - extracted value (3:TIMESTAMP) -> [2025-08-17T23:43:18.831948]
08:17:57.548 [https-jsse-nio-8443-exec-7] TRACE org.hibernate.orm.jdbc.extract - extracted value (4:BOOLEAN) -> [false]
08:17:57.548 [https-jsse-nio-8443-exec-7] TRACE org.hibernate.orm.jdbc.extract - extracted value (5:INTEGER) -> [null]
08:17:57.548 [https-jsse-nio-8443-exec-7] TRACE org.hibernate.orm.jdbc.extract - extracted value (7:TINYINT) -> [NotSeen]
08:17:57.548 [https-jsse-nio-8443-exec-7] TRACE org.hibernate.orm.jdbc.extract - extracted value (8:VARCHAR) -> [admin test 1]
08:17:57.548 [https-jsse-nio-8443-exec-7] TRACE org.hibernate.orm.jdbc.extract - extracted value (1:BIGINT) -> [14]
08:17:57.548 [https-jsse-nio-8443-exec-7] TRACE org.hibernate.orm.jdbc.extract - extracted value (2:VARCHAR) -> [artin]
08:17:57.548 [https-jsse-nio-8443-exec-7] DEBUG org.hibernate.SQL - 
    select
        u1_0.username,
        u1_0.account_non_expired,
        u1_0.account_non_locked,
        u1_0.credentials_expiry_date,
        u1_0.credentials_non_expired,
        u1_0.deleted,
        u1_0.enabled,
        u1_0.password,
        rs1_0.username,
        rs1_1.name,
        rs1_1.deleted,
        ps1_0.role_name,
        ps1_1.id,
        ps1_1.deleted,
        ps1_1.permission 
    from
        user_tbl u1_0 
    left join
        (user_role_tbl rs1_0 
    join
        role_tbl rs1_1 
            on rs1_1.name=rs1_0.role_name) 
        on u1_0.username=rs1_0.username 
        and ( rs1_1.deleted = 0) 
    left join
        (role_permission_tbl ps1_0 
    join
        permission_tbl ps1_1 
            on ps1_1.id=ps1_0.permission) 
        on rs1_1.name=ps1_0.role_name 
        and ( ps1_1.deleted = 0) 
    where
        u1_0.username=? 
        and (
            u1_0.deleted = 0
        )
08:17:57.548 [https-jsse-nio-8443-exec-7] TRACE org.hibernate.orm.jdbc.bind - binding parameter (1:VARCHAR) <- [artin]
08:17:57.549 [https-jsse-nio-8443-exec-7] TRACE org.hibernate.orm.jdbc.extract - extracted value (9:VARCHAR) -> [artin]
08:17:57.549 [https-jsse-nio-8443-exec-7] TRACE org.hibernate.orm.jdbc.extract - extracted value (10:VARCHAR) -> [ROLE_CUSTOMER]
08:17:57.549 [https-jsse-nio-8443-exec-7] TRACE org.hibernate.orm.jdbc.extract - extracted value (2:BOOLEAN) -> [true]
08:17:57.550 [https-jsse-nio-8443-exec-7] TRACE org.hibernate.orm.jdbc.extract - extracted value (3:BOOLEAN) -> [true]
08:17:57.550 [https-jsse-nio-8443-exec-7] TRACE org.hibernate.orm.jdbc.extract - extracted value (4:TIMESTAMP) -> [2026-04-04T16:39]
08:17:57.550 [https-jsse-nio-8443-exec-7] TRACE org.hibernate.orm.jdbc.extract - extracted value (5:BOOLEAN) -> [true]
08:17:57.550 [https-jsse-nio-8443-exec-7] TRACE org.hibernate.orm.jdbc.extract - extracted value (6:BOOLEAN) -> [false]
08:17:57.550 [https-jsse-nio-8443-exec-7] TRACE org.hibernate.orm.jdbc.extract - extracted value (7:BOOLEAN) -> [true]
08:17:57.550 [https-jsse-nio-8443-exec-7] TRACE org.hibernate.orm.jdbc.extract - extracted value (8:VARCHAR) -> [$2a$12$LQ/9Uj10CUQqYQSeLTXUEugUzI7FXTZnvnYR6fTSOkdmnpp1mfGMS]
08:17:57.550 [https-jsse-nio-8443-exec-7] TRACE org.hibernate.orm.jdbc.extract - extracted value (6:BIGINT) -> [4]
08:17:57.550 [https-jsse-nio-8443-exec-7] TRACE org.hibernate.orm.jdbc.extract - extracted value (3:TIMESTAMP) -> [2025-08-17T23:44:35.887121]
08:17:57.550 [https-jsse-nio-8443-exec-7] TRACE org.hibernate.orm.jdbc.extract - extracted value (4:BOOLEAN) -> [false]
08:17:57.550 [https-jsse-nio-8443-exec-7] TRACE org.hibernate.orm.jdbc.extract - extracted value (5:INTEGER) -> [null]
08:17:57.550 [https-jsse-nio-8443-exec-7] TRACE org.hibernate.orm.jdbc.extract - extracted value (7:TINYINT) -> [Responsed]
08:17:57.550 [https-jsse-nio-8443-exec-7] TRACE org.hibernate.orm.jdbc.extract - extracted value (8:VARCHAR) -> [customer test 4]
08:17:57.550 [https-jsse-nio-8443-exec-7] TRACE org.hibernate.orm.jdbc.extract - extracted value (1:BIGINT) -> [15]
08:17:57.550 [https-jsse-nio-8443-exec-7] TRACE org.hibernate.orm.jdbc.extract - extracted value (2:VARCHAR) -> [payam]
08:17:57.550 [https-jsse-nio-8443-exec-7] DEBUG org.hibernate.SQL - 
    select
        u1_0.username,
        u1_0.account_non_expired,
        u1_0.account_non_locked,
        u1_0.credentials_expiry_date,
        u1_0.credentials_non_expired,
        u1_0.deleted,
        u1_0.enabled,
        u1_0.password,
        rs1_0.username,
        rs1_1.name,
        rs1_1.deleted,
        ps1_0.role_name,
        ps1_1.id,
        ps1_1.deleted,
        ps1_1.permission 
    from
        user_tbl u1_0 
    left join
        (user_role_tbl rs1_0 
    join
        role_tbl rs1_1 
            on rs1_1.name=rs1_0.role_name) 
        on u1_0.username=rs1_0.username 
        and ( rs1_1.deleted = 0) 
    left join
        (role_permission_tbl ps1_0 
    join
        permission_tbl ps1_1 
            on ps1_1.id=ps1_0.permission) 
        on rs1_1.name=ps1_0.role_name 
        and ( ps1_1.deleted = 0) 
    where
        u1_0.username=? 
        and (
            u1_0.deleted = 0
        )
08:17:57.551 [https-jsse-nio-8443-exec-7] TRACE org.hibernate.orm.jdbc.bind - binding parameter (1:VARCHAR) <- [payam]
08:17:57.551 [https-jsse-nio-8443-exec-7] TRACE org.hibernate.orm.jdbc.extract - extracted value (9:VARCHAR) -> [payam]
08:17:57.551 [https-jsse-nio-8443-exec-7] TRACE org.hibernate.orm.jdbc.extract - extracted value (10:VARCHAR) -> [ROLE_MANAGER]
08:17:57.551 [https-jsse-nio-8443-exec-7] TRACE org.hibernate.orm.jdbc.extract - extracted value (12:VARCHAR) -> [ROLE_MANAGER]
08:17:57.551 [https-jsse-nio-8443-exec-7] TRACE org.hibernate.orm.jdbc.extract - extracted value (13:BIGINT) -> [3]
08:17:57.552 [https-jsse-nio-8443-exec-7] TRACE org.hibernate.orm.jdbc.extract - extracted value (11:BOOLEAN) -> [false]
08:17:57.552 [https-jsse-nio-8443-exec-7] TRACE org.hibernate.orm.jdbc.extract - extracted value (2:BOOLEAN) -> [true]
08:17:57.552 [https-jsse-nio-8443-exec-7] TRACE org.hibernate.orm.jdbc.extract - extracted value (3:BOOLEAN) -> [true]
08:17:57.552 [https-jsse-nio-8443-exec-7] TRACE org.hibernate.orm.jdbc.extract - extracted value (4:TIMESTAMP) -> [2026-08-08T20:00]
08:17:57.552 [https-jsse-nio-8443-exec-7] TRACE org.hibernate.orm.jdbc.extract - extracted value (5:BOOLEAN) -> [true]
08:17:57.552 [https-jsse-nio-8443-exec-7] TRACE org.hibernate.orm.jdbc.extract - extracted value (6:BOOLEAN) -> [false]
08:17:57.552 [https-jsse-nio-8443-exec-7] TRACE org.hibernate.orm.jdbc.extract - extracted value (7:BOOLEAN) -> [true]
08:17:57.552 [https-jsse-nio-8443-exec-7] TRACE org.hibernate.orm.jdbc.extract - extracted value (8:VARCHAR) -> [$2a$12$lVuQXTkB0crKuwzQLIv7QumZWQZdMFMeR4CnkQoftAsg8CiLwEYB6]
08:17:57.552 [https-jsse-nio-8443-exec-7] TRACE org.hibernate.orm.jdbc.extract - extracted value (6:BIGINT) -> [1]
08:17:57.552 [https-jsse-nio-8443-exec-7] TRACE org.hibernate.orm.jdbc.extract - extracted value (3:TIMESTAMP) -> [2025-08-17T23:50:03.435260]
08:17:57.552 [https-jsse-nio-8443-exec-7] TRACE org.hibernate.orm.jdbc.extract - extracted value (4:BOOLEAN) -> [false]
08:17:57.552 [https-jsse-nio-8443-exec-7] TRACE org.hibernate.orm.jdbc.extract - extracted value (5:INTEGER) -> [null]
08:17:57.552 [https-jsse-nio-8443-exec-7] TRACE org.hibernate.orm.jdbc.extract - extracted value (7:TINYINT) -> [NotSeen]
08:17:57.552 [https-jsse-nio-8443-exec-7] TRACE org.hibernate.orm.jdbc.extract - extracted value (8:VARCHAR) -> [payam]
08:17:57.553 [https-jsse-nio-8443-exec-7] DEBUG org.hibernate.SQL - 
    select
        csl1_0.parent_section_id,
        csl1_0.id,
        csl1_0.deleted,
        csl1_0.title 
    from
        section_table csl1_0 
    where
        csl1_0.parent_section_id=? 
        and (
            csl1_0.deleted = 0
        )
08:17:57.553 [https-jsse-nio-8443-exec-7] TRACE org.hibernate.orm.jdbc.bind - binding parameter (1:BIGINT) <- [51]
08:17:57.553 [https-jsse-nio-8443-exec-7] TRACE org.hibernate.orm.jdbc.extract - extracted value (1:BIGINT) -> [51]
08:17:57.553 [https-jsse-nio-8443-exec-7] TRACE org.hibernate.orm.jdbc.extract - extracted value (2:BIGINT) -> [52]
08:17:57.553 [https-jsse-nio-8443-exec-7] TRACE org.hibernate.orm.jdbc.extract - extracted value (3:BOOLEAN) -> [false]
08:17:57.553 [https-jsse-nio-8443-exec-7] TRACE org.hibernate.orm.jdbc.extract - extracted value (4:VARCHAR) -> [Q13]
08:17:57.554 [https-jsse-nio-8443-exec-7] DEBUG org.hibernate.SQL - 
    select
        csl1_0.parent_section_id,
        csl1_0.id,
        csl1_0.deleted,
        csl1_0.title 
    from
        section_table csl1_0 
    where
        csl1_0.parent_section_id=? 
        and (
            csl1_0.deleted = 0
        )
08:17:57.554 [https-jsse-nio-8443-exec-7] TRACE org.hibernate.orm.jdbc.bind - binding parameter (1:BIGINT) <- [52]
08:17:57.554 [https-jsse-nio-8443-exec-7] TRACE org.hibernate.orm.jdbc.extract - extracted value (1:BIGINT) -> [52]
08:17:57.554 [https-jsse-nio-8443-exec-7] TRACE org.hibernate.orm.jdbc.extract - extracted value (2:BIGINT) -> [53]
08:17:57.554 [https-jsse-nio-8443-exec-7] TRACE org.hibernate.orm.jdbc.extract - extracted value (3:BOOLEAN) -> [false]
08:17:57.554 [https-jsse-nio-8443-exec-7] TRACE org.hibernate.orm.jdbc.extract - extracted value (4:VARCHAR) -> [Q14]
08:17:57.554 [https-jsse-nio-8443-exec-7] DEBUG org.hibernate.SQL - 
    select
        csl1_0.parent_section_id,
        csl1_0.id,
        csl1_0.deleted,
        csl1_0.title 
    from
        section_table csl1_0 
    where
        csl1_0.parent_section_id=? 
        and (
            csl1_0.deleted = 0
        )
08:17:57.554 [https-jsse-nio-8443-exec-7] TRACE org.hibernate.orm.jdbc.bind - binding parameter (1:BIGINT) <- [53]
08:17:57.555 [https-jsse-nio-8443-exec-7] TRACE org.hibernate.orm.jdbc.extract - extracted value (1:BIGINT) -> [53]
08:17:57.555 [https-jsse-nio-8443-exec-7] TRACE org.hibernate.orm.jdbc.extract - extracted value (2:BIGINT) -> [55]
08:17:57.555 [https-jsse-nio-8443-exec-7] TRACE org.hibernate.orm.jdbc.extract - extracted value (3:BOOLEAN) -> [false]
08:17:57.555 [https-jsse-nio-8443-exec-7] TRACE org.hibernate.orm.jdbc.extract - extracted value (4:VARCHAR) -> [Q15]
08:17:57.555 [https-jsse-nio-8443-exec-7] DEBUG org.hibernate.SQL - 
    select
        csl1_0.parent_section_id,
        csl1_0.id,
        csl1_0.deleted,
        csl1_0.title 
    from
        section_table csl1_0 
    where
        csl1_0.parent_section_id=? 
        and (
            csl1_0.deleted = 0
        )
08:17:57.555 [https-jsse-nio-8443-exec-7] TRACE org.hibernate.orm.jdbc.bind - binding parameter (1:BIGINT) <- [55]
08:17:57.556 [https-jsse-nio-8443-exec-7] TRACE org.hibernate.orm.jdbc.extract - extracted value (1:BIGINT) -> [55]
08:17:57.556 [https-jsse-nio-8443-exec-7] TRACE org.hibernate.orm.jdbc.extract - extracted value (2:BIGINT) -> [56]
08:17:57.556 [https-jsse-nio-8443-exec-7] TRACE org.hibernate.orm.jdbc.extract - extracted value (3:BOOLEAN) -> [false]
08:17:57.556 [https-jsse-nio-8443-exec-7] TRACE org.hibernate.orm.jdbc.extract - extracted value (4:VARCHAR) -> [Q16]
08:17:57.556 [https-jsse-nio-8443-exec-7] DEBUG org.hibernate.SQL - 
    select
        csl1_0.parent_section_id,
        csl1_0.id,
        csl1_0.deleted,
        csl1_0.title 
    from
        section_table csl1_0 
    where
        csl1_0.parent_section_id=? 
        and (
            csl1_0.deleted = 0
        )
08:17:57.556 [https-jsse-nio-8443-exec-7] TRACE org.hibernate.orm.jdbc.bind - binding parameter (1:BIGINT) <- [56]
08:17:57.557 [https-jsse-nio-8443-exec-7] TRACE org.hibernate.orm.jdbc.extract - extracted value (1:BIGINT) -> [56]
08:17:57.557 [https-jsse-nio-8443-exec-7] TRACE org.hibernate.orm.jdbc.extract - extracted value (2:BIGINT) -> [57]
08:17:57.557 [https-jsse-nio-8443-exec-7] TRACE org.hibernate.orm.jdbc.extract - extracted value (3:BOOLEAN) -> [false]
08:17:57.557 [https-jsse-nio-8443-exec-7] TRACE org.hibernate.orm.jdbc.extract - extracted value (4:VARCHAR) -> [Q17]
08:17:57.557 [https-jsse-nio-8443-exec-7] DEBUG org.hibernate.SQL - 
    select
        csl1_0.parent_section_id,
        csl1_0.id,
        csl1_0.deleted,
        csl1_0.title 
    from
        section_table csl1_0 
    where
        csl1_0.parent_section_id=? 
        and (
            csl1_0.deleted = 0
        )
08:17:57.557 [https-jsse-nio-8443-exec-7] TRACE org.hibernate.orm.jdbc.bind - binding parameter (1:BIGINT) <- [57]
08:17:57.558 [https-jsse-nio-8443-exec-7] TRACE org.hibernate.orm.jdbc.extract - extracted value (1:BIGINT) -> [57]
08:17:57.558 [https-jsse-nio-8443-exec-7] TRACE org.hibernate.orm.jdbc.extract - extracted value (2:BIGINT) -> [59]
08:17:57.558 [https-jsse-nio-8443-exec-7] TRACE org.hibernate.orm.jdbc.extract - extracted value (3:BOOLEAN) -> [false]
08:17:57.558 [https-jsse-nio-8443-exec-7] TRACE org.hibernate.orm.jdbc.extract - extracted value (4:VARCHAR) -> [Q19]
08:17:57.558 [https-jsse-nio-8443-exec-7] DEBUG org.hibernate.SQL - 
    select
        csl1_0.parent_section_id,
        csl1_0.id,
        csl1_0.deleted,
        csl1_0.title 
    from
        section_table csl1_0 
    where
        csl1_0.parent_section_id=? 
        and (
            csl1_0.deleted = 0
        )
08:17:57.558 [https-jsse-nio-8443-exec-7] TRACE org.hibernate.orm.jdbc.bind - binding parameter (1:BIGINT) <- [59]
08:17:57.559 [https-jsse-nio-8443-exec-7] TRACE org.hibernate.orm.jdbc.extract - extracted value (1:BIGINT) -> [59]
08:17:57.559 [https-jsse-nio-8443-exec-7] TRACE org.hibernate.orm.jdbc.extract - extracted value (2:BIGINT) -> [62]
08:17:57.559 [https-jsse-nio-8443-exec-7] TRACE org.hibernate.orm.jdbc.extract - extracted value (3:BOOLEAN) -> [false]
08:17:57.559 [https-jsse-nio-8443-exec-7] TRACE org.hibernate.orm.jdbc.extract - extracted value (4:VARCHAR) -> [Q21]
08:17:57.559 [https-jsse-nio-8443-exec-7] DEBUG org.hibernate.SQL - 
    select
        csl1_0.parent_section_id,
        csl1_0.id,
        csl1_0.deleted,
        csl1_0.title 
    from
        section_table csl1_0 
    where
        csl1_0.parent_section_id=? 
        and (
            csl1_0.deleted = 0
        )
08:17:57.559 [https-jsse-nio-8443-exec-7] TRACE org.hibernate.orm.jdbc.bind - binding parameter (1:BIGINT) <- [62]
08:17:57.560 [https-jsse-nio-8443-exec-7] DEBUG org.hibernate.SQL - 
    select
        csl1_0.parent_section_id,
        csl1_0.id,
        csl1_0.deleted,
        csl1_0.title 
    from
        section_table csl1_0 
    where
        csl1_0.parent_section_id=? 
        and (
            csl1_0.deleted = 0
        )
08:17:57.560 [https-jsse-nio-8443-exec-7] TRACE org.hibernate.orm.jdbc.bind - binding parameter (1:BIGINT) <- [1]
08:17:57.560 [https-jsse-nio-8443-exec-7] TRACE org.hibernate.orm.jdbc.extract - extracted value (1:BIGINT) -> [1]
08:17:57.560 [https-jsse-nio-8443-exec-7] TRACE org.hibernate.orm.jdbc.extract - extracted value (2:BIGINT) -> [2]
08:17:57.560 [https-jsse-nio-8443-exec-7] TRACE org.hibernate.orm.jdbc.extract - extracted value (1:BIGINT) -> [1]
08:17:57.560 [https-jsse-nio-8443-exec-7] TRACE org.hibernate.orm.jdbc.extract - extracted value (2:BIGINT) -> [3]
08:17:57.560 [https-jsse-nio-8443-exec-7] TRACE org.hibernate.orm.jdbc.extract - extracted value (1:BIGINT) -> [1]
08:17:57.560 [https-jsse-nio-8443-exec-7] TRACE org.hibernate.orm.jdbc.extract - extracted value (2:BIGINT) -> [6]
08:17:57.560 [https-jsse-nio-8443-exec-7] DEBUG org.hibernate.SQL - 
    select
        csl1_0.parent_section_id,
        csl1_0.id,
        csl1_0.deleted,
        csl1_0.title 
    from
        section_table csl1_0 
    where
        csl1_0.parent_section_id=? 
        and (
            csl1_0.deleted = 0
        )
08:17:57.560 [https-jsse-nio-8443-exec-7] TRACE org.hibernate.orm.jdbc.bind - binding parameter (1:BIGINT) <- [7]
08:17:57.561 [https-jsse-nio-8443-exec-7] DEBUG org.hibernate.SQL - 
    select
        csl1_0.parent_section_id,
        csl1_0.id,
        csl1_0.deleted,
        csl1_0.title 
    from
        section_table csl1_0 
    where
        csl1_0.parent_section_id=? 
        and (
            csl1_0.deleted = 0
        )
08:17:57.561 [https-jsse-nio-8443-exec-7] TRACE org.hibernate.orm.jdbc.bind - binding parameter (1:BIGINT) <- [5]
08:17:57.561 [https-jsse-nio-8443-exec-7] DEBUG org.hibernate.SQL - 
    select
        csl1_0.parent_section_id,
        csl1_0.id,
        csl1_0.deleted,
        csl1_0.title 
    from
        section_table csl1_0 
    where
        csl1_0.parent_section_id=? 
        and (
            csl1_0.deleted = 0
        )
08:17:57.562 [https-jsse-nio-8443-exec-7] TRACE org.hibernate.orm.jdbc.bind - binding parameter (1:BIGINT) <- [4]
08:17:57.563 [https-jsse-nio-8443-exec-7] DEBUG org.hibernate.SQL - 
    /* <criteria> */ select
        count(t1_0.id) 
    from
        ticket_tbl t1_0 
    where
        (
            t1_0.deleted = 0
        ) 
        and 1=1
08:17:57.563 [https-jsse-nio-8443-exec-7] TRACE org.hibernate.orm.jdbc.extract - extracted value (1:BIGINT) -> [10]
08:17:57.563 [https-jsse-nio-8443-exec-7] DEBUG o.h.e.t.internal.TransactionImpl - committing
08:17:57.564 [https-jsse-nio-8443-exec-7] DEBUG o.s.jdbc.datasource.DataSourceUtils - Resetting read-only flag of JDBC Connection [HikariProxyConnection@785953324 wrapping oracle.jdbc.driver.T4CConnection@5f8cb559]
08:17:57.564 [https-jsse-nio-8443-exec-7] TRACE o.s.c.interceptor.CacheInterceptor - Computed cache key 'SimpleKey []' for operation Builder[public java.util.List ir.service.impl.SectionServiceImpl.findAllForFilter()] caches=[sectionsFilter] | key='' | keyGenerator='' | cacheManager='' | cacheResolver='' | condition='' | unless='' | sync='false'
08:17:57.564 [https-jsse-nio-8443-exec-7] TRACE o.s.c.interceptor.CacheInterceptor - Cache entry for key 'SimpleKey []' found in cache(s) [sectionsFilter]
08:17:57.564 [https-jsse-nio-8443-exec-7] INFO  i.c.exception.ResponseAspect - Web Controller: ticketsList
08:17:58.225 [https-jsse-nio-8443-exec-1] DEBUG o.s.security.web.FilterChainProxy - Securing GET /tickets/11
08:17:58.225 [https-jsse-nio-8443-exec-1] DEBUG o.s.s.w.a.c.ChannelProcessingFilter - Request: filter invocation [GET /tickets/11]; ConfigAttributes: [REQUIRES_SECURE_CHANNEL]
08:17:58.226 [https-jsse-nio-8443-exec-1] DEBUG o.s.s.w.c.HttpSessionSecurityContextRepository - Retrieved SecurityContextImpl [Authentication=UsernamePasswordAuthenticationToken [Principal=ir.model.entity.CustomUserDetails@1a88c3b8, Credentials=[PROTECTED], Authenticated=true, Details=WebAuthenticationDetails [RemoteIpAddress=0:0:0:0:0:0:0:1, SessionId=6590EDA7D1BB36FB06EF4EBE5988FA5A], Granted Authorities=[TICKET_EDIT, ROLE_ADMIN, TICKET_DELETE, TICKET_CREATE]]]
08:17:58.226 [https-jsse-nio-8443-exec-1] DEBUG o.s.security.web.FilterChainProxy - Secured GET /tickets/11
08:17:58.228 [https-jsse-nio-8443-exec-1] DEBUG o.s.jdbc.datasource.DataSourceUtils - Setting JDBC Connection [HikariProxyConnection@1956815614 wrapping oracle.jdbc.driver.T4CConnection@5f8cb559] read-only
08:17:58.228 [https-jsse-nio-8443-exec-1] DEBUG o.h.e.t.internal.TransactionImpl - On TransactionImpl creation, JpaCompliance#isJpaTransactionComplianceEnabled == false
08:17:58.228 [https-jsse-nio-8443-exec-1] DEBUG o.h.e.t.internal.TransactionImpl - begin
08:17:58.229 [https-jsse-nio-8443-exec-1] DEBUG org.hibernate.SQL - 
    select
        t1_0.id,
        c1_0.username,
        c1_0.account_non_expired,
        c1_0.account_non_locked,
        c1_0.credentials_expiry_date,
        c1_0.credentials_non_expired,
        c1_0.deleted,
        c1_0.enabled,
        c1_0.password,
        rs1_0.username,
        rs1_1.name,
        rs1_1.deleted,
        ps1_0.role_name,
        ps1_1.id,
        ps1_1.deleted,
        ps1_1.permission,
        t1_0.date_time,
        t1_0.deleted,
        t1_0.score,
        s1_0.id,
        s1_0.deleted,
        ps2_0.id,
        ps2_0.deleted,
        ps2_0.parent_section_id,
        ps2_0.title,
        s1_0.title,
        t1_0.status,
        t1_0.title 
    from
        ticket_tbl t1_0 
    left join
        user_tbl c1_0 
            on c1_0.username=t1_0.customer 
            and (c1_0.deleted = 0) 
    left join
        (user_role_tbl rs1_0 
    join
        role_tbl rs1_1 
            on rs1_1.name=rs1_0.role_name) 
        on c1_0.username=rs1_0.username 
        and ( rs1_1.deleted = 0) 
    left join
        (role_permission_tbl ps1_0 
    join
        permission_tbl ps1_1 
            on ps1_1.id=ps1_0.permission) 
        on rs1_1.name=ps1_0.role_name 
        and ( ps1_1.deleted = 0) 
    left join
        section_table s1_0 
            on s1_0.id=t1_0.section_id 
            and (s1_0.deleted = 0) 
    left join
        section_table ps2_0 
            on ps2_0.id=s1_0.parent_section_id 
            and (ps2_0.deleted = 0) 
    where
        t1_0.id=? 
        and (
            t1_0.deleted = 0
        )
08:17:58.229 [https-jsse-nio-8443-exec-1] TRACE org.hibernate.orm.jdbc.bind - binding parameter (1:BIGINT) <- [11]
08:17:58.229 [https-jsse-nio-8443-exec-1] TRACE org.hibernate.orm.jdbc.extract - extracted value (2:VARCHAR) -> [shirin]
08:17:58.229 [https-jsse-nio-8443-exec-1] TRACE org.hibernate.orm.jdbc.extract - extracted value (10:VARCHAR) -> [shirin]
08:17:58.230 [https-jsse-nio-8443-exec-1] TRACE org.hibernate.orm.jdbc.extract - extracted value (11:VARCHAR) -> [ROLE_CUSTOMER]
08:17:58.230 [https-jsse-nio-8443-exec-1] TRACE org.hibernate.orm.jdbc.extract - extracted value (13:VARCHAR) -> [ROLE_CUSTOMER]
08:17:58.230 [https-jsse-nio-8443-exec-1] TRACE org.hibernate.orm.jdbc.extract - extracted value (14:BIGINT) -> [5]
08:17:58.230 [https-jsse-nio-8443-exec-1] TRACE org.hibernate.orm.jdbc.extract - extracted value (20:BIGINT) -> [2]
08:17:58.230 [https-jsse-nio-8443-exec-1] TRACE org.hibernate.orm.jdbc.extract - extracted value (22:BIGINT) -> [1]
08:17:58.230 [https-jsse-nio-8443-exec-1] TRACE org.hibernate.orm.jdbc.extract - extracted value (24:BIGINT) -> [null]
08:17:58.230 [https-jsse-nio-8443-exec-1] TRACE org.hibernate.orm.jdbc.extract - extracted value (15:BOOLEAN) -> [false]
08:17:58.230 [https-jsse-nio-8443-exec-1] TRACE org.hibernate.orm.jdbc.extract - extracted value (16:VARCHAR) -> [TICKET_CREATE]
08:17:58.230 [https-jsse-nio-8443-exec-1] TRACE org.hibernate.orm.jdbc.extract - extracted value (12:BOOLEAN) -> [false]
08:17:58.230 [https-jsse-nio-8443-exec-1] TRACE org.hibernate.orm.jdbc.extract - extracted value (3:BOOLEAN) -> [true]
08:17:58.230 [https-jsse-nio-8443-exec-1] TRACE org.hibernate.orm.jdbc.extract - extracted value (4:BOOLEAN) -> [true]
08:17:58.230 [https-jsse-nio-8443-exec-1] TRACE org.hibernate.orm.jdbc.extract - extracted value (5:TIMESTAMP) -> [2026-02-15T12:38]
08:17:58.230 [https-jsse-nio-8443-exec-1] TRACE org.hibernate.orm.jdbc.extract - extracted value (6:BOOLEAN) -> [true]
08:17:58.230 [https-jsse-nio-8443-exec-1] TRACE org.hibernate.orm.jdbc.extract - extracted value (7:BOOLEAN) -> [false]
08:17:58.230 [https-jsse-nio-8443-exec-1] TRACE org.hibernate.orm.jdbc.extract - extracted value (8:BOOLEAN) -> [true]
08:17:58.230 [https-jsse-nio-8443-exec-1] TRACE org.hibernate.orm.jdbc.extract - extracted value (9:VARCHAR) -> [$2a$12$ycbWX6LGjFbEOG63G80LVeFa7BWTps7/MAiv7fsxhgfM7o4zJu7lC]
08:17:58.230 [https-jsse-nio-8443-exec-1] TRACE org.hibernate.orm.jdbc.extract - extracted value (23:BOOLEAN) -> [false]
08:17:58.230 [https-jsse-nio-8443-exec-1] TRACE org.hibernate.orm.jdbc.extract - extracted value (25:VARCHAR) -> [MAIN SECTION]
08:17:58.230 [https-jsse-nio-8443-exec-1] TRACE org.hibernate.orm.jdbc.extract - extracted value (21:BOOLEAN) -> [false]
08:17:58.230 [https-jsse-nio-8443-exec-1] TRACE org.hibernate.orm.jdbc.extract - extracted value (26:VARCHAR) -> [HSE]
08:17:58.231 [https-jsse-nio-8443-exec-1] TRACE org.hibernate.orm.jdbc.extract - extracted value (17:TIMESTAMP) -> [2025-08-17T23:33:37.500446]
08:17:58.231 [https-jsse-nio-8443-exec-1] TRACE org.hibernate.orm.jdbc.extract - extracted value (18:BOOLEAN) -> [false]
08:17:58.231 [https-jsse-nio-8443-exec-1] TRACE org.hibernate.orm.jdbc.extract - extracted value (19:INTEGER) -> [null]
08:17:58.231 [https-jsse-nio-8443-exec-1] TRACE org.hibernate.orm.jdbc.extract - extracted value (27:TINYINT) -> [Seen]
08:17:58.231 [https-jsse-nio-8443-exec-1] TRACE org.hibernate.orm.jdbc.extract - extracted value (28:VARCHAR) -> [customer test 1]
08:17:58.231 [https-jsse-nio-8443-exec-1] DEBUG org.hibernate.SQL - 
    select
        csl1_0.parent_section_id,
        csl1_0.id,
        csl1_0.deleted,
        csl1_0.title 
    from
        section_table csl1_0 
    where
        csl1_0.parent_section_id=? 
        and (
            csl1_0.deleted = 0
        )
08:17:58.231 [https-jsse-nio-8443-exec-1] TRACE org.hibernate.orm.jdbc.bind - binding parameter (1:BIGINT) <- [1]
08:17:58.232 [https-jsse-nio-8443-exec-1] TRACE org.hibernate.orm.jdbc.extract - extracted value (1:BIGINT) -> [1]
08:17:58.232 [https-jsse-nio-8443-exec-1] TRACE org.hibernate.orm.jdbc.extract - extracted value (2:BIGINT) -> [2]
08:17:58.232 [https-jsse-nio-8443-exec-1] TRACE org.hibernate.orm.jdbc.extract - extracted value (1:BIGINT) -> [1]
08:17:58.232 [https-jsse-nio-8443-exec-1] TRACE org.hibernate.orm.jdbc.extract - extracted value (2:BIGINT) -> [3]
08:17:58.232 [https-jsse-nio-8443-exec-1] TRACE org.hibernate.orm.jdbc.extract - extracted value (3:BOOLEAN) -> [false]
08:17:58.232 [https-jsse-nio-8443-exec-1] TRACE org.hibernate.orm.jdbc.extract - extracted value (4:VARCHAR) -> [TRANSPORT]
08:17:58.232 [https-jsse-nio-8443-exec-1] TRACE org.hibernate.orm.jdbc.extract - extracted value (1:BIGINT) -> [1]
08:17:58.232 [https-jsse-nio-8443-exec-1] TRACE org.hibernate.orm.jdbc.extract - extracted value (2:BIGINT) -> [6]
08:17:58.232 [https-jsse-nio-8443-exec-1] TRACE org.hibernate.orm.jdbc.extract - extracted value (3:BOOLEAN) -> [false]
08:17:58.232 [https-jsse-nio-8443-exec-1] TRACE org.hibernate.orm.jdbc.extract - extracted value (4:VARCHAR) -> [ARCHIVE]
08:17:58.232 [https-jsse-nio-8443-exec-1] DEBUG org.hibernate.SQL - 
    select
        csl1_0.parent_section_id,
        csl1_0.id,
        csl1_0.deleted,
        csl1_0.title 
    from
        section_table csl1_0 
    where
        csl1_0.parent_section_id=? 
        and (
            csl1_0.deleted = 0
        )
08:17:58.232 [https-jsse-nio-8443-exec-1] TRACE org.hibernate.orm.jdbc.bind - binding parameter (1:BIGINT) <- [6]
08:17:58.233 [https-jsse-nio-8443-exec-1] TRACE org.hibernate.orm.jdbc.extract - extracted value (1:BIGINT) -> [6]
08:17:58.233 [https-jsse-nio-8443-exec-1] TRACE org.hibernate.orm.jdbc.extract - extracted value (2:BIGINT) -> [51]
08:17:58.233 [https-jsse-nio-8443-exec-1] TRACE org.hibernate.orm.jdbc.extract - extracted value (3:BOOLEAN) -> [false]
08:17:58.233 [https-jsse-nio-8443-exec-1] TRACE org.hibernate.orm.jdbc.extract - extracted value (4:VARCHAR) -> [Q12]
08:17:58.233 [https-jsse-nio-8443-exec-1] DEBUG org.hibernate.SQL - 
    select
        csl1_0.parent_section_id,
        csl1_0.id,
        csl1_0.deleted,
        csl1_0.title 
    from
        section_table csl1_0 
    where
        csl1_0.parent_section_id=? 
        and (
            csl1_0.deleted = 0
        )
08:17:58.233 [https-jsse-nio-8443-exec-1] TRACE org.hibernate.orm.jdbc.bind - binding parameter (1:BIGINT) <- [51]
08:17:58.233 [https-jsse-nio-8443-exec-1] TRACE org.hibernate.orm.jdbc.extract - extracted value (1:BIGINT) -> [51]
08:17:58.233 [https-jsse-nio-8443-exec-1] TRACE org.hibernate.orm.jdbc.extract - extracted value (2:BIGINT) -> [52]
08:17:58.233 [https-jsse-nio-8443-exec-1] TRACE org.hibernate.orm.jdbc.extract - extracted value (3:BOOLEAN) -> [false]
08:17:58.233 [https-jsse-nio-8443-exec-1] TRACE org.hibernate.orm.jdbc.extract - extracted value (4:VARCHAR) -> [Q13]
08:17:58.234 [https-jsse-nio-8443-exec-1] DEBUG org.hibernate.SQL - 
    select
        csl1_0.parent_section_id,
        csl1_0.id,
        csl1_0.deleted,
        csl1_0.title 
    from
        section_table csl1_0 
    where
        csl1_0.parent_section_id=? 
        and (
            csl1_0.deleted = 0
        )
08:17:58.234 [https-jsse-nio-8443-exec-1] TRACE org.hibernate.orm.jdbc.bind - binding parameter (1:BIGINT) <- [52]
08:17:58.234 [https-jsse-nio-8443-exec-1] TRACE org.hibernate.orm.jdbc.extract - extracted value (1:BIGINT) -> [52]
08:17:58.234 [https-jsse-nio-8443-exec-1] TRACE org.hibernate.orm.jdbc.extract - extracted value (2:BIGINT) -> [53]
08:17:58.234 [https-jsse-nio-8443-exec-1] TRACE org.hibernate.orm.jdbc.extract - extracted value (3:BOOLEAN) -> [false]
08:17:58.234 [https-jsse-nio-8443-exec-1] TRACE org.hibernate.orm.jdbc.extract - extracted value (4:VARCHAR) -> [Q14]
08:17:58.234 [https-jsse-nio-8443-exec-1] DEBUG org.hibernate.SQL - 
    select
        csl1_0.parent_section_id,
        csl1_0.id,
        csl1_0.deleted,
        csl1_0.title 
    from
        section_table csl1_0 
    where
        csl1_0.parent_section_id=? 
        and (
            csl1_0.deleted = 0
        )
08:17:58.234 [https-jsse-nio-8443-exec-1] TRACE org.hibernate.orm.jdbc.bind - binding parameter (1:BIGINT) <- [53]
08:17:58.235 [https-jsse-nio-8443-exec-1] TRACE org.hibernate.orm.jdbc.extract - extracted value (1:BIGINT) -> [53]
08:17:58.235 [https-jsse-nio-8443-exec-1] TRACE org.hibernate.orm.jdbc.extract - extracted value (2:BIGINT) -> [55]
08:17:58.235 [https-jsse-nio-8443-exec-1] TRACE org.hibernate.orm.jdbc.extract - extracted value (3:BOOLEAN) -> [false]
08:17:58.235 [https-jsse-nio-8443-exec-1] TRACE org.hibernate.orm.jdbc.extract - extracted value (4:VARCHAR) -> [Q15]
08:17:58.235 [https-jsse-nio-8443-exec-1] DEBUG org.hibernate.SQL - 
    select
        csl1_0.parent_section_id,
        csl1_0.id,
        csl1_0.deleted,
        csl1_0.title 
    from
        section_table csl1_0 
    where
        csl1_0.parent_section_id=? 
        and (
            csl1_0.deleted = 0
        )
08:17:58.235 [https-jsse-nio-8443-exec-1] TRACE org.hibernate.orm.jdbc.bind - binding parameter (1:BIGINT) <- [55]
08:17:58.236 [https-jsse-nio-8443-exec-1] TRACE org.hibernate.orm.jdbc.extract - extracted value (1:BIGINT) -> [55]
08:17:58.236 [https-jsse-nio-8443-exec-1] TRACE org.hibernate.orm.jdbc.extract - extracted value (2:BIGINT) -> [56]
08:17:58.236 [https-jsse-nio-8443-exec-1] TRACE org.hibernate.orm.jdbc.extract - extracted value (3:BOOLEAN) -> [false]
08:17:58.236 [https-jsse-nio-8443-exec-1] TRACE org.hibernate.orm.jdbc.extract - extracted value (4:VARCHAR) -> [Q16]
08:17:58.236 [https-jsse-nio-8443-exec-1] DEBUG org.hibernate.SQL - 
    select
        csl1_0.parent_section_id,
        csl1_0.id,
        csl1_0.deleted,
        csl1_0.title 
    from
        section_table csl1_0 
    where
        csl1_0.parent_section_id=? 
        and (
            csl1_0.deleted = 0
        )
08:17:58.236 [https-jsse-nio-8443-exec-1] TRACE org.hibernate.orm.jdbc.bind - binding parameter (1:BIGINT) <- [56]
08:17:58.236 [https-jsse-nio-8443-exec-1] TRACE org.hibernate.orm.jdbc.extract - extracted value (1:BIGINT) -> [56]
08:17:58.236 [https-jsse-nio-8443-exec-1] TRACE org.hibernate.orm.jdbc.extract - extracted value (2:BIGINT) -> [57]
08:17:58.236 [https-jsse-nio-8443-exec-1] TRACE org.hibernate.orm.jdbc.extract - extracted value (3:BOOLEAN) -> [false]
08:17:58.236 [https-jsse-nio-8443-exec-1] TRACE org.hibernate.orm.jdbc.extract - extracted value (4:VARCHAR) -> [Q17]
08:17:58.236 [https-jsse-nio-8443-exec-1] DEBUG org.hibernate.SQL - 
    select
        csl1_0.parent_section_id,
        csl1_0.id,
        csl1_0.deleted,
        csl1_0.title 
    from
        section_table csl1_0 
    where
        csl1_0.parent_section_id=? 
        and (
            csl1_0.deleted = 0
        )
08:17:58.237 [https-jsse-nio-8443-exec-1] TRACE org.hibernate.orm.jdbc.bind - binding parameter (1:BIGINT) <- [57]
08:17:58.237 [https-jsse-nio-8443-exec-1] TRACE org.hibernate.orm.jdbc.extract - extracted value (1:BIGINT) -> [57]
08:17:58.237 [https-jsse-nio-8443-exec-1] TRACE org.hibernate.orm.jdbc.extract - extracted value (2:BIGINT) -> [59]
08:17:58.237 [https-jsse-nio-8443-exec-1] TRACE org.hibernate.orm.jdbc.extract - extracted value (3:BOOLEAN) -> [false]
08:17:58.237 [https-jsse-nio-8443-exec-1] TRACE org.hibernate.orm.jdbc.extract - extracted value (4:VARCHAR) -> [Q19]
08:17:58.238 [https-jsse-nio-8443-exec-1] DEBUG org.hibernate.SQL - 
    select
        csl1_0.parent_section_id,
        csl1_0.id,
        csl1_0.deleted,
        csl1_0.title 
    from
        section_table csl1_0 
    where
        csl1_0.parent_section_id=? 
        and (
            csl1_0.deleted = 0
        )
08:17:58.238 [https-jsse-nio-8443-exec-1] TRACE org.hibernate.orm.jdbc.bind - binding parameter (1:BIGINT) <- [59]
08:17:58.238 [https-jsse-nio-8443-exec-1] TRACE org.hibernate.orm.jdbc.extract - extracted value (1:BIGINT) -> [59]
08:17:58.238 [https-jsse-nio-8443-exec-1] TRACE org.hibernate.orm.jdbc.extract - extracted value (2:BIGINT) -> [62]
08:17:58.238 [https-jsse-nio-8443-exec-1] TRACE org.hibernate.orm.jdbc.extract - extracted value (3:BOOLEAN) -> [false]
08:17:58.238 [https-jsse-nio-8443-exec-1] TRACE org.hibernate.orm.jdbc.extract - extracted value (4:VARCHAR) -> [Q21]
08:17:58.238 [https-jsse-nio-8443-exec-1] DEBUG org.hibernate.SQL - 
    select
        csl1_0.parent_section_id,
        csl1_0.id,
        csl1_0.deleted,
        csl1_0.title 
    from
        section_table csl1_0 
    where
        csl1_0.parent_section_id=? 
        and (
            csl1_0.deleted = 0
        )
08:17:58.238 [https-jsse-nio-8443-exec-1] TRACE org.hibernate.orm.jdbc.bind - binding parameter (1:BIGINT) <- [62]
08:17:58.239 [https-jsse-nio-8443-exec-1] DEBUG org.hibernate.SQL - 
    select
        csl1_0.parent_section_id,
        csl1_0.id,
        csl1_0.deleted,
        csl1_0.title 
    from
        section_table csl1_0 
    where
        csl1_0.parent_section_id=? 
        and (
            csl1_0.deleted = 0
        )
08:17:58.239 [https-jsse-nio-8443-exec-1] TRACE org.hibernate.orm.jdbc.bind - binding parameter (1:BIGINT) <- [3]
08:17:58.239 [https-jsse-nio-8443-exec-1] TRACE org.hibernate.orm.jdbc.extract - extracted value (1:BIGINT) -> [3]
08:17:58.239 [https-jsse-nio-8443-exec-1] TRACE org.hibernate.orm.jdbc.extract - extracted value (2:BIGINT) -> [4]
08:17:58.239 [https-jsse-nio-8443-exec-1] TRACE org.hibernate.orm.jdbc.extract - extracted value (3:BOOLEAN) -> [false]
08:17:58.239 [https-jsse-nio-8443-exec-1] TRACE org.hibernate.orm.jdbc.extract - extracted value (4:VARCHAR) -> [BUS]
08:17:58.239 [https-jsse-nio-8443-exec-1] TRACE org.hibernate.orm.jdbc.extract - extracted value (1:BIGINT) -> [3]
08:17:58.239 [https-jsse-nio-8443-exec-1] TRACE org.hibernate.orm.jdbc.extract - extracted value (2:BIGINT) -> [5]
08:17:58.239 [https-jsse-nio-8443-exec-1] TRACE org.hibernate.orm.jdbc.extract - extracted value (3:BOOLEAN) -> [false]
08:17:58.240 [https-jsse-nio-8443-exec-1] TRACE org.hibernate.orm.jdbc.extract - extracted value (4:VARCHAR) -> [TAXI]
08:17:58.240 [https-jsse-nio-8443-exec-1] TRACE org.hibernate.orm.jdbc.extract - extracted value (1:BIGINT) -> [3]
08:17:58.240 [https-jsse-nio-8443-exec-1] TRACE org.hibernate.orm.jdbc.extract - extracted value (2:BIGINT) -> [7]
08:17:58.240 [https-jsse-nio-8443-exec-1] TRACE org.hibernate.orm.jdbc.extract - extracted value (3:BOOLEAN) -> [false]
08:17:58.240 [https-jsse-nio-8443-exec-1] TRACE org.hibernate.orm.jdbc.extract - extracted value (4:VARCHAR) -> [TRAIN]
08:17:58.240 [https-jsse-nio-8443-exec-1] DEBUG org.hibernate.SQL - 
    select
        csl1_0.parent_section_id,
        csl1_0.id,
        csl1_0.deleted,
        csl1_0.title 
    from
        section_table csl1_0 
    where
        csl1_0.parent_section_id=? 
        and (
            csl1_0.deleted = 0
        )
08:17:58.240 [https-jsse-nio-8443-exec-1] TRACE org.hibernate.orm.jdbc.bind - binding parameter (1:BIGINT) <- [7]
08:17:58.240 [https-jsse-nio-8443-exec-1] DEBUG org.hibernate.SQL - 
    select
        csl1_0.parent_section_id,
        csl1_0.id,
        csl1_0.deleted,
        csl1_0.title 
    from
        section_table csl1_0 
    where
        csl1_0.parent_section_id=? 
        and (
            csl1_0.deleted = 0
        )
08:17:58.240 [https-jsse-nio-8443-exec-1] TRACE org.hibernate.orm.jdbc.bind - binding parameter (1:BIGINT) <- [5]
08:17:58.241 [https-jsse-nio-8443-exec-1] DEBUG org.hibernate.SQL - 
    select
        csl1_0.parent_section_id,
        csl1_0.id,
        csl1_0.deleted,
        csl1_0.title 
    from
        section_table csl1_0 
    where
        csl1_0.parent_section_id=? 
        and (
            csl1_0.deleted = 0
        )
08:17:58.241 [https-jsse-nio-8443-exec-1] TRACE org.hibernate.orm.jdbc.bind - binding parameter (1:BIGINT) <- [4]
08:17:58.241 [https-jsse-nio-8443-exec-1] DEBUG org.hibernate.SQL - 
    select
        csl1_0.parent_section_id,
        csl1_0.id,
        csl1_0.deleted,
        csl1_0.title 
    from
        section_table csl1_0 
    where
        csl1_0.parent_section_id=? 
        and (
            csl1_0.deleted = 0
        )
08:17:58.241 [https-jsse-nio-8443-exec-1] TRACE org.hibernate.orm.jdbc.bind - binding parameter (1:BIGINT) <- [2]
08:17:58.242 [https-jsse-nio-8443-exec-1] DEBUG o.h.e.t.internal.TransactionImpl - committing
08:17:58.242 [https-jsse-nio-8443-exec-1] DEBUG o.s.jdbc.datasource.DataSourceUtils - Resetting read-only flag of JDBC Connection [HikariProxyConnection@1956815614 wrapping oracle.jdbc.driver.T4CConnection@5f8cb559]
08:17:58.242 [https-jsse-nio-8443-exec-1] INFO  i.c.exception.ResponseAspect - Web Controller: showTicketMessages
08:17:58.247 [https-jsse-nio-8443-exec-1] DEBUG org.hibernate.SQL - 
    select
        ml1_0.ticket_id,
        ml1_0.id,
        ml1_0.content,
        ml1_0.date_time,
        ml1_0.deleted,
        ml1_0.sender_role_name,
        ml1_0.sender_username,
        ml1_0.username 
    from
        message_tbl ml1_0 
    where
        ml1_0.ticket_id=? 
        and (
            ml1_0.deleted = 0
        )
08:17:58.247 [https-jsse-nio-8443-exec-1] TRACE org.hibernate.orm.jdbc.bind - binding parameter (1:BIGINT) <- [11]
08:17:58.247 [https-jsse-nio-8443-exec-1] TRACE org.hibernate.orm.jdbc.extract - extracted value (1:BIGINT) -> [11]
08:17:58.247 [https-jsse-nio-8443-exec-1] TRACE org.hibernate.orm.jdbc.extract - extracted value (2:BIGINT) -> [11]
08:17:58.248 [https-jsse-nio-8443-exec-1] TRACE org.hibernate.orm.jdbc.extract - extracted value (8:VARCHAR) -> [shirin]
08:17:58.248 [https-jsse-nio-8443-exec-1] TRACE org.hibernate.orm.jdbc.extract - extracted value (3:VARCHAR) -> [hi this is a test ticket]
08:17:58.248 [https-jsse-nio-8443-exec-1] TRACE org.hibernate.orm.jdbc.extract - extracted value (4:TIMESTAMP) -> [2025-08-17T23:33:37.501389]
08:17:58.248 [https-jsse-nio-8443-exec-1] TRACE org.hibernate.orm.jdbc.extract - extracted value (5:BOOLEAN) -> [false]
08:17:58.248 [https-jsse-nio-8443-exec-1] TRACE org.hibernate.orm.jdbc.extract - extracted value (6:VARCHAR) -> [ROLE_CUSTOMER]
08:17:58.248 [https-jsse-nio-8443-exec-1] TRACE org.hibernate.orm.jdbc.extract - extracted value (7:VARCHAR) -> [shirin]
08:17:58.260 [https-jsse-nio-8443-exec-10] DEBUG o.s.security.web.FilterChainProxy - Securing GET /css/reset.css
08:17:58.260 [https-jsse-nio-8443-exec-10] DEBUG o.s.s.w.a.c.ChannelProcessingFilter - Request: filter invocation [GET /css/reset.css]; ConfigAttributes: [REQUIRES_SECURE_CHANNEL]
08:17:58.261 [https-jsse-nio-8443-exec-10] DEBUG o.s.security.web.FilterChainProxy - Secured GET /css/reset.css
08:17:58.262 [https-jsse-nio-8443-exec-10] DEBUG o.s.s.w.c.HttpSessionSecurityContextRepository - Retrieved SecurityContextImpl [Authentication=UsernamePasswordAuthenticationToken [Principal=ir.model.entity.CustomUserDetails@1a88c3b8, Credentials=[PROTECTED], Authenticated=true, Details=WebAuthenticationDetails [RemoteIpAddress=0:0:0:0:0:0:0:1, SessionId=6590EDA7D1BB36FB06EF4EBE5988FA5A], Granted Authorities=[TICKET_EDIT, ROLE_ADMIN, TICKET_DELETE, TICKET_CREATE]]]
08:17:58.264 [https-jsse-nio-8443-exec-4] DEBUG o.s.security.web.FilterChainProxy - Securing GET /css/bootstrap.min.css
08:17:58.264 [https-jsse-nio-8443-exec-9] DEBUG o.s.security.web.FilterChainProxy - Securing GET /css/fontawesome.css
08:17:58.264 [https-jsse-nio-8443-exec-3] DEBUG o.s.security.web.FilterChainProxy - Securing GET /css/toast.css
08:17:58.264 [https-jsse-nio-8443-exec-4] DEBUG o.s.s.w.a.c.ChannelProcessingFilter - Request: filter invocation [GET /css/bootstrap.min.css]; ConfigAttributes: [REQUIRES_SECURE_CHANNEL]
08:17:58.264 [https-jsse-nio-8443-exec-6] DEBUG o.s.security.web.FilterChainProxy - Securing GET /css/fonts.min.css
08:17:58.264 [https-jsse-nio-8443-exec-9] DEBUG o.s.s.w.a.c.ChannelProcessingFilter - Request: filter invocation [GET /css/fontawesome.css]; ConfigAttributes: [REQUIRES_SECURE_CHANNEL]
08:17:58.264 [https-jsse-nio-8443-exec-3] DEBUG o.s.s.w.a.c.ChannelProcessingFilter - Request: filter invocation [GET /css/toast.css]; ConfigAttributes: [REQUIRES_SECURE_CHANNEL]
08:17:58.265 [https-jsse-nio-8443-exec-6] DEBUG o.s.s.w.a.c.ChannelProcessingFilter - Request: filter invocation [GET /css/fonts.min.css]; ConfigAttributes: [REQUIRES_SECURE_CHANNEL]
08:17:58.265 [https-jsse-nio-8443-exec-4] DEBUG o.s.security.web.FilterChainProxy - Secured GET /css/bootstrap.min.css
08:17:58.265 [https-jsse-nio-8443-exec-9] DEBUG o.s.security.web.FilterChainProxy - Secured GET /css/fontawesome.css
08:17:58.265 [https-jsse-nio-8443-exec-3] DEBUG o.s.security.web.FilterChainProxy - Secured GET /css/toast.css
08:17:58.265 [https-jsse-nio-8443-exec-6] DEBUG o.s.security.web.FilterChainProxy - Secured GET /css/fonts.min.css
08:17:58.265 [https-jsse-nio-8443-exec-8] DEBUG o.s.security.web.FilterChainProxy - Securing GET /css/styles.css
08:17:58.266 [https-jsse-nio-8443-exec-8] DEBUG o.s.s.w.a.c.ChannelProcessingFilter - Request: filter invocation [GET /css/styles.css]; ConfigAttributes: [REQUIRES_SECURE_CHANNEL]
08:17:58.266 [https-jsse-nio-8443-exec-5] DEBUG o.s.security.web.FilterChainProxy - Securing GET /icons/mftlogo.png
08:17:58.266 [https-jsse-nio-8443-exec-5] DEBUG o.s.s.w.a.c.ChannelProcessingFilter - Request: filter invocation [GET /icons/mftlogo.png]; ConfigAttributes: [REQUIRES_SECURE_CHANNEL]
08:17:58.266 [https-jsse-nio-8443-exec-8] DEBUG o.s.security.web.FilterChainProxy - Secured GET /css/styles.css
08:17:58.266 [https-jsse-nio-8443-exec-3] DEBUG o.s.s.w.c.HttpSessionSecurityContextRepository - Retrieved SecurityContextImpl [Authentication=UsernamePasswordAuthenticationToken [Principal=ir.model.entity.CustomUserDetails@1a88c3b8, Credentials=[PROTECTED], Authenticated=true, Details=WebAuthenticationDetails [RemoteIpAddress=0:0:0:0:0:0:0:1, SessionId=6590EDA7D1BB36FB06EF4EBE5988FA5A], Granted Authorities=[TICKET_EDIT, ROLE_ADMIN, TICKET_DELETE, TICKET_CREATE]]]
08:17:58.266 [https-jsse-nio-8443-exec-5] DEBUG o.s.security.web.FilterChainProxy - Secured GET /icons/mftlogo.png
08:17:58.267 [https-jsse-nio-8443-exec-6] DEBUG o.s.s.w.c.HttpSessionSecurityContextRepository - Retrieved SecurityContextImpl [Authentication=UsernamePasswordAuthenticationToken [Principal=ir.model.entity.CustomUserDetails@1a88c3b8, Credentials=[PROTECTED], Authenticated=true, Details=WebAuthenticationDetails [RemoteIpAddress=0:0:0:0:0:0:0:1, SessionId=6590EDA7D1BB36FB06EF4EBE5988FA5A], Granted Authorities=[TICKET_EDIT, ROLE_ADMIN, TICKET_DELETE, TICKET_CREATE]]]
08:17:58.268 [https-jsse-nio-8443-exec-8] DEBUG o.s.s.w.c.HttpSessionSecurityContextRepository - Retrieved SecurityContextImpl [Authentication=UsernamePasswordAuthenticationToken [Principal=ir.model.entity.CustomUserDetails@1a88c3b8, Credentials=[PROTECTED], Authenticated=true, Details=WebAuthenticationDetails [RemoteIpAddress=0:0:0:0:0:0:0:1, SessionId=6590EDA7D1BB36FB06EF4EBE5988FA5A], Granted Authorities=[TICKET_EDIT, ROLE_ADMIN, TICKET_DELETE, TICKET_CREATE]]]
08:17:58.269 [https-jsse-nio-8443-exec-2] DEBUG o.s.security.web.FilterChainProxy - Securing GET /js/bootstrap.bundle.min.js
08:17:58.269 [https-jsse-nio-8443-exec-2] DEBUG o.s.s.w.a.c.ChannelProcessingFilter - Request: filter invocation [GET /js/bootstrap.bundle.min.js]; ConfigAttributes: [REQUIRES_SECURE_CHANNEL]
08:17:58.269 [https-jsse-nio-8443-exec-8] DEBUG o.s.security.web.FilterChainProxy - Securing GET /js/fontawesome.js
08:17:58.269 [https-jsse-nio-8443-exec-2] DEBUG o.s.security.web.FilterChainProxy - Secured GET /js/bootstrap.bundle.min.js
08:17:58.269 [https-jsse-nio-8443-exec-8] DEBUG o.s.s.w.a.c.ChannelProcessingFilter - Request: filter invocation [GET /js/fontawesome.js]; ConfigAttributes: [REQUIRES_SECURE_CHANNEL]
08:17:58.269 [https-jsse-nio-8443-exec-1] DEBUG o.s.security.web.FilterChainProxy - Securing GET /js/toast.js
08:17:58.269 [https-jsse-nio-8443-exec-1] DEBUG o.s.s.w.a.c.ChannelProcessingFilter - Request: filter invocation [GET /js/toast.js]; ConfigAttributes: [REQUIRES_SECURE_CHANNEL]
08:17:58.270 [https-jsse-nio-8443-exec-1] DEBUG o.s.security.web.FilterChainProxy - Secured GET /js/toast.js
08:17:58.270 [https-jsse-nio-8443-exec-8] DEBUG o.s.security.web.FilterChainProxy - Secured GET /js/fontawesome.js
08:17:58.270 [https-jsse-nio-8443-exec-5] DEBUG o.s.s.w.c.HttpSessionSecurityContextRepository - Retrieved SecurityContextImpl [Authentication=UsernamePasswordAuthenticationToken [Principal=ir.model.entity.CustomUserDetails@1a88c3b8, Credentials=[PROTECTED], Authenticated=true, Details=WebAuthenticationDetails [RemoteIpAddress=0:0:0:0:0:0:0:1, SessionId=6590EDA7D1BB36FB06EF4EBE5988FA5A], Granted Authorities=[TICKET_EDIT, ROLE_ADMIN, TICKET_DELETE, TICKET_CREATE]]]
08:17:58.271 [https-jsse-nio-8443-exec-1] DEBUG o.s.s.w.c.HttpSessionSecurityContextRepository - Retrieved SecurityContextImpl [Authentication=UsernamePasswordAuthenticationToken [Principal=ir.model.entity.CustomUserDetails@1a88c3b8, Credentials=[PROTECTED], Authenticated=true, Details=WebAuthenticationDetails [RemoteIpAddress=0:0:0:0:0:0:0:1, SessionId=6590EDA7D1BB36FB06EF4EBE5988FA5A], Granted Authorities=[TICKET_EDIT, ROLE_ADMIN, TICKET_DELETE, TICKET_CREATE]]]
08:17:58.272 [https-jsse-nio-8443-exec-10] DEBUG o.s.security.web.FilterChainProxy - Securing GET /js/script.js
08:17:58.272 [https-jsse-nio-8443-exec-10] DEBUG o.s.s.w.a.c.ChannelProcessingFilter - Request: filter invocation [GET /js/script.js]; ConfigAttributes: [REQUIRES_SECURE_CHANNEL]
08:17:58.272 [https-jsse-nio-8443-exec-10] DEBUG o.s.security.web.FilterChainProxy - Secured GET /js/script.js
08:17:58.273 [https-jsse-nio-8443-exec-3] DEBUG o.s.security.web.FilterChainProxy - Securing GET /js/messages.js
08:17:58.273 [https-jsse-nio-8443-exec-3] DEBUG o.s.s.w.a.c.ChannelProcessingFilter - Request: filter invocation [GET /js/messages.js]; ConfigAttributes: [REQUIRES_SECURE_CHANNEL]
08:17:58.273 [https-jsse-nio-8443-exec-3] DEBUG o.s.security.web.FilterChainProxy - Secured GET /js/messages.js
08:17:58.274 [https-jsse-nio-8443-exec-10] DEBUG o.s.s.w.c.HttpSessionSecurityContextRepository - Retrieved SecurityContextImpl [Authentication=UsernamePasswordAuthenticationToken [Principal=ir.model.entity.CustomUserDetails@1a88c3b8, Credentials=[PROTECTED], Authenticated=true, Details=WebAuthenticationDetails [RemoteIpAddress=0:0:0:0:0:0:0:1, SessionId=6590EDA7D1BB36FB06EF4EBE5988FA5A], Granted Authorities=[TICKET_EDIT, ROLE_ADMIN, TICKET_DELETE, TICKET_CREATE]]]
08:17:58.274 [https-jsse-nio-8443-exec-3] DEBUG o.s.s.w.c.HttpSessionSecurityContextRepository - Retrieved SecurityContextImpl [Authentication=UsernamePasswordAuthenticationToken [Principal=ir.model.entity.CustomUserDetails@1a88c3b8, Credentials=[PROTECTED], Authenticated=true, Details=WebAuthenticationDetails [RemoteIpAddress=0:0:0:0:0:0:0:1, SessionId=6590EDA7D1BB36FB06EF4EBE5988FA5A], Granted Authorities=[TICKET_EDIT, ROLE_ADMIN, TICKET_DELETE, TICKET_CREATE]]]
08:17:58.275 [https-jsse-nio-8443-exec-3] DEBUG o.s.security.web.FilterChainProxy - Securing GET /error
08:17:58.275 [https-jsse-nio-8443-exec-3] DEBUG o.s.s.w.a.c.ChannelProcessingFilter - Request: filter invocation [GET /error]; ConfigAttributes: [REQUIRES_SECURE_CHANNEL]
08:17:58.276 [https-jsse-nio-8443-exec-3] DEBUG o.s.s.w.c.HttpSessionSecurityContextRepository - Retrieved SecurityContextImpl [Authentication=UsernamePasswordAuthenticationToken [Principal=ir.model.entity.CustomUserDetails@1a88c3b8, Credentials=[PROTECTED], Authenticated=true, Details=WebAuthenticationDetails [RemoteIpAddress=0:0:0:0:0:0:0:1, SessionId=6590EDA7D1BB36FB06EF4EBE5988FA5A], Granted Authorities=[TICKET_EDIT, ROLE_ADMIN, TICKET_DELETE, TICKET_CREATE]]]
08:17:58.276 [https-jsse-nio-8443-exec-3] DEBUG o.s.security.web.FilterChainProxy - Secured GET /error
08:17:58.278 [https-jsse-nio-8443-exec-2] DEBUG o.s.s.w.c.HttpSessionSecurityContextRepository - Retrieved SecurityContextImpl [Authentication=UsernamePasswordAuthenticationToken [Principal=ir.model.entity.CustomUserDetails@1a88c3b8, Credentials=[PROTECTED], Authenticated=true, Details=WebAuthenticationDetails [RemoteIpAddress=0:0:0:0:0:0:0:1, SessionId=6590EDA7D1BB36FB06EF4EBE5988FA5A], Granted Authorities=[TICKET_EDIT, ROLE_ADMIN, TICKET_DELETE, TICKET_CREATE]]]
08:17:58.283 [https-jsse-nio-8443-exec-4] DEBUG o.s.s.w.c.HttpSessionSecurityContextRepository - Retrieved SecurityContextImpl [Authentication=UsernamePasswordAuthenticationToken [Principal=ir.model.entity.CustomUserDetails@1a88c3b8, Credentials=[PROTECTED], Authenticated=true, Details=WebAuthenticationDetails [RemoteIpAddress=0:0:0:0:0:0:0:1, SessionId=6590EDA7D1BB36FB06EF4EBE5988FA5A], Granted Authorities=[TICKET_EDIT, ROLE_ADMIN, TICKET_DELETE, TICKET_CREATE]]]
08:17:58.294 [https-jsse-nio-8443-exec-9] DEBUG o.s.s.w.c.HttpSessionSecurityContextRepository - Retrieved SecurityContextImpl [Authentication=UsernamePasswordAuthenticationToken [Principal=ir.model.entity.CustomUserDetails@1a88c3b8, Credentials=[PROTECTED], Authenticated=true, Details=WebAuthenticationDetails [RemoteIpAddress=0:0:0:0:0:0:0:1, SessionId=6590EDA7D1BB36FB06EF4EBE5988FA5A], Granted Authorities=[TICKET_EDIT, ROLE_ADMIN, TICKET_DELETE, TICKET_CREATE]]]
08:17:58.315 [https-jsse-nio-8443-exec-7] DEBUG o.s.security.web.FilterChainProxy - Securing GET /webfonts/fa-brands-400.woff2
08:17:58.315 [https-jsse-nio-8443-exec-6] DEBUG o.s.security.web.FilterChainProxy - Securing GET /webfonts/fa-solid-900.woff2
08:17:58.315 [https-jsse-nio-8443-exec-7] DEBUG o.s.s.w.a.c.ChannelProcessingFilter - Request: filter invocation [GET /webfonts/fa-brands-400.woff2]; ConfigAttributes: [REQUIRES_SECURE_CHANNEL]
08:17:58.315 [https-jsse-nio-8443-exec-6] DEBUG o.s.s.w.a.c.ChannelProcessingFilter - Request: filter invocation [GET /webfonts/fa-solid-900.woff2]; ConfigAttributes: [REQUIRES_SECURE_CHANNEL]
08:17:58.316 [https-jsse-nio-8443-exec-6] DEBUG o.s.s.w.c.HttpSessionSecurityContextRepository - Retrieved SecurityContextImpl [Authentication=UsernamePasswordAuthenticationToken [Principal=ir.model.entity.CustomUserDetails@1a88c3b8, Credentials=[PROTECTED], Authenticated=true, Details=WebAuthenticationDetails [RemoteIpAddress=0:0:0:0:0:0:0:1, SessionId=6590EDA7D1BB36FB06EF4EBE5988FA5A], Granted Authorities=[TICKET_EDIT, ROLE_ADMIN, TICKET_DELETE, TICKET_CREATE]]]
08:17:58.316 [https-jsse-nio-8443-exec-7] DEBUG o.s.s.w.c.HttpSessionSecurityContextRepository - Retrieved SecurityContextImpl [Authentication=UsernamePasswordAuthenticationToken [Principal=ir.model.entity.CustomUserDetails@1a88c3b8, Credentials=[PROTECTED], Authenticated=true, Details=WebAuthenticationDetails [RemoteIpAddress=0:0:0:0:0:0:0:1, SessionId=6590EDA7D1BB36FB06EF4EBE5988FA5A], Granted Authorities=[TICKET_EDIT, ROLE_ADMIN, TICKET_DELETE, TICKET_CREATE]]]
08:17:58.316 [https-jsse-nio-8443-exec-7] DEBUG o.s.security.web.FilterChainProxy - Secured GET /webfonts/fa-brands-400.woff2
08:17:58.316 [https-jsse-nio-8443-exec-6] DEBUG o.s.security.web.FilterChainProxy - Secured GET /webfonts/fa-solid-900.woff2
08:17:58.781 [https-jsse-nio-8443-exec-8] DEBUG o.s.s.w.c.HttpSessionSecurityContextRepository - Retrieved SecurityContextImpl [Authentication=UsernamePasswordAuthenticationToken [Principal=ir.model.entity.CustomUserDetails@1a88c3b8, Credentials=[PROTECTED], Authenticated=true, Details=WebAuthenticationDetails [RemoteIpAddress=0:0:0:0:0:0:0:1, SessionId=6590EDA7D1BB36FB06EF4EBE5988FA5A], Granted Authorities=[TICKET_EDIT, ROLE_ADMIN, TICKET_DELETE, TICKET_CREATE]]]
08:18:38.751 [SpringApplicationShutdownHook] INFO  o.s.b.w.e.tomcat.GracefulShutdown - Commencing graceful shutdown. Waiting for active requests to complete
08:18:39.021 [tomcat-shutdown] INFO  o.s.b.w.e.tomcat.GracefulShutdown - Graceful shutdown complete
08:18:39.039 [SpringApplicationShutdownHook] INFO  o.s.o.j.LocalContainerEntityManagerFactoryBean - Closing JPA EntityManagerFactory for persistence unit 'default'
08:18:39.041 [SpringApplicationShutdownHook] INFO  com.zaxxer.hikari.HikariDataSource - HikariPool-1 - Shutdown initiated...
08:18:39.051 [SpringApplicationShutdownHook] INFO  com.zaxxer.hikari.HikariDataSource - HikariPool-1 - Shutdown completed.
